protocol_id,page,cb_ix,tb_ix,pattern,segmentation,who
prot-198687--62,0,3,,,metadata,
prot-198687--62,0,4,,,metadata,
prot-198687--62,0,11,,,metadata,
prot-198687--62,2,2,,,metadata,
prot-198687--62,2,3,,,metadata,
prot-198687--62,2,6,,,metadata,
prot-198687--62,2,7,,,metadata,
prot-198687--62,2,12,,,metadata,
prot-198687--62,3,1,,,metadata,
prot-198687--62,3,2,,,metadata,
prot-198687--62,3,3,,,metadata,
prot-198687--62,3,6,,f0d538d10bda4e34,speech_start,Britta Bjelle
prot-198687--62,4,4,,,metadata,
prot-198687--62,5,2,,f0d538d10bda4e34,speech_start,Britta Bjelle
prot-198687--62,5,6,,,metadata,
prot-198687--62,6,2,,f0d538d10bda4e34,speech_start,Britta Bjelle
prot-198687--62,6,5,,,metadata,
prot-198687--62,6,6,,,metadata,
prot-198687--62,7,2,,,metadata,
prot-198687--62,7,3,,,metadata,
prot-198687--62,7,7,,,metadata,
prot-198687--62,7,11,,f0d538d10bda4e34,speech_start,Rosa Östh
prot-198687--62,8,1,,,metadata,
prot-198687--62,8,2,,,metadata,
prot-198687--62,9,2,,,metadata,
prot-198687--62,9,4,,,metadata,
prot-198687--62,10,2,,f0d538d10bda4e34,speech_start,Rosa Östh
prot-198687--62,10,4,,f0d538d10bda4e34,speech_start,Rosa Östh
prot-198687--62,10,5,,,metadata,
prot-198687--62,10,6,,,metadata,
prot-198687--62,10,7,,,metadata,
prot-198687--62,10,8,,,metadata,
prot-198687--62,10,9,,,metadata,
prot-198687--62,10,11,,,metadata,
prot-198687--62,11,2,,,metadata,
prot-198687--62,11,4,,,metadata,
prot-198687--62,11,5,,,metadata,
prot-198687--62,11,8,,,metadata,
prot-198687--62,12,5,,f0d538d10bda4e34,speech_start,
prot-198687--62,12,6,,,metadata,
prot-198687--62,12,8,,,metadata,
prot-198687--62,13,1,,,metadata,
prot-198687--62,13,3,,,metadata,
prot-198687--62,13,4,,,metadata,
prot-198687--62,14,1,,f0d538d10bda4e34,speech_start,Gunhild Bolander
prot-198687--62,14,3,,,metadata,
prot-198687--62,14,4,,,metadata,
prot-198687--62,14,6,,,metadata,
prot-198687--62,15,2,,,metadata,
prot-198687--62,15,4,,,metadata,
prot-198687--62,15,5,,,metadata,
prot-198687--62,16,2,,f0d538d10bda4e34,speech_start,Ingrid Hasselström Nyvall
prot-198687--62,16,3,,,metadata,
prot-198687--62,16,5,,,metadata,
prot-198687--62,17,1,,,metadata,
prot-198687--62,17,3,,,metadata,
prot-198687--62,17,4,,,metadata,
prot-198687--62,18,4,,f0d538d10bda4e34,speech_start,
prot-198687--62,18,6,,,metadata,
prot-198687--62,19,4,,f0d538d10bda4e34,speech_start,Gunhild Bolander
prot-198687--62,19,6,,,metadata,
prot-198687--62,20,0,,,metadata,
prot-198687--62,20,2,,f0d538d10bda4e34,speech_start,Ingrid Hasselström Nyvall
prot-198687--62,20,4,,,metadata,
prot-198687--62,20,7,,,metadata,
prot-198687--62,21,1,,,metadata,
prot-198687--62,21,3,,,metadata,
prot-198687--62,21,4,,,metadata,
prot-198687--62,21,8,,f0d538d10bda4e34,speech_start,
prot-198687--62,22,0,,,metadata,
prot-198687--62,22,3,,f0d538d10bda4e34,speech_start,Gunhild Bolander
prot-198687--62,22,5,,,metadata,
prot-198687--62,22,7,,,metadata,
prot-198687--62,22,9,,,metadata,
prot-198687--62,23,2,,,metadata,
prot-198687--62,23,3,,,metadata,
prot-198687--62,23,5,,,metadata,
prot-198687--62,23,7,,f0d538d10bda4e34,speech_start,Jörn Svensson
prot-198687--62,24,3,,f0d538d10bda4e34,speech_start,Kaj Larsson
prot-198687--62,24,4,,,metadata,
prot-198687--62,24,6,,,metadata,
prot-198687--62,25,1,,,metadata,
prot-198687--62,25,2,,,metadata,
prot-198687--62,25,4,,,metadata,
prot-198687--62,26,3,,f0d538d10bda4e34,speech_start,Jörn Svensson
prot-198687--62,26,4,,,metadata,
prot-198687--62,27,1,,,metadata,
prot-198687--62,27,2,,,metadata,
prot-198687--62,28,3,,f0d538d10bda4e34,speech_start,Jörn Svensson
prot-198687--62,29,1,,,metadata,
prot-198687--62,29,2,,,metadata,
prot-198687--62,29,8,,,metadata,
prot-198687--62,29,10,,,metadata,
prot-198687--62,29,11,,,metadata,
prot-198687--62,29,12,,,metadata,
prot-198687--62,29,13,,,metadata,
prot-198687--62,29,15,,,metadata,
prot-198687--62,29,16,,,metadata,
prot-198687--62,30,1,,,metadata,
prot-198687--62,30,2,,,metadata,
prot-198687--62,30,3,,,metadata,
prot-198687--62,30,4,,,metadata,
prot-198687--62,30,5,,,metadata,
prot-198687--62,30,6,,,metadata,
prot-198687--62,30,7,,,metadata,
prot-198687--62,30,8,,,metadata,
prot-198687--62,30,9,,,metadata,
prot-198687--62,30,10,,,metadata,
prot-198687--62,30,11,,,metadata,
prot-198687--62,30,12,,,metadata,
prot-198687--62,30,13,,,metadata,
prot-198687--62,30,14,,,metadata,
prot-198687--62,30,15,,,metadata,
prot-198687--62,30,16,,,metadata,
prot-198687--62,30,17,,,metadata,
prot-198687--62,30,18,,,metadata,
prot-198687--62,30,22,,,metadata,
prot-198687--62,31,1,,,metadata,
prot-198687--62,31,2,,,metadata,
prot-198687--62,31,3,,,metadata,
prot-198687--62,31,5,,,metadata,
prot-198687--62,31,6,,,metadata,
prot-198687--62,31,7,,,metadata,
prot-198687--62,31,8,,,metadata,
prot-198687--62,31,9,,,metadata,
prot-198687--62,31,10,,,metadata,
prot-198687--62,31,11,,,metadata,
prot-198687--62,31,12,,,metadata,
prot-198687--62,31,14,,,metadata,
prot-198687--62,31,15,,,metadata,
prot-198687--62,31,16,,,metadata,
prot-198687--62,31,17,,,metadata,
prot-198687--62,31,18,,,metadata,
prot-198687--62,31,19,,,metadata,
prot-198687--62,31,20,,,metadata,
prot-198687--62,31,21,,,metadata,
prot-198687--62,31,22,,,metadata,
prot-198687--62,31,23,,,metadata,
prot-198687--62,32,1,,,metadata,
prot-198687--62,32,2,,,metadata,
prot-198687--62,32,3,,,metadata,
prot-198687--62,32,4,,,metadata,
prot-198687--62,32,6,,,metadata,
prot-198687--62,32,7,,,metadata,
prot-198687--62,32,8,,,metadata,
prot-198687--62,32,9,,,metadata,
prot-198687--62,32,11,,,metadata,
prot-198687--62,32,12,,,metadata,
prot-198687--62,32,13,,,metadata,
prot-198687--62,32,14,,,metadata,
prot-198687--62,32,15,,,metadata,
prot-198687--62,32,16,,,metadata,
prot-198687--62,32,17,,,metadata,
prot-198687--62,32,18,,,metadata,
prot-198687--62,32,19,,,metadata,
prot-198687--62,33,2,,,metadata,
prot-198687--62,33,3,,,metadata,
prot-198687--62,33,4,,,metadata,
prot-198687--62,33,5,,,metadata,
prot-198687--62,33,6,,,metadata,
prot-198687--62,33,7,,,metadata,
prot-198687--62,33,8,,,metadata,
prot-198687--62,33,10,,,metadata,
prot-198687--62,33,11,,,metadata,
prot-198687--62,33,12,,,metadata,
prot-198687--62,33,13,,,metadata,
prot-198687--62,33,14,,,metadata,
prot-198687--62,33,15,,,metadata,
prot-198687--62,33,16,,,metadata,
prot-198687--62,33,17,,,metadata,
prot-198687--62,33,18,,,metadata,
prot-198687--62,33,19,,,metadata,
prot-198687--62,33,20,,,metadata,
prot-198687--62,33,21,,,metadata,
prot-198687--62,33,22,,,metadata,
prot-198687--62,34,1,,,metadata,
prot-198687--62,34,2,,,metadata,
prot-198687--62,34,3,,,metadata,
prot-198687--62,34,4,,,metadata,
prot-198687--62,34,5,,,metadata,
prot-198687--62,34,6,,,metadata,
prot-198687--62,34,8,,,metadata,
prot-198687--62,34,9,,,metadata,
prot-198687--62,34,11,,,metadata,
prot-198687--62,34,13,,,metadata,
prot-198687--62,34,14,,,metadata,
prot-198687--62,34,16,,,metadata,
prot-198687--62,34,17,,,metadata,
prot-198687--62,34,18,,,metadata,
prot-198687--62,34,20,,,metadata,
prot-198687--62,35,2,,,metadata,
prot-198687--62,35,3,,,metadata,
prot-198687--62,35,4,,,metadata,
prot-198687--62,35,5,,,metadata,
prot-198687--62,35,6,,,metadata,
prot-198687--62,35,7,,,metadata,
prot-198687--62,35,9,,,metadata,
prot-198687--62,35,10,,,metadata,
prot-198687--62,35,11,,,metadata,
prot-198687--62,35,12,,,metadata,
prot-198687--62,35,13,,,metadata,
prot-198687--62,35,14,,,metadata,
prot-198687--62,35,15,,,metadata,
prot-198687--62,35,16,,,metadata,
prot-198687--62,35,17,,,metadata,
prot-198687--62,35,18,,,metadata,
prot-198687--62,35,19,,,metadata,
prot-198687--62,35,20,,,metadata,
prot-198687--62,35,22,,,metadata,
prot-198687--62,35,23,,,metadata,
prot-198687--62,36,2,,,metadata,
prot-198687--62,36,3,,,metadata,
prot-198687--62,36,4,,,metadata,
prot-198687--62,36,5,,,metadata,
prot-198687--62,36,6,,,metadata,
prot-198687--62,36,7,,,metadata,
prot-198687--62,36,8,,,metadata,
prot-198687--62,36,9,,,metadata,
prot-198687--62,36,10,,,metadata,
prot-198687--62,36,11,,,metadata,
prot-198687--62,36,12,,,metadata,
prot-198687--62,36,13,,,metadata,
prot-198687--62,36,14,,,metadata,
prot-198687--62,36,15,,,metadata,
prot-198687--62,36,16,,,metadata,
prot-198687--62,36,17,,,metadata,
prot-198687--62,36,19,,,metadata,
prot-198687--62,37,1,,,metadata,
prot-198687--62,37,2,,,metadata,
prot-198687--62,37,3,,,metadata,
prot-198687--62,37,4,,,metadata,
prot-198687--62,37,5,,,metadata,
prot-198687--62,37,6,,,metadata,
prot-198687--62,37,8,,,metadata,
prot-198687--62,37,9,,,metadata,
prot-198687--62,37,10,,,metadata,
prot-198687--62,37,11,,,metadata,
prot-198687--62,37,12,,,metadata,
prot-198687--62,37,13,,,metadata,
prot-198687--62,37,14,,,metadata,
prot-198687--62,37,15,,,metadata,
prot-198687--62,37,16,,,metadata,
prot-198687--62,37,17,,,metadata,
prot-198687--62,37,18,,,metadata,
prot-198687--62,37,19,,,metadata,
prot-198687--62,37,20,,,metadata,
prot-198687--62,37,21,,,metadata,
prot-198687--62,37,22,,,metadata,
prot-198687--62,38,2,,,metadata,
prot-198687--62,38,3,,,metadata,
prot-198687--62,38,4,,,metadata,
prot-198687--62,38,5,,,metadata,
prot-198687--62,38,6,,,metadata,
prot-198687--62,38,7,,,metadata,
prot-198687--62,38,8,,,metadata,
prot-198687--62,38,9,,,metadata,
prot-198687--62,38,10,,,metadata,
prot-198687--62,38,11,,,metadata,
prot-198687--62,38,12,,,metadata,
prot-198687--62,38,13,,,metadata,
prot-198687--62,38,14,,,metadata,
prot-198687--62,38,15,,,metadata,
prot-198687--62,38,16,,,metadata,
prot-198687--62,38,17,,,metadata,
prot-198687--62,38,18,,,metadata,
prot-198687--62,39,2,,,metadata,
prot-198687--62,39,3,,,metadata,
prot-198687--62,39,4,,,metadata,
prot-198687--62,39,5,,,metadata,
prot-198687--62,39,6,,,metadata,
prot-198687--62,39,7,,,metadata,
prot-198687--62,39,8,,,metadata,
prot-198687--62,39,9,,,metadata,
prot-198687--62,39,10,,,metadata,
prot-198687--62,39,11,,,metadata,
prot-198687--62,39,13,,,metadata,
prot-198687--62,39,14,,,metadata,
prot-198687--62,39,15,,,metadata,
prot-198687--62,39,16,,,metadata,
prot-198687--62,39,17,,,metadata,
prot-198687--62,39,18,,,metadata,
prot-198687--62,39,19,,,metadata,
prot-198687--62,39,20,,,metadata,
prot-198687--62,40,1,,,metadata,
prot-198687--62,40,2,,,metadata,
prot-198687--62,40,3,,,metadata,
prot-198687--62,40,4,,,metadata,
prot-198687--62,40,5,,,metadata,
prot-198687--62,40,6,,,metadata,
prot-198687--62,40,7,,,metadata,
prot-198687--62,40,8,,,metadata,
prot-198687--62,40,9,,,metadata,
prot-198687--62,40,10,,,metadata,
prot-198687--62,40,11,,,metadata,
prot-198687--62,40,12,,,metadata,
prot-198687--62,40,13,,,metadata,
prot-198687--62,40,14,,,metadata,
prot-198687--62,40,15,,,metadata,
prot-198687--62,40,16,,,metadata,
prot-198687--62,40,17,,,metadata,
prot-198687--62,40,18,,,metadata,
prot-198687--62,40,19,,,metadata,
prot-198687--62,40,20,,,metadata,
prot-198687--62,41,1,,,metadata,
prot-198687--62,41,2,,,metadata,
prot-198687--62,41,3,,,metadata,
prot-198687--62,41,5,,,metadata,
prot-198687--62,41,6,,,metadata,
prot-198687--62,41,7,,,metadata,
prot-198687--62,41,8,,,metadata,
prot-198687--62,41,9,,,metadata,
prot-198687--62,41,11,,,metadata,
prot-198687--62,41,12,,,metadata,
prot-198687--62,41,13,,,metadata,
prot-198687--62,41,14,,,metadata,
prot-198687--62,41,15,,,metadata,
prot-198687--62,41,16,,,metadata,
prot-198687--62,41,17,,,metadata,
prot-198687--62,41,18,,,metadata,
prot-198687--62,41,19,,,metadata,
prot-198687--62,41,20,,,metadata,
prot-198687--62,41,22,,,metadata,
prot-198687--62,42,1,,,metadata,
prot-198687--62,42,2,,,metadata,
prot-198687--62,42,3,,,metadata,
prot-198687--62,42,4,,,metadata,
prot-198687--62,42,5,,,metadata,
prot-198687--62,42,6,,,metadata,
prot-198687--62,42,7,,,metadata,
prot-198687--62,42,8,,,metadata,
prot-198687--62,42,9,,,metadata,
prot-198687--62,42,10,,,metadata,
prot-198687--62,42,11,,,metadata,
prot-198687--62,42,12,,,metadata,
prot-198687--62,42,13,,,metadata,
prot-198687--62,42,14,,,metadata,
prot-198687--62,42,15,,,metadata,
prot-198687--62,42,16,,,metadata,
prot-198687--62,42,17,,,metadata,
prot-198687--62,42,19,,,metadata,
prot-198687--62,43,1,,,metadata,
prot-198687--62,43,2,,,metadata,
prot-198687--62,43,3,,,metadata,
prot-198687--62,43,4,,,metadata,
prot-198687--62,43,5,,,metadata,
prot-198687--62,43,6,,,metadata,
prot-198687--62,43,7,,,metadata,
prot-198687--62,43,8,,,metadata,
prot-198687--62,43,9,,,metadata,
prot-198687--62,43,10,,,metadata,
prot-198687--62,43,11,,,metadata,
prot-198687--62,43,12,,,metadata,
prot-198687--62,43,13,,,metadata,
prot-198687--62,43,14,,,metadata,
prot-198687--62,43,15,,,metadata,
prot-198687--62,43,16,,,metadata,
prot-198687--62,43,17,,,metadata,
prot-198687--62,43,18,,,metadata,
prot-198687--62,43,20,,,metadata,
prot-198687--62,44,0,,,metadata,
prot-198687--62,44,1,,,metadata,
prot-198687--62,44,2,,,metadata,
prot-198687--62,44,3,,,metadata,
prot-198687--62,44,4,,,metadata,
prot-198687--62,44,5,,,metadata,
prot-198687--62,44,6,,,metadata,
prot-198687--62,44,7,,,metadata,
prot-198687--62,44,8,,,metadata,
prot-198687--62,44,9,,,metadata,
prot-198687--62,44,11,,,metadata,
prot-198687--62,44,12,,,metadata,
prot-198687--62,44,13,,,metadata,
prot-198687--62,44,14,,,metadata,
prot-198687--62,44,16,,,metadata,
prot-198687--62,44,17,,,metadata,
prot-198687--62,45,2,,,metadata,
prot-198687--62,45,3,,,metadata,
prot-198687--62,45,4,,,metadata,
prot-198687--62,45,5,,,metadata,
prot-198687--62,45,6,,,metadata,
prot-198687--62,45,7,,,metadata,
prot-198687--62,45,8,,,metadata,
prot-198687--62,45,10,,,metadata,
prot-198687--62,45,11,,,metadata,
prot-198687--62,45,13,,,metadata,
prot-198687--62,45,14,,,metadata,
prot-198687--62,45,15,,,metadata,
prot-198687--62,45,18,,,metadata,
prot-198687--62,45,19,,,metadata,
prot-198687--62,45,20,,,metadata,
prot-198687--62,45,21,,,metadata,
prot-198687--62,46,1,,,metadata,
prot-198687--62,46,2,,,metadata,
prot-198687--62,46,3,,,metadata,
prot-198687--62,46,4,,,metadata,
prot-198687--62,46,5,,,metadata,
prot-198687--62,46,6,,,metadata,
prot-198687--62,46,7,,,metadata,
prot-198687--62,46,8,,,metadata,
prot-198687--62,46,9,,,metadata,
prot-198687--62,46,10,,,metadata,
prot-198687--62,46,11,,,metadata,
prot-198687--62,46,12,,,metadata,
prot-198687--62,46,13,,,metadata,
prot-198687--62,46,14,,,metadata,
prot-198687--62,46,15,,,metadata,
prot-198687--62,46,17,,,metadata,
prot-198687--62,46,18,,,metadata,
prot-198687--62,46,20,,,metadata,
prot-198687--62,47,2,,,metadata,
prot-198687--62,47,3,,,metadata,
prot-198687--62,47,4,,,metadata,
prot-198687--62,47,6,,,metadata,
prot-198687--62,47,7,,,metadata,
prot-198687--62,47,8,,,metadata,
prot-198687--62,47,9,,,metadata,
prot-198687--62,47,11,,,metadata,
prot-198687--62,47,13,,,metadata,
prot-198687--62,47,14,,,metadata,
prot-198687--62,47,15,,,metadata,
prot-198687--62,47,16,,,metadata,
prot-198687--62,47,17,,,metadata,
prot-198687--62,47,18,,,metadata,
prot-198687--62,47,19,,,metadata,
prot-198687--62,48,1,,,metadata,
prot-198687--62,48,2,,,metadata,
prot-198687--62,48,3,,,metadata,
prot-198687--62,48,4,,,metadata,
prot-198687--62,48,5,,,metadata,
prot-198687--62,48,6,,,metadata,
prot-198687--62,48,7,,,metadata,
prot-198687--62,48,8,,,metadata,
prot-198687--62,48,9,,,metadata,
prot-198687--62,48,10,,,metadata,
prot-198687--62,48,11,,,metadata,
prot-198687--62,48,12,,,metadata,
prot-198687--62,48,13,,,metadata,
prot-198687--62,48,14,,,metadata,
prot-198687--62,48,15,,,metadata,
prot-198687--62,48,17,,,metadata,
prot-198687--62,48,18,,,metadata,
prot-198687--62,48,19,,,metadata,
prot-198687--62,48,21,,,metadata,
prot-198687--62,49,3,,,metadata,
prot-198687--62,49,4,,,metadata,
prot-198687--62,49,5,,,metadata,
prot-198687--62,49,7,,,metadata,
prot-198687--62,49,8,,,metadata,
prot-198687--62,49,9,,,metadata,
prot-198687--62,49,10,,,metadata,
prot-198687--62,49,11,,,metadata,
prot-198687--62,49,12,,,metadata,
prot-198687--62,49,13,,,metadata,
prot-198687--62,49,14,,,metadata,
prot-198687--62,49,15,,,metadata,
prot-198687--62,49,16,,,metadata,
prot-198687--62,49,17,,,metadata,
prot-198687--62,49,18,,,metadata,
prot-198687--62,49,19,,,metadata,
prot-198687--62,49,22,,,metadata,
prot-198687--62,50,1,,,metadata,
prot-198687--62,50,2,,,metadata,
prot-198687--62,50,4,,,metadata,
prot-198687--62,50,5,,,metadata,
prot-198687--62,50,6,,,metadata,
prot-198687--62,50,7,,,metadata,
prot-198687--62,50,8,,,metadata,
prot-198687--62,50,9,,,metadata,
prot-198687--62,50,10,,,metadata,
prot-198687--62,50,11,,,metadata,
prot-198687--62,50,12,,,metadata,
prot-198687--62,50,13,,,metadata,
prot-198687--62,50,14,,,metadata,
prot-198687--62,50,15,,,metadata,
prot-198687--62,50,17,,,metadata,
prot-198687--62,50,18,,,metadata,
prot-198687--62,50,19,,,metadata,
prot-198687--62,50,21,,,metadata,
prot-198687--62,51,1,,,metadata,
prot-198687--62,51,2,,,metadata,
prot-198687--62,51,3,,,metadata,
prot-198687--62,51,5,,,metadata,
prot-198687--62,51,6,,,metadata,
prot-198687--62,51,7,,,metadata,
prot-198687--62,51,8,,,metadata,
prot-198687--62,51,9,,,metadata,
prot-198687--62,51,11,,,metadata,
prot-198687--62,51,12,,,metadata,
prot-198687--62,51,13,,,metadata,
prot-198687--62,51,14,,,metadata,
prot-198687--62,51,16,,,metadata,
prot-198687--62,51,17,,,metadata,
prot-198687--62,51,19,,,metadata,
prot-198687--62,51,20,,,metadata,
prot-198687--62,51,21,,,metadata,
prot-198687--62,52,2,,,metadata,
prot-198687--62,52,3,,,metadata,
prot-198687--62,52,4,,,metadata,
prot-198687--62,52,6,,,metadata,
prot-198687--62,52,7,,,metadata,
prot-198687--62,52,8,,,metadata,
prot-198687--62,52,9,,,metadata,
prot-198687--62,52,10,,,metadata,
prot-198687--62,52,11,,,metadata,
prot-198687--62,52,12,,,metadata,
prot-198687--62,52,13,,,metadata,
prot-198687--62,52,14,,,metadata,
prot-198687--62,52,15,,,metadata,
prot-198687--62,52,16,,,metadata,
prot-198687--62,52,17,,,metadata,
prot-198687--62,52,18,,,metadata,
prot-198687--62,52,19,,,metadata,
prot-198687--62,52,20,,,metadata,
prot-198687--62,53,2,,,metadata,
prot-198687--62,53,3,,,metadata,
prot-198687--62,53,4,,,metadata,
prot-198687--62,53,5,,,metadata,
prot-198687--62,53,6,,,metadata,
prot-198687--62,53,7,,,metadata,
prot-198687--62,53,8,,,metadata,
prot-198687--62,53,10,,,metadata,
prot-198687--62,53,11,,,metadata,
prot-198687--62,53,12,,,metadata,
prot-198687--62,53,13,,,metadata,
prot-198687--62,53,14,,,metadata,
prot-198687--62,53,15,,,metadata,
prot-198687--62,53,16,,,metadata,
prot-198687--62,53,17,,,metadata,
prot-198687--62,53,18,,,metadata,
prot-198687--62,53,19,,,metadata,
prot-198687--62,53,20,,,metadata,
prot-198687--62,53,21,,,metadata,
prot-198687--62,53,22,,,metadata,
prot-198687--62,54,0,,,metadata,
prot-198687--62,54,1,,,metadata,
prot-198687--62,54,3,,,metadata,
prot-198687--62,54,4,,,metadata,
prot-198687--62,54,5,,,metadata,
prot-198687--62,54,6,,,metadata,
prot-198687--62,54,7,,,metadata,
prot-198687--62,54,10,,,metadata,
prot-198687--62,54,11,,,metadata,
prot-198687--62,54,12,,,metadata,
prot-198687--62,54,13,,,metadata,
prot-198687--62,54,15,,,metadata,
prot-198687--62,54,17,,,metadata,
prot-198687--62,55,1,,,metadata,
prot-198687--62,55,2,,,metadata,
prot-198687--62,55,3,,,metadata,
prot-198687--62,55,4,,,metadata,
prot-198687--62,55,5,,,metadata,
prot-198687--62,55,6,,,metadata,
prot-198687--62,55,7,,,metadata,
prot-198687--62,55,8,,,metadata,
prot-198687--62,55,9,,,metadata,
prot-198687--62,55,11,,,metadata,
prot-198687--62,55,13,,,metadata,
prot-198687--62,55,14,,,metadata,
prot-198687--62,55,15,,,metadata,
prot-198687--62,55,16,,,metadata,
prot-198687--62,55,17,,,metadata,
prot-198687--62,55,19,,,metadata,
prot-198687--62,55,20,,,metadata,
prot-198687--62,55,21,,,metadata,
prot-198687--62,56,1,,,metadata,
prot-198687--62,56,2,,,metadata,
prot-198687--62,56,3,,,metadata,
prot-198687--62,56,4,,,metadata,
prot-198687--62,56,5,,,metadata,
prot-198687--62,56,6,,,metadata,
prot-198687--62,56,7,,,metadata,
prot-198687--62,56,8,,,metadata,
prot-198687--62,56,9,,,metadata,
prot-198687--62,56,10,,,metadata,
prot-198687--62,56,11,,,metadata,
prot-198687--62,56,12,,,metadata,
prot-198687--62,56,14,,,metadata,
prot-198687--62,56,15,,,metadata,
prot-198687--62,56,16,,,metadata,
prot-198687--62,56,17,,,metadata,
prot-198687--62,56,18,,,metadata,
prot-198687--62,56,19,,,metadata,
prot-198687--62,56,21,,,metadata,
prot-198687--62,56,22,,,metadata,
prot-198687--62,56,23,,,metadata,
prot-198687--62,56,24,,,metadata,
prot-198687--62,57,1,,,metadata,
prot-198687--62,57,3,,,metadata,
prot-198687--62,57,5,,,metadata,
prot-198687--62,57,6,,,metadata,
prot-198687--62,57,7,,,metadata,
prot-198687--62,57,8,,,metadata,
prot-198687--62,57,9,,,metadata,
prot-198687--62,57,10,,,metadata,
prot-198687--62,57,11,,,metadata,
prot-198687--62,57,12,,,metadata,
prot-198687--62,57,13,,,metadata,
prot-198687--62,57,14,,,metadata,
prot-198687--62,57,15,,,metadata,
prot-198687--62,57,16,,,metadata,
prot-198687--62,57,17,,,metadata,
prot-198687--62,57,18,,,metadata,
prot-198687--62,57,21,,,metadata,
prot-198687--62,57,22,,,metadata,
prot-198687--62,58,2,,,metadata,
prot-198687--62,58,3,,,metadata,
prot-198687--62,58,4,,,metadata,
prot-198687--62,58,5,,,metadata,
prot-198687--62,58,6,,,metadata,
prot-198687--62,58,7,,,metadata,
prot-198687--62,58,8,,,metadata,
prot-198687--62,58,9,,,metadata,
prot-198687--62,58,10,,,metadata,
prot-198687--62,58,11,,,metadata,
prot-198687--62,58,12,,,metadata,
prot-198687--62,58,13,,,metadata,
prot-198687--62,58,16,,,metadata,
prot-198687--62,58,18,,,metadata,
prot-198687--62,58,19,,,metadata,
prot-198687--62,58,20,,,metadata,
prot-198687--62,59,1,,,metadata,
prot-198687--62,59,2,,,metadata,
prot-198687--62,59,3,,,metadata,
prot-198687--62,59,4,,,metadata,
prot-198687--62,59,5,,,metadata,
prot-198687--62,59,6,,,metadata,
prot-198687--62,59,7,,,metadata,
prot-198687--62,59,8,,,metadata,
prot-198687--62,59,9,,,metadata,
prot-198687--62,59,10,,,metadata,
prot-198687--62,59,11,,,metadata,
prot-198687--62,59,12,,,metadata,
prot-198687--62,59,13,,,metadata,
prot-198687--62,59,14,,,metadata,
prot-198687--62,59,16,,,metadata,
prot-198687--62,59,17,,,metadata,
prot-198687--62,59,18,,,metadata,
prot-198687--62,59,19,,,metadata,
prot-198687--62,59,20,,,metadata,
prot-198687--62,60,1,,,metadata,
prot-198687--62,60,2,,,metadata,
prot-198687--62,60,3,,,metadata,
prot-198687--62,60,4,,,metadata,
prot-198687--62,60,5,,,metadata,
prot-198687--62,60,6,,,metadata,
prot-198687--62,60,7,,,metadata,
prot-198687--62,60,8,,,metadata,
prot-198687--62,60,9,,,metadata,
prot-198687--62,60,10,,,metadata,
prot-198687--62,60,11,,,metadata,
prot-198687--62,60,12,,,metadata,
prot-198687--62,60,13,,,metadata,
prot-198687--62,60,14,,,metadata,
prot-198687--62,60,15,,,metadata,
prot-198687--62,60,16,,,metadata,
prot-198687--62,60,18,,,metadata,
prot-198687--62,60,19,,,metadata,
prot-198687--62,60,20,,,metadata,
prot-198687--62,61,1,,,metadata,
prot-198687--62,61,2,,,metadata,
prot-198687--62,61,3,,,metadata,
prot-198687--62,61,5,,,metadata,
prot-198687--62,61,6,,,metadata,
prot-198687--62,61,7,,,metadata,
prot-198687--62,61,9,,,metadata,
prot-198687--62,61,10,,,metadata,
prot-198687--62,61,11,,,metadata,
prot-198687--62,61,12,,,metadata,
prot-198687--62,61,13,,,metadata,
prot-198687--62,61,14,,,metadata,
prot-198687--62,61,15,,,metadata,
prot-198687--62,61,16,,,metadata,
prot-198687--62,61,17,,,metadata,
prot-198687--62,61,18,,,metadata,
prot-198687--62,61,19,,,metadata,
prot-198687--62,61,20,,,metadata,
prot-198687--62,61,21,,,metadata,
prot-198687--62,61,22,,,metadata,
prot-198687--62,62,1,,,metadata,
prot-198687--62,62,2,,,metadata,
prot-198687--62,62,3,,,metadata,
prot-198687--62,62,4,,,metadata,
prot-198687--62,62,5,,,metadata,
prot-198687--62,62,6,,,metadata,
prot-198687--62,62,7,,,metadata,
prot-198687--62,62,8,,,metadata,
prot-198687--62,62,9,,,metadata,
prot-198687--62,62,10,,,metadata,
prot-198687--62,62,11,,,metadata,
prot-198687--62,62,12,,,metadata,
prot-198687--62,62,13,,,metadata,
prot-198687--62,62,14,,,metadata,
prot-198687--62,62,15,,,metadata,
prot-198687--62,62,16,,,metadata,
prot-198687--62,62,17,,,metadata,
prot-198687--62,62,18,,,metadata,
prot-198687--62,62,20,,,metadata,
prot-198687--62,63,1,,,metadata,
prot-198687--62,63,2,,,metadata,
prot-198687--62,63,3,,,metadata,
prot-198687--62,63,4,,,metadata,
prot-198687--62,63,5,,,metadata,
prot-198687--62,63,6,,,metadata,
prot-198687--62,63,7,,,metadata,
prot-198687--62,63,8,,,metadata,
prot-198687--62,63,9,,,metadata,
prot-198687--62,63,10,,,metadata,
prot-198687--62,63,11,,,metadata,
prot-198687--62,63,12,,,metadata,
prot-198687--62,63,13,,,metadata,
prot-198687--62,63,14,,,metadata,
prot-198687--62,63,15,,,metadata,
prot-198687--62,63,16,,,metadata,
prot-198687--62,63,17,,,metadata,
prot-198687--62,63,18,,,metadata,
prot-198687--62,63,19,,,metadata,
prot-198687--62,63,20,,,metadata,
prot-198687--62,63,21,,,metadata,
prot-198687--62,64,2,,,metadata,
prot-198687--62,64,3,,,metadata,
prot-198687--62,64,4,,,metadata,
prot-198687--62,64,5,,,metadata,
prot-198687--62,64,7,,,metadata,
prot-198687--62,64,8,,,metadata,
prot-198687--62,64,9,,,metadata,
prot-198687--62,64,10,,,metadata,
prot-198687--62,64,11,,,metadata,
prot-198687--62,64,13,,,metadata,
prot-198687--62,64,14,,,metadata,
prot-198687--62,64,15,,,metadata,
prot-198687--62,64,16,,,metadata,
prot-198687--62,64,17,,,metadata,
prot-198687--62,64,18,,,metadata,
prot-198687--62,64,19,,,metadata,
prot-198687--62,64,20,,,metadata,
prot-198687--62,64,22,,,metadata,
prot-198687--62,65,1,,,metadata,
prot-198687--62,65,2,,,metadata,
prot-198687--62,65,3,,,metadata,
prot-198687--62,65,4,,,metadata,
prot-198687--62,65,5,,,metadata,
prot-198687--62,65,6,,,metadata,
prot-198687--62,65,7,,,metadata,
prot-198687--62,65,8,,,metadata,
prot-198687--62,65,9,,,metadata,
prot-198687--62,65,10,,,metadata,
prot-198687--62,65,11,,,metadata,
prot-198687--62,65,14,,,metadata,
prot-198687--62,65,16,,,metadata,
prot-198687--62,66,1,,,metadata,
prot-198687--62,66,2,,,metadata,
prot-198687--62,66,3,,,metadata,
prot-198687--62,66,4,,,metadata,
prot-198687--62,66,5,,,metadata,
prot-198687--62,66,6,,,metadata,
prot-198687--62,66,7,,,metadata,
prot-198687--62,66,8,,,metadata,
prot-198687--62,66,9,,,metadata,
prot-198687--62,66,10,,,metadata,
prot-198687--62,66,11,,,metadata,
prot-198687--62,66,12,,,metadata,
prot-198687--62,66,13,,,metadata,
prot-198687--62,66,15,,,metadata,
prot-198687--62,66,16,,,metadata,
prot-198687--62,66,17,,,metadata,
prot-198687--62,66,18,,,metadata,
prot-198687--62,66,19,,,metadata,
prot-198687--62,67,2,,,metadata,
prot-198687--62,67,3,,,metadata,
prot-198687--62,67,4,,,metadata,
prot-198687--62,67,5,,,metadata,
prot-198687--62,67,6,,,metadata,
prot-198687--62,67,7,,,metadata,
prot-198687--62,67,8,,,metadata,
prot-198687--62,67,9,,,metadata,
prot-198687--62,67,12,,,metadata,
prot-198687--62,67,13,,,metadata,
prot-198687--62,67,14,,,metadata,
prot-198687--62,67,15,,,metadata,
prot-198687--62,67,16,,,metadata,
prot-198687--62,67,17,,,metadata,
prot-198687--62,67,18,,,metadata,
prot-198687--62,67,20,,,metadata,
prot-198687--62,67,21,,,metadata,
prot-198687--62,68,1,,,metadata,
prot-198687--62,68,2,,,metadata,
prot-198687--62,68,3,,,metadata,
prot-198687--62,68,4,,,metadata,
prot-198687--62,68,5,,,metadata,
prot-198687--62,68,7,,,metadata,
prot-198687--62,68,8,,,metadata,
prot-198687--62,68,9,,,metadata,
prot-198687--62,68,10,,,metadata,
prot-198687--62,68,11,,,metadata,
prot-198687--62,68,12,,,metadata,
prot-198687--62,68,13,,,metadata,
prot-198687--62,68,14,,,metadata,
prot-198687--62,68,15,,,metadata,
prot-198687--62,68,16,,,metadata,
prot-198687--62,68,17,,,metadata,
prot-198687--62,68,18,,,metadata,
prot-198687--62,68,20,,,metadata,
prot-198687--62,69,1,,,metadata,
prot-198687--62,69,2,,,metadata,
prot-198687--62,69,3,,,metadata,
prot-198687--62,69,5,,,metadata,
prot-198687--62,69,6,,,metadata,
prot-198687--62,69,7,,,metadata,
prot-198687--62,69,8,,,metadata,
prot-198687--62,69,9,,,metadata,
prot-198687--62,69,10,,,metadata,
prot-198687--62,69,11,,,metadata,
prot-198687--62,69,12,,,metadata,
prot-198687--62,69,13,,,metadata,
prot-198687--62,69,14,,,metadata,
prot-198687--62,69,15,,,metadata,
prot-198687--62,69,17,,,metadata,
prot-198687--62,69,19,,,metadata,
prot-198687--62,69,21,,,metadata,
prot-198687--62,70,3,,,metadata,
prot-198687--62,70,4,,,metadata,
prot-198687--62,70,6,,,metadata,
prot-198687--62,70,7,,,metadata,
prot-198687--62,70,8,,,metadata,
prot-198687--62,70,9,,,metadata,
prot-198687--62,70,11,,,metadata,
prot-198687--62,70,12,,,metadata,
prot-198687--62,70,13,,,metadata,
prot-198687--62,70,14,,,metadata,
prot-198687--62,70,16,,,metadata,
prot-198687--62,70,17,,,metadata,
prot-198687--62,70,18,,,metadata,
prot-198687--62,70,19,,,metadata,
prot-198687--62,71,2,,,metadata,
prot-198687--62,71,3,,,metadata,
prot-198687--62,71,4,,,metadata,
prot-198687--62,71,5,,,metadata,
prot-198687--62,71,6,,,metadata,
prot-198687--62,71,7,,,metadata,
prot-198687--62,71,8,,,metadata,
prot-198687--62,71,9,,,metadata,
prot-198687--62,71,10,,,metadata,
prot-198687--62,71,11,,,metadata,
prot-198687--62,71,12,,,metadata,
prot-198687--62,71,13,,,metadata,
prot-198687--62,71,14,,,metadata,
prot-198687--62,71,15,,,metadata,
prot-198687--62,71,16,,,metadata,
prot-198687--62,71,17,,,metadata,
prot-198687--62,71,18,,,metadata,
prot-198687--62,71,19,,,metadata,
prot-198687--62,71,20,,,metadata,
prot-198687--62,71,21,,,metadata,
prot-198687--62,71,22,,,metadata,
prot-198687--62,71,23,,,metadata,
prot-198687--62,72,1,,,metadata,
prot-198687--62,72,2,,,metadata,
prot-198687--62,72,3,,,metadata,
prot-198687--62,72,5,,,metadata,
prot-198687--62,72,6,,,metadata,
prot-198687--62,72,7,,,metadata,
prot-198687--62,72,8,,,metadata,
prot-198687--62,72,9,,,metadata,
prot-198687--62,72,10,,,metadata,
prot-198687--62,72,11,,,metadata,
prot-198687--62,72,12,,,metadata,
prot-198687--62,72,13,,,metadata,
prot-198687--62,72,14,,,metadata,
prot-198687--62,72,15,,,metadata,
prot-198687--62,72,16,,,metadata,
prot-198687--62,72,17,,,metadata,
prot-198687--62,72,18,,,metadata,
prot-198687--62,72,19,,,metadata,
prot-198687--62,73,2,,,metadata,
prot-198687--62,73,3,,,metadata,
prot-198687--62,73,4,,,metadata,
prot-198687--62,73,5,,,metadata,
prot-198687--62,73,6,,,metadata,
prot-198687--62,73,7,,,metadata,
prot-198687--62,73,8,,,metadata,
prot-198687--62,73,9,,,metadata,
prot-198687--62,73,10,,,metadata,
prot-198687--62,73,11,,,metadata,
prot-198687--62,73,14,,,metadata,
prot-198687--62,73,15,,,metadata,
prot-198687--62,73,16,,,metadata,
prot-198687--62,73,18,,,metadata,
prot-198687--62,73,20,,,metadata,
prot-198687--62,73,21,,,metadata,
prot-198687--62,74,1,,,metadata,
prot-198687--62,74,2,,,metadata,
prot-198687--62,74,3,,,metadata,
prot-198687--62,74,4,,,metadata,
prot-198687--62,74,5,,,metadata,
prot-198687--62,74,6,,,metadata,
prot-198687--62,74,7,,,metadata,
prot-198687--62,74,8,,,metadata,
prot-198687--62,74,9,,,metadata,
prot-198687--62,74,10,,,metadata,
prot-198687--62,74,11,,,metadata,
prot-198687--62,74,12,,,metadata,
prot-198687--62,74,13,,,metadata,
prot-198687--62,74,14,,,metadata,
prot-198687--62,74,15,,,metadata,
prot-198687--62,74,16,,,metadata,
prot-198687--62,74,18,,,metadata,
prot-198687--62,74,19,,,metadata,
prot-198687--62,74,20,,,metadata,
prot-198687--62,75,3,,,metadata,
prot-198687--62,75,4,,,metadata,
prot-198687--62,75,5,,,metadata,
prot-198687--62,75,7,,,metadata,
prot-198687--62,75,8,,,metadata,
prot-198687--62,75,9,,,metadata,
prot-198687--62,75,10,,,metadata,
prot-198687--62,75,11,,,metadata,
prot-198687--62,75,12,,,metadata,
prot-198687--62,75,13,,,metadata,
prot-198687--62,75,14,,,metadata,
prot-198687--62,75,15,,,metadata,
prot-198687--62,75,16,,,metadata,
prot-198687--62,75,17,,,metadata,
prot-198687--62,75,18,,,metadata,
prot-198687--62,75,19,,,metadata,
prot-198687--62,75,20,,,metadata,
prot-198687--62,75,21,,,metadata,
prot-198687--62,75,22,,,metadata,
prot-198687--62,75,23,,,metadata,
prot-198687--62,76,1,,,metadata,
prot-198687--62,76,2,,,metadata,
prot-198687--62,76,3,,,metadata,
prot-198687--62,76,4,,,metadata,
prot-198687--62,76,5,,,metadata,
prot-198687--62,76,6,,,metadata,
prot-198687--62,76,7,,,metadata,
prot-198687--62,76,8,,,metadata,
prot-198687--62,76,9,,,metadata,
prot-198687--62,76,10,,,metadata,
prot-198687--62,76,11,,,metadata,
prot-198687--62,76,12,,,metadata,
prot-198687--62,76,13,,,metadata,
prot-198687--62,76,14,,,metadata,
prot-198687--62,76,15,,,metadata,
prot-198687--62,76,16,,,metadata,
prot-198687--62,76,17,,,metadata,
prot-198687--62,76,18,,,metadata,
prot-198687--62,76,19,,,metadata,
prot-198687--62,76,21,,,metadata,
prot-198687--62,77,1,,,metadata,
prot-198687--62,77,2,,,metadata,
prot-198687--62,77,3,,,metadata,
prot-198687--62,77,5,,,metadata,
prot-198687--62,77,6,,,metadata,
prot-198687--62,77,7,,,metadata,
prot-198687--62,77,8,,,metadata,
prot-198687--62,77,9,,,metadata,
prot-198687--62,77,10,,,metadata,
prot-198687--62,77,11,,,metadata,
prot-198687--62,77,12,,,metadata,
prot-198687--62,77,13,,,metadata,
prot-198687--62,77,14,,,metadata,
prot-198687--62,77,15,,,metadata,
prot-198687--62,77,16,,,metadata,
prot-198687--62,77,17,,,metadata,
prot-198687--62,77,19,,,metadata,
prot-198687--62,77,20,,,metadata,
prot-198687--62,77,21,,,metadata,
prot-198687--62,77,22,,,metadata,
prot-198687--62,78,1,,,metadata,
prot-198687--62,78,3,,,metadata,
prot-198687--62,78,4,,,metadata,
prot-198687--62,78,5,,,metadata,
prot-198687--62,78,6,,,metadata,
prot-198687--62,78,7,,,metadata,
prot-198687--62,78,8,,,metadata,
prot-198687--62,78,9,,,metadata,
prot-198687--62,78,10,,,metadata,
prot-198687--62,78,11,,,metadata,
prot-198687--62,78,13,,,metadata,
prot-198687--62,78,14,,,metadata,
prot-198687--62,78,15,,,metadata,
prot-198687--62,78,16,,,metadata,
prot-198687--62,78,17,,,metadata,
prot-198687--62,78,19,,,metadata,
prot-198687--62,78,20,,,metadata,
prot-198687--62,78,21,,,metadata,
prot-198687--62,79,1,,,metadata,
prot-198687--62,79,2,,,metadata,
prot-198687--62,79,4,,,metadata,
prot-198687--62,79,5,,,metadata,
prot-198687--62,79,6,,,metadata,
prot-198687--62,79,7,,,metadata,
prot-198687--62,79,8,,,metadata,
prot-198687--62,79,9,,,metadata,
prot-198687--62,79,10,,,metadata,
prot-198687--62,79,11,,,metadata,
prot-198687--62,79,12,,,metadata,
prot-198687--62,79,13,,,metadata,
prot-198687--62,79,14,,,metadata,
prot-198687--62,79,15,,,metadata,
prot-198687--62,79,16,,,metadata,
prot-198687--62,79,17,,,metadata,
prot-198687--62,79,19,,,metadata,
prot-198687--62,79,20,,,metadata,
prot-198687--62,79,21,,,metadata,
prot-198687--62,79,22,,,metadata,
prot-198687--62,80,2,,,metadata,
prot-198687--62,80,3,,,metadata,
prot-198687--62,80,4,,,metadata,
prot-198687--62,80,5,,,metadata,
prot-198687--62,80,7,,,metadata,
prot-198687--62,80,9,,,metadata,
prot-198687--62,80,10,,,metadata,
prot-198687--62,80,11,,,metadata,
prot-198687--62,80,12,,,metadata,
prot-198687--62,80,13,,,metadata,
prot-198687--62,80,14,,,metadata,
prot-198687--62,80,15,,,metadata,
prot-198687--62,80,16,,,metadata,
prot-198687--62,80,17,,,metadata,
prot-198687--62,80,18,,,metadata,
prot-198687--62,80,19,,,metadata,
prot-198687--62,80,20,,,metadata,
prot-198687--62,80,21,,,metadata,
prot-198687--62,80,22,,,metadata,
prot-198687--62,80,23,,,metadata,
prot-198687--62,80,24,,,metadata,
prot-198687--62,81,2,,,metadata,
prot-198687--62,81,3,,,metadata,
prot-198687--62,81,4,,,metadata,
prot-198687--62,81,6,,,metadata,
prot-198687--62,81,7,,,metadata,
prot-198687--62,81,8,,,metadata,
prot-198687--62,81,9,,,metadata,
prot-198687--62,81,10,,,metadata,
prot-198687--62,81,12,,,metadata,
prot-198687--62,81,13,,,metadata,
prot-198687--62,81,14,,,metadata,
prot-198687--62,81,15,,,metadata,
prot-198687--62,81,16,,,metadata,
prot-198687--62,81,17,,,metadata,
prot-198687--62,81,18,,,metadata,
prot-198687--62,81,19,,,metadata,
prot-198687--62,81,21,,,metadata,
prot-198687--62,81,22,,,metadata,
prot-198687--62,81,23,,,metadata,
prot-198687--62,82,2,,,metadata,
prot-198687--62,82,3,,,metadata,
prot-198687--62,82,4,,,metadata,
prot-198687--62,82,5,,,metadata,
prot-198687--62,82,6,,,metadata,
prot-198687--62,82,7,,,metadata,
prot-198687--62,82,8,,,metadata,
prot-198687--62,82,9,,,metadata,
prot-198687--62,82,11,,,metadata,
prot-198687--62,82,13,,,metadata,
prot-198687--62,82,14,,,metadata,
prot-198687--62,82,15,,,metadata,
prot-198687--62,82,16,,,metadata,
prot-198687--62,82,17,,,metadata,
prot-198687--62,82,18,,,metadata,
prot-198687--62,82,19,,,metadata,
prot-198687--62,82,20,,,metadata,
prot-198687--62,82,21,,,metadata,
prot-198687--62,83,1,,,metadata,
prot-198687--62,83,2,,,metadata,
prot-198687--62,83,3,,,metadata,
prot-198687--62,83,4,,,metadata,
prot-198687--62,83,5,,,metadata,
prot-198687--62,83,7,,,metadata,
prot-198687--62,83,9,,,metadata,
prot-198687--62,83,11,,,metadata,
prot-198687--62,83,12,,,metadata,
prot-198687--62,83,13,,,metadata,
prot-198687--62,83,14,,,metadata,
prot-198687--62,83,15,,,metadata,
prot-198687--62,83,16,,,metadata,
prot-198687--62,83,17,,,metadata,
prot-198687--62,83,18,,,metadata,
prot-198687--62,83,19,,,metadata,
prot-198687--62,83,20,,,metadata,
prot-198687--62,84,1,,,metadata,
prot-198687--62,84,2,,,metadata,
prot-198687--62,84,3,,,metadata,
prot-198687--62,84,4,,,metadata,
prot-198687--62,84,5,,,metadata,
prot-198687--62,84,6,,,metadata,
prot-198687--62,84,7,,,metadata,
prot-198687--62,84,9,,,metadata,
prot-198687--62,84,10,,,metadata,
prot-198687--62,84,11,,,metadata,
prot-198687--62,84,12,,,metadata,
prot-198687--62,84,13,,,metadata,
prot-198687--62,84,14,,,metadata,
prot-198687--62,84,15,,,metadata,
prot-198687--62,84,16,,,metadata,
prot-198687--62,84,17,,,metadata,
prot-198687--62,84,18,,,metadata,
prot-198687--62,84,19,,,metadata,
prot-198687--62,85,2,,,metadata,
prot-198687--62,85,3,,,metadata,
prot-198687--62,85,4,,,metadata,
prot-198687--62,85,5,,,metadata,
prot-198687--62,85,7,,,metadata,
prot-198687--62,85,8,,,metadata,
prot-198687--62,85,9,,,metadata,
prot-198687--62,85,12,,,metadata,
prot-198687--62,85,13,,,metadata,
prot-198687--62,85,14,,,metadata,
prot-198687--62,85,15,,,metadata,
prot-198687--62,85,16,,,metadata,
prot-198687--62,85,17,,,metadata,
prot-198687--62,85,18,,,metadata,
prot-198687--62,85,20,,,metadata,
prot-198687--62,85,21,,,metadata,
prot-198687--62,86,1,,,metadata,
prot-198687--62,86,2,,,metadata,
prot-198687--62,86,4,,,metadata,
prot-198687--62,86,6,,,metadata,
prot-198687--62,86,7,,,metadata,
prot-198687--62,86,8,,,metadata,
prot-198687--62,86,9,,,metadata,
prot-198687--62,86,11,,,metadata,
prot-198687--62,86,12,,,metadata,
prot-198687--62,86,13,,,metadata,
prot-198687--62,86,14,,,metadata,
prot-198687--62,86,15,,,metadata,
prot-198687--62,86,16,,,metadata,
prot-198687--62,86,17,,,metadata,
prot-198687--62,86,18,,,metadata,
prot-198687--62,86,20,,,metadata,
prot-198687--62,87,2,,,metadata,
prot-198687--62,87,3,,,metadata,
prot-198687--62,87,4,,,metadata,
prot-198687--62,87,5,,,metadata,
prot-198687--62,87,7,,,metadata,
prot-198687--62,87,8,,,metadata,
prot-198687--62,87,9,,,metadata,
prot-198687--62,87,11,,,metadata,
prot-198687--62,87,12,,,metadata,
prot-198687--62,87,13,,,metadata,
prot-198687--62,87,14,,,metadata,
prot-198687--62,87,15,,,metadata,
prot-198687--62,87,16,,,metadata,
prot-198687--62,87,17,,,metadata,
prot-198687--62,87,18,,,metadata,
prot-198687--62,87,19,,,metadata,
prot-198687--62,87,20,,,metadata,
prot-198687--62,88,3,,,metadata,
prot-198687--62,88,4,,,metadata,
prot-198687--62,88,5,,,metadata,
prot-198687--62,88,6,,,metadata,
prot-198687--62,88,7,,,metadata,
prot-198687--62,88,9,,,metadata,
prot-198687--62,88,10,,,metadata,
prot-198687--62,88,11,,,metadata,
prot-198687--62,88,12,,,metadata,
prot-198687--62,88,13,,,metadata,
prot-198687--62,88,14,,,metadata,
prot-198687--62,88,15,,,metadata,
prot-198687--62,88,16,,,metadata,
prot-198687--62,88,17,,,metadata,
prot-198687--62,88,18,,,metadata,
prot-198687--62,88,19,,,metadata,
prot-198687--62,89,2,,,metadata,
prot-198687--62,89,3,,,metadata,
prot-198687--62,89,5,,,metadata,
prot-198687--62,89,7,,,metadata,
prot-198687--62,89,8,,,metadata,
prot-198687--62,89,9,,,metadata,
prot-198687--62,89,10,,,metadata,
prot-198687--62,89,11,,,metadata,
prot-198687--62,89,12,,,metadata,
prot-198687--62,89,13,,,metadata,
prot-198687--62,89,16,,,metadata,
prot-198687--62,89,17,,,metadata,
prot-198687--62,89,18,,,metadata,
prot-198687--62,89,19,,,metadata,
prot-198687--62,89,20,,,metadata,
prot-198687--62,89,21,,,metadata,
prot-198687--62,89,22,,,metadata,
prot-198687--62,90,1,,,metadata,
prot-198687--62,90,2,,,metadata,
prot-198687--62,90,3,,,metadata,
prot-198687--62,90,4,,,metadata,
prot-198687--62,90,5,,,metadata,
prot-198687--62,90,6,,,metadata,
prot-198687--62,90,7,,,metadata,
prot-198687--62,90,8,,,metadata,
prot-198687--62,90,9,,,metadata,
prot-198687--62,90,10,,,metadata,
prot-198687--62,90,11,,,metadata,
prot-198687--62,90,12,,,metadata,
prot-198687--62,90,13,,,metadata,
prot-198687--62,90,14,,,metadata,
prot-198687--62,90,15,,,metadata,
prot-198687--62,90,16,,,metadata,
prot-198687--62,90,17,,,metadata,
prot-198687--62,90,18,,,metadata,
prot-198687--62,90,19,,,metadata,
prot-198687--62,90,20,,,metadata,
prot-198687--62,90,22,,,metadata,
prot-198687--62,91,2,,,metadata,
prot-198687--62,91,3,,,metadata,
prot-198687--62,91,4,,,metadata,
prot-198687--62,91,5,,,metadata,
prot-198687--62,91,6,,,metadata,
prot-198687--62,91,7,,,metadata,
prot-198687--62,91,8,,,metadata,
prot-198687--62,91,9,,,metadata,
prot-198687--62,91,10,,,metadata,
prot-198687--62,91,11,,,metadata,
prot-198687--62,91,12,,,metadata,
prot-198687--62,91,13,,,metadata,
prot-198687--62,91,14,,,metadata,
prot-198687--62,91,15,,,metadata,
prot-198687--62,91,16,,,metadata,
prot-198687--62,91,17,,,metadata,
prot-198687--62,91,18,,,metadata,
prot-198687--62,91,19,,,metadata,
prot-198687--62,91,21,,,metadata,
prot-198687--62,91,22,,,metadata,
prot-198687--62,91,23,,,metadata,
prot-198687--62,92,1,,,metadata,
prot-198687--62,92,2,,,metadata,
prot-198687--62,92,3,,,metadata,
prot-198687--62,92,4,,,metadata,
prot-198687--62,92,5,,,metadata,
prot-198687--62,92,7,,,metadata,
prot-198687--62,92,9,,,metadata,
prot-198687--62,92,11,,,metadata,
prot-198687--62,92,12,,,metadata,
prot-198687--62,92,13,,,metadata,
prot-198687--62,92,14,,,metadata,
prot-198687--62,92,17,,,metadata,
prot-198687--62,92,19,,,metadata,
prot-198687--62,92,20,,,metadata,
prot-198687--62,93,2,,,metadata,
prot-198687--62,93,3,,,metadata,
prot-198687--62,93,4,,,metadata,
prot-198687--62,93,7,,,metadata,
prot-198687--62,93,9,,,metadata,
prot-198687--62,93,10,,,metadata,
prot-198687--62,93,12,,,metadata,
prot-198687--62,93,13,,,metadata,
prot-198687--62,93,14,,,metadata,
prot-198687--62,93,15,,,metadata,
prot-198687--62,93,16,,,metadata,
prot-198687--62,93,17,,,metadata,
prot-198687--62,93,18,,,metadata,
prot-198687--62,93,19,,,metadata,
prot-198687--62,93,20,,,metadata,
prot-198687--62,93,21,,,metadata,
prot-198687--62,94,1,,,metadata,
prot-198687--62,94,2,,,metadata,
prot-198687--62,94,3,,,metadata,
prot-198687--62,94,4,,,metadata,
prot-198687--62,94,5,,,metadata,
prot-198687--62,94,6,,,metadata,
prot-198687--62,94,7,,,metadata,
prot-198687--62,94,8,,,metadata,
prot-198687--62,94,9,,,metadata,
prot-198687--62,94,10,,,metadata,
prot-198687--62,94,11,,,metadata,
prot-198687--62,94,12,,,metadata,
prot-198687--62,94,13,,,metadata,
prot-198687--62,94,14,,,metadata,
prot-198687--62,94,15,,,metadata,
prot-198687--62,94,16,,,metadata,
prot-198687--62,94,17,,,metadata,
prot-198687--62,94,18,,,metadata,
prot-198687--62,94,19,,,metadata,
prot-198687--62,95,1,,,metadata,
prot-198687--62,95,2,,,metadata,
prot-198687--62,95,4,,,metadata,
prot-198687--62,95,5,,,metadata,
prot-198687--62,95,7,,,metadata,
prot-198687--62,95,8,,,metadata,
prot-198687--62,95,9,,,metadata,
prot-198687--62,95,10,,,metadata,
prot-198687--62,95,11,,,metadata,
prot-198687--62,95,12,,,metadata,
prot-198687--62,95,13,,,metadata,
prot-198687--62,95,14,,,metadata,
prot-198687--62,95,15,,,metadata,
prot-198687--62,95,17,,,metadata,
prot-198687--62,95,19,,,metadata,
prot-198687--62,95,20,,,metadata,
prot-198687--62,96,2,,,metadata,
prot-198687--62,96,3,,,metadata,
prot-198687--62,96,4,,,metadata,
prot-198687--62,96,5,,,metadata,
prot-198687--62,96,6,,,metadata,
prot-198687--62,96,7,,,metadata,
prot-198687--62,96,8,,,metadata,
prot-198687--62,96,9,,,metadata,
prot-198687--62,96,11,,,metadata,
prot-198687--62,96,12,,,metadata,
prot-198687--62,96,13,,,metadata,
prot-198687--62,96,14,,,metadata,
prot-198687--62,96,15,,,metadata,
prot-198687--62,96,16,,,metadata,
prot-198687--62,96,17,,,metadata,
prot-198687--62,96,18,,,metadata,
prot-198687--62,96,19,,,metadata,
prot-198687--62,96,20,,,metadata,
prot-198687--62,96,21,,,metadata,
prot-198687--62,97,2,,,metadata,
prot-198687--62,97,3,,,metadata,
prot-198687--62,97,4,,,metadata,
prot-198687--62,97,5,,,metadata,
prot-198687--62,97,6,,,metadata,
prot-198687--62,97,7,,,metadata,
prot-198687--62,97,8,,,metadata,
prot-198687--62,97,9,,,metadata,
prot-198687--62,97,10,,,metadata,
prot-198687--62,97,11,,,metadata,
prot-198687--62,97,12,,,metadata,
prot-198687--62,97,13,,,metadata,
prot-198687--62,97,14,,,metadata,
prot-198687--62,97,16,,,metadata,
prot-198687--62,97,17,,,metadata,
prot-198687--62,97,18,,,metadata,
prot-198687--62,97,19,,,metadata,
prot-198687--62,97,20,,,metadata,
prot-198687--62,97,21,,,metadata,
prot-198687--62,98,2,,,metadata,
prot-198687--62,98,3,,,metadata,
prot-198687--62,98,4,,,metadata,
prot-198687--62,98,5,,,metadata,
prot-198687--62,98,6,,,metadata,
prot-198687--62,98,7,,,metadata,
prot-198687--62,98,8,,,metadata,
prot-198687--62,98,10,,,metadata,
prot-198687--62,98,11,,,metadata,
prot-198687--62,98,12,,,metadata,
prot-198687--62,98,13,,,metadata,
prot-198687--62,98,14,,,metadata,
prot-198687--62,98,15,,,metadata,
prot-198687--62,98,16,,,metadata,
prot-198687--62,98,17,,,metadata,
prot-198687--62,98,18,,,metadata,
prot-198687--62,98,20,,,metadata,
prot-198687--62,99,2,,,metadata,
prot-198687--62,99,3,,,metadata,
prot-198687--62,99,4,,,metadata,
prot-198687--62,99,5,,,metadata,
prot-198687--62,99,6,,,metadata,
prot-198687--62,99,8,,,metadata,
prot-198687--62,99,9,,,metadata,
prot-198687--62,99,10,,,metadata,
prot-198687--62,99,11,,,metadata,
prot-198687--62,99,12,,,metadata,
prot-198687--62,99,13,,,metadata,
prot-198687--62,99,14,,,metadata,
prot-198687--62,99,15,,,metadata,
prot-198687--62,99,16,,,metadata,
prot-198687--62,99,17,,,metadata,
prot-198687--62,99,18,,,metadata,
prot-198687--62,99,19,,,metadata,
prot-198687--62,99,20,,,metadata,
prot-198687--62,99,21,,,metadata,
prot-198687--62,99,22,,,metadata,
prot-198687--62,99,23,,,metadata,
prot-198687--62,100,1,,,metadata,
prot-198687--62,100,2,,,metadata,
prot-198687--62,100,3,,,metadata,
prot-198687--62,100,4,,,metadata,
prot-198687--62,100,5,,,metadata,
prot-198687--62,100,6,,,metadata,
prot-198687--62,100,7,,,metadata,
prot-198687--62,100,8,,,metadata,
prot-198687--62,100,10,,,metadata,
prot-198687--62,100,11,,,metadata,
prot-198687--62,100,12,,,metadata,
prot-198687--62,100,13,,,metadata,
prot-198687--62,100,14,,,metadata,
prot-198687--62,100,15,,,metadata,
prot-198687--62,100,16,,,metadata,
prot-198687--62,100,17,,,metadata,
prot-198687--62,100,18,,,metadata,
prot-198687--62,100,20,,,metadata,
prot-198687--62,100,21,,,metadata,
prot-198687--62,100,22,,,metadata,
prot-198687--62,101,1,,,metadata,
prot-198687--62,101,2,,,metadata,
prot-198687--62,101,3,,,metadata,
prot-198687--62,101,5,,,metadata,
prot-198687--62,101,6,,,metadata,
prot-198687--62,101,7,,,metadata,
prot-198687--62,101,8,,,metadata,
prot-198687--62,101,9,,,metadata,
prot-198687--62,101,10,,,metadata,
prot-198687--62,101,11,,,metadata,
prot-198687--62,101,12,,,metadata,
prot-198687--62,101,13,,,metadata,
prot-198687--62,101,14,,,metadata,
prot-198687--62,101,15,,,metadata,
prot-198687--62,101,16,,,metadata,
prot-198687--62,101,17,,,metadata,
prot-198687--62,101,19,,,metadata,
prot-198687--62,101,20,,,metadata,
prot-198687--62,101,21,,,metadata,
prot-198687--62,101,22,,,metadata,
prot-198687--62,101,23,,,metadata,
prot-198687--62,102,1,,,metadata,
prot-198687--62,102,2,,,metadata,
prot-198687--62,102,3,,,metadata,
prot-198687--62,102,4,,,metadata,
prot-198687--62,102,5,,,metadata,
prot-198687--62,102,6,,,metadata,
prot-198687--62,102,7,,,metadata,
prot-198687--62,102,8,,,metadata,
prot-198687--62,102,9,,,metadata,
prot-198687--62,102,10,,,metadata,
prot-198687--62,102,11,,,metadata,
prot-198687--62,102,12,,,metadata,
prot-198687--62,102,13,,,metadata,
prot-198687--62,102,14,,,metadata,
prot-198687--62,102,15,,,metadata,
prot-198687--62,102,16,,,metadata,
prot-198687--62,102,17,,,metadata,
prot-198687--62,102,19,,,metadata,
prot-198687--62,102,21,,,metadata,
prot-198687--62,103,2,,,metadata,
prot-198687--62,103,3,,,metadata,
prot-198687--62,103,4,,,metadata,
prot-198687--62,103,5,,,metadata,
prot-198687--62,103,6,,,metadata,
prot-198687--62,103,7,,,metadata,
prot-198687--62,103,8,,,metadata,
prot-198687--62,103,9,,,metadata,
prot-198687--62,103,10,,,metadata,
prot-198687--62,103,11,,,metadata,
prot-198687--62,103,14,,,metadata,
prot-198687--62,103,15,,,metadata,
prot-198687--62,103,16,,,metadata,
prot-198687--62,103,17,,,metadata,
prot-198687--62,103,18,,,metadata,
prot-198687--62,103,19,,,metadata,
prot-198687--62,103,20,,,metadata,
prot-198687--62,103,21,,,metadata,
prot-198687--62,104,2,,,metadata,
prot-198687--62,104,3,,,metadata,
prot-198687--62,104,4,,,metadata,
prot-198687--62,104,5,,,metadata,
prot-198687--62,104,6,,,metadata,
prot-198687--62,104,7,,,metadata,
prot-198687--62,104,8,,,metadata,
prot-198687--62,104,9,,,metadata,
prot-198687--62,104,10,,,metadata,
prot-198687--62,104,11,,,metadata,
prot-198687--62,104,12,,,metadata,
prot-198687--62,104,13,,,metadata,
prot-198687--62,104,14,,,metadata,
prot-198687--62,104,15,,,metadata,
prot-198687--62,104,16,,,metadata,
prot-198687--62,104,18,,,metadata,
prot-198687--62,104,19,,,metadata,
prot-198687--62,104,20,,,metadata,
prot-198687--62,104,21,,,metadata,
prot-198687--62,104,23,,,metadata,
prot-198687--62,105,2,,,metadata,
prot-198687--62,105,3,,,metadata,
prot-198687--62,105,4,,,metadata,
prot-198687--62,105,6,,,metadata,
prot-198687--62,105,8,,,metadata,
prot-198687--62,105,9,,,metadata,
prot-198687--62,105,10,,,metadata,
prot-198687--62,105,11,,,metadata,
prot-198687--62,105,12,,,metadata,
prot-198687--62,105,13,,,metadata,
prot-198687--62,105,14,,,metadata,
prot-198687--62,105,15,,,metadata,
prot-198687--62,105,16,,,metadata,
prot-198687--62,105,17,,,metadata,
prot-198687--62,105,18,,,metadata,
prot-198687--62,105,20,,,metadata,
prot-198687--62,105,21,,,metadata,
prot-198687--62,105,22,,,metadata,
prot-198687--62,105,23,,,metadata,
prot-198687--62,106,1,,,metadata,
prot-198687--62,106,2,,,metadata,
prot-198687--62,106,3,,,metadata,
prot-198687--62,106,5,,,metadata,
prot-198687--62,106,6,,,metadata,
prot-198687--62,106,7,,,metadata,
prot-198687--62,106,8,,,metadata,
prot-198687--62,106,9,,,metadata,
prot-198687--62,106,10,,,metadata,
prot-198687--62,106,11,,,metadata,
prot-198687--62,106,12,,,metadata,
prot-198687--62,106,13,,,metadata,
prot-198687--62,106,14,,,metadata,
prot-198687--62,106,15,,,metadata,
prot-198687--62,106,16,,,metadata,
prot-198687--62,106,17,,,metadata,
prot-198687--62,106,18,,,metadata,
prot-198687--62,106,20,,,metadata,
prot-198687--62,106,23,,,metadata,
prot-198687--62,107,1,,,metadata,
prot-198687--62,107,2,,,metadata,
prot-198687--62,107,3,,,metadata,
prot-198687--62,107,5,,,metadata,
prot-198687--62,107,6,,,metadata,
prot-198687--62,107,7,,,metadata,
prot-198687--62,107,8,,,metadata,
prot-198687--62,107,9,,,metadata,
prot-198687--62,107,10,,,metadata,
prot-198687--62,107,11,,,metadata,
prot-198687--62,107,12,,,metadata,
prot-198687--62,107,13,,,metadata,
prot-198687--62,107,14,,,metadata,
prot-198687--62,107,15,,,metadata,
prot-198687--62,107,16,,,metadata,
prot-198687--62,107,17,,,metadata,
prot-198687--62,107,18,,,metadata,
prot-198687--62,107,19,,,metadata,
prot-198687--62,107,20,,,metadata,
prot-198687--62,107,21,,,metadata,
prot-198687--62,107,22,,,metadata,
prot-198687--62,107,23,,,metadata,
prot-198687--62,108,0,,,metadata,
prot-198687--62,108,1,,,metadata,
prot-198687--62,108,2,,,metadata,
prot-198687--62,108,3,,,metadata,
prot-198687--62,108,4,,,metadata,
prot-198687--62,108,5,,,metadata,
prot-198687--62,108,6,,,metadata,
prot-198687--62,108,7,,,metadata,
prot-198687--62,108,9,,,metadata,
prot-198687--62,108,10,,,metadata,
prot-198687--62,108,11,,,metadata,
prot-198687--62,108,12,,,metadata,
prot-198687--62,108,13,,,metadata,
prot-198687--62,108,14,,,metadata,
prot-198687--62,108,15,,,metadata,
prot-198687--62,108,16,,,metadata,
prot-198687--62,108,17,,,metadata,
prot-198687--62,108,19,,,metadata,
prot-198687--62,108,20,,,metadata,
prot-198687--62,109,2,,,metadata,
prot-198687--62,109,3,,,metadata,
prot-198687--62,109,4,,,metadata,
prot-198687--62,109,5,,,metadata,
prot-198687--62,109,6,,,metadata,
prot-198687--62,109,7,,,metadata,
prot-198687--62,109,8,,,metadata,
prot-198687--62,109,9,,,metadata,
prot-198687--62,109,10,,,metadata,
prot-198687--62,109,11,,,metadata,
prot-198687--62,109,12,,,metadata,
prot-198687--62,109,13,,,metadata,
prot-198687--62,109,14,,,metadata,
prot-198687--62,109,15,,,metadata,
prot-198687--62,109,16,,,metadata,
prot-198687--62,109,17,,,metadata,
prot-198687--62,109,18,,,metadata,
prot-198687--62,109,19,,,metadata,
prot-198687--62,109,20,,,metadata,
prot-198687--62,109,21,,,metadata,
prot-198687--62,109,22,,,metadata,
prot-198687--62,109,23,,,metadata,
prot-198687--62,110,1,,,metadata,
prot-198687--62,110,2,,,metadata,
prot-198687--62,110,3,,,metadata,
prot-198687--62,110,4,,,metadata,
prot-198687--62,110,5,,,metadata,
prot-198687--62,110,6,,,metadata,
prot-198687--62,110,7,,,metadata,
prot-198687--62,110,8,,,metadata,
prot-198687--62,110,9,,,metadata,
prot-198687--62,110,10,,,metadata,
prot-198687--62,110,11,,,metadata,
prot-198687--62,110,12,,,metadata,
prot-198687--62,110,13,,,metadata,
prot-198687--62,110,14,,,metadata,
prot-198687--62,110,15,,,metadata,
prot-198687--62,110,16,,,metadata,
prot-198687--62,110,17,,,metadata,
prot-198687--62,110,18,,,metadata,
prot-198687--62,110,19,,,metadata,
prot-198687--62,110,22,,,metadata,
prot-198687--62,111,2,,,metadata,
prot-198687--62,111,3,,,metadata,
prot-198687--62,111,4,,,metadata,
prot-198687--62,111,5,,,metadata,
prot-198687--62,111,6,,,metadata,
prot-198687--62,111,7,,,metadata,
prot-198687--62,111,8,,,metadata,
prot-198687--62,111,9,,,metadata,
prot-198687--62,111,10,,,metadata,
prot-198687--62,111,11,,,metadata,
prot-198687--62,111,12,,,metadata,
prot-198687--62,111,13,,,metadata,
prot-198687--62,111,14,,,metadata,
prot-198687--62,111,15,,,metadata,
prot-198687--62,111,17,,,metadata,
prot-198687--62,111,18,,,metadata,
prot-198687--62,111,19,,,metadata,
prot-198687--62,111,20,,,metadata,
prot-198687--62,111,21,,,metadata,
prot-198687--62,111,22,,,metadata,
prot-198687--62,111,23,,,metadata,
prot-198687--62,112,1,,,metadata,
prot-198687--62,112,2,,,metadata,
prot-198687--62,112,3,,,metadata,
prot-198687--62,112,4,,,metadata,
prot-198687--62,112,5,,,metadata,
prot-198687--62,112,6,,,metadata,
prot-198687--62,112,7,,,metadata,
prot-198687--62,112,8,,,metadata,
prot-198687--62,112,9,,,metadata,
prot-198687--62,112,10,,,metadata,
prot-198687--62,112,11,,,metadata,
prot-198687--62,112,12,,,metadata,
prot-198687--62,112,13,,,metadata,
prot-198687--62,112,14,,,metadata,
prot-198687--62,112,15,,,metadata,
prot-198687--62,112,16,,,metadata,
prot-198687--62,112,17,,,metadata,
prot-198687--62,112,18,,,metadata,
prot-198687--62,112,19,,,metadata,
prot-198687--62,112,20,,,metadata,
prot-198687--62,112,21,,,metadata,
prot-198687--62,113,3,,,metadata,
prot-198687--62,113,4,,,metadata,
prot-198687--62,113,5,,,metadata,
prot-198687--62,113,6,,,metadata,
prot-198687--62,113,7,,,metadata,
prot-198687--62,113,8,,,metadata,
prot-198687--62,113,9,,,metadata,
prot-198687--62,113,11,,,metadata,
prot-198687--62,113,12,,,metadata,
prot-198687--62,113,13,,,metadata,
prot-198687--62,113,14,,,metadata,
prot-198687--62,113,16,,,metadata,
prot-198687--62,113,17,,,metadata,
prot-198687--62,113,18,,,metadata,
prot-198687--62,113,19,,,metadata,
prot-198687--62,113,20,,,metadata,
prot-198687--62,113,21,,,metadata,
prot-198687--62,113,22,,,metadata,
prot-198687--62,113,23,,,metadata,
prot-198687--62,114,0,,,metadata,
prot-198687--62,114,1,,,metadata,
prot-198687--62,114,2,,,metadata,
prot-198687--62,114,3,,,metadata,
prot-198687--62,114,4,,,metadata,
prot-198687--62,114,5,,,metadata,
prot-198687--62,114,7,,,metadata,
prot-198687--62,114,8,,,metadata,
prot-198687--62,114,9,,,metadata,
prot-198687--62,114,10,,,metadata,
prot-198687--62,114,11,,,metadata,
prot-198687--62,114,12,,,metadata,
prot-198687--62,114,13,,,metadata,
prot-198687--62,114,14,,,metadata,
prot-198687--62,114,15,,,metadata,
prot-198687--62,114,16,,,metadata,
prot-198687--62,114,17,,,metadata,
prot-198687--62,114,18,,,metadata,
prot-198687--62,114,19,,,metadata,
prot-198687--62,115,1,,,metadata,
prot-198687--62,115,2,,,metadata,
prot-198687--62,115,3,,,metadata,
prot-198687--62,115,6,,,metadata,
prot-198687--62,115,7,,,metadata,
prot-198687--62,115,8,,,metadata,
prot-198687--62,115,10,,,metadata,
prot-198687--62,115,11,,,metadata,
prot-198687--62,115,12,,,metadata,
prot-198687--62,115,13,,,metadata,
prot-198687--62,115,14,,,metadata,
prot-198687--62,115,15,,,metadata,
prot-198687--62,115,17,,,metadata,
prot-198687--62,115,18,,,metadata,
prot-198687--62,115,19,,,metadata,
prot-198687--62,115,20,,,metadata,
prot-198687--62,115,21,,,metadata,
prot-198687--62,116,2,,,metadata,
prot-198687--62,116,3,,,metadata,
prot-198687--62,116,4,,,metadata,
prot-198687--62,116,5,,,metadata,
prot-198687--62,116,6,,,metadata,
prot-198687--62,116,7,,,metadata,
prot-198687--62,116,9,,,metadata,
prot-198687--62,116,10,,,metadata,
prot-198687--62,116,12,,,metadata,
prot-198687--62,116,13,,,metadata,
prot-198687--62,116,14,,,metadata,
prot-198687--62,116,15,,,metadata,
prot-198687--62,116,16,,,metadata,
prot-198687--62,116,17,,,metadata,
prot-198687--62,116,18,,,metadata,
prot-198687--62,116,19,,,metadata,
prot-198687--62,117,2,,,metadata,
prot-198687--62,117,3,,,metadata,
prot-198687--62,117,4,,,metadata,
prot-198687--62,117,5,,,metadata,
prot-198687--62,117,6,,,metadata,
prot-198687--62,117,7,,,metadata,
prot-198687--62,117,8,,,metadata,
prot-198687--62,117,9,,,metadata,
prot-198687--62,117,10,,,metadata,
prot-198687--62,117,11,,,metadata,
prot-198687--62,117,12,,,metadata,
prot-198687--62,117,13,,,metadata,
prot-198687--62,117,14,,,metadata,
prot-198687--62,117,17,,,metadata,
prot-198687--62,117,18,,,metadata,
prot-198687--62,117,19,,,metadata,
prot-198687--62,117,20,,,metadata,
prot-198687--62,117,21,,,metadata,
prot-198687--62,117,22,,,metadata,
prot-198687--62,117,23,,,metadata,
prot-198687--62,118,1,,,metadata,
prot-198687--62,118,2,,,metadata,
prot-198687--62,118,3,,,metadata,
prot-198687--62,118,4,,,metadata,
prot-198687--62,118,5,,,metadata,
prot-198687--62,118,6,,,metadata,
prot-198687--62,118,7,,,metadata,
prot-198687--62,118,8,,,metadata,
prot-198687--62,118,9,,,metadata,
prot-198687--62,118,10,,,metadata,
prot-198687--62,118,11,,,metadata,
prot-198687--62,118,12,,,metadata,
prot-198687--62,118,13,,,metadata,
prot-198687--62,118,15,,,metadata,
prot-198687--62,118,16,,,metadata,
prot-198687--62,118,17,,,metadata,
prot-198687--62,118,18,,,metadata,
prot-198687--62,118,19,,,metadata,
prot-198687--62,118,22,,,metadata,
prot-198687--62,119,2,,,metadata,
prot-198687--62,119,3,,,metadata,
prot-198687--62,119,4,,,metadata,
prot-198687--62,119,5,,,metadata,
prot-198687--62,119,6,,,metadata,
prot-198687--62,119,7,,,metadata,
prot-198687--62,119,8,,,metadata,
prot-198687--62,119,9,,,metadata,
prot-198687--62,119,10,,,metadata,
prot-198687--62,119,11,,,metadata,
prot-198687--62,119,13,,,metadata,
prot-198687--62,119,14,,,metadata,
prot-198687--62,119,15,,,metadata,
prot-198687--62,119,16,,,metadata,
prot-198687--62,119,17,,,metadata,
prot-198687--62,119,18,,,metadata,
prot-198687--62,119,19,,,metadata,
prot-198687--62,119,20,,,metadata,
prot-198687--62,119,21,,,metadata,
prot-198687--62,119,22,,,metadata,
prot-198687--62,120,2,,,metadata,
prot-198687--62,120,3,,,metadata,
prot-198687--62,120,4,,,metadata,
prot-198687--62,120,5,,,metadata,
prot-198687--62,120,6,,,metadata,
prot-198687--62,120,7,,,metadata,
prot-198687--62,120,8,,,metadata,
prot-198687--62,120,10,,,metadata,
prot-198687--62,120,11,,,metadata,
prot-198687--62,120,12,,,metadata,
prot-198687--62,120,13,,,metadata,
prot-198687--62,120,14,,,metadata,
prot-198687--62,120,16,,,metadata,
prot-198687--62,120,17,,,metadata,
prot-198687--62,120,18,,,metadata,
prot-198687--62,120,19,,,metadata,
prot-198687--62,120,20,,,metadata,
prot-198687--62,120,21,,,metadata,
prot-198687--62,120,22,,,metadata,
prot-198687--62,121,2,,,metadata,
prot-198687--62,121,3,,,metadata,
prot-198687--62,121,4,,,metadata,
prot-198687--62,121,5,,,metadata,
prot-198687--62,121,6,,,metadata,
prot-198687--62,121,8,,,metadata,
prot-198687--62,121,9,,,metadata,
prot-198687--62,121,10,,,metadata,
prot-198687--62,121,11,,,metadata,
prot-198687--62,121,13,,,metadata,
prot-198687--62,121,14,,,metadata,
prot-198687--62,121,15,,,metadata,
prot-198687--62,121,16,,,metadata,
prot-198687--62,121,17,,,metadata,
prot-198687--62,121,18,,,metadata,
prot-198687--62,121,19,,,metadata,
prot-198687--62,121,20,,,metadata,
prot-198687--62,121,21,,,metadata,
prot-198687--62,121,22,,,metadata,
prot-198687--62,122,1,,,metadata,
prot-198687--62,122,2,,,metadata,
prot-198687--62,122,3,,,metadata,
prot-198687--62,122,4,,,metadata,
prot-198687--62,122,5,,,metadata,
prot-198687--62,122,6,,,metadata,
prot-198687--62,122,7,,,metadata,
prot-198687--62,122,8,,,metadata,
prot-198687--62,122,9,,,metadata,
prot-198687--62,122,10,,,metadata,
prot-198687--62,122,11,,,metadata,
prot-198687--62,122,12,,,metadata,
prot-198687--62,122,13,,,metadata,
prot-198687--62,122,14,,,metadata,
prot-198687--62,122,15,,,metadata,
prot-198687--62,122,16,,,metadata,
prot-198687--62,122,17,,,metadata,
prot-198687--62,122,18,,,metadata,
prot-198687--62,122,19,,,metadata,
prot-198687--62,122,20,,,metadata,
prot-198687--62,122,21,,,metadata,
prot-198687--62,123,3,,,metadata,
prot-198687--62,123,4,,,metadata,
prot-198687--62,123,5,,,metadata,
prot-198687--62,123,7,,,metadata,
prot-198687--62,123,8,,,metadata,
prot-198687--62,123,9,,,metadata,
prot-198687--62,123,10,,,metadata,
prot-198687--62,123,11,,,metadata,
prot-198687--62,123,13,,,metadata,
prot-198687--62,123,14,,,metadata,
prot-198687--62,123,15,,,metadata,
prot-198687--62,123,16,,,metadata,
prot-198687--62,123,17,,,metadata,
prot-198687--62,123,18,,,metadata,
prot-198687--62,123,20,,,metadata,
prot-198687--62,123,21,,,metadata,
prot-198687--62,123,22,,,metadata,
prot-198687--62,123,23,,,metadata,
prot-198687--62,123,25,,,metadata,
prot-198687--62,124,0,,,metadata,
prot-198687--62,124,1,,,metadata,
prot-198687--62,124,2,,,metadata,
prot-198687--62,124,3,,,metadata,
prot-198687--62,124,4,,,metadata,
prot-198687--62,124,5,,,metadata,
prot-198687--62,124,6,,,metadata,
prot-198687--62,124,7,,,metadata,
prot-198687--62,124,8,,,metadata,
prot-198687--62,124,9,,,metadata,
prot-198687--62,124,10,,,metadata,
prot-198687--62,124,11,,,metadata,
prot-198687--62,124,12,,,metadata,
prot-198687--62,124,13,,,metadata,
prot-198687--62,124,14,,,metadata,
prot-198687--62,124,16,,,metadata,
prot-198687--62,124,17,,,metadata,
prot-198687--62,124,18,,,metadata,
prot-198687--62,125,2,,,metadata,
prot-198687--62,125,3,,,metadata,
prot-198687--62,125,4,,,metadata,
prot-198687--62,125,5,,,metadata,
prot-198687--62,125,6,,,metadata,
prot-198687--62,125,7,,,metadata,
prot-198687--62,125,8,,,metadata,
prot-198687--62,125,9,,,metadata,
prot-198687--62,125,10,,,metadata,
prot-198687--62,125,11,,,metadata,
prot-198687--62,125,12,,,metadata,
prot-198687--62,125,13,,,metadata,
prot-198687--62,125,14,,,metadata,
prot-198687--62,125,15,,,metadata,
prot-198687--62,125,16,,,metadata,
prot-198687--62,125,17,,,metadata,
prot-198687--62,125,19,,,metadata,
prot-198687--62,125,21,,,metadata,
prot-198687--62,125,22,,,metadata,
prot-198687--62,125,23,,,metadata,
prot-198687--62,126,1,,,metadata,
prot-198687--62,126,2,,,metadata,
prot-198687--62,126,3,,,metadata,
prot-198687--62,126,4,,,metadata,
prot-198687--62,126,5,,,metadata,
prot-198687--62,126,6,,,metadata,
prot-198687--62,126,7,,,metadata,
prot-198687--62,126,8,,,metadata,
prot-198687--62,126,9,,,metadata,
prot-198687--62,126,10,,,metadata,
prot-198687--62,126,11,,,metadata,
prot-198687--62,126,12,,,metadata,
prot-198687--62,126,13,,,metadata,
prot-198687--62,126,14,,,metadata,
prot-198687--62,126,15,,,metadata,
prot-198687--62,126,16,,,metadata,
prot-198687--62,126,18,,,metadata,
prot-198687--62,127,1,,,metadata,
prot-198687--62,127,2,,,metadata,
prot-198687--62,127,3,,,metadata,
prot-198687--62,127,4,,,metadata,
prot-198687--62,127,5,,,metadata,
prot-198687--62,127,8,,,metadata,
prot-198687--62,127,9,,,metadata,
prot-198687--62,127,11,,,metadata,
prot-198687--62,127,12,,,metadata,
prot-198687--62,127,13,,,metadata,
prot-198687--62,127,14,,,metadata,
prot-198687--62,127,15,,,metadata,
prot-198687--62,127,16,,,metadata,
prot-198687--62,127,17,,,metadata,
prot-198687--62,127,18,,,metadata,
prot-198687--62,127,20,,,metadata,
prot-198687--62,127,21,,,metadata,
prot-198687--62,128,2,,,metadata,
prot-198687--62,128,3,,,metadata,
prot-198687--62,128,4,,,metadata,
prot-198687--62,128,5,,,metadata,
prot-198687--62,128,7,,,metadata,
prot-198687--62,128,8,,,metadata,
prot-198687--62,128,9,,,metadata,
prot-198687--62,128,10,,,metadata,
prot-198687--62,128,11,,,metadata,
prot-198687--62,128,13,,,metadata,
prot-198687--62,128,14,,,metadata,
prot-198687--62,128,15,,,metadata,
prot-198687--62,128,16,,,metadata,
prot-198687--62,128,17,,,metadata,
prot-198687--62,128,19,,,metadata,
prot-198687--62,128,21,,,metadata,
prot-198687--62,129,1,,,metadata,
prot-198687--62,129,2,,,metadata,
prot-198687--62,129,3,,,metadata,
prot-198687--62,129,4,,,metadata,
prot-198687--62,129,5,,,metadata,
prot-198687--62,129,6,,,metadata,
prot-198687--62,129,8,,,metadata,
prot-198687--62,129,9,,,metadata,
prot-198687--62,129,10,,,metadata,
prot-198687--62,129,11,,,metadata,
prot-198687--62,129,12,,,metadata,
prot-198687--62,129,13,,,metadata,
prot-198687--62,129,14,,,metadata,
prot-198687--62,129,15,,,metadata,
prot-198687--62,129,16,,,metadata,
prot-198687--62,129,17,,,metadata,
prot-198687--62,129,18,,,metadata,
prot-198687--62,129,19,,,metadata,
prot-198687--62,129,20,,,metadata,
prot-198687--62,130,3,,,metadata,
prot-198687--62,130,4,,,metadata,
prot-198687--62,130,5,,,metadata,
prot-198687--62,130,6,,,metadata,
prot-198687--62,130,7,,,metadata,
prot-198687--62,130,8,,,metadata,
prot-198687--62,130,9,,,metadata,
prot-198687--62,130,10,,,metadata,
prot-198687--62,130,12,,,metadata,
prot-198687--62,130,13,,,metadata,
prot-198687--62,130,14,,,metadata,
prot-198687--62,130,15,,,metadata,
prot-198687--62,130,16,,,metadata,
prot-198687--62,130,18,,,metadata,
prot-198687--62,130,19,,,metadata,
prot-198687--62,130,20,,,metadata,
prot-198687--62,131,0,,,metadata,
prot-198687--62,131,1,,,metadata,
prot-198687--62,131,2,,,metadata,
prot-198687--62,131,3,,,metadata,
prot-198687--62,131,4,,,metadata,
prot-198687--62,131,6,,,metadata,
prot-198687--62,131,7,,,metadata,
prot-198687--62,131,8,,,metadata,
prot-198687--62,131,9,,,metadata,
prot-198687--62,131,10,,,metadata,
prot-198687--62,131,11,,,metadata,
prot-198687--62,131,13,,,metadata,
prot-198687--62,131,14,,,metadata,
prot-198687--62,131,15,,,metadata,
prot-198687--62,131,16,,,metadata,
prot-198687--62,131,17,,,metadata,
prot-198687--62,132,0,,,metadata,
prot-198687--62,132,2,,,metadata,
prot-198687--62,132,3,,,metadata,
prot-198687--62,132,5,,,metadata,
prot-198687--62,132,6,,,metadata,
prot-198687--62,132,7,,,metadata,
prot-198687--62,132,8,,,metadata,
prot-198687--62,132,9,,,metadata,
prot-198687--62,132,11,,,metadata,
prot-198687--62,132,12,,,metadata,
prot-198687--62,132,13,,,metadata,
prot-198687--62,132,14,,,metadata,
prot-198687--62,132,15,,,metadata,
prot-198687--62,132,16,,,metadata,
prot-198687--62,132,17,,,metadata,
prot-198687--62,133,2,,,metadata,
prot-198687--62,133,3,,,metadata,
prot-198687--62,133,4,,,metadata,
prot-198687--62,133,5,,,metadata,
prot-198687--62,133,6,,,metadata,
prot-198687--62,133,7,,,metadata,
prot-198687--62,133,8,,,metadata,
prot-198687--62,133,9,,,metadata,
prot-198687--62,133,10,,,metadata,
prot-198687--62,133,11,,,metadata,
prot-198687--62,133,12,,,metadata,
prot-198687--62,133,14,,,metadata,
prot-198687--62,133,15,,,metadata,
prot-198687--62,133,16,,,metadata,
prot-198687--62,133,18,,,metadata,
prot-198687--62,133,19,,,metadata,
prot-198687--62,133,20,,,metadata,
prot-198687--62,134,2,,,metadata,
prot-198687--62,134,3,,,metadata,
prot-198687--62,134,4,,,metadata,
prot-198687--62,134,5,,,metadata,
prot-198687--62,134,6,,,metadata,
prot-198687--62,134,7,,,metadata,
prot-198687--62,134,8,,,metadata,
prot-198687--62,134,9,,,metadata,
prot-198687--62,134,10,,,metadata,
prot-198687--62,134,11,,,metadata,
prot-198687--62,134,12,,,metadata,
prot-198687--62,134,13,,,metadata,
prot-198687--62,134,14,,,metadata,
prot-198687--62,134,15,,,metadata,
prot-198687--62,134,16,,,metadata,
prot-198687--62,134,17,,,metadata,
prot-198687--62,134,18,,,metadata,
prot-198687--62,134,19,,,metadata,
prot-198687--62,134,20,,,metadata,
prot-198687--62,134,21,,,metadata,
prot-198687--62,135,1,,,metadata,
prot-198687--62,135,2,,,metadata,
prot-198687--62,135,3,,,metadata,
prot-198687--62,135,4,,,metadata,
prot-198687--62,135,5,,,metadata,
prot-198687--62,135,6,,,metadata,
prot-198687--62,135,7,,,metadata,
prot-198687--62,135,9,,,metadata,
prot-198687--62,135,10,,,metadata,
prot-198687--62,135,11,,,metadata,
prot-198687--62,135,12,,,metadata,
prot-198687--62,135,13,,,metadata,
prot-198687--62,135,14,,,metadata,
prot-198687--62,135,15,,,metadata,
prot-198687--62,135,16,,,metadata,
prot-198687--62,135,17,,,metadata,
prot-198687--62,135,18,,,metadata,
prot-198687--62,135,19,,,metadata,
prot-198687--62,135,20,,,metadata,
prot-198687--62,135,21,,,metadata,
prot-198687--62,136,1,,,metadata,
prot-198687--62,136,2,,,metadata,
prot-198687--62,136,3,,,metadata,
prot-198687--62,136,4,,,metadata,
prot-198687--62,136,5,,,metadata,
prot-198687--62,136,6,,,metadata,
prot-198687--62,136,7,,,metadata,
prot-198687--62,136,8,,,metadata,
prot-198687--62,136,9,,,metadata,
prot-198687--62,136,10,,,metadata,
prot-198687--62,136,11,,,metadata,
prot-198687--62,136,12,,,metadata,
prot-198687--62,136,13,,,metadata,
prot-198687--62,136,14,,,metadata,
prot-198687--62,136,15,,,metadata,
prot-198687--62,136,16,,,metadata,
prot-198687--62,136,17,,,metadata,
prot-198687--62,136,18,,,metadata,
prot-198687--62,136,21,,,metadata,
prot-198687--62,136,22,,,metadata,
prot-198687--62,137,0,,,metadata,
prot-198687--62,137,1,,,metadata,
prot-198687--62,137,2,,,metadata,
prot-198687--62,137,3,,,metadata,
prot-198687--62,137,4,,,metadata,
prot-198687--62,137,5,,,metadata,
prot-198687--62,137,6,,,metadata,
prot-198687--62,137,7,,,metadata,
prot-198687--62,137,8,,,metadata,
prot-198687--62,137,9,,,metadata,
prot-198687--62,137,10,,,metadata,
prot-198687--62,137,11,,,metadata,
prot-198687--62,137,12,,,metadata,
prot-198687--62,137,13,,,metadata,
prot-198687--62,137,14,,,metadata,
prot-198687--62,137,17,,,metadata,
prot-198687--62,137,18,,,metadata,
prot-198687--62,137,19,,,metadata,
prot-198687--62,137,20,,,metadata,
prot-198687--62,138,2,,,metadata,
prot-198687--62,138,3,,,metadata,
prot-198687--62,138,4,,,metadata,
prot-198687--62,138,5,,,metadata,
prot-198687--62,138,6,,,metadata,
prot-198687--62,138,7,,,metadata,
prot-198687--62,138,8,,,metadata,
prot-198687--62,138,9,,,metadata,
prot-198687--62,138,10,,,metadata,
prot-198687--62,138,11,,,metadata,
prot-198687--62,138,12,,,metadata,
prot-198687--62,138,13,,,metadata,
prot-198687--62,138,14,,,metadata,
prot-198687--62,138,15,,,metadata,
prot-198687--62,138,16,,,metadata,
prot-198687--62,138,17,,,metadata,
prot-198687--62,138,18,,,metadata,
prot-198687--62,138,19,,,metadata,
prot-198687--62,138,20,,,metadata,
prot-198687--62,139,1,,,metadata,
prot-198687--62,139,2,,,metadata,
prot-198687--62,139,3,,,metadata,
prot-198687--62,139,4,,,metadata,
prot-198687--62,139,6,,,metadata,
prot-198687--62,139,7,,,metadata,
prot-198687--62,139,8,,,metadata,
prot-198687--62,139,9,,,metadata,
prot-198687--62,139,10,,,metadata,
prot-198687--62,139,11,,,metadata,
prot-198687--62,139,12,,,metadata,
prot-198687--62,139,13,,,metadata,
prot-198687--62,139,14,,,metadata,
prot-198687--62,139,15,,,metadata,
prot-198687--62,139,16,,,metadata,
prot-198687--62,139,17,,,metadata,
prot-198687--62,139,18,,,metadata,
prot-198687--62,139,20,,,metadata,
prot-198687--62,139,21,,,metadata,
prot-198687--62,139,22,,,metadata,
prot-198687--62,140,2,,,metadata,
prot-198687--62,140,3,,,metadata,
prot-198687--62,140,4,,,metadata,
prot-198687--62,140,5,,,metadata,
prot-198687--62,140,6,,,metadata,
prot-198687--62,140,7,,,metadata,
prot-198687--62,140,8,,,metadata,
prot-198687--62,140,9,,,metadata,
prot-198687--62,140,10,,,metadata,
prot-198687--62,140,11,,,metadata,
prot-198687--62,140,13,,,metadata,
prot-198687--62,140,14,,,metadata,
prot-198687--62,140,15,,,metadata,
prot-198687--62,140,16,,,metadata,
prot-198687--62,140,17,,,metadata,
prot-198687--62,140,18,,,metadata,
prot-198687--62,140,19,,,metadata,
prot-198687--62,141,1,,,metadata,
prot-198687--62,141,2,,,metadata,
prot-198687--62,141,3,,,metadata,
prot-198687--62,141,4,,,metadata,
prot-198687--62,141,5,,,metadata,
prot-198687--62,141,7,,,metadata,
prot-198687--62,141,8,,,metadata,
prot-198687--62,141,9,,,metadata,
prot-198687--62,141,10,,,metadata,
prot-198687--62,141,11,,,metadata,
prot-198687--62,141,12,,,metadata,
prot-198687--62,141,13,,,metadata,
prot-198687--62,141,14,,,metadata,
prot-198687--62,141,15,,,metadata,
prot-198687--62,141,16,,,metadata,
prot-198687--62,141,17,,,metadata,
prot-198687--62,141,19,,,metadata,
prot-198687--62,141,20,,,metadata,
prot-198687--62,142,1,,,metadata,
prot-198687--62,142,3,,,metadata,
prot-198687--62,142,4,,,metadata,
prot-198687--62,142,5,,,metadata,
prot-198687--62,142,7,,,metadata,
prot-198687--62,142,9,,,metadata,
prot-198687--62,142,10,,,metadata,
prot-198687--62,142,11,,,metadata,
prot-198687--62,142,12,,,metadata,
prot-198687--62,142,13,,,metadata,
prot-198687--62,142,14,,,metadata,
prot-198687--62,142,15,,,metadata,
prot-198687--62,142,16,,,metadata,
prot-198687--62,142,17,,,metadata,
prot-198687--62,142,18,,,metadata,
prot-198687--62,142,19,,,metadata,
prot-198687--62,142,20,,,metadata,
prot-198687--62,142,21,,,metadata,
prot-198687--62,143,1,,,metadata,
prot-198687--62,143,2,,,metadata,
prot-198687--62,143,3,,,metadata,
prot-198687--62,143,4,,,metadata,
prot-198687--62,143,5,,,metadata,
prot-198687--62,143,6,,,metadata,
prot-198687--62,143,7,,,metadata,
prot-198687--62,143,8,,,metadata,
prot-198687--62,143,9,,,metadata,
prot-198687--62,143,10,,,metadata,
prot-198687--62,143,11,,,metadata,
prot-198687--62,143,12,,,metadata,
prot-198687--62,143,13,,,metadata,
prot-198687--62,143,14,,,metadata,
prot-198687--62,143,15,,,metadata,
prot-198687--62,143,16,,,metadata,
prot-198687--62,143,17,,,metadata,
prot-198687--62,143,18,,,metadata,
prot-198687--62,143,19,,,metadata,
prot-198687--62,144,4,,,metadata,
prot-198687--62,144,5,,,metadata,
prot-198687--62,144,6,,,metadata,
prot-198687--62,144,7,,,metadata,
prot-198687--62,144,8,,,metadata,
prot-198687--62,144,9,,,metadata,
prot-198687--62,144,10,,,metadata,
prot-198687--62,144,11,,,metadata,
prot-198687--62,144,12,,,metadata,
prot-198687--62,144,13,,,metadata,
prot-198687--62,144,14,,,metadata,
prot-198687--62,144,15,,,metadata,
prot-198687--62,144,16,,,metadata,
prot-198687--62,144,17,,,metadata,
prot-198687--62,144,18,,,metadata,
prot-198687--62,144,19,,,metadata,
prot-198687--62,144,21,,,metadata,
prot-198687--62,144,22,,,metadata,
prot-198687--62,145,1,,,metadata,
prot-198687--62,145,2,,,metadata,
prot-198687--62,145,3,,,metadata,
prot-198687--62,145,4,,,metadata,
prot-198687--62,145,5,,,metadata,
prot-198687--62,145,7,,,metadata,
prot-198687--62,145,8,,,metadata,
prot-198687--62,145,9,,,metadata,
prot-198687--62,145,10,,,metadata,
prot-198687--62,145,12,,,metadata,
prot-198687--62,145,13,,,metadata,
prot-198687--62,145,15,,,metadata,
prot-198687--62,145,17,,,metadata,
prot-198687--62,145,18,,,metadata,
prot-198687--62,146,2,,,metadata,
prot-198687--62,146,3,,,metadata,
prot-198687--62,146,4,,,metadata,
prot-198687--62,146,5,,,metadata,
prot-198687--62,146,6,,,metadata,
prot-198687--62,146,7,,,metadata,
prot-198687--62,146,8,,,metadata,
prot-198687--62,146,9,,,metadata,
prot-198687--62,146,10,,,metadata,
prot-198687--62,146,11,,,metadata,
prot-198687--62,146,12,,,metadata,
prot-198687--62,146,13,,,metadata,
prot-198687--62,146,14,,,metadata,
prot-198687--62,146,15,,,metadata,
prot-198687--62,146,16,,,metadata,
prot-198687--62,146,17,,,metadata,
prot-198687--62,146,18,,,metadata,
prot-198687--62,146,19,,,metadata,
prot-198687--62,146,20,,,metadata,
prot-198687--62,146,21,,,metadata,
prot-198687--62,147,1,,,metadata,
prot-198687--62,147,2,,,metadata,
prot-198687--62,147,3,,,metadata,
prot-198687--62,147,5,,,metadata,
prot-198687--62,147,6,,,metadata,
prot-198687--62,147,7,,,metadata,
prot-198687--62,147,8,,,metadata,
prot-198687--62,147,9,,,metadata,
prot-198687--62,147,10,,,metadata,
prot-198687--62,147,11,,,metadata,
prot-198687--62,147,12,,,metadata,
prot-198687--62,147,13,,,metadata,
prot-198687--62,147,14,,,metadata,
prot-198687--62,147,15,,,metadata,
prot-198687--62,147,16,,,metadata,
prot-198687--62,147,17,,,metadata,
prot-198687--62,147,18,,,metadata,
prot-198687--62,147,19,,,metadata,
prot-198687--62,147,21,,,metadata,
prot-198687--62,147,22,,,metadata,
prot-198687--62,148,2,,,metadata,
prot-198687--62,148,3,,,metadata,
prot-198687--62,148,4,,,metadata,
prot-198687--62,148,5,,,metadata,
prot-198687--62,148,6,,,metadata,
prot-198687--62,148,7,,,metadata,
prot-198687--62,148,9,,,metadata,
prot-198687--62,148,10,,,metadata,
prot-198687--62,148,11,,,metadata,
prot-198687--62,148,13,,,metadata,
prot-198687--62,148,14,,,metadata,
prot-198687--62,148,15,,,metadata,
prot-198687--62,148,16,,,metadata,
prot-198687--62,148,18,,,metadata,
prot-198687--62,148,19,,,metadata,
prot-198687--62,148,20,,,metadata,
prot-198687--62,149,1,,,metadata,
prot-198687--62,149,2,,,metadata,
prot-198687--62,149,3,,,metadata,
prot-198687--62,149,4,,,metadata,
prot-198687--62,149,5,,,metadata,
prot-198687--62,149,6,,,metadata,
prot-198687--62,149,7,,,metadata,
prot-198687--62,149,8,,,metadata,
prot-198687--62,149,9,,,metadata,
prot-198687--62,149,10,,,metadata,
prot-198687--62,149,11,,,metadata,
prot-198687--62,149,12,,,metadata,
prot-198687--62,149,13,,,metadata,
prot-198687--62,149,14,,,metadata,
prot-198687--62,149,15,,,metadata,
prot-198687--62,149,16,,,metadata,
prot-198687--62,149,17,,,metadata,
prot-198687--62,149,18,,,metadata,
prot-198687--62,149,19,,,metadata,
prot-198687--62,149,20,,,metadata,
prot-198687--62,149,21,,,metadata,
prot-198687--62,149,22,,,metadata,
prot-198687--62,150,2,,,metadata,
prot-198687--62,150,3,,,metadata,
prot-198687--62,150,4,,,metadata,
prot-198687--62,150,6,,,metadata,
prot-198687--62,150,7,,,metadata,
prot-198687--62,150,8,,,metadata,
prot-198687--62,150,9,,,metadata,
prot-198687--62,150,10,,,metadata,
prot-198687--62,150,11,,,metadata,
prot-198687--62,150,12,,,metadata,
prot-198687--62,150,13,,,metadata,
prot-198687--62,150,15,,,metadata,
prot-198687--62,150,16,,,metadata,
prot-198687--62,150,17,,,metadata,
prot-198687--62,150,18,,,metadata,
prot-198687--62,150,19,,,metadata,
prot-198687--62,150,20,,,metadata,
prot-198687--62,150,22,,,metadata,
prot-198687--62,150,23,,,metadata,
prot-198687--62,151,1,,,metadata,
prot-198687--62,151,2,,,metadata,
prot-198687--62,151,3,,,metadata,
prot-198687--62,151,4,,,metadata,
prot-198687--62,151,5,,,metadata,
prot-198687--62,151,6,,,metadata,
prot-198687--62,151,7,,,metadata,
prot-198687--62,151,8,,,metadata,
prot-198687--62,151,9,,,metadata,
prot-198687--62,151,10,,,metadata,
prot-198687--62,151,11,,,metadata,
prot-198687--62,151,12,,,metadata,
prot-198687--62,151,13,,,metadata,
prot-198687--62,151,14,,,metadata,
prot-198687--62,151,15,,,metadata,
prot-198687--62,151,16,,,metadata,
prot-198687--62,151,17,,,metadata,
prot-198687--62,151,18,,,metadata,
prot-198687--62,151,19,,,metadata,
prot-198687--62,151,20,,,metadata,
prot-198687--62,151,21,,,metadata,
prot-198687--62,151,22,,,metadata,
prot-198687--62,152,2,,,metadata,
prot-198687--62,152,3,,,metadata,
prot-198687--62,152,4,,,metadata,
prot-198687--62,152,6,,,metadata,
prot-198687--62,152,7,,,metadata,
prot-198687--62,152,8,,,metadata,
prot-198687--62,152,9,,,metadata,
prot-198687--62,152,10,,,metadata,
prot-198687--62,152,11,,,metadata,
prot-198687--62,152,12,,,metadata,
prot-198687--62,152,13,,,metadata,
prot-198687--62,152,14,,,metadata,
prot-198687--62,152,15,,,metadata,
prot-198687--62,152,16,,,metadata,
prot-198687--62,152,17,,,metadata,
prot-198687--62,152,18,,,metadata,
prot-198687--62,152,19,,,metadata,
prot-198687--62,152,20,,,metadata,
prot-198687--62,152,21,,,metadata,
prot-198687--62,153,1,,,metadata,
prot-198687--62,153,2,,,metadata,
prot-198687--62,153,3,,,metadata,
prot-198687--62,153,4,,,metadata,
prot-198687--62,153,5,,,metadata,
prot-198687--62,153,6,,,metadata,
prot-198687--62,153,7,,,metadata,
prot-198687--62,153,8,,,metadata,
prot-198687--62,153,9,,,metadata,
prot-198687--62,153,10,,,metadata,
prot-198687--62,153,11,,,metadata,
prot-198687--62,153,12,,,metadata,
prot-198687--62,153,13,,,metadata,
prot-198687--62,153,14,,,metadata,
prot-198687--62,153,15,,,metadata,
prot-198687--62,153,16,,,metadata,
prot-198687--62,153,17,,,metadata,
prot-198687--62,153,18,,,metadata,
prot-198687--62,153,20,,,metadata,
prot-198687--62,153,21,,,metadata,
prot-198687--62,154,2,,,metadata,
prot-198687--62,154,3,,,metadata,
prot-198687--62,154,4,,,metadata,
prot-198687--62,154,5,,,metadata,
prot-198687--62,154,8,,,metadata,
prot-198687--62,154,9,,,metadata,
prot-198687--62,154,10,,,metadata,
prot-198687--62,154,11,,,metadata,
prot-198687--62,154,12,,,metadata,
prot-198687--62,154,13,,,metadata,
prot-198687--62,154,15,,,metadata,
prot-198687--62,154,16,,,metadata,
prot-198687--62,154,17,,,metadata,
prot-198687--62,154,18,,,metadata,
prot-198687--62,155,1,,,metadata,
prot-198687--62,155,2,,,metadata,
prot-198687--62,155,3,,,metadata,
prot-198687--62,155,4,,,metadata,
prot-198687--62,155,5,,,metadata,
prot-198687--62,155,6,,,metadata,
prot-198687--62,155,7,,,metadata,
prot-198687--62,155,8,,,metadata,
prot-198687--62,155,9,,,metadata,
prot-198687--62,155,10,,,metadata,
prot-198687--62,155,11,,,metadata,
prot-198687--62,155,12,,,metadata,
prot-198687--62,155,13,,,metadata,
prot-198687--62,155,14,,,metadata,
prot-198687--62,155,15,,,metadata,
prot-198687--62,155,16,,,metadata,
prot-198687--62,155,17,,,metadata,
prot-198687--62,155,18,,,metadata,
prot-198687--62,155,19,,,metadata,
prot-198687--62,155,20,,,metadata,
prot-198687--62,155,21,,,metadata,
prot-198687--62,155,22,,,metadata,
prot-198687--62,156,2,,,metadata,
prot-198687--62,156,3,,,metadata,
prot-198687--62,156,4,,,metadata,
prot-198687--62,156,5,,,metadata,
prot-198687--62,156,6,,,metadata,
prot-198687--62,156,7,,,metadata,
prot-198687--62,156,8,,,metadata,
prot-198687--62,156,9,,,metadata,
prot-198687--62,156,10,,,metadata,
prot-198687--62,156,11,,,metadata,
prot-198687--62,156,12,,,metadata,
prot-198687--62,156,13,,,metadata,
prot-198687--62,156,14,,,metadata,
prot-198687--62,156,16,,,metadata,
prot-198687--62,156,18,,,metadata,
prot-198687--62,156,19,,,metadata,
prot-198687--62,157,1,,,metadata,
prot-198687--62,157,2,,,metadata,
prot-198687--62,157,3,,,metadata,
prot-198687--62,157,4,,,metadata,
prot-198687--62,157,5,,,metadata,
prot-198687--62,157,6,,,metadata,
prot-198687--62,157,7,,,metadata,
prot-198687--62,157,8,,,metadata,
prot-198687--62,157,9,,,metadata,
prot-198687--62,157,10,,,metadata,
prot-198687--62,157,11,,,metadata,
prot-198687--62,157,12,,,metadata,
prot-198687--62,157,13,,,metadata,
prot-198687--62,157,14,,,metadata,
prot-198687--62,157,15,,,metadata,
prot-198687--62,157,16,,,metadata,
prot-198687--62,157,17,,,metadata,
prot-198687--62,157,18,,,metadata,
prot-198687--62,157,19,,,metadata,
prot-198687--62,157,20,,,metadata,
prot-198687--62,157,21,,,metadata,
prot-198687--62,157,22,,,metadata,
prot-198687--62,158,1,,,metadata,
prot-198687--62,158,2,,,metadata,
prot-198687--62,158,4,,,metadata,
prot-198687--62,158,6,,,metadata,
prot-198687--62,158,7,,,metadata,
prot-198687--62,158,8,,,metadata,
prot-198687--62,158,9,,,metadata,
prot-198687--62,158,10,,,metadata,
prot-198687--62,158,11,,,metadata,
prot-198687--62,158,12,,,metadata,
prot-198687--62,158,13,,,metadata,
prot-198687--62,158,14,,,metadata,
prot-198687--62,158,15,,,metadata,
prot-198687--62,158,16,,,metadata,
prot-198687--62,158,17,,,metadata,
prot-198687--62,158,18,,,metadata,
prot-198687--62,158,19,,,metadata,
prot-198687--62,158,20,,,metadata,
prot-198687--62,158,21,,,metadata,
prot-198687--62,159,1,,,metadata,
prot-198687--62,159,2,,,metadata,
prot-198687--62,159,3,,,metadata,
prot-198687--62,159,4,,,metadata,
prot-198687--62,159,5,,,metadata,
prot-198687--62,159,6,,,metadata,
prot-198687--62,159,7,,,metadata,
prot-198687--62,159,8,,,metadata,
prot-198687--62,159,10,,,metadata,
prot-198687--62,159,11,,,metadata,
prot-198687--62,159,13,,,metadata,
prot-198687--62,159,14,,,metadata,
prot-198687--62,159,15,,,metadata,
prot-198687--62,159,16,,,metadata,
prot-198687--62,159,17,,,metadata,
prot-198687--62,159,19,,,metadata,
prot-198687--62,160,2,,,metadata,
prot-198687--62,160,3,,,metadata,
prot-198687--62,160,4,,,metadata,
prot-198687--62,160,5,,,metadata,
prot-198687--62,160,6,,,metadata,
prot-198687--62,160,7,,,metadata,
prot-198687--62,160,8,,,metadata,
prot-198687--62,160,9,,,metadata,
prot-198687--62,160,10,,,metadata,
prot-198687--62,160,11,,,metadata,
prot-198687--62,160,12,,,metadata,
prot-198687--62,160,14,,,metadata,
prot-198687--62,160,15,,,metadata,
prot-198687--62,160,16,,,metadata,
prot-198687--62,160,17,,,metadata,
prot-198687--62,160,18,,,metadata,
prot-198687--62,160,19,,,metadata,
prot-198687--62,160,21,,,metadata,
prot-198687--62,161,1,,,metadata,
prot-198687--62,161,2,,,metadata,
prot-198687--62,161,3,,,metadata,
prot-198687--62,161,4,,,metadata,
prot-198687--62,161,5,,,metadata,
prot-198687--62,161,6,,,metadata,
prot-198687--62,161,7,,,metadata,
prot-198687--62,161,9,,,metadata,
prot-198687--62,161,10,,,metadata,
prot-198687--62,161,11,,,metadata,
prot-198687--62,161,12,,,metadata,
prot-198687--62,161,13,,,metadata,
prot-198687--62,161,14,,,metadata,
prot-198687--62,161,15,,,metadata,
prot-198687--62,161,16,,,metadata,
prot-198687--62,161,17,,,metadata,
prot-198687--62,161,18,,,metadata,
prot-198687--62,161,19,,,metadata,
prot-198687--62,161,20,,,metadata,
prot-198687--62,161,21,,,metadata,
prot-198687--62,162,2,,,metadata,
prot-198687--62,162,3,,,metadata,
prot-198687--62,162,4,,,metadata,
prot-198687--62,162,5,,,metadata,
prot-198687--62,162,6,,,metadata,
prot-198687--62,162,7,,,metadata,
prot-198687--62,162,8,,,metadata,
prot-198687--62,162,9,,,metadata,
prot-198687--62,162,10,,,metadata,
prot-198687--62,162,11,,,metadata,
prot-198687--62,162,12,,,metadata,
prot-198687--62,162,13,,,metadata,
prot-198687--62,162,14,,,metadata,
prot-198687--62,162,15,,,metadata,
prot-198687--62,162,16,,,metadata,
prot-198687--62,162,17,,,metadata,
prot-198687--62,162,19,,,metadata,
prot-198687--62,163,1,,,metadata,
prot-198687--62,163,2,,,metadata,
prot-198687--62,163,3,,,metadata,
prot-198687--62,163,4,,,metadata,
prot-198687--62,163,5,,,metadata,
prot-198687--62,163,6,,,metadata,
prot-198687--62,163,7,,,metadata,
prot-198687--62,163,8,,,metadata,
prot-198687--62,163,9,,,metadata,
prot-198687--62,163,10,,,metadata,
prot-198687--62,163,11,,,metadata,
prot-198687--62,163,12,,,metadata,
prot-198687--62,163,13,,,metadata,
prot-198687--62,163,14,,,metadata,
prot-198687--62,163,15,,,metadata,
prot-198687--62,163,16,,,metadata,
prot-198687--62,163,17,,,metadata,
prot-198687--62,163,18,,,metadata,
prot-198687--62,163,19,,,metadata,
prot-198687--62,163,20,,,metadata,
prot-198687--62,163,21,,,metadata,
prot-198687--62,163,22,,,metadata,
prot-198687--62,164,2,,,metadata,
prot-198687--62,164,3,,,metadata,
prot-198687--62,164,4,,,metadata,
prot-198687--62,164,5,,,metadata,
prot-198687--62,164,6,,,metadata,
prot-198687--62,164,7,,,metadata,
prot-198687--62,164,8,,,metadata,
prot-198687--62,164,9,,,metadata,
prot-198687--62,164,10,,,metadata,
prot-198687--62,164,11,,,metadata,
prot-198687--62,164,13,,,metadata,
prot-198687--62,164,14,,,metadata,
prot-198687--62,164,15,,,metadata,
prot-198687--62,164,16,,,metadata,
prot-198687--62,164,17,,,metadata,
prot-198687--62,164,18,,,metadata,
prot-198687--62,164,19,,,metadata,
prot-198687--62,164,20,,,metadata,
prot-198687--62,165,1,,,metadata,
prot-198687--62,165,2,,,metadata,
prot-198687--62,165,3,,,metadata,
prot-198687--62,165,4,,,metadata,
prot-198687--62,165,5,,,metadata,
prot-198687--62,165,6,,,metadata,
prot-198687--62,165,7,,,metadata,
prot-198687--62,165,8,,,metadata,
prot-198687--62,165,9,,,metadata,
prot-198687--62,165,10,,,metadata,
prot-198687--62,165,11,,,metadata,
prot-198687--62,165,13,,,metadata,
prot-198687--62,165,14,,,metadata,
prot-198687--62,165,15,,,metadata,
prot-198687--62,165,16,,,metadata,
prot-198687--62,165,17,,,metadata,
prot-198687--62,165,18,,,metadata,
prot-198687--62,165,19,,,metadata,
prot-198687--62,165,20,,,metadata,
prot-198687--62,165,21,,,metadata,
prot-198687--62,165,22,,,metadata,
prot-198687--62,166,2,,,metadata,
prot-198687--62,166,3,,,metadata,
prot-198687--62,166,4,,,metadata,
prot-198687--62,166,5,,,metadata,
prot-198687--62,166,6,,,metadata,
prot-198687--62,166,7,,,metadata,
prot-198687--62,166,8,,,metadata,
prot-198687--62,166,9,,,metadata,
prot-198687--62,166,10,,,metadata,
prot-198687--62,166,11,,,metadata,
prot-198687--62,166,12,,,metadata,
prot-198687--62,166,13,,,metadata,
prot-198687--62,166,14,,,metadata,
prot-198687--62,166,15,,,metadata,
prot-198687--62,166,16,,,metadata,
prot-198687--62,166,17,,,metadata,
prot-198687--62,166,19,,,metadata,
prot-198687--62,166,21,,,metadata,
prot-198687--62,167,1,,,metadata,
prot-198687--62,167,2,,,metadata,
prot-198687--62,167,3,,,metadata,
prot-198687--62,167,4,,,metadata,
prot-198687--62,167,5,,,metadata,
prot-198687--62,167,6,,,metadata,
prot-198687--62,167,7,,,metadata,
prot-198687--62,167,8,,,metadata,
prot-198687--62,167,9,,,metadata,
prot-198687--62,167,10,,,metadata,
prot-198687--62,167,11,,,metadata,
prot-198687--62,167,12,,,metadata,
prot-198687--62,167,13,,,metadata,
prot-198687--62,167,14,,,metadata,
prot-198687--62,167,15,,,metadata,
prot-198687--62,167,16,,,metadata,
prot-198687--62,167,17,,,metadata,
prot-198687--62,167,18,,,metadata,
prot-198687--62,167,19,,,metadata,
prot-198687--62,167,20,,,metadata,
prot-198687--62,167,21,,,metadata,
prot-198687--62,167,22,,,metadata,
prot-198687--62,168,1,,,metadata,
prot-198687--62,168,2,,,metadata,
prot-198687--62,168,3,,,metadata,
prot-198687--62,168,4,,,metadata,
prot-198687--62,168,5,,,metadata,
prot-198687--62,168,6,,,metadata,
prot-198687--62,168,7,,,metadata,
prot-198687--62,168,8,,,metadata,
prot-198687--62,168,9,,,metadata,
prot-198687--62,168,10,,,metadata,
prot-198687--62,168,11,,,metadata,
prot-198687--62,168,12,,,metadata,
prot-198687--62,168,13,,,metadata,
prot-198687--62,168,14,,,metadata,
prot-198687--62,168,15,,,metadata,
prot-198687--62,168,16,,,metadata,
prot-198687--62,168,18,,,metadata,
prot-198687--62,168,20,,,metadata,
prot-198687--62,168,21,,,metadata,
prot-198687--62,168,23,,,metadata,
prot-198687--62,168,24,,,metadata,
prot-198687--62,169,0,,,metadata,
prot-198687--62,169,1,,,metadata,
prot-198687--62,169,2,,,metadata,
prot-198687--62,169,3,,,metadata,
prot-198687--62,169,4,,,metadata,
prot-198687--62,169,5,,,metadata,
prot-198687--62,169,6,,,metadata,
prot-198687--62,169,7,,,metadata,
prot-198687--62,169,8,,,metadata,
prot-198687--62,169,9,,,metadata,
prot-198687--62,169,10,,,metadata,
prot-198687--62,169,11,,,metadata,
prot-198687--62,169,13,,,metadata,
prot-198687--62,169,14,,,metadata,
prot-198687--62,169,15,,,metadata,
prot-198687--62,169,17,,,metadata,
prot-198687--62,169,18,,,metadata,
prot-198687--62,169,19,,,metadata,
prot-198687--62,169,20,,,metadata,
prot-198687--62,170,2,,,metadata,
prot-198687--62,170,3,,,metadata,
prot-198687--62,170,4,,,metadata,
prot-198687--62,170,5,,,metadata,
prot-198687--62,170,6,,,metadata,
prot-198687--62,170,7,,,metadata,
prot-198687--62,170,8,,,metadata,
prot-198687--62,170,9,,,metadata,
prot-198687--62,170,10,,,metadata,
prot-198687--62,170,11,,,metadata,
prot-198687--62,170,12,,,metadata,
prot-198687--62,170,13,,,metadata,
prot-198687--62,170,14,,,metadata,
prot-198687--62,170,15,,,metadata,
prot-198687--62,170,16,,,metadata,
prot-198687--62,170,17,,,metadata,
prot-198687--62,170,18,,,metadata,
prot-198687--62,170,19,,,metadata,
prot-198687--62,170,20,,,metadata,
prot-198687--62,170,21,,,metadata,
prot-198687--62,171,0,,,metadata,
prot-198687--62,171,1,,,metadata,
prot-198687--62,171,2,,,metadata,
prot-198687--62,171,3,,,metadata,
prot-198687--62,171,4,,,metadata,
prot-198687--62,171,5,,,metadata,
prot-198687--62,171,6,,,metadata,
prot-198687--62,171,7,,,metadata,
prot-198687--62,171,9,,,metadata,
prot-198687--62,171,10,,,metadata,
prot-198687--62,171,11,,,metadata,
prot-198687--62,171,12,,,metadata,
prot-198687--62,171,13,,,metadata,
prot-198687--62,171,14,,,metadata,
prot-198687--62,171,15,,,metadata,
prot-198687--62,171,16,,,metadata,
prot-198687--62,171,17,,,metadata,
prot-198687--62,171,18,,,metadata,
prot-198687--62,171,19,,,metadata,
prot-198687--62,171,20,,,metadata,
prot-198687--62,172,2,,,metadata,
prot-198687--62,172,3,,,metadata,
prot-198687--62,172,4,,,metadata,
prot-198687--62,172,5,,,metadata,
prot-198687--62,172,6,,,metadata,
prot-198687--62,172,8,,,metadata,
prot-198687--62,172,9,,,metadata,
prot-198687--62,172,10,,,metadata,
prot-198687--62,172,11,,,metadata,
prot-198687--62,172,12,,,metadata,
prot-198687--62,172,13,,,metadata,
prot-198687--62,172,14,,,metadata,
prot-198687--62,172,15,,,metadata,
prot-198687--62,172,16,,,metadata,
prot-198687--62,172,17,,,metadata,
prot-198687--62,172,18,,,metadata,
prot-198687--62,172,19,,,metadata,
prot-198687--62,172,20,,,metadata,
prot-198687--62,172,21,,,metadata,
prot-198687--62,173,1,,,metadata,
prot-198687--62,173,2,,,metadata,
prot-198687--62,173,3,,,metadata,
prot-198687--62,173,4,,,metadata,
prot-198687--62,173,5,,,metadata,
prot-198687--62,173,6,,,metadata,
prot-198687--62,173,7,,,metadata,
prot-198687--62,173,8,,,metadata,
prot-198687--62,173,9,,,metadata,
prot-198687--62,173,10,,,metadata,
prot-198687--62,173,12,,,metadata,
prot-198687--62,173,13,,,metadata,
prot-198687--62,173,14,,,metadata,
prot-198687--62,173,16,,,metadata,
prot-198687--62,173,17,,,metadata,
prot-198687--62,173,18,,,metadata,
prot-198687--62,173,19,,,metadata,
prot-198687--62,174,3,,,metadata,
prot-198687--62,174,4,,,metadata,
prot-198687--62,174,5,,,metadata,
prot-198687--62,174,6,,,metadata,
prot-198687--62,174,7,,,metadata,
prot-198687--62,174,8,,,metadata,
prot-198687--62,174,9,,,metadata,
prot-198687--62,174,10,,,metadata,
prot-198687--62,174,12,,,metadata,
prot-198687--62,174,14,,,metadata,
prot-198687--62,174,15,,,metadata,
prot-198687--62,174,16,,,metadata,
prot-198687--62,174,17,,,metadata,
prot-198687--62,174,18,,,metadata,
prot-198687--62,175,0,,,metadata,
prot-198687--62,175,1,,,metadata,
prot-198687--62,175,2,,,metadata,
prot-198687--62,175,3,,,metadata,
prot-198687--62,175,4,,,metadata,
prot-198687--62,175,5,,,metadata,
prot-198687--62,175,7,,,metadata,
prot-198687--62,175,8,,,metadata,
prot-198687--62,175,9,,,metadata,
prot-198687--62,175,10,,,metadata,
prot-198687--62,175,11,,,metadata,
prot-198687--62,175,12,,,metadata,
prot-198687--62,175,13,,,metadata,
prot-198687--62,175,14,,,metadata,
prot-198687--62,175,15,,,metadata,
prot-198687--62,175,16,,,metadata,
prot-198687--62,175,17,,,metadata,
prot-198687--62,175,18,,,metadata,
prot-198687--62,176,2,,,metadata,
prot-198687--62,176,4,,,metadata,
prot-198687--62,176,5,,,metadata,
prot-198687--62,176,6,,,metadata,
prot-198687--62,176,7,,,metadata,
prot-198687--62,176,8,,,metadata,
prot-198687--62,176,9,,,metadata,
prot-198687--62,176,10,,,metadata,
prot-198687--62,176,11,,,metadata,
prot-198687--62,176,12,,,metadata,
prot-198687--62,176,13,,,metadata,
prot-198687--62,176,14,,,metadata,
prot-198687--62,176,15,,,metadata,
prot-198687--62,176,16,,,metadata,
prot-198687--62,176,18,,,metadata,
prot-198687--62,176,19,,,metadata,
prot-198687--62,176,20,,,metadata,
prot-198687--62,177,1,,,metadata,
prot-198687--62,177,2,,,metadata,
prot-198687--62,177,3,,,metadata,
prot-198687--62,177,4,,,metadata,
prot-198687--62,177,5,,,metadata,
prot-198687--62,177,6,,,metadata,
prot-198687--62,177,7,,,metadata,
prot-198687--62,177,9,,,metadata,
prot-198687--62,177,10,,,metadata,
prot-198687--62,177,11,,,metadata,
prot-198687--62,177,12,,,metadata,
prot-198687--62,177,13,,,metadata,
prot-198687--62,177,14,,,metadata,
prot-198687--62,177,15,,,metadata,
prot-198687--62,177,16,,,metadata,
prot-198687--62,177,17,,,metadata,
prot-198687--62,177,18,,,metadata,
prot-198687--62,177,19,,,metadata,
prot-198687--62,177,20,,,metadata,
prot-198687--62,177,21,,,metadata,
prot-198687--62,177,22,,,metadata,
prot-198687--62,178,1,,,metadata,
prot-198687--62,178,2,,,metadata,
prot-198687--62,178,3,,,metadata,
prot-198687--62,178,4,,,metadata,
prot-198687--62,178,5,,,metadata,
prot-198687--62,178,6,,,metadata,
prot-198687--62,178,7,,,metadata,
prot-198687--62,178,8,,,metadata,
prot-198687--62,178,9,,,metadata,
prot-198687--62,178,10,,,metadata,
prot-198687--62,178,11,,,metadata,
prot-198687--62,178,12,,,metadata,
prot-198687--62,178,13,,,metadata,
prot-198687--62,178,14,,,metadata,
prot-198687--62,178,15,,,metadata,
prot-198687--62,178,17,,,metadata,
prot-198687--62,178,18,,,metadata,
prot-198687--62,178,19,,,metadata,
prot-198687--62,179,0,,,metadata,
prot-198687--62,179,1,,,metadata,
prot-198687--62,179,2,,,metadata,
prot-198687--62,179,3,,,metadata,
prot-198687--62,179,4,,,metadata,
prot-198687--62,179,5,,,metadata,
prot-198687--62,179,6,,,metadata,
prot-198687--62,179,7,,,metadata,
prot-198687--62,179,8,,,metadata,
prot-198687--62,179,9,,,metadata,
prot-198687--62,179,10,,,metadata,
prot-198687--62,179,11,,,metadata,
prot-198687--62,179,12,,,metadata,
prot-198687--62,179,13,,,metadata,
prot-198687--62,179,14,,,metadata,
prot-198687--62,179,15,,,metadata,
prot-198687--62,179,16,,,metadata,
prot-198687--62,179,17,,,metadata,
prot-198687--62,179,18,,,metadata,
prot-198687--62,179,19,,,metadata,
prot-198687--62,179,20,,,metadata,
prot-198687--62,179,21,,,metadata,
prot-198687--62,180,1,,,metadata,
prot-198687--62,180,2,,,metadata,
prot-198687--62,180,3,,,metadata,
prot-198687--62,180,4,,,metadata,
prot-198687--62,180,5,,,metadata,
prot-198687--62,180,6,,,metadata,
prot-198687--62,180,7,,,metadata,
prot-198687--62,180,8,,,metadata,
prot-198687--62,180,9,,,metadata,
prot-198687--62,180,10,,,metadata,
prot-198687--62,180,12,,,metadata,
prot-198687--62,180,13,,,metadata,
prot-198687--62,180,16,,,metadata,
prot-198687--62,180,17,,,metadata,
prot-198687--62,180,18,,,metadata,
prot-198687--62,180,19,,,metadata,
prot-198687--62,181,1,,,metadata,
prot-198687--62,181,2,,,metadata,
prot-198687--62,181,3,,,metadata,
prot-198687--62,181,4,,,metadata,
prot-198687--62,181,5,,,metadata,
prot-198687--62,181,6,,,metadata,
prot-198687--62,181,7,,,metadata,
prot-198687--62,181,8,,,metadata,
prot-198687--62,181,9,,,metadata,
prot-198687--62,181,10,,,metadata,
prot-198687--62,181,12,,,metadata,
prot-198687--62,181,13,,,metadata,
prot-198687--62,181,16,,,metadata,
prot-198687--62,181,17,,,metadata,
prot-198687--62,181,18,,,metadata,
prot-198687--62,181,19,,,metadata,
prot-198687--62,181,20,,,metadata,
prot-198687--62,181,21,,,metadata,
prot-198687--62,182,3,,,metadata,
prot-198687--62,182,4,,,metadata,
prot-198687--62,182,6,,,metadata,
prot-198687--62,182,7,,,metadata,
prot-198687--62,182,8,,,metadata,
prot-198687--62,182,9,,,metadata,
prot-198687--62,182,10,,,metadata,
prot-198687--62,182,11,,,metadata,
prot-198687--62,182,12,,,metadata,
prot-198687--62,182,13,,,metadata,
prot-198687--62,182,14,,,metadata,
prot-198687--62,182,15,,,metadata,
prot-198687--62,182,16,,,metadata,
prot-198687--62,182,17,,,metadata,
prot-198687--62,182,18,,,metadata,
prot-198687--62,182,19,,,metadata,
prot-198687--62,183,0,,,metadata,
prot-198687--62,183,1,,,metadata,
prot-198687--62,183,2,,,metadata,
prot-198687--62,183,3,,,metadata,
prot-198687--62,183,4,,,metadata,
prot-198687--62,183,5,,,metadata,
prot-198687--62,183,6,,,metadata,
prot-198687--62,183,7,,,metadata,
prot-198687--62,183,9,,,metadata,
prot-198687--62,183,10,,,metadata,
prot-198687--62,183,11,,,metadata,
prot-198687--62,183,12,,,metadata,
prot-198687--62,183,13,,,metadata,
prot-198687--62,183,14,,,metadata,
prot-198687--62,183,15,,,metadata,
prot-198687--62,183,16,,,metadata,
prot-198687--62,183,17,,,metadata,
prot-198687--62,183,18,,,metadata,
prot-198687--62,183,19,,,metadata,
prot-198687--62,183,20,,,metadata,
prot-198687--62,183,21,,,metadata,
prot-198687--62,184,1,,,metadata,
prot-198687--62,184,2,,,metadata,
prot-198687--62,184,3,,,metadata,
prot-198687--62,184,4,,,metadata,
prot-198687--62,184,6,,,metadata,
prot-198687--62,184,7,,,metadata,
prot-198687--62,184,8,,,metadata,
prot-198687--62,184,9,,,metadata,
prot-198687--62,184,10,,,metadata,
prot-198687--62,184,11,,,metadata,
prot-198687--62,184,12,,,metadata,
prot-198687--62,184,13,,,metadata,
prot-198687--62,184,15,,,metadata,
prot-198687--62,184,17,,,metadata,
prot-198687--62,184,18,,,metadata,
prot-198687--62,184,19,,,metadata,
prot-198687--62,184,20,,,metadata,
prot-198687--62,184,21,,,metadata,
prot-198687--62,185,1,,,metadata,
prot-198687--62,185,2,,,metadata,
prot-198687--62,185,3,,,metadata,
prot-198687--62,185,4,,,metadata,
prot-198687--62,185,5,,,metadata,
prot-198687--62,185,6,,,metadata,
prot-198687--62,185,7,,,metadata,
prot-198687--62,185,8,,,metadata,
prot-198687--62,185,9,,,metadata,
prot-198687--62,185,10,,,metadata,
prot-198687--62,185,11,,,metadata,
prot-198687--62,185,13,,,metadata,
prot-198687--62,185,14,,,metadata,
prot-198687--62,185,15,,,metadata,
prot-198687--62,185,16,,,metadata,
prot-198687--62,185,17,,,metadata,
prot-198687--62,185,18,,,metadata,
prot-198687--62,185,19,,,metadata,
prot-198687--62,185,20,,,metadata,
prot-198687--62,185,21,,,metadata,
prot-198687--62,186,2,,,metadata,
prot-198687--62,186,3,,,metadata,
prot-198687--62,186,4,,,metadata,
prot-198687--62,186,5,,,metadata,
prot-198687--62,186,6,,,metadata,
prot-198687--62,186,8,,,metadata,
prot-198687--62,186,9,,,metadata,
prot-198687--62,186,10,,,metadata,
prot-198687--62,186,11,,,metadata,
prot-198687--62,186,12,,,metadata,
prot-198687--62,186,13,,,metadata,
prot-198687--62,186,14,,,metadata,
prot-198687--62,186,15,,,metadata,
prot-198687--62,186,16,,,metadata,
prot-198687--62,186,17,,,metadata,
prot-198687--62,186,18,,,metadata,
prot-198687--62,186,19,,,metadata,
prot-198687--62,186,20,,,metadata,
prot-198687--62,186,22,,,metadata,
prot-198687--62,186,23,,,metadata,
prot-198687--62,187,1,,,metadata,
prot-198687--62,187,2,,,metadata,
prot-198687--62,187,3,,,metadata,
prot-198687--62,187,4,,,metadata,
prot-198687--62,187,5,,,metadata,
prot-198687--62,187,6,,,metadata,
prot-198687--62,187,7,,,metadata,
prot-198687--62,187,8,,,metadata,
prot-198687--62,187,9,,,metadata,
prot-198687--62,187,10,,,metadata,
prot-198687--62,187,11,,,metadata,
prot-198687--62,187,12,,,metadata,
prot-198687--62,187,13,,,metadata,
prot-198687--62,187,15,,,metadata,
prot-198687--62,187,16,,,metadata,
prot-198687--62,187,17,,,metadata,
prot-198687--62,187,18,,,metadata,
prot-198687--62,187,19,,,metadata,
prot-198687--62,187,20,,,metadata,
prot-198687--62,187,21,,,metadata,
prot-198687--62,187,22,,,metadata,
prot-198687--62,188,2,,,metadata,
prot-198687--62,188,3,,,metadata,
prot-198687--62,188,4,,,metadata,
prot-198687--62,188,5,,,metadata,
prot-198687--62,188,6,,,metadata,
prot-198687--62,188,7,,,metadata,
prot-198687--62,188,8,,,metadata,
prot-198687--62,188,9,,,metadata,
prot-198687--62,188,10,,,metadata,
prot-198687--62,188,11,,,metadata,
prot-198687--62,188,12,,,metadata,
prot-198687--62,188,13,,,metadata,
prot-198687--62,188,14,,,metadata,
prot-198687--62,188,15,,,metadata,
prot-198687--62,188,16,,,metadata,
prot-198687--62,188,17,,,metadata,
prot-198687--62,188,19,,,metadata,
prot-198687--62,188,20,,,metadata,
prot-198687--62,189,0,,,metadata,
prot-198687--62,189,1,,,metadata,
prot-198687--62,189,2,,,metadata,
prot-198687--62,189,3,,,metadata,
prot-198687--62,189,4,,,metadata,
prot-198687--62,189,5,,,metadata,
prot-198687--62,189,6,,,metadata,
prot-198687--62,189,7,,,metadata,
prot-198687--62,189,8,,,metadata,
prot-198687--62,189,9,,,metadata,
prot-198687--62,189,10,,,metadata,
prot-198687--62,189,11,,,metadata,
prot-198687--62,189,12,,,metadata,
prot-198687--62,189,13,,,metadata,
prot-198687--62,189,14,,,metadata,
prot-198687--62,189,15,,,metadata,
prot-198687--62,189,16,,,metadata,
prot-198687--62,189,17,,,metadata,
prot-198687--62,189,18,,,metadata,
prot-198687--62,189,19,,,metadata,
prot-198687--62,189,20,,,metadata,
prot-198687--62,189,21,,,metadata,
prot-198687--62,190,1,,,metadata,
prot-198687--62,190,2,,,metadata,
prot-198687--62,190,3,,,metadata,
prot-198687--62,190,4,,,metadata,
prot-198687--62,190,5,,,metadata,
prot-198687--62,190,6,,,metadata,
prot-198687--62,190,8,,,metadata,
prot-198687--62,190,9,,,metadata,
prot-198687--62,190,10,,,metadata,
prot-198687--62,190,11,,,metadata,
prot-198687--62,190,12,,,metadata,
prot-198687--62,190,13,,,metadata,
prot-198687--62,190,14,,,metadata,
prot-198687--62,190,15,,,metadata,
prot-198687--62,190,17,,,metadata,
prot-198687--62,190,18,,,metadata,
prot-198687--62,190,19,,,metadata,
prot-198687--62,191,1,,,metadata,
prot-198687--62,191,3,,,metadata,
prot-198687--62,191,4,,,metadata,
prot-198687--62,191,5,,,metadata,
prot-198687--62,191,6,,,metadata,
prot-198687--62,191,7,,,metadata,
prot-198687--62,191,8,,,metadata,
prot-198687--62,191,9,,,metadata,
prot-198687--62,191,10,,,metadata,
prot-198687--62,191,13,,,metadata,
prot-198687--62,191,14,,,metadata,
prot-198687--62,191,15,,,metadata,
prot-198687--62,191,16,,,metadata,
prot-198687--62,191,17,,,metadata,
prot-198687--62,191,18,,,metadata,
prot-198687--62,191,19,,,metadata,
prot-198687--62,191,20,,,metadata,
prot-198687--62,192,2,,,metadata,
prot-198687--62,192,3,,,metadata,
prot-198687--62,192,4,,,metadata,
prot-198687--62,192,5,,,metadata,
prot-198687--62,192,6,,,metadata,
prot-198687--62,192,7,,,metadata,
prot-198687--62,192,8,,,metadata,
prot-198687--62,192,9,,,metadata,
prot-198687--62,192,10,,,metadata,
prot-198687--62,192,11,,,metadata,
prot-198687--62,192,12,,,metadata,
prot-198687--62,192,13,,,metadata,
prot-198687--62,192,14,,,metadata,
prot-198687--62,192,15,,,metadata,
prot-198687--62,192,16,,,metadata,
prot-198687--62,192,17,,,metadata,
prot-198687--62,192,18,,,metadata,
prot-198687--62,192,19,,,metadata,
prot-198687--62,192,20,,,metadata,
prot-198687--62,192,21,,,metadata,
prot-198687--62,192,22,,,metadata,
prot-198687--62,193,0,,,metadata,
prot-198687--62,193,1,,,metadata,
prot-198687--62,193,2,,,metadata,
prot-198687--62,193,3,,,metadata,
prot-198687--62,193,4,,,metadata,
prot-198687--62,193,5,,,metadata,
prot-198687--62,193,6,,,metadata,
prot-198687--62,193,7,,,metadata,
prot-198687--62,193,9,,,metadata,
prot-198687--62,193,10,,,metadata,
prot-198687--62,193,11,,,metadata,
prot-198687--62,193,12,,,metadata,
prot-198687--62,193,13,,,metadata,
prot-198687--62,193,14,,,metadata,
prot-198687--62,193,15,,,metadata,
prot-198687--62,193,16,,,metadata,
prot-198687--62,193,17,,,metadata,
prot-198687--62,193,18,,,metadata,
prot-198687--62,193,19,,,metadata,
prot-198687--62,194,2,,,metadata,
prot-198687--62,194,3,,,metadata,
prot-198687--62,194,4,,,metadata,
prot-198687--62,194,5,,,metadata,
prot-198687--62,194,6,,,metadata,
prot-198687--62,194,7,,,metadata,
prot-198687--62,194,8,,,metadata,
prot-198687--62,194,9,,,metadata,
prot-198687--62,194,11,,,metadata,
prot-198687--62,194,12,,,metadata,
prot-198687--62,194,13,,,metadata,
prot-198687--62,194,15,,,metadata,
prot-198687--62,194,16,,,metadata,
prot-198687--62,194,17,,,metadata,
prot-198687--62,194,18,,,metadata,
prot-198687--62,195,0,,,metadata,
prot-198687--62,195,2,,,metadata,
prot-198687--62,195,3,,,metadata,
prot-198687--62,195,4,,,metadata,
prot-198687--62,195,5,,,metadata,
prot-198687--62,195,6,,,metadata,
prot-198687--62,195,7,,,metadata,
prot-198687--62,195,8,,,metadata,
prot-198687--62,195,9,,,metadata,
prot-198687--62,195,10,,,metadata,
prot-198687--62,195,11,,,metadata,
prot-198687--62,195,12,,,metadata,
prot-198687--62,195,13,,,metadata,
prot-198687--62,195,14,,,metadata,
prot-198687--62,195,15,,,metadata,
prot-198687--62,195,16,,,metadata,
prot-198687--62,195,17,,,metadata,
prot-198687--62,196,2,,,metadata,
prot-198687--62,196,3,,,metadata,
prot-198687--62,196,4,,,metadata,
prot-198687--62,196,5,,,metadata,
prot-198687--62,196,6,,,metadata,
prot-198687--62,196,7,,,metadata,
prot-198687--62,196,9,,,metadata,
prot-198687--62,196,11,,,metadata,
prot-198687--62,196,13,,,metadata,
prot-198687--62,197,0,,,metadata,
prot-198687--62,197,2,,,metadata,
prot-198687--62,197,6,,,metadata,
prot-198687--62,198,3,,,metadata,
prot-198687--62,198,4,,,metadata,
prot-198687--62,198,7,,,metadata,
prot-198687--62,198,10,,,metadata,
prot-198687--62,198,11,,,metadata,
prot-198687--62,198,13,,,metadata,
prot-198687--62,198,15,,,metadata,
prot-198687--62,199,1,,,metadata,
prot-198687--62,199,2,,,metadata,
prot-198687--62,199,5,,,metadata,
