,Riksdagsledamot,Parti,Valkrets,chamber,start,end,Yrke
0,Adolf Alexandersson,f. 1875,Södra valkretsen,Andra kammaren,1921,1921,
1,Adolf Hellberg,f. 1871,Norra valkretsen,Andra kammaren,1921,1921,
2,Adolf Janson i Kungsör,f. 1860,Västra valkretsen,Andra kammaren,1921,1921,
3,Adolf Linus Lundström,f. 1870,Södra valkretsen,Andra kammaren,1921,1921,
4,Adolf Wallerius,f. 1874,Södra valkretsen,Andra kammaren,1921,1921,
5,Adolf Wiklund,h,Södra valkretsen,Andra kammaren,1921,1921,
6,Adolv Olsson i Gävle,s,Gästriklands valkrets,Andra kammaren,1921,1921,
7,Albert Johansson i Kragstorp,h,Norra valkretsen,Andra kammaren,1921,1921,
8,Alexander Thore,f. 1866,Göteborgs stad,Andra kammaren,1921,1921,
9,Alfred Lindström,jordbrukarnas riksförbund,Södra valkretsen,Andra kammaren,1921,1921,
10,Alfred Persson i Björsbyholm,f. 1862,Norra valkretsen,Andra kammaren,1921,1921,
11,Alfred Pettersson i Vråtsered,f. 1865,Mellersta valkretsen,Andra kammaren,1921,1921,
12,Algot Sjöström,s,Göteborgs stad,Andra kammaren,1921,1921,
13,Anders Anderson i Råstock,f. 1874,Norra valkretsen,Andra kammaren,1921,1921,
14,Anders Hansson i Trollhättan,f. 1882,Mellersta valkretsen,Andra kammaren,1921,1921,
15,Anders Johan Bärg,s,Södra valkretsen,Andra kammaren,1921,1921,
16,Anders Johan Johansson i Pors,f. 1863,Östra valkretsen,Andra kammaren,1921,1921,
17,Anders Lindgren,f. 1874,Norra valkretsen,Andra kammaren,1921,1921,
18,Anders Olsson,s,Norra valkretsen,Andra kammaren,1921,1921,
19,Anders Paulsen i Arlöv,s,Mellersta valkretsen,Andra kammaren,1921,1921,
20,Anders Petter Gustafsson i Örebro,f. 1852,Norra valkretsen,Andra kammaren,1921,1921,
21,Anders Victor Isaksson,f. 1855,Norra valkretsen,Andra kammaren,1921,1921,
22,Anton Wikström,f. 1876,Norra valkretsen,Andra kammaren,1921,1921,
23,Arthur Engberg,s,Malmö stad,Andra kammaren,1921,1921,
24,Arthur Wilhelm Gustafsson i Kasenberg,h,Norra valkretsen,Andra kammaren,1921,1921,
25,Arvid Andersson i Saxtorp,f. 1875,Mellersta valkretsen,Andra kammaren,1921,1921,
26,Arvid Lindman,h,Första valkretsen,Andra kammaren,1921,1921,
27,August Danielsson i Mörlanda,f. 1876,Mellersta valkretsen,Andra kammaren,1921,1921,
28,August Schill,f. 1873,Norra valkretsen,Andra kammaren,1921,1921,
29,August Sävström,s,Hälsinglands södra valkrets,Andra kammaren,1921,1921,
30,August Wilhelm Pettersson i Köping,s,Västra valkretsen,Andra kammaren,1921,1921,
31,Axel Hugo Hansson i Sölvesborg,f. 1879,Blekinge län,Andra kammaren,1921,1921,
32,Axel Ljungberg,f. 1882,Norra valkretsen,Andra kammaren,1921,1921,
33,Axel Sundling,f. 1871,Södra valkretsen,Andra kammaren,1921,1921,
34,Bernhard Corneliusson,f. 1866,Norra valkretsen,Andra kammaren,1921,1921,
35,Bernhard Nilsson i Landeryd,f. 1874,Västra valkretsen,Andra kammaren,1921,1921,
36,Björn Frithiofsson Holmgren,f. 1872,Blekinge län,Andra kammaren,1921,1921,
37,C. O. Larsson i Sjötorp,h,Norra valkretsen,Andra kammaren,1921,1921,
38,C.A. Carlsson i Gävle,f. 1873,Gästriklands valkrets,Andra kammaren,1921,1921,
39,C.J. Ericsson i Arboga,f. 1868,Västra valkretsen,Andra kammaren,1921,1921,
40,C.J. Jonsson i Mörkhult,h,Västra valkretsen,Andra kammaren,1921,1921,
41,Carl Albin Björkman,f. 1870,Södra valkretsen,Andra kammaren,1921,1921,
42,Carl Alfred Svensson i Skönsberg,s,Medelpads valkrets,Andra kammaren,1921,1921,
43,Carl Arvid Anderson i Vara,h,Södra valkretsen,Andra kammaren,1921,1921,
44,Carl Gustaf Olsson i Golvasta,f. 1885,Uppsala län,Andra kammaren,1921,1921,
45,Carl Hederstierna,h,Hallands län,Andra kammaren,1921,1921,
46,Carl Jansson i Edsbäcken,f. 1858,Östra valkretsen,Andra kammaren,1921,1921,
47,Carl Johan Högström,f. 1880,Gästriklands valkrets,Andra kammaren,1921,1921,
48,Carl Johan Johansson i Uppmälby,f. 1867,Södra valkretsen,Andra kammaren,1921,1921,
49,Carl Johanson i Hörninge,f. 1871,Södra valkretsen,Andra kammaren,1921,1921,
50,Carl Johansson i Gäre,f. 1851,Norra valkretsen,Andra kammaren,1921,1921,
51,Carl Lovén,s,Malmö stad,Andra kammaren,1921,1921,
52,Carl Oscar Johansson i Sollefteå,f. 1875,Ångermanlands södra valkrets,Andra kammaren,1921,1921,
53,Carl Ros,f. 1866,Östra valkretsen,Andra kammaren,1921,1921,
54,Carl Sehlin,f. 1873,Södra valkretsen,Andra kammaren,1921,1921,
55,Carl Sjögren,f. 1869,Norra valkretsen,Andra kammaren,1921,1921,
56,Carl Strid,s,Hallands län,Andra kammaren,1921,1921,
57,Carl Wahren,f. 1866,Norrköping-Linköpings valkrets,Andra kammaren,1921,1921,
58,Carl Wilhelm Oskar Höglund,f. 1868,Göteborgs stad,Andra kammaren,1921,1921,
59,Carl Öberg,f. 1859,Ångermanlands norra valkrets,Andra kammaren,1921,1921,
60,Christian Ericson i Funäsdalen,f. 1868,Södra valkretsen,Andra kammaren,1921,1921,
61,Cornelius Olsson i Berg,f. 1857,Södra valkretsen,Andra kammaren,1921,1921,
62,Daniel Poppius,f. 1882,Mellersta valkretsen,Andra kammaren,1921,1921,
63,David Hjalmar Pettersson i Bjälbo,f. 1866,Södra valkretsen,Andra kammaren,1921,1921,
64,David Norman,h,Södra valkretsen,Andra kammaren,1921,1921,
65,E. Eriksson i Sörbo,bf,Östra valkretsen,Andra kammaren,1921,1921,
66,Edvard Johanson,s,Första valkretsen,Andra kammaren,1921,1921,
67,Edvard Lithander,f. 1870,Göteborgs stad,Andra kammaren,1921,1921,
68,Edvard Uddenberg,f. 1870,Södra valkretsen,Andra kammaren,1921,1921,
69,Edvin Leffler,f. 1875,Södra valkretsen,Andra kammaren,1921,1921,
70,Eliel Löfgren,l,Andra valkretsen,Andra kammaren,1921,1921,
71,Elof Lindström,f. 1863,Södra valkretsen,Andra kammaren,1921,1921,
72,Emanuel Holmner,f. 1872,Södra valkretsen,Andra kammaren,1921,1921,
73,Emil Andersson i Prästbol,f. 1876,Norra valkretsen,Andra kammaren,1921,1921,
74,Emil Bengtsson i Kullen,f. 1875,Södra valkretsen,Andra kammaren,1921,1921,
75,Emil Kristensson,s,Göteborgs stad,Andra kammaren,1921,1921,
76,En vakant plats (s),En vakant plats (s),Andra valkretsen,Andra kammaren,1921,1921,
77,Erik Agabus Nilson i Örebro,f. 1862,Norra valkretsen,Andra kammaren,1921,1921,
78,Erik Fast,f. 1883,Västra valkretsen,Andra kammaren,1921,1921,
79,Erik Godin,l,Ångermanlands norra valkrets,Andra kammaren,1921,1921,
80,Erik Gustaf Johansson i Kullersta,f. 1864,Norra valkretsen,Andra kammaren,1921,1921,
81,Erik Laurén,h,Norra valkretsen,Andra kammaren,1921,1921,
82,Erik Nylander,f. 1885,Andra valkretsen,Andra kammaren,1921,1921,
83,Erik Röing,l,Göteborgs stad,Andra kammaren,1921,1921,
84,Erik Åkerlund,f. 1853,Norra valkretsen,Andra kammaren,1921,1921,
85,Ernst Eriksson,f. 1881,Andra valkretsen,Andra kammaren,1921,1921,
86,Ernst Hage,f. 1876,Södra valkretsen,Andra kammaren,1921,1921,
87,Eskils Hans Hansson i Rättvik,f. 1857,Norra valkretsen,Andra kammaren,1921,1921,
88,Ewald Lindmark,h,Norra valkretsen,Andra kammaren,1921,1921,
89,F.V. Thorsson,s,Södra valkretsen,Andra kammaren,1921,1921,
90,Fabian Månsson,f. 1872,Gästriklands valkrets,Andra kammaren,1921,1921,
91,Felix Hamrin,l,Västra valkretsen,Andra kammaren,1921,1921,
92,Frans Axel Lagerquist i Malmbäck,b,Östra valkretsen,Andra kammaren,1921,1921,
93,Frans Ericson i Boxholm,f. 1879,Södra valkretsen,Andra kammaren,1921,1921,
94,Fredrik Aarnseth,f. 1872,Västra valkretsen,Andra kammaren,1921,1921,
95,Fredrik Block,f. 1867,Första valkretsen,Andra kammaren,1921,1921,
96,Fritz Kaijser,f. 1868,Ångermanlands södra valkrets,Andra kammaren,1921,1921,
97,Gerhard Strindlund,bf,Ångermanlands södra valkrets,Andra kammaren,1921,1921,
98,Gottfrid Karlsson i Vadstena,f. 1882,Södra valkretsen,Andra kammaren,1921,1921,
99,Gustaf Adolf Björkman,f. 1871,Norrköping-Linköpings valkrets,Andra kammaren,1921,1921,
100,Gustaf Andersson,l,Västra valkretsen,Andra kammaren,1921,1921,
101,Gustaf Flognfält,f. 1872,Västra valkretsen,Andra kammaren,1921,1921,
102,Gustaf Nilson i Vibberbo,f. 1860,Västra valkretsen,Andra kammaren,1921,1921,
103,Gustaf Olsson i Ramsta,f. 1867,Södra valkretsen,Andra kammaren,1921,1921,
104,Gustav Hansson i Gårda,f. 1878,Södra valkretsen,Andra kammaren,1921,1921,
105,Gustav Johansson (senare Hallagård),bf,Södra valkretsen,Andra kammaren,1921,1921,
106,Harald Hallén,s,Norra valkretsen,Andra kammaren,1921,1921,
107,Helge Bäcklund,f. 1880,Södra valkretsen,Andra kammaren,1921,1921,
108,Henrik Andersson,jordbrukarnas riksförbund,Norra valkretsen,Andra kammaren,1921,1921,
109,Herman Andersson i Grimbo,jordbrukarnas riksförbund,Södra valkretsen,Andra kammaren,1921,1921,
110,Herman Blomquist,f. 1879,Östra valkretsen,Andra kammaren,1921,1921,
111,Herman Lindqvist,s,Första valkretsen,Andra kammaren,1921,1921,
112,Herman Norling,s,Östra valkretsen,Andra kammaren,1921,1921,
113,Hj. Carlsson i Mossby,f. 1886,Södra valkretsen,Andra kammaren,1921,1921,
114,Hjalmar Branting,s,Första valkretsen,Andra kammaren,1921,1921,
115,Hjalmar Gustafson,f. 1883,Första valkretsen,Andra kammaren,1921,1921,
116,Hjalmar Svensson i Grönvik,bf,Östra valkretsen,Andra kammaren,1921,1921,
117,Hugo Karlström,jordbrukarnas riksförbund,Gotlands län,Andra kammaren,1921,1921,
118,Ivan Bratt,l,Första valkretsen,Andra kammaren,1921,1921,
119,Ivar Jansson i Talby,f. 1893,Södra valkretsen,Andra kammaren,1921,1921,
120,Ivar Vennerström,s,Ångermanlands södra valkrets,Andra kammaren,1921,1921,
121,Jakob Pettersson,f. 1866,Södra valkretsen,Andra kammaren,1921,1921,
122,Jeppe Clemedtson,h,Blekinge län,Andra kammaren,1921,1921,
123,Johan August Jonsson i Hökhult,f. 1851,Östra valkretsen,Andra kammaren,1921,1921,
124,Johan Bernhard Eriksson i Grängesberg,f. 1878,Västra valkretsen,Andra kammaren,1921,1921,
125,Johan Gustaf Svensson i Betingetorp,h,Östra valkretsen,Andra kammaren,1921,1921,
126,Johan Jönsson i Revinge,f. 1875,Mellersta valkretsen,Andra kammaren,1921,1921,
127,Johan Lars Wilhelm Stjernstedt,f. 1865,Norra valkretsen,Andra kammaren,1921,1921,
128,Johan Larsson i Jonsjö,bf,Hallands län,Andra kammaren,1921,1921,
129,Johan Peter Igel,f. 1855,Västra valkretsen,Andra kammaren,1921,1921,
130,Johan Rehn,f. 1865,Södra valkretsen,Andra kammaren,1921,1921,
131,Johan Wilhelm Billqvist,f. 1867,Norra valkretsen,Andra kammaren,1921,1921,
132,John Erlansson,f. 1863,Nordvästra valkretsen,Andra kammaren,1921,1921,
133,John Jönsson i Boa,f. 1862,Blekinge län,Andra kammaren,1921,1921,
134,John L. Falk,h,Södra valkretsen,Andra kammaren,1921,1921,
135,Jonas Dahlén,v-s,Norra valkretsen,Andra kammaren,1921,1921,
136,Jonas Nikolaus Svedberg,f. 1881,Hälsinglands södra valkrets,Andra kammaren,1921,1921,
137,Jones Erik Andersson i Ovanåker,bf,Norra valkretsen,Andra kammaren,1921,1921,
138,Julius Hedvall,f. 1886,Göteborgs stad,Andra kammaren,1921,1921,
139,K. Bergström i Högsön,f. 1880,Norra valkretsen,Andra kammaren,1921,1921,
140,Karl Allan Westman,f. 1883,Södra valkretsen,Andra kammaren,1921,1921,
141,Karl Arthur Ryberg,f. 1882,Södra valkretsen,Andra kammaren,1921,1921,
142,Karl August Borg,f. 1866,Uppsala län,Andra kammaren,1921,1921,
143,Karl Johan Söderberg,f. 1877,Södra valkretsen,Andra kammaren,1921,1921,
144,Karl Magnus Anderson i Milsmaden,l,Södra valkretsen,Andra kammaren,1921,1921,
145,Karl Magnusson,h,Norra valkretsen,Andra kammaren,1921,1921,
146,Karl Magnusson i Kalmar,s,Södra valkretsen,Andra kammaren,1921,1921,
147,Karl Starbäck,,Andra valkretsen,Andra kammaren,1921,1921,
148,Karl Ward,f. 1888,Norrköping-Linköpings valkrets,Andra kammaren,1921,1921,
149,Knut Erik Wilhelm Söderhielm,f. 1871,Andra valkretsen,Andra kammaren,1921,1921,
150,Lars Anton Björklund,f. 1881,Nordvästra valkretsen,Andra kammaren,1921,1921,
151,Lars Borggren,s,Nordvästra valkretsen,Andra kammaren,1921,1921,
152,Lars Dalgren,f. 1887,Norra valkretsen,Andra kammaren,1921,1921,
153,Lars Johan Carlsson i Frosterud,f. 1863,Östra valkretsen,Andra kammaren,1921,1921,
154,Lars Olsson i Hov,f. 1869,Hälsinglands norra valkrets,Andra kammaren,1921,1921,
155,Ludwig Brännström,h,Norra valkretsen,Andra kammaren,1921,1921,
156,Malte Sommelius,f. 1851,"Hälsingborg, Landskrona och Lund",Andra kammaren,1921,1921,
157,Martin Andersson i Igelboda,f. 1886,Södra valkretsen,Andra kammaren,1921,1921,
158,Martin Jensen,f. 1881,"Hälsingborg, Landskrona och Lund",Andra kammaren,1921,1921,
159,Nils Björk i Tryde,s,Sydöstra valkretsen,Andra kammaren,1921,1921,
160,Nils Broander,f. 1868,Gotlands län,Andra kammaren,1921,1921,
161,Nils Edén,f. 1871,Uppsala län,Andra kammaren,1921,1921,
162,Nils Erik Nilsson i Antnäs,h,Södra valkretsen,Andra kammaren,1921,1921,
163,Nils Johansson i Brånalt,jordbrukarnas riksförbund,Hallands län,Andra kammaren,1921,1921,
164,Nils Månsson i Erlandsro,h,Södra valkretsen,Andra kammaren,1921,1921,
165,Nils Olsson i Rösta,f. 1868,Norra valkretsen,Andra kammaren,1921,1921,
166,Nils Svensson i Långelanda,f. 1861,Västra valkretsen,Andra kammaren,1921,1921,
167,Nils Törnkvist,s,Norra valkretsen,Andra kammaren,1921,1921,
168,Nils Winkler,f. 1870,Malmö stad,Andra kammaren,1921,1921,
169,O.E. Eriksson i Fors,l,Östra valkretsen,Andra kammaren,1921,1921,
170,Ola Hansson Waldén,f. 1869,"Hälsingborg, Landskrona och Lund",Andra kammaren,1921,1921,
171,Olof Andersson i Höör,s,Mellersta valkretsen,Andra kammaren,1921,1921,
172,Olof Johansson i Edsbyn,f,Hälsinglands södra valkrets,Andra kammaren,1921,1921,
173,Olof Nilsson,f. 1863,Norra valkretsen,Andra kammaren,1921,1921,
174,Olof Nilsson i Örebro,f. 1874,Norra valkretsen,Andra kammaren,1921,1921,
175,Olof Olsson,jordbrukarnas riksförbund,Norra valkretsen,Andra kammaren,1921,1921,
176,Oscar Carlström,l,Östra valkretsen,Andra kammaren,1921,1921,
177,Oscar Ericson i Oberga,f. 1866,Östra valkretsen,Andra kammaren,1921,1921,
178,Oscar Johanson i Huskvarna,f. 1870,Västra valkretsen,Andra kammaren,1921,1921,
179,Oscar Jonsson i Risinge,jordbrukarnas riksförbund,Norra valkretsen,Andra kammaren,1921,1921,
180,Oscar Lövgren i Nyborg,f. 1888,Norra valkretsen,Andra kammaren,1921,1921,
181,Oscar Nathanael Olsson (senare Broberg),h,Norra valkretsen,Andra kammaren,1921,1921,
182,Oscar Osberg,l,Norra valkretsen,Andra kammaren,1921,1921,
183,Oskar Hagman,f. 1880,Första valkretsen,Andra kammaren,1921,1921,
184,Oskar Jonson i Remröd,h,Södra valkretsen,Andra kammaren,1921,1921,
185,Oskar Kloo,f. 1867,Blekinge län,Andra kammaren,1921,1921,
186,Oskar Sjölander,f. 1880,Uppsala län,Andra kammaren,1921,1921,
187,Otto Magnusson i Tumbhult,h,Västra valkretsen,Andra kammaren,1921,1921,
188,Pehr August Andersson i Knäppinge,f. 1863,Södra valkretsen,Andra kammaren,1921,1921,
189,Pehr Pehrsson,f. 1867,Göteborgs stad,Andra kammaren,1921,1921,
190,Per Albin Hansson,s,Andra valkretsen,Andra kammaren,1921,1921,
191,Per Edvin Sköld,s,Södra valkretsen,Andra kammaren,1921,1921,
192,Per Godén,l,Östra valkretsen,Andra kammaren,1921,1921,
193,Per Granath,f. 1882,Hälsinglands norra valkrets,Andra kammaren,1921,1921,
194,Per Johan Persson i Tofta,l,Hallands län,Andra kammaren,1921,1921,
195,Per Jonas Edberg,f. 1878,Medelpads valkrets,Andra kammaren,1921,1921,
196,Per Månsson i Backa,f. 1857,Norra valkretsen,Andra kammaren,1921,1921,
197,Per Nilsson i Bonarp,f. 1865,Nordvästra valkretsen,Andra kammaren,1921,1921,
198,Per Olsson i Fiskeby,f. 1864,Hälsinglands norra valkrets,Andra kammaren,1921,1921,
199,Per Persson i Trången,jordbrukarnas riksförbund,Norra valkretsen,Andra kammaren,1921,1921,
200,Peter Magnus Olsson i Blädinge,h,Västra valkretsen,Andra kammaren,1921,1921,
201,Petrus Bergström,f. 1881,Ångermanlands norra valkrets,Andra kammaren,1921,1921,
202,Petrus Ödström,f. 1868,Södra valkretsen,Andra kammaren,1921,1921,
203,Raoul Hamilton,f. 1855,Sydöstra valkretsen,Andra kammaren,1921,1921,
204,Reinhold Eliasson,f. 1872,Västra valkretsen,Andra kammaren,1921,1921,
205,Richard Hermelin,h,Hallands län,Andra kammaren,1921,1921,
206,Robert Jansson i Falun,f. 1868,Östra valkretsen,Andra kammaren,1921,1921,
207,Robert Karlsson i Gasabäck,f. 1869,Medelpads valkrets,Andra kammaren,1921,1921,
208,Samuel Hedlund,f. 1878,Södra valkretsen,Andra kammaren,1921,1921,
209,Sigurd Carlsson i Solberga,h,Norra valkretsen,Andra kammaren,1921,1921,
210,Sven Bengtsson i Norup,f. 1866,Nordvästra valkretsen,Andra kammaren,1921,1921,
211,Sven Edward Julius Lübeck,h,Andra valkretsen,Andra kammaren,1921,1921,
212,Sven Johan Karlsson i Nynäshamn,f. 1874,Södra valkretsen,Andra kammaren,1921,1921,
213,Sven Ljungkvist,f. 1880,Södra valkretsen,Andra kammaren,1921,1921,
214,Sven Olsson i Labbemåla,f. 1870,Södra valkretsen,Andra kammaren,1921,1921,
215,Svening Alfred Larsson i Kroken,f. 1856,Södra valkretsen,Andra kammaren,1921,1921,
216,Swen Jönsson i Fridhill,f. 1877,Sydöstra valkretsen,Andra kammaren,1921,1921,
217,Swen Persson i Fritorp,f. 1875,Sydöstra valkretsen,Andra kammaren,1921,1921,
218,Theodor Gardell,jordbrukarnas riksförbund,Gotlands län,Andra kammaren,1921,1921,
219,Theodor af Ekenstam,f. 1858,Norra valkretsen,Andra kammaren,1921,1921,
220,Torsten Thorsell,h,Södra valkretsen,Andra kammaren,1921,1921,
221,Ulrik Leander,f. 1858,Blekinge län,Andra kammaren,1921,1921,
222,Valfrid Eriksson i Överbyn,h,Norra valkretsen,Andra kammaren,1921,1921,
223,Verner Hedlund i Sundsvall,f. 1883,Medelpads valkrets,Andra kammaren,1921,1921,
224,Verner Karlsson i Vätö,f. 1882,Norra valkretsen,Andra kammaren,1921,1921,
225,Viktor Larsson i Västerås,s,Östra valkretsen,Andra kammaren,1921,1921,
226,Viktor Öhman,f. 1877,Norra valkretsen,Andra kammaren,1921,1921,
227,Värner Rydén,s,Malmö stad,Andra kammaren,1921,1921,
228,Walter Kant,f. 1872,Uppsala län,Andra kammaren,1921,1921,
229,Werner Bäckström,l,Södra valkretsen,Andra kammaren,1921,1921,
230,A.C. Lindblad,f. 1866,Göteborgs stad,Första kammaren,1921,1921,
231,Aaby Ericsson,f. 1859,Kronobergs län,Första kammaren,1921,1921,
232,Adam Hult,f. 1870,Västmanlands län,Första kammaren,1921,1921,
233,Adolf Berge,f. 1869,Stockholms län,Första kammaren,1921,1921,
234,Albert Bergström,f. 1869,Östergötlands län,Första kammaren,1921,1921,
235,Alexis Björkman,f. 1853,Västmanlands län,Första kammaren,1921,1921,
236,Alfred Petrén,f. 1867,Kopparbergs län,Första kammaren,1921,1921,
237,Anders Antonsson,f. 1856,Malmö stad,Första kammaren,1921,1921,
238,Anders Elisson,f. 1876,Hallands län,Första kammaren,1921,1921,
239,Anders Olof Frändén,f. 1866,Jämtlands län,Första kammaren,1921,1921,
240,Anders Pers,f. 1860,Kopparbergs län,Första kammaren,1921,1921,
241,Anders Örne,s,Örebro län,Första kammaren,1921,1921,
242,Arvid Erikson,f,Stockholms län,Första kammaren,1921,1921,
243,Assar Emanuel Åkerman,s,Södermanlands län,Första kammaren,1921,1921,
244,August Bruhn,f. 1872,Kristianstads län,Första kammaren,1921,1921,
245,August Johansson,f. 1864,Skaraborgs län,Första kammaren,1921,1921,
246,August Ljunggren,f. 1874,Kronobergs län,Första kammaren,1921,1921,
247,Axel Fredrik Wennersten,f. 1863,Älvsborgs län,Första kammaren,1921,1921,
248,Axel Hansson Wachtmeister,f. 1855,Blekinge län,Första kammaren,1921,1921,
249,Axel Herman Georg Rogberg,h,Västerbottens län,Första kammaren,1921,1921,
250,Axel Modig,f. 1859,Södermanlands län,Första kammaren,1921,1921,
251,Axel Olof Rune,f,"Kalmar län, norra delen",Första kammaren,1921,1921,
252,Axel Theodor Adelswärd,f,Östergötlands län,Första kammaren,1921,1921,
253,Axel Träff,f. 1875,Östergötlands län,Första kammaren,1921,1921,
254,Axel Vindahl,f,Örebro län,Första kammaren,1921,1921,
255,Axel von Sneidern,f. 1875,Älvsborgs län,Första kammaren,1921,1921,
256,Carl Albert Lindhagen,f. 1860,Västernorrlands län,Första kammaren,1921,1921,
257,Carl Boberg,f. 1859,"Kalmar län, södra delen",Första kammaren,1921,1921,
258,Carl Grewesmühl,f. 1877,Västmanlands län,Första kammaren,1921,1921,
259,Carl Gustaf Ekman,f. 1872,Gävleborgs län,Första kammaren,1921,1921,
260,Carl Gustaf Wickman,f. 1856,Gävleborgs län,Första kammaren,1921,1921,
261,Carl Johan Gustaf Swartz,h,Norrköpings stad,Första kammaren,1921,1921,
262,Carl Johansson,f. 1856,Malmöhus län,Första kammaren,1921,1921,
263,Carl Romanus,f. 1876,Stockholms stad,Första kammaren,1921,1921,
264,Carl Svensson,f. 1879,Södermanlands län,Första kammaren,1921,1921,
265,Carl Winberg,f. 1867,Norrbottens län,Första kammaren,1921,1921,
266,Carl-Axel Reuterskiöld,f. 1870,Uppsala län,Första kammaren,1921,1921,
267,Charles Lindley,s,Stockholms stad,Första kammaren,1921,1921,
268,Edvard Björnsson,f. 1878,Älvsborgs län,Första kammaren,1921,1921,
269,Edvard Hagfält,f. 1873,Uppsala län,Första kammaren,1921,1921,
270,Edvard Otto Vilhelm Wavrinsky,f. 1848,Västmanlands län,Första kammaren,1921,1921,
271,Edward Larson,f. 1867,Skaraborgs län,Första kammaren,1921,1921,
272,Einar Thulin,f. 1883,Östergötlands län,Första kammaren,1921,1921,
273,En vakant plats,h,Kronobergs län,Första kammaren,1921,1921,
274,Eric Hallin,f. 1870,Göteborgs och Bohus län,Första kammaren,1921,1921,
275,Erik August Enhörning,f. 1860,Västernorrlands län,Första kammaren,1921,1921,
276,Erik Dalberg,f. 1869,Kopparbergs län,Första kammaren,1921,1921,
277,Erland von Hofsten,f. 1870,Skaraborgs län,Första kammaren,1921,1921,
278,Ernst B. Jönson,f. 1866,Göteborgs och Bohus län,Första kammaren,1921,1921,
279,Ernst Klefbeck,f. 1866,Stockholms stad,Första kammaren,1921,1921,
280,Ernst Lyberg,f. 1874,Kopparbergs län,Första kammaren,1921,1921,
281,Ernst Svensson,f. 1880,Skaraborgs län,Första kammaren,1921,1921,
282,Ernst Trygger,f. 1857,Stockholms stad,Första kammaren,1921,1921,
283,Ernst Wigforss,s,Göteborgs stad,Första kammaren,1921,1921,
284,Fredrik Ström,f. 1880,Norrbottens län,Första kammaren,1921,1921,
285,Fritiof Lindskog,f. 1879,Malmöhus län,Första kammaren,1921,1921,
286,Frits Leander Lindqvist,f. 1865,Västernorrlands län,Första kammaren,1921,1921,
287,G.O. Erikson,f. 1876,Stockholms stad,Första kammaren,1921,1921,
288,Gerhard Halfred von Koch,f. 1872,Örebro län,Första kammaren,1921,1921,
289,Gunnar Andersson i Djursholm,f. 1865,Helsingborgs stad,Första kammaren,1921,1921,
290,Gustaf Anton Larsén,f. 1870,Hallands län,Första kammaren,1921,1921,
291,Gustaf Barthelson,f. 1854,Skaraborgs län,Första kammaren,1921,1921,
292,Gustaf Boman,f. 1861,Göteborgs stad,Första kammaren,1921,1921,
293,Gustaf Lagerbjelke,f. 1860,Stockholms län,Första kammaren,1921,1921,
294,Gustaf Malmberg,f. 1869,"Kalmar län, södra delen",Första kammaren,1921,1921,
295,Gustaf Nilsson i Kristianstad,f. 1880,Kristianstads län,Första kammaren,1921,1921,
296,Gustaf Sederholm,h,Södermanlands län,Första kammaren,1921,1921,
297,Gustaf Strömberg,s,Värmlands län,Första kammaren,1921,1921,
298,Gustav Möller,s,Stockholms län,Första kammaren,1921,1921,
299,Gustav Rosén,f,Västerbottens län,Första kammaren,1921,1921,
300,H.G. Andersson,f. 1877,Östergötlands län,Första kammaren,1921,1921,
301,Helge Bäckström,f. 1865,Stockholms län,Första kammaren,1921,1921,
302,Henrik Öhngren,f. 1853,Västernorrlands län,Första kammaren,1921,1921,
303,Herman Kvarnzelius,f,Västernorrlands län,Första kammaren,1921,1921,
304,Herman Lamm,f. 1853,Stockholms stad,Första kammaren,1921,1921,
305,Hjalmar Wijk,f,Göteborgs stad,Första kammaren,1921,1921,
306,Hjalmar von Sydow,h,Örebro län,Första kammaren,1921,1921,
307,Hugo Erik Gustaf Hamilton,f. 1849,Älvsborgs län,Första kammaren,1921,1921,
308,I. Pettersson,f. 1876,Örebro län,Första kammaren,1921,1921,
309,Isak Svensson,f,Göteborgs och Bohus län,Första kammaren,1921,1921,
310,J. Johansson,f. 1868,Gävleborgs län,Första kammaren,1921,1921,
311,J. Johansson i Tränäset,j,Norrbottens län,Första kammaren,1921,1921,
312,Jacob Larsson,f. 1851,Malmöhus län,Första kammaren,1921,1921,
313,Jacob Spens,f. 1861,Jönköpings län,Första kammaren,1921,1921,
314,Jan Berglund,f. 1864,Stockholms stad,Första kammaren,1921,1921,
315,Janne Walles,f. 1871,Västernorrlands län,Första kammaren,1921,1921,
316,Johan Bernhard Johansson,f. 1877,Hallands län,Första kammaren,1921,1921,
317,Johan Carlsson,f. 1864,Värmlands län,Första kammaren,1921,1921,
318,Johan Fredrik Kjellén,f. 1881,Jönköpings län,Första kammaren,1921,1921,
319,Johan Gustaf Carlsson,f. 1884,Blekinge län,Första kammaren,1921,1921,
320,Johan Ingmansson,f. 1845,Blekinge län,Första kammaren,1921,1921,
321,Johan Johansson i Friggeråker,f. 1872,Älvsborgs län,Första kammaren,1921,1921,
322,Johan Johansson i Hornsberg,f. 1874,Jämtlands län,Första kammaren,1921,1921,
323,Johan Nilsson i Malmö,f. 1874,Malmö stad,Första kammaren,1921,1921,
324,Johan Nilsson i Skottlandshus,f. 1873,Kristianstads län,Första kammaren,1921,1921,
325,Johan Olofsson i Digernäs,f. 1860,Jämtlands län,Första kammaren,1921,1921,
326,Johan Östberg,f. 1855,Stockholms stad,Första kammaren,1921,1921,
327,John Almkvist,f,Västerbottens län,Första kammaren,1921,1921,
328,John Jeansson,f. 1865,"Kalmar län, södra delen",Första kammaren,1921,1921,
329,Jöns Jesperson,f. 1861,Malmöhus län,Första kammaren,1921,1921,
330,Jöns Pålsson,f. 1870,Malmöhus län,Första kammaren,1921,1921,
331,K.G. Westman,f. 1876,Östergötlands län,Första kammaren,1921,1921,
332,Karl Andersson,f,Göteborgs och Bohus län,Första kammaren,1921,1921,
333,Karl August Nilson,f. 1864,Värmlands län,Första kammaren,1921,1921,
334,Karl Ekman,f. 1863,Jönköpings län,Första kammaren,1921,1921,
335,Karl Johan Alfred Gustafsson,f. 1862,Jönköpings län,Första kammaren,1921,1921,
336,Karl Johansson i Sölvedal,j,Blekinge län,Första kammaren,1921,1921,
337,Karl Rosling,men avled i december 1920),Jönköpings län,Första kammaren,1921,1921,
338,Karl Sandegård,f. 1880,Älvsborgs län,Första kammaren,1921,1921,
339,Knut Heyman,f. 1870,Älvsborgs län,Första kammaren,1921,1921,
340,Knut Tengdahl,f. 1867,Värmlands län,Första kammaren,1921,1921,
341,Knut von Geijer,,Malmöhus län,Första kammaren,1921,1921,
342,Lars Gunnar Bodin,f. 1872,Gotlands län,Första kammaren,1921,1921,
343,Leonard Tjällgren,f. 1878,Västernorrlands län,Första kammaren,1921,1921,
344,Ludvig Widell,f. 1870,Göteborgs och Bohus län,Första kammaren,1921,1921,
345,Malkolm Pettersson,f. 1862,Jönköpings län,Första kammaren,1921,1921,
346,Manne Asplund,f. 1872,Värmlands län,Första kammaren,1921,1921,
347,Mauritz Hellberg,f. 1859,Värmlands län,Första kammaren,1921,1921,
348,Måns Lundberg,f. 1867,Malmö stad,Första kammaren,1921,1921,
349,Nils Alexanderson,f. 1875,Uppsala län,Första kammaren,1921,1921,
350,Nils Anton Bondeson,f. 1872,Kronobergs län,Första kammaren,1921,1921,
351,Nils August Nilsson,f. 1867,Malmöhus län,Första kammaren,1921,1921,
352,Nils Sigfrid,f,Kristianstads län,Första kammaren,1921,1921,
353,Nils Sigfrid Norling,f. 1880,Gävleborgs län,Första kammaren,1921,1921,
354,Nils Wohlin,j,Malmöhus län,Första kammaren,1921,1921,
355,Olaus Pettersson i Småkulla,f. 1859,Älvsborgs län,Första kammaren,1921,1921,
356,Ollas Anders Ericsson,f. 1858,Hallands län,Första kammaren,1921,1921,
357,Olof Bergqvist,f. 1862,Norrbottens län,Första kammaren,1921,1921,
358,Olof Lind,f. 1861,Kopparbergs län,Första kammaren,1921,1921,
359,Olof Olsson,f. 1872,Malmöhus län,Första kammaren,1921,1921,
360,Oscar Borge,f. 1862,Stockholms stad,Första kammaren,1921,1921,
361,Oscar Herman August Fleming,f. 1859,Östergötlands län,Första kammaren,1921,1921,
362,Oscar Olsson,f. 1877,Örebro län,Första kammaren,1921,1921,
363,Paul Hellström,f,Norrbottens län,Första kammaren,1921,1921,
364,Paul Paulson,f. 1851,Malmöhus län,Första kammaren,1921,1921,
365,Per Axel Viktor Schotte,f. 1860,Västerbottens län,Första kammaren,1921,1921,
366,Per Norin,f. 1863,Gävleborgs län,Första kammaren,1921,1921,
367,Petrus Nilsson,f. 1881,"Kalmar län, södra delen",Första kammaren,1921,1921,
368,Ragnar Barnekow,f. 1877,Kristianstads län,Första kammaren,1921,1921,
369,Rickard Sandler,s,Gävle stad,Första kammaren,1921,1921,
370,Samuel Clason,f. 1867,Göteborgs stad,Första kammaren,1921,1921,
371,Sigfrid Hansson,f. 1884,Göteborgs och Bohus län,Första kammaren,1921,1921,
372,Sten Stendahl,f. 1876,Stockholms stad,Första kammaren,1921,1921,
373,Teodor Julin,f. 1880,Gävleborgs län,Första kammaren,1921,1921,
374,Theodor Borell,f. 1869,Stockholms län,Första kammaren,1921,1921,
375,Uno Bernhard Steinholtz,f. 1872,"Kalmar län, norra delen",Första kammaren,1921,1921,
376,Vilhelm Söderbom,f. 1861,Skaraborgs län,Första kammaren,1921,1921,
377,William Linder,s,Kristianstads län,Första kammaren,1921,1921,
378,en vakant plats,en vakant plats,Södermanlands län,Första kammaren,1921,1921,
379,Åhlmans Olof Olsson,f. 1866,Kopparbergs län,Första kammaren,1921,1921,
380,Åke Ingeström,f. 1867,Värmlands län,Första kammaren,1921,1921,
381,Adolf Janson i Kungsör,f. 1860,Västmanlands län,Andra kammaren,1922,1924,
382,Adolf Linus Lundström,f. 1870,Norrbottens län,Andra kammaren,1922,1924,
383,Adolf Wallerius,f. 1874,Göteborgs och Bohus län,Andra kammaren,1922,1924,
384,Adolf Wiklund,h,Västerbottens län,Andra kammaren,1922,1924,
385,Adolv Olsson i Gävle,s,Gävleborgs län,Andra kammaren,1922,1924,
386,Agda Östlund,s,Stockholms stad,Andra kammaren,1922,1924,
387,Albert Johansson i Kragstorp,h,Kalmar län,Andra kammaren,1922,1924,
388,Alfred Persson i Björsbyholm,f. 1862,Värmlands län,Andra kammaren,1922,1924,
389,Algot Sjöström,s,Göteborgs stad,Andra kammaren,1922,1924,
390,Algot Törnkvist,s,Blekinge län,Andra kammaren,1922,1924,
391,Allan Andersson i Tungelsta,f. 1886,Stockholms län,Andra kammaren,1922,1924,
392,Anders Anderson i Råstock,f. 1874,Örebro län,Andra kammaren,1922,1924,
393,Anders Hansson i Trollhättan,f. 1882,Norra valkretsen,Andra kammaren,1922,1924,
394,Anders Henrikson,h,Hallands län,Andra kammaren,1922,1924,
395,Anders Johan Johansson i Bro,f. 1863,Västmanlands län,Andra kammaren,1922,1924,
396,Anders Lindgren,f. 1874,Norra valkretsen,Andra kammaren,1922,1924,
397,Anders Norsell,s,Värmlands län,Andra kammaren,1922,1924,
398,Anders Olsson i Mora,s,Kopparbergs län,Andra kammaren,1922,1924,
399,Anders Paulsen,f. 1876,Malmöhus län,Andra kammaren,1922,1924,
400,Anders Petter Gustafsson i Örebro,f. 1852,Örebro län,Andra kammaren,1922,1924,
401,Anton Eklund,s,Västmanlands län,Andra kammaren,1922,1924,
402,Anton Wikström,f. 1876,Västerbottens län,Andra kammaren,1922,1924,
403,Arthur Engberg,s,Fyrstadskretsen,Andra kammaren,1922,1924,
404,Arthur Wilhelm Gustafsson i Kasenberg,h,Norra valkretsen,Andra kammaren,1922,1924,
405,Arvid Lindman,h,Stockholms stad,Andra kammaren,1922,1924,
406,August Danielsson,f. 1876,Norra valkretsen,Andra kammaren,1922,1924,
407,August Ernfors (tidigare Eriksson),h,Kopparbergs län,Andra kammaren,1922,1924,
408,August Lundén,f,Skaraborgs län,Andra kammaren,1922,1924,
409,August Månsson i Backa,f. 1857,Skaraborgs län,Andra kammaren,1922,1924,
410,August Spångberg,k,Värmlands län,Andra kammaren,1922,1924,
411,August Sävström,s,Gävleborgs län,Andra kammaren,1922,1924,
412,August Wilhelm Pettersson i Köping,s,Västmanlands län,Andra kammaren,1922,1924,
413,Axel Andersson i Kroken,f. 1864,Norra valkretsen,Andra kammaren,1922,1924,
414,Axel Eurén,f. 1862,Jönköpings län,Andra kammaren,1922,1924,
415,Axel Lindqvist,s,Hallands län,Andra kammaren,1922,1924,
416,Axel Ljungberg,f. 1882,Göteborgs och Bohus län,Andra kammaren,1922,1924,
417,Bernhard Corneliusson,f. 1866,Göteborgs och Bohus län,Andra kammaren,1922,1924,
418,Bertha Wellin,h,Stockholms stad,Andra kammaren,1922,1924,
419,Björn Frithiofsson Holmgren,f. 1872,Blekinge län,Andra kammaren,1922,1924,
420,C.A. Sundling,f. 1871,Stockholms län,Andra kammaren,1922,1924,
421,Carl Alfred Svensson i Skönsberg,s,Västernorrlands län,Andra kammaren,1922,1924,
422,Carl Arvid Anderson i Storegården,f. 1887,Skaraborgs län,Andra kammaren,1922,1924,
423,Carl Bodén,f,Skaraborgs län,Andra kammaren,1922,1924,
424,Carl Brännberg,s,Göteborgs och Bohus län,Andra kammaren,1922,1924,
425,Carl Gustaf Olsson i Golvasta,f. 1885,Uppsala län,Andra kammaren,1922,1924,
426,Carl Jansson i Edsbäcken,f. 1858,Värmlands län,Andra kammaren,1922,1924,
427,Carl Johan Johansson i Uppmälby,f. 1867,Södermanlands län,Andra kammaren,1922,1924,
428,Carl Johan Jonsson i Mörkhult,h,Jönköpings län,Andra kammaren,1922,1924,
429,Carl Johanson i Hörninge,f. 1871,Kalmar län,Andra kammaren,1922,1924,
430,Carl Knutsson,f. 1878,Östergötlands län,Andra kammaren,1922,1924,
431,Carl Lovén,s,Fyrstadskretsen,Andra kammaren,1922,1924,
432,Carl Molin,f. 1875,Örebro län,Andra kammaren,1922,1924,
433,Carl Oscar Johansson i Sollefteå,f. 1875,Västernorrlands län,Andra kammaren,1922,1924,
434,Carl Otto Vahlstedt,s,Skaraborgs län,Andra kammaren,1922,1924,
435,Carl Petrus Olsson i Mellerud,f. 1881,Norra valkretsen,Andra kammaren,1922,1924,
436,Carl Ros,f. 1866,Värmlands län,Andra kammaren,1922,1924,
437,Carl Sehlin,f. 1873,Jämtlands län,Andra kammaren,1922,1924,
438,Carl Sjögren,f. 1869,Östergötlands län,Andra kammaren,1922,1924,
439,Carl Strid,f. 1875,Hallands län,Andra kammaren,1922,1924,
440,Carl Vilhelm Carlsson i Mölndal,f. 1876,Göteborgs och Bohus län,Andra kammaren,1922,1924,
441,Carl Wilhelm Oskar Höglund,f. 1868,Göteborgs stad,Andra kammaren,1922,1924,
442,Carl Öberg,h,Västernorrlands län,Andra kammaren,1922,1924,
443,Claes Lindskog,h,Fyrstadskretsen,Andra kammaren,1922,1924,
444,Conrad Jonsson,s,Södermanlands län,Andra kammaren,1922,1924,
445,Cornelius Olsson i Berg,f. 1857,Göteborgs och Bohus län,Andra kammaren,1922,1924,
446,Daniel Poppius,f. 1882,Malmöhus län,Andra kammaren,1922,1924,
447,David Hjalmar Pettersson i Bjälbo,f. 1866,Östergötlands län,Andra kammaren,1922,1924,
448,David Norman,h,Kalmar län,Andra kammaren,1922,1924,
449,Edvard Johansson,f. 1882,Stockholms stad,Andra kammaren,1922,1924,
450,Edvard Lithander,f. 1870,Göteborgs stad,Andra kammaren,1922,1924,
451,Edvard Uddenberg,f. 1870,Örebro län,Andra kammaren,1922,1924,
452,Edvin Leffler,f. 1875,Södra valkretsen,Andra kammaren,1922,1924,
453,Elisabeth Tamm,h,Södermanlands län,Andra kammaren,1922,1924,
454,Elof Lindberg,s,Västerbottens län,Andra kammaren,1922,1924,
455,Emil Andersson i Prästbol,f. 1876,Värmlands län,Andra kammaren,1922,1924,
456,Emil Bengtsson i Kullen,f. 1875,Skaraborgs län,Andra kammaren,1922,1924,
457,Emil Gustafson,f,Kalmar län,Andra kammaren,1922,1924,
458,Emil Kristensson,s,Göteborgs stad,Andra kammaren,1922,1924,
459,Emil Olovson,s,Västmanlands län,Andra kammaren,1922,1924,
460,Eric Björnberg,f,Uppsala län,Andra kammaren,1922,1924,
461,Erik Agabus Nilson i Örebro,f. 1862,Örebro län,Andra kammaren,1922,1924,
462,Erik Fast,f. 1883,Jönköpings län,Andra kammaren,1922,1924,
463,Erik Gustaf Johansson i Kullersta,f. 1864,Östergötlands län,Andra kammaren,1922,1924,
464,Erik Laurén,h,Södermanlands län,Andra kammaren,1922,1924,
465,Erik Lundbom,s,Södermanlands län,Andra kammaren,1922,1924,
466,Erik Nylander,f. 1885,Stockholms stad,Andra kammaren,1922,1924,
467,Erik Rydström,f. 1881,Kronobergs län,Andra kammaren,1922,1924,
468,Erik Röing,f,Göteborgs stad,Andra kammaren,1922,1924,
469,Erik Uddenberg,h,Hallands län,Andra kammaren,1922,1924,
470,Erik Åkerlund,f. 1853,Stockholms län,Andra kammaren,1922,1924,
471,Ernst Eriksson,f. 1881,Stockholms stad,Andra kammaren,1922,1924,
472,Ernst Hage,f. 1876,Norrbottens län,Andra kammaren,1922,1924,
473,Ernst Lindley,s,Gävleborgs län,Andra kammaren,1922,1924,
474,Eskils Hans Hansson i Bäck,f. 1857,Kopparbergs län,Andra kammaren,1922,1924,
475,Ewald Lindmark,f. 1885,Västerbottens län,Andra kammaren,1922,1924,
476,F.V. Thorsson,s,Malmöhus län,Andra kammaren,1922,1924,
477,Fabian Månsson i Hagaström,f. 1872,Gävleborgs län,Andra kammaren,1922,1924,
478,Felix Hamrin,f,Jönköpings län,Andra kammaren,1922,1924,
479,Frans Ericson i Boxholm,f. 1879,Östergötlands län,Andra kammaren,1922,1924,
480,Fredrik Aarnseth,f. 1872,Kopparbergs län,Andra kammaren,1922,1924,
481,Gerhard Strindlund,bf,Västernorrlands län,Andra kammaren,1922,1924,
482,Gottfrid Karlsson i Vadstena,f. 1882,Östergötlands län,Andra kammaren,1922,1924,
483,Gottfrid Svärd,f. 1880,Jönköpings län,Andra kammaren,1922,1924,
484,Gustaf Adolf Björkman,f. 1871,Östergötlands län,Andra kammaren,1922,1924,
485,Gustaf Andersson i Rasjön,f,Kopparbergs län,Andra kammaren,1922,1924,
486,Gustaf Gustafsson i Älvsered,f. 1875,Södra valkretsen,Andra kammaren,1922,1924,
487,Gustaf Nilsson i Vibberbo,f. 1860,Kopparbergs län,Andra kammaren,1922,1924,
488,Gustaf Olsson i Ramsta,f. 1867,Södermanlands län,Andra kammaren,1922,1924,
489,Gustaf Pettersson (senare Hellbacken),s,Kopparbergs län,Andra kammaren,1922,1924,
490,Gustav Anton Holmberg,s,Östergötlands län,Andra kammaren,1922,1924,
491,Gustav Johansson (senare Hallagård),bf,Skaraborgs län,Andra kammaren,1922,1924,
492,Harry Weibull,f. 1875,Fyrstadskretsen,Andra kammaren,1922,1924,
493,Helge Bäcklund,s,Skaraborgs län,Andra kammaren,1922,1924,
494,Helmer Lagerkwist,f. 1887,Västernorrlands län,Andra kammaren,1922,1924,
495,Helmer Molander,f. 1892,Västernorrlands län,Andra kammaren,1922,1924,
496,Henning Leo,s,Kronobergs län,Andra kammaren,1922,1924,
497,Henrik Kinmanson,h,Stockholms stad,Andra kammaren,1922,1924,
498,Herman Andersson i Grimbo,bf,Göteborgs och Bohus län,Andra kammaren,1922,1924,
499,Herman Blomquist,f. 1879,Kronobergs län,Andra kammaren,1922,1924,
500,Herman Lindqvist,s,Stockholms stad,Andra kammaren,1922,1924,
501,Herman Norling,s,Värmlands län,Andra kammaren,1922,1924,
502,Hjalmar Branting,s,Stockholms stad,Andra kammaren,1922,1924,
503,Hjalmar Svensson i Grönvik,bf,Kronobergs län,Andra kammaren,1922,1924,
504,Hugo Karlström i Lummelunda,bf,Gotlands län,Andra kammaren,1922,1924,
505,Ivar Pettersson i Stäringe,f. 1876,Örebro län,Andra kammaren,1922,1924,
506,Ivar Vennerström,s,Västernorrlands län,Andra kammaren,1922,1924,
507,Ivar Österström,f,Västernorrlands län,Andra kammaren,1922,1924,
508,Jakob Pettersson i Södertälje,f. 1866,Stockholms län,Andra kammaren,1922,1924,
509,Janne Nilsson i Hörby,f. 1882,Malmöhus län,Andra kammaren,1922,1924,
510,Johan August Jonsson i Hökhult,f. 1851,Jönköpings län,Andra kammaren,1922,1924,
511,Johan Bernhard Eriksson i Grängesberg,f. 1878,Kopparbergs län,Andra kammaren,1922,1924,
512,Johan Igel i Getebol,f. 1855,Värmlands län,Andra kammaren,1922,1924,
513,Johan Johansson i Kälkebo,bf,Gävleborgs län,Andra kammaren,1922,1924,
514,Johan Jönsson i Revinge,f. 1875,Malmöhus län,Andra kammaren,1922,1924,
515,Johan Olofsson i Digernäs,f. 1860,Jämtlands län,Andra kammaren,1922,1924,
516,Johan Rehn,f. 1865,Västerbottens län,Andra kammaren,1922,1924,
517,Johan Wilhelm Billqvist,f. 1867,Skaraborgs län,Andra kammaren,1922,1924,
518,John Jönsson i Boa,f. 1862,Blekinge län,Andra kammaren,1922,1924,
519,Jonas Dahlén,f. 1881,Norrbottens län,Andra kammaren,1922,1924,
520,Jonny Fjellman,h,Malmöhus län,Andra kammaren,1922,1924,
521,Julius Hedvall,f. 1886,Göteborgs stad,Andra kammaren,1922,1924,
522,Karl Allan Westman,f. 1883,Östergötlands län,Andra kammaren,1922,1924,
523,Karl Arthur Ryberg,f. 1882,Södra valkretsen,Andra kammaren,1922,1924,
524,Karl August Borg,f. 1866,Uppsala län,Andra kammaren,1922,1924,
525,Karl Johan Söderberg,f. 1877,Stockholms län,Andra kammaren,1922,1924,
526,Karl Kilbom,k,Stockholms stad,Andra kammaren,1922,1924,
527,Karl Magnusson i Kalmar,s,Kalmar län,Andra kammaren,1922,1924,
528,Karl Magnusson i Skövde,h,Skaraborgs län,Andra kammaren,1922,1924,
529,Karl Starbäck,h,Stockholms stad,Andra kammaren,1922,1924,
530,Karl Teodor Andersson,s,Södermanlands län,Andra kammaren,1922,1924,
531,Karl Verner Karlsson i Vätö,f. 1882,Stockholms län,Andra kammaren,1922,1924,
532,Karl Ward,s,Östergötlands län,Andra kammaren,1922,1924,
533,Karl Wiktor Holmström,s,Stockholms stad,Andra kammaren,1922,1924,
534,Kristoffer Bergström,f. 1880,Norrbottens län,Andra kammaren,1922,1924,
535,Lars Anton Björklund,f. 1881,Kristianstads län,Andra kammaren,1922,1924,
536,Lars Borggren,s,Kristianstads län,Andra kammaren,1922,1924,
537,Lars Dalgren,f. 1887,Kalmar län,Andra kammaren,1922,1924,
538,Lars Johan Carlsson i Frosterud,f. 1863,Värmlands län,Andra kammaren,1922,1924,
539,Lars Olsson i Hov,f. 1869,Gävleborgs län,Andra kammaren,1922,1924,
540,Lucas Petersson i Broaryd,bf,Jönköpings län,Andra kammaren,1922,1924,
541,Ludvig Lorichs,h,Västmanlands län,Andra kammaren,1922,1924,
542,Ludwig Brännström,h,Västerbottens län,Andra kammaren,1922,1924,
543,Martin Andersson i Igelboda,f. 1886,Stockholms län,Andra kammaren,1922,1924,
544,Martin Jensen,f. 1881,Fyrstadskretsen,Andra kammaren,1922,1924,
545,Mauritz Västberg,s,Västernorrlands län,Andra kammaren,1922,1924,
546,Nelly Thüring,s,Göteborgs stad,Andra kammaren,1922,1924,
547,Nils Björk i Tryde,f. 1866 (död 1949),Kristianstads län,Andra kammaren,1922,1924,
548,Nils Edén,l,Stockholms stad,Andra kammaren,1922,1924,
549,Nils Erik Nilsson i Antnäs,h,Norrbottens län,Andra kammaren,1922,1924,
550,Nils Holmström,h,Gävleborgs län,Andra kammaren,1922,1924,
551,Nils Johansson i Brånalt,f. 1864,Hallands län,Andra kammaren,1922,1924,
552,Nils Svensson i Långelanda,f. 1861,Värmlands län,Andra kammaren,1922,1924,
553,Nils Törnkvist,s,Malmöhus län,Andra kammaren,1922,1924,
554,Nils Winkler,f. 1870,Fyrstadskretsen,Andra kammaren,1922,1924,
555,Ola Hansson Waldén,f. 1869,Fyrstadskretsen,Andra kammaren,1922,1924,
556,Ola Isacsson,s,Kristianstads län,Andra kammaren,1922,1924,
557,Ola Jeppsson,f,Blekinge län,Andra kammaren,1922,1924,
558,Olof Andersson i Höör,f. 1872,Malmöhus län,Andra kammaren,1922,1924,
559,Olof Johansson i Edsbyn,f,Gävleborgs län,Andra kammaren,1922,1924,
560,Olof Nilsson i Tånga,f. 1863,Malmöhus län,Andra kammaren,1922,1924,
561,Olof Nilsson i Örebro,f. 1874,Örebro län,Andra kammaren,1922,1924,
562,Olof Olsson,bf,Malmöhus län,Andra kammaren,1922,1924,
563,Oscar Carlström,f,Jönköpings län,Andra kammaren,1922,1924,
564,Oscar Johanson i Huskvarna,f. 1870,Jönköpings län,Andra kammaren,1922,1924,
565,Oscar Lundquist,f. 1860,Uppsala län,Andra kammaren,1922,1924,
566,Oscar Lövgren i Nyborg,f. 1888,Norrbottens län,Andra kammaren,1922,1924,
567,Oscar Nathanael Olsson (senare Broberg),h,Göteborgs och Bohus län,Andra kammaren,1922,1924,
568,Oscar Osberg,f,Göteborgs och Bohus län,Andra kammaren,1922,1924,
569,Oskar Hagman,f. 1880,Stockholms stad,Andra kammaren,1922,1924,
570,Oskar Kloo,f. 1867,Blekinge län,Andra kammaren,1922,1924,
571,Oskar Sjölander,f. 1880,Uppsala län,Andra kammaren,1922,1924,
572,Otto Magnusson i Tumbhult,h,Kronobergs län,Andra kammaren,1922,1924,
573,Otto Silfverschiöld,f. 1871,Norra valkretsen,Andra kammaren,1922,1924,
574,Pehr Pehrsson,f. 1867,Göteborgs stad,Andra kammaren,1922,1924,
575,Per Albin Hansson,s,Stockholms stad,Andra kammaren,1922,1924,
576,Per Edvin Sköld,s,Malmöhus län,Andra kammaren,1922,1924,
577,Per Granath,f. 1882,Gävleborgs län,Andra kammaren,1922,1924,
578,Per Henning Sjöblom,s,Stockholms län,Andra kammaren,1922,1924,
579,Per Nilsson i Bonarp,f. 1865,Kristianstads län,Andra kammaren,1922,1924,
580,Per Persson i Trången,f. 1869,Jämtlands län,Andra kammaren,1922,1924,
581,Peter Magnus Olsson i Blädinge,h,Kronobergs län,Andra kammaren,1922,1924,
582,Petrus Ödström,f. 1868,Örebro län,Andra kammaren,1922,1924,
583,Raoul Hamilton,f. 1855,Kristianstads län,Andra kammaren,1922,1924,
584,Richard Hermelin,f. 1862,Hallands län,Andra kammaren,1922,1924,
585,Robert Berg,f. 1877,Blekinge län,Andra kammaren,1922,1924,
586,Robert Jansson i Falun,f. 1868,Kopparbergs län,Andra kammaren,1922,1924,
587,Robert Karlsson i Gasabäck,f. 1869,Västernorrlands län,Andra kammaren,1922,1924,
588,Robert Samuelsson,k,Norrbottens län,Andra kammaren,1922,1924,
589,Ruben Wagnsson,s,Kalmar län,Andra kammaren,1922,1924,
590,Samuel Hedlund i Häste,f. 1878,Jämtlands län,Andra kammaren,1922,1924,
591,Sigurd Carlsson,f. 1870,Kalmar län,Andra kammaren,1922,1924,
592,Sven Bengtsson i Norup,f. 1866,Kristianstads län,Andra kammaren,1922,1924,
593,Sven Edward Julius Lübeck,h,Stockholms stad,Andra kammaren,1922,1924,
594,Sven Johan Karlsson i Nynäshamn,f. 1874,Stockholms län,Andra kammaren,1922,1924,
595,Sven Ljungkvist,f. 1880,Södra valkretsen,Andra kammaren,1922,1924,
596,Sven Olsson i Labbemåla,f. 1870,Östergötlands län,Andra kammaren,1922,1924,
597,Svening Alfred Larsson i Kroken,f. 1856,Södra valkretsen,Andra kammaren,1922,1924,
598,Swen Jönsson i Fridhill,f. 1877,Kristianstads län,Andra kammaren,1922,1924,
599,Swen Persson i Fritorp,f. 1875,Kristianstads län,Andra kammaren,1922,1924,
600,Theodor Gardell,bf,Gotlands län,Andra kammaren,1922,1924,
601,Theodor Hansén,f. 1867,Gotlands län,Andra kammaren,1922,1924,
602,Theodor af Ekenstam,f. 1858,Östergötlands län,Andra kammaren,1922,1924,
603,Valerius Olsson,h,Kalmar län,Andra kammaren,1922,1924,
604,Verner Hedlund i Östersund,s,Jämtlands län,Andra kammaren,1922,1924,
605,Verner Karlsson i Grängesberg,f. 1880,Kopparbergs län,Andra kammaren,1922,1924,
606,Viktor Herou,k,Gävleborgs län,Andra kammaren,1922,1924,
607,Viktor Larsson i Västerås,s,Västmanlands län,Andra kammaren,1922,1924,
608,Viktor Öhman,f. 1877,Örebro län,Andra kammaren,1922,1924,
609,Värner Rydén,s,Fyrstadskretsen,Andra kammaren,1922,1924,
610,Werner Bäckström,f,Västerbottens län,Andra kammaren,1922,1924,
611,A. Östlund,s,Göteborgs stad,Första kammaren,1922,1922,
612,Adam Hult,f. 1870,Södermanlands och Västmanlands län,Första kammaren,1922,1922,
613,Adolf Berge,f. 1869,Stockholms län och Uppsala län,Första kammaren,1922,1922,
614,Adolf Lindgren,f. 1864,Örebro län,Första kammaren,1922,1922,
615,Albert Bergström,f. 1869,Östergötlands län med Norrköpings stad,Första kammaren,1922,1922,
616,Albin Andersson i Myggnäs,bf,Göteborgs och Bohus län,Första kammaren,1922,1922,
617,Alexis Björkman,f. 1853,Södermanlands och Västmanlands län,Första kammaren,1922,1922,
618,Anders Antonsson,f. 1856,Malmöhus län med Malmö stad och Helsingborgs stad,Första kammaren,1922,1922,
619,Anders Elisson,f. 1876,Kronobergs och Hallands län,Första kammaren,1922,1922,
620,Anders Lindblad,f. 1866,Göteborgs stad,Första kammaren,1922,1922,
621,Anders Olof Frändén,f. 1866,Västernorrlands län och Jämtlands län,Första kammaren,1922,1922,
622,Anders Pers,f. 1860,Kopparbergs län,Första kammaren,1922,1922,
623,Anders Örne,s,Örebro län,Första kammaren,1922,1922,
624,Anton Nilsson i Östrabo,f. 1874,Malmöhus län med Malmö stad och Helsingborgs stad,Första kammaren,1922,1922,
625,Anton Pettersson i Västerås,bf,Södermanlands och Västmanlands län,Första kammaren,1922,1922,
626,Arvid Thorberg,s,Stockholms stad,Första kammaren,1922,1922,
627,Assar Emanuel Åkerman,s,Södermanlands och Västmanlands län,Första kammaren,1922,1922,
628,August Johansson,f. 1864,Skaraborgs län,Första kammaren,1922,1922,
629,August Ljunggren,f. 1874,Kronobergs och Hallands län,Första kammaren,1922,1922,
630,August Nilsson i Kabbarp,f. 1867,Malmöhus län med Malmö stad och Helsingborgs stad,Första kammaren,1922,1922,
631,Axel Fredrik Wennersten,f. 1863,Älvsborgs län,Första kammaren,1922,1922,
632,Axel Hansson Wachtmeister,f. 1855,Blekinge län och Kristianstads län,Första kammaren,1922,1922,
633,Axel Modig,f. 1859,Södermanlands och Västmanlands län,Första kammaren,1922,1922,
634,Axel Olof Rune,l,Kalmar läns norra och södra landstingsområden samt Gotlands län,Första kammaren,1922,1922,
635,Axel Rooth,f. 1858,Kronobergs och Hallands län,Första kammaren,1922,1922,
636,Axel Theodor Adelswärd,f,Östergötlands län med Norrköpings stad,Första kammaren,1922,1922,
637,Axel Vindahl,f. 1866,Örebro län,Första kammaren,1922,1922,
638,Axel von Sneidern,f. 1875,Älvsborgs län,Första kammaren,1922,1922,
639,Bror Petrén,f. 1870,Blekinge län och Kristianstads län,Första kammaren,1922,1922,
640,Carl Albert Lindhagen,f. 1860,Västernorrlands län och Jämtlands län,Första kammaren,1922,1922,
641,Carl Boberg,f. 1859,Kalmar läns norra och södra landstingsområden samt Gotlands län,Första kammaren,1922,1922,
642,Carl Carlsson,f. 1873,Gävleborgs län med Gävle stad,Första kammaren,1922,1922,
643,Carl Eriksson i Ljusdal,s,Gävleborgs län med Gävle stad,Första kammaren,1922,1922,
644,Carl Gustaf Ekman,f. 1872,Stockholms län och Uppsala län,Första kammaren,1922,1922,
645,Carl Hederstierna,h,Stockholms stad,Första kammaren,1922,1922,
646,Carl Johan Gustaf Swartz,h,Östergötlands län med Norrköpings stad,Första kammaren,1922,1922,
647,Carl Johansson,f. 1856,Malmöhus län med Malmö stad och Helsingborgs stad,Första kammaren,1922,1922,
648,Carl O. Olsson,bf,Blekinge län och Kristianstads län,Första kammaren,1922,1922,
649,Carl Schedin,bf,Kopparbergs län,Första kammaren,1922,1922,
650,Carl Svensson,f. 1879,Södermanlands och Västmanlands län,Första kammaren,1922,1922,
651,Carl Winberg,k,Västerbottens län och Norrbottens län,Första kammaren,1922,1922,
652,Carl-Axel Reuterskiöld,f. 1870,Stockholms län och Uppsala län,Första kammaren,1922,1922,
653,Charles Lindley,s,Stockholms stad,Första kammaren,1922,1922,
654,Daniel Alfred Petrén,f. 1867,Kopparbergs län,Första kammaren,1922,1922,
655,Edvard Björnsson,f. 1878,Älvsborgs län,Första kammaren,1922,1922,
656,Edvard Hagfält,f. 1873,Stockholms län och Uppsala län,Första kammaren,1922,1922,
657,Edward Larson i Lerdala,f. 1867,Skaraborgs län,Första kammaren,1922,1922,
658,Einar Thulin,f. 1883,Östergötlands län med Norrköpings stad,Första kammaren,1922,1922,
659,Eliel Löfgren,l,Stockholms län och Uppsala län,Första kammaren,1922,1922,
660,Elof Andersson i Fältenborg,f. 1873,Blekinge län och Kristianstads län,Första kammaren,1922,1922,
661,Eric Hallin,f. 1870,Göteborgs och Bohus län,Första kammaren,1922,1922,
662,Erik Abrahamsson,född 1873,Jönköpings län,Första kammaren,1922,1922,
663,Erik Anderson i Hägelåkra,f. 1870,Kalmar läns norra och södra landstingsområden samt Gotlands län,Första kammaren,1922,1922,
664,Erik August Enhörning,f. 1860,Västernorrlands län och Jämtlands län,Första kammaren,1922,1922,
665,Erik Dalberg,f. 1869,Kopparbergs län,Första kammaren,1922,1922,
666,Erik Vrang,f. 1870,Skaraborgs län,Första kammaren,1922,1922,
667,Ernst Klefbeck,f. 1866,Stockholms stad,Första kammaren,1922,1922,
668,Ernst Lyberg,f. 1874,Kopparbergs län,Första kammaren,1922,1922,
669,Ernst Svensson i Eskhult,f. 1880,Skaraborgs län,Första kammaren,1922,1922,
670,Ernst Trygger,f. 1857,Stockholms stad,Första kammaren,1922,1922,
671,Ernst Wigforss,s,Göteborgs stad,Första kammaren,1922,1922,
672,Ernst Åström,f. 1882,Kopparbergs län,Första kammaren,1922,1922,
673,Frits Gustav Möller,s,Stockholms län och Uppsala län,Första kammaren,1922,1922,
674,Frits Leander Lindquist,f. 1865,Västernorrlands län och Jämtlands län,Första kammaren,1922,1922,
675,Gerhard Halfred von Koch,f. 1872,Örebro län,Första kammaren,1922,1922,
676,Gustaf A. Wahl,s,Stockholms stad,Första kammaren,1922,1922,
677,Gustaf Anton Larsén,f. 1870,Kronobergs och Hallands län,Första kammaren,1922,1922,
678,Gustaf Barthelson,f. 1854,Skaraborgs län,Första kammaren,1922,1922,
679,Gustaf Boman,f. 1861,Göteborgs stad,Första kammaren,1922,1922,
680,Gustaf H. Malmberg,f. 1869,Kalmar läns norra och södra landstingsområden samt Gotlands län,Första kammaren,1922,1922,
681,Gustaf Lagerbjelke,f. 1860,Stockholms län och Uppsala län,Första kammaren,1922,1922,
682,Gustaf Nilsson i Kristianstad,f. 1880,Blekinge län och Kristianstads län,Första kammaren,1922,1922,
683,Gustaf Sederholm,f. 1868,Södermanlands och Västmanlands län,Första kammaren,1922,1922,
684,Gustaf Strömberg,s,Värmlands län,Första kammaren,1922,1922,
685,Gustav Rosén,l,Västerbottens län och Norrbottens län,Första kammaren,1922,1922,
686,Henrik Öhngren,f. 1853,Västernorrlands län och Jämtlands län,Första kammaren,1922,1922,
687,Herman Kvarnzelius,l,Västernorrlands län och Jämtlands län,Första kammaren,1922,1922,
688,Herman Lamm,f. 1853,Stockholms stad,Första kammaren,1922,1922,
689,Herman Rogberg,h,Västerbottens län och Norrbottens län,Första kammaren,1922,1922,
690,Hjalmar von Sydow,h,Stockholms stad,Första kammaren,1922,1922,
691,Hugo Erik Gustaf Hamilton,f. 1849,Älvsborgs län,Första kammaren,1922,1922,
692,Ingebrekt Bergman,f. 1864,Västernorrlands län och Jämtlands län,Första kammaren,1922,1922,
693,Isak Svensson i Grindstorp,f. 1864,Göteborgs och Bohus län,Första kammaren,1922,1922,
694,Ivan Pauli,f. 1885,Jönköpings län,Första kammaren,1922,1922,
695,J. Axel Träff,f. 1875,Östergötlands län med Norrköpings stad,Första kammaren,1922,1922,
696,J. P. Johansson,f. 1874,Västernorrlands län och Jämtlands län,Första kammaren,1922,1922,
697,J.G. Carlsson,f. 1884,Blekinge län och Kristianstads län,Första kammaren,1922,1922,
698,Jacob Larsson,f. 1851,Malmöhus län med Malmö stad och Helsingborgs stad,Första kammaren,1922,1922,
699,Jacob Spens,f. 1861,Jönköpings län,Första kammaren,1922,1922,
700,Jan Berglund,f. 1864,Stockholms stad,Första kammaren,1922,1922,
701,Janne Walles,f. 1871,Västernorrlands län och Jämtlands län,Första kammaren,1922,1922,
702,Johan Bernhard Johansson i Fredrikslund,f. 1877,Kronobergs och Hallands län,Första kammaren,1922,1922,
703,Johan Carlsson,f. 1864,Värmlands län,Första kammaren,1922,1922,
704,Johan Johansson i Friggeråker,f. 1872,Älvsborgs län,Första kammaren,1922,1922,
705,Johan Nilsson i Malmö,f. 1874,Malmöhus län med Malmö stad och Helsingborgs stad,Första kammaren,1922,1922,
706,Johan Nilsson i Skottlandshus,f. 1873,Blekinge län och Kristianstads län,Första kammaren,1922,1922,
707,John Almkvist,l,Västerbottens län och Norrbottens län,Första kammaren,1922,1922,
708,John Jeansson,f. 1865,Kalmar läns norra och södra landstingsområden samt Gotlands län,Första kammaren,1922,1922,
709,Jonas Andersson i Hedsta,h,Gävleborgs län med Gävle stad,Första kammaren,1922,1922,
710,Jöns Jönsson i Slätåker,f. 1867,Malmöhus län med Malmö stad och Helsingborgs stad,Första kammaren,1922,1922,
711,Jöns Pålsson,f. 1870,Malmöhus län med Malmö stad och Helsingborgs stad,Första kammaren,1922,1922,
712,K.G. Westman,f. 1876,Östergötlands län med Norrköpings stad,Första kammaren,1922,1922,
713,Karl Andersson i Eliantorp,f. 1869,Östergötlands län med Norrköpings stad,Första kammaren,1922,1922,
714,Karl Andersson i Fiskebäckskil (senare i Stockholm),f. 1875,Göteborgs och Bohus län,Första kammaren,1922,1922,
715,Karl August Nilsson,f. 1864,Värmlands län,Första kammaren,1922,1922,
716,Karl Ekman,f. 1863,Jönköpings län,Första kammaren,1922,1922,
717,Karl Franzén,f. 1883,Värmlands län,Första kammaren,1922,1922,
718,Karl Johan Alfred Gustafsson,f. 1862,Jönköpings län,Första kammaren,1922,1922,
719,Karl Sandegård,f. 1880,Älvsborgs län,Första kammaren,1922,1922,
720,Kerstin Hesselgren,l,Göteborgs stad,Första kammaren,1922,1922,
721,Knut Ebbe von Geijer,,Malmöhus län med Malmö stad och Helsingborgs stad,Första kammaren,1922,1922,
722,Knut Heyman,f. 1870,Älvsborgs län,Första kammaren,1922,1922,
723,Knut Tengdahl,f. 1867,Värmlands län,Första kammaren,1922,1922,
724,Lars Gunnar Bodin,f. 1872,Kalmar läns norra och södra landstingsområden samt Gotlands län,Första kammaren,1922,1922,
725,Leonard Tjällgren,f. 1878,Västernorrlands län och Jämtlands län,Första kammaren,1922,1922,
726,Ludvig Widell,f. 1870,Göteborgs och Bohus län,Första kammaren,1922,1922,
727,Manne Asplund,s,Västerbottens län och Norrbottens län,Första kammaren,1922,1922,
728,Martin Svensson i Kompersmåla,f. 1871,Kronobergs och Hallands län,Första kammaren,1922,1922,
729,Mauritz Hellberg,f. 1859,Värmlands län,Första kammaren,1922,1922,
730,Nils Anton Bondeson,f. 1872,Kronobergs och Hallands län,Första kammaren,1922,1922,
731,Nils Gabrielsson,bf,Västerbottens län och Norrbottens län,Första kammaren,1922,1922,
732,Nils Persson i Malmö,f. 1865,Malmöhus län med Malmö stad och Helsingborgs stad,Första kammaren,1922,1922,
733,Nils Sigfrid Norling,f. 1880,Gävleborgs län med Gävle stad,Första kammaren,1922,1922,
734,Nils Wohlin,bf,Malmöhus län med Malmö stad och Helsingborgs stad,Första kammaren,1922,1922,
735,Olaus Pettersson i Småkulla,f. 1859,Älvsborgs län,Första kammaren,1922,1922,
736,Olof Bergqvist,h,Västerbottens län och Norrbottens län,Första kammaren,1922,1922,
737,Olof Carlsson,f. 1872,Blekinge län och Kristianstads län,Första kammaren,1922,1922,
738,Olof Olsson,f. 1872,Malmöhus län med Malmö stad och Helsingborgs stad,Första kammaren,1922,1922,
739,Oscar Ericson i Oberga,f. 1866,Jönköpings län,Första kammaren,1922,1922,
740,Oscar Herman August Fleming,f. 1859,Östergötlands län med Norrköpings stad,Första kammaren,1922,1922,
741,Oscar Olsson,f. 1877,Örebro län,Första kammaren,1922,1922,
742,Oskar Strutz,f. 1864,Södermanlands och Västmanlands län,Första kammaren,1922,1922,
743,Otto Strömberg,f. 1856,Stockholms län och Uppsala län,Första kammaren,1922,1922,
744,Paul Hellström,l,Västerbottens län och Norrbottens län,Första kammaren,1922,1922,
745,Per Andersson i Koldemo,bf,Gävleborgs län med Gävle stad,Första kammaren,1922,1922,
746,Per Gustafsson i Benestad,bf,Kronobergs och Hallands län,Första kammaren,1922,1922,
747,Per Norin,f. 1863,Gävleborgs län med Gävle stad,Första kammaren,1922,1922,
748,Petrus Nilsson i Gränebo,f. 1881,Kalmar läns norra och södra landstingsområden samt Gotlands län,Första kammaren,1922,1922,
749,Rickard Sandler,s,Gävleborgs län med Gävle stad,Första kammaren,1922,1922,
750,Samuel Clason,f. 1867,Stockholms stad,Första kammaren,1922,1922,
751,Sigfrid Hansson,f. 1884,Göteborgs och Bohus län,Första kammaren,1922,1922,
752,Sten Stendahl,f. 1876,Stockholms stad,Första kammaren,1922,1922,
753,Teodor Julin,f. 1880,Stockholms län och Uppsala län,Första kammaren,1922,1922,
754,Theodor Borell,f. 1869,Stockholms län och Uppsala län,Första kammaren,1922,1922,
755,Torsten Nothin,s,Södermanlands och Västmanlands län,Första kammaren,1922,1922,
756,Torsten Ström,f. 1885,Skaraborgs län,Första kammaren,1922,1922,
757,Ulrik Leander,f. 1858,Blekinge län och Kristianstads län,Första kammaren,1922,1922,
758,William Linder,s,Blekinge län och Kristianstads län,Första kammaren,1922,1922,
759,Åke Ingeström,f. 1867,Värmlands län,Första kammaren,1922,1922,
760,Adolf Berge,f. 1869,(mandatperioden utgår 1930),Första kammaren,1924,1924,
761,Adolf Dahl,h,(mandatperioden utgår 1931),Första kammaren,1924,1924,
762,Adolf Lindgren,f. 1864,(mandatperioden utgår 1926),Första kammaren,1924,1924,
763,Albert Bergström,f. 1869,(mandatperioden utgår 1924),Första kammaren,1924,1924,
764,Albin Andersson i Myggnäs,bf,(mandatperioden utgår 1925),Första kammaren,1924,1924,
765,Alexander Nilsson i Fredriksfält,bf,(mandatperioden utgår 1931),Första kammaren,1924,1924,
766,Alexis Björkman,f. 1853,(mandatperioden utgår 1931),Första kammaren,1924,1924,
767,Anders Antonsson,f. 1856,(mandatperioden utgår 1928),Första kammaren,1924,1924,
768,Anders Elisson,f. 1876,(mandatperioden utgår 1926),Första kammaren,1924,1924,
769,Anders Johan Bärg,f. 1870,(mandatperioden utgår 1931),Första kammaren,1924,1924,
770,Anders Lindblad,f. 1866,(mandatperioden utgår 1926),Första kammaren,1924,1924,
771,Anders Olof Frändén,f. 1866,(mandatperioden utgår 1924),Första kammaren,1924,1924,
772,Anders Pers,f. 1860,(mandatperioden utgår 1927),Första kammaren,1924,1924,
773,Anders Örne,s,(mandatperioden utgår 1926),Första kammaren,1924,1924,
774,Anton Nilsson i Östrabo,f. 1874,(mandatperioden utgår 1928),Första kammaren,1924,1924,
775,Arvid Thorberg,s,Mandatperiod: 1922–1929,Första kammaren,1924,1924,
776,Assar Emanuel Åkerman,s,(mandatperioden utgår 1931),Första kammaren,1924,1924,
777,August Johansson i Lövholmen,f. 1864,(mandatperioden utgår 1927),Första kammaren,1924,1924,
778,August Ljunggren,f. 1874,(mandatperioden utgår 1926),Första kammaren,1924,1924,
779,Axel Fredrik Wennersten,f. 1863,(mandatperioden utgår 1929),Första kammaren,1924,1924,
780,Axel Hansson Wachtmeister,f. 1855,(mandatperioden utgår 1931),Första kammaren,1924,1924,
781,Axel Olof Rune,l,(mandatperioden utgår 1927),Första kammaren,1924,1924,
782,Axel Rooth,f. 1858,(mandatperioden utgår 1926),Första kammaren,1924,1924,
783,Axel Theodor Adelswärd,f,(mandatperioden utgår 1924),Första kammaren,1924,1924,
784,Axel Vindahl,f. 1866,(mandatperioden utgår 1926),Första kammaren,1924,1924,
785,Axel von Sneidern,f. 1875,(mandatperioden utgår 1929),Första kammaren,1924,1924,
786,Bo von Stockenström,f. 1887,(mandatperioden utgår 1931),Första kammaren,1924,1924,
787,Bror Petrén,f. 1870,(mandatperioden utgår 1931),Första kammaren,1924,1924,
788,Carl Albert Lindhagen,f. 1860,(mandatperioden utgår 1924),Första kammaren,1924,1924,
789,Carl Boberg,f. 1859,(mandatperioden utgår 1927),Första kammaren,1924,1924,
790,Carl Carlsson,f. 1873,(mandatperioden utgår 1928),Första kammaren,1924,1924,
791,Carl Eriksson i Ljusdal,f. 1881,(mandatperioden utgår 1928),Första kammaren,1924,1924,
792,Carl Gotthard Ekman,f. 1872,(mandatperioden utgår 1930),Första kammaren,1924,1924,
793,Carl Hederstierna,n,Mandatperiod: 1922–1929,Första kammaren,1924,1924,
794,Carl Johan Gustaf Swartz,h,(mandatperioden utgår 1924),Första kammaren,1924,1924,
795,Carl Johansson,f. 1856,(mandatperioden utgår 1928),Första kammaren,1924,1924,
796,Carl Primus Wahlmark,f. 1883,(mandatperioden utgår 1930),Första kammaren,1924,1924,
797,Carl Schedin,f. 1868,(mandatperioden utgår 1927),Första kammaren,1924,1924,
798,Carl Svensson,f. 1879,(mandatperioden utgår 1931),Första kammaren,1924,1924,
799,Carl Winberg,f. 1867,(mandatperioden utgår 1930),Första kammaren,1924,1924,
800,Carl-Axel Reuterskiöld,f. 1870,(mandatperioden utgår 1930),Första kammaren,1924,1924,
801,Charles Lindley,s,Mandatperiod: 1922–1929,Första kammaren,1924,1924,
802,Daniel Alfred Petrén,f. 1867,(mandatperioden utgår 1927),Första kammaren,1924,1924,
803,Edvard Björnsson,f. 1878,(mandatperioden utgår 1929),Första kammaren,1924,1924,
804,Edward Larson i Lerdala,f. 1867,(mandatperioden utgår 1927),Första kammaren,1924,1924,
805,Einar Thulin,f. 1883,(mandatperioden utgår 1924),Första kammaren,1924,1924,
806,Eli Svänsson,f. 1865,(mandatperioden utgår 1927),Första kammaren,1924,1924,
807,Elof Andersson i Fältenborg,f. 1873,(mandatperioden utgår 1931),Första kammaren,1924,1924,
808,Eric Hallin,f. 1870,(mandatperioden utgår 1925),Första kammaren,1924,1924,
809,Erik Abrahamsson,f. 1873,(mandatperioden utgår 1925),Första kammaren,1924,1924,
810,Erik Anderson i Hägelåkra,f. 1870,(mandatperioden utgår 1927),Första kammaren,1924,1924,
811,Erik August Enhörning,f. 1860,(mandatperioden utgår 1924),Första kammaren,1924,1924,
812,Erik Dalberg,f. 1869,(mandatperioden utgår 1927),Första kammaren,1924,1924,
813,Erik Vrang,f. 1870,(mandatperioden utgår 1927),Första kammaren,1924,1924,
814,Ernst Klefbeck,s,Mandatperiod: 1922–1929,Första kammaren,1924,1924,
815,Ernst Lundell,f. 1857,(mandatperioden utgår 1927),Första kammaren,1924,1924,
816,Ernst Lyberg,f. 1874,(mandatperioden utgår 1927),Första kammaren,1924,1924,
817,Ernst Svensson i Eskhult,f. 1880,(mandatperioden utgår 1927),Första kammaren,1924,1924,
818,Ernst Wigforss,s,(mandatperioden utgår 1926),Första kammaren,1924,1924,
819,Ernst Åström,f. 1876,(mandatperioden utgår 1927),Första kammaren,1924,1924,
820,Evert Jonsson i Lycksele,f. 1869,(mandatperioden utgår 1930),Första kammaren,1924,1924,
821,Frits Gustav Möller,s,(mandatperioden utgår 1930),Första kammaren,1924,1924,
822,Frits Leander Lindqvist,f. 1865,(mandatperioden utgår 1924),Första kammaren,1924,1924,
823,Gerhard Halfred von Koch,f. 1872,(mandatperioden utgår 1926),Första kammaren,1924,1924,
824,Gustaf Anton Larsén,f. 1870,(mandatperioden utgår 1926),Första kammaren,1924,1924,
825,Gustaf Boman,f. 1861,(mandatperioden utgår 1926),Första kammaren,1924,1924,
826,Gustaf Kobb,f. 1863,(mandatperioden utgår 1931),Första kammaren,1924,1924,
827,Gustaf Lagerbjelke,f. 1860,(mandatperioden utgår 1930),Första kammaren,1924,1924,
828,Gustaf Nilsson i Kristianstad,f. 1880,(mandatperioden utgår 1931),Första kammaren,1924,1924,
829,Gustaf Sederholm,f. 1868,(mandatperioden utgår 1931),Första kammaren,1924,1924,
830,Gustaf Strömberg,s,(mandatperioden utgår 1925),Första kammaren,1924,1924,
831,Gustaf Wahl,s,Mandatperiod: 1922–1929,Första kammaren,1924,1924,
832,Gustav Hansson,f. 1878,(mandatperioden utgår 1926),Första kammaren,1924,1924,
833,Gustav Rosén,l,(mandatperioden utgår 1930),Första kammaren,1924,1924,
834,Hans excellens Ernst Trygger,n,Mandatperiod: 1922–1929,Första kammaren,1924,1924,
835,Henric Öhngren,f. 1853,(mandatperioden utgår 1924),Första kammaren,1924,1924,
836,Herman Fleming,f. 1859,(mandatperioden utgår 1924),Första kammaren,1924,1924,
837,Herman Kvarnzelius,l,(mandatperioden utgår 1924),Första kammaren,1924,1924,
838,Herman Lamm,lib,Mandatperiod: 1922–1929,Första kammaren,1924,1924,
839,Herman Rogberg,h,(mandatperioden utgår 1930),Första kammaren,1924,1924,
840,Hjalmar Hammarskjöld,högervilde,(mandatperioden utgår 1930),Första kammaren,1924,1924,
841,Hjalmar von Sydow,n,Mandatperiod: 1922–1929,Första kammaren,1924,1924,
842,Hugo Erik Gustaf Hamilton,f. 1849,(mandatperioden utgår 1929),Första kammaren,1924,1924,
843,Ingebrekt Bergman,f. 1864,(mandatperioden utgår 1924),Första kammaren,1924,1924,
844,Isak Svensson i Grindstorp,f. 1864,(mandatperioden utgår 1925),Första kammaren,1924,1924,
845,Ivan Pauli,f. 1885,(mandatperioden utgår 1925),Första kammaren,1924,1924,
846,Jacob Larsson,f. 1851,(mandatperioden utgår 1928),Första kammaren,1924,1924,
847,Jacob Spens,f. 1861,(mandatperioden utgår 1925),Första kammaren,1924,1924,
848,Jan Berglund,s,Mandatperiod: 1922–1929,Första kammaren,1924,1924,
849,Janne Walles,f. 1871,(mandatperioden utgår 1924),Första kammaren,1924,1924,
850,Jeppe Clemedtson,f. 1885,(mandatperioden utgår 1931),Första kammaren,1924,1924,
851,Johan Bergman,l,(mandatperioden utgår 1925),Första kammaren,1924,1924,
852,Johan Bernhard Johansson i Fredrikslund,f. 1877,(mandatperioden utgår 1926),Första kammaren,1924,1924,
853,Johan Carlsson,f. 1864,(mandatperioden utgår 1925),Första kammaren,1924,1924,
854,Johan Johansson i Friggeråker,f. 1872,(mandatperioden utgår 1929),Första kammaren,1924,1924,
855,Johan Johansson i Hornsberg,f. 1874,(mandatperioden utgår 1924),Första kammaren,1924,1924,
856,Johan Nilsson i Malmö,f. 1874,(mandatperioden utgår 1928),Första kammaren,1924,1924,
857,Johan Nilsson i Skottlandshus,f. 1873,(mandatperioden utgår 1931),Första kammaren,1924,1924,
858,John Almkvist,l,(mandatperioden utgår 1930),Första kammaren,1924,1924,
859,John Jeansson,f. 1865,(mandatperioden utgår 1927),Första kammaren,1924,1924,
860,John Otto Karlsson,f. 1855,(mandatperioden utgår 1931),Första kammaren,1924,1924,
861,Jonas Andersson i Hedsta,f. 1873,(mandatperioden utgår 1928),Första kammaren,1924,1924,
862,Jöns Jönsson i Slätåker,f. 1867,(mandatperioden utgår 1928),Första kammaren,1924,1924,
863,Jöns Pålsson,f. 1870,(mandatperioden utgår 1928),Första kammaren,1924,1924,
864,K.G. Westman,f. 1876,(mandatperioden utgår 1924),Första kammaren,1924,1924,
865,Karl Andersson i Eliantorp,f. 1869,(mandatperioden utgår 1924),Första kammaren,1924,1924,
866,Karl Andreas Andersson,f. 1875,(mandatperioden utgår 1925),Första kammaren,1924,1924,
867,Karl Ekman,f. 1863,(mandatperioden utgår 1925),Första kammaren,1924,1924,
868,Karl Franzén,f. 1883,(mandatperioden utgår 1925),Första kammaren,1924,1924,
869,Karl Johan Alfred Gustafsson,f. 1862,(mandatperioden utgår 1925),Första kammaren,1924,1924,
870,Karl Sandegård,f. 1880,(mandatperioden utgår 1929),Första kammaren,1924,1924,
871,Kerstin Hesselgren,l,(mandatperioden utgår 1926),Första kammaren,1924,1924,
872,Knut Abel Tengdahl,f. 1867,(mandatperioden utgår 1925),Första kammaren,1924,1924,
873,Knut Aron Heyman,f. 1870,(mandatperioden utgår 1929),Första kammaren,1924,1924,
874,Knut Ebbe von Geijer,,(mandatperioden utgår 1928),Första kammaren,1924,1924,
875,Lars Gunnar Bodin,f. 1872,(mandatperioden utgår 1927),Första kammaren,1924,1924,
876,Leonard Tjällgren,f. 1878,(mandatperioden utgår 1924),Första kammaren,1924,1924,
877,Ludvig Widell,f. 1870,(mandatperioden utgår 1925),Första kammaren,1924,1924,
878,Manne Asplund,f. 1872,(mandatperioden utgår 1930),Första kammaren,1924,1924,
879,Martin Fehr,f. 1885,(mandatperioden utgår 1930),Första kammaren,1924,1924,
880,Martin Svensson i Kompersmåla,f. 1871,(mandatperioden utgår 1926),Första kammaren,1924,1924,
881,Mauritz Hellberg,f. 1859,(mandatperioden utgår 1925),Första kammaren,1924,1924,
882,Nils Anton Bondeson,f. 1872,(mandatperioden utgår 1926),Första kammaren,1924,1924,
883,Nils August Nilsson i Kabbarp,s,(mandatperioden utgår 1928),Första kammaren,1924,1924,
884,Nils Gabrielsson,bf,(mandatperioden utgår 1930),Första kammaren,1924,1924,
885,Nils Lindstrand,f. 1869,(mandatperioden utgår 1924),Första kammaren,1924,1924,
886,Nils Persson i Malmö,f. 1865,(mandatperioden utgår 1928),Första kammaren,1924,1924,
887,Nils Sigfrid Norling,f. 1880,(mandatperioden utgår 1928),Första kammaren,1924,1924,
888,Nils Wohlin,bf,(mandatperioden utgår 1928),Första kammaren,1924,1924,
889,Olaus Pettersson i Småkulla,f. 1859,(mandatperioden utgår 1929),Första kammaren,1924,1924,
890,Olof Bergqvist,f. 1862,(mandatperioden utgår 1930),Första kammaren,1924,1924,
891,Olof Olsson,f. 1872,(mandatperioden utgår 1928),Första kammaren,1924,1924,
892,Oscar Ericson i Oberga,f. 1866,(mandatperioden utgår 1925),Första kammaren,1924,1924,
893,Oscar Olsson,f. 1877,(mandatperioden utgår 1926),Första kammaren,1924,1924,
894,Paul Hellström,l,(mandatperioden utgår 1930),Första kammaren,1924,1924,
895,Per Andersson i Koldemo,f. 1876,(mandatperioden utgår 1928),Första kammaren,1924,1924,
896,Per Gustafsson i Benestad,f. 1880,(mandatperioden utgår 1926),Första kammaren,1924,1924,
897,Per Norin,f. 1863,(mandatperioden utgår 1928),Första kammaren,1924,1924,
898,Petrus Nilsson i Gränebo,f. 1881,(mandatperioden utgår 1927),Första kammaren,1924,1924,
899,Rickard Sandler,s,(mandatperioden utgår 1928),Första kammaren,1924,1924,
900,Samuel Clason,n,Mandatperiod: 1922–1929,Första kammaren,1924,1924,
901,Sigfrid Hansson,f. 1884,(mandatperioden utgår 1925),Första kammaren,1924,1924,
902,Sten Stendahl,n,Mandatperiod: 1922–1929,Första kammaren,1924,1924,
903,Teodor Julin,f. 1880,(mandatperioden utgår 1930),Första kammaren,1924,1924,
904,Theodor Borell,f. 1869,(mandatperioden utgår 1930),Första kammaren,1924,1924,
905,Theodor Östergren,f. 1878,(mandatperioden utgår 1931),Första kammaren,1924,1924,
906,Torsten Nothin,s,(mandatperioden utgår 1931),Första kammaren,1924,1924,
907,Torsten Ström,f. 1885,(mandatperioden utgår 1927),Första kammaren,1924,1924,
908,William Linder,s,(mandatperioden utgår 1931),Första kammaren,1924,1924,
909,Åke Ingeström,f. 1867,(mandatperioden utgår 1925),Första kammaren,1924,1924,
910,Abel Andersson,s,Jönköpings län,Andra kammaren,1925,1928,
911,Adolf Wallerius,h,Göteborgs och Bohus län,Andra kammaren,1925,1928,
912,Adolf Wiklund,h,Västerbottens län,Andra kammaren,1925,1928,
913,Adolv Olsson,s,Gävleborgs län,Andra kammaren,1925,1928,
914,Agda Östlund,s,Stockholms stad,Andra kammaren,1925,1928,
915,Albert Johansson,h,Kalmar län,Andra kammaren,1925,1928,
916,Alfred Werner,s,Kalmar län,Andra kammaren,1925,1928,
917,Algot Sjöström,s,Göteborgs stad,Andra kammaren,1925,1928,
918,Algot Törnkvist,s,Blekinge län,Andra kammaren,1925,1928,
919,Anders Andersson,s,Hallands län,Andra kammaren,1925,1928,
920,Anders Andersson,s,Örebro län,Andra kammaren,1925,1928,
921,Anders Hansson i Trollhättan,s,Älvsborgs läns norra,Andra kammaren,1925,1928,
922,Anders Henrikson,h,Hallands län,Andra kammaren,1925,1928,
923,Anders Lindgren,bf,Älvsborgs läns norra,Andra kammaren,1925,1928,
924,Anders Norsell,s,Värmlands län,Andra kammaren,1925,1928,
925,Anders Paulsen,s,Malmöhus län,Andra kammaren,1925,1928,
926,Anton Eklund,s,Västmanlands län,Andra kammaren,1925,1928,
927,Anton Svensson,bf,Jönköpings län,Andra kammaren,1925,1928,
928,Anton Wikström,f,Västerbottens län,Andra kammaren,1925,1928,
929,Arne Forssell,h,Stockholms stad,Andra kammaren,1925,1928,
930,Arthur Engberg,s,Fyrstadskretsen[1],Andra kammaren,1925,1928,
931,Arthur Heiding,bf,Kalmar län,Andra kammaren,1925,1928,
932,Arthur Wilhelm Gustafsson,h,Älvsborgs läns norra,Andra kammaren,1925,1928,
933,Arvid Gardell,bf,Gotlands län,Andra kammaren,1925,1928,
934,Arvid Lindman,h,Stockholms stad,Andra kammaren,1925,1928,
935,August Danielsson,bf,Älvsborgs läns norra,Andra kammaren,1925,1928,
936,August Ernfors (tidigare Eriksson),h,Kopparbergs län,Andra kammaren,1925,1928,
937,August Lundén,f,Skaraborgs län,Andra kammaren,1925,1928,
938,August Schill,f,Södermanlands län,Andra kammaren,1925,1928,
939,August Spångberg,k,Värmlands län,Andra kammaren,1925,1928,
940,August Sävström,s,Gävleborgs län,Andra kammaren,1925,1928,
941,August Wilhelm Pettersson,s,Västmanlands län,Andra kammaren,1925,1928,
942,Axel Lindqvist,s,Hallands län,Andra kammaren,1925,1928,
943,Bernhard Eriksson,s,Kopparbergs län,Andra kammaren,1925,1928,
944,Bertha Wellin,h,Stockholms stad,Andra kammaren,1925,1928,
945,Bertil Mogård,s,Örebro län,Andra kammaren,1925,1928,
946,Birger Christenson,h,Stockholms län,Andra kammaren,1925,1928,
947,Birger Petersson,h,Älvsborgs läns södra,Andra kammaren,1925,1928,
948,Björn Frithiofsson Holmgren,h,Blekinge län,Andra kammaren,1925,1928,
949,Bror Lundkvist,s,Södermanlands län,Andra kammaren,1925,1928,
950,Carl Alfred Svensson,s,Västernorrlands län,Andra kammaren,1925,1928,
951,Carl Arvid Anderson,h,Skaraborgs län,Andra kammaren,1925,1928,
952,Carl Björling,f,Värmlands län,Andra kammaren,1925,1928,
953,Carl Bodén,f,Skaraborgs län,Andra kammaren,1925,1928,
954,Carl Brännberg,s,Göteborgs och Bohus län,Andra kammaren,1925,1928,
955,Carl Gustaf Olsson,bf,Uppsala län,Andra kammaren,1925,1928,
956,Carl Jansson i Edsbäcken,f,Värmlands län,Andra kammaren,1925,1928,
957,Carl Johan Högström,s,Gävleborgs län,Andra kammaren,1925,1928,
958,Carl Johan Johansson i Uppmälby,s,Södermanlands län,Andra kammaren,1925,1928,
959,Carl Jonas Öberg,h,Västernorrlands län,Andra kammaren,1925,1928,
960,Carl Larson,h,Hallands län,Andra kammaren,1925,1928,
961,Carl Lovén,s,Fyrstadskretsen[1],Andra kammaren,1925,1928,
962,Carl Oscar Johansson,s,Västernorrlands län,Andra kammaren,1925,1928,
963,Carl Otto Vahlstedt,s,Skaraborgs län,Andra kammaren,1925,1928,
964,Carl Petrus Olsson,s,Älvsborgs läns norra,Andra kammaren,1925,1928,
965,Carl Ros,h,Värmlands län,Andra kammaren,1925,1928,
966,Carl Sjögren,s,Östergötlands län,Andra kammaren,1925,1928,
967,Carl Vilhelm Carlsson,s,Göteborgs och Bohus län,Andra kammaren,1925,1928,
968,Carl Wilhelm Oskar Höglund,s,Göteborgs stad,Andra kammaren,1925,1928,
969,Claes Lindskog,h,Fyrstadskretsen[1],Andra kammaren,1925,1928,
970,Conrad Jonsson,s,Södermanlands län,Andra kammaren,1925,1928,
971,Cornelius Olsson,h,Göteborgs och Bohus län,Andra kammaren,1925,1928,
972,David Norman,h (avled 1925),Kalmar län,Andra kammaren,1925,1928,
973,David Pettersson,h,Östergötlands län,Andra kammaren,1925,1928,
974,Edvard Johanson,s,Stockholms stad,Andra kammaren,1925,1928,
975,Edvard Lithander,h,Göteborgs stad,Andra kammaren,1925,1928,
976,Edvard Uddenberg,s,Örebro län,Andra kammaren,1925,1928,
977,Einar Ahl,s,Stockholms län,Andra kammaren,1925,1928,
978,Eliel Löfgren,l,Stockholms stad,Andra kammaren,1925,1928,
979,Elof Lindberg,s,Västerbottens län,Andra kammaren,1925,1928,
980,Elof Ljunggren,f,Örebro län,Andra kammaren,1925,1928,
981,Emil Andersson,s,Värmlands län,Andra kammaren,1925,1928,
982,Emil Bengtsson,h,Skaraborgs län,Andra kammaren,1925,1928,
983,Emil Gustafson i Vimmerby,f,Kalmar län,Andra kammaren,1925,1928,
984,Emil Kristensson,s,Göteborgs stad,Andra kammaren,1925,1928,
985,Emil Olovson,s,Västmanlands län,Andra kammaren,1925,1928,
986,Eric Björnberg,f,Uppsala län,Andra kammaren,1925,1928,
987,Erik Bernström,h,Stockholms län,Andra kammaren,1925,1928,
988,Erik Fast,s,Jönköpings län,Andra kammaren,1925,1928,
989,Erik Gustaf Johansson,s,Östergötlands län,Andra kammaren,1925,1928,
990,Erik Laurén,h,Södermanlands län,Andra kammaren,1925,1928,
991,Erik Nylander,h,Stockholms stad,Andra kammaren,1925,1928,
992,Erik Röing,l,Göteborgs stad,Andra kammaren,1925,1928,
993,Erik Uddenberg,h,Hallands län,Andra kammaren,1925,1928,
994,Ernst Eriksson,f. 1881,Stockholms stad,Andra kammaren,1925,1928,
995,Ernst Göransson,h,Jönköpings län,Andra kammaren,1925,1928,
996,Ernst Hage,s,Norrbottens län,Andra kammaren,1925,1928,
997,Ernst Lindley,s,Gävleborgs län,Andra kammaren,1925,1928,
998,Ernst Lundgren,f,Örebro län,Andra kammaren,1925,1928,
999,Eskils Hans Hansson,f,Kopparbergs län,Andra kammaren,1925,1928,
1000,Evert Sandberg,f,Västerbottens län,Andra kammaren,1925,1928,
1001,Ewald Lindmark,h,Västerbottens län,Andra kammaren,1925,1928,
1002,F.V. Thorsson,s,Malmöhus län,Andra kammaren,1925,1928,
1003,Fabian Lilliecreutz,h,Jönköpings län,Andra kammaren,1925,1928,
1004,Fabian Månsson,s,Gävleborgs län,Andra kammaren,1925,1928,
1005,Felix Hamrin,f,Jönköpings län,Andra kammaren,1925,1928,
1006,Frans Ericson,s,Östergötlands län,Andra kammaren,1925,1928,
1007,Fredrik Aarnseth,s (avled 16 april 1925),Kopparbergs län,Andra kammaren,1925,1928,
1008,Fredrik Sundström,s,Kopparbergs län,Andra kammaren,1925,1928,
1009,Georg Andrén,h,Uppsala län,Andra kammaren,1925,1928,
1010,Gerhard Strindlund,bf,Västernorrlands län,Andra kammaren,1925,1928,
1011,Gottfrid Karlsson,s,Östergötlands län,Andra kammaren,1925,1928,
1012,Gunnar Persson (senare Falla),h,Örebro län,Andra kammaren,1925,1928,
1013,Gustaf Adolf Björkman,h,Östergötlands län,Andra kammaren,1925,1928,
1014,Gustaf Andersson,f,Kopparbergs län,Andra kammaren,1925,1928,
1015,Gustaf Eriksson,bf,Värmlands län,Andra kammaren,1925,1928,
1016,Gustaf Gustafsson i Älvsered,h,Älvsborgs läns södra,Andra kammaren,1925,1928,
1017,Gustaf Olsson i Broddbo,f,Västmanlands län,Andra kammaren,1925,1928,
1018,Gustaf Olsson i Ramsta,f,Södermanlands län,Andra kammaren,1925,1928,
1019,Gustaf Pettersson (senare Hellbacken),s,Kopparbergs län,Andra kammaren,1925,1928,
1020,Gustaf Svedman,h,Gotlands län,Andra kammaren,1925,1928,
1021,Gustav Albert Johansson,bf,Skaraborgs län,Andra kammaren,1925,1928,
1022,Gustav Anton Holmberg,s,Östergötlands län,Andra kammaren,1925,1928,
1023,Gustav Mosesson,f,Stockholms län,Andra kammaren,1925,1928,
1024,Hans Morfeldt,s,Värmlands län,Andra kammaren,1925,1928,
1025,Harald Hallén,s,Älvsborgs läns norra,Andra kammaren,1925,1928,
1026,Harald Laurin,f. 1875,Stockholms län,Andra kammaren,1925,1928,
1027,Helge Almquist,h,Göteborgs stad,Andra kammaren,1925,1928,
1028,Helge Bäcklund,s,Skaraborgs län,Andra kammaren,1925,1928,
1029,Helmer Hedström,h,Norrbottens län,Andra kammaren,1925,1928,
1030,Helmer Lagerkvist,s,Västernorrlands län,Andra kammaren,1925,1928,
1031,Helmer Molander,k,Västernorrlands län,Andra kammaren,1925,1928,
1032,Henning Leo,s,Kronobergs län,Andra kammaren,1925,1928,
1033,Herman Andersson,bf,Göteborgs och Bohus län,Andra kammaren,1925,1928,
1034,Herman Blomquist,s,Kronobergs län,Andra kammaren,1925,1928,
1035,Herman Lindqvist,s,Stockholms stad,Andra kammaren,1925,1928,
1036,Herman Norling,s,Värmlands län,Andra kammaren,1925,1928,
1037,Hjalmar Branting,s,Stockholms stad,Andra kammaren,1925,1928,
1038,Hjalmar Svensson,bf,Kronobergs län,Andra kammaren,1925,1928,
1039,Ivar Anderson,h,Östergötlands län,Andra kammaren,1925,1928,
1040,Ivar Englund,s,Kopparbergs län,Andra kammaren,1925,1928,
1041,Ivar Vennerström,s,Västernorrlands län,Andra kammaren,1925,1928,
1042,Jacob Beskow,h,Fyrstadskretsen[1],Andra kammaren,1925,1928,
1043,Janne Nilsson,bf,Malmöhus län,Andra kammaren,1925,1928,
1044,Johan Gustaf Svensson i Betingetorp,h,Kronobergs län,Andra kammaren,1925,1928,
1045,Johan Johansson i Kälkebo,bf,Gävleborgs län,Andra kammaren,1925,1928,
1046,Johan Jönsson i Revinge,l,Malmöhus län,Andra kammaren,1925,1928,
1047,Johan Olofsson i Digernäs,f,Jämtlands län,Andra kammaren,1925,1928,
1048,John Hedin,h,Skaraborgs län,Andra kammaren,1925,1928,
1049,John Jönsson,h,Blekinge län,Andra kammaren,1925,1928,
1050,Jonas Dahlén,k,Norrbottens län,Andra kammaren,1925,1928,
1051,Jones Erik Andersson,bf,Kopparbergs län,Andra kammaren,1925,1928,
1052,Jonny Fjellman,h,Malmöhus län,Andra kammaren,1925,1928,
1053,Josef Weijne,s,Älvsborgs läns södra,Andra kammaren,1925,1928,
1054,Julius Hedvall,s,Göteborgs stad,Andra kammaren,1925,1928,
1055,Jöran Grapenson,h,Norrbottens län,Andra kammaren,1925,1928,
1056,Karl Allan Westman,bf,Östergötlands län,Andra kammaren,1925,1928,
1057,Karl Arthur Ryberg,bf,Älvsborgs läns södra,Andra kammaren,1925,1928,
1058,Karl August Borg,s,Uppsala län,Andra kammaren,1925,1928,
1059,Karl Bergström,s,Fyrstadskretsen[1],Andra kammaren,1925,1928,
1060,Karl Ernst Magnusson,s,Kalmar län,Andra kammaren,1925,1928,
1061,Karl Johan Söderberg,s,Stockholms län,Andra kammaren,1925,1928,
1062,Karl Magnusson,h,Skaraborgs län,Andra kammaren,1925,1928,
1063,Karl Teodor Andersson,s,Södermanlands län,Andra kammaren,1925,1928,
1064,Karl Ward,s,Östergötlands län,Andra kammaren,1925,1928,
1065,Lars Anton Björklund,s,Kristianstads län,Andra kammaren,1925,1928,
1066,Lars Borggren,s,Kristianstads län,Andra kammaren,1925,1928,
1067,Lars Johan Carlsson-Frosterud,s,Värmlands län,Andra kammaren,1925,1928,
1068,Lars Olsson i Vallsta,f eller l,Gävleborgs län,Andra kammaren,1925,1928,
1069,Lucas Petersson,bf,Jönköpings län,Andra kammaren,1925,1928,
1070,Ludvig Lorichs,h,Västmanlands län,Andra kammaren,1925,1928,
1071,Ludwig Brännström,h,Västerbottens län,Andra kammaren,1925,1928,
1072,Martin Andersson i Igelboda,s,Stockholms län,Andra kammaren,1925,1928,
1073,Martin Jensen,s,Fyrstadskretsen[1],Andra kammaren,1925,1928,
1074,Mauritz Västberg,s,Västernorrlands län,Andra kammaren,1925,1928,
1075,Nelly Thüring,s,Göteborgs stad,Andra kammaren,1925,1928,
1076,Nestor Hammarlund,bf,Kristianstads län,Andra kammaren,1925,1928,
1077,Nils Adler,s,Blekinge län,Andra kammaren,1925,1928,
1078,Nils Björk,s,Kristianstads län,Andra kammaren,1925,1928,
1079,Nils Erik Nilsson i Antnäs,h,Norrbottens län,Andra kammaren,1925,1928,
1080,Nils Holmström,h,Gävleborgs län,Andra kammaren,1925,1928,
1081,Nils Johansson,bf,Hallands län,Andra kammaren,1925,1928,
1082,Nils Månsson i Erlandsro,h,Malmöhus län,Andra kammaren,1925,1928,
1083,Nils Olsson i Rödningsberg,s,Jämtlands län,Andra kammaren,1925,1928,
1084,Nils Törnkvist,s,Malmöhus län,Andra kammaren,1925,1928,
1085,Nils Winkler,h,Fyrstadskretsen[1],Andra kammaren,1925,1928,
1086,Ola Isacsson,s,Kristianstads län,Andra kammaren,1925,1928,
1087,Ola Jeppsson,f,Blekinge län,Andra kammaren,1925,1928,
1088,Olof Andersson i Höör,s,Malmöhus län,Andra kammaren,1925,1928,
1089,Olof Carlsson,s,Stockholms stad,Andra kammaren,1925,1928,
1090,Olof Johansson i Edsbyn,f,Gävleborgs län,Andra kammaren,1925,1928,
1091,Olof Nilsson,s,Malmöhus län,Andra kammaren,1925,1928,
1092,Olof Nilsson i Örebro,s,Örebro län,Andra kammaren,1925,1928,
1093,Olof Olsson,bf,Malmöhus län,Andra kammaren,1925,1928,
1094,Oscar Carlström,f,Jönköpings län,Andra kammaren,1925,1928,
1095,Oscar Johanson,h,Jönköpings län,Andra kammaren,1925,1928,
1096,Oscar Lövgren,s,Norrbottens län,Andra kammaren,1925,1928,
1097,Oscar Nathanael Olsson (senare Broberg),h,Göteborgs och Bohus län,Andra kammaren,1925,1928,
1098,Oscar Osberg,l,Göteborgs och Bohus län,Andra kammaren,1925,1928,
1099,Oskar Hagman,s,Stockholms stad,Andra kammaren,1925,1928,
1100,Oskar Kloo,s,Blekinge län,Andra kammaren,1925,1928,
1101,Oskar Sjölander,s,Uppsala län,Andra kammaren,1925,1928,
1102,Otto Holmdahl,h,Stockholms stad,Andra kammaren,1925,1928,
1103,Otto Johansson,h,Älvsborgs läns södra,Andra kammaren,1925,1928,
1104,Otto Järte,h,Stockholms stad,Andra kammaren,1925,1928,
1105,Otto Magnusson,h,Kronobergs län,Andra kammaren,1925,1928,
1106,Per Albin Hansson,s,Stockholms stad,Andra kammaren,1925,1928,
1107,Per Edvard Olsson,bf,Kalmar län,Andra kammaren,1925,1928,
1108,Per Edvin Sköld,s,Malmöhus län,Andra kammaren,1925,1928,
1109,Per Granath,s,Gävleborgs län,Andra kammaren,1925,1928,
1110,Per Henning Sjöblom,s,Stockholms län,Andra kammaren,1925,1928,
1111,Per Nilsson i Bonarp,h,Kristianstads län,Andra kammaren,1925,1928,
1112,Per Pehrsson,h,Göteborgs stad,Andra kammaren,1925,1928,
1113,Per Persson i Trången,bf,Jämtlands län,Andra kammaren,1925,1928,
1114,Per Rudén,h,Västernorrlands län,Andra kammaren,1925,1928,
1115,Peter Magnus Olsson i Blädinge,h,Kronobergs län,Andra kammaren,1925,1928,
1116,Petrus Bergström,f,Västernorrlands län,Andra kammaren,1925,1928,
1117,Petrus Ödström,f,Örebro län,Andra kammaren,1925,1928,
1118,Raoul Hamilton,f,Kristianstads län,Andra kammaren,1925,1928,
1119,Robert Jansson,s,Kopparbergs län,Andra kammaren,1925,1928,
1120,Robert Samuelsson,k,Norrbottens län,Andra kammaren,1925,1928,
1121,Ruben Wagnsson,s,Kalmar län,Andra kammaren,1925,1928,
1122,Samuel Hedlund,h,Jämtlands län,Andra kammaren,1925,1928,
1123,Sven Bengtsson i Norup,f,Kristianstads län,Andra kammaren,1925,1928,
1124,Sven Johan Karlsson,s,Stockholms län,Andra kammaren,1925,1928,
1125,Sven Olsson i Labbemåla,f,Östergötlands län,Andra kammaren,1925,1928,
1126,Swen Persson i Fritorp,h,Kristianstads län,Andra kammaren,1925,1928,
1127,Theodor Gardell,bf,Gotlands län,Andra kammaren,1925,1928,
1128,Theodor af Ekenstam,h,Östergötlands län,Andra kammaren,1925,1928,
1129,Thore Alströmer,h,Älvsborgs läns norra,Andra kammaren,1925,1928,
1130,Valerius Olsson,h,Kalmar län,Andra kammaren,1925,1928,
1131,Verner Hedlund,s,Jämtlands län,Andra kammaren,1925,1928,
1132,Verner Karlsson i Vätö,s,Stockholms län,Andra kammaren,1925,1928,
1133,Viktor Herou,k,Gävleborgs län,Andra kammaren,1925,1928,
1134,Viktor Larsson,s,Västmanlands län,Andra kammaren,1925,1928,
1135,Viktor Öhman,s,Örebro län,Andra kammaren,1925,1928,
1136,Värner Rydén,s,Fyrstadskretsen[1],Andra kammaren,1925,1928,
1137,Werner Bäckström,f,Västerbottens län,Andra kammaren,1925,1928,
1138,Wiktor Holmström,s,Stockholms stad,Andra kammaren,1925,1928,
1139,Wiktor Mårtensson,s,Göteborgs och Bohus län,Andra kammaren,1925,1928,
1140,ersatt av: Herman Smedh,s (12 maj 1925–1928),Kopparbergs län,Andra kammaren,1925,1928,
1141,ersatt av: Karl Wirsell,h (från 1925),Kalmar län,Andra kammaren,1925,1928,
1142,Adolf Dahl,h,Blekinge län och Kristianstads län,Första kammaren,1927,1927,
1143,Adolf Lindgren,f. 1864,Örebro län,Första kammaren,1927,1927,
1144,Albert Bergström,f. 1869,Östergötlands län med Norrköpings stad,Första kammaren,1927,1927,
1145,Albin Andersson i Myggnäs,bf,Göteborgs och Bohus län,Första kammaren,1927,1927,
1146,Alexander Nilsson i Fredriksfält,f. 1876,Blekinge län och Kristianstads län,Första kammaren,1927,1927,
1147,Alexis Björkman,f. 1853,Södermanlands och Västmanlands län,Första kammaren,1927,1927,
1148,Anders Antonsson,f. 1856,Malmöhus län med Malmö stad och Helsingborgs stad,Första kammaren,1927,1927,
1149,Anders Elisson,f. 1876,Kronobergs och Hallands län,Första kammaren,1927,1927,
1150,Anders Johan Bärg,f. 1870,Södermanlands och Västmanlands län,Första kammaren,1927,1927,
1151,Anders Lindblad,f. 1866,Göteborgs stad,Första kammaren,1927,1927,
1152,Anders Olof Frändén,f. 1866,Västernorrlands län och Jämtlands län,Första kammaren,1927,1927,
1153,Anders Pers,f. 1860,Kopparbergs län,Första kammaren,1927,1927,
1154,Anders Örne,s,Örebro län,Första kammaren,1927,1927,
1155,Arvid Thorberg,s,Stockholms stad,Första kammaren,1927,1927,
1156,Assar Emanuel Åkerman,s,Södermanlands och Västmanlands län,Första kammaren,1927,1927,
1157,August Johansson i Lövholmen,f. 1864,Skaraborgs län,Första kammaren,1927,1927,
1158,Axel Fredrik Wennersten,f. 1863,Älvsborgs län,Första kammaren,1927,1927,
1159,Axel Olof Rune,f,Kalmar läns norra och södra landstingsområden samt Gotlands län,Första kammaren,1927,1927,
1160,Axel Rooth,f. 1858,Kronobergs och Hallands län,Första kammaren,1927,1927,
1161,Axel Sundberg,f. 1869,Göteborgs och Bohus län,Första kammaren,1927,1927,
1162,Axel von Sneidern,f. 1875,Älvsborgs län,Första kammaren,1927,1927,
1163,Bo von Stockenström,f. 1887,Södermanlands och Västmanlands län,Första kammaren,1927,1927,
1164,Carl Albert Lindhagen,f. 1860,Västernorrlands län och Jämtlands län,Första kammaren,1927,1927,
1165,Carl Boberg,f. 1859,Kalmar läns norra och södra landstingsområden samt Gotlands län,Första kammaren,1927,1927,
1166,Carl Carlsson,f. 1873,Gävleborgs län med Gävle stad,Första kammaren,1927,1927,
1167,Carl Eriksson i Ljusdal,f. 1881,Gävleborgs län med Gävle stad,Första kammaren,1927,1927,
1168,Carl Gotthard Ekman,f. 1872,Stockholms län och Uppsala län,Första kammaren,1927,1927,
1169,Carl Gustaf Hammarskjöld,h,Östergötlands län med Norrköpings stad,Första kammaren,1927,1927,
1170,Carl Hederstierna,h,Stockholms stad,Första kammaren,1927,1927,
1171,Carl Johan Gustaf Swartz,h,Östergötlands län med Norrköpings stad,Första kammaren,1927,1927,
1172,Carl Johansson,f. 1856,Malmöhus län med Malmö stad och Helsingborgs stad,Första kammaren,1927,1927,
1173,Carl Primus Wahlmark,f. 1883,Stockholms län och Uppsala län,Första kammaren,1927,1927,
1174,Carl Schedin,f. 1868,Kopparbergs län,Första kammaren,1927,1927,
1175,Carl Svensson,f. 1879,Södermanlands och Västmanlands län,Första kammaren,1927,1927,
1176,Carl Thorén,f. 1874,Kronobergs och Hallands län,Första kammaren,1927,1927,
1177,Carl Winberg,f. 1867,Västerbottens län och Norrbottens län,Första kammaren,1927,1927,
1178,Carl-Axel Reuterskiöld,f. 1870,Stockholms län och Uppsala län,Första kammaren,1927,1927,
1179,Charles Lindley,s,Stockholms stad,Första kammaren,1927,1927,
1180,Daniel Alfred Petrén,f. 1867,Kopparbergs län,Första kammaren,1927,1927,
1181,David Bergström,f. 1858,Östergötlands län med Norrköpings stad,Första kammaren,1927,1927,
1182,Edvard Björnsson,f. 1878,Älvsborgs län,Första kammaren,1927,1927,
1183,Edvard Lithander,h,Göteborgs stad,Första kammaren,1927,1927,
1184,Edward Larson i Lerdala,f. 1867,Skaraborgs län,Första kammaren,1927,1927,
1185,Einar Thulin,f. 1883,Östergötlands län med Norrköpings stad,Första kammaren,1927,1927,
1186,Eli Svänsson,f. 1865,Kalmar läns norra och södra landstingsområden samt Gotlands län,Första kammaren,1927,1927,
1187,Elof Andersson i Fältenborg,f. 1873,Blekinge län och Kristianstads län,Första kammaren,1927,1927,
1188,Eric Hallin,f. 1870,Göteborgs och Bohus län,Första kammaren,1927,1927,
1189,Erik Abrahamsson,f. 1873,Jönköpings län,Första kammaren,1927,1927,
1190,Erik Anderson i Hägelåkra,f. 1870,Kalmar läns norra och södra landstingsområden samt Gotlands län,Första kammaren,1927,1927,
1191,Erik August Enhörning,f. 1860,Västernorrlands län och Jämtlands län,Första kammaren,1927,1927,
1192,Erik Dalberg,f. 1869,Kopparbergs län,Första kammaren,1927,1927,
1193,Erik Vrang,f. 1870,Skaraborgs län,Första kammaren,1927,1927,
1194,Ernst Alarik Klefbeck,f. 1866,Stockholms stad,Första kammaren,1927,1927,
1195,Ernst Lundell,f. 1857,Skaraborgs län,Första kammaren,1927,1927,
1196,Ernst Lyberg,f. 1874,Kopparbergs län,Första kammaren,1927,1927,
1197,Ernst Svensson i Eskhult,f. 1880,Skaraborgs län,Första kammaren,1927,1927,
1198,Ernst Trygger,h,Stockholms stad,Första kammaren,1927,1927,
1199,Ernst Wigforss,s,Göteborgs stad,Första kammaren,1927,1927,
1200,Ernst Åström,f. 1876,Kopparbergs län,Första kammaren,1927,1927,
1201,Evert Jonsson i Lycksele,f. 1869,Västerbottens län och Norrbottens län,Första kammaren,1927,1927,
1202,Frits Gustav Möller,s,Stockholms län och Uppsala län,Första kammaren,1927,1927,
1203,Georg Bissmark,f. 1871,Kronobergs och Hallands län,Första kammaren,1927,1927,
1204,Georg Dahl,f. 1869,Värmlands län,Första kammaren,1927,1927,
1205,Gottfrid Karlsson i Gillberga,f. 1872,Örebro län,Första kammaren,1927,1927,
1206,Gustaf Anton Larsén,f. 1870,Kronobergs och Hallands län,Första kammaren,1927,1927,
1207,Gustaf Boman,f. 1861,Göteborgs stad,Första kammaren,1927,1927,
1208,Gustaf Kobb,f. 1863,Södermanlands och Västmanlands län,Första kammaren,1927,1927,
1209,Gustaf Lagerbjelke,f. 1860,Stockholms län och Uppsala län,Första kammaren,1927,1927,
1210,Gustaf Sederholm,f. 1868,Södermanlands och Västmanlands län,Första kammaren,1927,1927,
1211,Gustaf Strömberg,s,Värmlands län,Första kammaren,1927,1927,
1212,Gustav Hansson i Gårda,f. 1878,Göteborgs stad,Första kammaren,1927,1927,
1213,Gustav Rosén,f,Västerbottens län och Norrbottens län,Första kammaren,1927,1927,
1214,Harald Åkerberg,s,Örebro län,Första kammaren,1927,1927,
1215,Henrik Andersson i Boda,f. 1880,Västernorrlands län och Jämtlands län,Första kammaren,1927,1927,
1216,Herman Kvarnzelius,l,Västernorrlands län och Jämtlands län,Första kammaren,1927,1927,
1217,Herman Lamm,f. 1853,Stockholms stad,Första kammaren,1927,1927,
1218,Herman Rogberg,h,Västerbottens län och Norrbottens län,Första kammaren,1927,1927,
1219,Hjalmar Hammarskjöld,högervilde,Stockholms län och Uppsala län,Första kammaren,1927,1927,
1220,Hjalmar von Sydow,h,Stockholms stad,Första kammaren,1927,1927,
1221,Hugo Erik Gustaf Hamilton,f. 1849,Älvsborgs län,Första kammaren,1927,1927,
1222,Isak Svensson i Grindstorp,f. 1864,Göteborgs och Bohus län,Första kammaren,1927,1927,
1223,Israel Holmgren,f. 1871,Göteborgs och Bohus län,Första kammaren,1927,1927,
1224,Ivan Pauli,f. 1885,Jönköpings län,Första kammaren,1927,1927,
1225,Ivar Österström,f. 1887,Västernorrlands län och Jämtlands län,Första kammaren,1927,1927,
1226,J. Erik Forssberg,f. 1865,Blekinge län och Kristianstads län,Första kammaren,1927,1927,
1227,Jacob Larsson,f. 1851,Malmöhus län med Malmö stad och Helsingborgs stad,Första kammaren,1927,1927,
1228,Jacob Spens,f. 1861,Jönköpings län,Första kammaren,1927,1927,
1229,Jan Berglund,f. 1864,Stockholms stad,Första kammaren,1927,1927,
1230,Janne Walles,f. 1871,Västernorrlands län och Jämtlands län,Första kammaren,1927,1927,
1231,Jeppe Clemedtson,f. 1885,Blekinge län och Kristianstads län,Första kammaren,1927,1927,
1232,Johan Bergman,f,Värmlands län,Första kammaren,1927,1927,
1233,Johan Bernhard Johansson i Fredrikslund,f. 1877,Kronobergs och Hallands län,Första kammaren,1927,1927,
1234,Johan Johansson i Friggeråker,f. 1872,Älvsborgs län,Första kammaren,1927,1927,
1235,Johan Johansson i Hornsberg,f. 1874,Västernorrlands län och Jämtlands län,Första kammaren,1927,1927,
1236,Johan Nilsson i Malmö,f. 1874,Malmöhus län med Malmö stad och Helsingborgs stad,Första kammaren,1927,1927,
1237,Johan Nilsson i Skottlandshus,f. 1873,Blekinge län och Kristianstads län,Första kammaren,1927,1927,
1238,John Almkvist,f,Västerbottens län och Norrbottens län,Första kammaren,1927,1927,
1239,John Jeansson,f. 1865,Kalmar läns norra och södra landstingsområden samt Gotlands län,Första kammaren,1927,1927,
1240,John Karlsson,f. 1855,Södermanlands och Västmanlands län,Första kammaren,1927,1927,
1241,John Sandén,s,Värmlands län,Första kammaren,1927,1927,
1242,Jonas Andersson i Hedsta,f. 1873,Gävleborgs län med Gävle stad,Första kammaren,1927,1927,
1243,Jöns Jönsson i Slätåker,f. 1867,Malmöhus län med Malmö stad och Helsingborgs stad,Första kammaren,1927,1927,
1244,Jöns Pålsson,f. 1870,Malmöhus län med Malmö stad och Helsingborgs stad,Första kammaren,1927,1927,
1245,K.G. Westman,f. 1876,Östergötlands län med Norrköpings stad,Första kammaren,1927,1927,
1246,Karl Andersson i Eliantorp,f. 1869,Östergötlands län med Norrköpings stad,Första kammaren,1927,1927,
1247,Karl Ekman,f. 1863,Jönköpings län,Första kammaren,1927,1927,
1248,Karl Johan Alfred Gustafsson,f. 1862,Jönköpings län,Första kammaren,1927,1927,
1249,Karl Sandegård,f. 1880,Älvsborgs län,Första kammaren,1927,1927,
1250,Karl Schlyter,f. 1879,Värmlands län,Första kammaren,1927,1927,
1251,Kerstin Hesselgren,l,Örebro län,Första kammaren,1927,1927,
1252,Knut von Geijer,f. 1864,Malmöhus län med Malmö stad och Helsingborgs stad,Första kammaren,1927,1927,
1253,Lars Gunnar Bodin,f. 1872,Kalmar läns norra och södra landstingsområden samt Gotlands län,Första kammaren,1927,1927,
1254,Leonard Ljunglund,f. 1867,Stockholms stad,Första kammaren,1927,1927,
1255,Leonard Tjällgren,f. 1878,Västernorrlands län och Jämtlands län,Första kammaren,1927,1927,
1256,Ludvig Widell,f. 1870,Göteborgs och Bohus län,Första kammaren,1927,1927,
1257,Manne Asplund,f. 1872,Västerbottens län och Norrbottens län,Första kammaren,1927,1927,
1258,Martin Fehr,f. 1885,Stockholms län och Uppsala län,Första kammaren,1927,1927,
1259,Martin Kropp,f. 1878,Blekinge län och Kristianstads län,Första kammaren,1927,1927,
1260,Martin Svensson i Kompersmåla,f. 1871,Kronobergs och Hallands län,Första kammaren,1927,1927,
1261,Nils Anton Nilsson i Östrabo,f. 1874,Malmöhus län med Malmö stad och Helsingborgs stad,Första kammaren,1927,1927,
1262,Nils August Nilsson i Kabbarp,f. 1867,Malmöhus län med Malmö stad och Helsingborgs stad,Första kammaren,1927,1927,
1263,Nils Gabrielsson,f. 1876,Västerbottens län och Norrbottens län,Första kammaren,1927,1927,
1264,Nils Persson i Malmö,s (avled 12 januari 1927),Malmöhus län med Malmö stad och Helsingborgs stad,Första kammaren,1927,1927,
1265,Nils Sigfrid Norling,f. 1880,Gävleborgs län med Gävle stad,Första kammaren,1927,1927,
1266,Nils Wohlin,bf,Malmöhus län med Malmö stad och Helsingborgs stad,Första kammaren,1927,1927,
1267,Olaus Pettersson i Olovstorp,f. 1859,Älvsborgs län,Första kammaren,1927,1927,
1268,Olof Bergqvist,f. 1862,Västerbottens län och Norrbottens län,Första kammaren,1927,1927,
1269,Olof Olsson,f. 1872,Malmöhus län med Malmö stad och Helsingborgs stad,Första kammaren,1927,1927,
1270,Oscar Ericson i Oberga,f. 1866,Jönköpings län,Första kammaren,1927,1927,
1271,Oscar Olsson,f. 1877,Östergötlands län med Norrköpings stad,Första kammaren,1927,1927,
1272,Paul Hellström,f,Västerbottens län och Norrbottens län,Första kammaren,1927,1927,
1273,Paul Magnusson,f. 1876,Stockholms stad,Första kammaren,1927,1927,
1274,Per Adolf Larsson i Öjersbyn,f. 1872,Älvsborgs län,Första kammaren,1927,1927,
1275,Per Andersson i Koldemo,f. 1876,Gävleborgs län med Gävle stad,Första kammaren,1927,1927,
1276,Per Gustafsson i Benestad,f. 1880,Kronobergs och Hallands län,Första kammaren,1927,1927,
1277,Per Henning Sjöblom,f. 1875,Stockholms län och Uppsala län,Första kammaren,1927,1927,
1278,Per Norin,f. 1863,Gävleborgs län med Gävle stad,Första kammaren,1927,1927,
1279,Petrus Nilsson i Gränebo,f. 1881,Kalmar läns norra och södra landstingsområden samt Gotlands län,Första kammaren,1927,1927,
1280,Rickard Sandler,s,Gävleborgs län med Gävle stad,Första kammaren,1927,1927,
1281,Salli Luterkort,f. 1884,Västernorrlands län och Jämtlands län,Första kammaren,1927,1927,
1282,Sigfrid Hansson,f. 1884,Göteborgs och Bohus län,Första kammaren,1927,1927,
1283,Sten Stendahl,f. 1876,Stockholms stad,Första kammaren,1927,1927,
1284,Teodor Julin,f. 1880,Stockholms län och Uppsala län,Första kammaren,1927,1927,
1285,Theodor Borell,f. 1869,Stockholms län och Uppsala län,Första kammaren,1927,1927,
1286,Theodor Östergren,f. 1878,Blekinge län och Kristianstads län,Första kammaren,1927,1927,
1287,Torsten Nothin,s,Södermanlands och Västmanlands län,Första kammaren,1927,1927,
1288,Torsten Ström,f. 1885,Skaraborgs län,Första kammaren,1927,1927,
1289,Ulrik Leander,f. 1858,Blekinge län och Kristianstads län,Första kammaren,1927,1927,
1290,Valfrid Eriksson,f. 1879,Värmlands län,Första kammaren,1927,1927,
1291,William Linder,s,Blekinge län och Kristianstads län,Första kammaren,1927,1927,
1292,Åke Ingeström,f. 1867,Värmlands län,Första kammaren,1927,1927,
1293,Abel Andersson,s,Jönköpings län,Andra kammaren,1929,1932,
1294,Adolf Wallerius,h,Göteborgs och Bohus län,Andra kammaren,1929,1932,
1295,Adolf Wiklund,h,Västerbottens län,Andra kammaren,1929,1932,
1296,Agda Östlund,s,Stockholms stad,Andra kammaren,1929,1932,
1297,Albert Johansson,h,Kalmar län,Andra kammaren,1929,1932,
1298,Albin Eriksson,bf,Hallands län,Andra kammaren,1929,1932,
1299,Albin Ström,s,Göteborgs stad,Andra kammaren,1929,1932,
1300,Alfred Werner,s,Kalmar län,Andra kammaren,1929,1932,
1301,Algot Törnkvist,s,Blekinge län,Andra kammaren,1929,1932,
1302,Allan Andersson,s,Stockholms län,Andra kammaren,1929,1932,
1303,Allan Vougt,s,Fyrstadskretsen,Andra kammaren,1929,1932,
1304,Anders Andersson i Råstock,s,Örebro län,Andra kammaren,1929,1932,
1305,Anders Birger Andersson,s,Hallands län,Andra kammaren,1929,1932,
1306,Anders Henriksson,h,Hallands län,Andra kammaren,1929,1932,
1307,Anders Hilding,f,Gävleborgs län,Andra kammaren,1929,1932,
1308,Anders Johan Johansson,bf,Västmanlands län,Andra kammaren,1929,1932,
1309,Anders Lindgren,bf,Älvsborgs läns norra,Andra kammaren,1929,1932,
1310,Anders Norsell,s,Värmlands län,Andra kammaren,1929,1932,
1311,Anders Olsson,f,Kopparbergs län,Andra kammaren,1929,1932,
1312,Anders Paulsen,s,Malmöhus län,Andra kammaren,1929,1932,
1313,Anton Eklund,s,Västmanlands län,Andra kammaren,1929,1932,
1314,Anton Svensson i Högsjöhult,bf,Jönköpings län,Andra kammaren,1929,1932,
1315,Anton Wikström,f,Västerbottens län,Andra kammaren,1929,1932,
1316,Arne Forssell,h,Stockholms stad,Andra kammaren,1929,1932,
1317,Arthur Engberg,s,Stockholms stad,Andra kammaren,1929,1932,
1318,Arthur Heiding,bf,Kalmar län,Andra kammaren,1929,1932,
1319,Arthur Thomson,s,Fyrstadskretsen,Andra kammaren,1929,1932,
1320,Arthur Wilhelm Gustafsson,h,Älvsborgs läns norra,Andra kammaren,1929,1932,
1321,Arvid Gardell,bf,Gotlands län,Andra kammaren,1929,1932,
1322,Arvid Lindman,h,Stockholms stad,Andra kammaren,1929,1932,
1323,August Ander,f,Västmanlands län,Andra kammaren,1929,1932,
1324,August Danielsson,bf,Älvsborgs läns norra,Andra kammaren,1929,1932,
1325,August Lundén,f,Skaraborgs län,Andra kammaren,1929,1932,
1326,August Spångberg,k,Värmlands län,Andra kammaren,1929,1932,
1327,August Sävström,s,Gävleborgs län,Andra kammaren,1929,1932,
1328,Axel Hansson,s,Älvsborgs läns norra,Andra kammaren,1929,1932,
1329,Axel Lindqvist,s,Hallands län,Andra kammaren,1929,1932,
1330,Axel Pehrsson,bf,Malmöhus län,Andra kammaren,1929,1932,
1331,Axel Wachtmeister,h,Blekinge län,Andra kammaren,1929,1932,
1332,Bernhard Eriksson,s,Kopparbergs län,Andra kammaren,1929,1932,
1333,Bertha Wellin,h,Stockholms stad,Andra kammaren,1929,1932,
1334,Bertil Mogård,s,Örebro län,Andra kammaren,1929,1932,
1335,Birger Christenson,h,Stockholms län,Andra kammaren,1929,1932,
1336,Birger Petersson,h,Älvsborgs läns södra,Andra kammaren,1929,1932,
1337,Björn Frithiofsson Holmgren,h,Blekinge län,Andra kammaren,1929,1932,
1338,Björn Prytz,l,Göteborgs stad,Andra kammaren,1929,1932,
1339,Bror Lundkvist,s,Södermanlands län,Andra kammaren,1929,1932,
1340,Carl Arvid Anderson,h,Skaraborgs län,Andra kammaren,1929,1932,
1341,Carl Björling,f,Värmlands län,Andra kammaren,1929,1932,
1342,Carl Brännberg,s,Göteborgs och Bohus län,Andra kammaren,1929,1932,
1343,Carl Gustaf Ekman,f,Stockholms stad,Andra kammaren,1929,1932,
1344,Carl Gustaf Olsson,bf,Uppsala län,Andra kammaren,1929,1932,
1345,Carl Jansson,f,Värmlands län,Andra kammaren,1929,1932,
1346,Carl Johan Högström,s,Gävleborgs län,Andra kammaren,1929,1932,
1347,Carl Johan Johansson i Uppmälby,s,Södermanlands län,Andra kammaren,1929,1932,
1348,Carl Larson,h,Hallands län,Andra kammaren,1929,1932,
1349,Carl Lovén,s,Fyrstadskretsen,Andra kammaren,1929,1932,
1350,Carl Oscar Johansson,s,Västernorrlands län,Andra kammaren,1929,1932,
1351,Carl Otto Vahlstedt,s,Skaraborgs län,Andra kammaren,1929,1932,
1352,Carl Petrus Olsson,s,Älvsborgs läns norra,Andra kammaren,1929,1932,
1353,Carl Ros,h,Värmlands län,Andra kammaren,1929,1932,
1354,Carl Sjögren,s,Östergötlands län,Andra kammaren,1929,1932,
1355,Carl Wilhelm Oskar Höglund,s,Göteborgs stad,Andra kammaren,1929,1932,
1356,Claes Lindskog,h,Fyrstadskretsen,Andra kammaren,1929,1932,
1357,Conrad Carleson,l,Stockholms stad,Andra kammaren,1929,1932,
1358,Conrad Jonsson,s,Södermanlands län,Andra kammaren,1929,1932,
1359,Cornelius Olsson,h,Göteborgs och Bohus län,Andra kammaren,1929,1932,
1360,Curt Larsson,s,Göteborgs stad,Andra kammaren,1929,1932,
1361,David Pettersson,h,Östergötlands län,Andra kammaren,1929,1932,
1362,Edoff Andersson,k,Stockholms stad,Andra kammaren,1929,1932,
1363,Edvard Johansson,s,Stockholms stad,Andra kammaren,1929,1932,
1364,Edvard Lithander,h,Göteborgs stad,Andra kammaren,1929,1932,
1365,Edvard Uddenberg,s,Örebro län,Andra kammaren,1929,1932,
1366,Edvin Leffler,h,Älvsborgs läns södra,Andra kammaren,1929,1932,
1367,Einar Ahl,s,Stockholms län,Andra kammaren,1929,1932,
1368,Elof Hällgren,s,Blekinge län,Andra kammaren,1929,1932,
1369,Elof Lindberg,s,Västerbottens län,Andra kammaren,1929,1932,
1370,Emanuel Björck,h,Kristianstads län,Andra kammaren,1929,1932,
1371,Emil Bengtsson,h,Skaraborgs län,Andra kammaren,1929,1932,
1372,Emil Gustafson i Vimmerby,f,Kalmar län,Andra kammaren,1929,1932,
1373,Emil Hultman,bf,Gävleborgs län,Andra kammaren,1929,1932,
1374,Emil Olovson,s,Västmanlands län,Andra kammaren,1929,1932,
1375,Eric Björnberg,f,Uppsala län,Andra kammaren,1929,1932,
1376,Erik Eurén,h,Stockholms län,Andra kammaren,1929,1932,
1377,Erik Fast,s,Jönköpings län,Andra kammaren,1929,1932,
1378,Erik Gustaf Johansson,s,Östergötlands län,Andra kammaren,1929,1932,
1379,Erik Laurén,h,Södermanlands län,Andra kammaren,1929,1932,
1380,Erik Nordkvist,h,Skaraborgs län,Andra kammaren,1929,1932,
1381,Erik Nygren,h,Stockholms stad,Andra kammaren,1929,1932,
1382,Erik Nylander,h,Stockholms stad,Andra kammaren,1929,1932,
1383,Erik Olson,h,Göteborgs stad,Andra kammaren,1929,1932,
1384,Erik W. Ljung,h,Malmöhus län,Andra kammaren,1929,1932,
1385,Ernst Aronson,h,Kopparbergs län,Andra kammaren,1929,1932,
1386,Ernst Eriksson,s,Stockholms stad,Andra kammaren,1929,1932,
1387,Ernst Hage,s,Norrbottens län,Andra kammaren,1929,1932,
1388,Ernst Lindley,s,Gävleborgs län,Andra kammaren,1929,1932,
1389,Ernst Lundgren,f,Örebro län,Andra kammaren,1929,1932,
1390,Ernst Wigforss,s,Göteborgs stad,Andra kammaren,1929,1932,
1391,Evald Ericsson,s,Kopparbergs län,Andra kammaren,1929,1932,
1392,Evert Sandberg,f,Västerbottens län,Andra kammaren,1929,1932,
1393,Ewald Lindmark,h,Västerbottens län,Andra kammaren,1929,1932,
1394,Fabian Lilliecreutz,h,Jönköpings län,Andra kammaren,1929,1932,
1395,Fabian Månsson,s,Gävleborgs län,Andra kammaren,1929,1932,
1396,Felix Hamrin,f,Jönköpings län,Andra kammaren,1929,1932,
1397,Frans Ericson,s,Östergötlands län,Andra kammaren,1929,1932,
1398,Fredrik Sandwall,h,Örebro län,Andra kammaren,1929,1932,
1399,Gerhard Strindlund,bf,Västernorrlands län,Andra kammaren,1929,1932,
1400,Gottfrid Karlsson,s,Östergötlands län,Andra kammaren,1929,1932,
1401,Gunnar Persson i Falla,h,Örebro län,Andra kammaren,1929,1932,
1402,Gustaf Adolf Björkman,h,Östergötlands län,Andra kammaren,1929,1932,
1403,Gustaf Andersson,f,Kopparbergs län,Andra kammaren,1929,1932,
1404,Gustaf Karlsson,s,Göteborgs och Bohus län,Andra kammaren,1929,1932,
1405,Gustaf Olson i Torsby,h,Värmlands län,Andra kammaren,1929,1932,
1406,Gustaf Olsson i Ramsta,f,Södermanlands län,Andra kammaren,1929,1932,
1407,Gustaf Pettersson (senare Hellbacken),s,Kopparbergs län,Andra kammaren,1929,1932,
1408,Gustaf Rosander,s,Kronobergs län,Andra kammaren,1929,1932,
1409,Gustaf Svedman,h,Gotlands län,Andra kammaren,1929,1932,
1410,Gustav Johanson i Hallagården,bf,Skaraborgs län,Andra kammaren,1929,1932,
1411,Gustav Mosesson,f,Stockholms län,Andra kammaren,1929,1932,
1412,Harald Andersson,bf,Södermanlands län,Andra kammaren,1929,1932,
1413,Harald Hallén,s,Värmlands län,Andra kammaren,1929,1932,
1414,Harald Laurin,bf,Stockholms län,Andra kammaren,1929,1932,
1415,Harald Lundström,h,Norrbottens län,Andra kammaren,1929,1932,
1416,Harry Weibull,h,Fyrstadskretsen,Andra kammaren,1929,1932,
1417,Helge Bäcklund,s,Skaraborgs län,Andra kammaren,1929,1932,
1418,Helmer Lagerkwist,s,Västernorrlands län,Andra kammaren,1929,1932,
1419,Helmer Molander,s (tid. k),Västernorrlands län,Andra kammaren,1929,1932,
1420,Helmer Schött,h,Kalmar län,Andra kammaren,1929,1932,
1421,Herman Andersson,bf,Göteborgs och Bohus län,Andra kammaren,1929,1932,
1422,Herman Blomquist,s,Kronobergs län,Andra kammaren,1929,1932,
1423,Herman Lindqvist,s,Stockholms stad,Andra kammaren,1929,1932,
1424,Herman Norling,s,Värmlands län,Andra kammaren,1929,1932,
1425,Hjalmar Svensson,bf,Kronobergs län,Andra kammaren,1929,1932,
1426,Ivar Anderson,h,Östergötlands län,Andra kammaren,1929,1932,
1427,Janne Nilsson,bf,Malmöhus län,Andra kammaren,1929,1932,
1428,Johan Albert Persson,s,Skaraborgs län,Andra kammaren,1929,1932,
1429,Johan Bernhard Wiklund,s,Västerbottens län,Andra kammaren,1929,1932,
1430,Johan Gustaf Svensson i Betingetorp,h,Kronobergs län,Andra kammaren,1929,1932,
1431,Johan Johnsson i Norrahammar,s,Jönköpings län,Andra kammaren,1929,1932,
1432,Johan Jönsson i Revinge,l,Malmöhus län,Andra kammaren,1929,1932,
1433,Johan Olofsson i Digernäs,f,Jämtlands län,Andra kammaren,1929,1932,
1434,John Jönsson,h,Blekinge län,Andra kammaren,1929,1932,
1435,Jonas Dahlén,k,Norrbottens län,Andra kammaren,1929,1932,
1436,Jonas Nikolaus Svedberg,bf,Gävleborgs län,Andra kammaren,1929,1932,
1437,Jones Erik Andersson,bf,Kopparbergs län,Andra kammaren,1929,1932,
1438,Josef Weijne,s,Älvsborgs läns södra,Andra kammaren,1929,1932,
1439,Jöran Grapenson,h,Norrbottens län,Andra kammaren,1929,1932,
1440,Karl Andersson i Katrineholm,s,Södermanlands län,Andra kammaren,1929,1932,
1441,Karl Arthur Ryberg,bf,Älvsborgs läns södra,Andra kammaren,1929,1932,
1442,Karl August Olsson (Borg i Harnäs),s,Uppsala län,Andra kammaren,1929,1932,
1443,Karl Bergström,s,Fyrstadskretsen,Andra kammaren,1929,1932,
1444,Karl Kilbom,k,Stockholms stad,Andra kammaren,1929,1932,
1445,Karl Magnusson,s,Kalmar län,Andra kammaren,1929,1932,
1446,Karl Magnusson,h,Skaraborgs län,Andra kammaren,1929,1932,
1447,Karl Ward,s,Östergötlands län,Andra kammaren,1929,1932,
1448,Karl Wirsell,h,Kalmar län,Andra kammaren,1929,1932,
1449,Lars Anton Björklund,s,Kristianstads län,Andra kammaren,1929,1932,
1450,Lars Borggren,s,Kristianstads län,Andra kammaren,1929,1932,
1451,Lars Johan Carlsson-Frosterud,s,Värmlands län,Andra kammaren,1929,1932,
1452,Lennart Johansson i Fårekulla,h,Älvsborgs läns norra,Andra kammaren,1929,1932,
1453,Lucas Petersson,bf,Jönköpings län,Andra kammaren,1929,1932,
1454,Martin Andersson i Igelboda,s,Stockholms län,Andra kammaren,1929,1932,
1455,Martin Skoglund,h,Östergötlands län,Andra kammaren,1929,1932,
1456,Mauritz Västberg,s,Västernorrlands län,Andra kammaren,1929,1932,
1457,Nestor Hammarlund,bf,Kristianstads län,Andra kammaren,1929,1932,
1458,Nils Björk,s,Kristianstads län,Andra kammaren,1929,1932,
1459,Nils Erik Nilsson,h,Norrbottens län,Andra kammaren,1929,1932,
1460,Nils Flyg,k,Stockholms län,Andra kammaren,1929,1932,
1461,Nils Holmström,h,Gävleborgs län,Andra kammaren,1929,1932,
1462,Nils Johansson,bf,Hallands län,Andra kammaren,1929,1932,
1463,Nils Månsson,h,Malmöhus län,Andra kammaren,1929,1932,
1464,Nils Olsson i Rödningsberg,s,Jämtlands län,Andra kammaren,1929,1932,
1465,Nils Persson i Grytterud,h,Värmlands län,Andra kammaren,1929,1932,
1466,Nils Sandström,h,Västernorrlands län,Andra kammaren,1929,1932,
1467,Nils Törnkvist,s,Malmöhus län,Andra kammaren,1929,1932,
1468,Nils Winkler,h,Fyrstadskretsen,Andra kammaren,1929,1932,
1469,Nils Wohlin,h,Uppsala län,Andra kammaren,1929,1932,
1470,Ola Jeppsson,f,Blekinge län,Andra kammaren,1929,1932,
1471,Olivia Nordgren,s,Malmöhus län,Andra kammaren,1929,1932,
1472,Olof Andersson i Höör,s,Malmöhus län,Andra kammaren,1929,1932,
1473,Olof Andersson i Malmö,s,Fyrstadskretsen,Andra kammaren,1929,1932,
1474,Olof Johansson i Edsbyn,f,Gävleborgs län,Andra kammaren,1929,1932,
1475,Olof Nilsson i Örebro,s,Örebro län,Andra kammaren,1929,1932,
1476,Olof Olsson,bf,Malmöhus län,Andra kammaren,1929,1932,
1477,Oscar Carlström,f,Jönköpings län,Andra kammaren,1929,1932,
1478,Oscar Johanson,h,Jönköpings län,Andra kammaren,1929,1932,
1479,Oscar Jonsson,bf,Östergötlands län,Andra kammaren,1929,1932,
1480,Oscar Lövgren,s,Norrbottens län,Andra kammaren,1929,1932,
1481,Oscar Olsson,h,Göteborgs och Bohus län,Andra kammaren,1929,1932,
1482,Oscar Osberg,l,Göteborgs och Bohus län,Andra kammaren,1929,1932,
1483,Oscar Öhman,k,Västernorrlands län,Andra kammaren,1929,1932,
1484,Otto Holmdahl,h,Stockholms stad,Andra kammaren,1929,1932,
1485,Otto Johansson,h,Älvsborgs läns södra,Andra kammaren,1929,1932,
1486,Otto Järte,h,Stockholms stad,Andra kammaren,1929,1932,
1487,Otto Magnusson,h,Kronobergs län,Andra kammaren,1929,1932,
1488,Per Albin Hansson,s,Stockholms stad,Andra kammaren,1929,1932,
1489,Per Edvin Sköld,s,Malmöhus län,Andra kammaren,1929,1932,
1490,Per Jonas Edberg,bf,Västernorrlands län,Andra kammaren,1929,1932,
1491,Per Nilsson i Bonarp,h,Kristianstads län,Andra kammaren,1929,1932,
1492,Per Näslund,f,Västerbottens län,Andra kammaren,1929,1932,
1493,Per Pehrsson,h,Göteborgs stad,Andra kammaren,1929,1932,
1494,Per Persson i Trången,bf,Jämtlands län,Andra kammaren,1929,1932,
1495,Per Rudén,h,Västernorrlands län,Andra kammaren,1929,1932,
1496,Peter Magnus Olsson,h,Kronobergs län,Andra kammaren,1929,1932,
1497,Petrus Bergström,f,Västernorrlands län,Andra kammaren,1929,1932,
1498,Petrus Ödström,f,Örebro län,Andra kammaren,1929,1932,
1499,Ragnar Lundqvist,h,Stockholms län,Andra kammaren,1929,1932,
1500,Raoul Hamilton,f,Kristianstads län,Andra kammaren,1929,1932,
1501,Reinhold Selberg,f,Norrbottens län,Andra kammaren,1929,1932,
1502,Rikard Olsson,h,Västmanlands län,Andra kammaren,1929,1932,
1503,Robert Jansson,s,Kopparbergs län,Andra kammaren,1929,1932,
1504,Samuel Hedlund,h,Jämtlands län,Andra kammaren,1929,1932,
1505,Sigurd Carlsson,h,Kalmar län,Andra kammaren,1929,1932,
1506,Sten Waldem,h,Kalmar län,Andra kammaren,1929,1932,
1507,Sven Bengtsson i Norup,f,Kristianstads län,Andra kammaren,1929,1932,
1508,Sven Hollertz,h,Östergötlands län,Andra kammaren,1929,1932,
1509,Sven Olsson i Labbemåla,f,Östergötlands län,Andra kammaren,1929,1932,
1510,Swen Persson i Fritorp,h,Kristianstads län,Andra kammaren,1929,1932,
1511,Theodor Gardell,bf,Gotlands län,Andra kammaren,1929,1932,
1512,Thore Alströmer,h,Älvsborgs läns norra,Andra kammaren,1929,1932,
1513,Verner Hedlund,s,Jämtlands län,Andra kammaren,1929,1932,
1514,Verner Karlsson,k,Kopparbergs län,Andra kammaren,1929,1932,
1515,Viktor Herou,k,Gävleborgs län,Andra kammaren,1929,1932,
1516,Viktor Larsson,s,Västmanlands län,Andra kammaren,1929,1932,
1517,Vilhelm Lundstedt,s,Uppsala län,Andra kammaren,1929,1932,
1518,Wiktor Mårtensson,s,Göteborgs och Bohus län,Andra kammaren,1929,1932,
1519,Wilhelm Källman,s,Stockholms län,Andra kammaren,1929,1932,
1520,Zeth Höglund,s,Stockholms stad,Andra kammaren,1929,1932,
1521,Abel Andersson,s,Jönköpings län,Andra kammaren,1933,1936,
1522,Adolf Englund,s,Västernorrlands län,Andra kammaren,1933,1936,
1523,Adolf Norell,fp (1936),Skaraborgs län,Andra kammaren,1933,1936,
1524,Adolf Wallerius,h,Göteborgs och Bohus län,Andra kammaren,1933,1936,
1525,Adolv Olsson,s,Gävleborgs län,Andra kammaren,1933,1936,
1526,Agda Östlund,s,Stockholms stad,Andra kammaren,1933,1936,
1527,Albin Eriksson (senare Toftered),bf,Hallands län,Andra kammaren,1933,1936,
1528,Albin Ström,s,Göteborgs stad,Andra kammaren,1933,1936,
1529,Alf Meyerhöffer,h,Norrbottens län,Andra kammaren,1933,1936,
1530,Alfred Andersson,s,Kristianstads län,Andra kammaren,1933,1936,
1531,Alfred Nilsson,fp,Malmöhus län,Andra kammaren,1933,1936,
1532,Alfred Petersson i Gärestad,h (1935),Blekinge län,Andra kammaren,1933,1936,
1533,Alfred Werner,s,Kalmar län,Andra kammaren,1933,1936,
1534,Algot Törnkvist,s,Blekinge län,Andra kammaren,1933,1936,
1535,Allan Andersson,s,Stockholms län,Andra kammaren,1933,1936,
1536,Allan Vougt,s,Fyrstadskretsen,Andra kammaren,1933,1936,
1537,Anders Andersson,f. 1878,Hallands län,Andra kammaren,1933,1936,
1538,Anders Andersson (från 1938 Råstock),s,Örebro län,Andra kammaren,1933,1936,
1539,Anders Hansson i Trollhättan,s,Älvsborgs läns norra,Andra kammaren,1933,1936,
1540,Anders Hilding,frisinnad-fp,Gävleborgs län,Andra kammaren,1933,1936,
1541,Anders Johan Johansson,bf,Västmanlands län,Andra kammaren,1933,1936,
1542,Anders Norsell,s (1922–1935),Värmlands län,Andra kammaren,1933,1936,
1543,Anders Olsson i Mora huvudredaktör Mora Tidning,frisinnad-fp,Kopparbergs län,Andra kammaren,1933,1936,
1544,Anders Paulsen,s,Malmöhus län,Andra kammaren,1933,1936,
1545,Anders Pettersson,bf,Hallands län,Andra kammaren,1933,1936,
1546,Anton Björklund,s,Kristianstads län,Andra kammaren,1933,1936,
1547,Anton Eklund,s,Västmanlands län,Andra kammaren,1933,1936,
1548,Anton Wikström,frisinnad-fp (1912–1935),Västerbottens län,Andra kammaren,1933,1936,
1549,Aron Gustafsson,bf,Skaraborgs län,Andra kammaren,1933,1936,
1550,Arthur Elmroth,s,Uppsala län,Andra kammaren,1933,1936,
1551,Arthur Engberg,s,Stockholms stad,Andra kammaren,1933,1936,
1552,Arthur Heiding,bf,Kalmar län,Andra kammaren,1933,1936,
1553,Arthur Ryberg,bf,Älvsborgs läns södra,Andra kammaren,1933,1936,
1554,Arthur Thomson,s,Fyrstadskretsen,Andra kammaren,1933,1936,
1555,Arthur Wilhelm Gustafsson (från 1938 Casenberg),h,Älvsborgs läns norra,Andra kammaren,1933,1936,
1556,Arvid Gardell,bf,Gotlands län,Andra kammaren,1933,1936,
1557,Arvid Lindman,h,Stockholms stad,Andra kammaren,1933,1936,
1558,Arvid de Geer,bf,Kristianstads län,Andra kammaren,1933,1936,
1559,August Danielsson,frisinnad-fp,Älvsborgs läns norra,Andra kammaren,1933,1936,
1560,August Lundén,frisinnad-fp (1922–1935),Skaraborgs län,Andra kammaren,1933,1936,
1561,August Spångberg,k,Värmlands län,Andra kammaren,1933,1936,
1562,Axel Fält,s,Skaraborgs län,Andra kammaren,1933,1936,
1563,Axel Hansson (från 1943 Rubbestad),bf,Älvsborgs läns norra,Andra kammaren,1933,1936,
1564,Axel Johansson,s,Örebro län,Andra kammaren,1933,1936,
1565,Axel Landgren,s,Malmöhus län,Andra kammaren,1933,1936,
1566,Axel Lindqvist,s,Hallands län,Andra kammaren,1933,1936,
1567,Axel Pehrsson-Bramstorp,bf,Malmöhus län,Andra kammaren,1933,1936,
1568,Bernhard Eriksson,s,Kopparbergs län,Andra kammaren,1933,1936,
1569,Bernhard Nilsson,h,Jönköpings län,Andra kammaren,1933,1936,
1570,Bernhard Stark,s (från 1936),Östergötlands län,Andra kammaren,1933,1936,
1571,Bertha Wellin,h,Stockholms stad,Andra kammaren,1933,1936,
1572,Bertil Andersson,s,Västmanlands län,Andra kammaren,1933,1936,
1573,Birger Petersson,h,Älvsborgs läns södra,Andra kammaren,1933,1936,
1574,Björn Frithiofsson Holmgren,h,Blekinge län,Andra kammaren,1933,1936,
1575,Carl Björling,frisinnad-fp,Värmlands län,Andra kammaren,1933,1936,
1576,Carl Brännberg,s,Göteborgs och Bohus län,Andra kammaren,1933,1936,
1577,Carl Gustaf Olsson i Golvvasta (senare Närlinge),bf,Uppsala län,Andra kammaren,1933,1936,
1578,Carl Johan Högström,s,Gävleborgs län,Andra kammaren,1933,1936,
1579,Carl Johan Johansson i Uppmälby,s,Södermanlands län,Andra kammaren,1933,1936,
1580,Carl Lindberg,s,Stockholms stad,Andra kammaren,1933,1936,
1581,Carl Lovén,s,Fyrstadskretsen,Andra kammaren,1933,1936,
1582,Carl Olsson,s,Älvsborgs läns norra,Andra kammaren,1933,1936,
1583,Carl Oscar Johansson,s,Västernorrlands län,Andra kammaren,1933,1936,
1584,Carl Ossbahr,h,Stockholms stad,Andra kammaren,1933,1936,
1585,Carl Sjögren,s,Östergötlands län,Andra kammaren,1933,1936,
1586,Claes Lindskog,h,Fyrstadskretsen,Andra kammaren,1933,1936,
1587,Conrad Carleson,lib,Stockholms stad,Andra kammaren,1933,1936,
1588,Conrad Jonsson,s,Södermanlands län,Andra kammaren,1933,1936,
1589,David Gustavson (senare Hall),s,Västmanlands län,Andra kammaren,1933,1936,
1590,David Larsson i Sätila,h,Älvsborgs läns södra,Andra kammaren,1933,1936,
1591,Edoff Andersson,k,Stockholms stad,Andra kammaren,1933,1936,
1592,Edvard Johanson,s,Stockholms stad,Andra kammaren,1933,1936,
1593,Edvard Lithander,h,Göteborgs stad,Andra kammaren,1933,1936,
1594,Edvard Petersson,h (1936),Blekinge län,Andra kammaren,1933,1936,
1595,Edvard Thorell,h,Stockholms län,Andra kammaren,1933,1936,
1596,Edvard Uddenberg,s,Örebro län,Andra kammaren,1933,1936,
1597,Edvin Leffler,h,Älvsborgs läns södra,Andra kammaren,1933,1936,
1598,Edvin Svensson,s,Fyrstadskretsen,Andra kammaren,1933,1936,
1599,Einar Ahl,s,Stockholms län,Andra kammaren,1933,1936,
1600,Einar Jonsson,bf,Kalmar län,Andra kammaren,1933,1936,
1601,Elof Hällgren,s,Blekinge län,Andra kammaren,1933,1936,
1602,Elof Lindberg,s,Västerbottens län,Andra kammaren,1933,1936,
1603,Elof Ljunggren,frisinnad-fp,Örebro län,Andra kammaren,1933,1936,
1604,Emanuel Björck,h,Kristianstads län,Andra kammaren,1933,1936,
1605,Emil Andersson,s,Värmlands län,Andra kammaren,1933,1936,
1606,Emil Gustafson i Vimmerby,bf,Kalmar län,Andra kammaren,1933,1936,
1607,Emil Olovson,s,Västmanlands län,Andra kammaren,1933,1936,
1608,Eric Hansson,h,Västerbottens län,Andra kammaren,1933,1936,
1609,Erik Fast,s,Jönköpings län,Andra kammaren,1933,1936,
1610,Erik Hagberg,h,Fyrstadskretsen,Andra kammaren,1933,1936,
1611,Erik Laurén,h,Södermanlands län,Andra kammaren,1933,1936,
1612,Erik Lundbom,s,Södermanlands län,Andra kammaren,1933,1936,
1613,Erik Norén,s,Västernorrlands län,Andra kammaren,1933,1936,
1614,Erik Nylander,h,Stockholms stad,Andra kammaren,1933,1936,
1615,Ernst Aronson,h,Kopparbergs län,Andra kammaren,1933,1936,
1616,Ernst Berg,s,Västernorrlands län,Andra kammaren,1933,1936,
1617,Ernst Eriksson,s,Stockholms stad,Andra kammaren,1933,1936,
1618,Ernst Hage,s,Norrbottens län,Andra kammaren,1933,1936,
1619,Ernst Olsson (från 1939 Staxäng),h,Göteborgs och Bohus län,Andra kammaren,1933,1936,
1620,Ernst Wigforss,s,Göteborgs stad,Andra kammaren,1933,1936,
1621,Ernst Åqvist,frisinnad-fp,Örebro län,Andra kammaren,1933,1936,
1622,Eskil Eriksson,s,Stockholms län,Andra kammaren,1933,1936,
1623,Evald Ericsson,s,Kopparbergs län,Andra kammaren,1933,1936,
1624,Evert Frankenberg,s,Göteborgs stad,Andra kammaren,1933,1936,
1625,Evert Sandberg,frisinnad-fp,Västerbottens län,Andra kammaren,1933,1936,
1626,Fabian Månsson,s,Gävleborgs län,Andra kammaren,1933,1936,
1627,Felix Hamrin,f (övergick till första kammaren efter 1933),Jönköpings län,Andra kammaren,1933,1936,
1628,Frans Ericson,s,Östergötlands län,Andra kammaren,1933,1936,
1629,Frans Hansson,h,Göteborgs och Bohus län,Andra kammaren,1933,1936,
1630,Frans Severin,s,Stockholms stad,Andra kammaren,1933,1936,
1631,Georg Nyblom,bf,Gävleborgs län,Andra kammaren,1933,1936,
1632,Gerhard Strindlund,bf,Västernorrlands län,Andra kammaren,1933,1936,
1633,Gillis Olsson i Kullenbergstorp,bf (från 1935),Malmöhus län,Andra kammaren,1933,1936,
1634,Gunnar Persson i Falla,h,Örebro län,Andra kammaren,1933,1936,
1635,Gustaf Andersson,frisinnad-fp,Kopparbergs län,Andra kammaren,1933,1936,
1636,Gustaf Arnemark,h,Stockholms stad,Andra kammaren,1933,1936,
1637,Gustaf Johnsson,s,Kalmar län,Andra kammaren,1933,1936,
1638,Gustaf Karlsson i Munkedal,s,Göteborgs och Bohus län,Andra kammaren,1933,1936,
1639,Gustaf Olsson i Ramsta,frisinnad,Södermanlands län,Andra kammaren,1933,1936,
1640,Gustaf Pettersson (från 1945 Hellbacken),s,Kopparbergs län,Andra kammaren,1933,1936,
1641,Gustaf Rosander,s,Kronobergs län,Andra kammaren,1933,1936,
1642,Gustaf Svedman,h,Gotlands län,Andra kammaren,1933,1936,
1643,Gustav Andersson i Löbbo,f. 1890,Jönköpings län,Andra kammaren,1933,1936,
1644,Gustav Hansson i Örebro,s,Örebro län,Andra kammaren,1933,1936,
1645,Gustav Johansson (från 1938 Hallagård),bf,Skaraborgs län,Andra kammaren,1933,1936,
1646,Gösta Jacobsson i Mjölby,h,Östergötlands län,Andra kammaren,1933,1936,
1647,Gösta Liedberg,h,Malmöhus län,Andra kammaren,1933,1936,
1648,Harald Andersson,bf,Södermanlands län,Andra kammaren,1933,1936,
1649,Harald Hallén,s,Värmlands län,Andra kammaren,1933,1936,
1650,Helge Bäcklund,s,Skaraborgs län,Andra kammaren,1933,1936,
1651,Helmer Molander,s,Västernorrlands län,Andra kammaren,1933,1936,
1652,Herman Andersson,bf,Göteborgs och Bohus län,Andra kammaren,1933,1936,
1653,Herman Blomquist,s,Kronobergs län,Andra kammaren,1933,1936,
1654,Herman Nordström,s,Värmlands län,Andra kammaren,1933,1936,
1655,Herman Norling,s,Värmlands län,Andra kammaren,1933,1936,
1656,Hilding Hagberg,k,Norrbottens län,Andra kammaren,1933,1936,
1657,Hjalmar Svensson,bf,Kronobergs län,Andra kammaren,1933,1936,
1658,Ivar Anderson,h,Östergötlands län,Andra kammaren,1933,1936,
1659,Ivar Pettersson,bf,Örebro län,Andra kammaren,1933,1936,
1660,Ivar Sefve,h,Göteborgs stad,Andra kammaren,1933,1936,
1661,Ivar Österström,frisinnad-fp,Västernorrlands län,Andra kammaren,1933,1936,
1662,Janne Nilsson,bf,Malmöhus län,Andra kammaren,1933,1936,
1663,Johan Bernhard Wiklund,s,Västerbottens län,Andra kammaren,1933,1936,
1664,Johan Brädefors,k,Norrbottens län,Andra kammaren,1933,1936,
1665,Johan Johanson i Tväråselet,bf,Norrbottens län,Andra kammaren,1933,1936,
1666,Johan Johnsson,s,Jönköpings län,Andra kammaren,1933,1936,
1667,Johan Olofsson i Digernäs,frisinnad-fp,Jämtlands län,Andra kammaren,1933,1936,
1668,Johan Persson,s,Skaraborgs län,Andra kammaren,1933,1936,
1669,John Gustafsson,h,Kalmar län,Andra kammaren,1933,1936,
1670,John Jönsson,h (till 1934),Blekinge län,Andra kammaren,1933,1936,
1671,Jonas Nikolaus Svedberg,bf,Gävleborgs län,Andra kammaren,1933,1936,
1672,Jones Erik Andersson,bf,Kopparbergs län,Andra kammaren,1933,1936,
1673,Josef Ekman,lib-fp,Göteborgs stad,Andra kammaren,1933,1936,
1674,Josef Hagman,h,Östergötlands län,Andra kammaren,1933,1936,
1675,Josef Weijne,s,Älvsborgs läns södra,Andra kammaren,1933,1936,
1676,Kalixtus Nordström,s (1936),Värmlands län,Andra kammaren,1933,1936,
1677,Karl Allan Westman,bf,Östergötlands län,Andra kammaren,1933,1936,
1678,Karl Bergström,s,Fyrstadskretsen,Andra kammaren,1933,1936,
1679,Karl Borg,s,Uppsala län,Andra kammaren,1933,1936,
1680,Karl Falk,s,Östergötlands län,Andra kammaren,1933,1936,
1681,Karl Hillgård,h,Hallands län,Andra kammaren,1933,1936,
1682,Karl Kilbom,k,Stockholms stad,Andra kammaren,1933,1936,
1683,Karl Magnusson,h,Skaraborgs län,Andra kammaren,1933,1936,
1684,Karl Magnusson i Kalmar,s (till 1935),Kalmar län,Andra kammaren,1933,1936,
1685,Karl Ward,s,Östergötlands län,Andra kammaren,1933,1936,
1686,Knut Johansson,s,Södermanlands län,Andra kammaren,1933,1936,
1687,Lars Jonsson,s,Västernorrlands län,Andra kammaren,1933,1936,
1688,Linus Andersson,h,Hallands län,Andra kammaren,1933,1936,
1689,Lucas Petersson,f. 1870,Jönköpings län,Andra kammaren,1933,1936,
1690,Ludwig Brännström,h,Västerbottens län,Andra kammaren,1933,1936,
1691,Magnus Pehrsson,bf (1935),Malmöhus län,Andra kammaren,1933,1936,
1692,Martin Andersson i Igelboda,s,Stockholms län,Andra kammaren,1933,1936,
1693,Martin Skoglund,h,Östergötlands län,Andra kammaren,1933,1936,
1694,Nestor Hammarlund,bf,Kristianstads län,Andra kammaren,1933,1936,
1695,Nils Björk,s,Kristianstads län,Andra kammaren,1933,1936,
1696,Nils Brännström,frisinnad-fp (1935–1936),Västerbottens län,Andra kammaren,1933,1936,
1697,Nils Christiernsson,h,Fyrstadskretsen,Andra kammaren,1933,1936,
1698,Nils Erik Nilsson i Antnäs,h,Norrbottens län,Andra kammaren,1933,1936,
1699,Nils Flyg,k,Stockholms län,Andra kammaren,1933,1936,
1700,Nils Holmström,h,Gävleborgs län,Andra kammaren,1933,1936,
1701,Nils Nilsson i Karlstad,h,Värmlands län,Andra kammaren,1933,1936,
1702,Nils Olsson i Rödningsberg,s,Jämtlands län,Andra kammaren,1933,1936,
1703,Nils Persson i Grytterud,h,Värmlands län,Andra kammaren,1933,1936,
1704,Nils Sandström,h,Västernorrlands län,Andra kammaren,1933,1936,
1705,Nils Törnkvist,s,Malmöhus län,Andra kammaren,1933,1936,
1706,Ola Isacsson,s,Kristianstads län,Andra kammaren,1933,1936,
1707,Ola Jeppsson,frisinnad - fp,Blekinge län,Andra kammaren,1933,1936,
1708,Olivia Nordgren,s,Malmöhus län,Andra kammaren,1933,1936,
1709,Olof Andersson,s,Fyrstadskretsen,Andra kammaren,1933,1936,
1710,Olof Andersson i Höör,s,Malmöhus län,Andra kammaren,1933,1936,
1711,Olof Nilsson,s,Göteborgs stad,Andra kammaren,1933,1936,
1712,Olof Olsson i Kullenbergstorp,bf (till 1934),Malmöhus län,Andra kammaren,1933,1936,
1713,Oscar Carlström,frisinnad,Jönköpings län,Andra kammaren,1933,1936,
1714,Oscar Johanson,fp från 1935),Jönköpings län,Andra kammaren,1933,1936,
1715,Oscar Lundquist,h,Uppsala län,Andra kammaren,1933,1936,
1716,Oscar Lövgren,s,Norrbottens län,Andra kammaren,1933,1936,
1717,Oscar Osberg,lib-fp,Göteborgs och Bohus län,Andra kammaren,1933,1936,
1718,Oscar Werner,bf,Värmlands län,Andra kammaren,1933,1936,
1719,Otto Holmdahl,h,Stockholms stad,Andra kammaren,1933,1936,
1720,Otto Magnusson,h,Kronobergs län,Andra kammaren,1933,1936,
1721,Otto Niklasson,bf,Älvsborgs läns norra,Andra kammaren,1933,1936,
1722,Otto Wallén,bf,Stockholms län,Andra kammaren,1933,1936,
1723,Per Albin Hansson,s,Stockholms stad,Andra kammaren,1933,1936,
1724,Per Edvin Sköld,s,Malmöhus län,Andra kammaren,1933,1936,
1725,Per Nilsson i Bonarp,h,Kristianstads län,Andra kammaren,1933,1936,
1726,Per Näslund,frisinnad-fp,Västerbottens län,Andra kammaren,1933,1936,
1727,Per Pehrsson,h,Göteborgs stad,Andra kammaren,1933,1936,
1728,Per Persson (från 1942 Orgård),s,Gävleborgs län,Andra kammaren,1933,1936,
1729,Per Persson i Trången,bf,Jämtlands län,Andra kammaren,1933,1936,
1730,Per Rudén,h (1933–1934),Västernorrlands län,Andra kammaren,1933,1936,
1731,Peter Magnus Olsson i Blädinge,h,Kronobergs län,Andra kammaren,1933,1936,
1732,Ragnar Lundqvist,h,Stockholms län,Andra kammaren,1933,1936,
1733,Rikard Westerdahl,h,Västmanlands län,Andra kammaren,1933,1936,
1734,Ruth Gustafson,s,Stockholms stad,Andra kammaren,1933,1936,
1735,Samuel Hedlund,h,Jämtlands län,Andra kammaren,1933,1936,
1736,Sigfrid Linnér,h,Uppsala län,Andra kammaren,1933,1936,
1737,Sigrid Gillner-Ringenson,s (1933-35),Östergötlands län,Andra kammaren,1933,1936,
1738,Sigurd Carlsson,h,Kalmar län,Andra kammaren,1933,1936,
1739,Sigvard Cruse,s,Stockholms stad,Andra kammaren,1933,1936,
1740,Sven Bengtsson,fp,Kristianstads län,Andra kammaren,1933,1936,
1741,Sven Johansson,h,Kalmar län,Andra kammaren,1933,1936,
1742,Sven Olsson i Labbemåla,frisinnad,Östergötlands län,Andra kammaren,1933,1936,
1743,Swen Persson,h,Kristianstads län,Andra kammaren,1933,1936,
1744,Tage Erlander,s,Fyrstadskretsen,Andra kammaren,1933,1936,
1745,Theodor Gardell,bf,Gotlands län,Andra kammaren,1933,1936,
1746,Torgil von Seth,h (från 1934),Jönköpings län,Andra kammaren,1933,1936,
1747,Torsten Henrikson,s,Göteborgs stad,Andra kammaren,1933,1936,
1748,Verner Hedlund,s,Jämtlands län,Andra kammaren,1933,1936,
1749,Verner Karlsson,k,Kopparbergs län,Andra kammaren,1933,1936,
1750,Victor Mattsson,bf,Kronobergs län,Andra kammaren,1933,1936,
1751,Viktor Herou,k,Gävleborgs län,Andra kammaren,1933,1936,
1752,Vilhelm Lundstedt,s,Uppsala län,Andra kammaren,1933,1936,
1753,Vira Eklund,bf,Stockholms län,Andra kammaren,1933,1936,
1754,Wiktor Mårtensson,s,Göteborgs och Bohus län,Andra kammaren,1933,1936,
1755,Wilhelm Beck,bf,Skaraborgs län,Andra kammaren,1933,1936,
1756,Wilhelm Källman,s,Stockholms län,Andra kammaren,1933,1936,
1757,Zäta Höglund,s,Stockholms stad,Andra kammaren,1933,1936,
1758,ersatt av: Gustaf Malmqvist,frisinnad-fp (från 1934),Jönköpings län,Andra kammaren,1933,1936,
1759,ersatt av: Per Westin,h (1935–1936),Västernorrlands län,Andra kammaren,1933,1936,
1760,A.W. Rydberg,f. 1869,Stockholms län och Uppsala län,Första kammaren,1933,1933,
1761,Adolf Lindgren,f. 1864,Örebro län,Första kammaren,1933,1933,
1762,Albert Bergström,f. 1869,Östergötlands län med Norrköpings stad,Första kammaren,1933,1933,
1763,Albert Forslund,f. 1881,Stockholms län och Uppsala län,Första kammaren,1933,1933,
1764,Alexander Nilsson i Fredriksfält,f. 1876,Blekinge län och Kristianstads län,Första kammaren,1933,1933,
1765,Anders Henriksson i Vinstorp,bf,Malmöhus län med Malmö stad och Helsingborgs stad,Första kammaren,1933,1933,
1766,Anders Johan Bärg,s,Södermanlands och Västmanlands län,Första kammaren,1933,1933,
1767,Anders Lindblad,f. 1866,Göteborgs stad,Första kammaren,1933,1933,
1768,Anders Olof Frändén,f. 1866,Västernorrlands län och Jämtlands län,Första kammaren,1933,1933,
1769,Anders Örne,s,Örebro län,Första kammaren,1933,1933,
1770,Anton Hjalmarsson,f. 1882,Malmöhus län med Malmö stad och Helsingborgs stad,Första kammaren,1933,1933,
1771,Anton Pettersson,f. 1879,Blekinge län och Kristianstads län,Första kammaren,1933,1933,
1772,Arvid Thelin,h,Kronobergs och Hallands län,Första kammaren,1933,1933,
1773,Assar Emanuel Åkerman,s,Södermanlands och Västmanlands län,Första kammaren,1933,1933,
1774,August Ernfors (tidigare Eriksson),f. 1864,Kopparbergs län,Första kammaren,1933,1933,
1775,August Johansson i Lövholmen,f. 1864,Skaraborgs län,Första kammaren,1933,1933,
1776,Axel Fredrik Wennersten,f. 1863,Älvsborgs län,Första kammaren,1933,1933,
1777,Axel Löfvander,bf,Malmöhus län med Malmö stad och Helsingborgs stad,Första kammaren,1933,1933,
1778,Axel Nylander,h,Älvsborgs län,Första kammaren,1933,1933,
1779,Axel Sundberg,f. 1869,Göteborgs och Bohus län,Första kammaren,1933,1933,
1780,Bo von Stockenström,f. 1887,Södermanlands och Västmanlands län,Första kammaren,1933,1933,
1781,Carl Albert Lindhagen,f. 1860,Västernorrlands län och Jämtlands län,Första kammaren,1933,1933,
1782,Carl Bengtsson,h,Älvsborgs län,Första kammaren,1933,1933,
1783,Carl Carlsson,f. 1873,Gävleborgs län med Gävle stad,Första kammaren,1933,1933,
1784,Carl Eriksson i Ljusdal,f. 1881,Gävleborgs län med Gävle stad,Första kammaren,1933,1933,
1785,Carl Forssell,h,Stockholms stad,Första kammaren,1933,1933,
1786,Carl Immanuel Asplund,f. 1872,Västerbottens län och Norrbottens län,Första kammaren,1933,1933,
1787,Carl Lindmark,f. 1880,Västerbottens län och Norrbottens län,Första kammaren,1933,1933,
1788,Carl Primus Wahlmark,f. 1883,Stockholms län och Uppsala län,Första kammaren,1933,1933,
1789,Carl Svensson,f. 1879,Södermanlands och Västmanlands län,Första kammaren,1933,1933,
1790,Carl Thorén,f. 1874,Kronobergs och Hallands län,Första kammaren,1933,1933,
1791,Carl-Axel Reuterskiöld,f. 1870,Stockholms län och Uppsala län,Första kammaren,1933,1933,
1792,Charles Lindley,s,Stockholms stad,Första kammaren,1933,1933,
1793,Daniel Alfred Petrén,f. 1867,Kopparbergs län,Första kammaren,1933,1933,
1794,David Hansén,f,Västerbottens län och Norrbottens län,Första kammaren,1933,1933,
1795,David Norman,s,Södermanlands och Västmanlands län,Första kammaren,1933,1933,
1796,David Pettersson i Bjälbo,h,Östergötlands län med Norrköpings stad,Första kammaren,1933,1933,
1797,Edgar Sjödahl,s,Göteborgs stad,Första kammaren,1933,1933,
1798,Edvard Björnsson,f. 1878,Älvsborgs län,Första kammaren,1933,1933,
1799,Edward Larson i Lerdala,f. 1867,Skaraborgs län,Första kammaren,1933,1933,
1800,Edwin Berling,f. 1881,Malmöhus län med Malmö stad och Helsingborgs stad,Första kammaren,1933,1933,
1801,Eliel Löfgren,l,Stockholms stad,Första kammaren,1933,1933,
1802,Elof Andersson i Fältenborg,f. 1873,Blekinge län och Kristianstads län,Första kammaren,1933,1933,
1803,Emil Bjurström,f. 1874,Kopparbergs län,Första kammaren,1933,1933,
1804,Eric Hallin,f. 1870,Göteborgs och Bohus län,Första kammaren,1933,1933,
1805,Erik Anderson i Hägelåkra,f. 1870,Kalmar läns norra och södra landstingsområden samt Gotlands län,Första kammaren,1933,1933,
1806,Erik Dalberg,f. 1869,Kopparbergs län,Första kammaren,1933,1933,
1807,Erik Forssberg,f. 1865,Blekinge län och Kristianstads län,Första kammaren,1933,1933,
1808,Erik von Heland,h,Södermanlands och Västmanlands län,Första kammaren,1933,1933,
1809,Ernst Klefbeck,f. 1866,Stockholms stad,Första kammaren,1933,1933,
1810,Ernst Lundell,f. 1857,Skaraborgs län,Första kammaren,1933,1933,
1811,Ernst Svensson i Eskhult,f. 1880,Skaraborgs län,Första kammaren,1933,1933,
1812,Ernst Trygger,h,Stockholms stad,Första kammaren,1933,1933,
1813,Ernst Åström,f. 1876,Kopparbergs län,Första kammaren,1933,1933,
1814,Fr. Julin,f. 1873,Värmlands län,Första kammaren,1933,1933,
1815,Fredrik Ström,s,Stockholms stad,Första kammaren,1933,1933,
1816,Fritiof Gustafsson,h,Skaraborgs län,Första kammaren,1933,1933,
1817,Frits Gustav Möller,s,Stockholms län och Uppsala län,Första kammaren,1933,1933,
1818,G.A. Larsén,f. 1870,Kronobergs och Hallands län,Första kammaren,1933,1933,
1819,Georg Bissmark,f. 1871,Kronobergs och Hallands län,Första kammaren,1933,1933,
1820,Georg Branting,s,Stockholms stad,Första kammaren,1933,1933,
1821,Gottfrid Karlsson,f. 1882,Östergötlands län med Norrköpings stad,Första kammaren,1933,1933,
1822,Gottfrid Karlsson i Gillberga,f. 1872,Örebro län,Första kammaren,1933,1933,
1823,Gustaf Adolf Björkman,f. 1871,Östergötlands län med Norrköpings stad,Första kammaren,1933,1933,
1824,Gustaf Boman,f. 1861,Göteborgs stad,Första kammaren,1933,1933,
1825,Gustaf Ehrnberg,f. 1867,Blekinge län och Kristianstads län,Första kammaren,1933,1933,
1826,Gustaf Roos,h,Kalmar läns norra och södra landstingsområden samt Gotlands län,Första kammaren,1933,1933,
1827,Gustaf Sederholm,f. 1868,Södermanlands och Västmanlands län,Första kammaren,1933,1933,
1828,Gustaf Strömberg,s,Värmlands län,Första kammaren,1933,1933,
1829,Gustaf Tamm,f. 1876,Södermanlands och Västmanlands län,Första kammaren,1933,1933,
1830,Gustaf Velander,f. 1884,Västernorrlands län och Jämtlands län,Första kammaren,1933,1933,
1831,Gustav Rosén,f,Västerbottens län och Norrbottens län,Första kammaren,1933,1933,
1832,Gösta Bagge,h,Stockholms stad,Första kammaren,1933,1933,
1833,Harald Åkerberg,f. 1883,Örebro län,Första kammaren,1933,1933,
1834,Henrik Andersson i Boda,f. 1880,Västernorrlands län och Jämtlands län,Första kammaren,1933,1933,
1835,Herman Kvarnzelius,l,Kopparbergs län,Första kammaren,1933,1933,
1836,Hj. Halvarsson,f 1880,Gävleborgs län med Gävle stad,Första kammaren,1933,1933,
1837,Hjalmar Hammarskjöld,h,Stockholms län och Uppsala län,Första kammaren,1933,1933,
1838,Hugo Höglund,s,Göteborgs stad,Första kammaren,1933,1933,
1839,Israel Holmgren,f. 1871,Göteborgs och Bohus län,Första kammaren,1933,1933,
1840,Israel Lagerfelt,h,Östergötlands län med Norrköpings stad,Första kammaren,1933,1933,
1841,Ivan Pauli,f. 1885,Jönköpings län,Första kammaren,1933,1933,
1842,Ivar Vennerström,f. 1881,Västernorrlands län och Jämtlands län,Första kammaren,1933,1933,
1843,Ivar Öhman,f. 1868,Malmöhus län med Malmö stad och Helsingborgs stad,Första kammaren,1933,1933,
1844,Jacob Spens,f. 1861,Jönköpings län,Första kammaren,1933,1933,
1845,Janne Walles,f. 1871,Västernorrlands län och Jämtlands län,Första kammaren,1933,1933,
1846,Johan Bergman,f,Värmlands län,Första kammaren,1933,1933,
1847,Johan Bernhard Johansson,h,Kronobergs och Hallands län,Första kammaren,1933,1933,
1848,Johan Johansson i Friggeråker,f. 1872,Älvsborgs län,Första kammaren,1933,1933,
1849,Johan Larsson,f. 1875,Kronobergs och Hallands län,Första kammaren,1933,1933,
1850,Johan Larsson i Örbyhus,f. 1877,Stockholms län och Uppsala län,Första kammaren,1933,1933,
1851,Johan Nilsson i Malmö,f. 1874,Malmöhus län med Malmö stad och Helsingborgs stad,Första kammaren,1933,1933,
1852,Johan Nilsson i Skottlandshus,f. 1873,Blekinge län och Kristianstads län,Första kammaren,1933,1933,
1853,John Björck,f. 1881,Älvsborgs län,Första kammaren,1933,1933,
1854,John Sandén,f. 1867,Värmlands län,Första kammaren,1933,1933,
1855,Jöns Jönsson i Slätåker,f. 1867,Malmöhus län med Malmö stad och Helsingborgs stad,Första kammaren,1933,1933,
1856,Jöns Pålsson,f. 1870,Malmöhus län med Malmö stad och Helsingborgs stad,Första kammaren,1933,1933,
1857,K.G. Westman,f. 1876,Östergötlands län med Norrköpings stad,Första kammaren,1933,1933,
1858,Karl Andersson,l,Göteborgs och Bohus län,Första kammaren,1933,1933,
1859,Karl Johan Alfred Gustafsson,f. 1862,Jönköpings län,Första kammaren,1933,1933,
1860,Karl Johan Ekman,f. 1863,Jönköpings län,Första kammaren,1933,1933,
1861,Karl Johansson,f. 1881,Västerbottens län och Norrbottens län,Första kammaren,1933,1933,
1862,Karl Mellén,h,Älvsborgs län,Första kammaren,1933,1933,
1863,Karl Sandegård,f. 1880,Älvsborgs län,Första kammaren,1933,1933,
1864,Karl Schlyter,f. 1879,Värmlands län,Första kammaren,1933,1933,
1865,Kerstin Hesselgren,frisinnad vilde,Örebro län,Första kammaren,1933,1933,
1866,Knut von Geijer,,Malmöhus län med Malmö stad och Helsingborgs stad,Första kammaren,1933,1933,
1867,Lars Borggren,f. 1876,Blekinge län och Kristianstads län,Första kammaren,1933,1933,
1868,Lars Gunnar Bodin,f. 1872,Kalmar läns norra och södra landstingsområden samt Gotlands län,Första kammaren,1933,1933,
1869,Leonard Tjällgren,f. 1878,Västernorrlands län och Jämtlands län,Första kammaren,1933,1933,
1870,Ludvig Widell,f. 1870,Göteborgs och Bohus län,Första kammaren,1933,1933,
1871,Martin Svensson i Kompersmåla,f. 1871,Kronobergs och Hallands län,Första kammaren,1933,1933,
1872,Mauritz Hellberg,f. 1859,Värmlands län,Första kammaren,1933,1933,
1873,Mauritz Västberg,s,Västernorrlands län och Jämtlands län,Första kammaren,1933,1933,
1874,Nils Andersson i Östersund,f. 1891,Västernorrlands län och Jämtlands län,Första kammaren,1933,1933,
1875,Nils August Nilsson i Kabbarp,f. 1867,Malmöhus län med Malmö stad och Helsingborgs stad,Första kammaren,1933,1933,
1876,Nils Gabrielsson,f. 1876,Västerbottens län och Norrbottens län,Första kammaren,1933,1933,
1877,Nils Sigfrid Norling,f. 1880,Gävleborgs län med Gävle stad,Första kammaren,1933,1933,
1878,Nils Wohlin,h,Kalmar läns norra och södra landstingsområden samt Gotlands län,Första kammaren,1933,1933,
1879,Olof Bergqvist,f. 1862,Västerbottens län och Norrbottens län,Första kammaren,1933,1933,
1880,Olof Carlsson,s,Stockholms stad,Första kammaren,1933,1933,
1881,Olof Olsson,f. 1872,Malmöhus län med Malmö stad och Helsingborgs stad,Första kammaren,1933,1933,
1882,Oscar Ericson i Oberga,f. 1866,Jönköpings län,Första kammaren,1933,1933,
1883,Oscar Olsson,f. 1877,Östergötlands län med Norrköpings stad,Första kammaren,1933,1933,
1884,Oskar Anshelm Nordborg,h,Göteborgs stad,Första kammaren,1933,1933,
1885,Oskar Hagman,s,Stockholms stad,Första kammaren,1933,1933,
1886,P. Sandström,f. 1875,Västerbottens län och Norrbottens län,Första kammaren,1933,1933,
1887,P.E.A. Jonsson i Lycksele,f. 1869,Västerbottens län och Norrbottens län,Första kammaren,1933,1933,
1888,Per Andersson i Koldemo,f. 1876,Gävleborgs län med Gävle stad,Första kammaren,1933,1933,
1889,Per Granath,f. 1882,Gävleborgs län med Gävle stad,Första kammaren,1933,1933,
1890,Per Gustafsson i Benestad,f. 1880,Kronobergs och Hallands län,Första kammaren,1933,1933,
1891,Petrus Nilsson i Gränebo,f. 1881,Kalmar läns norra och södra landstingsområden samt Gotlands län,Första kammaren,1933,1933,
1892,Rickard Lindström,f. 1894,Stockholms län och Uppsala län,Första kammaren,1933,1933,
1893,Rickard Sandler,s,Gävleborgs län med Gävle stad,Första kammaren,1933,1933,
1894,Robert Johansson-Dahr,för Jönköping,Jönköpings län,Första kammaren,1933,1933,
1895,Ruben Wagnsson,s,Kalmar läns norra och södra landstingsområden samt Gotlands län,Första kammaren,1933,1933,
1896,Sam Larsson,f. 1883,Västernorrlands län och Jämtlands län,Första kammaren,1933,1933,
1897,Sigfrid Hansson,f. 1884,Göteborgs och Bohus län,Första kammaren,1933,1933,
1898,Sten Stendahl,f. 1876,Stockholms stad,Första kammaren,1933,1933,
1899,Sven Linders,s,Malmöhus län med Malmö stad och Helsingborgs stad,Första kammaren,1933,1933,
1900,Theodor Borell,f. 1869,Stockholms län och Uppsala län,Första kammaren,1933,1933,
1901,Theodor Östergren,f. 1878,Blekinge län och Kristianstads län,Första kammaren,1933,1933,
1902,Torsten Ström,f. 1885,Skaraborgs län,Första kammaren,1933,1933,
1903,Ture Nerman,kk,Stockholms stad,Första kammaren,1933,1933,
1904,Uno Wijkström,f. 1872,Kalmar läns norra och södra landstingsområden samt Gotlands län,Första kammaren,1933,1933,
1905,Valfrid Eriksson,f. 1879,Värmlands län,Första kammaren,1933,1933,
1906,Viktor Larsson,s,Östergötlands län med Norrköpings stad,Första kammaren,1933,1933,
1907,Wilhelm Björck,s,Södermanlands och Västmanlands län,Första kammaren,1933,1933,
1908,Wilhelm Källman,f. 1877,Stockholms län och Uppsala län,Första kammaren,1933,1933,
1909,William Linder,s,Blekinge län och Kristianstads län,Första kammaren,1933,1933,
1910,Abel Andersson,s,Jönköpings län,Andra kammaren,1937,1940,
1911,Abel Sundberg,s,Göteborgs stad,Andra kammaren,1937,1940,
1912,Adolf Wallentheim,s,Stockholms län,Andra kammaren,1937,1940,
1913,Adolf Wallerius,h,Göteborgs och Bohus läns landstingsområde,Andra kammaren,1937,1940,
1914,Adolv Olsson,s,Gävleborgs län,Andra kammaren,1937,1940,
1915,Agda Östlund,s,Stockholms stad,Andra kammaren,1937,1940,
1916,Albert Hermansson,s,Östergötlands län,Andra kammaren,1937,1940,
1917,Albin Eriksson (senare Toftered),bf,Hallands län,Andra kammaren,1937,1940,
1918,Alfred Andersson,s,Kristianstads län,Andra kammaren,1937,1940,
1919,Alfred Nilsson,fp,Malmöhus län,Andra kammaren,1937,1940,
1920,Alfred Werner,s,Kalmar län,Andra kammaren,1937,1940,
1921,Algot Törnkvist,s,Blekinge län,Andra kammaren,1937,1940,
1922,Allan Andersson,s,Stockholms län,Andra kammaren,1937,1940,
1923,Allan Vougt,s,Fyrstadskretsen,Andra kammaren,1937,1940,
1924,Anders Birger Andersson,f. 1878,Hallands län,Andra kammaren,1937,1940,
1925,Anders Hilding,fp,Gävleborgs län,Andra kammaren,1937,1940,
1926,Anders Paulsen,s,Malmöhus län,Andra kammaren,1937,1940,
1927,Anders Pettersson,bf,Hallands län,Andra kammaren,1937,1940,
1928,Anders Råstock (tidigare Andersson),s,Örebro län,Andra kammaren,1937,1940,
1929,Anton Björklund,s,Kristianstads län,Andra kammaren,1937,1940,
1930,Anton Eklund,s,Västmanlands län,Andra kammaren,1937,1940,
1931,Aron Gustafsson,bf,Skaraborgs län,Andra kammaren,1937,1940,
1932,Arthur Ryberg,bf,Södra valkretsen,Andra kammaren,1937,1940,
1933,Arthur Wilhelm Gustafsson (från 1938 Casenberg),h,Norra valkretsen,Andra kammaren,1937,1940,
1934,Arvid Ernst Olsson,f. 1888,Stockholms stad,Andra kammaren,1937,1940,
1935,Arvid Hellberg,h,Göteborgs stad,Andra kammaren,1937,1940,
1936,Arvid Jonsson,bf,Kalmar län,Andra kammaren,1937,1940,
1937,Arvid Karlsson,h,Kristianstads län,Andra kammaren,1937,1940,
1938,Arvid de Geer,bf,Kristianstads län,Andra kammaren,1937,1940,
1939,August Danielsson,fp,Norra valkretsen,Andra kammaren,1937,1940,
1940,August Spångberg,s,Värmlands län,Andra kammaren,1937,1940,
1941,August Sävström,s,Gävleborgs län,Andra kammaren,1937,1940,
1942,Axel Bæckström,f. 1888 (avled 1938),Västerbottens län,Andra kammaren,1937,1940,
1943,Axel Fält,s,Skaraborgs län,Andra kammaren,1937,1940,
1944,Axel Johansson,s,Örebro län,Andra kammaren,1937,1940,
1945,Axel Landgren,s,Malmöhus län,Andra kammaren,1937,1940,
1946,Axel Lindqvist,s,Hallands län,Andra kammaren,1937,1940,
1947,Axel Nordström,k,Västernorrlands län,Andra kammaren,1937,1940,
1948,Axel Pehrsson-Bramstorp,bf,Malmöhus län,Andra kammaren,1937,1940,
1949,Axel Rubbestad,bf,Norra valkretsen,Andra kammaren,1937,1940,
1950,Bertil Andersson,s,Västmanlands län,Andra kammaren,1937,1940,
1951,Birger Gezelius,h,Kopparbergs län,Andra kammaren,1937,1940,
1952,Björn Frithiofsson Holmgren,h,Blekinge län,Andra kammaren,1937,1940,
1953,Blenda Björck,s,Kristianstads län,Andra kammaren,1937,1940,
1954,Carl Björling,fp,Värmlands län,Andra kammaren,1937,1940,
1955,Carl Gustaf Olsson (senare Närlinge),bf,Uppsala län,Andra kammaren,1937,1940,
1956,Carl Gustav Tengström,fp,Göteborgs stad,Andra kammaren,1937,1940,
1957,Carl Hoppe,s,Östergötlands län,Andra kammaren,1937,1940,
1958,Carl Johan Johansson,f. 1867,Södermanlands län,Andra kammaren,1937,1940,
1959,Carl Lindberg,s,Stockholms stad,Andra kammaren,1937,1940,
1960,Carl Lovén,s,Fyrstadskretsen,Andra kammaren,1937,1940,
1961,Carl Petrus Olsson,s,Norra valkretsen,Andra kammaren,1937,1940,
1962,Claes Lindskog,h,Fyrstadskretsen,Andra kammaren,1937,1940,
1963,Conrad Jonsson,s,Södermanlands län,Andra kammaren,1937,1940,
1964,David Gustavson,s,Västmanlands län,Andra kammaren,1937,1940,
1965,David Larsson i Sätila,s,Södra valkretsen,Andra kammaren,1937,1940,
1966,Ebon Andersson,h,Stockholms stad,Andra kammaren,1937,1940,
1967,Edvard Lithander,h,Göteborgs stad,Andra kammaren,1937,1940,
1968,Edvard Thorell,h,Stockholms län,Andra kammaren,1937,1940,
1969,Edvard Uddenberg,s,Örebro län,Andra kammaren,1937,1940,
1970,Edvin Gustafsson,f. 1888,Jönköpings län,Andra kammaren,1937,1940,
1971,Edvin Leffler,h,Södra valkretsen,Andra kammaren,1937,1940,
1972,Einar Sjögren,f. 1887,Uppsala län,Andra kammaren,1937,1940,
1973,Elof Hällgren,s,Blekinge län,Andra kammaren,1937,1940,
1974,Elof Lindberg,s,Västerbottens län,Andra kammaren,1937,1940,
1975,Elsa Johansson,s,Östergötlands län,Andra kammaren,1937,1940,
1976,Emil Andersson,s,Värmlands län,Andra kammaren,1937,1940,
1977,Emil Gustafson i Vimmerby,bf,Kalmar län,Andra kammaren,1937,1940,
1978,Emil Näsström,f. 1900,Västernorrlands län,Andra kammaren,1937,1940,
1979,Emil Olovson,s,Västmanlands län,Andra kammaren,1937,1940,
1980,Eric Hansson,f. 1880,Västerbottens län,Andra kammaren,1937,1940,
1981,Erik Fast,s,Jönköpings län,Andra kammaren,1937,1940,
1982,Erik Hagberg,h,Fyrstadskretsen,Andra kammaren,1937,1940,
1983,Erik Johansson,s,Göteborgs och Bohus läns landstingsområde,Andra kammaren,1937,1940,
1984,Erik Larsson,s,Norra valkretsen,Andra kammaren,1937,1940,
1985,Erik Lundbom,s,Södermanlands län,Andra kammaren,1937,1940,
1986,Erik Norén,s,Västernorrlands län,Andra kammaren,1937,1940,
1987,Erik Nylander,h,Stockholms stad,Andra kammaren,1937,1940,
1988,Ernst Berg,s,Västernorrlands län,Andra kammaren,1937,1940,
1989,Ernst Eriksson,s,Stockholms stad,Andra kammaren,1937,1940,
1990,Ernst Hage,s,Norrbottens län,Andra kammaren,1937,1940,
1991,Ernst Staxäng (tidigare Olsson),h,Göteborgs och Bohus läns landstingsområde,Andra kammaren,1937,1940,
1992,Ernst Wigforss,s,Göteborgs stad,Andra kammaren,1937,1940,
1993,Ernst Åqvist,fp,Örebro län,Andra kammaren,1937,1940,
1994,Eskil Eriksson,s,Stockholms län,Andra kammaren,1937,1940,
1995,Evald Ericsson,s,Kopparbergs län,Andra kammaren,1937,1940,
1996,Evert Frankenberg,s (till 1937),Göteborgs stad,Andra kammaren,1937,1940,
1997,Evert Sandberg,fp,Västerbottens län,Andra kammaren,1937,1940,
1998,Ewald Lindmark,h,Västerbottens län,Andra kammaren,1937,1940,
1999,Fabian Månsson,s (avled 1938),Gävleborgs län,Andra kammaren,1937,1940,
2000,Folke Kyling,h,Skaraborgs län,Andra kammaren,1937,1940,
2001,Frans Ericson,s,Östergötlands län,Andra kammaren,1937,1940,
2002,Frans Severin,s,Stockholms stad,Andra kammaren,1937,1940,
2003,Fredrik Sundström,s,Kopparbergs län,Andra kammaren,1937,1940,
2004,Georg Nyblom,bf,Gävleborgs län,Andra kammaren,1937,1940,
2005,Gerhard Strindlund,bf,Västernorrlands län,Andra kammaren,1937,1940,
2006,Gillis Olsson i Kullenbergstorp,bf,Malmöhus län,Andra kammaren,1937,1940,
2007,Gunnar Persson i Falla,h,Örebro län,Andra kammaren,1937,1940,
2008,Gustaf Andersson,fp,Kopparbergs län,Andra kammaren,1937,1940,
2009,Gustaf Arnemark,h,Stockholms stad,Andra kammaren,1937,1940,
2010,Gustaf Karlsson,s,Göteborgs och Bohus läns landstingsområde,Andra kammaren,1937,1940,
2011,Gustaf Larsson,s,Södermanlands län,Andra kammaren,1937,1940,
2012,Gustaf Nilsson,s,Värmlands län,Andra kammaren,1937,1940,
2013,Gustaf Pettersson (från 1945 Hellbacken),s,Kopparbergs län,Andra kammaren,1937,1940,
2014,Gustaf Svedman,h,Gotlands län,Andra kammaren,1937,1940,
2015,Gustav Emil Andersson,f. 1890,Jönköpings län,Andra kammaren,1937,1940,
2016,Gustav Hallagård (tidigare Johanson),bf,Skaraborgs län,Andra kammaren,1937,1940,
2017,Gustav Hansson i Örebro,s,Örebro län,Andra kammaren,1937,1940,
2018,Gustav Holm,s,Kalmar län,Andra kammaren,1937,1940,
2019,Gustav Mosesson,fp,Stockholms län,Andra kammaren,1937,1940,
2020,Gösta Andersson,s,Göteborgs och Bohus läns landstingsområde,Andra kammaren,1937,1940,
2021,Gösta Bagge,h,Stockholms stad,Andra kammaren,1937,1940,
2022,Gösta Liedberg,h,Malmöhus län,Andra kammaren,1937,1940,
2023,Harald Andersson,f. 1888,Södermanlands län,Andra kammaren,1937,1940,
2024,Harald Hallén,s,Värmlands län,Andra kammaren,1937,1940,
2025,Helmer Johansson,bf,Västerbottens län,Andra kammaren,1937,1940,
2026,Helmer Molander,s,Västernorrlands län,Andra kammaren,1937,1940,
2027,Henning Leo,s,Stockholms län,Andra kammaren,1937,1940,
2028,Herman Andersson,bf (till 1938),Göteborgs och Bohus läns landstingsområde,Andra kammaren,1937,1940,
2029,Herman Blomquist,s,Kronobergs län,Andra kammaren,1937,1940,
2030,Herman Nordström,s,Värmlands län,Andra kammaren,1937,1940,
2031,Hilding Hagberg,k,Norrbottens län,Andra kammaren,1937,1940,
2032,Hildur Alvén,s,Kopparbergs län,Andra kammaren,1937,1940,
2033,Hildur Humla,s,Värmlands län,Andra kammaren,1937,1940,
2034,Hjalmar Gustafson,s,Kronobergs län,Andra kammaren,1937,1940,
2035,Hjalmar Svensson,bf,Kronobergs län,Andra kammaren,1937,1940,
2036,Ivar Anderson,h,Östergötlands län,Andra kammaren,1937,1940,
2037,Ivar Johansson,bf,Östergötlands län,Andra kammaren,1937,1940,
2038,Ivar Pettersson,bf,Örebro län,Andra kammaren,1937,1940,
2039,Ivar Österström,fp,Västernorrlands län,Andra kammaren,1937,1940,
2040,Janne Nilsson,bf (till 1938),Malmöhus län,Andra kammaren,1937,1940,
2041,Johan Brädefors,k,Norrbottens län,Andra kammaren,1937,1940,
2042,Johan Johansson i Tväråselet,bf,Norrbottens län,Andra kammaren,1937,1940,
2043,Johan Nilson,fp,Södermanlands län,Andra kammaren,1937,1940,
2044,Johan Persson i Tidaholm,s,Skaraborgs län,Andra kammaren,1937,1940,
2045,Johannes Onsjö (tidigare Johansson),bf,Skaraborgs län,Andra kammaren,1937,1940,
2046,John Bergvall,fp,Stockholms stad,Andra kammaren,1937,1940,
2047,John Ericsson i Kinna,s,Södra valkretsen,Andra kammaren,1937,1940,
2048,John Gottfrid Hult,f. 1888,Norra valkretsen,Andra kammaren,1937,1940,
2049,John Gustaf Gerard de Geer,fp,Värmlands län,Andra kammaren,1937,1940,
2050,John Pettersson,bf,Jönköpings län,Andra kammaren,1937,1940,
2051,Jonas Arthur Engberg,s,Stockholms stad,Andra kammaren,1937,1940,
2052,Jonas Eriksson,f. 1896,Gävleborgs län,Andra kammaren,1937,1940,
2053,Jones Erik Andersson,bf,Kopparbergs län,Andra kammaren,1937,1940,
2054,Josef Weijne,s,Södra valkretsen,Andra kammaren,1937,1940,
2055,Karl Allan Westman,bf,Östergötlands län,Andra kammaren,1937,1940,
2056,Karl August Borg,s,Uppsala län,Andra kammaren,1937,1940,
2057,Karl Bergström,s,Fyrstadskretsen,Andra kammaren,1937,1940,
2058,Karl Falk,s,Östergötlands län,Andra kammaren,1937,1940,
2059,Karl Kilbom,k,Stockholms stad,Andra kammaren,1937,1940,
2060,Karl Magnusson i Skövde,h,Skaraborgs län,Andra kammaren,1937,1940,
2061,Karl Mäler,s,Västernorrlands län,Andra kammaren,1937,1940,
2062,Karl Nilsson,s,Fyrstadskretsen,Andra kammaren,1937,1940,
2063,Karl Söderdahl,s,Gotlands län,Andra kammaren,1937,1940,
2064,Karl Viklund,s,Norrbottens län,Andra kammaren,1937,1940,
2065,Karl Ward,s,Östergötlands län,Andra kammaren,1937,1940,
2066,Kerstin Hesselgren,fp,Stockholms stad,Andra kammaren,1937,1940,
2067,Knut Senander,k,Göteborgs stad,Andra kammaren,1937,1940,
2068,Lars Jonsson,s,Västernorrlands län,Andra kammaren,1937,1940,
2069,Lars Lindahl,s,Örebro län,Andra kammaren,1937,1940,
2070,Lars Lindén,s,Kalmar län,Andra kammaren,1937,1940,
2071,Linus Andersson,h,Hallands län,Andra kammaren,1937,1940,
2072,Martin Andersson i Igelboda,s,Stockholms län,Andra kammaren,1937,1940,
2073,Martin Skoglund,h,Östergötlands län,Andra kammaren,1937,1940,
2074,Nestor Hammarlund,bf,Kristianstads län,Andra kammaren,1937,1940,
2075,Nils Erik Nilsson i Antnäs,h,Norrbottens län,Andra kammaren,1937,1940,
2076,Nils Flyg,k,Stockholms län,Andra kammaren,1937,1940,
2077,Nils Larsson,s,Jämtlands län,Andra kammaren,1937,1940,
2078,Nils Olsson i Rödningsberg,s,Jämtlands län,Andra kammaren,1937,1940,
2079,Nils Persson i Grytterud,h,Värmlands län,Andra kammaren,1937,1940,
2080,Ola Isacsson,s,Kristianstads län,Andra kammaren,1937,1940,
2081,Ola Jeppsson,fp,Blekinge län,Andra kammaren,1937,1940,
2082,Olivia Nordgren,s,Malmöhus län,Andra kammaren,1937,1940,
2083,Olof Andersson i Höör,s (avled 1938),Malmöhus län,Andra kammaren,1937,1940,
2084,Olof Andersson i Malmö,s,Fyrstadskretsen,Andra kammaren,1937,1940,
2085,Olof Nilsson i Göteborg,s,Göteborgs stad,Andra kammaren,1937,1940,
2086,Oscar Bæckman,fp,Stockholms stad,Andra kammaren,1937,1940,
2087,Oscar Carlström,fp,Jönköpings län,Andra kammaren,1937,1940,
2088,Oscar Dahlbäck,fp,Jönköpings län,Andra kammaren,1937,1940,
2089,Oscar Johanson,fp,Jönköpings län,Andra kammaren,1937,1940,
2090,Oscar Lövgren,s,Norrbottens län,Andra kammaren,1937,1940,
2091,Oscar Malmborg,fp (1937),Skaraborgs län,Andra kammaren,1937,1940,
2092,Oscar Nolin,h,Kronobergs län,Andra kammaren,1937,1940,
2093,Oscar Osberg,lib-fp,Göteborgs och Bohus läns landstingsområde,Andra kammaren,1937,1940,
2094,Oscar Tornegård,bf,Kalmar län,Andra kammaren,1937,1940,
2095,Oscar Werner,bf,Värmlands län,Andra kammaren,1937,1940,
2096,Oscar Åkerström,s,Västerbottens län,Andra kammaren,1937,1940,
2097,Otto Holmdahl,h,Stockholms stad,Andra kammaren,1937,1940,
2098,Otto Magnusson,h,Kronobergs län,Andra kammaren,1937,1940,
2099,Otto Silfverbrand,h,Norrbottens län,Andra kammaren,1937,1940,
2100,Otto Wallén,bf,Stockholms län,Andra kammaren,1937,1940,
2101,Per Albin Hansson,s,Stockholms stad,Andra kammaren,1937,1940,
2102,Per Edvin Sköld,s,Malmöhus län,Andra kammaren,1937,1940,
2103,Per Leander Persson i Undersvik,f. 1889,Gävleborgs län,Andra kammaren,1937,1940,
2104,Per Persson i Norrby,bf,Gävleborgs län,Andra kammaren,1937,1940,
2105,Ragnar Barnekow,godsägare,Kristianstads län,Andra kammaren,1937,1940,
2106,Ragnar Lundqvist,h,Stockholms län,Andra kammaren,1937,1940,
2107,Ragnar Persson,s,Hallands län,Andra kammaren,1937,1940,
2108,Robert Jansson,s,Kopparbergs län,Andra kammaren,1937,1940,
2109,Ruth Gustafson,s,Stockholms stad,Andra kammaren,1937,1940,
2110,Samuel Hedlund,h,Jämtlands län,Andra kammaren,1937,1940,
2111,Sigurd Lindholm,s,Gävleborgs län,Andra kammaren,1937,1940,
2112,Sigvard Cruse,s,Stockholms stad,Andra kammaren,1937,1940,
2113,Sigvard Ohlsson,s,Kalmar län,Andra kammaren,1937,1940,
2114,Solveig Rönn-Christiansson,k,Göteborgs stad,Andra kammaren,1937,1940,
2115,Stig Janson,h,Södermanlands län,Andra kammaren,1937,1940,
2116,Sven Andersson i Vigelsbo,bf,Västmanlands län,Andra kammaren,1937,1940,
2117,Sven Johansson,h,Kalmar län,Andra kammaren,1937,1940,
2118,Sven Lundberg,f. 1889,Fyrstadskretsen,Andra kammaren,1937,1940,
2119,Sven Olsson i Labbemåla,fp,Östergötlands län,Andra kammaren,1937,1940,
2120,Tage Erlander,s,Fyrstadskretsen,Andra kammaren,1937,1940,
2121,Theodor Gardell,bf,Gotlands län,Andra kammaren,1937,1940,
2122,Thorvald Ekdahl,s,Kristianstads län,Andra kammaren,1937,1940,
2123,Thorwald Bergquist,fp,Västmanlands län,Andra kammaren,1937,1940,
2124,Tor Wolgast,bf,Blekinge län,Andra kammaren,1937,1940,
2125,Torgil von Seth,h,Jönköpings län,Andra kammaren,1937,1940,
2126,Torsten Henriksson,h,Stockholms stad,Andra kammaren,1937,1940,
2127,Torsten Lundell,h,Kalmar län,Andra kammaren,1937,1940,
2128,Uddo Jacobson,s,Västerbottens län,Andra kammaren,1937,1940,
2129,Verner Hedlund,s,Jämtlands län,Andra kammaren,1937,1940,
2130,Verner Karlsson,s,Kopparbergs län,Andra kammaren,1937,1940,
2131,Victor Mattsson,bf,Kronobergs län,Andra kammaren,1937,1940,
2132,Viktor Herou,k,Gävleborgs län,Andra kammaren,1937,1940,
2133,Viktor Sandström,h,Västernorrlands län,Andra kammaren,1937,1940,
2134,Vilhelm Lundstedt,s,Uppsala län,Andra kammaren,1937,1940,
2135,Walter Sundström,s,Skaraborgs län,Andra kammaren,1937,1940,
2136,Wiktor Mårtensson,s,Göteborgs och Bohus läns landstingsområde,Andra kammaren,1937,1940,
2137,Wilhelm Annér,fp,Jämtlands län,Andra kammaren,1937,1940,
2138,Zäta Höglund,s,Stockholms stad,Andra kammaren,1937,1940,
2139,ersatt av: Carl Evald Magnusson i Näsviken,s,Gävleborgs län,Andra kammaren,1937,1940,
2140,ersatt av: Frans Hansson,h,Göteborgs och Bohus läns landstingsområde,Andra kammaren,1937,1940,
2141,ersatt av: Gustaf Edvard Lundgren,f. 1882 (från 1939),Malmöhus län,Andra kammaren,1937,1940,
2142,ersatt av: Herbert Hermansson,bf (från 1939),Göteborgs och Bohus läns landstingsområde,Andra kammaren,1937,1940,
2143,ersatt av: Manfred Fredberg,fp (från 1938),Skaraborgs län,Andra kammaren,1937,1940,
2144,ersatt av: Märta Öberg,s (från 1938),Göteborgs stad,Andra kammaren,1937,1940,
2145,ersatt av: Åke Olofsson,s (från 1938),Malmöhus län,Andra kammaren,1937,1940,
2146,ersatt av:Andreas Nilsson i Norrlångträsk,fp (från 1939),Västerbottens län,Andra kammaren,1937,1940,
2147,Åke Holmbäck,fp,Uppsala län,Andra kammaren,1937,1940,
2148,Adolf Lindgren,f. 1864,Örebro län,Första kammaren,1937,1937,
2149,Albert Bergström,f. 1869,Östergötlands län med Norrköpings stad,Första kammaren,1937,1937,
2150,Albert Forslund,f. 1881,Stockholms län och Uppsala län,Första kammaren,1937,1937,
2151,Alexander Nilsson i Fredriksfält,f. 1876,Blekinge län och Kristianstads län,Första kammaren,1937,1937,
2152,Alfred Andersson i Bussjö,f. 1881,Malmöhus län,Första kammaren,1937,1937,
2153,Allan Holstensson,f. 1878,Jönköpings län,Första kammaren,1937,1937,
2154,Anders Andersson i Markaryd,f. 1871,Kronobergs och Hallands län,Första kammaren,1937,1937,
2155,Anders Johan Bärg,s,Södermanlands och Västmanlands län,Första kammaren,1937,1937,
2156,Anders Olof Frändén,f. 1866,Västernorrlands län och Jämtlands län,Första kammaren,1937,1937,
2157,Anders Sundvik,s,Kopparbergs län,Första kammaren,1937,1937,
2158,Anton Pettersson,f. 1879,Blekinge län och Kristianstads län,Första kammaren,1937,1937,
2159,Arthur Heiding,bf,Kalmar län och Gotlands län,Första kammaren,1937,1937,
2160,August Ernfors (tidigare Eriksson),f. 1864,Kopparbergs län,Första kammaren,1937,1937,
2161,August Wilhelm Rydberg,f. 1869,Stockholms län och Uppsala län,Första kammaren,1937,1937,
2162,Axel Leander,f. 1888,Malmöhus län,Första kammaren,1937,1937,
2163,Axel Löfvander,bf,Malmöhus län,Första kammaren,1937,1937,
2164,Axel Mannerskantz,h,Kalmar län och Gotlands län,Första kammaren,1937,1937,
2165,Axel Nylander,h,Älvsborgs län,Första kammaren,1937,1937,
2166,Axel Roos,f,Malmöhus län,Första kammaren,1937,1937,
2167,Bernhard Nilsson i Landeryd,h,Jönköpings län,Första kammaren,1937,1937,
2168,Bo von Stockenström,f,Södermanlands och Västmanlands län,Första kammaren,1937,1937,
2169,Carl Alger Härdin,f. 1887,Södermanlands och Västmanlands län,Första kammaren,1937,1937,
2170,Carl Bengtsson,h,Älvsborgs län,Första kammaren,1937,1937,
2171,Carl Dahlström,f. 1877,Södermanlands och Västmanlands län,Första kammaren,1937,1937,
2172,Carl Eriksson i Ljusdal,f. 1881,Gävleborgs län med Gävle stad,Första kammaren,1937,1937,
2173,Carl Forssell,h,Stockholms stad,Första kammaren,1937,1937,
2174,Carl Fredrik Carlström,f. 1882,Västerbottens län och Norrbottens län,Första kammaren,1937,1937,
2175,Carl Lindhagen,s,Västernorrlands län och Jämtlands län,Första kammaren,1937,1937,
2176,Carl Lindmark,f. 1880,Västerbottens län och Norrbottens län,Första kammaren,1937,1937,
2177,Carl Primus Wahlmark,f. 1883,Stockholms län och Uppsala län,Första kammaren,1937,1937,
2178,Carl-Axel Reuterskiöld,f. 1870,Stockholms län och Uppsala län,Första kammaren,1937,1937,
2179,Charles Lindley,s,Stockholms stad,Första kammaren,1937,1937,
2180,David Hansén,f,Västerbottens län och Norrbottens län,Första kammaren,1937,1937,
2181,David Norman,f. 1887,Södermanlands och Västmanlands län,Första kammaren,1937,1937,
2182,David Pettersson i Bjälbo,h,Östergötlands län med Norrköpings stad,Första kammaren,1937,1937,
2183,Edgar Sjödahl,s,Göteborgs stad,Första kammaren,1937,1937,
2184,Edvard Björnsson,f. 1878,Älvsborgs län,Första kammaren,1937,1937,
2185,Edwin Berling,f. 1881,Malmöhus län,Första kammaren,1937,1937,
2186,Eilif Sylwan,h,Malmöhus län,Första kammaren,1937,1937,
2187,Ejnar Lindbärg,s,Kopparbergs län,Första kammaren,1937,1937,
2188,Eliel Löfgren,f,Stockholms stad,Första kammaren,1937,1937,
2189,Elof Andersson i Fältenborg,f. 1873,Blekinge län och Kristianstads län,Första kammaren,1937,1937,
2190,Elof Hagberth,h,Malmöhus län,Första kammaren,1937,1937,
2191,Elon Andersson,f,Gävleborgs län med Gävle stad,Första kammaren,1937,1937,
2192,Emil Bjurström,f. 1874,Kopparbergs län,Första kammaren,1937,1937,
2193,Enar Berglund,f. 1888,Västernorrlands län och Jämtlands län,Första kammaren,1937,1937,
2194,Erik Anderson i Hägelåkra,f. 1870,Kalmar län och Gotlands län,Första kammaren,1937,1937,
2195,Erik von Heland,h,Södermanlands och Västmanlands län,Första kammaren,1937,1937,
2196,Ernst Klefbeck,s,Stockholms stad,Första kammaren,1937,1937,
2197,Ernst Svensson i Eskhult,f. 1880,Skaraborgs län,Första kammaren,1937,1937,
2198,Ernst Trygger,h,Stockholms stad,Första kammaren,1937,1937,
2199,Evert Jonsson,f. 1869,Västerbottens län och Norrbottens län,Första kammaren,1937,1937,
2200,Felix Hamrin,f,Jönköpings län,Första kammaren,1937,1937,
2201,Fredrik Ström,s,Stockholms stad,Första kammaren,1937,1937,
2202,Fritiof Gustafsson,h,Skaraborgs län,Första kammaren,1937,1937,
2203,Fritjof Ekman,s,Örebro län,Första kammaren,1937,1937,
2204,Georg Branting,s,Stockholms stad,Första kammaren,1937,1937,
2205,Gottfrid Karlsson,f. 1882,Östergötlands län med Norrköpings stad,Första kammaren,1937,1937,
2206,Gottfrid Karlsson i Gillberga,f. 1872,Örebro län,Första kammaren,1937,1937,
2207,Gunnar Myrdal,s,Kopparbergs län,Första kammaren,1937,1937,
2208,Gunnar Sanne,f. 1870,Göteborgs och Bohus län,Första kammaren,1937,1937,
2209,Gustaf Adolf Björkman,f. 1871,Östergötlands län med Norrköpings stad,Första kammaren,1937,1937,
2210,Gustaf Ehrnberg,f. 1867,Blekinge län och Kristianstads län,Första kammaren,1937,1937,
2211,Gustaf Heüman,s,Jönköpings län,Första kammaren,1937,1937,
2212,Gustaf Sederholm,h,Södermanlands och Västmanlands län,Första kammaren,1937,1937,
2213,Gustaf Strömberg,s,Värmlands län,Första kammaren,1937,1937,
2214,Gustaf Tamm,f. 1876,Södermanlands och Västmanlands län,Första kammaren,1937,1937,
2215,Gustav Björkman,h,Värmlands län,Första kammaren,1937,1937,
2216,Gustav Möller,s,Stockholms län och Uppsala län,Första kammaren,1937,1937,
2217,Gustav Velander,f. 1884,Västernorrlands län och Jämtlands län,Första kammaren,1937,1937,
2218,Gösta Rahmn,f. 1882,Göteborgs stad,Första kammaren,1937,1937,
2219,Hakon Sylvan,bf,Malmöhus län,Första kammaren,1937,1937,
2220,Harald Åkerberg,f. 1883,Örebro län,Första kammaren,1937,1937,
2221,Helge Bäcklund,f. 1880,Skaraborgs län,Första kammaren,1937,1937,
2222,Hemming Sten,s,Gävleborgs län med Gävle stad,Första kammaren,1937,1937,
2223,Herman Ericsson,s,Malmöhus län,Första kammaren,1937,1937,
2224,Hjalmar Hammarskjöld,h,Stockholms län och Uppsala län,Första kammaren,1937,1937,
2225,Israel Lagerfelt,h,Östergötlands län med Norrköpings stad,Första kammaren,1937,1937,
2226,Ivan Pauli,s,Jönköpings län,Första kammaren,1937,1937,
2227,Ivar Ekströmer,h,Kronobergs och Hallands län,Första kammaren,1937,1937,
2228,Ivar Englund,f. 1886,Kopparbergs län,Första kammaren,1937,1937,
2229,Jacob Hansson,f. 1878,Blekinge län och Kristianstads län,Första kammaren,1937,1937,
2230,Janne Walles,f. 1871,Västernorrlands län och Jämtlands län,Första kammaren,1937,1937,
2231,Johan Bergman,f,Värmlands län,Första kammaren,1937,1937,
2232,Johan Bernhard Johansson,h,Kronobergs och Hallands län,Första kammaren,1937,1937,
2233,Johan Johansson i Friggeråker,f. 1872,Älvsborgs län,Första kammaren,1937,1937,
2234,Johan Larsson i Örbyhus,f. 1877,Stockholms län och Uppsala län,Första kammaren,1937,1937,
2235,Johan Magnus Bäckström,f. 1876,Västerbottens län och Norrbottens län,Första kammaren,1937,1937,
2236,Johan Nilsson i Malmö,f. 1874,Malmöhus län,Första kammaren,1937,1937,
2237,Johan Nilsson i Skottlandshus,f. 1873,Blekinge län och Kristianstads län,Första kammaren,1937,1937,
2238,John Björck,f. 1881,Älvsborgs län,Första kammaren,1937,1937,
2239,John Gustavson,f. 1890,Göteborgs och Bohus län,Första kammaren,1937,1937,
2240,John Sandén,f. 1867,Värmlands län,Första kammaren,1937,1937,
2241,K.G. Westman,f. 1876,Östergötlands län med Norrköpings stad,Första kammaren,1937,1937,
2242,Karl Ivar Sköldén,f. 1880,Göteborgs och Bohus län,Första kammaren,1937,1937,
2243,Karl Johanson i Vännäs,f. 1881,Västerbottens län och Norrbottens län,Första kammaren,1937,1937,
2244,Karl Johansson,f. 1876,Skaraborgs län,Första kammaren,1937,1937,
2245,Karl Magnusson,s,Kalmar län och Gotlands län,Första kammaren,1937,1937,
2246,Karl Sandegård,f. 1880,Älvsborgs län,Första kammaren,1937,1937,
2247,Karl Schlyter,f. 1879,Värmlands län,Första kammaren,1937,1937,
2248,Karl Wilhelm Bodin,f. 1871,Värmlands län,Första kammaren,1937,1937,
2249,Karl Wistrand,h,Stockholms stad,Första kammaren,1937,1937,
2250,Knut Petersson,f. 1892,Göteborgs stad,Första kammaren,1937,1937,
2251,Lars Gunnar Bodin,f. 1872,Kalmar län och Gotlands län,Första kammaren,1937,1937,
2252,Leonard Hagström,f. 1881,Västernorrlands län och Jämtlands län,Första kammaren,1937,1937,
2253,Leonard Tjällgren,bf,Västernorrlands län och Jämtlands län,Första kammaren,1937,1937,
2254,Manne Asplund,f. 1872,Västerbottens län och Norrbottens län,Första kammaren,1937,1937,
2255,Martin Svensson i Kompersmåla,h,Kronobergs och Hallands län,Första kammaren,1937,1937,
2256,Mauritz Västberg,s,Västernorrlands län och Jämtlands län,Första kammaren,1937,1937,
2257,Nils Andersson i Östersund,f. 1891,Västernorrlands län och Jämtlands län,Första kammaren,1937,1937,
2258,Nils Gabrielsson,f. 1876,Västerbottens län och Norrbottens län,Första kammaren,1937,1937,
2259,Nils Holmström,f. 1884,Gävleborgs län med Gävle stad,Första kammaren,1937,1937,
2260,Nils Hörstadius,h,Älvsborgs län,Första kammaren,1937,1937,
2261,Nils Swartling,,Blekinge län och Kristianstads län,Första kammaren,1937,1937,
2262,Nils Wohlin,bf,Örebro län,Första kammaren,1937,1937,
2263,Olof Bergqvist,f. 1862,Västerbottens län och Norrbottens län,Första kammaren,1937,1937,
2264,Olof Carlsson,s,Stockholms stad,Första kammaren,1937,1937,
2265,Olof Olsson,s,Malmöhus län,Första kammaren,1937,1937,
2266,Oscar Danielsson,s,Stockholms län och Uppsala län,Första kammaren,1937,1937,
2267,Oscar Ericson i Oberga,f. 1866,Jönköpings län,Första kammaren,1937,1937,
2268,Oscar Olsson,f. 1877,Östergötlands län med Norrköpings stad,Första kammaren,1937,1937,
2269,Oskar Anshelm Nordborg,h,Göteborgs stad,Första kammaren,1937,1937,
2270,Oskar Hagman,s,Stockholms stad,Första kammaren,1937,1937,
2271,Otto Wangson,f. 1893,Göteborgs stad,Första kammaren,1937,1937,
2272,Per Andersson i Koldemo,f. 1876,Gävleborgs län med Gävle stad,Första kammaren,1937,1937,
2273,Per Granath,f. 1882,Gävleborgs län med Gävle stad,Första kammaren,1937,1937,
2274,Per Gustafsson i Benestad,f. 1880,Kronobergs och Hallands län,Första kammaren,1937,1937,
2275,Petrus Nilsson i Gränebo,f. 1881,Kalmar län och Gotlands län,Första kammaren,1937,1937,
2276,Pontus Sandström,f. 1875,Västerbottens län och Norrbottens län,Första kammaren,1937,1937,
2277,Rickard Lindström,s,Göteborgs stad,Första kammaren,1937,1937,
2278,Rickard Sandler,s,Gävleborgs län med Gävle stad,Första kammaren,1937,1937,
2279,Robert Berg,f. 1877,Blekinge län och Kristianstads län,Första kammaren,1937,1937,
2280,Ruben Wagnsson,s,Kalmar län och Gotlands län,Första kammaren,1937,1937,
2281,Rudolf Anderberg,s,Malmöhus län,Första kammaren,1937,1937,
2282,Sam Larsson,f. 1883,Västernorrlands län och Jämtlands län,Första kammaren,1937,1937,
2283,Sigfrid Hansson,f. 1884,Göteborgs och Bohus län,Första kammaren,1937,1937,
2284,Sten Stendahl,f. 1876,Stockholms stad,Första kammaren,1937,1937,
2285,Sven Larsson,f. 1883,Kronobergs och Hallands län,Första kammaren,1937,1937,
2286,Theodor Borell,h,Stockholms län och Uppsala län,Första kammaren,1937,1937,
2287,Theodor Nilsson,f. 1872,Göteborgs och Bohus län,Första kammaren,1937,1937,
2288,Torsten Ström,f. 1885,Skaraborgs län,Första kammaren,1937,1937,
2289,Ture Nerman,sp,Stockholms stad,Första kammaren,1937,1937,
2290,Tycho Colleen,h,Älvsborgs län,Första kammaren,1937,1937,
2291,Verner Andersson,f. 1887,Kronobergs och Hallands län,Första kammaren,1937,1937,
2292,Viktor Egnell,f. 1872,Skaraborgs län,Första kammaren,1937,1937,
2293,Viktor Larsson,s,Östergötlands län med Norrköpings stad,Första kammaren,1937,1937,
2294,Wilhelm Björck,s,Södermanlands och Västmanlands län,Första kammaren,1937,1937,
2295,Wilhelm Källman,s,Stockholms län och Uppsala län,Första kammaren,1937,1937,
2296,William Linder,s,Blekinge län och Kristianstads län,Första kammaren,1937,1937,
2297,Östen Undén,s,Värmlands län,Första kammaren,1937,1937,
2298,Abel Andersson,s,Jönköpings län,Andra kammaren,1941,1944,
2299,Abel Sundberg,s,Göteborgs stad,Andra kammaren,1941,1944,
2300,Adolf Wallentheim,s,Stockholms län,Andra kammaren,1941,1944,
2301,Adolv Olsson,s,Gävleborgs län,Andra kammaren,1941,1944,
2302,Alarik Hagård,h,Södra valkretsen,Andra kammaren,1941,1944,
2303,Albert Hermansson,s,Östergötlands län,Andra kammaren,1941,1944,
2304,Albert Larsson,h,Värmlands län,Andra kammaren,1941,1944,
2305,Alfred Andersson i Munka-Ljungby,s,Kristianstads län,Andra kammaren,1941,1944,
2306,Alfred Nilsson,fp,Malmöhus län,Andra kammaren,1941,1944,
2307,Algot Törnkvist,s,Blekinge län,Andra kammaren,1941,1944,
2308,Allan Andersson,s,Stockholms län,Andra kammaren,1941,1944,
2309,Allan Vougt,s,Fyrstadskretsen,Andra kammaren,1941,1944,
2310,Anders Andersson,f. 1878,Hallands län,Andra kammaren,1941,1944,
2311,Anders Hilding,fp,Gävleborgs län,Andra kammaren,1941,1944,
2312,Anders Paulsen,s,Malmöhus län,Andra kammaren,1941,1944,
2313,Anders Pettersson,bf,Hallands län,Andra kammaren,1941,1944,
2314,Andreas Nilsson i Norrlångträsk,f. 1883,Västerbottens län,Andra kammaren,1941,1944,
2315,Anna Lindqvist-Pettersson,s,Jämtlands län,Andra kammaren,1941,1944,
2316,Anton Björklund,s,Kristianstads län,Andra kammaren,1941,1944,
2317,Aron Gustafsson,bf,Skaraborgs län,Andra kammaren,1941,1944,
2318,Arthur Ryberg,bf,Södra valkretsen,Andra kammaren,1941,1944,
2319,Arthur Sköldin,s,Stockholms län,Andra kammaren,1941,1944,
2320,Arvid Hallberg,s,Kopparbergs län,Andra kammaren,1941,1944,
2321,Arvid Jonsson,bf,Kalmar län,Andra kammaren,1941,1944,
2322,Arvid Karlsson,h,Kristianstads län,Andra kammaren,1941,1944,
2323,August Danielsson,fp,Norra valkretsen,Andra kammaren,1941,1944,
2324,August Spångberg,s,Värmlands län,Andra kammaren,1941,1944,
2325,August Sävström,s,Gävleborgs län,Andra kammaren,1941,1944,
2326,Axel Fält,s,Skaraborgs län,Andra kammaren,1941,1944,
2327,Axel Hansson i Rubbestad,bf,Norra valkretsen,Andra kammaren,1941,1944,
2328,Axel Jansson,f. 1889,Örebro län,Andra kammaren,1941,1944,
2329,Axel Landgren,s,Malmöhus län,Andra kammaren,1941,1944,
2330,Axel Lindqvist,s,Hallands län,Andra kammaren,1941,1944,
2331,Axel Pehrsson-Bramstorp,bf,Malmöhus län,Andra kammaren,1941,1944,
2332,Bertil Andersson,s,Västmanlands län,Andra kammaren,1941,1944,
2333,Bertil von Friesen,fp,Göteborgs stad,Andra kammaren,1941,1944,
2334,Birger Andersson,f. 1909,Kalmar län,Andra kammaren,1941,1944,
2335,Birger Gezelius,h,Kopparbergs län,Andra kammaren,1941,1944,
2336,Björn Frithiofsson Holmgren,h,Blekinge län,Andra kammaren,1941,1944,
2337,Blenda Björck,s,Kristianstads län,Andra kammaren,1941,1944,
2338,Brynolf Stattin,h,Västernorrlands län,Andra kammaren,1941,1944,
2339,Carl Björling,fp,Värmlands län,Andra kammaren,1941,1944,
2340,Carl Hoppe,s,Östergötlands län,Andra kammaren,1941,1944,
2341,Carl Lindberg,s,Stockholms stad,Andra kammaren,1941,1944,
2342,Carl Olof Carlsson,bf,Bohuslän,Andra kammaren,1941,1944,
2343,Carl Petrus Olsson,s,Norra valkretsen,Andra kammaren,1941,1944,
2344,Conrad Jonsson,s,Södermanlands län,Andra kammaren,1941,1944,
2345,David Gustavson,s,Västmanlands län,Andra kammaren,1941,1944,
2346,David Larsson i Sätila,f. 1875,Södra valkretsen,Andra kammaren,1941,1944,
2347,Disa Västberg,s,Stockholms stad,Andra kammaren,1941,1944,
2348,Ebon Andersson,h,Stockholms stad,Andra kammaren,1941,1944,
2349,Ebon Andersson,s,Fyrstadskretsen,Andra kammaren,1941,1944,
2350,Edvard Thorell,h,Stockholms län,Andra kammaren,1941,1944,
2351,Edvin Gustafsson,s f. 1888,Jönköpings län,Andra kammaren,1941,1944,
2352,Einar Andersson,s,Södra valkretsen,Andra kammaren,1941,1944,
2353,Einar Johansson,s,Kalmar län,Andra kammaren,1941,1944,
2354,Einar Jonsson,s,Uppsala län,Andra kammaren,1941,1944,
2355,Einar Sjögren,f. 1887,Uppsala län,Andra kammaren,1941,1944,
2356,Elin Eriksson,s,Västmanlands län,Andra kammaren,1941,1944,
2357,Ellen Svedberg,s,Södermanlands län,Andra kammaren,1941,1944,
2358,Elof Ericsson,fp,Östergötlands län,Andra kammaren,1941,1944,
2359,Elof Hällgren,s,Blekinge län,Andra kammaren,1941,1944,
2360,Elof Lindberg,s,Västerbottens län,Andra kammaren,1941,1944,
2361,Elsa Johansson,s,Östergötlands län,Andra kammaren,1941,1944,
2362,Emanuel Birke,h,Stockholms län,Andra kammaren,1941,1944,
2363,Emil Andersson,s,Värmlands län,Andra kammaren,1941,1944,
2364,Emil Gustafson,bf,Kalmar län,Andra kammaren,1941,1944,
2365,Emil Olovson,s,Västmanlands län,Andra kammaren,1941,1944,
2366,Emil Petersson i Gäddvik,h,Norrbottens län,Andra kammaren,1941,1944,
2367,Eric Bladh,s,Fyrstadskretsen,Andra kammaren,1941,1944,
2368,Eric Hansson,f. 1880,Västerbottens län,Andra kammaren,1941,1944,
2369,Erik Brandt,s,Örebro län,Andra kammaren,1941,1944,
2370,Erik Fast,s,Jönköpings län,Andra kammaren,1941,1944,
2371,Erik Hagberg,h,Fyrstadskretsen,Andra kammaren,1941,1944,
2372,Erik Johansson,s,Bohuslän,Andra kammaren,1941,1944,
2373,Erik Larsson,f. 1898,Norra valkretsen,Andra kammaren,1941,1944,
2374,Erik Lundbom,s,Södermanlands län,Andra kammaren,1941,1944,
2375,Erik Norén,s,Västernorrlands län,Andra kammaren,1941,1944,
2376,Erik Nylander,h,Stockholms stad,Andra kammaren,1941,1944,
2377,Erik Olson,h,Göteborgs stad,Andra kammaren,1941,1944,
2378,Ernst Berg,s,Västernorrlands län,Andra kammaren,1941,1944,
2379,Ernst Eriksson,s,Stockholms stad,Andra kammaren,1941,1944,
2380,Ernst Hage,s,Norrbottens län,Andra kammaren,1941,1944,
2381,Ernst Staxäng (före 1939 Olsson),h,Bohuslän,Andra kammaren,1941,1944,
2382,Ernst Wigforss,s,Göteborgs stad,Andra kammaren,1941,1944,
2383,Ernst Åqvist,f. 1875,Örebro län,Andra kammaren,1941,1944,
2384,Eskil Eriksson,s,Stockholms län,Andra kammaren,1941,1944,
2385,Evald Ericsson,s,Kopparbergs län,Andra kammaren,1941,1944,
2386,Evert Sandberg,fp,Västerbottens län,Andra kammaren,1941,1944,
2387,Ewald Lindmark,f. 1885,Västerbottens län,Andra kammaren,1941,1944,
2388,Folke Kyling,h,Skaraborgs län,Andra kammaren,1941,1944,
2389,Frans Severin,s,Stockholms stad,Andra kammaren,1941,1944,
2390,Fredrik Sundström,s,Kopparbergs län,Andra kammaren,1941,1944,
2391,Fridolf Thapper,s,Östergötlands län,Andra kammaren,1941,1944,
2392,Fritz Persson,s,Kronobergs län,Andra kammaren,1941,1944,
2393,Gerard de Geer,fp,Värmlands län,Andra kammaren,1941,1944,
2394,Gerhard Strindlund,bf,Västernorrlands län,Andra kammaren,1941,1944,
2395,Gillis Olsson i Kullenbergstorp,bf,Malmöhus län,Andra kammaren,1941,1944,
2396,Gunnar Persson i Falla,h,Örebro län,Andra kammaren,1941,1944,
2397,Gustaf Andersson,s,Södermanlands län,Andra kammaren,1941,1944,
2398,Gustaf Andersson,fp,Kopparbergs län,Andra kammaren,1941,1944,
2399,Gustaf Arnemark,f. 1888,Stockholms stad,Andra kammaren,1941,1944,
2400,Gustaf Karlsson,f. 1889 (gick till första kammaren 1941),Bohuslän,Andra kammaren,1941,1944,
2401,Gustaf Larsson,s,Södermanlands län,Andra kammaren,1941,1944,
2402,Gustaf Nilsson,s,Värmlands län,Andra kammaren,1941,1944,
2403,Gustaf Pettersson (från 1945 Hellbacken),s,Kopparbergs län,Andra kammaren,1941,1944,
2404,Gustaf Rosander,s,Kronobergs län,Andra kammaren,1941,1944,
2405,Gustaf Svedman,h,Gotlands län,Andra kammaren,1941,1944,
2406,Gustav Andersson i Löbbo,bf (till 1942),Jönköpings län,Andra kammaren,1941,1944,
2407,Gustav Hallagård (tidigare Johanson),bf,Skaraborgs län,Andra kammaren,1941,1944,
2408,Gustav Holm,s,Kalmar län,Andra kammaren,1941,1944,
2409,Gustav Mosesson,fp,Stockholms län,Andra kammaren,1941,1944,
2410,Gustav Nilsson,h,Hallands län,Andra kammaren,1941,1944,
2411,Göran Pettersson,s,Örebro län,Andra kammaren,1941,1944,
2412,Gösta Andersson,s,Bohuslän,Andra kammaren,1941,1944,
2413,Gösta Bagge,h,Stockholms stad,Andra kammaren,1941,1944,
2414,Gösta Liedberg,h,Malmöhus län,Andra kammaren,1941,1944,
2415,Gösta Skoglund,s,Västerbottens län,Andra kammaren,1941,1944,
2416,Göta Rosén,s (till 1942),Örebro län,Andra kammaren,1941,1944,
2417,Hans Levin,s,Malmöhus län,Andra kammaren,1941,1944,
2418,Harald Hallén,s,Värmlands län,Andra kammaren,1941,1944,
2419,Helmer Molander,s,Västernorrlands län,Andra kammaren,1941,1944,
2420,Herman Nordström,s,Värmlands län,Andra kammaren,1941,1944,
2421,Hilding Hagberg,k,Norrbottens län,Andra kammaren,1941,1944,
2422,Hildur Alvén,s,Kopparbergs län,Andra kammaren,1941,1944,
2423,Hildur Humla,s,Värmlands län,Andra kammaren,1941,1944,
2424,Hildur Nygren,s,Gävleborgs län,Andra kammaren,1941,1944,
2425,Hjalmar Gustafson,s,Kronobergs län,Andra kammaren,1941,1944,
2426,Hjalmar Nilson,bf,Hallands län,Andra kammaren,1941,1944,
2427,Hjalmar Svensson,bf,Kronobergs län,Andra kammaren,1941,1944,
2428,Hugo Witzell,s,Blekinge län,Andra kammaren,1941,1944,
2429,Hulda Skoglund-Lindblom,s,Västernorrlands län,Andra kammaren,1941,1944,
2430,Ivar Jansson,s,Norrbottens län,Andra kammaren,1941,1944,
2431,Ivar Pettersson,bf,Örebro län,Andra kammaren,1941,1944,
2432,Ivar Sefve,h,Göteborgs stad,Andra kammaren,1941,1944,
2433,Ivar Österström,f. 1887,Västernorrlands län,Andra kammaren,1941,1944,
2434,James Dickson,h,Norra valkretsen,Andra kammaren,1941,1944,
2435,Johan Nilson,fp,Södermanlands län,Andra kammaren,1941,1944,
2436,Johan Persson,s,Skaraborgs län,Andra kammaren,1941,1944,
2437,John Andersson,f. 1894,Västernorrlands län,Andra kammaren,1941,1944,
2438,John Bergvall,f. 1892,Stockholms stad,Andra kammaren,1941,1944,
2439,John Ericsson i Kinna,s,Södra valkretsen,Andra kammaren,1941,1944,
2440,John Lundberg,s,Uppsala län,Andra kammaren,1941,1944,
2441,John Pettersson,bf,Jönköpings län,Andra kammaren,1941,1944,
2442,Jon Jonsson i Fjäle,f. 1892,Gävleborgs län,Andra kammaren,1941,1944,
2443,Jonas Eriksson,h,Gävleborgs län,Andra kammaren,1941,1944,
2444,Jones Erik Andersson,bf,Kopparbergs län,Andra kammaren,1941,1944,
2445,Karl Allan Westman,bf,Östergötlands län,Andra kammaren,1941,1944,
2446,Karl Bergström,s,Fyrstadskretsen,Andra kammaren,1941,1944,
2447,Karl Emil Hansson,bf,Uppsala län,Andra kammaren,1941,1944,
2448,Karl Evald Magnusson i Näsviken,s,Gävleborgs län,Andra kammaren,1941,1944,
2449,Karl Falk,s,Östergötlands län,Andra kammaren,1941,1944,
2450,Karl Kilbom,s,Stockholms stad,Andra kammaren,1941,1944,
2451,Karl Magnusson,h,Skaraborgs län,Andra kammaren,1941,1944,
2452,Karl Mäler,s,Västernorrlands län,Andra kammaren,1941,1944,
2453,Karl Nilsson,s,Fyrstadskretsen,Andra kammaren,1941,1944,
2454,Karl Söderdahl,s,Gotlands län,Andra kammaren,1941,1944,
2455,Karl Viklund,s,Norrbottens län,Andra kammaren,1941,1944,
2456,Karl Ward,s,Östergötlands län,Andra kammaren,1941,1944,
2457,Kerstin Hesselgren,fp,Stockholms stad,Andra kammaren,1941,1944,
2458,Knut Senander,k,Göteborgs stad,Andra kammaren,1941,1944,
2459,Lars Andersson,bf,Norrbottens län,Andra kammaren,1941,1944,
2460,Lars Jonsson,s,Västernorrlands län,Andra kammaren,1941,1944,
2461,Lars Lindahl,s,Örebro län,Andra kammaren,1941,1944,
2462,Lars Lindén,f. 1898,Kalmar län,Andra kammaren,1941,1944,
2463,Martin Andersson i Igelboda,s,Stockholms län,Andra kammaren,1941,1944,
2464,Martin Forsberg,s,Jönköpings län,Andra kammaren,1941,1944,
2465,Martin Ljungberg,h,Östergötlands län,Andra kammaren,1941,1944,
2466,Martin Skoglund,h,Östergötlands län,Andra kammaren,1941,1944,
2467,Märta Öberg,s,Göteborgs stad,Andra kammaren,1941,1944,
2468,Nestor Hammarlund,bf,Kristianstads län,Andra kammaren,1941,1944,
2469,Nils Larsson i Östersund,s,Jämtlands län,Andra kammaren,1941,1944,
2470,Ola Isacsson,s,Kristianstads län,Andra kammaren,1941,1944,
2471,Olivia Nordgren,s,Malmöhus län,Andra kammaren,1941,1944,
2472,Olof Andersson i Malmö,s,Fyrstadskretsen,Andra kammaren,1941,1944,
2473,Olof Gavelin,s,Norrbottens län,Andra kammaren,1941,1944,
2474,Olof Nilsson i Göteborg,f. 1896,Göteborgs stad,Andra kammaren,1941,1944,
2475,Oscar Carlström,fp,Jönköpings län,Andra kammaren,1941,1944,
2476,Oscar Dahlbäck,f. 1886,Jönköpings län,Andra kammaren,1941,1944,
2477,Oscar Lövgren,s,Norrbottens län,Andra kammaren,1941,1944,
2478,Oscar Malmborg,fp,Skaraborgs län,Andra kammaren,1941,1944,
2479,Oscar Nolin,h,Kronobergs län,Andra kammaren,1941,1944,
2480,Oscar Werner,bf,Värmlands län,Andra kammaren,1941,1944,
2481,Otto Holmdahl,f. 1881,Stockholms stad,Andra kammaren,1941,1944,
2482,Otto Wallén,bf,Stockholms län,Andra kammaren,1941,1944,
2483,Patrik Svensson,s,Norra valkretsen,Andra kammaren,1941,1944,
2484,Per Albin Hansson,s,Stockholms stad,Andra kammaren,1941,1944,
2485,Per Edvin Sköld,s,Malmöhus län,Andra kammaren,1941,1944,
2486,Per Johnsson,fp,Blekinge län,Andra kammaren,1941,1944,
2487,Per Persson i Norrby,bf,Gävleborgs län,Andra kammaren,1941,1944,
2488,Per Persson i Undersvik,s,Gävleborgs län,Andra kammaren,1941,1944,
2489,Ragnar Barnekow,fp,Kristianstads län,Andra kammaren,1941,1944,
2490,Rikard Westerdahl,h,Västmanlands län,Andra kammaren,1941,1944,
2491,Rolf Edberg,s,Östergötlands län,Andra kammaren,1941,1944,
2492,Ruth Gustafson,s,Stockholms stad,Andra kammaren,1941,1944,
2493,Sam Norup,bf,Kristianstads län,Andra kammaren,1941,1944,
2494,Samuel Hedlund,h,Jämtlands län,Andra kammaren,1941,1944,
2495,Set Persson,k,Stockholms stad,Andra kammaren,1941,1944,
2496,Seth Molander,s,Stockholms stad,Andra kammaren,1941,1944,
2497,Sigfrid Jonsson,s,Jämtlands län,Andra kammaren,1941,1944,
2498,Signe Linderoth-Andersson,s,Skaraborgs län,Andra kammaren,1941,1944,
2499,Sigrid Ekendahl,s,Stockholms stad,Andra kammaren,1941,1944,
2500,Sigurd Lindholm,s,Gävleborgs län,Andra kammaren,1941,1944,
2501,Sigvard Cruse,s,Stockholms stad,Andra kammaren,1941,1944,
2502,Sigvard Ohlsson,s,Kalmar län,Andra kammaren,1941,1944,
2503,Stig Janson,h,Södermanlands län,Andra kammaren,1941,1944,
2504,Sven Andersson,s,Göteborgs stad,Andra kammaren,1941,1944,
2505,Sven Andersson i Vigelsbo,bf,Västmanlands län,Andra kammaren,1941,1944,
2506,Sven Hedqvist,s k,Stockholms län,Andra kammaren,1941,1944,
2507,Sven Lundberg,f. 1889,Fyrstadskretsen,Andra kammaren,1941,1944,
2508,Sven Lundgren,s,Göteborgs stad,Andra kammaren,1941,1944,
2509,Tage Erlander,s,Fyrstadskretsen,Andra kammaren,1941,1944,
2510,Theodor Gardell,bf,Gotlands län,Andra kammaren,1941,1944,
2511,Thorvald Ekdahl,s,Kristianstads län,Andra kammaren,1941,1944,
2512,Thorwald Bergquist,fp (1941–1942),Stockholms stad,Andra kammaren,1941,1944,
2513,Torgil von Seth,h,Jönköpings län,Andra kammaren,1941,1944,
2514,Torsten Henriksson,h,Stockholms stad,Andra kammaren,1941,1944,
2515,Torsten Nilsson,s,Stockholms stad,Andra kammaren,1941,1944,
2516,Torsten Waldemar Lundell,f. 1889,Kalmar län,Andra kammaren,1941,1944,
2517,Uddo Jacobson,s,Västerbottens län,Andra kammaren,1941,1944,
2518,Verner Hedlund,s,Jämtlands län,Andra kammaren,1941,1944,
2519,Verner Karlsson,s,Kopparbergs län,Andra kammaren,1941,1944,
2520,Victor Mattsson,bf,Kronobergs län,Andra kammaren,1941,1944,
2521,Vilhelm Lundstedt,s,Uppsala län,Andra kammaren,1941,1944,
2522,Waldemar Svensson,fp,Bohuslän,Andra kammaren,1941,1944,
2523,Walter Sundström,s,Skaraborgs län,Andra kammaren,1941,1944,
2524,Wiktor Mårtensson,s,Bohuslän,Andra kammaren,1941,1944,
2525,ersatt av: Hanna Rydh (1943–1944),ersatt av: Hanna Rydh (1943–1944),Stockholms stad,Andra kammaren,1941,1944,
2526,Åke Wiberg,h,Fyrstadskretsen,Andra kammaren,1941,1944,
2527,Albert Andersson,f. 1878,Stockholms län och Uppsala län,Första kammaren,1941,1941,
2528,Albert Forslund,f. 1881,Stockholms län och Uppsala län,Första kammaren,1941,1941,
2529,Alfred Andersson i Bussjö,f. 1881,Malmöhus län,Första kammaren,1941,1941,
2530,Allan Holstensson,f. 1878,Jönköpings län,Första kammaren,1941,1941,
2531,Anders Andersson i Markaryd,f. 1871,Kronobergs och Hallands län,Första kammaren,1941,1941,
2532,Anders Aronsson,f. 1885,Stockholms län och Uppsala län,Första kammaren,1941,1941,
2533,Anders Johan Bärg,s,Södermanlands och Västmanlands län,Första kammaren,1941,1941,
2534,Anders Sundvik,s,Kopparbergs län,Första kammaren,1941,1941,
2535,Anselm Gillström,s,Västernorrlands län och Jämtlands län,Första kammaren,1941,1941,
2536,Anton Svensson,bf,Jönköpings län,Första kammaren,1941,1941,
2537,Arthur Engberg,s,Västernorrlands län och Jämtlands län,Första kammaren,1941,1941,
2538,Arthur Heiding,bf,Kalmar län och Gotlands län,Första kammaren,1941,1941,
2539,Arvid De Geer,bf,Blekinge län och Kristianstads län,Första kammaren,1941,1941,
2540,Axel Leander,f. 1888,Malmöhus län,Första kammaren,1941,1941,
2541,Axel Löfvander,bf,Malmöhus län,Första kammaren,1941,1941,
2542,Axel Mannerskantz,h,Kalmar län och Gotlands län,Första kammaren,1941,1941,
2543,Axel Roos,f,Malmöhus län,Första kammaren,1941,1941,
2544,Axel Strand,s,Stockholms stad,Första kammaren,1941,1941,
2545,Bengt Elmgren,s,Östergötlands län med Norrköpings stad,Första kammaren,1941,1941,
2546,Bernhard Nilsson i Landeryd,h,Jönköpings län,Första kammaren,1941,1941,
2547,Bertil Ohlin,f,Stockholms stad,Första kammaren,1941,1941,
2548,Bo von Stockenström,f,Södermanlands och Västmanlands län,Första kammaren,1941,1941,
2549,Bror Nilsson,bf,Älvsborgs län,Första kammaren,1941,1941,
2550,Carl Alger Härdin,f. 1887,Södermanlands och Västmanlands län,Första kammaren,1941,1941,
2551,Carl Beck-Friis,h,Stockholms län och Uppsala län,Första kammaren,1941,1941,
2552,Carl Bengtsson,h,Älvsborgs län,Första kammaren,1941,1941,
2553,Carl Dahlström,f. 1877,Södermanlands och Västmanlands län,Första kammaren,1941,1941,
2554,Carl Eriksson i Ljusdal,f. 1881,Gävleborgs län,Första kammaren,1941,1941,
2555,Carl Fredrik Carlström,f. 1882,Västerbottens län och Norrbottens län,Första kammaren,1941,1941,
2556,Carl Primus Wahlmark,f. 1883,Stockholms län och Uppsala län,Första kammaren,1941,1941,
2557,Carl Sundberg,h,Kalmar län och Gotlands län,Första kammaren,1941,1941,
2558,David Norman,f. 1887,Södermanlands och Västmanlands län,Första kammaren,1941,1941,
2559,Edgar Sjödahl,s,Göteborgs stad,Första kammaren,1941,1941,
2560,Edvard Björnsson,f. 1878,Älvsborgs län,Första kammaren,1941,1941,
2561,Edwin Berling,f. 1881,Malmöhus län,Första kammaren,1941,1941,
2562,Eilif Sylwan,h,Malmöhus län,Första kammaren,1941,1941,
2563,Einar Thulin,s,Östergötlands län med Norrköpings stad,Första kammaren,1941,1941,
2564,Ejnar Lindbärg,s,Kopparbergs län,Första kammaren,1941,1941,
2565,Elon Andersson,f,Gävleborgs län,Första kammaren,1941,1941,
2566,Emil Andersson,f. 1877,Göteborgs och Bohus län,Första kammaren,1941,1941,
2567,Emil Näsström,s,Västernorrlands län och Jämtlands län,Första kammaren,1941,1941,
2568,Emil Petersson,fp,Blekinge län och Kristianstads län,Första kammaren,1941,1941,
2569,Erik Brandt,s,Kopparbergs län,Första kammaren,1941,1941,
2570,Erik Lindblom,fp,Kopparbergs län,Första kammaren,1941,1941,
2571,Erik von Heland,bf,Södermanlands och Västmanlands län,Första kammaren,1941,1941,
2572,Ernst Eskhult (tidigare Svensson),f. 1880,Skaraborgs län,Första kammaren,1941,1941,
2573,Eskil Albertsson,f,Jönköpings län,Första kammaren,1941,1941,
2574,Frans Ericson,s,Östergötlands län med Norrköpings stad,Första kammaren,1941,1941,
2575,Fredrik Ström,s,Stockholms stad,Första kammaren,1941,1941,
2576,Fritiof Gustafsson,h,Skaraborgs län,Första kammaren,1941,1941,
2577,Fritjof Ekman,s,Örebro län,Första kammaren,1941,1941,
2578,Georg Andrén,h,Älvsborgs län,Första kammaren,1941,1941,
2579,Georg Branting,s,Stockholms stad,Första kammaren,1941,1941,
2580,Gottfrid Karlsson,f. 1882,Östergötlands län med Norrköpings stad,Första kammaren,1941,1941,
2581,Gottfrid Karlsson i Gillberga,f. 1872,Örebro län,Första kammaren,1941,1941,
2582,Gustaf Elofsson,bf,Blekinge län och Kristianstads län,Första kammaren,1941,1941,
2583,Gustaf Heüman,s,Jönköpings län,Första kammaren,1941,1941,
2584,Gustaf Strömberg,s,Värmlands län,Första kammaren,1941,1941,
2585,Gustaf Tamm,f. 1876,Södermanlands och Västmanlands län,Första kammaren,1941,1941,
2586,Gustaf Velander,f. 1884,Västernorrlands län och Jämtlands län,Första kammaren,1941,1941,
2587,Gustav Björkman,h,Värmlands län,Första kammaren,1941,1941,
2588,Gustav Möller,s,Stockholms län och Uppsala län,Första kammaren,1941,1941,
2589,Harald Nordenson,h,Stockholms stad,Första kammaren,1941,1941,
2590,Harald Åkerberg,f. 1883,Örebro län,Första kammaren,1941,1941,
2591,Helge Bäcklund,f. 1880,Skaraborgs län,Första kammaren,1941,1941,
2592,Hemming Sten,s,Gävleborgs län,Första kammaren,1941,1941,
2593,Herman Ericsson,s,Malmöhus län,Första kammaren,1941,1941,
2594,Israel Lagerfelt,h,Östergötlands län med Norrköpings stad,Första kammaren,1941,1941,
2595,Ivan Pauli,s,Jönköpings län,Första kammaren,1941,1941,
2596,Ivar Anderson,h,Östergötlands län med Norrköpings stad,Första kammaren,1941,1941,
2597,Ivar Ekströmer,h,Kronobergs och Hallands län,Första kammaren,1941,1941,
2598,Ivar Persson,bf,Malmöhus län,Första kammaren,1941,1941,
2599,Iwar Anderson,s,Södermanlands och Västmanlands län,Första kammaren,1941,1941,
2600,Jacob Hansson,f. 1878,Blekinge län och Kristianstads län,Första kammaren,1941,1941,
2601,Johan Bergman,f,Värmlands län,Första kammaren,1941,1941,
2602,Johan Bernhard Johansson,h,Kronobergs och Hallands län,Första kammaren,1941,1941,
2603,Johan Friggeråker (tidigare Johansson),f. 1872,Älvsborgs län,Första kammaren,1941,1941,
2604,Johan Magnus Bäckström,f. 1876,Västerbottens län och Norrbottens län,Första kammaren,1941,1941,
2605,Johan Nilsson i Malmö,f. 1874,Malmöhus län,Första kammaren,1941,1941,
2606,Johan Nilsson i Skottlandshus,f. 1873,Blekinge län och Kristianstads län,Första kammaren,1941,1941,
2607,Johannes Pettersson,f. 1882,Värmlands län,Första kammaren,1941,1941,
2608,John Björck,f. 1881,Älvsborgs län,Första kammaren,1941,1941,
2609,John Gustavson,f. 1890,Göteborgs och Bohus län,Första kammaren,1941,1941,
2610,John Sandén,redaktör,Värmlands län,Första kammaren,1941,1941,
2611,K.G. Westman,f. 1876,Östergötlands län med Norrköpings stad,Första kammaren,1941,1941,
2612,K.J. Olsson,s,Älvsborgs län,Första kammaren,1941,1941,
2613,Karl Andersson i Rixö,f. 1889,Göteborgs och Bohus län,Första kammaren,1941,1941,
2614,Karl Emil Johansson,f. 1876,Skaraborgs län,Första kammaren,1941,1941,
2615,Karl Gustaf Sandström,h,Stockholms stad,Första kammaren,1941,1941,
2616,Karl Ivar Sköldén,f. 1880,Göteborgs och Bohus län,Första kammaren,1941,1941,
2617,Karl Johanson i Vännäs,f. 1881,Västerbottens län och Norrbottens län,Första kammaren,1941,1941,
2618,Karl Karlsson i Stockholm,f. 1886,Stockholms stad,Första kammaren,1941,1941,
2619,Karl Magnusson,s,Kalmar län och Gotlands län,Första kammaren,1941,1941,
2620,Karl Sandegård,f. 1880,Älvsborgs län,Första kammaren,1941,1941,
2621,Karl Schlyter,s,Värmlands län,Första kammaren,1941,1941,
2622,Karl Wilhelm Bodin,h,Värmlands län,Första kammaren,1941,1941,
2623,Karl Wistrand,h,Stockholms stad,Första kammaren,1941,1941,
2624,Knut Ewerlöf,h,Stockholms stad,Första kammaren,1941,1941,
2625,Knut Petersson,f. 1892,Göteborgs stad,Första kammaren,1941,1941,
2626,Lage Svedberg,s,Västerbottens län och Norrbottens län,Första kammaren,1941,1941,
2627,Lars Gunnar Bodin,f. 1872,Kalmar län och Gotlands län,Första kammaren,1941,1941,
2628,Laur Franzon,s,Stockholms län och Uppsala län,Första kammaren,1941,1941,
2629,Lennart Bondeson,h,Malmöhus län,Första kammaren,1941,1941,
2630,Leonard Tjällgren,bf,Västernorrlands län och Jämtlands län,Första kammaren,1941,1941,
2631,Manne Asplund,f. 1872,Västerbottens län och Norrbottens län,Första kammaren,1941,1941,
2632,Martin Sandorf,f. 1880,Göteborgs stad,Första kammaren,1941,1941,
2633,Martin Svensson i Kompersmåla,h,Kronobergs och Hallands län,Första kammaren,1941,1941,
2634,Natanael Gärde,f,Stockholms stad,Första kammaren,1941,1941,
2635,Nils Elowsson,s,Blekinge län och Kristianstads län,Första kammaren,1941,1941,
2636,Nils Gabrielsson,f. 1876,Västerbottens län och Norrbottens län,Första kammaren,1941,1941,
2637,Nils Herlitz,h,Stockholms län och Uppsala län,Första kammaren,1941,1941,
2638,Nils Holmström,f. 1884,Gävleborgs län,Första kammaren,1941,1941,
2639,Nils Olsson i Rödningsberg,f. 1873,Västernorrlands län och Jämtlands län,Första kammaren,1941,1941,
2640,Nils Wohlin,bf,Örebro län,Första kammaren,1941,1941,
2641,Olof Berntson,s,Västernorrlands län och Jämtlands län,Första kammaren,1941,1941,
2642,Olof Carlsson,s,Stockholms stad,Första kammaren,1941,1941,
2643,Oscar Olsson,f. 1877,Östergötlands län med Norrköpings stad,Första kammaren,1941,1941,
2644,Oskar Anshelm Nordborg,f. 1875,Göteborgs stad,Första kammaren,1941,1941,
2645,Oskar Hagman,s,Stockholms stad,Första kammaren,1941,1941,
2646,Per Andersson i Koldemo,f. 1876,Gävleborgs län,Första kammaren,1941,1941,
2647,Per Granath,f. 1882,Gävleborgs län,Första kammaren,1941,1941,
2648,Per Gustafsson i Benestad,f. 1880,Kronobergs och Hallands län,Första kammaren,1941,1941,
2649,Per Näslund,f,Västerbottens län och Norrbottens län,Första kammaren,1941,1941,
2650,Petrus Nilsson i Gränebo,f. 1881,Kalmar län och Gotlands län,Första kammaren,1941,1941,
2651,Rickard Lindström,s,Göteborgs stad,Första kammaren,1941,1941,
2652,Rickard Sandler,s,Gävleborgs län,Första kammaren,1941,1941,
2653,Robert Berg,f. 1877,Blekinge län och Kristianstads län,Första kammaren,1941,1941,
2654,Robert von Horn,f. 1879,Örebro län,Första kammaren,1941,1941,
2655,Ruben Wagnsson,s,Kalmar län och Gotlands län,Första kammaren,1941,1941,
2656,Rudolf Anderberg,s,Malmöhus län,Första kammaren,1941,1941,
2657,Sam Larsson,f. 1883,Västernorrlands län och Jämtlands län,Första kammaren,1941,1941,
2658,Sigfrid Linnér,h,Stockholms län och Uppsala län,Första kammaren,1941,1941,
2659,Sven Boman,s,Kopparbergs län,Första kammaren,1941,1941,
2660,Sven Edin,s,Västernorrlands län och Jämtlands län,Första kammaren,1941,1941,
2661,Sven Hansson i Svartbyn,s,Västerbottens län och Norrbottens län,Första kammaren,1941,1941,
2662,Sven Larsson,f. 1883,Kronobergs och Hallands län,Första kammaren,1941,1941,
2663,Sven Linderot,k,Västerbottens län och Norrbottens län,Första kammaren,1941,1941,
2664,Theodor Magnusson,f. 1887,Göteborgs stad,Första kammaren,1941,1941,
2665,Theodor Nilsson,f. 1872,Göteborgs och Bohus län,Första kammaren,1941,1941,
2666,Torsten Caap,h,Västerbottens län och Norrbottens län,Första kammaren,1941,1941,
2667,Torsten Ström,f. 1885,Skaraborgs län,Första kammaren,1941,1941,
2668,Verner Andersson,f. 1887,Kronobergs och Hallands län,Första kammaren,1941,1941,
2669,Verner Söderkvist,s,Västernorrlands län och Jämtlands län,Första kammaren,1941,1941,
2670,Viktor Egnell,f. 1872,Skaraborgs län,Första kammaren,1941,1941,
2671,Viktor Larsson,s,Södermanlands och Västmanlands län,Första kammaren,1941,1941,
2672,Viktor Thörnberg,f. 1879,Blekinge län och Kristianstads län,Första kammaren,1941,1941,
2673,Wilhelm Källman,s,Stockholms län och Uppsala län,Första kammaren,1941,1941,
2674,William Linder,s,Blekinge län och Kristianstads län,Första kammaren,1941,1941,
2675,William Nisser,h,Kopparbergs län,Första kammaren,1941,1941,
2676,Östen Undén,s,Värmlands län,Första kammaren,1941,1941,
2677,Abel Andersson,s,Jönköpings län,Andra kammaren,1945,1948,
2678,Abel Sundberg,s,Göteborgs stad,Andra kammaren,1945,1948,
2679,Adolv Olsson,s,Gävleborgs län,Andra kammaren,1945,1948,
2680,Alarik Hagård,h,Älvsborgs läns södra,Andra kammaren,1945,1948,
2681,Albert Hermansson,s,Östergötlands län,Andra kammaren,1945,1948,
2682,Albert Larsson,h,Värmlands län,Andra kammaren,1945,1948,
2683,Alfred Andersson i Munka-Ljungby,s,Kristianstads län,Andra kammaren,1945,1948,
2684,Algot Törnkvist,s,Blekinge län,Andra kammaren,1945,1948,
2685,Allan Andersson,s,Stockholms län,Andra kammaren,1945,1948,
2686,Allan Vougt,s,Fyrstadskretsen,Andra kammaren,1945,1948,
2687,Anders Paulsen,s,Malmöhus län,Andra kammaren,1945,1948,
2688,Anders Pettersson,bf,Hallands län,Andra kammaren,1945,1948,
2689,Anders Stjärne,fp,Östergötlands län,Andra kammaren,1945,1948,
2690,Andreas Andersson,h,Jämtlands län,Andra kammaren,1945,1948,
2691,Annie Wallentheim,s,Stockholms län,Andra kammaren,1945,1948,
2692,Anton Björklund,s,Kristianstads län,Andra kammaren,1945,1948,
2693,Anton Bränholm,fp (1948),Värmlands län,Andra kammaren,1945,1948,
2694,Aron Gustafsson,bf,Skaraborgs län,Andra kammaren,1945,1948,
2695,Arthur Sköldin,s,Stockholms län,Andra kammaren,1945,1948,
2696,Artur Lundqvist,s,Älvsborgs läns norra,Andra kammaren,1945,1948,
2697,Arvid Hallberg,s (1947–1948),Kopparbergs län,Andra kammaren,1945,1948,
2698,Arvid Jonsson,bf,Kalmar län,Andra kammaren,1945,1948,
2699,Arvid Karlsson,h,Kristianstads län,Andra kammaren,1945,1948,
2700,August Danielsson,fp (1945–1946),Älvsborgs läns norra,Andra kammaren,1945,1948,
2701,August Spångberg,s,Värmlands län,Andra kammaren,1945,1948,
2702,August Sävström,s,Gävleborgs län,Andra kammaren,1945,1948,
2703,Axel Landgren,s,Malmöhus län,Andra kammaren,1945,1948,
2704,Axel Lindqvist,s,Hallands län,Andra kammaren,1945,1948,
2705,Axel Nordström,k,Västernorrlands län,Andra kammaren,1945,1948,
2706,Axel Pehrsson-Bramstorp,bf,Malmöhus län,Andra kammaren,1945,1948,
2707,Axel Rubbestad,bf,Älvsborgs läns norra,Andra kammaren,1945,1948,
2708,Bertil Andersson,s,Västmanlands län,Andra kammaren,1945,1948,
2709,Bertil Ohlin,fp,Stockholms stad,Andra kammaren,1945,1948,
2710,Bertil von Friesen,fp,Göteborgs stad,Andra kammaren,1945,1948,
2711,Birger Gezelius,h,Kopparbergs län,Andra kammaren,1945,1948,
2712,Birger Utbult,fp,Göteborgs och Bohus län,Andra kammaren,1945,1948,
2713,Blenda Björck,s,Kristianstads län,Andra kammaren,1945,1948,
2714,Brynolf Stattin,h,Västernorrlands län,Andra kammaren,1945,1948,
2715,Carl Björling,fp,Värmlands län,Andra kammaren,1945,1948,
2716,Carl Hoppe,s,Östergötlands län,Andra kammaren,1945,1948,
2717,Carl Lindberg,s,Stockholms stad,Andra kammaren,1945,1948,
2718,Carl Lindmark,h (till 1947),Västerbottens län,Andra kammaren,1945,1948,
2719,Carl Olof Carlsson,bf,Göteborgs och Bohus län,Andra kammaren,1945,1948,
2720,Carl Petrus Olsson,s,Älvsborgs läns norra,Andra kammaren,1945,1948,
2721,David Boman,bf,Stockholms län,Andra kammaren,1945,1948,
2722,David Hall,s,Västmanlands län,Andra kammaren,1945,1948,
2723,Disa Västberg,s,Stockholms stad,Andra kammaren,1945,1948,
2724,Ebon Andersson,h (1944–1945),Stockholms stad,Andra kammaren,1945,1948,
2725,Edvard Thorell,h,Stockholms län,Andra kammaren,1945,1948,
2726,Edvin Gustafsson,s,Jönköpings län,Andra kammaren,1945,1948,
2727,Edvin Jacobsson,fp,Uppsala län,Andra kammaren,1945,1948,
2728,Einar Andersson,s,Älvsborgs läns södra,Andra kammaren,1945,1948,
2729,Einar Haeggblom,h,Kalmar län,Andra kammaren,1945,1948,
2730,Einar Johansson,s,Kalmar län,Andra kammaren,1945,1948,
2731,Einar Jonsson,s,Uppsala län,Andra kammaren,1945,1948,
2732,Einar Osterman,fp,Västernorrlands län,Andra kammaren,1945,1948,
2733,Elin Eriksson,s,Västmanlands län,Andra kammaren,1945,1948,
2734,Elis Håstad,h,Stockholms stad,Andra kammaren,1945,1948,
2735,Ellen Svedberg,s,Södermanlands län,Andra kammaren,1945,1948,
2736,Elof Hällgren,s (1944–1947),Blekinge län,Andra kammaren,1945,1948,
2737,Elsa Johansson,s,Östergötlands län,Andra kammaren,1945,1948,
2738,Emanuel Birke,h,Stockholms län,Andra kammaren,1945,1948,
2739,Emil Gustafson,bf,Kalmar län,Andra kammaren,1945,1948,
2740,Emil Malmborg,s,Stockholms stad,Andra kammaren,1945,1948,
2741,Emil Olovson,s,Västmanlands län,Andra kammaren,1945,1948,
2742,Eric Bladh,s,Fyrstadskretsen,Andra kammaren,1945,1948,
2743,Erik Brandt,s,Örebro län,Andra kammaren,1945,1948,
2744,Erik Fast,s,Jönköpings län,Andra kammaren,1945,1948,
2745,Erik Hagberg,h,Fyrstadskretsen,Andra kammaren,1945,1948,
2746,Erik Jansson,k,Örebro län,Andra kammaren,1945,1948,
2747,Erik Johansson i Öckerö,s (1945),Göteborgs och Bohus län,Andra kammaren,1945,1948,
2748,Erik Karlsson,k,Stockholms län,Andra kammaren,1945,1948,
2749,Erik Lundbom,s,Södermanlands län,Andra kammaren,1945,1948,
2750,Erik Norén,s,Västernorrlands län,Andra kammaren,1945,1948,
2751,Erik Olson,h,Göteborgs stad,Andra kammaren,1945,1948,
2752,Erik Pettersson i Ersbacken,bf,Kopparbergs län,Andra kammaren,1945,1948,
2753,Erik Severin,s,Gävleborgs län,Andra kammaren,1945,1948,
2754,Ernst Berg,s,Västernorrlands län,Andra kammaren,1945,1948,
2755,Ernst Eriksson,s,Stockholms stad,Andra kammaren,1945,1948,
2756,Ernst Staxäng (före 1939 Olsson),h,Göteborgs och Bohus län,Andra kammaren,1945,1948,
2757,Ernst Wigforss,s,Göteborgs stad,Andra kammaren,1945,1948,
2758,Eskil Eriksson,s,Stockholms län,Andra kammaren,1945,1948,
2759,Evald Ericsson,s,Kopparbergs län,Andra kammaren,1945,1948,
2760,Evert Sandberg,fp,Västerbottens län,Andra kammaren,1945,1948,
2761,Filip Kristensson,fp,Kristianstads län,Andra kammaren,1945,1948,
2762,Folke Jönsson,s,Fyrstadskretsen,Andra kammaren,1945,1948,
2763,Folke Kyling,h,Skaraborgs län,Andra kammaren,1945,1948,
2764,Frans Severin,s,Stockholms stad,Andra kammaren,1945,1948,
2765,Fredrik Sundström,s (1944–1947),Kopparbergs län,Andra kammaren,1945,1948,
2766,Fridolf Thapper,s,Östergötlands län,Andra kammaren,1945,1948,
2767,Fritz Persson,s,Kronobergs län,Andra kammaren,1945,1948,
2768,Georg Fahlman,h,Fyrstadskretsen,Andra kammaren,1945,1948,
2769,Gerda Linderot,k,Stockholms stad,Andra kammaren,1945,1948,
2770,Gottfrid Fröderberg,fp,Gävleborgs län,Andra kammaren,1945,1948,
2771,Greta Möller,h (1947–1948),Södermanlands län,Andra kammaren,1945,1948,
2772,Gunnar Adolfsson,k,Fyrstadskretsen,Andra kammaren,1945,1948,
2773,Gunnar Dahlgren,k,Göteborgs stad,Andra kammaren,1945,1948,
2774,Gunnar Falla (tidigare Persson),h,Örebro län,Andra kammaren,1945,1948,
2775,Gunnar Hedlund,bf,Västernorrlands län,Andra kammaren,1945,1948,
2776,Gunnar Larsson,bf,Skaraborgs län,Andra kammaren,1945,1948,
2777,Gunnar Ljungqvist,h,Stockholms stad,Andra kammaren,1945,1948,
2778,Gunnel Olsson,s,Stockholms län,Andra kammaren,1945,1948,
2779,Gustaf Andersson,s,Södermanlands län,Andra kammaren,1945,1948,
2780,Gustaf Andersson i Rasjön,fp,Kopparbergs län,Andra kammaren,1945,1948,
2781,Gustaf Larsson,s,Södermanlands län,Andra kammaren,1945,1948,
2782,Gustaf Nilsson,h,Hallands län,Andra kammaren,1945,1948,
2783,Gustaf Nilsson,s,Värmlands län,Andra kammaren,1945,1948,
2784,Gustaf Pettersson (från 1945 Hellbacken),s,Kopparbergs län,Andra kammaren,1945,1948,
2785,Gustaf Svedman,h,Gotlands län,Andra kammaren,1945,1948,
2786,Gustaf Svensson i Vä,bf,Jönköpings län,Andra kammaren,1945,1948,
2787,Gustav Holm,s,Kalmar län,Andra kammaren,1945,1948,
2788,Gustav Johansson,k,Stockholms stad,Andra kammaren,1945,1948,
2789,Gustav Mosesson,fp,Stockholms län,Andra kammaren,1945,1948,
2790,Göran Pettersson,s,Örebro län,Andra kammaren,1945,1948,
2791,Gösta Andersson i Mölndal,s,Göteborgs och Bohus län,Andra kammaren,1945,1948,
2792,Gösta Bagge,h (1944–1947),Stockholms stad,Andra kammaren,1945,1948,
2793,Gösta Kempe,k,Värmlands län,Andra kammaren,1945,1948,
2794,Gösta Liedberg,h,Malmöhus län,Andra kammaren,1945,1948,
2795,Gösta Skoglund,s,Västerbottens län,Andra kammaren,1945,1948,
2796,Harald Andersson,bf,Södermanlands län,Andra kammaren,1945,1948,
2797,Harald Hallén,s,Värmlands län,Andra kammaren,1945,1948,
2798,Harald Johansson,k,Östergötlands län,Andra kammaren,1945,1948,
2799,Harald Johnsson i Skoglösa,bf,Kristianstads län,Andra kammaren,1945,1948,
2800,Helmer Holmberg,k,Norrbottens län,Andra kammaren,1945,1948,
2801,Helmer Johansson,bf,Västerbottens län,Andra kammaren,1945,1948,
2802,Henry Allard,s,Örebro län,Andra kammaren,1945,1948,
2803,Herman Engström,s,Gotlands län,Andra kammaren,1945,1948,
2804,Herman Nordström,s,Värmlands län,Andra kammaren,1945,1948,
2805,Hilding Hagberg,k,Norrbottens län,Andra kammaren,1945,1948,
2806,Hildur Alvén,s,Kopparbergs län,Andra kammaren,1945,1948,
2807,Hildur Humla,s,Värmlands län,Andra kammaren,1945,1948,
2808,Hildur Nygren,s,Gävleborgs län,Andra kammaren,1945,1948,
2809,Hjalmar Gustafson,s,Kronobergs län,Andra kammaren,1945,1948,
2810,Hjalmar Nilson,bf,Hallands län,Andra kammaren,1945,1948,
2811,Hjalmar Svensson,bf,Kronobergs län,Andra kammaren,1945,1948,
2812,Hugo Witzell,s,Blekinge län,Andra kammaren,1945,1948,
2813,Ivar Jansson,s,Norrbottens län,Andra kammaren,1945,1948,
2814,Ivar Johansson,bf,Östergötlands län,Andra kammaren,1945,1948,
2815,Ivar Pettersson,bf,Örebro län,Andra kammaren,1945,1948,
2816,Ivar Sefve,h,Göteborgs stad,Andra kammaren,1945,1948,
2817,James Dickson,h,Älvsborgs läns norra,Andra kammaren,1945,1948,
2818,Johan Johnsson,fp,Stockholms stad,Andra kammaren,1945,1948,
2819,Johan Nilson,fp (1944–1946),Södermanlands län,Andra kammaren,1945,1948,
2820,Johan Persson i Tidaholm,s (1944–1947),Skaraborgs län,Andra kammaren,1945,1948,
2821,Johan-Olof Gavelin,s,Norrbottens län,Andra kammaren,1945,1948,
2822,Johannes Onsjö (tidigare Johansson),bf,Skaraborgs län,Andra kammaren,1945,1948,
2823,John Andersson,s,Västernorrlands län,Andra kammaren,1945,1948,
2824,John Bergvall,fp (1945),Stockholms stad,Andra kammaren,1945,1948,
2825,John Ericsson i Kinna,s,Älvsborgs läns södra,Andra kammaren,1945,1948,
2826,John Lundberg,s,Uppsala län,Andra kammaren,1945,1948,
2827,John Pettersson,bf,Jönköpings län,Andra kammaren,1945,1948,
2828,Karl Artur Ryberg,bf,Älvsborgs läns södra,Andra kammaren,1945,1948,
2829,Karl Bergström,s,Fyrstadskretsen,Andra kammaren,1945,1948,
2830,Karl Emil Hansson,bf,Uppsala län,Andra kammaren,1945,1948,
2831,Karl Falk,s,Östergötlands län,Andra kammaren,1945,1948,
2832,Karl Magnusson,h,Skaraborgs län,Andra kammaren,1945,1948,
2833,Karl Mäler,s,Västernorrlands län,Andra kammaren,1945,1948,
2834,Karl Nilsson,s,Fyrstadskretsen,Andra kammaren,1945,1948,
2835,Karl Viklund,s (till 1946),Norrbottens län,Andra kammaren,1945,1948,
2836,Karl Ward,s,Östergötlands län,Andra kammaren,1945,1948,
2837,Knut Senander,k,Göteborgs stad,Andra kammaren,1945,1948,
2838,Lars Andersson,bf (till 1946),Norrbottens län,Andra kammaren,1945,1948,
2839,Lars Jonsson,s,Västernorrlands län,Andra kammaren,1945,1948,
2840,Lars Lindahl,s,Örebro län,Andra kammaren,1945,1948,
2841,Lars-Olof Skantze,h,Blekinge län,Andra kammaren,1945,1948,
2842,Magnus Nilsson,s,Västerbottens län,Andra kammaren,1945,1948,
2843,Manne Ståhl,fp (1945–1948),Värmlands län,Andra kammaren,1945,1948,
2844,Martin Forsberg,s,Jönköpings län,Andra kammaren,1945,1948,
2845,Martin Ljungberg,h,Östergötlands län,Andra kammaren,1945,1948,
2846,Martin Skoglund,h,Östergötlands län,Andra kammaren,1945,1948,
2847,Märta Boman,h,Norrbottens län,Andra kammaren,1945,1948,
2848,Märta Öberg,s,Göteborgs stad,Andra kammaren,1945,1948,
2849,Nestor Hammarlund,bf,Kristianstads län,Andra kammaren,1945,1948,
2850,Nils G. Hansson i Skegrie,bf,Malmöhus län,Andra kammaren,1945,1948,
2851,Nils Holmström,h,Gävleborgs län,Andra kammaren,1945,1948,
2852,Nils Jönsson i Rossbol,bf,Jämtlands län,Andra kammaren,1945,1948,
2853,Nils Larsson i Östersund,s,Jämtlands län,Andra kammaren,1945,1948,
2854,Nils Odhe,s,Skaraborgs län,Andra kammaren,1945,1948,
2855,Nils Persson,fp,Malmöhus län,Andra kammaren,1945,1948,
2856,Ola Isacsson,s (1944–1945),Kristianstads län,Andra kammaren,1945,1948,
2857,Ola Persson,k,Gävleborgs län,Andra kammaren,1945,1948,
2858,Olivia Nordgren,s,Malmöhus län,Andra kammaren,1945,1948,
2859,Olof Andersson i Malmö,s,Fyrstadskretsen,Andra kammaren,1945,1948,
2860,Olof Nilsson,s,Göteborgs stad,Andra kammaren,1945,1948,
2861,Olov Rylander,fp,Västmanlands län,Andra kammaren,1945,1948,
2862,Oscar Carlström,fp,Jönköpings län,Andra kammaren,1945,1948,
2863,Oscar Lövgren,s,Norrbottens län,Andra kammaren,1945,1948,
2864,Oscar Malmborg,fp,Skaraborgs län,Andra kammaren,1945,1948,
2865,Oscar Nolin,h,Kronobergs län,Andra kammaren,1945,1948,
2866,Oscar Werner,bf,Värmlands län,Andra kammaren,1945,1948,
2867,Oskar Åkerström,s,Västerbottens län,Andra kammaren,1945,1948,
2868,Patrik Svensson,s,Älvsborgs läns norra,Andra kammaren,1945,1948,
2869,Pehr Johnsson i Kastanjegården,fp,Blekinge län,Andra kammaren,1945,1948,
2870,Per Albin Hansson,s (1945–1946),Stockholms stad,Andra kammaren,1945,1948,
2871,Per Edvin Sköld,s,Malmöhus län,Andra kammaren,1945,1948,
2872,Per Jonas Edberg,bf,Västernorrlands län,Andra kammaren,1945,1948,
2873,Per Jonsson,h,Kalmar län,Andra kammaren,1945,1948,
2874,Per Orgård (tidigare Persson),s,Gävleborgs län,Andra kammaren,1945,1948,
2875,Per Persson i Norrby,bf,Gävleborgs län,Andra kammaren,1945,1948,
2876,Per Svensson,bf,Gotlands län,Andra kammaren,1945,1948,
2877,Per-Hjalmar Fagerholm,h,Stockholms stad,Andra kammaren,1945,1948,
2878,Ragnar Persson,s,Hallands län,Andra kammaren,1945,1948,
2879,Ragnar Sveningsson,h,Älvsborgs läns södra,Andra kammaren,1945,1948,
2880,Ragnhild Sandström,fp,Västerbottens län,Andra kammaren,1945,1948,
2881,Robert Jansson,bf,Kopparbergs län,Andra kammaren,1945,1948,
2882,Ruben Swedberg,fp,Örebro län,Andra kammaren,1945,1948,
2883,Rudolf Boman,fp,Jönköpings län,Andra kammaren,1945,1948,
2884,Ruth Gustafson,s,Stockholms stad,Andra kammaren,1945,1948,
2885,Sam Norup,bf,Kristianstads län,Andra kammaren,1945,1948,
2886,Set Persson,k (1945–1946),Stockholms stad,Andra kammaren,1945,1948,
2887,Sigfrid Jonsson,s,Jämtlands län,Andra kammaren,1945,1948,
2888,Sigrid Ekendahl,s,Stockholms stad,Andra kammaren,1945,1948,
2889,Sigurd Lindholm,s,Gävleborgs län,Andra kammaren,1945,1948,
2890,Sigvard Cruse,s,Stockholms stad,Andra kammaren,1945,1948,
2891,Sigvard Ohlsson,s,Kalmar län,Andra kammaren,1945,1948,
2892,Solveig Rönn-Christiansson,k,Göteborgs stad,Andra kammaren,1945,1948,
2893,Stig Janson,h (1944–1946),Södermanlands län,Andra kammaren,1945,1948,
2894,Sven Hedqvist,s,Stockholms län,Andra kammaren,1945,1948,
2895,Sven Vigelsbo,bf,Västmanlands län,Andra kammaren,1945,1948,
2896,Thorwald Ekdahl,s (1945–1948),Kristianstads län,Andra kammaren,1945,1948,
2897,Torgil von Seth,h,Jönköpings län,Andra kammaren,1945,1948,
2898,Torsten Henriksson,h,Stockholms stad,Andra kammaren,1945,1948,
2899,Torsten Nilsson,s,Stockholms stad,Andra kammaren,1945,1948,
2900,Uddo Jacobson,s,Västerbottens län,Andra kammaren,1945,1948,
2901,Verner Hedlund,s,Jämtlands län,Andra kammaren,1945,1948,
2902,Verner Karlsson,s,Kopparbergs län,Andra kammaren,1945,1948,
2903,Victor Mattsson,bf,Kronobergs län,Andra kammaren,1945,1948,
2904,Vilhelm Lundstedt,s,Uppsala län,Andra kammaren,1945,1948,
2905,Waldemar Olsson,s,Kalmar län,Andra kammaren,1945,1948,
2906,Waldemar Svensson,fp,Göteborgs och Bohus län,Andra kammaren,1945,1948,
2907,Walter Sundström,s,Skaraborgs län,Andra kammaren,1945,1948,
2908,Wiktor Mårtensson,s,Göteborgs och Bohus län,Andra kammaren,1945,1948,
2909,ersatt av Carl Östlund,h (1948),Västerbottens län,Andra kammaren,1945,1948,
2910,ersatt av: Carl Johansson,s (1945–1948),Göteborgs och Bohus län,Andra kammaren,1945,1948,
2911,ersatt av: Elsa Ewerlöf,h (1946–1948),Stockholms stad,Andra kammaren,1945,1948,
2912,ersatt av: Fritjof Lager,k (1946–1948),Stockholms stad,Andra kammaren,1945,1948,
2913,ersatt av: Gunnar Sundqvist,h (1946),Stockholms stad,Andra kammaren,1945,1948,
2914,ersatt av: Gustaf Friberg,fp (1946–1948),Södermanlands län,Andra kammaren,1945,1948,
2915,ersatt av: Hildur Ericsson,s (1947–1948),Norrbottens län,Andra kammaren,1945,1948,
2916,ersatt av: Jarl Hjalmarson,h (1947–1948),Stockholms stad,Andra kammaren,1945,1948,
2917,ersatt av: Knut Stenvall,bf,Norrbottens län,Andra kammaren,1945,1948,
2918,ersatt av: Lisa Johansson,s (1947–1948),Skaraborgs län,Andra kammaren,1945,1948,
2919,ersatt av: Seth Molander,s (1946–1948),Stockholms stad,Andra kammaren,1945,1948,
2920,ersatt av: Sonja Branting-Westerståhl,s (1948),Stockholms stad,Andra kammaren,1945,1948,
2921,ersatt av: Sven Antby,fp (1947–1948),Älvsborgs läns norra,Andra kammaren,1945,1948,
2922,ersatt av: Yngve Larsson,fp (1946–1948),Stockholms stad,Andra kammaren,1945,1948,
2923,Åke Olofsson,s,Malmöhus län,Andra kammaren,1945,1948,
2924,Åke Wiberg,h,Fyrstadskretsen,Andra kammaren,1945,1948,
2925,Abel Andersson,s,Jönköpings län,Andra kammaren,1949,1952,
2926,Adolf Wallentheim,s,Stockholms län,Andra kammaren,1949,1952,
2927,Adolv Olsson,s,Gävleborgs län,Andra kammaren,1949,1952,
2928,Alarik Hagård,h,Älvsborgs läns södra,Andra kammaren,1949,1952,
2929,Albert Larsson,h,Värmlands län,Andra kammaren,1949,1952,
2930,Alf Andersson,s,Västernorrlands län,Andra kammaren,1949,1952,
2931,Alfred Andersson i Munka-Ljungby,s,Kristianstads län,Andra kammaren,1949,1952,
2932,Algot Gunnarsson i Nälden,fp,Jämtlands län,Andra kammaren,1949,1952,
2933,Algot Törnkvist,s,Blekinge län,Andra kammaren,1949,1952,
2934,Allan Andersson,s,Stockholms län,Andra kammaren,1949,1952,
2935,Anders Olsson,fp,Kopparbergs län,Andra kammaren,1949,1952,
2936,Anders Pettersson i Dahl,bf,Hallands län,Andra kammaren,1949,1952,
2937,Anders Stjärne,fp,Östergötlands län,Andra kammaren,1949,1952,
2938,Anton Björklund,s,Kristianstads län,Andra kammaren,1949,1952,
2939,Arthur Ryberg,bf,Älvsborgs läns södra,Andra kammaren,1949,1952,
2940,Arthur Sköldin,s,Stockholms län,Andra kammaren,1949,1952,
2941,Arthur Widén,fp,Värmlands län,Andra kammaren,1949,1952,
2942,Arvid Andersson i Gunnarskog,s,Värmlands län,Andra kammaren,1949,1952,
2943,Arvid Hallberg,s,Kopparbergs län,Andra kammaren,1949,1952,
2944,Arvid Jonsson,bf,Kalmar län,Andra kammaren,1949,1952,
2945,August Spångberg,s,Värmlands län,Andra kammaren,1949,1952,
2946,August Sävström,s,Gävleborgs län,Andra kammaren,1949,1952,
2947,Axel Gustafsson,fp,Älvsborgs läns södra,Andra kammaren,1949,1952,
2948,Axel Jansson,s,Örebro län,Andra kammaren,1949,1952,
2949,Axel Landgren,s,Malmöhus län,Andra kammaren,1949,1952,
2950,Axel Pehrsson-Bramstorp,bf,Malmöhus län,Andra kammaren,1949,1952,
2951,Axel Rubbestad,bf,Älvsborgs läns norra,Andra kammaren,1949,1952,
2952,Bengt Sjölin,fp,Älvsborgs läns norra,Andra kammaren,1949,1952,
2953,Bertil Andersson,s,Västmanlands län,Andra kammaren,1949,1952,
2954,Bertil Ohlin,fp,Stockholms stad,Andra kammaren,1949,1952,
2955,Bertil von Friesen,fp,Göteborgs stad,Andra kammaren,1949,1952,
2956,Birger Utbult,fp,Göteborgs och Bohus län,Andra kammaren,1949,1952,
2957,Brita Elmén,fp,Göteborgs stad,Andra kammaren,1949,1952,
2958,Bror Persson,fp,Hallands län,Andra kammaren,1949,1952,
2959,Brynolf Stattin,h,Västernorrlands län,Andra kammaren,1949,1952,
2960,Carl Christenson,fp,Fyrstadskretsen,Andra kammaren,1949,1952,
2961,Carl Hoppe,s,Östergötlands län,Andra kammaren,1949,1952,
2962,Carl Johansson,s,Göteborgs och Bohus län,Andra kammaren,1949,1952,
2963,Carl Lindberg,s,Stockholms stad,Andra kammaren,1949,1952,
2964,Carl Olof Carlsson,bf,Göteborgs och Bohus län,Andra kammaren,1949,1952,
2965,Carl Petrus Olsson,s,Älvsborgs läns norra,Andra kammaren,1949,1952,
2966,Carl Schmidt,fp,Göteborgs stad,Andra kammaren,1949,1952,
2967,Carl Östlund,h,Västerbottens län,Andra kammaren,1949,1952,
2968,Daniel Wiklund,fp,Stockholms stad,Andra kammaren,1949,1952,
2969,David Boman,bf,Stockholms län,Andra kammaren,1949,1952,
2970,David Hall,s,Västmanlands län,Andra kammaren,1949,1952,
2971,Disa Västberg,s,Stockholms stad,Andra kammaren,1949,1952,
2972,Edith Liljedahl,fp,Gävleborgs län,Andra kammaren,1949,1952,
2973,Edvard Mårtensson,fp,Kristianstads län,Andra kammaren,1949,1952,
2974,Edvin Bäckström,fp (till 1950),Västernorrlands län,Andra kammaren,1949,1952,
2975,Edvin Gustafsson,s,Jönköpings län,Andra kammaren,1949,1952,
2976,Edvin Jacobsson,fp,Uppsala län,Andra kammaren,1949,1952,
2977,Einar Andersson i Hyssna,s,Älvsborgs läns södra,Andra kammaren,1949,1952,
2978,Einar Haeggblom,h,Kalmar län,Andra kammaren,1949,1952,
2979,Einar Johansson,s,Kalmar län,Andra kammaren,1949,1952,
2980,Einar Jonsson,s,Uppsala län,Andra kammaren,1949,1952,
2981,Elin Eriksson,s,Västmanlands län,Andra kammaren,1949,1952,
2982,Elis Håstad,h,Stockholms stad,Andra kammaren,1949,1952,
2983,Ellen Svedberg,s,Södermanlands län,Andra kammaren,1949,1952,
2984,Elsa Ewerlöf,h,Stockholms stad,Andra kammaren,1949,1952,
2985,Elsa Johansson,s,Östergötlands län,Andra kammaren,1949,1952,
2986,Elsa Lindskog,s,Kopparbergs län,Andra kammaren,1949,1952,
2987,Emanuel Birke,h,Stockholms län,Andra kammaren,1949,1952,
2988,Emil Malmborg,s,Stockholms stad,Andra kammaren,1949,1952,
2989,Eric Bladh,s,Fyrstadskretsen,Andra kammaren,1949,1952,
2990,Eric Karlsson,s,Blekinge län,Andra kammaren,1949,1952,
2991,Eric Nilsson,h,Malmöhus län,Andra kammaren,1949,1952,
2992,Erik Brandt,s,Örebro län,Andra kammaren,1949,1952,
2993,Erik Fast,s,Jönköpings län,Andra kammaren,1949,1952,
2994,Erik Hagberg,h,Fyrstadskretsen,Andra kammaren,1949,1952,
2995,Erik Karlsson,k,Stockholms län,Andra kammaren,1949,1952,
2996,Erik Norén,s,Västernorrlands län,Andra kammaren,1949,1952,
2997,Erik Pettersson i Ersbacken,bf,Kopparbergs län,Andra kammaren,1949,1952,
2998,Erik Rosén i Götene,fp,Skaraborgs län,Andra kammaren,1949,1952,
2999,Erik Strandh,fp,Kronobergs län,Andra kammaren,1949,1952,
3000,Erik Östrand,s,Kopparbergs län,Andra kammaren,1949,1952,
3001,Ernst Staxäng (tidigare Olsson),h,Göteborgs och Bohus län,Andra kammaren,1949,1952,
3002,Eskil Eriksson,s,Stockholms län,Andra kammaren,1949,1952,
3003,Evald Ericsson,s,Kopparbergs län,Andra kammaren,1949,1952,
3004,Evert Sandberg,fp,Västerbottens län,Andra kammaren,1949,1952,
3005,Filip Kristensson,fp,Kristianstads län,Andra kammaren,1949,1952,
3006,Folke Jönsson,s,Fyrstadskretsen,Andra kammaren,1949,1952,
3007,Folke Kyling,h,Skaraborgs län,Andra kammaren,1949,1952,
3008,Folke Nihlfors,fp,Stockholms stad,Andra kammaren,1949,1952,
3009,Frans Severin,s,Stockholms stad,Andra kammaren,1949,1952,
3010,Fridolf Thapper,s,Östergötlands län,Andra kammaren,1949,1952,
3011,Fritjof Lager,k,Stockholms stad,Andra kammaren,1949,1952,
3012,Fritz Persson,s,Kronobergs län,Andra kammaren,1949,1952,
3013,Gerda Höjer,fp,Stockholms stad,Andra kammaren,1949,1952,
3014,Gottfrid Fröderberg,fp,Gävleborgs län,Andra kammaren,1949,1952,
3015,Gunnar Dahlgren,k,Göteborgs stad,Andra kammaren,1949,1952,
3016,Gunnar Engkvist,s,Kristianstads län,Andra kammaren,1949,1952,
3017,Gunnar Ericsson,bf,Kalmar län,Andra kammaren,1949,1952,
3018,Gunnar Hedlund,bf,Västernorrlands län,Andra kammaren,1949,1952,
3019,Gunnar Larsson,bf,Skaraborgs län,Andra kammaren,1949,1952,
3020,Gustaf Kollberg,fp,Stockholms stad,Andra kammaren,1949,1952,
3021,Gustaf Larsson,s,Södermanlands län,Andra kammaren,1949,1952,
3022,Gustaf Nilsson,s,Värmlands län,Andra kammaren,1949,1952,
3023,Gustaf Pettersson (från 1945 Hellbacken),s,Kopparbergs län,Andra kammaren,1949,1952,
3024,Gustaf Svensson i Vä,bf,Jönköpings län,Andra kammaren,1949,1952,
3025,Gustav Holm,s,Kalmar län,Andra kammaren,1949,1952,
3026,Gustav Johansson,k,Stockholms stad,Andra kammaren,1949,1952,
3027,Gustav Mosesson,fp,Stockholms län,Andra kammaren,1949,1952,
3028,Göran Pettersson,s,Örebro län,Andra kammaren,1949,1952,
3029,Gösta Andersson,s,Göteborgs och Bohus län,Andra kammaren,1949,1952,
3030,Gösta Netzén,s,Fyrstadskretsen,Andra kammaren,1949,1952,
3031,Gösta Skoglund,s,Västerbottens län,Andra kammaren,1949,1952,
3032,Gösta Åqvist,fp,Örebro län,Andra kammaren,1949,1952,
3033,Hans Gustafsson,s,Stockholms stad,Andra kammaren,1949,1952,
3034,Hans Levin,s,Malmöhus län,Andra kammaren,1949,1952,
3035,Harald Andersson,bf,Södermanlands län,Andra kammaren,1949,1952,
3036,Harald Hallén,s,Värmlands län,Andra kammaren,1949,1952,
3037,Harald Johnsson i Skoglösa,bf,Kristianstads län,Andra kammaren,1949,1952,
3038,Harald Kärrlander,s,Västernorrlands län,Andra kammaren,1949,1952,
3039,Helge Lindström,s,Jämtlands län,Andra kammaren,1949,1952,
3040,Helmer Holmberg,k,Norrbottens län,Andra kammaren,1949,1952,
3041,Helmer Johansson,bf,Västerbottens län,Andra kammaren,1949,1952,
3042,Henry Allard,s,Örebro län,Andra kammaren,1949,1952,
3043,Herman Engström,s,Gotlands län,Andra kammaren,1949,1952,
3044,Hernfrid Bark,s,Västmanlands län,Andra kammaren,1949,1952,
3045,Hilding Hagberg,k,Norrbottens län,Andra kammaren,1949,1952,
3046,Hildur Ericsson,s,Norrbottens län,Andra kammaren,1949,1952,
3047,Hildur Humla,s,Värmlands län,Andra kammaren,1949,1952,
3048,Hildur Nygren,s,Gävleborgs län,Andra kammaren,1949,1952,
3049,Hjalmar Gustafson,s,Kronobergs län,Andra kammaren,1949,1952,
3050,Hjalmar Nilson,bf,Hallands län,Andra kammaren,1949,1952,
3051,Hjalmar Svensson,bf,Kronobergs län,Andra kammaren,1949,1952,
3052,Hjalmar Åhman,fp,Stockholms län,Andra kammaren,1949,1952,
3053,Ingemar Andersson,s,Östergötlands län,Andra kammaren,1949,1952,
3054,Ingrid Gärde Widemar,fp,Stockholms stad,Andra kammaren,1949,1952,
3055,Ivar Jansson,s,Norrbottens län,Andra kammaren,1949,1952,
3056,Ivar Johansson,bf,Östergötlands län,Andra kammaren,1949,1952,
3057,James Dickson,h,Älvsborgs läns norra,Andra kammaren,1949,1952,
3058,Jarl Hjalmarson,h,Stockholms stad,Andra kammaren,1949,1952,
3059,Jerker Svensson,s,Göteborgs stad,Andra kammaren,1949,1952,
3060,Johan Ahlsten,fp,Gotlands län,Andra kammaren,1949,1952,
3061,Johan Johnsson,fp,Stockholms stad,Andra kammaren,1949,1952,
3062,Johannes Onsjö (tidigare Johansson),bf,Skaraborgs län,Andra kammaren,1949,1952,
3063,John Andersson,s,Västernorrlands län,Andra kammaren,1949,1952,
3064,John Ericsson i Kinna,s,Älvsborgs läns södra,Andra kammaren,1949,1952,
3065,John Lundberg,s,Uppsala län,Andra kammaren,1949,1952,
3066,John Löfroth,fp,Norrbottens län,Andra kammaren,1949,1952,
3067,John Pettersson,bf,Jönköpings län,Andra kammaren,1949,1952,
3068,Jöns Nilsson,h,Kristianstads län,Andra kammaren,1949,1952,
3069,Karl Andersson i Björkäng,bf,Örebro län,Andra kammaren,1949,1952,
3070,Karl Bergström,s,Fyrstadskretsen,Andra kammaren,1949,1952,
3071,Karl Emil Hansson,bf,Uppsala län,Andra kammaren,1949,1952,
3072,Karl Nilsson,s,Fyrstadskretsen,Andra kammaren,1949,1952,
3073,Karl Ward,s,Östergötlands län,Andra kammaren,1949,1952,
3074,Karl-Gustaf Wirtén,fp,Södermanlands län,Andra kammaren,1949,1952,
3075,Knut Senander,k,Göteborgs stad,Andra kammaren,1949,1952,
3076,Lars Jonsson,s,Västernorrlands län,Andra kammaren,1949,1952,
3077,Lars Lindahl,s,Örebro län,Andra kammaren,1949,1952,
3078,Lisa Johansson,s,Skaraborgs län,Andra kammaren,1949,1952,
3079,Magnus Nilsson,s,Västerbottens län,Andra kammaren,1949,1952,
3080,Manne Ståhl,fp,Värmlands län,Andra kammaren,1949,1952,
3081,Margit Vinge,fp,Stockholms län,Andra kammaren,1949,1952,
3082,Martin Forsberg,s,Jönköpings län,Andra kammaren,1949,1952,
3083,Martin Ljungberg,h,Östergötlands län,Andra kammaren,1949,1952,
3084,Martin Skoglund,h,Östergötlands län,Andra kammaren,1949,1952,
3085,Märta Boman,h,Norrbottens län,Andra kammaren,1949,1952,
3086,Märta Öberg,s,Göteborgs stad,Andra kammaren,1949,1952,
3087,Nancy Eriksson,s,Stockholms stad,Andra kammaren,1949,1952,
3088,Nils G. Hansson i Skegrie,bf,Malmöhus län,Andra kammaren,1949,1952,
3089,Nils Jönsson i Rossbol,bf,Jämtlands län,Andra kammaren,1949,1952,
3090,Nils Odhe,s,Skaraborgs län,Andra kammaren,1949,1952,
3091,Nils Persson,fp,Malmöhus län,Andra kammaren,1949,1952,
3092,Ola Persson,k,Gävleborgs län,Andra kammaren,1949,1952,
3093,Olaus Nyberg,fp,Blekinge län,Andra kammaren,1949,1952,
3094,Olivia Nordgren,s,Malmöhus län,Andra kammaren,1949,1952,
3095,Olof Andersson i Malmö,s,Fyrstadskretsen,Andra kammaren,1949,1952,
3096,Olof Gavelin,s,Norrbottens län,Andra kammaren,1949,1952,
3097,Olof Hammar,fp,Kopparbergs län,Andra kammaren,1949,1952,
3098,Olof Nilsson i Göteborg,s,Göteborgs stad,Andra kammaren,1949,1952,
3099,Olof Wiklund,s,Norrbottens län,Andra kammaren,1949,1952,
3100,Olov Rylander,fp,Västmanlands län,Andra kammaren,1949,1952,
3101,Oscar Andersson i Långviksmon,fp,Västernorrlands län,Andra kammaren,1949,1952,
3102,Oscar Carlström,fp,Jönköpings län,Andra kammaren,1949,1952,
3103,Oscar Malmborg,fp,Skaraborgs län,Andra kammaren,1949,1952,
3104,Oscar Nolin,h,Kronobergs län,Andra kammaren,1949,1952,
3105,Oscar Werner,bf,Värmlands län,Andra kammaren,1949,1952,
3106,Oscar Åkerström,s,Västerbottens län,Andra kammaren,1949,1952,
3107,Ossian Sehlstedt,s,Södermanlands län,Andra kammaren,1949,1952,
3108,Patrik Svensson,s,Älvsborgs läns norra,Andra kammaren,1949,1952,
3109,Paul Bergstrand,fp,Östergötlands län,Andra kammaren,1949,1952,
3110,Pehr Johnsson i Kastanjegården,fp,Blekinge län,Andra kammaren,1949,1952,
3111,Per Edvin Sköld,s,Malmöhus län,Andra kammaren,1949,1952,
3112,Per Orgård (tidigare Persson),s,Gävleborgs län,Andra kammaren,1949,1952,
3113,Per Persson i Norrby,bf,Gävleborgs län,Andra kammaren,1949,1952,
3114,Per Svensson,bf,Gotlands län,Andra kammaren,1949,1952,
3115,Per-Hjalmar Fagerholm,h,Stockholms stad,Andra kammaren,1949,1952,
3116,Ragnar Edenman,s,Uppsala län,Andra kammaren,1949,1952,
3117,Ragnar Ekström,s,Södermanlands län,Andra kammaren,1949,1952,
3118,Ragnar Huss,fp,Fyrstadskretsen,Andra kammaren,1949,1952,
3119,Ragnar Persson,s,Hallands län,Andra kammaren,1949,1952,
3120,Ragnhild Sandström,fp,Västerbottens län,Andra kammaren,1949,1952,
3121,Robert Jansson,bf,Kopparbergs län,Andra kammaren,1949,1952,
3122,Rolf Edberg,s,Göteborgs stad,Andra kammaren,1949,1952,
3123,Ruben Swedberg,fp,Örebro län,Andra kammaren,1949,1952,
3124,Rudolf Boman,fp,Jönköpings län,Andra kammaren,1949,1952,
3125,Ruth Ager,fp,Stockholms stad,Andra kammaren,1949,1952,
3126,Sam Norup,bf,Kristianstads län,Andra kammaren,1949,1952,
3127,Sigfrid Jonsson,s,Jämtlands län,Andra kammaren,1949,1952,
3128,Sigfrid Nordkvist,fp,Kalmar län,Andra kammaren,1949,1952,
3129,Sigurd Lindholm,s,Gävleborgs län,Andra kammaren,1949,1952,
3130,Sigvard Ohlsson,s,Kalmar län,Andra kammaren,1949,1952,
3131,Sture Henriksson,s,Stockholms stad,Andra kammaren,1949,1952,
3132,Sven Antby,fp,Älvsborgs läns norra,Andra kammaren,1949,1952,
3133,Sven Gustafson,fp,Göteborgs stad,Andra kammaren,1949,1952,
3134,Sven Hedqvist,s,Stockholms län,Andra kammaren,1949,1952,
3135,Sven Persson i Appuna,s,Östergötlands län,Andra kammaren,1949,1952,
3136,Sven Vigelsbo,bf,Västmanlands län,Andra kammaren,1949,1952,
3137,Sven Wedén,fp,Södermanlands län,Andra kammaren,1949,1952,
3138,Tage Erlander,s,Stockholms stad,Andra kammaren,1949,1952,
3139,Tekla Torbrink,s,Kalmar län,Andra kammaren,1949,1952,
3140,Thorwald Ekdahl,s,Kristianstads län,Andra kammaren,1949,1952,
3141,Thure Andersson,s,Blekinge län,Andra kammaren,1949,1952,
3142,Tore Bengtsson,s,Hallands län,Andra kammaren,1949,1952,
3143,Torgil von Seth,h,Jönköpings län,Andra kammaren,1949,1952,
3144,Torsten Nilsson,s,Stockholms stad,Andra kammaren,1949,1952,
3145,Uddo Jacobson,s,Västerbottens län,Andra kammaren,1949,1952,
3146,Verner Hedlund,s,Jämtlands län,Andra kammaren,1949,1952,
3147,Waldemar Svensson,fp,Göteborgs och Bohus län,Andra kammaren,1949,1952,
3148,Walter Edström,h,Göteborgs stad,Andra kammaren,1949,1952,
3149,Walter Sundström,s,Skaraborgs län,Andra kammaren,1949,1952,
3150,Wiktor Mårtensson,s,Göteborgs och Bohus län,Andra kammaren,1949,1952,
3151,Yngve Häckner,fp,Stockholms län,Andra kammaren,1949,1952,
3152,Yngve Larsson,fp,Stockholms stad,Andra kammaren,1949,1952,
3153,ersatt av: John Anderson i Sundsvall (från 1951),ersatt av: John Anderson i Sundsvall (från 1951),Västernorrlands län,Andra kammaren,1949,1952,
3154,Åke Olofsson,s,Malmöhus län,Andra kammaren,1949,1952,
3155,Åke Wiberg,h,Fyrstadskretsen,Andra kammaren,1949,1952,
3156,Albert Forslund,s,Stockholms län,Första kammaren,1949,1949,
3157,Albert Hermansson,s,Östergötlands län,Första kammaren,1949,1949,
3158,Albert Ramberg,s,Värmlands län,Första kammaren,1949,1949,
3159,Alfred Andersson,s,Malmöhus län,Första kammaren,1949,1949,
3160,Alfred Nilsson,fp,Malmöhus län,Första kammaren,1949,1949,
3161,Anders Sundvik,s,Kopparbergs län,Första kammaren,1949,1949,
3162,Anna Sjöström-Bengtsson,s,Göteborg,Första kammaren,1949,1949,
3163,Anselm Gillström,s,Västernorrlands och Jämtlands län,Första kammaren,1949,1949,
3164,Anton Norling,k,Göteborg,Första kammaren,1949,1949,
3165,Anton Sjö,s,Malmöhus län,Första kammaren,1949,1949,
3166,Arthur Heiding,bf,Kalmar och Gotlands län,Första kammaren,1949,1949,
3167,Axel Andersson,fp,Västernorrlands och Jämtlands län,Första kammaren,1949,1949,
3168,Axel Gjöres,s,Kronobergs och Hallands län,Första kammaren,1949,1949,
3169,Axel Leander,s,Malmöhus län,Första kammaren,1949,1949,
3170,Axel Mannerskantz,h,Kalmar och Gotlands län,Första kammaren,1949,1949,
3171,Axel Strand,s,Stockholms stad,Första kammaren,1949,1949,
3172,Axel Uhlén,s,Malmöhus län,Första kammaren,1949,1949,
3173,Bengt Elmgren,s,Östergötlands län,Första kammaren,1949,1949,
3174,Bernhard Ekström,bf,Kronobergs och Hallands län,Första kammaren,1949,1949,
3175,Bernhard Näsgård,bf,Gävleborgs län,Första kammaren,1949,1949,
3176,Bertil Mogård,s,Stockholms stad,Första kammaren,1949,1949,
3177,Birger Andersson,s,Skaraborgs län,Första kammaren,1949,1949,
3178,Bror Nilsson,bf,Älvsborgs län,Första kammaren,1949,1949,
3179,Carl Eriksson,s,Gävleborgs län,Första kammaren,1949,1949,
3180,Carl Eskilsson,h,Östergötlands län,Första kammaren,1949,1949,
3181,Carl Sundberg,h,Kalmar och Gotlands län,Första kammaren,1949,1949,
3182,David Norman,s,Sörmlands och Västmanlands län,Första kammaren,1949,1949,
3183,Ebon Andersson,h,Stockholms stad,Första kammaren,1949,1949,
3184,Edgar Sjödahl,s,Göteborg,Första kammaren,1949,1949,
3185,Edvard Björnsson,s,Älvsborgs län,Första kammaren,1949,1949,
3186,Edwin Berling,s,Malmöhus län,Första kammaren,1949,1949,
3187,Edwin Welander,s,Malmöhus län,Första kammaren,1949,1949,
3188,Einar Eriksson,s,Stockholms län,Första kammaren,1949,1949,
3189,Einar Persson,s,Kopparbergs län,Första kammaren,1949,1949,
3190,Elof Hällgren,s,Blekinge och Kristianstads län,Första kammaren,1949,1949,
3191,Elon Andersson,fp,Gävleborgs län,Första kammaren,1949,1949,
3192,Emil Ahlkvist,s,Malmöhus län,Första kammaren,1949,1949,
3193,Emil Näsström,s,Västernorrlands och Jämtlands län,Första kammaren,1949,1949,
3194,Emil Petersson,fp,Blekinge och Kristianstads län,Första kammaren,1949,1949,
3195,Eric Ericson,f. 1888,Örebro län,Första kammaren,1949,1949,
3196,Eric Ericsson,h,Göteborg,Första kammaren,1949,1949,
3197,Erik Arrhén,h,Bohuslän,Första kammaren,1949,1949,
3198,Erik Englund,fp,Stockholms stad,Första kammaren,1949,1949,
3199,Erik Lindblom,fp,Kopparbergs län,Första kammaren,1949,1949,
3200,Erik von Heland,bf,Sörmlands och Västmanlands län,Första kammaren,1949,1949,
3201,Ernst Hage,s,Västerbottens och Norrbottens län,Första kammaren,1949,1949,
3202,Ernst Wehtje,h,Malmöhus län,Första kammaren,1949,1949,
3203,Ernst Wigforss,s,Blekinge och Kristianstads län,Första kammaren,1949,1949,
3204,Ewald Johannesson,s,Stockholms stad,Första kammaren,1949,1949,
3205,Folke Petrén,fp,Sörmlands och Västmanlands län,Första kammaren,1949,1949,
3206,Fritiof Domö,h,Skaraborgs län,Första kammaren,1949,1949,
3207,Fritjof Ekman,s,Örebro län,Första kammaren,1949,1949,
3208,Fritjof Thun,s,Stockholms län,Första kammaren,1949,1949,
3209,Georg Andrén,h,Älvsborgs län,Första kammaren,1949,1949,
3210,Georg Branting,s,Stockholms stad,Första kammaren,1949,1949,
3211,Georg Pettersson,s,Kalmar och Gotlands län,Första kammaren,1949,1949,
3212,Gottfrid Karlsson,s,Östergötlands län,Första kammaren,1949,1949,
3213,Gunnar Lodenius,bf,Stockholms län,Första kammaren,1949,1949,
3214,Gunnar Sträng,s,Älvsborgs län,Första kammaren,1949,1949,
3215,Gunnar Öhman,k,Stockholms stad,Första kammaren,1949,1949,
3216,Gustaf Andersson,f. 1895,Sörmlands och Västmanlands län,Första kammaren,1949,1949,
3217,Gustaf Elofsson,bf,Blekinge och Kristianstads län,Första kammaren,1949,1949,
3218,Gustaf Heüman,s,Jönköpings län,Första kammaren,1949,1949,
3219,Gustaf Karlsson,s,Bohuslän,Första kammaren,1949,1949,
3220,Gustaf Rosander,s,Kronobergs och Hallands län,Första kammaren,1949,1949,
3221,Gustaf Sundelin,fp,Örebro län,Första kammaren,1949,1949,
3222,Gustaf Velander,h,Västernorrlands och Jämtlands län,Första kammaren,1949,1949,
3223,Gustaf Widner,s,Sörmlands och Västmanlands län,Första kammaren,1949,1949,
3224,Gustav Andersson,f. 1890,Jönköpings län,Första kammaren,1949,1949,
3225,Gustav Björkman,h,Värmlands län,Första kammaren,1949,1949,
3226,Gustav Fahlander,s,Sörmlands och Västmanlands län,Första kammaren,1949,1949,
3227,Gustav Hallagård,bf,Skaraborgs län,Första kammaren,1949,1949,
3228,Gustav Möller,s,Stockholms län,Första kammaren,1949,1949,
3229,Gärda Svensson,bf,Kronobergs och Hallands län,Första kammaren,1949,1949,
3230,Harald Nordenson,h,Stockholms stad,Första kammaren,1949,1949,
3231,Harald Åkerberg,s,Örebro län,Första kammaren,1949,1949,
3232,Hardy Göransson,fp,Blekinge och Kristianstads län,Första kammaren,1949,1949,
3233,Hemming Sten,s,Gävleborgs län,Första kammaren,1949,1949,
3234,Henry Johansson,s,Göteborg,Första kammaren,1949,1949,
3235,Hjalmar Nilsson,h,Malmöhus län,Första kammaren,1949,1949,
3236,Hjalmar Nilsson,s,Västernorrlands och Jämtlands län,Första kammaren,1949,1949,
3237,Hjalmar Weiland,fp,Jönköpings län,Första kammaren,1949,1949,
3238,Hugo Osvald,fp,Sörmlands och Västmanlands län,Första kammaren,1949,1949,
3239,Hugo Sundberg,s,Västerbottens och Norrbottens län,Första kammaren,1949,1949,
3240,Hulda Flood,s,Värmlands län,Första kammaren,1949,1949,
3241,Ingrid Osvald,fp,Stockholms län,Första kammaren,1949,1949,
3242,Ivan Pauli,s,Jönköpings län,Första kammaren,1949,1949,
3243,Ivar Ekströmer,h,Kronobergs och Hallands län,Första kammaren,1949,1949,
3244,Ivar Nilzon,bf,Östergötlands län,Första kammaren,1949,1949,
3245,Ivar Persson,bf,Malmöhus län,Första kammaren,1949,1949,
3246,Iwar Andersson,s,Sörmlands och Västmanlands län,Första kammaren,1949,1949,
3247,Jakob Grym,s,Västerbottens och Norrbottens län,Första kammaren,1949,1949,
3248,Johan Bernhard Johansson,h,Kronobergs och Hallands län,Första kammaren,1949,1949,
3249,Johan Nilsson,h,Blekinge och Kristianstads län,Första kammaren,1949,1949,
3250,Johan Sunne,fp,Östergötlands län,Första kammaren,1949,1949,
3251,John Bergvall,fp,Stockholms stad,Första kammaren,1949,1949,
3252,John Björk,fp,Älvsborgs län,Första kammaren,1949,1949,
3253,John Gustavsson,bf,Bohuslän,Första kammaren,1949,1949,
3254,John Sandberg,s,Jönköpings län,Första kammaren,1949,1949,
3255,John W. Jonsson,s,Kalmar och Gotlands län,Första kammaren,1949,1949,
3256,Jon Jonsson i Fjäle,s,Gävleborgs län,Första kammaren,1949,1949,
3257,Jones Erik Andersson,bf,Kopparbergs län,Första kammaren,1949,1949,
3258,Justus Lindgren,s,Skaraborgs län,Första kammaren,1949,1949,
3259,K.A. Johanson,s,Västerbottens och Norrbottens län,Första kammaren,1949,1949,
3260,K.J. Olsson,s,Älvsborgs län,Första kammaren,1949,1949,
3261,Karl Andersson i Rixö,s,Bohuslän,Första kammaren,1949,1949,
3262,Karl Damström,s,Kopparbergs län,Första kammaren,1949,1949,
3263,Karl Falk,s,Östergötlands län,Första kammaren,1949,1949,
3264,Karl Persson,bf,Blekinge och Kristianstads län,Första kammaren,1949,1949,
3265,Karl Schlyter,s,Värmlands län,Första kammaren,1949,1949,
3266,Karl Wistrand,h,Stockholms stad,Första kammaren,1949,1949,
3267,Knut Ewerlöf,h,Stockholms stad,Första kammaren,1949,1949,
3268,Knut Hesselbom,s,Älvsborgs län,Första kammaren,1949,1949,
3269,Lage Svedberg,s,Västerbottens och Norrbottens län,Första kammaren,1949,1949,
3270,Lars Andersson,bf,Västerbottens och Norrbottens län,Första kammaren,1949,1949,
3271,Lars Lindén,s,Kalmar och Gotlands län,Första kammaren,1949,1949,
3272,Laur Franzon,s,Stockholms län,Första kammaren,1949,1949,
3273,Leonard Tjällgren,bf,Västernorrlands och Jämtlands län,Första kammaren,1949,1949,
3274,Nils A. Larsson,s,Västernorrlands och Jämtlands län,Första kammaren,1949,1949,
3275,Nils Elowsson,s,Blekinge och Kristianstads län,Första kammaren,1949,1949,
3276,Nils Herlitz,h,Stockholms län,Första kammaren,1949,1949,
3277,Olof Löthner,h,Jönköpings län,Första kammaren,1949,1949,
3278,Olof Pålsson,bf,Västernorrlands och Jämtlands län,Första kammaren,1949,1949,
3279,Oscar Mattsson,s,Bohuslän,Första kammaren,1949,1949,
3280,Otto Niklasson,bf,Älvsborgs län,Första kammaren,1949,1949,
3281,Per Lundgren,h,Västerbottens och Norrbottens län,Första kammaren,1949,1949,
3282,Per Näslund,fp,Västerbottens och Norrbottens län,Första kammaren,1949,1949,
3283,Per Olofsson,s,Västernorrlands och Jämtlands län,Första kammaren,1949,1949,
3284,Petrus Gränebo,bf,Kalmar och Gotlands län,Första kammaren,1949,1949,
3285,Primus Wahlmark,s,Stockholms län,Första kammaren,1949,1949,
3286,Ragnar Bergh,h,Västerbottens och Norrbottens län,Första kammaren,1949,1949,
3287,Ragnar Lundquist,h,Stockholms län,Första kammaren,1949,1949,
3288,Ragnar Rosenberg,s,Blekinge och Kristianstads län,Första kammaren,1949,1949,
3289,Rickard Lindström,s,Göteborg,Första kammaren,1949,1949,
3290,Rickard Sandler,s,Gävleborgs län,Första kammaren,1949,1949,
3291,Robert Krügel,s,Örebro län,Första kammaren,1949,1949,
3292,Rudolf Anderberg,s,Malmöhus län,Första kammaren,1949,1949,
3293,Sten Wahlund,bf,Skaraborgs län,Första kammaren,1949,1949,
3294,Sven Andersson,s,Sörmlands och Västmanlands län,Första kammaren,1949,1949,
3295,Sven Boman,s,Kopparbergs län,Första kammaren,1949,1949,
3296,Sven Edin,s,Västernorrlands och Jämtlands län,Första kammaren,1949,1949,
3297,Sven Larsson,s,Kronobergs och Hallands län,Första kammaren,1949,1949,
3298,Sven Linderot,k,Västerbottens och Norrbottens län,Första kammaren,1949,1949,
3299,Sven Ohlon,fp,Göteborg,Första kammaren,1949,1949,
3300,Torsten Isaksson,h,Skaraborgs län,Första kammaren,1949,1949,
3301,Ture Nerman,s,Stockholms stad,Första kammaren,1949,1949,
3302,Ulla Lindström,s,Stockholms stad,Första kammaren,1949,1949,
3303,Valter Åman,s,Stockholms stad,Första kammaren,1949,1949,
3304,Åke Holmbäck,fp,Värmlands län,Första kammaren,1949,1949,
3305,Östen Undén,s,Värmlands län,Första kammaren,1949,1949,
3306,Abel Andersson,s,Jönköpings län,Andra kammaren,1953,1956,
3307,Adolf Wallentheim,s,Stockholms län,Andra kammaren,1953,1956,
3308,Adolv Olsson,s,Gävleborgs län,Andra kammaren,1953,1956,
3309,Alarik Hagård,h,Älvsborgs läns södra,Andra kammaren,1953,1956,
3310,Alf Andersson,s,Västernorrlands län,Andra kammaren,1953,1956,
3311,Algot Gunnarsson i Nälden,fp (till 1952),Jämtlands län,Andra kammaren,1953,1956,
3312,Anders Olsson,fp,Kopparbergs län,Andra kammaren,1953,1956,
3313,Anders Pettersson,bf,Hallands län,Andra kammaren,1953,1956,
3314,Arthur Sköldin,s,Stockholms län,Andra kammaren,1953,1956,
3315,Arthur Widén,fp,Värmlands län,Andra kammaren,1953,1956,
3316,Artur Lundqvist,s,Älvsborgs läns norra,Andra kammaren,1953,1956,
3317,Arvid Andersson,s,Värmlands län,Andra kammaren,1953,1956,
3318,Arvid Jonsson,bf,Kalmar län,Andra kammaren,1953,1956,
3319,August Spångberg,s,Värmlands län,Andra kammaren,1953,1956,
3320,Axel Gustafsson i Borås,fp,Älvsborgs läns södra,Andra kammaren,1953,1956,
3321,Axel Jansson,s (övergick 1954 till första kammaren),Örebro län,Andra kammaren,1953,1956,
3322,Axel Landgren,s,Malmöhus län,Andra kammaren,1953,1956,
3323,Axel Rubbestad,bf,Älvsborgs läns norra,Andra kammaren,1953,1956,
3324,Bengt Arweson,s,Gotlands län,Andra kammaren,1953,1956,
3325,Bengt Sjölin,fp,Älvsborgs läns norra,Andra kammaren,1953,1956,
3326,Bertil Ohlin,fp,Stockholms stad,Andra kammaren,1953,1956,
3327,Bertil von Friesen,fp,Göteborg,Andra kammaren,1953,1956,
3328,Birger Gezelius,h,Kopparbergs län,Andra kammaren,1953,1956,
3329,Birger Nilsson,s,Jämtlands län,Andra kammaren,1953,1956,
3330,Birger Utbult,fp,Bohuslän,Andra kammaren,1953,1956,
3331,Brita Elmén,fp,Göteborg,Andra kammaren,1953,1956,
3332,C.W. Carlsson,fp,Stockholms stad,Andra kammaren,1953,1956,
3333,Carl Christenson,fp,Fyrstadskretsen,Andra kammaren,1953,1956,
3334,Carl Hoppe,s,Östergötlands län,Andra kammaren,1953,1956,
3335,Carl Johansson,s,Bohuslän,Andra kammaren,1953,1956,
3336,Carl Lindberg,s,Stockholms stad,Andra kammaren,1953,1956,
3337,Carl Olof Carlsson,bf,Bohuslän,Andra kammaren,1953,1956,
3338,Carl Schmidt,fp,Göteborg,Andra kammaren,1953,1956,
3339,Carl Östlund,h,Västerbottens län,Andra kammaren,1953,1956,
3340,Carl-Erik Johansson,s,Stockholms län,Andra kammaren,1953,1956,
3341,David Hall,s,Västmanlands län,Andra kammaren,1953,1956,
3342,Disa Västberg,s,Stockholms stad,Andra kammaren,1953,1956,
3343,Edith Liljedahl,fp,Gävleborgs län,Andra kammaren,1953,1956,
3344,Edvard Mårtensson,fp,Kristianstads län,Andra kammaren,1953,1956,
3345,Edvin Gustafsson,s,Jönköpings län,Andra kammaren,1953,1956,
3346,Edvin Jacobsson,fp,Uppsala län,Andra kammaren,1953,1956,
3347,Einar Andersson i Hyssna,s,Älvsborgs läns södra,Andra kammaren,1953,1956,
3348,Einar Asp,s,Gävleborgs län,Andra kammaren,1953,1956,
3349,Einar Haeggblom,h,Kalmar län,Andra kammaren,1953,1956,
3350,Einar Rimmerfors,fp,Stockholms stad,Andra kammaren,1953,1956,
3351,Eivor Wallin,s,Uppsala län,Andra kammaren,1953,1956,
3352,Ejnar Johanson,s,Kalmar län,Andra kammaren,1953,1956,
3353,Elin Eriksson,s,Västmanlands län,Andra kammaren,1953,1956,
3354,Elis Håstad,h,Stockholms stad,Andra kammaren,1953,1956,
3355,Ellen Svedberg,s,Södermanlands län,Andra kammaren,1953,1956,
3356,Elsa Ewerlöf,h,Stockholms stad,Andra kammaren,1953,1956,
3357,Elsa Johansson,s,Östergötlands län,Andra kammaren,1953,1956,
3358,Elsa Lindskog,s,Kopparbergs län,Andra kammaren,1953,1956,
3359,Emanuel Birke,h,Stockholms län,Andra kammaren,1953,1956,
3360,Emil Malmborg,s,Stockholms stad,Andra kammaren,1953,1956,
3361,Eric Johanson,s,Kalmar län,Andra kammaren,1953,1956,
3362,Eric Nelander,fp,Malmöhus län,Andra kammaren,1953,1956,
3363,Eric Nilsson,h,Malmöhus län,Andra kammaren,1953,1956,
3364,Erik Adamsson,s,Fyrstadskretsen,Andra kammaren,1953,1956,
3365,Erik Brandt,s,Örebro län,Andra kammaren,1953,1956,
3366,Erik Fast,s,Jönköpings län,Andra kammaren,1953,1956,
3367,Erik Hagberg,h,Fyrstadskretsen,Andra kammaren,1953,1956,
3368,Erik Karlsson,s,Blekinge län,Andra kammaren,1953,1956,
3369,Erik Magnusson,h,Kronobergs län,Andra kammaren,1953,1956,
3370,Erik Norén,s,Västernorrlands län,Andra kammaren,1953,1956,
3371,Erik Nygren,h,Stockholms stad,Andra kammaren,1953,1956,
3372,Erik Severin,s,Gävleborgs län,Andra kammaren,1953,1956,
3373,Erik Strandh,fp,Kronobergs län,Andra kammaren,1953,1956,
3374,Erik Östrand,s,Kopparbergs län,Andra kammaren,1953,1956,
3375,Ernst Jacobsson,s,Västmanlands län,Andra kammaren,1953,1956,
3376,Ernst Staxäng (tidigare Olsson),h,Bohuslän,Andra kammaren,1953,1956,
3377,Eskil Eriksson,s,Stockholms län,Andra kammaren,1953,1956,
3378,Etty Eriksson,s,Kristianstads län,Andra kammaren,1953,1956,
3379,Eva Karlsson,h,Fyrstadskretsen,Andra kammaren,1953,1956,
3380,Filip Kristensson,fp,Kristianstads län,Andra kammaren,1953,1956,
3381,Folke Kyling,h,Stockholms stad,Andra kammaren,1953,1956,
3382,Folke Nihlfors,fp,Stockholms stad,Andra kammaren,1953,1956,
3383,Frans Severin,s,Stockholms stad,Andra kammaren,1953,1956,
3384,Fridolf Jansson,bf,Kronobergs län,Andra kammaren,1953,1956,
3385,Fridolf Johansson,fp,Västernorrlands län,Andra kammaren,1953,1956,
3386,Fridolf Thapper,s,Östergötlands län,Andra kammaren,1953,1956,
3387,Fritz Persson,s,Kronobergs län,Andra kammaren,1953,1956,
3388,Gerda Höjer,fp,Stockholms stad,Andra kammaren,1953,1956,
3389,Gerda Nilsson,k,Gävleborgs län,Andra kammaren,1953,1956,
3390,Gunnar Engkvist,s,Kristianstads län,Andra kammaren,1953,1956,
3391,Gunnar Ericsson,bf,Kalmar län,Andra kammaren,1953,1956,
3392,Gunnar Hedlund,bf,Västernorrlands län,Andra kammaren,1953,1956,
3393,Gunnar Helén,fp,Stockholms län,Andra kammaren,1953,1956,
3394,Gunnar Larsson,c,Skaraborgs län,Andra kammaren,1953,1956,
3395,Gunnel Olsson,s,Stockholms län,Andra kammaren,1953,1956,
3396,Gustaf Kollberg,fp,Stockholms stad,Andra kammaren,1953,1956,
3397,Gustaf Larsson,s,Södermanlands län,Andra kammaren,1953,1956,
3398,Gustaf Nilson,h,Hallands län,Andra kammaren,1953,1956,
3399,Gustaf Nilsson,s,Värmlands län,Andra kammaren,1953,1956,
3400,Gustaf Svensson i Vä,bf,Jönköpings län,Andra kammaren,1953,1956,
3401,Gustav Johansson,k,Stockholms stad,Andra kammaren,1953,1956,
3402,Gösta Andersson,s,Bohuslän,Andra kammaren,1953,1956,
3403,Gösta Netzén,s,Fyrstadskretsen,Andra kammaren,1953,1956,
3404,Gösta Skoglund,s,Västerbottens län,Andra kammaren,1953,1956,
3405,Gösta Åqvist,fp,Örebro län,Andra kammaren,1953,1956,
3406,H. Nordqvist,h,Örebro län,Andra kammaren,1953,1956,
3407,Hans Gustafsson,s,Stockholms stad,Andra kammaren,1953,1956,
3408,Hans Levin,s,Malmöhus län,Andra kammaren,1953,1956,
3409,Harald Almgren,s,Jönköpings län,Andra kammaren,1953,1956,
3410,Harald Andersson,bf,Södermanlands län,Andra kammaren,1953,1956,
3411,Harald Hallén,s,Värmlands län,Andra kammaren,1953,1956,
3412,Harald Kärrlander,s,Västernorrlands län,Andra kammaren,1953,1956,
3413,Harald Larsson,bf,Norrbottens län,Andra kammaren,1953,1956,
3414,Harry Carlsson,fp,Skaraborgs län,Andra kammaren,1953,1956,
3415,Helga Sjöstrand,fp,Jönköpings län,Andra kammaren,1953,1956,
3416,Helge Lindström,s,Jämtlands län,Andra kammaren,1953,1956,
3417,Helmer Holmberg,k,Norrbottens län,Andra kammaren,1953,1956,
3418,Helmer Johansson,bf,Västerbottens län,Andra kammaren,1953,1956,
3419,Henning Gustafsson,fp,Västerbottens län,Andra kammaren,1953,1956,
3420,Henrik Munktell,h,Uppsala län,Andra kammaren,1953,1956,
3421,Henry Allard,s,Örebro län,Andra kammaren,1953,1956,
3422,Hernfrid Bark,s,Västmanlands län,Andra kammaren,1953,1956,
3423,Hilding Hagberg,k,Stockholms stad,Andra kammaren,1953,1956,
3424,Hildur Ericsson,s,Norrbottens län,Andra kammaren,1953,1956,
3425,Hjalmar Gustafson,s,Kronobergs län,Andra kammaren,1953,1956,
3426,Hjalmar Åhman,fp,Stockholms län,Andra kammaren,1953,1956,
3427,Holger Adolfsson,bf,Värmlands län,Andra kammaren,1953,1956,
3428,Ingemar Andersson,s,Östergötlands län,Andra kammaren,1953,1956,
3429,Ingemund Bengtsson,s,Hallands län,Andra kammaren,1953,1956,
3430,Ingrid Andrén,fp,Västmanlands län,Andra kammaren,1953,1956,
3431,Ivar Jansson,s,Norrbottens län,Andra kammaren,1953,1956,
3432,Ivar Johansson,bf,Östergötlands län,Andra kammaren,1953,1956,
3433,James Dickson,h,Älvsborgs läns norra,Andra kammaren,1953,1956,
3434,Jarl Hjalmarson,h,Stockholms län,Andra kammaren,1953,1956,
3435,Jean Braconier,h,Fyrstadskretsen,Andra kammaren,1953,1956,
3436,Jerker Svensson,s,Göteborg,Andra kammaren,1953,1956,
3437,Johan Ahlsten,fp,Gotlands län,Andra kammaren,1953,1956,
3438,Johannes Blidfors,s,Fyrstadskretsen,Andra kammaren,1953,1956,
3439,Johannes Onsjö (tidigare Johansson),bf,Skaraborgs län,Andra kammaren,1953,1956,
3440,John Andersson,s,Västernorrlands län,Andra kammaren,1953,1956,
3441,John Ericsson i Kinna,s,Älvsborgs läns södra,Andra kammaren,1953,1956,
3442,John G. Löfroth,fp,Norrbottens län,Andra kammaren,1953,1956,
3443,John Lundberg,s,Uppsala län,Andra kammaren,1953,1956,
3444,John Pettersson,bf,Jönköpings län,Andra kammaren,1953,1956,
3445,John R. Andersson i Sundsvall,fp,Västernorrlands län,Andra kammaren,1953,1956,
3446,Jöns Nilsson,h,Kristianstads län,Andra kammaren,1953,1956,
3447,Karin Wetterström,h,Östergötlands län,Andra kammaren,1953,1956,
3448,Karl Andersson i Björkäng,s,Örebro län,Andra kammaren,1953,1956,
3449,Karl Bergström,s,Fyrstadskretsen,Andra kammaren,1953,1956,
3450,Karl Jönsson,s,Kristianstads län,Andra kammaren,1953,1956,
3451,Karl Kilsmo,fp,Södermanlands län,Andra kammaren,1953,1956,
3452,Karl Nilsson,s,Fyrstadskretsen,Andra kammaren,1953,1956,
3453,Karl Ward,s,Östergötlands län,Andra kammaren,1953,1956,
3454,Knut Senander,k,Göteborg,Andra kammaren,1953,1956,
3455,Lars Jonsson,s,Västernorrlands län,Andra kammaren,1953,1956,
3456,Leif Cassel,h,Värmlands län,Andra kammaren,1953,1956,
3457,Lisa Johansson,s,Skaraborgs län,Andra kammaren,1953,1956,
3458,Manne Ståhl,fp,Värmlands län,Andra kammaren,1953,1956,
3459,Margit Vinge,fp,Stockholms län,Andra kammaren,1953,1956,
3460,Martin Larsson,fp,Stockholms stad,Andra kammaren,1953,1956,
3461,Martin Skoglund,h,Östergötlands län,Andra kammaren,1953,1956,
3462,Märta Boman,h,Norrbottens län,Andra kammaren,1953,1956,
3463,Märta Öberg,s,Göteborg,Andra kammaren,1953,1956,
3464,Nancy Eriksson,s,Stockholms stad,Andra kammaren,1953,1956,
3465,Nils Agerberg,h,Jämtlands län,Andra kammaren,1953,1956,
3466,Nils Fröding,h,Västernorrlands län,Andra kammaren,1953,1956,
3467,Nils G. Hansson i Skegrie,bf,Malmöhus län,Andra kammaren,1953,1956,
3468,Nils Nestrup,fp,Hallands län,Andra kammaren,1953,1956,
3469,Nils Odhe,s,Skaraborgs län,Andra kammaren,1953,1956,
3470,Nils Stenberg,fp,Gävleborgs län,Andra kammaren,1953,1956,
3471,Olaus Nyberg,fp,Blekinge län,Andra kammaren,1953,1956,
3472,Olle Dahlén,fp,Stockholms stad,Andra kammaren,1953,1956,
3473,Olof Andersson i Malmö,s,Fyrstadskretsen,Andra kammaren,1953,1956,
3474,Olof Andreasson,s,Göteborg,Andra kammaren,1953,1956,
3475,Olof Gavelin,s,Norrbottens län,Andra kammaren,1953,1956,
3476,Olof Hammar,fp,Kopparbergs län,Andra kammaren,1953,1956,
3477,Olof Nilsson i Göteborg,s,Göteborg,Andra kammaren,1953,1956,
3478,Olof Persson,s,Kopparbergs län,Andra kammaren,1953,1956,
3479,Olof Wiklund,s,Norrbottens län,Andra kammaren,1953,1956,
3480,Olov Rylander,fp,Västmanlands län,Andra kammaren,1953,1956,
3481,Oscar Malmborg,fp,Skaraborgs län,Andra kammaren,1953,1956,
3482,Oskar Åkerström,s,Västerbottens län,Andra kammaren,1953,1956,
3483,Ossian Sehlstedt,s,Södermanlands län,Andra kammaren,1953,1956,
3484,Patrik Svensson,s,Älvsborgs läns norra,Andra kammaren,1953,1956,
3485,Paul Bergstrand,fp (avled 1952),Östergötlands län,Andra kammaren,1953,1956,
3486,Pehr Johnsson i Kastanjegården,fp,Blekinge län,Andra kammaren,1953,1956,
3487,Per Edvin Sköld,s,Malmöhus län,Andra kammaren,1953,1956,
3488,Per Orgård (tidigare Persson),s,Gävleborgs län,Andra kammaren,1953,1956,
3489,Per Persson i Norrby,bf,Gävleborgs län,Andra kammaren,1953,1956,
3490,Per Svensson,bf,Gotlands län,Andra kammaren,1953,1956,
3491,Ragnar Edenman,s,Uppsala län,Andra kammaren,1953,1956,
3492,Ragnar Ekström,s,Södermanlands län,Andra kammaren,1953,1956,
3493,Ragnhild Sandström,fp,Västerbottens län,Andra kammaren,1953,1956,
3494,Robert Jansson,bf,Kopparbergs län,Andra kammaren,1953,1956,
3495,Rolf Edberg,s,Göteborg,Andra kammaren,1953,1956,
3496,Rolf Eliasson,h,Skaraborgs län,Andra kammaren,1953,1956,
3497,Ruben Swedberg,fp,Örebro län,Andra kammaren,1953,1956,
3498,Ruth Ager,fp,Stockholms stad,Andra kammaren,1953,1956,
3499,Sam Norup,bf,Kristianstads län,Andra kammaren,1953,1956,
3500,Samuel Norrby,fp,Stockholms län,Andra kammaren,1953,1956,
3501,Sigfrid Jonsson,s,Jämtlands län,Andra kammaren,1953,1956,
3502,Sigfrid Löfgren,fp,Fyrstadskretsen,Andra kammaren,1953,1956,
3503,Sigfrid Nordkvist,fp,Kalmar län,Andra kammaren,1953,1956,
3504,Sigurd Lindholm,s,Gävleborgs län,Andra kammaren,1953,1956,
3505,Sigvard Rimås,fp,Östergötlands län,Andra kammaren,1953,1956,
3506,Stig Hansson,bf,Malmöhus län,Andra kammaren,1953,1956,
3507,Sture Henriksson,s,Stockholms stad,Andra kammaren,1953,1956,
3508,Sven A. Svensson,h,Kalmar län,Andra kammaren,1953,1956,
3509,Sven Antby,fp,Älvsborgs läns norra,Andra kammaren,1953,1956,
3510,Sven Gustafson,fp,Göteborg,Andra kammaren,1953,1956,
3511,Sven Hedqvist,s,Stockholms län,Andra kammaren,1953,1956,
3512,Sven Mellqvist,s,Kopparbergs län,Andra kammaren,1953,1956,
3513,Sven Persson,s,Östergötlands län,Andra kammaren,1953,1956,
3514,Sven Vigelsbo,bf,Västmanlands län,Andra kammaren,1953,1956,
3515,Sven Wedén,fp,Södermanlands län,Andra kammaren,1953,1956,
3516,Tage Erlander,s,Stockholms stad,Andra kammaren,1953,1956,
3517,Tekla Torbrink,s,Kalmar län,Andra kammaren,1953,1956,
3518,Thorwald Ekdahl,s,Kristianstads län,Andra kammaren,1953,1956,
3519,Thyra Löfqvist,s,Blekinge län,Andra kammaren,1953,1956,
3520,Tore Bengtsson,s,Hallands län,Andra kammaren,1953,1956,
3521,Torgil von Seth,h,Jönköpings län,Andra kammaren,1953,1956,
3522,Torsten Andersson,bf,Älvsborgs läns södra,Andra kammaren,1953,1956,
3523,Torsten Fredriksson,s,Kopparbergs län,Andra kammaren,1953,1956,
3524,Torsten Nilsson,s,Stockholms stad,Andra kammaren,1953,1956,
3525,Ture Andersson,s,Blekinge län,Andra kammaren,1953,1956,
3526,Ture Königson,fp,Göteborg,Andra kammaren,1953,1956,
3527,Uddo Jacobson,s,Västerbottens län,Andra kammaren,1953,1956,
3528,Viola Sandell,s,Värmlands län,Andra kammaren,1953,1956,
3529,Waldemar Svensson,fp,Bohuslän,Andra kammaren,1953,1956,
3530,Walter Edström,h,Göteborg,Andra kammaren,1953,1956,
3531,Walter Sundström,s,Skaraborgs län,Andra kammaren,1953,1956,
3532,Wiktor Mårtensson,s,Bohuslän,Andra kammaren,1953,1956,
3533,Yngve Hamrin,fp,Jönköpings län,Andra kammaren,1953,1956,
3534,ersatt av: Lena Renström-Ingenäs,s (från 1954),Örebro län,Andra kammaren,1953,1956,
3535,Åke Olofsson,s,Malmöhus län,Andra kammaren,1953,1956,
3536,Adolv Olsson,s,Gävleborgs län,Andra kammaren,1957,1958,
3537,Alf Andersson,s,Västernorrlands län,Andra kammaren,1957,1958,
3538,Anders Forsberg,s,Jönköpings län,Andra kammaren,1957,1958,
3539,Anders Pettersson,bf,Hallands län,Andra kammaren,1957,1958,
3540,Annie Jäderberg,s,Norrbottens län,Andra kammaren,1957,1958,
3541,Arthur Sköldin,s,Stockholms län,Andra kammaren,1957,1958,
3542,Arthur Widén,fp,Värmlands län,Andra kammaren,1957,1958,
3543,Artur Lundqvist,s,Älvsborgs läns norra,Andra kammaren,1957,1958,
3544,Arvid Andersson i Gunnarskog,s,Värmlands län,Andra kammaren,1957,1958,
3545,Arvid Nilsson,fp,Kristianstads län,Andra kammaren,1957,1958,
3546,Astrid Bergegren,s,Östergötlands län,Andra kammaren,1957,1958,
3547,August Spångberg,s,Värmlands län,Andra kammaren,1957,1958,
3548,Augustinus Keijer,fp,Stockholms län,Andra kammaren,1957,1958,
3549,Axel Gustafsson,fp,Älvsborgs läns södra,Andra kammaren,1957,1958,
3550,Axel Landgren,s,Malmöhus län,Andra kammaren,1957,1958,
3551,Axel Rubbestad,bf,Älvsborgs läns norra,Andra kammaren,1957,1958,
3552,Bengt Arweson,s,Gotlands län,Andra kammaren,1957,1958,
3553,Bengt Bengtsson,h,Göteborg,Andra kammaren,1957,1958,
3554,Bengt Sjölin,fp,Älvsborgs läns norra,Andra kammaren,1957,1958,
3555,Bernhard Sundelin,s,Västernorrlands län,Andra kammaren,1957,1958,
3556,Bertil Ohlin,fp,Stockholms stad,Andra kammaren,1957,1958,
3557,Bertil von Friesen,fp,Göteborg,Andra kammaren,1957,1958,
3558,Birger Gezelius,h,Kopparbergs län,Andra kammaren,1957,1958,
3559,Birger Nilsson,s,Jämtlands län,Andra kammaren,1957,1958,
3560,Brita Elmén,fp,Göteborg,Andra kammaren,1957,1958,
3561,Carl Christenson,fp,Fyrstadskretsen,Andra kammaren,1957,1958,
3562,Carl Göran Regnéll,h,Fyrstadskretsen,Andra kammaren,1957,1958,
3563,Carl Johansson,s,Bohuslän,Andra kammaren,1957,1958,
3564,Carl Olof Carlsson,bf,Bohuslän,Andra kammaren,1957,1958,
3565,Carl Schmidt,fp,Göteborg,Andra kammaren,1957,1958,
3566,Carl Östlund,h,Västerbottens län,Andra kammaren,1957,1958,
3567,Carl-Eric Hedin,h,Södermanlands län,Andra kammaren,1957,1958,
3568,Carl-Erik Johansson,s,Stockholms län,Andra kammaren,1957,1958,
3569,Carl-Wilhelm Lothigius,h,Jönköpings län,Andra kammaren,1957,1958,
3570,Dag Edlund,h,Västmanlands län,Andra kammaren,1957,1958,
3571,David Hall,s,Västmanlands län,Andra kammaren,1957,1958,
3572,David Svenungsson,h,Stockholms stad,Andra kammaren,1957,1958,
3573,Edith Liljedahl,fp,Gävleborgs län,Andra kammaren,1957,1958,
3574,Edvin Jacobsson,fp,Uppsala län,Andra kammaren,1957,1958,
3575,Einar Andersson i Hyssna,s,Älvsborgs läns södra,Andra kammaren,1957,1958,
3576,Einar Asp,s,Gävleborgs län,Andra kammaren,1957,1958,
3577,Einar Dahl,s,Bohuslän,Andra kammaren,1957,1958,
3578,Einar Gustafsson,bf,Östergötlands län,Andra kammaren,1957,1958,
3579,Einar Haeggblom,h,Kalmar län,Andra kammaren,1957,1958,
3580,Einar Henningsson,s,Fyrstadskretsen,Andra kammaren,1957,1958,
3581,Einar Rimmerfors,fp,Stockholms stad,Andra kammaren,1957,1958,
3582,Einar Setterberg,h,Skaraborgs län,Andra kammaren,1957,1958,
3583,Eivor Wallin,s,Uppsala län,Andra kammaren,1957,1958,
3584,Elias Jönsson,fp,Jämtlands län,Andra kammaren,1957,1958,
3585,Elis Håstad,h,Stockholms stad,Andra kammaren,1957,1958,
3586,Elisabeth Sjövall,s,Göteborg,Andra kammaren,1957,1958,
3587,Ellen Svedberg,s,Södermanlands län,Andra kammaren,1957,1958,
3588,Elsa Ewerlöf,h,Stockholms stad,Andra kammaren,1957,1958,
3589,Elsa Lindskog,s,Kopparbergs län,Andra kammaren,1957,1958,
3590,Eric Johanson,s,Kalmar län,Andra kammaren,1957,1958,
3591,Eric Karlsson,s,Blekinge län,Andra kammaren,1957,1958,
3592,Eric Nelander,fp,Malmöhus län,Andra kammaren,1957,1958,
3593,Eric Nilsson,h,Malmöhus län,Andra kammaren,1957,1958,
3594,Eric Svenning,s,Fyrstadskretsen,Andra kammaren,1957,1958,
3595,Erik Adamsson,s,Fyrstadskretsen,Andra kammaren,1957,1958,
3596,Erik Brandt,s,Örebro län,Andra kammaren,1957,1958,
3597,Erik Karlsson,k,Stockholms län,Andra kammaren,1957,1958,
3598,Erik Magnusson,h,Kronobergs län,Andra kammaren,1957,1958,
3599,Erik Norén,s,Västernorrlands län,Andra kammaren,1957,1958,
3600,Erik Severin,s,Gävleborgs län,Andra kammaren,1957,1958,
3601,Erik Strandh,fp,Kronobergs län,Andra kammaren,1957,1958,
3602,Erik Östrand,s,Kopparbergs län,Andra kammaren,1957,1958,
3603,Ernst Ahlberg,h,Stockholms stad,Andra kammaren,1957,1958,
3604,Ernst Jacobsson,s,Västmanlands län,Andra kammaren,1957,1958,
3605,Ernst Staxäng (tidigare Olsson),h,Bohuslän,Andra kammaren,1957,1958,
3606,Eskil Eriksson,s,Stockholms län,Andra kammaren,1957,1958,
3607,Etty Eriksson,s,Kristianstads län,Andra kammaren,1957,1958,
3608,Eva Karlsson politiker,h,Fyrstadskretsen,Andra kammaren,1957,1958,
3609,Filip Kristensson,fp,Kristianstads län,Andra kammaren,1957,1958,
3610,Folke Jönsson,s,Fyrstadskretsen,Andra kammaren,1957,1958,
3611,Folke Nihlfors,fp,Stockholms stad,Andra kammaren,1957,1958,
3612,Fridolf Jansson,bf,Kronobergs län,Andra kammaren,1957,1958,
3613,Fridolf Thapper,s,Östergötlands län,Andra kammaren,1957,1958,
3614,Fritz Börjesson,bf,Kalmar län,Andra kammaren,1957,1958,
3615,Fritz Persson,s,Kronobergs län,Andra kammaren,1957,1958,
3616,Gerda Höjer,fp,Stockholms stad,Andra kammaren,1957,1958,
3617,Gerhard Nilsson,h,Gävleborgs län,Andra kammaren,1957,1958,
3618,Gunnar Engkvist,s,Kristianstads län,Andra kammaren,1957,1958,
3619,Gunnar Heckscher,h,Stockholms stad,Andra kammaren,1957,1958,
3620,Gunnar Hedlund,bf,Västernorrlands län,Andra kammaren,1957,1958,
3621,Gunnar Helén,fp,Stockholms län,Andra kammaren,1957,1958,
3622,Gunnel Olsson,s,Stockholms län,Andra kammaren,1957,1958,
3623,Gustaf Kollberg,fp,Stockholms stad,Andra kammaren,1957,1958,
3624,Gustaf Larsson,s,Södermanlands län,Andra kammaren,1957,1958,
3625,Gustaf Nilson,h,Hallands län,Andra kammaren,1957,1958,
3626,Gustaf Nilsson,s,Värmlands län,Andra kammaren,1957,1958,
3627,Gustav Boija,fp,Östergötlands län,Andra kammaren,1957,1958,
3628,Gustav Johansson,k,Stockholms stad,Andra kammaren,1957,1958,
3629,Göran Pettersson,s,Örebro län,Andra kammaren,1957,1958,
3630,Gösta Andersson,s,Bohuslän,Andra kammaren,1957,1958,
3631,Gösta Darlin,h,Kristianstads län,Andra kammaren,1957,1958,
3632,Gösta Netzén,s,Fyrstadskretsen,Andra kammaren,1957,1958,
3633,Gösta Skoglund,s,Västerbottens län,Andra kammaren,1957,1958,
3634,H. Nordqvist,h,Örebro län,Andra kammaren,1957,1958,
3635,Hans Gustafsson,s,Stockholms stad,Andra kammaren,1957,1958,
3636,Hans Hagnell,s,Stockholms stad,Andra kammaren,1957,1958,
3637,Hans Levin,s,Malmöhus län,Andra kammaren,1957,1958,
3638,Hans Nyhage,h,Älvsborgs läns södra,Andra kammaren,1957,1958,
3639,Hans Wachtmeister,h,Blekinge län,Andra kammaren,1957,1958,
3640,Harald Almgren,s,Jönköpings län,Andra kammaren,1957,1958,
3641,Harald Hallén,s,Värmlands län,Andra kammaren,1957,1958,
3642,Harald Kärrlander,s,Västernorrlands län,Andra kammaren,1957,1958,
3643,Harald Larsson,bf,Norrbottens län,Andra kammaren,1957,1958,
3644,Harry Carlsson,fp,Skaraborgs län,Andra kammaren,1957,1958,
3645,Harry Wahrendorff,bf,Värmlands län,Andra kammaren,1957,1958,
3646,Helge Lindström,s,Jämtlands län,Andra kammaren,1957,1958,
3647,Helmer Holmberg,k,Norrbottens län,Andra kammaren,1957,1958,
3648,Henning Carlsson,s,Jönköpings län,Andra kammaren,1957,1958,
3649,Henning Gustafsson,fp,Västerbottens län,Andra kammaren,1957,1958,
3650,Henning Nilsson,k,Gävleborgs län,Andra kammaren,1957,1958,
3651,Henrik Munktell,h,Uppsala län,Andra kammaren,1957,1958,
3652,Henry Allard,s,Örebro län,Andra kammaren,1957,1958,
3653,Hernfrid Bark,s,Västmanlands län,Andra kammaren,1957,1958,
3654,Hilding Hagberg,k,Stockholms stad,Andra kammaren,1957,1958,
3655,Hjalmar Gustafson,s,Kronobergs län,Andra kammaren,1957,1958,
3656,Hjalmar Åhman,fp,Stockholms län,Andra kammaren,1957,1958,
3657,Hugo Bengtsson,s,Fyrstadskretsen,Andra kammaren,1957,1958,
3658,Inga Thorsson,s,Stockholms stad,Andra kammaren,1957,1958,
3659,Ingemar Andersson,s,Östergötlands län,Andra kammaren,1957,1958,
3660,Ingemund Bengtsson,s,Hallands län,Andra kammaren,1957,1958,
3661,Ivar Jansson,s,Norrbottens län,Andra kammaren,1957,1958,
3662,James Dickson,h,Älvsborgs läns norra,Andra kammaren,1957,1958,
3663,Jan-Ivan Nilsson,c,Västerbottens län,Andra kammaren,1957,1958,
3664,Jarl Hjalmarson,h,Stockholms län,Andra kammaren,1957,1958,
3665,Jean Braconier,h,Fyrstadskretsen,Andra kammaren,1957,1958,
3666,Jerker Svensson,s,Göteborg,Andra kammaren,1957,1958,
3667,Johan Ahlsten,fp,Gotlands län,Andra kammaren,1957,1958,
3668,Johan Ågren,fp,Kopparbergs län,Andra kammaren,1957,1958,
3669,Johannes Blidfors,s,Fyrstadskretsen,Andra kammaren,1957,1958,
3670,Johannes Onsjö (tidigare Johansson),bf,Skaraborgs län,Andra kammaren,1957,1958,
3671,John Ericsson i Kinna,s,Älvsborgs läns södra,Andra kammaren,1957,1958,
3672,John Eriksson,bf,Gävleborgs län,Andra kammaren,1957,1958,
3673,John Lundberg,s,Uppsala län,Andra kammaren,1957,1958,
3674,John Löfroth,fp,Norrbottens län,Andra kammaren,1957,1958,
3675,John Pettersson,bf,Jönköpings län,Andra kammaren,1957,1958,
3676,John R. Andersson i Sundsvall,h,Västernorrlands län,Andra kammaren,1957,1958,
3677,Jöns Nilsson,h,Kristianstads län,Andra kammaren,1957,1958,
3678,Karin Wetterström,h,Östergötlands län,Andra kammaren,1957,1958,
3679,Karl Andersson i Björkäng,s,Örebro län,Andra kammaren,1957,1958,
3680,Karl Jönsson,s,Kristianstads län,Andra kammaren,1957,1958,
3681,Karl Kilsmo,fp,Södermanlands län,Andra kammaren,1957,1958,
3682,Karl Rask,s,Jönköpings län,Andra kammaren,1957,1958,
3683,Knut Senander,k,Göteborg,Andra kammaren,1957,1958,
3684,Lars Jonsson,s,Västernorrlands län,Andra kammaren,1957,1958,
3685,Leif Cassel,h,Värmlands län,Andra kammaren,1957,1958,
3686,Lena Renström-Ingenäs,s,Örebro län,Andra kammaren,1957,1958,
3687,Lennart Eliasson,fp,Stockholms stad,Andra kammaren,1957,1958,
3688,Lennart Stiernstedt,h,Stockholms län,Andra kammaren,1957,1958,
3689,Lisa Johansson,s,Skaraborgs län,Andra kammaren,1957,1958,
3690,Mac Hamrin,fp,Kalmar län,Andra kammaren,1957,1958,
3691,Manne Ståhl,fp,Värmlands län,Andra kammaren,1957,1958,
3692,Margit Vinge,fp,Stockholms län,Andra kammaren,1957,1958,
3693,Martin Larsson,fp,Stockholms stad,Andra kammaren,1957,1958,
3694,Martin Skoglund,h,Östergötlands län,Andra kammaren,1957,1958,
3695,Mary Holmqvist,s,Malmöhus län,Andra kammaren,1957,1958,
3696,Märta Boman,h,Norrbottens län,Andra kammaren,1957,1958,
3697,Nancy Eriksson,s,Stockholms stad,Andra kammaren,1957,1958,
3698,Nils Agerberg,h,Jämtlands län,Andra kammaren,1957,1958,
3699,Nils Fröding,h,Västernorrlands län,Andra kammaren,1957,1958,
3700,Nils G. Hansson i Skegrie,bf,Malmöhus län,Andra kammaren,1957,1958,
3701,Nils Nestrup,fp,Hallands län,Andra kammaren,1957,1958,
3702,Nils Odhe,s,Skaraborgs län,Andra kammaren,1957,1958,
3703,Nils Persson,fp,Malmöhus län,Andra kammaren,1957,1958,
3704,Nils Stenberg,fp,Gävleborgs län,Andra kammaren,1957,1958,
3705,Olle Dahlén,fp,Stockholms stad,Andra kammaren,1957,1958,
3706,Olof Andreasson,s,Göteborg,Andra kammaren,1957,1958,
3707,Olof Hammar,fp,Kopparbergs län,Andra kammaren,1957,1958,
3708,Olof Johansson,fp,Bohuslän,Andra kammaren,1957,1958,
3709,Olof Nilsson,s,Göteborg,Andra kammaren,1957,1958,
3710,Olof Persson,s,Kopparbergs län,Andra kammaren,1957,1958,
3711,Olof Wiklund,s,Norrbottens län,Andra kammaren,1957,1958,
3712,Olov Rylander,fp,Västmanlands län,Andra kammaren,1957,1958,
3713,Oscar Andersson i Långviksmon,fp,Västernorrlands län,Andra kammaren,1957,1958,
3714,Oscar Franzén,s,Östergötlands län,Andra kammaren,1957,1958,
3715,Oscar Malmborg,fp,Skaraborgs län,Andra kammaren,1957,1958,
3716,Oscar Åkerström,s,Västerbottens län,Andra kammaren,1957,1958,
3717,Ossian Sehlstedt,s,Södermanlands län,Andra kammaren,1957,1958,
3718,Patrik Svensson,s,Älvsborgs läns norra,Andra kammaren,1957,1958,
3719,Pehr Johnsson i Kastanjegården,fp,Blekinge län,Andra kammaren,1957,1958,
3720,Per Edvin Sköld,s,Malmöhus län,Andra kammaren,1957,1958,
3721,Per Svensson,bf,Gotlands län,Andra kammaren,1957,1958,
3722,Ragnar Edenman,s,Uppsala län,Andra kammaren,1957,1958,
3723,Ragnar Ekström,s,Södermanlands län,Andra kammaren,1957,1958,
3724,Ragnar Lassinantti,s,Norrbottens län,Andra kammaren,1957,1958,
3725,Ragnhild Sandström,fp,Västerbottens län,Andra kammaren,1957,1958,
3726,Robert Jansson,bf,Kopparbergs län,Andra kammaren,1957,1958,
3727,Rolf Eliasson,h,Skaraborgs län,Andra kammaren,1957,1958,
3728,Rosa Svensson,s,Västmanlands län,Andra kammaren,1957,1958,
3729,Ruben Swedberg,fp,Örebro län,Andra kammaren,1957,1958,
3730,Rune Johansson i Norrköping,s,Östergötlands län,Andra kammaren,1957,1958,
3731,Sam Norup,bf,Kristianstads län,Andra kammaren,1957,1958,
3732,Sigfrid Jonsson,s,Jämtlands län,Andra kammaren,1957,1958,
3733,Sigfrid Löfgren,fp,Fyrstadskretsen,Andra kammaren,1957,1958,
3734,Sigrid Ekendahl,s,Stockholms stad,Andra kammaren,1957,1958,
3735,Sigurd Lindholm,s,Gävleborgs län,Andra kammaren,1957,1958,
3736,Sigvard Rimås,fp,Östergötlands län,Andra kammaren,1957,1958,
3737,Stellan Arvidsson,s,Stockholms stad,Andra kammaren,1957,1958,
3738,Stig Alemyr,s,Kalmar län,Andra kammaren,1957,1958,
3739,Stina Wallerius,h,Göteborg,Andra kammaren,1957,1958,
3740,Sture Henriksson,s (avled 1957),Stockholms stad,Andra kammaren,1957,1958,
3741,Sven Antby,fp,Älvsborgs läns norra,Andra kammaren,1957,1958,
3742,Sven Gustafson,fp,Göteborg,Andra kammaren,1957,1958,
3743,Sven Hedqvist,s,Stockholms län,Andra kammaren,1957,1958,
3744,Sven Mellqvist,s,Kopparbergs län,Andra kammaren,1957,1958,
3745,Sven Persson,s,Östergötlands län,Andra kammaren,1957,1958,
3746,Sven Svensson,h,Kalmar län,Andra kammaren,1957,1958,
3747,Sven Vigelsbo,bf,Västmanlands län,Andra kammaren,1957,1958,
3748,Sven Wedén,fp,Södermanlands län,Andra kammaren,1957,1958,
3749,Tage Erlander,s,Stockholms stad,Andra kammaren,1957,1958,
3750,Tage Magnusson,h,Älvsborgs läns södra,Andra kammaren,1957,1958,
3751,Tekla Torbrink,s,Kalmar län,Andra kammaren,1957,1958,
3752,Thure Andersson,s,Blekinge län,Andra kammaren,1957,1958,
3753,Thyra Löfqvist,s,Blekinge län,Andra kammaren,1957,1958,
3754,Tore Bengtsson,s,Hallands län,Andra kammaren,1957,1958,
3755,Torgil von Seth,h,Jönköpings län,Andra kammaren,1957,1958,
3756,Torsten Fredriksson,s,Kopparbergs län,Andra kammaren,1957,1958,
3757,Torsten Nilsson,s,Stockholms stad,Andra kammaren,1957,1958,
3758,Ture Königson,fp,Göteborg,Andra kammaren,1957,1958,
3759,Uddo Jacobson,s,Västerbottens län,Andra kammaren,1957,1958,
3760,Ulla Lidman-Frostenson,h,Stockholms län,Andra kammaren,1957,1958,
3761,Viola Sandell,s,Värmlands län,Andra kammaren,1957,1958,
3762,Waldemar Svensson,fp,Bohuslän,Andra kammaren,1957,1958,
3763,Walter Sundström,s,Skaraborgs län,Andra kammaren,1957,1958,
3764,Yngve Hamrin,fp,Jönköpings län,Andra kammaren,1957,1958,
3765,Alfred Nilsson,fp,Malmöhus län,Första kammaren,1957,1957,
3766,Allan Grönkvist,s,Värmlands län,Första kammaren,1957,1957,
3767,Alvar Andersson (politiker),bf,Kronobergs och Hallands län,Första kammaren,1957,1957,
3768,Alvar Mårtensson,s,Malmöhus län,Första kammaren,1957,1957,
3769,Anders Johansson,fp,Älvsborgs län,Första kammaren,1957,1957,
3770,Anna Sjöström-Bengtsson,s,Göteborg,Första kammaren,1957,1957,
3771,Annie Wallentheim,s,Stockholms län,Första kammaren,1957,1957,
3772,Anselm Gillström,s,Västernorrlands och Jämtlands län,Första kammaren,1957,1957,
3773,Anton Norling,k,Göteborg,Första kammaren,1957,1957,
3774,Arne Geijer,s,Stockholms län,Första kammaren,1957,1957,
3775,Axel Andersson i Örnsköldsvik,fp,Västernorrlands och Jämtlands län,Första kammaren,1957,1957,
3776,Axel E. Svensson,s,Malmöhus län,Första kammaren,1957,1957,
3777,Axel Jansson,s,Örebro län,Första kammaren,1957,1957,
3778,Axel Mannerskantz,h,Kalmar och Gotlands län,Första kammaren,1957,1957,
3779,Axel Strand,s,Stockholms stad,Första kammaren,1957,1957,
3780,Bengt Elmgren,s,Östergötlands län,Första kammaren,1957,1957,
3781,Bernhard Näsgård,bf,Gävleborgs län,Första kammaren,1957,1957,
3782,Bertil Andersson,s,Sörmlands och Västmanlands län,Första kammaren,1957,1957,
3783,Bertil Mogård,s,Stockholms stad,Första kammaren,1957,1957,
3784,Birger Andersson,s,Skaraborgs län,Första kammaren,1957,1957,
3785,Birger Lundström,fp,Stockholms stad,Första kammaren,1957,1957,
3786,Carl Albert Anderson,s,Stockholms stad,Första kammaren,1957,1957,
3787,Carl Eskilsson,h,Östergötlands län,Första kammaren,1957,1957,
3788,Carl Olsén,s,Västernorrlands och Jämtlands län,Första kammaren,1957,1957,
3789,Dagmar Ranmark,s,Värmlands län,Första kammaren,1957,1957,
3790,David Ollén,fp,Stockholms stad,Första kammaren,1957,1957,
3791,Ebbe Ohlsson,h,Kronobergs och Hallands län,Första kammaren,1957,1957,
3792,Ebon Andersson,h,Stockholms stad,Första kammaren,1957,1957,
3793,Edgar Sjödahl,s,Göteborg,Första kammaren,1957,1957,
3794,Edvin Thun,s,Stockholms län,Första kammaren,1957,1957,
3795,Einar Danmans,fp,Gävleborgs län,Första kammaren,1957,1957,
3796,Einar Eriksson,s,Stockholms län,Första kammaren,1957,1957,
3797,Einar Persson,s,Kopparbergs län,Första kammaren,1957,1957,
3798,Emanuel Birke,h,Stockholms län,Första kammaren,1957,1957,
3799,Emil Ahlkvist,s,Malmöhus län,Första kammaren,1957,1957,
3800,Emil Näsström,s,Västernorrlands och Jämtlands län,Första kammaren,1957,1957,
3801,Eric Holmqvist,s,Malmöhus län,Första kammaren,1957,1957,
3802,Eric Mossberger,s,Kronobergs och Hallands län,Första kammaren,1957,1957,
3803,Erik Alexandersson,fp,Stockholms län,Första kammaren,1957,1957,
3804,Erik Arrhén,h,Bohuslän,Första kammaren,1957,1957,
3805,Erik Englund,fp,Stockholms stad,Första kammaren,1957,1957,
3806,Erik Hagberg,h,Malmöhus län,Första kammaren,1957,1957,
3807,Erik Jansson,s,Stockholms län,Första kammaren,1957,1957,
3808,Erik Lindblom,fp,Kopparbergs län,Första kammaren,1957,1957,
3809,Erik Olsson i Krokom,s,Västernorrlands och Jämtlands län,Första kammaren,1957,1957,
3810,Erik Svedberg,s,Gävleborgs län,Första kammaren,1957,1957,
3811,Erik Wärnberg,s,Östergötlands län,Första kammaren,1957,1957,
3812,Fritiof Boo,s,Älvsborgs län,Första kammaren,1957,1957,
3813,Fritiof Domö,h,Skaraborgs län,Första kammaren,1957,1957,
3814,Fritiof Karlsson,bf,Kronobergs och Hallands län,Första kammaren,1957,1957,
3815,Georg Branting,s,Stockholms stad,Första kammaren,1957,1957,
3816,Georg Carlsson,bf,Sörmlands och Västmanlands län,Första kammaren,1957,1957,
3817,Georg Pettersson,s,Kalmar och Gotlands län,Första kammaren,1957,1957,
3818,Gerard de Geer,fp,Värmlands län,Första kammaren,1957,1957,
3819,Gunnar Berg,s,Blekinge och Kristianstads län,Första kammaren,1957,1957,
3820,Gunnar Lange,s,Malmöhus län,Första kammaren,1957,1957,
3821,Gunnar Lodenius,bf,Stockholms län,Första kammaren,1957,1957,
3822,Gunnar Spetz,fp,Bohuslän,Första kammaren,1957,1957,
3823,Gunnar Sträng,s,Älvsborgs län,Första kammaren,1957,1957,
3824,Gunnar Svärd,h,Göteborg,Första kammaren,1957,1957,
3825,Gunnar Öhman,k,Göteborg,Första kammaren,1957,1957,
3826,Gustaf Andersson,s,Sörmlands och Västmanlands län,Första kammaren,1957,1957,
3827,Gustaf Elofsson,bf,Blekinge och Kristianstads län,Första kammaren,1957,1957,
3828,Gustaf Heüman,s,Jönköpings län,Första kammaren,1957,1957,
3829,Gustaf Karlsson,s,Bohuslän,Första kammaren,1957,1957,
3830,Gustaf Snygg,s,Kopparbergs län,Första kammaren,1957,1957,
3831,Gustaf Sundelin,fp,Örebro län,Första kammaren,1957,1957,
3832,Gustav Fahlander,s,Sörmlands och Västmanlands län,Första kammaren,1957,1957,
3833,Gärda Svensson,bf,Kronobergs och Hallands län,Första kammaren,1957,1957,
3834,Göran Karlsson,s,Jönköpings län,Första kammaren,1957,1957,
3835,Gösta Elfving,s,Stockholms stad,Första kammaren,1957,1957,
3836,Harry Apelqvist,s,Kalmar och Gotlands län,Första kammaren,1957,1957,
3837,Helmer Persson,k,Västerbottens och Norrbottens län,Första kammaren,1957,1957,
3838,Herbert Hermansson,bf,Bohuslän,Första kammaren,1957,1957,
3839,Hjalmar Nilsson,s,Västernorrlands och Jämtlands län,Första kammaren,1957,1957,
3840,Hjalmar Nyström,s,Västerbottens och Norrbottens län,Första kammaren,1957,1957,
3841,Hjalmar Weiland,fp,Jönköpings län,Första kammaren,1957,1957,
3842,Hugo Osvald,fp,Sörmlands och Västmanlands län,Första kammaren,1957,1957,
3843,Ingeborg Carlqvist,s,Malmöhus län,Första kammaren,1957,1957,
3844,Ingrid Gärde Widemar,fp,Stockholms stad,Första kammaren,1957,1957,
3845,Ivar Johansson,bf,Östergötlands län,Första kammaren,1957,1957,
3846,Ivar Persson,bf,Malmöhus län,Första kammaren,1957,1957,
3847,Jakob Grym,s,Västerbottens och Norrbottens län,Första kammaren,1957,1957,
3848,Johan Kronstrand,fp,Älvsborgs län,Första kammaren,1957,1957,
3849,Johan Persson,fp,Sörmlands och Västmanlands län,Första kammaren,1957,1957,
3850,Johan Sunne,fp,Östergötlands län,Första kammaren,1957,1957,
3851,John Bergvall,fp,Stockholms stad,Första kammaren,1957,1957,
3852,John W. Jonsson,s,Kalmar och Gotlands län,Första kammaren,1957,1957,
3853,Jon Jonsson i Fjäle,s,Gävleborgs län,Första kammaren,1957,1957,
3854,Josef Nord,fp,Skaraborgs län,Första kammaren,1957,1957,
3855,Justus Lindgren,s,Skaraborgs län,Första kammaren,1957,1957,
3856,Karl Andersson i Rixö,s,Bohuslän,Första kammaren,1957,1957,
3857,Karl Damström,s,Kopparbergs län,Första kammaren,1957,1957,
3858,Knut Ewerlöf,h,Stockholms stad,Första kammaren,1957,1957,
3859,Knut Hesselbom,s,Älvsborgs län,Första kammaren,1957,1957,
3860,Knut Johansson,s,Stockholms stad,Första kammaren,1957,1957,
3861,Lage Svedberg,s,Västerbottens och Norrbottens län,Första kammaren,1957,1957,
3862,Lars Eliasson,bf,Kopparbergs län,Första kammaren,1957,1957,
3863,Lars Larsson i Lotorp,s,Östergötlands län,Första kammaren,1957,1957,
3864,Lars Lindahl,s,Örebro län,Första kammaren,1957,1957,
3865,Laur Franzon,s,Stockholms län,Första kammaren,1957,1957,
3866,Margret Nilsson,bf,Örebro län,Första kammaren,1957,1957,
3867,Martin Söderquist,fp,Stockholms län,Första kammaren,1957,1957,
3868,Nils Aastrup,fp,Stockholms stad,Första kammaren,1957,1957,
3869,Nils B. Hansson,fp,Blekinge och Kristianstads län,Första kammaren,1957,1957,
3870,Nils Elowsson,s,Blekinge och Kristianstads län,Första kammaren,1957,1957,
3871,Nils Franzén,bf,Kalmar och Gotlands län,Första kammaren,1957,1957,
3872,Nils Strandler,s,Östergötlands län,Första kammaren,1957,1957,
3873,Nils Ståhle,s,Sörmlands och Västmanlands län,Första kammaren,1957,1957,
3874,Nils Theodor Larsson,bf,Kalmar och Gotlands län,Första kammaren,1957,1957,
3875,Nils-Eric Gustafsson,bf,Västerbottens och Norrbottens län,Första kammaren,1957,1957,
3876,Olof Pålsson,bf,Västernorrlands och Jämtlands län,Första kammaren,1957,1957,
3877,Oscar Carlsson,s,Värmlands län,Första kammaren,1957,1957,
3878,Oscar Werner,bf,Värmlands län,Första kammaren,1957,1957,
3879,Otto Niklasson,bf,Älvsborgs län,Första kammaren,1957,1957,
3880,Per Bergman,s,Göteborg,Första kammaren,1957,1957,
3881,Per Jacobsson,fp,Västerbottens och Norrbottens län,Första kammaren,1957,1957,
3882,Per Olofsson,s,Västernorrlands och Jämtlands län,Första kammaren,1957,1957,
3883,Ragnar Bergh,h,Västerbottens och Norrbottens län,Första kammaren,1957,1957,
3884,Ragnar Huss,fp,Malmöhus län,Första kammaren,1957,1957,
3885,Ragnar Persson,s,Kronobergs och Hallands län,Första kammaren,1957,1957,
3886,Ragnar Sveningsson,h,Älvsborgs län,Första kammaren,1957,1957,
3887,Rickard Sandler,s,Gävleborgs län,Första kammaren,1957,1957,
3888,Rikard Svensson,s,Blekinge och Kristianstads län,Första kammaren,1957,1957,
3889,Robert Krügel,s,Örebro län,Första kammaren,1957,1957,
3890,Rudolf Anderberg,s,Malmöhus län,Första kammaren,1957,1957,
3891,Rudolf Boman,fp,Jönköpings län,Första kammaren,1957,1957,
3892,Rune B. Johansson,s,Kronobergs och Hallands län,Första kammaren,1957,1957,
3893,Ruth Hamrin-Thorell,redaktör fp,Stockholms län,Första kammaren,1957,1957,
3894,Sigfrid Larsson i Svalöv,bf,Malmöhus län,Första kammaren,1957,1957,
3895,Sten Söderberg,s,Sörmlands och Västmanlands län,Första kammaren,1957,1957,
3896,Sten Wahlund,bf,Skaraborgs län,Första kammaren,1957,1957,
3897,Sten Åkesson,fp,Blekinge och Kristianstads län,Första kammaren,1957,1957,
3898,Svante Kristiansson,s,Blekinge och Kristianstads län,Första kammaren,1957,1957,
3899,Sven Andersson,s,Sörmlands och Västmanlands län,Första kammaren,1957,1957,
3900,Sven Aspling,s,Kopparbergs län,Första kammaren,1957,1957,
3901,Sven Ohlon,fp,Göteborg,Första kammaren,1957,1957,
3902,Sven Sundin,bf,Västernorrlands och Jämtlands län,Första kammaren,1957,1957,
3903,Theodor Johansson,bf,Jönköpings län,Första kammaren,1957,1957,
3904,Thore Sörlin,s,Västerbottens och Norrbottens län,Första kammaren,1957,1957,
3905,Tor Wolgast,bf,Blekinge och Kristianstads län,Första kammaren,1957,1957,
3906,Torsten Andersson,bf,Älvsborgs län,Första kammaren,1957,1957,
3907,Torsten Bengtsson,bf,Jönköpings län,Första kammaren,1957,1957,
3908,Ulla Lindström,s,Stockholms stad,Första kammaren,1957,1957,
3909,Uno Hedström,s,Västerbottens och Norrbottens län,Första kammaren,1957,1957,
3910,Uno Olofsson,fp,Västerbottens och Norrbottens län,Första kammaren,1957,1957,
3911,Valter Åman,s,Stockholms stad,Första kammaren,1957,1957,
3912,Yngve Möller,s,Gävleborgs län,Första kammaren,1957,1957,
3913,Yngve Nilsson,h,Blekinge och Kristianstads län,Första kammaren,1957,1957,
3914,Östen Undén,s,Värmlands län,Första kammaren,1957,1957,
3915,Alf Andersson,s,Västernorrlands län,Andra kammaren,1958,1960,
3916,Anders Forsberg,s,Jönköpings län,Andra kammaren,1958,1960,
3917,Anders Haglund,s,Gävleborgs län,Andra kammaren,1958,1960,
3918,Anders Pettersson,c,Hallands län,Andra kammaren,1958,1960,
3919,Anna-Lisa Lewén-Eliasson,s,Stockholms län,Andra kammaren,1958,1960,
3920,Annie Jäderberg,s,Norrbottens län,Andra kammaren,1958,1960,
3921,Arendt de Jounge,h (till 1959),Gotlands län,Andra kammaren,1958,1960,
3922,Arthur Sköldin,s,Stockholms län,Andra kammaren,1958,1960,
3923,Artur Lundqvist,s,Älvsborgs läns norra,Andra kammaren,1958,1960,
3924,Arvid Andersson,s,Värmlands län,Andra kammaren,1958,1960,
3925,Arvid Nilsson i Lönsboda,fp,Kristianstads län,Andra kammaren,1958,1960,
3926,Astrid Bergegren,s,Östergötlands län,Andra kammaren,1958,1960,
3927,Astrid Kristensson,h,Stockholms stad,Andra kammaren,1958,1960,
3928,August Spångberg,s,Värmlands län,Andra kammaren,1958,1960,
3929,Axel Gustafsson,fp,Älvsborgs läns södra,Andra kammaren,1958,1960,
3930,Axel Landgren,s,Malmöhus län,Andra kammaren,1958,1960,
3931,Axel Rubbestad,c,Älvsborgs läns norra,Andra kammaren,1958,1960,
3932,Bengt Arweson,s,Gotlands län,Andra kammaren,1958,1960,
3933,Bengt Bengtsson,h,Göteborg,Andra kammaren,1958,1960,
3934,Bengt Fagerlund,s (från 1960),Kronobergs län,Andra kammaren,1958,1960,
3935,Bernhard Sundelin,s,Västernorrlands län,Andra kammaren,1958,1960,
3936,Bertil Ohlin,fp,Stockholms stad,Andra kammaren,1958,1960,
3937,Bertil von Friesen,fp,Göteborg,Andra kammaren,1958,1960,
3938,Birger Gezelius,h (till 1960),Kopparbergs län,Andra kammaren,1958,1960,
3939,Birger Nilsson,s,Jämtlands län,Andra kammaren,1958,1960,
3940,Birgitta Sjöqvist,h,Värmlands län,Andra kammaren,1958,1960,
3941,Bo Turesson,h (från 1960),Kopparbergs län,Andra kammaren,1958,1960,
3942,Brita Elmén,fp,Göteborg,Andra kammaren,1958,1960,
3943,Carl Christenson,fp,Fyrstadskretsen,Andra kammaren,1958,1960,
3944,Carl E. Johansson,s,Göteborgs och Bohus läns landstingsområde,Andra kammaren,1958,1960,
3945,Carl Göran Regnéll,h,Fyrstadskretsen,Andra kammaren,1958,1960,
3946,Carl Olof Carlsson,c,Göteborgs och Bohus läns landstingsområde,Andra kammaren,1958,1960,
3947,Carl Östlund,h,Västerbottens län,Andra kammaren,1958,1960,
3948,Carl-Eric Hedin,h,Södermanlands län,Andra kammaren,1958,1960,
3949,Carl-Erik Johansson,s,Stockholms län,Andra kammaren,1958,1960,
3950,Carl-Wilhelm Lothigius,h,Jönköpings län,Andra kammaren,1958,1960,
3951,Dag Edlund,h,Västmanlands län,Andra kammaren,1958,1960,
3952,David Svenungsson,h,Stockholms stad,Andra kammaren,1958,1960,
3953,Ebbe Rydén,fp,Örebro län,Andra kammaren,1958,1960,
3954,Edvin Gustafsson,s,Jönköpings län,Andra kammaren,1958,1960,
3955,Edvin Jacobsson,fp,Uppsala län,Andra kammaren,1958,1960,
3956,Einar Andersson i Hyssna,s,Älvsborgs läns södra,Andra kammaren,1958,1960,
3957,Einar Asp,s,Gävleborgs län,Andra kammaren,1958,1960,
3958,Einar Gustafsson,c,Östergötlands län,Andra kammaren,1958,1960,
3959,Einar Haeggblom,h,Kalmar län,Andra kammaren,1958,1960,
3960,Einar Henningsson,s,Fyrstadskretsen,Andra kammaren,1958,1960,
3961,Einar Rimmerfors,fp,Stockholms stad,Andra kammaren,1958,1960,
3962,Einar Setterberg,h,Skaraborgs län,Andra kammaren,1958,1960,
3963,Elis Håstad,h (till 1959),Stockholms stad,Andra kammaren,1958,1960,
3964,Elisabeth Sjövall,s,Göteborg,Andra kammaren,1958,1960,
3965,Elsa Lindskog,s,Kopparbergs län,Andra kammaren,1958,1960,
3966,Emil Elmvall,c,Södermanlands län,Andra kammaren,1958,1960,
3967,Eric Johanson,s,Kalmar län,Andra kammaren,1958,1960,
3968,Eric Karlsson,s,Blekinge län,Andra kammaren,1958,1960,
3969,Eric Nelander,fp,Malmöhus län,Andra kammaren,1958,1960,
3970,Eric Nilsson,h,Malmöhus län,Andra kammaren,1958,1960,
3971,Eric R. Carlsson i Västerås,s,Västmanlands län,Andra kammaren,1958,1960,
3972,Eric Svenning,s,Fyrstadskretsen,Andra kammaren,1958,1960,
3973,Erik Adamsson,s,Fyrstadskretsen,Andra kammaren,1958,1960,
3974,Erik Brandt,s,Örebro län,Andra kammaren,1958,1960,
3975,Erik Grebäck,c,Stockholms län,Andra kammaren,1958,1960,
3976,Erik Larsson i Norderön,c,Jämtlands län,Andra kammaren,1958,1960,
3977,Erik Magnusson,h,Kronobergs län,Andra kammaren,1958,1960,
3978,Erik Norén,s,Västernorrlands län,Andra kammaren,1958,1960,
3979,Erik Östrand,s,Kopparbergs län,Andra kammaren,1958,1960,
3980,Erland Carbell,s,Stockholms stad,Andra kammaren,1958,1960,
3981,Ernst Jacobsson,s,Västmanlands län,Andra kammaren,1958,1960,
3982,Ernst Staxäng (tidigare Olsson),h,Göteborgs och Bohus läns landstingsområde,Andra kammaren,1958,1960,
3983,Essen Lindahl,s,Stockholms län,Andra kammaren,1958,1960,
3984,Etty Eriksson,s,Kristianstads län,Andra kammaren,1958,1960,
3985,Eva Karlsson,h,Fyrstadskretsen,Andra kammaren,1958,1960,
3986,Evert Svensson i Kungälv,s,Göteborgs och Bohus läns landstingsområde,Andra kammaren,1958,1960,
3987,Folke Björkman,h,Stockholms stad,Andra kammaren,1958,1960,
3988,Folke Nihlfors,fp,Stockholms stad,Andra kammaren,1958,1960,
3989,Fred Artur Henning Henningson,h (från 1959),Gotlands län,Andra kammaren,1958,1960,
3990,Fredrik-Adolf Hamilton af Hageby,h,Örebro län,Andra kammaren,1958,1960,
3991,Fridolf Jansson,c,Kronobergs län,Andra kammaren,1958,1960,
3992,Fridolf Thapper,s,Östergötlands län,Andra kammaren,1958,1960,
3993,Fritz Börjesson,c,Kalmar län,Andra kammaren,1958,1960,
3994,Fritz Persson,s,Kronobergs län,Andra kammaren,1958,1960,
3995,Gerda Höjer,fp,Stockholms stad,Andra kammaren,1958,1960,
3996,Gunbjörg Thunvall,s,Gävleborgs län,Andra kammaren,1958,1960,
3997,Gunnar Carlsson,s,Göteborg,Andra kammaren,1958,1960,
3998,Gunnar Engkvist,s,Kristianstads län,Andra kammaren,1958,1960,
3999,Gunnar Gustafsson,s,Göteborgs och Bohus läns landstingsområde,Andra kammaren,1958,1960,
4000,Gunnar Heckscher,h,Stockholms stad,Andra kammaren,1958,1960,
4001,Gunnar Hedlund,c,Västernorrlands län,Andra kammaren,1958,1960,
4002,Gunnar Helén,fp,Stockholms län,Andra kammaren,1958,1960,
4003,Gunnar Larsson,c,Skaraborgs län,Andra kammaren,1958,1960,
4004,Gunnar Lundmark,s,Västerbottens län,Andra kammaren,1958,1960,
4005,Gunnel Olsson,s,Stockholms län,Andra kammaren,1958,1960,
4006,Gustaf Kollberg,fp,Stockholms stad,Andra kammaren,1958,1960,
4007,Gustaf Larsson,s,Södermanlands län,Andra kammaren,1958,1960,
4008,Gustaf Nilson,h,Hallands län,Andra kammaren,1958,1960,
4009,Gustav Boija,fp,Östergötlands län,Andra kammaren,1958,1960,
4010,Gustav Johansson,k,Stockholms stad,Andra kammaren,1958,1960,
4011,Gustav Svensson i Vä,c,Jönköpings län,Andra kammaren,1958,1960,
4012,Göran Pettersson,s,Örebro län,Andra kammaren,1958,1960,
4013,Gösta Andersson,s,Göteborgs och Bohus läns landstingsområde,Andra kammaren,1958,1960,
4014,Gösta Bohman,h,Stockholms stad,Andra kammaren,1958,1960,
4015,Gösta Darlin,h,Kristianstads län,Andra kammaren,1958,1960,
4016,Gösta Netzén,s,Fyrstadskretsen,Andra kammaren,1958,1960,
4017,Gösta Skoglund,s,Västerbottens län,Andra kammaren,1958,1960,
4018,Hans Gustafsson,s,Stockholms stad,Andra kammaren,1958,1960,
4019,Hans Hagnell,s,Stockholms stad,Andra kammaren,1958,1960,
4020,Hans Levin,s,Malmöhus län,Andra kammaren,1958,1960,
4021,Hans Nordgren,h,Gävleborgs län,Andra kammaren,1958,1960,
4022,Hans Wachtmeister,h,Blekinge län,Andra kammaren,1958,1960,
4023,Harald Almgren,s,Jönköpings län,Andra kammaren,1958,1960,
4024,Harald Hallén,s,Värmlands län,Andra kammaren,1958,1960,
4025,Harald Johnsson i Skoglösa,c,Kristianstads län,Andra kammaren,1958,1960,
4026,Harald Kärrlander,s,Västernorrlands län,Andra kammaren,1958,1960,
4027,Harald Larsson,c,Norrbottens län,Andra kammaren,1958,1960,
4028,Harry Wahrendorff,c,Värmlands län,Andra kammaren,1958,1960,
4029,Helge Lindström,s,Jämtlands län,Andra kammaren,1958,1960,
4030,Helmer Holmberg,k,Norrbottens län,Andra kammaren,1958,1960,
4031,Henning Carlsson,s,Jönköpings län,Andra kammaren,1958,1960,
4032,Henning Gustafsson,fp,Västerbottens län,Andra kammaren,1958,1960,
4033,Henning Nilsson,k,Gävleborgs län,Andra kammaren,1958,1960,
4034,Henrik Munktell,h,Uppsala län,Andra kammaren,1958,1960,
4035,Henry Allard,s,Örebro län,Andra kammaren,1958,1960,
4036,Henry Brandt,c,Älvsborgs läns södra,Andra kammaren,1958,1960,
4037,Hernfrid Bark,s,Västmanlands län,Andra kammaren,1958,1960,
4038,Hilding Hagberg,k,Stockholms stad,Andra kammaren,1958,1960,
4039,Hjalmar Gustafson,s (till 1960),Kronobergs län,Andra kammaren,1958,1960,
4040,Hjalmar Åhman,fp,Stockholms län,Andra kammaren,1958,1960,
4041,Hugo Bengtsson,s,Fyrstadskretsen,Andra kammaren,1958,1960,
4042,Ingemar Andersson,s,Östergötlands län,Andra kammaren,1958,1960,
4043,Ingemund Bengtsson,s,Hallands län,Andra kammaren,1958,1960,
4044,Ivar Jansson,s,Norrbottens län,Andra kammaren,1958,1960,
4045,James Dickson,h,Älvsborgs läns norra,Andra kammaren,1958,1960,
4046,Jan-Ivan Nilsson,c,Västerbottens län,Andra kammaren,1958,1960,
4047,Jarl Hjalmarson,h,Stockholms län,Andra kammaren,1958,1960,
4048,Jean Braconier,h,Fyrstadskretsen,Andra kammaren,1958,1960,
4049,Johan Ågren,fp,Kopparbergs län,Andra kammaren,1958,1960,
4050,Johannes Antonsson,c,Hallands län,Andra kammaren,1958,1960,
4051,Johannes Blidfors,s,Fyrstadskretsen,Andra kammaren,1958,1960,
4052,Johannes Onsjö (tidigare Johansson),c,Skaraborgs län,Andra kammaren,1958,1960,
4053,John Andersson,fp,Västernorrlands län,Andra kammaren,1958,1960,
4054,John Ericsson i Kinna,s (till 1960),Älvsborgs läns södra,Andra kammaren,1958,1960,
4055,John Eriksson i Bäckmora,c,Gävleborgs län,Andra kammaren,1958,1960,
4056,John Johansson i Gränö,c,Kalmar län,Andra kammaren,1958,1960,
4057,John Lundberg,s,Uppsala län,Andra kammaren,1958,1960,
4058,John Pettersson,c,Jönköpings län,Andra kammaren,1958,1960,
4059,Jöns Nilsson,h,Kristianstads län,Andra kammaren,1958,1960,
4060,Karin Wetterström,h,Östergötlands län,Andra kammaren,1958,1960,
4061,Karl Andersson i Björkäng,c,Örebro län,Andra kammaren,1958,1960,
4062,Karl Jönsson,s,Kristianstads län,Andra kammaren,1958,1960,
4063,Karl-Gustav Andersson,s,Värmlands län,Andra kammaren,1958,1960,
4064,Knut Senander,k,Göteborg,Andra kammaren,1958,1960,
4065,Lars Eliasson,c,Kopparbergs län,Andra kammaren,1958,1960,
4066,Lars Jonsson,s,Västernorrlands län,Andra kammaren,1958,1960,
4067,Leif Cassel,h,Värmlands län,Andra kammaren,1958,1960,
4068,Lena Renström-Ingenäs,s,Örebro län,Andra kammaren,1958,1960,
4069,Lennart Stiernstedt,h,Stockholms län,Andra kammaren,1958,1960,
4070,Lisa Johansson,s,Skaraborgs län,Andra kammaren,1958,1960,
4071,Manne Ståhl,fp,Värmlands län,Andra kammaren,1958,1960,
4072,Margit Vinge,fp,Stockholms län,Andra kammaren,1958,1960,
4073,Marta Lindberg,s,Örebro län,Andra kammaren,1958,1960,
4074,Martin Larsson,fp,Stockholms stad,Andra kammaren,1958,1960,
4075,Martin Skoglund,h,Östergötlands län,Andra kammaren,1958,1960,
4076,Mary Holmqvist,s,Malmöhus län,Andra kammaren,1958,1960,
4077,Matteus Berglund,fp,Örebro län,Andra kammaren,1958,1960,
4078,Märta Boman,h,Norrbottens län,Andra kammaren,1958,1960,
4079,Nancy Eriksson,s,Stockholms stad,Andra kammaren,1958,1960,
4080,Nils Agerberg,h,Jämtlands län,Andra kammaren,1958,1960,
4081,Nils Fröding,h,Västernorrlands län,Andra kammaren,1958,1960,
4082,Nils G. Hansson i Skegrie,c,Malmöhus län,Andra kammaren,1958,1960,
4083,Nils Kellgren,s,Stockholms stad,Andra kammaren,1958,1960,
4084,Nils Odhe,s,Skaraborgs län,Andra kammaren,1958,1960,
4085,Nils Stenberg,fp,Gävleborgs län,Andra kammaren,1958,1960,
4086,Olaus Nyberg,fp,Blekinge län,Andra kammaren,1958,1960,
4087,Olof Andreasson,s,Göteborg,Andra kammaren,1958,1960,
4088,Olof Hammar,fp,Kopparbergs län,Andra kammaren,1958,1960,
4089,Olof Johansson,fp,Göteborgs och Bohus läns landstingsområde,Andra kammaren,1958,1960,
4090,Olof Nilsson i Göteborg,s,Göteborg,Andra kammaren,1958,1960,
4091,Olof Persson,s,Kopparbergs län,Andra kammaren,1958,1960,
4092,Olof Wiklund,s,Norrbottens län,Andra kammaren,1958,1960,
4093,Olov Rylander,fp,Västmanlands län,Andra kammaren,1958,1960,
4094,Oscar Franzén,s,Östergötlands län,Andra kammaren,1958,1960,
4095,Oscar Malmborg,fp,Skaraborgs län,Andra kammaren,1958,1960,
4096,Oskar Åkerström,s,Västerbottens län,Andra kammaren,1958,1960,
4097,Ossian Sehlstedt,s,Södermanlands län,Andra kammaren,1958,1960,
4098,Ove Gansmoe,h,Stockholms stad,Andra kammaren,1958,1960,
4099,Patrik Svensson,s,Älvsborgs läns norra,Andra kammaren,1958,1960,
4100,Per Edvin Sköld,s,Malmöhus län,Andra kammaren,1958,1960,
4101,Per Svensson,c,Gotlands län,Andra kammaren,1958,1960,
4102,Ragnar Edenman,s,Uppsala län,Andra kammaren,1958,1960,
4103,Ragnar Ekström,s,Södermanlands län,Andra kammaren,1958,1960,
4104,Ragnar Lassinantti,s,Norrbottens län,Andra kammaren,1958,1960,
4105,Ragnhild Sandström,fp,Västerbottens län,Andra kammaren,1958,1960,
4106,Rolf Eliasson,h,Skaraborgs län,Andra kammaren,1958,1960,
4107,Rosa Svensson i Kungsör,s,Västmanlands län,Andra kammaren,1958,1960,
4108,Rune Carlstein,s (från 1960),Älvsborgs läns södra,Andra kammaren,1958,1960,
4109,Rune Gustavsson,c,Kronobergs län,Andra kammaren,1958,1960,
4110,Rune Johansson i Norrköping,s,Östergötlands län,Andra kammaren,1958,1960,
4111,Sam Norup,c,Kristianstads län,Andra kammaren,1958,1960,
4112,Sigfrid Jonsson,s,Jämtlands län,Andra kammaren,1958,1960,
4113,Sigfrid Löfgren,fp,Fyrstadskretsen,Andra kammaren,1958,1960,
4114,Sigrid Ekendahl,s,Stockholms stad,Andra kammaren,1958,1960,
4115,Sigurd Lindholm,s,Gävleborgs län,Andra kammaren,1958,1960,
4116,Sigvard Rimås,fp,Östergötlands län,Andra kammaren,1958,1960,
4117,Stellan Arvidsson,s,Stockholms stad,Andra kammaren,1958,1960,
4118,Sten Källenius,h (från 1959),Stockholms stad,Andra kammaren,1958,1960,
4119,Sten Wahlund,c,Uppsala län,Andra kammaren,1958,1960,
4120,Stig Alemyr,s,Kalmar län,Andra kammaren,1958,1960,
4121,Stig F. Hansson,c,Malmöhus län,Andra kammaren,1958,1960,
4122,Stina Wallerius-Gunne,h,Göteborg,Andra kammaren,1958,1960,
4123,Svante Lundkvist,s,Södermanlands län,Andra kammaren,1958,1960,
4124,Sven A. Svensson,h,Kalmar län,Andra kammaren,1958,1960,
4125,Sven Andersson i Billingsfors,s,Älvsborgs läns norra,Andra kammaren,1958,1960,
4126,Sven Antby,fp,Älvsborgs läns norra,Andra kammaren,1958,1960,
4127,Sven Ekström,s,Gävleborgs län,Andra kammaren,1958,1960,
4128,Sven Gustafson,fp,Göteborg,Andra kammaren,1958,1960,
4129,Sven Hedqvist,s,Stockholms län,Andra kammaren,1958,1960,
4130,Sven Mellqvist,s,Kopparbergs län,Andra kammaren,1958,1960,
4131,Sven Persson,s,Östergötlands län,Andra kammaren,1958,1960,
4132,Sven Vigelsbo,c,Västmanlands län,Andra kammaren,1958,1960,
4133,Sven Wedén,fp,Södermanlands län,Andra kammaren,1958,1960,
4134,Tage Erlander,s,Stockholms stad,Andra kammaren,1958,1960,
4135,Tage Magnusson,h,Älvsborgs läns södra,Andra kammaren,1958,1960,
4136,Tekla Torbrink,s,Kalmar län,Andra kammaren,1958,1960,
4137,Thorbjörn Fälldin,c,Västernorrlands län,Andra kammaren,1958,1960,
4138,Thure Andersson,s,Blekinge län,Andra kammaren,1958,1960,
4139,Thyra Löfqvist,s,Blekinge län,Andra kammaren,1958,1960,
4140,Tore Bengtsson,s,Hallands län,Andra kammaren,1958,1960,
4141,Torgil von Seth,h,Jönköpings län,Andra kammaren,1958,1960,
4142,Torsten Fredriksson,s,Kopparbergs län,Andra kammaren,1958,1960,
4143,Torsten Nilsson,s,Stockholms stad,Andra kammaren,1958,1960,
4144,Ture Königson,fp,Göteborg,Andra kammaren,1958,1960,
4145,Ulla Lidman-Frostenson,h,Stockholms län,Andra kammaren,1958,1960,
4146,Valdemar Berglund,s,Norrbottens län,Andra kammaren,1958,1960,
4147,Valter Kristensson,s,Göteborg,Andra kammaren,1958,1960,
4148,Viola Sandell,s,Värmlands län,Andra kammaren,1958,1960,
4149,Waldemar Svensson i Ljungskile,fp,Göteborgs och Bohus läns landstingsområde,Andra kammaren,1958,1960,
4150,Walter Sundström,s,Skaraborgs län,Andra kammaren,1958,1960,
4151,Yngve Hamrin,fp,Jönköpings län,Andra kammaren,1958,1960,
4152,Åke Zetterberg,s,Stockholms stad,Andra kammaren,1958,1960,
4153,Alvar Mårtensson,s,(mandatperiod 1956-1963),Första kammaren,1959,1959,
4154,Anders Johansson,fp,(mandatperiod 1954-1961),Första kammaren,1959,1959,
4155,Annie Wallentheim,s,(mandatperiod 1955-1962),Första kammaren,1959,1959,
4156,Anselm Gillström,s,(mandatperiod 1957-1964),Första kammaren,1959,1959,
4157,Arne Geijer,s,(mandatperiod 1955-1962),Första kammaren,1959,1959,
4158,Arvid Hellebladh,s,(mandatperiod 1952-1959),Första kammaren,1959,1959,
4159,Axel Andersson i Örnsköldsvik,fp,(mandatperiod 1957-1964),Första kammaren,1959,1959,
4160,Axel E. Andersson,c,(mandatperiod 1953-1960),Första kammaren,1959,1959,
4161,Axel E. Svensson,s,(mandatperiod 1956-1963),Första kammaren,1959,1959,
4162,Axel Mannerskantz,h,(mandatperiod 1952-1959),Första kammaren,1959,1959,
4163,Axel Strand,s,(mandatperiod 1954-1961),Första kammaren,1959,1959,
4164,Bengt Elmgren,s,(mandatperiod 1957-1964),Första kammaren,1959,1959,
4165,Bengt Gustavsson,s,(mandatperiod 1956-1963),Första kammaren,1959,1959,
4166,Bertil Andersson,s,(mandatperiod 1956-1963),Första kammaren,1959,1959,
4167,Bertil Jonasson,c,(mandatperiod 1958-1965),Första kammaren,1959,1959,
4168,Bertil Mogård,s,(mandatperiod 1954-1961),Första kammaren,1959,1959,
4169,Bertil Petersson,s,(mandatperiod 1952-1959),Första kammaren,1959,1959,
4170,Birger Andersson,s,(mandatperiod 1952-1959),Första kammaren,1959,1959,
4171,Birger Lundström,fp,(mandatperiod 1954-1961),Första kammaren,1959,1959,
4172,Bo Siegbahn,s,(mandatperiod 1954-1961),Första kammaren,1959,1959,
4173,Carl Albert Andersson,s,(mandatperiod 1954-1961),Första kammaren,1959,1959,
4174,Carl Eskilsson,h,(mandatperiod 1957-1964),Första kammaren,1959,1959,
4175,Carl Olsén,s,(mandatperiod 1957-1964),Första kammaren,1959,1959,
4176,Carl Schmidt,fp,(mandatperiod 1959-1966),Första kammaren,1959,1959,
4177,Dagmar Ranmark,s,(mandatperiod 1958-1965),Första kammaren,1959,1959,
4178,David Ollén,fp,(mandatperiod 1954-1961),Första kammaren,1959,1959,
4179,Ebbe Ohlsson,h,(mandatperiod 1959-1966),Första kammaren,1959,1959,
4180,Ebon Andersson,h,(mandatperiod 1954-1961),Första kammaren,1959,1959,
4181,Edvin Thun,s,(mandatperiod 1955-1962),Första kammaren,1959,1959,
4182,Einar Dahl,s,(mandatperiod 1958-1965),Första kammaren,1959,1959,
4183,Einar Danmans,fp,(mandatperiod 1953-1960),Första kammaren,1959,1959,
4184,Einar Eriksson,s,(mandatperiod 1955-1962),Första kammaren,1959,1959,
4185,Einar Persson,s,(mandatperiod 1952-1959),Första kammaren,1959,1959,
4186,Emanuel Birke,h,(mandatperiod 1955-1962),Första kammaren,1959,1959,
4187,Emil Ahlkvist,s,(mandatperiod 1956-1963),Första kammaren,1959,1959,
4188,Emil Näsström,s,(mandatperiod 1957-1964),Första kammaren,1959,1959,
4189,Eric Holmqvist,s,(mandatperiod 1956-1963),Första kammaren,1959,1959,
4190,Eric Källqvist,fp,(mandatperiod 1958-1965),Första kammaren,1959,1959,
4191,Eric Mossberger,s,(mandatperiod 1959-1966),Första kammaren,1959,1959,
4192,Erik Alexandersson,fp,(mandatperiod 1955-1962),Första kammaren,1959,1959,
4193,Erik Boheman,s,(mandatperiod 1959-1966),Första kammaren,1959,1959,
4194,Erik Carlsson,c,(mandatperiod 1952-1959),Första kammaren,1959,1959,
4195,Erik Hagberg,h,(mandatperiod 1956-1963),Första kammaren,1959,1959,
4196,Erik Jansson,s,(mandatperiod 1955-1962),Första kammaren,1959,1959,
4197,Erik Lindblom,fp,(mandatperiod 1952-1959),Första kammaren,1959,1959,
4198,Erik Olsson i Krokom,s,(mandatperiod 1957-1964),Första kammaren,1959,1959,
4199,Erik Svedberg,s,(mandatperiod 1953-1960),Första kammaren,1959,1959,
4200,Erik Wärnberg,s,(mandatperiod 1957-1964),Första kammaren,1959,1959,
4201,Ferdinand Nilsson,c (från 1959),(mandatperiod 1955-1962),Första kammaren,1959,1959,
4202,Fridolf Wirmark,s,(mandatperiod 1959-1966),Första kammaren,1959,1959,
4203,Fritiof Boo,s,(mandatperiod 1954-1961),Första kammaren,1959,1959,
4204,Fritiof Domö,h,(mandatperiod 1952-1959),Första kammaren,1959,1959,
4205,Georg Branting,s,(mandatperiod 1954-1961),Första kammaren,1959,1959,
4206,Georg Carlsson,c,(mandatperiod 1956-1963),Första kammaren,1959,1959,
4207,Georg Pettersson,s,(mandatperiod 1952-1959),Första kammaren,1959,1959,
4208,Gunnar Andersson i Gustavsberg,s (avled 1959),(mandatperiod 1955-1962),Första kammaren,1959,1959,
4209,Gunnar Berg,s,(mandatperiod 1956-1963),Första kammaren,1959,1959,
4210,Gunnar Edström,fp,(mandatperiod 1956-1963),Första kammaren,1959,1959,
4211,Gunnar Lange,s,(mandatperiod 1956-1963),Första kammaren,1959,1959,
4212,Gunnar Lodenius,c (till 1959),(mandatperiod 1955-1962),Första kammaren,1959,1959,
4213,Gunnar Pettersson,fp,(mandatperiod 1959-1966),Första kammaren,1959,1959,
4214,Gunnar Spetz,fp,(mandatperiod 1958-1965),Första kammaren,1959,1959,
4215,Gunnar Sträng,s,(mandatperiod 1954-1961),Första kammaren,1959,1959,
4216,Gunnar Svärd,h,(mandatperiod 1958-1965),Första kammaren,1959,1959,
4217,Gunnar Öhman,k,(mandatperiod 1959-1966),Första kammaren,1959,1959,
4218,Gustaf Elofsson,c,(mandatperiod 1956-1963),Första kammaren,1959,1959,
4219,Gustaf Snygg,s,(mandatperiod 1952-1959),Första kammaren,1959,1959,
4220,Gustaf Sundelin,fp,(mandatperiod 1959-1966),Första kammaren,1959,1959,
4221,Gustav Fahlander,s,(mandatperiod 1956-1963),Första kammaren,1959,1959,
4222,Gärda Svensson,bf,(mandatperiod 1959-1966),Första kammaren,1959,1959,
4223,Göran Karlsson,s,(mandatperiod 1958-1965),Första kammaren,1959,1959,
4224,Helmer Persson,k,(mandatperiod 1955-1962),Första kammaren,1959,1959,
4225,Henry Hansson,h,(mandatperiod 1959-1966),Första kammaren,1959,1959,
4226,Herbert Hermansson,bf,(mandatperiod 1958-1965),Första kammaren,1959,1959,
4227,Hjalmar Nilsson,s,(mandatperiod 1957-1964),Första kammaren,1959,1959,
4228,Hjalmar Nyström,s,(mandatperiod 1955-1962),Första kammaren,1959,1959,
4229,Hugo Osvald,fp,(mandatperiod 1956-1963),Första kammaren,1959,1959,
4230,Ingeborg Carlqvist,s,(mandatperiod 1956-1963),Första kammaren,1959,1959,
4231,Ingrid Gärde Widemar,fp,(mandatperiod 1954-1961),Första kammaren,1959,1959,
4232,Ingrid Segerstedt-Wiberg,s,(mandatperiod 1959-1966),Första kammaren,1959,1959,
4233,Ivar Johansson,c,(mandatperiod 1957-1964),Första kammaren,1959,1959,
4234,Ivar Persson,c,(mandatperiod 1956-1963),Första kammaren,1959,1959,
4235,Jakob Grym,s,(mandatperiod 1955-1962),Första kammaren,1959,1959,
4236,Johan Kronstrand,fp,(mandatperiod 1954-1961),Första kammaren,1959,1959,
4237,Johan Persson,fp,(mandatperiod 1956-1963),Första kammaren,1959,1959,
4238,Johan Sunne,fp,(mandatperiod 1957-1964),Första kammaren,1959,1959,
4239,John Bergvall,fp,(mandatperiod 1954-1961),Första kammaren,1959,1959,
4240,John-Arvid Arvidson,h,(mandatperiod 1956-1963),Första kammaren,1959,1959,
4241,Jon Jonsson i Fjäle,s,(mandatperiod 1953-1960),Första kammaren,1959,1959,
4242,Josef Nord,fp,(mandatperiod 1952-1959),Första kammaren,1959,1959,
4243,Justus Lindgren,s,(mandatperiod 1952-1959),Första kammaren,1959,1959,
4244,Karl Damström,s,(mandatperiod 1952-1959),Första kammaren,1959,1959,
4245,Knut Ewerlöf,h,(mandatperiod 1954-1961),Första kammaren,1959,1959,
4246,Knut Hesselbom,s,(mandatperiod 1954-1961),Första kammaren,1959,1959,
4247,Knut Johansson,s,(mandatperiod 1954-1961),Första kammaren,1959,1959,
4248,Lage Svedberg,s,(mandatperiod 1955-1962),Första kammaren,1959,1959,
4249,Lars Larsson i Lotorp,s,(mandatperiod 1957-1964),Första kammaren,1959,1959,
4250,Lars Lindahl,s,(mandatperiod 1959-1966),Första kammaren,1959,1959,
4251,Lisa Mattsson,s,(mandatperiod 1959-1966),Första kammaren,1959,1959,
4252,Martin Söderquist,fp,(mandatperiod 1955-1962),Första kammaren,1959,1959,
4253,Nils Aastrup,fp,(mandatperiod 1954-1961),Första kammaren,1959,1959,
4254,Nils Elowsson,s,(mandatperiod 1956-1963),Första kammaren,1959,1959,
4255,Nils Franzén,c,(mandatperiod 1952-1959),Första kammaren,1959,1959,
4256,Nils Hansson i Ronneby,fp,(mandatperiod 1956-1963),Första kammaren,1959,1959,
4257,Nils Johansson,c,(mandatperiod 1952-1959),Första kammaren,1959,1959,
4258,Nils Magnusson,s,(mandatperiod 1958-1965),Första kammaren,1959,1959,
4259,Nils Nestrup,fp,(mandatperiod 1959-1966),Första kammaren,1959,1959,
4260,Nils Strandler,s,(mandatperiod 1957-1964),Första kammaren,1959,1959,
4261,Nils Ståhle,s,(mandatperiod 1956-1963),Första kammaren,1959,1959,
4262,Nils Theodor Larsson,c,(mandatperiod 1952-1959),Första kammaren,1959,1959,
4263,Nils-Eric Gustafsson,c,(mandatperiod 1955-1962),Första kammaren,1959,1959,
4264,Olof Palme,s,(mandatperiod 1958-1965),Första kammaren,1959,1959,
4265,Olof Pålsson,c,(mandatperiod 1957-1964),Första kammaren,1959,1959,
4266,Oscar Carlsson,s,(mandatperiod 1958-1965),Första kammaren,1959,1959,
4267,Per Bergman,s,(mandatperiod 1959-1966),Första kammaren,1959,1959,
4268,Per Jacobsson,fp,(mandatperiod 1955-1962),Första kammaren,1959,1959,
4269,Per Olofsson,s,(mandatperiod 1957-1964),Första kammaren,1959,1959,
4270,Per-Eric Ringaby,h,(mandatperiod 1958-1965),Första kammaren,1959,1959,
4271,Per-Olof Hansson,fp,(mandatperiod 1954-1961),Första kammaren,1959,1959,
4272,Ragnar Bergh,h,(mandatperiod 1955-1962),Första kammaren,1959,1959,
4273,Ragnar Persson,s,(mandatperiod 1959-1966),Första kammaren,1959,1959,
4274,Ragnar Sveningsson,h,(mandatperiod 1954-1961),Första kammaren,1959,1959,
4275,Rickard Sandler,s,(mandatperiod 1953-1960),Första kammaren,1959,1959,
4276,Rikard Svensson,s,(mandatperiod 1956-1963),Första kammaren,1959,1959,
4277,Robert Johansson,c,(mandatperiod 1954-1961),Första kammaren,1959,1959,
4278,Rolf Kaijser,h,(mandatperiod 1958-1965),Första kammaren,1959,1959,
4279,Rudolf Anderberg,s,(mandatperiod 1956-1963),Första kammaren,1959,1959,
4280,Rudolf Boman,fp,(mandatperiod 1958-1965),Första kammaren,1959,1959,
4281,Rune Johansson,s,(mandatperiod 1959-1966),Första kammaren,1959,1959,
4282,Ruth Hamrin-Thorell,redaktör fp,(mandatperiod 1955-1962),Första kammaren,1959,1959,
4283,Sigfrid Larsson i Svalöv,c,(mandatperiod 1956-1963),Första kammaren,1959,1959,
4284,Sten Söderberg,s,(mandatperiod 1956-1963),Första kammaren,1959,1959,
4285,Sten Åkesson,fp,(mandatperiod 1956-1963),Första kammaren,1959,1959,
4286,Svante Kristiansson,s,(mandatperiod 1956-1963),Första kammaren,1959,1959,
4287,Sven Andersson,s,(mandatperiod 1956-1963),Första kammaren,1959,1959,
4288,Sven Aspling,s,(mandatperiod 1959-1966),Första kammaren,1959,1959,
4289,Sven Aspling,s,(mandatperiod 1952-1959),Första kammaren,1959,1959,
4290,Sven Sundin,c,(mandatperiod 1957-1964),Första kammaren,1959,1959,
4291,Tage Johansson,s,(mandatperiod 1958-1965),Första kammaren,1959,1959,
4292,Thore Sörlin,s,(mandatperiod 1955-1962),Första kammaren,1959,1959,
4293,Tor Wolgast,c,(mandatperiod 1956-1963),Första kammaren,1959,1959,
4294,Torsten Andersson,c,(mandatperiod 1954-1961),Första kammaren,1959,1959,
4295,Torsten Bengtsson,c,(mandatperiod 1958-1965),Första kammaren,1959,1959,
4296,Torsten Mattsson,c,(mandatperiod 1959-1966),Första kammaren,1959,1959,
4297,Ulla Lindström,s,(mandatperiod 1954-1961),Första kammaren,1959,1959,
4298,Uno Hedström,s,(mandatperiod 1955-1962),Första kammaren,1959,1959,
4299,Uno Olofsson,fp,(mandatperiod 1955-1962),Första kammaren,1959,1959,
4300,Valter Åman,s,(mandatperiod 1954-1961),Första kammaren,1959,1959,
4301,Yngve Möller,s,(mandatperiod 1953-1960),Första kammaren,1959,1959,
4302,Yngve Nilsson,h,(mandatperiod 1956-1963),Första kammaren,1959,1959,
4303,Åke Larsson,s,(mandatperiod 1959-1966),Första kammaren,1959,1959,
4304,Östen Undén,s,(mandatperiod 1958-1965),Första kammaren,1959,1959,
4305,Alf Andersson,s,Västernorrlands län,Andra kammaren,1961,1964,
4306,Alf Wennerfors (12 september 1962–1964),h,Stockholms län,Andra kammaren,1961,1964,
4307,Alvar Andersson (politiker),c,Hallands län,Andra kammaren,1961,1964,
4308,Anders Forsberg,s,Jönköpings län,Andra kammaren,1961,1964,
4309,Anders Haglund,s,Gävleborgs län,Andra kammaren,1961,1964,
4310,Anders Pettersson,c,Hallands län,Andra kammaren,1961,1964,
4311,Anna-Lisa Lewén-Eliasson,s,Stockholms län,Andra kammaren,1961,1964,
4312,Annie Jäderberg,s,Norrbottens län,Andra kammaren,1961,1964,
4313,Arne Blomkvist,s,Skaraborgs län,Andra kammaren,1961,1964,
4314,Arthur Sköldin,s,Stockholms län,Andra kammaren,1961,1964,
4315,Arvid Andersson i Gunnarskog,s,Värmlands län,Andra kammaren,1961,1964,
4316,Arvid Eskel,s,Värmlands län,Andra kammaren,1961,1964,
4317,Arvid Nilsson i Lönsboda,fp,Kristianstads län,Andra kammaren,1961,1964,
4318,Astrid Bergegren,s,Östergötlands län,Andra kammaren,1961,1964,
4319,Astrid Kristensson,h,Stockholms stad,Andra kammaren,1961,1964,
4320,Astrid Lindekvist,s,Västerbottens län,Andra kammaren,1961,1964,
4321,August Spångberg,s,Värmlands län,Andra kammaren,1961,1964,
4322,Augustinus Keijer,fp,Stockholms län,Andra kammaren,1961,1964,
4323,Axel Gustafsson,fp,Älvsborgs läns södra,Andra kammaren,1961,1964,
4324,Axel Landgren,s,Malmöhus län,Andra kammaren,1961,1964,
4325,Bengt Arweson,s,Gotlands län,Andra kammaren,1961,1964,
4326,Bengt Bengtsson,h (till 1962),Göteborg,Andra kammaren,1961,1964,
4327,Bengt Börjesson,c,Skaraborgs län,Andra kammaren,1961,1964,
4328,Bengt Fagerlund,s,Kronobergs län,Andra kammaren,1961,1964,
4329,Bernhard Sundelin,s,Västernorrlands län,Andra kammaren,1961,1964,
4330,Bertil Ohlin,fp,Stockholms stad,Andra kammaren,1961,1964,
4331,Bertil von Friesen,fp,Göteborg,Andra kammaren,1961,1964,
4332,Birger Nilsson,s,Jämtlands län,Andra kammaren,1961,1964,
4333,Bo Martinsson,s,Västernorrlands län,Andra kammaren,1961,1964,
4334,Bo Turesson,h,Kopparbergs län,Andra kammaren,1961,1964,
4335,Brita Elmén,fp,Göteborg,Andra kammaren,1961,1964,
4336,Bror Nyström,s,Stockholms län,Andra kammaren,1961,1964,
4337,C.W. Carlsson,fp,Stockholms stad,Andra kammaren,1961,1964,
4338,Carl Christenson,fp,Fyrstadskretsen,Andra kammaren,1961,1964,
4339,Carl E. Johansson,s,Bohuslän,Andra kammaren,1961,1964,
4340,Carl Göran Regnéll,h,Fyrstadskretsen,Andra kammaren,1961,1964,
4341,Carl Östlund,h,Västerbottens län,Andra kammaren,1961,1964,
4342,Carl-Eric Hedin,h,Södermanlands län,Andra kammaren,1961,1964,
4343,Carl-Erik Johansson,s,Stockholms län,Andra kammaren,1961,1964,
4344,Carl-Gustav Enskog,fp,Västmanlands län,Andra kammaren,1961,1964,
4345,Cecilia Nettelbrandt,fp,Stockholms län,Andra kammaren,1961,1964,
4346,Christian von Sydow,h,Östergötlands län,Andra kammaren,1961,1964,
4347,Dag Edlund,h,Västmanlands län,Andra kammaren,1961,1964,
4348,Daniel Wiklund,fp,Stockholms stad,Andra kammaren,1961,1964,
4349,David Gomér,c,Östergötlands län,Andra kammaren,1961,1964,
4350,David Svenungsson,h,Stockholms stad,Andra kammaren,1961,1964,
4351,Ebbe Rydén,fp,Örebro län,Andra kammaren,1961,1964,
4352,Einar Asp,s,Gävleborgs län,Andra kammaren,1961,1964,
4353,Einar Gustafsson,c,Östergötlands län,Andra kammaren,1961,1964,
4354,Einar Haeggblom,h,Kalmar län,Andra kammaren,1961,1964,
4355,Einar Henningsson,s,Fyrstadskretsen,Andra kammaren,1961,1964,
4356,Einar Larsson,c,Kristianstads län,Andra kammaren,1961,1964,
4357,Einar Rimmerfors,fp,Stockholms stad,Andra kammaren,1961,1964,
4358,Elias Jönsson,fp,Jämtlands län,Andra kammaren,1961,1964,
4359,Elisabeth Sjövall,s,Göteborg,Andra kammaren,1961,1964,
4360,Elsa Lindskog,s,Kopparbergs län,Andra kammaren,1961,1964,
4361,Elvira Holmberg,s,Västernorrlands län,Andra kammaren,1961,1964,
4362,Emil Elmvall,c,Södermanlands län,Andra kammaren,1961,1964,
4363,Eric Carlsson,s,Västmanlands län,Andra kammaren,1961,1964,
4364,Eric Johanson,s,Kalmar län,Andra kammaren,1961,1964,
4365,Eric Karlsson,s,Blekinge län,Andra kammaren,1961,1964,
4366,Eric Nelander,fp,Malmöhus län,Andra kammaren,1961,1964,
4367,Eric Nilsson,h,Malmöhus län,Andra kammaren,1961,1964,
4368,Eric Svenning,s,Fyrstadskretsen,Andra kammaren,1961,1964,
4369,Erik Adamsson,s,Fyrstadskretsen,Andra kammaren,1961,1964,
4370,Erik Anners,h (från 1963),Uppsala län,Andra kammaren,1961,1964,
4371,Erik Brandt,s,Örebro län,Andra kammaren,1961,1964,
4372,Erik Grebäck,c,Stockholms län,Andra kammaren,1961,1964,
4373,Erik Larsson i Norderön,c,Jämtlands län,Andra kammaren,1961,1964,
4374,Erik Magnusson,h,Kronobergs län,Andra kammaren,1961,1964,
4375,Erik Tobé,fp,Uppsala län,Andra kammaren,1961,1964,
4376,Erik Östrand,s,Kopparbergs län,Andra kammaren,1961,1964,
4377,Erland Carbell,s,Stockholms stad,Andra kammaren,1961,1964,
4378,Ernst Jacobsson,s,Västmanlands län,Andra kammaren,1961,1964,
4379,Ernst Staxäng (tidigare Olsson),h,Bohuslän,Andra kammaren,1961,1964,
4380,Essen Lindahl,s,Stockholms län,Andra kammaren,1961,1964,
4381,Etty Eriksson,s,Kristianstads län,Andra kammaren,1961,1964,
4382,Eva Karlsson,h,Fyrstadskretsen,Andra kammaren,1961,1964,
4383,Evert Svensson,s,Bohuslän,Andra kammaren,1961,1964,
4384,Folke Björkman,h,Stockholms stad,Andra kammaren,1961,1964,
4385,Folke Trana,s,Stockholms län,Andra kammaren,1961,1964,
4386,Fredrik-Adolf Hamilton af Hageby,h,Örebro län,Andra kammaren,1961,1964,
4387,Fridolf Jansson,c,Kronobergs län,Andra kammaren,1961,1964,
4388,Fridolf Thapper,s,Östergötlands län,Andra kammaren,1961,1964,
4389,Fritz Börjesson,c,Kalmar län,Andra kammaren,1961,1964,
4390,Gunbjörg Thunvall,s,Gävleborgs län,Andra kammaren,1961,1964,
4391,Gunnar Carlsson,s,Göteborg,Andra kammaren,1961,1964,
4392,Gunnar Engkvist,s,Kristianstads län,Andra kammaren,1961,1964,
4393,Gunnar Eskilsson,s,Värmlands län,Andra kammaren,1961,1964,
4394,Gunnar Gustafsson,s,Bohuslän,Andra kammaren,1961,1964,
4395,Gunnar Heckscher,h,Stockholms stad,Andra kammaren,1961,1964,
4396,Gunnar Hedlund,c,Västernorrlands län,Andra kammaren,1961,1964,
4397,Gunnar Helén,fp,Stockholms län,Andra kammaren,1961,1964,
4398,Gunnar Larsson,c,Skaraborgs län,Andra kammaren,1961,1964,
4399,Gunnar Lundmark,s,Västerbottens län,Andra kammaren,1961,1964,
4400,Gunnel Olsson,s,Stockholms län,Andra kammaren,1961,1964,
4401,Gustaf Kollberg,fp,Stockholms stad,Andra kammaren,1961,1964,
4402,Gustaf Nilson,h,Hallands län,Andra kammaren,1961,1964,
4403,Gustaf Svensson i Vä,c,Jönköpings län,Andra kammaren,1961,1964,
4404,Gustav Boija,fp,Östergötlands län,Andra kammaren,1961,1964,
4405,Gustav Johansson,k,Stockholms stad,Andra kammaren,1961,1964,
4406,Göran Pettersson,s,Örebro län,Andra kammaren,1961,1964,
4407,Gördis Hörnlund,s,Älvsborgs läns södra,Andra kammaren,1961,1964,
4408,Gösta Andersson,s,Bohuslän,Andra kammaren,1961,1964,
4409,Gösta Bohman,h,Stockholms stad,Andra kammaren,1961,1964,
4410,Gösta Darlin,h,Kristianstads län,Andra kammaren,1961,1964,
4411,Gösta Netzén,s,Fyrstadskretsen,Andra kammaren,1961,1964,
4412,Gösta Skoglund,s,Västerbottens län,Andra kammaren,1961,1964,
4413,Hans Gustafsson,s,Stockholms stad,Andra kammaren,1961,1964,
4414,Hans Hagnell,s,Stockholms stad,Andra kammaren,1961,1964,
4415,Hans Levin,s,Malmöhus län,Andra kammaren,1961,1964,
4416,Hans Nordgren,h,Gävleborgs län,Andra kammaren,1961,1964,
4417,Hans Wachtmeister,h,Blekinge län,Andra kammaren,1961,1964,
4418,Harald Almgren,s,Jönköpings län,Andra kammaren,1961,1964,
4419,Harald Johnsson i Skoglösa,c,Kristianstads län,Andra kammaren,1961,1964,
4420,Harald Kärrlander,s,Västernorrlands län,Andra kammaren,1961,1964,
4421,Harald Larsson,c,Norrbottens län,Andra kammaren,1961,1964,
4422,Harry Berg,s,Södermanlands län,Andra kammaren,1961,1964,
4423,Harry Carlsson,fp,Skaraborgs län,Andra kammaren,1961,1964,
4424,Harry Wahrendorff,bf,Värmlands län,Andra kammaren,1961,1964,
4425,Helge Lindström,s,Jämtlands län,Andra kammaren,1961,1964,
4426,Helmer Holmberg,k,Norrbottens län,Andra kammaren,1961,1964,
4427,Henning Carlsson,s,Jönköpings län,Andra kammaren,1961,1964,
4428,Henning Gustafsson,fp,Västerbottens län,Andra kammaren,1961,1964,
4429,Henning Nilsson,k,Gävleborgs län,Andra kammaren,1961,1964,
4430,Henrik Munktell,h,Uppsala län,Andra kammaren,1961,1964,
4431,Henry Allard,s,Örebro län,Andra kammaren,1961,1964,
4432,Henry Brandt,c,Älvsborgs läns södra,Andra kammaren,1961,1964,
4433,Hilding Hagberg,k,Stockholms stad,Andra kammaren,1961,1964,
4434,Hilding Johansson,s,Älvsborgs läns norra,Andra kammaren,1961,1964,
4435,Hjalmar Heidenberg,s,Gotlands län,Andra kammaren,1961,1964,
4436,Hugo Bengtsson,s,Fyrstadskretsen,Andra kammaren,1961,1964,
4437,Ingemar Andersson,s,Östergötlands län,Andra kammaren,1961,1964,
4438,Ingemund Bengtsson,s,Hallands län,Andra kammaren,1961,1964,
4439,Ingrid Gärde Widemar,fp,Stockholms stad,Andra kammaren,1961,1964,
4440,Ingvar Svanberg,s,Norrbottens län,Andra kammaren,1961,1964,
4441,James Dickson,h,Älvsborgs läns norra,Andra kammaren,1961,1964,
4442,Jan-Ivan Nilsson,c,Västerbottens län,Andra kammaren,1961,1964,
4443,Jarl Hjalmarson,h,Stockholms län,Andra kammaren,1961,1964,
4444,Jean Braconier,h,Fyrstadskretsen,Andra kammaren,1961,1964,
4445,Jerker Svensson,s,Göteborg,Andra kammaren,1961,1964,
4446,Johannes Antonsson,c,Hallands län,Andra kammaren,1961,1964,
4447,Johannes Blidfors,s,Fyrstadskretsen,Andra kammaren,1961,1964,
4448,John Eriksson i Bäckmora,c,Gävleborgs län,Andra kammaren,1961,1964,
4449,John G. Löfroth,fp,Norrbottens län,Andra kammaren,1961,1964,
4450,John Johansson i Gränö,c,Kalmar län,Andra kammaren,1961,1964,
4451,John Lundberg,s,Uppsala län,Andra kammaren,1961,1964,
4452,John R. Andersson,fp,Västernorrlands län,Andra kammaren,1961,1964,
4453,Jöns Nilsson,h,Kristianstads län,Andra kammaren,1961,1964,
4454,Karin Wetterström,h,Östergötlands län,Andra kammaren,1961,1964,
4455,Karl Björkänge (tidigare Andersson),c,Örebro län,Andra kammaren,1961,1964,
4456,Karl Boo,c,Kopparbergs län,Andra kammaren,1961,1964,
4457,Karl Jönsson,s,Kristianstads län,Andra kammaren,1961,1964,
4458,Karl Rask,s,Jönköpings län,Andra kammaren,1961,1964,
4459,Karl-Gustav Andersson,s,Värmlands län,Andra kammaren,1961,1964,
4460,Knut Senander,k,Göteborg,Andra kammaren,1961,1964,
4461,Lars Eliasson,c,Kopparbergs län,Andra kammaren,1961,1964,
4462,Leif Cassel,h,Värmlands län,Andra kammaren,1961,1964,
4463,Lena Renström-Ingenäs,s,Örebro län,Andra kammaren,1961,1964,
4464,Lennart Mattsson,c,Bohuslän,Andra kammaren,1961,1964,
4465,Lennart Stiernstedt,h,Stockholms län,Andra kammaren,1961,1964,
4466,Lisa Johansson,s,Skaraborgs län,Andra kammaren,1961,1964,
4467,Mac Hamrin,fp,Kalmar län,Andra kammaren,1961,1964,
4468,Manne Ståhl,fp,Värmlands län,Andra kammaren,1961,1964,
4469,Mary Holmqvist,s,Malmöhus län,Andra kammaren,1961,1964,
4470,Matteus Berglund,fp,Örebro län,Andra kammaren,1961,1964,
4471,Märta Boman,h,Norrbottens län,Andra kammaren,1961,1964,
4472,Nancy Eriksson,s,Stockholms stad,Andra kammaren,1961,1964,
4473,Nils Fröding,h,Västernorrlands län,Andra kammaren,1961,1964,
4474,Nils G. Hansson i Skegrie,c,Malmöhus län,Andra kammaren,1961,1964,
4475,Nils Kellgren,s,Stockholms stad,Andra kammaren,1961,1964,
4476,Nils Odhe,s,Skaraborgs län,Andra kammaren,1961,1964,
4477,Nils Stenberg,fp,Gävleborgs län,Andra kammaren,1961,1964,
4478,Olaus Nyberg,fp,Blekinge län,Andra kammaren,1961,1964,
4479,Olof Andreasson,s,Göteborg,Andra kammaren,1961,1964,
4480,Olof Hammar,fp,Kopparbergs län,Andra kammaren,1961,1964,
4481,Olof Johansson,fp,Bohuslän,Andra kammaren,1961,1964,
4482,Olof Nilsson i Göteborg,s,Göteborg,Andra kammaren,1961,1964,
4483,Olof Persson,s,Kopparbergs län,Andra kammaren,1961,1964,
4484,Olof Wiklund,s,Norrbottens län,Andra kammaren,1961,1964,
4485,Oscar Franzén,s,Östergötlands län,Andra kammaren,1961,1964,
4486,Oscar Malmborg,fp,Skaraborgs län,Andra kammaren,1961,1964,
4487,Oskar Lindkvist,s,Stockholms stad,Andra kammaren,1961,1964,
4488,Ove Nordstrandh,h (från 1962),Göteborg,Andra kammaren,1961,1964,
4489,Per Edvin Sköld,s,Malmöhus län,Andra kammaren,1961,1964,
4490,Per Svensson,c,Gotlands län,Andra kammaren,1961,1964,
4491,Ragnar Edenman,s,Uppsala län,Andra kammaren,1961,1964,
4492,Ragnar Ekström,s,Södermanlands län,Andra kammaren,1961,1964,
4493,Ragnar Lassinantti,s,Norrbottens län,Andra kammaren,1961,1964,
4494,Ragnhild Sandström,men avled i december 1960),Västerbottens län,Andra kammaren,1961,1964,
4495,Robert Johansson,c,Älvsborgs läns norra,Andra kammaren,1961,1964,
4496,Rolf Eliasson,h,Skaraborgs län,Andra kammaren,1961,1964,
4497,Rosa Andersson,s,Södermanlands län,Andra kammaren,1961,1964,
4498,Rosa Svensson,s,Västmanlands län,Andra kammaren,1961,1964,
4499,Rune Carlstein,s,Älvsborgs läns södra,Andra kammaren,1961,1964,
4500,Rune Gustavsson,c,Kronobergs län,Andra kammaren,1961,1964,
4501,Rune Johansson i Ljungby,s,Kronobergs län,Andra kammaren,1961,1964,
4502,Rune Johansson i Norrköping,s,Östergötlands län,Andra kammaren,1961,1964,
4503,Ruth Andersson,s,Älvsborgs läns norra,Andra kammaren,1961,1964,
4504,Sigfrid Jonsson,s,Jämtlands län,Andra kammaren,1961,1964,
4505,Sigrid Ekendahl,s,Stockholms stad,Andra kammaren,1961,1964,
4506,Sigurd Lindholm,s,Gävleborgs län,Andra kammaren,1961,1964,
4507,Sixten Palm,h,Fyrstadskretsen,Andra kammaren,1961,1964,
4508,Stellan Arvidsson,s,Stockholms stad,Andra kammaren,1961,1964,
4509,Sten Källenius,h,Stockholms stad,Andra kammaren,1961,1964,
4510,Sten Wahlund,c,Uppsala län,Andra kammaren,1961,1964,
4511,Stig Alemyr,s,Kalmar län,Andra kammaren,1961,1964,
4512,Stig Hansson,c,Malmöhus län,Andra kammaren,1961,1964,
4513,Stina Wallerius-Gunne,h,Göteborg,Andra kammaren,1961,1964,
4514,Svante Lundkvist,s,Södermanlands län,Andra kammaren,1961,1964,
4515,Sven Andersson i Billingsfors,s,Älvsborgs läns norra,Andra kammaren,1961,1964,
4516,Sven Antby,fp,Älvsborgs läns norra,Andra kammaren,1961,1964,
4517,Sven Ekström,s,Gävleborgs län,Andra kammaren,1961,1964,
4518,Sven Gustafson,fp,Göteborg,Andra kammaren,1961,1964,
4519,Sven Hammarberg,s,Västmanlands län,Andra kammaren,1961,1964,
4520,Sven Mellqvist,s,Kopparbergs län,Andra kammaren,1961,1964,
4521,Sven Persson,s,Östergötlands län,Andra kammaren,1961,1964,
4522,Sven Vigelsbo,bf,Västmanlands län,Andra kammaren,1961,1964,
4523,Sven Wedén,fp,Södermanlands län,Andra kammaren,1961,1964,
4524,Tage Erlander,s,Stockholms stad,Andra kammaren,1961,1964,
4525,Tage Magnusson,h,Älvsborgs läns södra,Andra kammaren,1961,1964,
4526,Tekla Torbrink,s,Kalmar län,Andra kammaren,1961,1964,
4527,Thorbjörn Fälldin,c,Västernorrlands län,Andra kammaren,1961,1964,
4528,Thorvald Källstad,fp,Göteborg,Andra kammaren,1961,1964,
4529,Thure Andersson,s,Blekinge län,Andra kammaren,1961,1964,
4530,Thyra Löfqvist,s,Blekinge län,Andra kammaren,1961,1964,
4531,Tore Bengtsson,s,Hallands län,Andra kammaren,1961,1964,
4532,Torgil von Seth,h,Jönköpings län,Andra kammaren,1961,1964,
4533,Torsten Bengtsson,ersatt),Jönköpings län,Andra kammaren,1961,1964,
4534,Torsten Fredriksson,s,Kopparbergs län,Andra kammaren,1961,1964,
4535,Torsten Nilsson,s,Stockholms stad,Andra kammaren,1961,1964,
4536,Ulla Lidman-Frostenson,h (avled 1962),Stockholms län,Andra kammaren,1961,1964,
4537,Valter Kristensson,s,Göteborg,Andra kammaren,1961,1964,
4538,Viola Sandell,s,Värmlands län,Andra kammaren,1961,1964,
4539,Waldemar Svensson,fp,Bohuslän,Andra kammaren,1961,1964,
4540,Yngve Hamrin,fp,Jönköpings län,Andra kammaren,1961,1964,
4541,ersatt av: Sigvard Larsson,fp,Västerbottens län,Andra kammaren,1961,1964,
4542,Åke Zetterberg,s,Stockholms stad,Andra kammaren,1961,1964,
4543,Alvar Mårtensson,s,(mandatperiod 1961-1968),Första kammaren,1961,1961,
4544,Anders Johansson i Kråkered,fp,(mandatperiod 1954-1961),Första kammaren,1961,1961,
4545,Annie Wallentheim,s,(mandatperiod 1955-1962),Första kammaren,1961,1961,
4546,Anselm Gillström,s,(mandatperiod 1957-1964),Första kammaren,1961,1961,
4547,Anton Larsson,c,(mandatperiod 1954-1961),Första kammaren,1961,1961,
4548,Arne Geijer,s,(mandatperiod 1955-1962),Första kammaren,1961,1961,
4549,Arvid Hellebladh,s,(mandatperiod 1960-1967),Första kammaren,1961,1961,
4550,Axel Andersson i Örnsköldsvik,fp,(mandatperiod 1957-1964),Första kammaren,1961,1961,
4551,Axel E. Andersson,c,(mandatperiod 1961-1968),Första kammaren,1961,1961,
4552,Axel E. Svensson,s,(mandatperiod 1961-1968),Första kammaren,1961,1961,
4553,Axel Strand,s,(mandatperiod 1954-1961),Första kammaren,1961,1961,
4554,Bengt Elmgren,s,(mandatperiod 1957-1964),Första kammaren,1961,1961,
4555,Bengt Gustavsson,s,(mandatperiod 1956-1963),Första kammaren,1961,1961,
4556,Bengt Sjönell,fp,(mandatperiod 1954-1961),Första kammaren,1961,1961,
4557,Bertil Andersson,s,(mandatperiod 1956-1963),Första kammaren,1961,1961,
4558,Bertil Jonasson,c,(mandatperiod 1958-1965),Första kammaren,1961,1961,
4559,Bertil Mogård,s,(mandatperiod 1954-1961),Första kammaren,1961,1961,
4560,Bertil Petersson,s,(mandatperiod 1960-1967),Första kammaren,1961,1961,
4561,Birger Andersson,s,(mandatperiod 1960-1967),Första kammaren,1961,1961,
4562,Birger Gezelius,h,(mandatperiod 1960-1967),Första kammaren,1961,1961,
4563,Birger Lundström,fp,(mandatperiod 1954-1961),Första kammaren,1961,1961,
4564,Bo Siegbahn,s,(mandatperiod 1954-1961),Första kammaren,1961,1961,
4565,Carl Albert Andersson,s,(mandatperiod 1954-1961),Första kammaren,1961,1961,
4566,Carl Eskilsson,h,(mandatperiod 1957-1964),Första kammaren,1961,1961,
4567,Carl Olsén,s,(mandatperiod 1957-1964),Första kammaren,1961,1961,
4568,Dagmar Ranmark,s,(mandatperiod 1958-1965),Första kammaren,1961,1961,
4569,David Ollén,fp,(mandatperiod 1954-1961),Första kammaren,1961,1961,
4570,Ebbe Ohlsson,h,(mandatperiod 1959-1966),Första kammaren,1961,1961,
4571,Ebon Andersson,h,(mandatperiod 1954-1961),Första kammaren,1961,1961,
4572,Edvin Thun,s,(mandatperiod 1955-1962),Första kammaren,1961,1961,
4573,Einar Dahl,s,(mandatperiod 1958-1965),Första kammaren,1961,1961,
4574,Einar Eriksson,s,(mandatperiod 1955-1962),Första kammaren,1961,1961,
4575,Einar Persson,s,(mandatperiod 1960-1967),Första kammaren,1961,1961,
4576,Emanuel Birke,h,(mandatperiod 1955-1962),Första kammaren,1961,1961,
4577,Emil Ahlkvist,s,(mandatperiod 1961-1968),Första kammaren,1961,1961,
4578,Emil Näsström,s,(mandatperiod 1957-1964),Första kammaren,1961,1961,
4579,Eric Carlsson,c,(mandatperiod 1960-1967),Första kammaren,1961,1961,
4580,Eric Holmqvist,s,(mandatperiod 1961-1968),Första kammaren,1961,1961,
4581,Eric Källqvist,fp,(mandatperiod 1958-1965),Första kammaren,1961,1961,
4582,Eric Mossberger,s,(mandatperiod 1959-1966),Första kammaren,1961,1961,
4583,Erik Alexandersson,fp,(mandatperiod 1955-1962),Första kammaren,1961,1961,
4584,Erik Boheman,fp,(mandatperiod 1959-1966),Första kammaren,1961,1961,
4585,Erik Hagberg,h,(mandatperiod 1961-1968),Första kammaren,1961,1961,
4586,Erik Jansson,s,(mandatperiod 1955-1962),Första kammaren,1961,1961,
4587,Erik Olsson i Krokom,s,(mandatperiod 1957-1964),Första kammaren,1961,1961,
4588,Erik Svedberg,s,(mandatperiod 1961-1968),Första kammaren,1961,1961,
4589,Erik Wärnberg,s,(mandatperiod 1957-1964),Första kammaren,1961,1961,
4590,Ernst Olsson,c,(mandatperiod 1956-1963),Första kammaren,1961,1961,
4591,Ferdinand Nilsson,c,(mandatperiod 1955-1962),Första kammaren,1961,1961,
4592,Fridolf Wirmark,s,(mandatperiod 1959-1966),Första kammaren,1961,1961,
4593,Fritz Persson,s,(mandatperiod 1959-1966),Första kammaren,1961,1961,
4594,Georg Branting,s,(mandatperiod 1954-1961),Första kammaren,1961,1961,
4595,Georg Carlsson,c,(mandatperiod 1956-1963),Första kammaren,1961,1961,
4596,Georg Pettersson,s,(mandatperiod 1960-1967),Första kammaren,1961,1961,
4597,Gunnar Berg,s,(mandatperiod 1956-1963),Första kammaren,1961,1961,
4598,Gunnar Edström,fp,(mandatperiod 1961-1968),Första kammaren,1961,1961,
4599,Gunnar Lange,s,(mandatperiod 1961-1968),Första kammaren,1961,1961,
4600,Gunnar Pettersson,fp,(mandatperiod 1959-1966),Första kammaren,1961,1961,
4601,Gunnar Spetz,fp,(mandatperiod 1958-1965),Första kammaren,1961,1961,
4602,Gunnar Sträng,s,(mandatperiod 1954-1961),Första kammaren,1961,1961,
4603,Gunnar Svärd,h,(mandatperiod 1958-1965),Första kammaren,1961,1961,
4604,Gunnar Öhman,k,(mandatperiod 1959-1966),Första kammaren,1961,1961,
4605,Gustaf Elofsson,c,(mandatperiod 1956-1963),Första kammaren,1961,1961,
4606,Gustaf Sundelin,fp,(mandatperiod 1959-1966),Första kammaren,1961,1961,
4607,Gustav Fahlander,s,(mandatperiod 1956-1963),Första kammaren,1961,1961,
4608,Gärda Svensson,bf,(mandatperiod 1959-1966),Första kammaren,1961,1961,
4609,Göran Karlsson,s,(mandatperiod 1958-1965),Första kammaren,1961,1961,
4610,Gösta Jacobsson,h,(mandatperiod 1961-1968),Första kammaren,1961,1961,
4611,Harald Pettersson,c,(mandatperiod 1960-1967),Första kammaren,1961,1961,
4612,Helmer Persson,k,(mandatperiod 1955-1962),Första kammaren,1961,1961,
4613,Henry Hansson,h,(mandatperiod 1959-1966),Första kammaren,1961,1961,
4614,Herbert Hermansson,bf,(mandatperiod 1958-1965),Första kammaren,1961,1961,
4615,Herbert Larsson,s,(mandatperiod 1954-1961),Första kammaren,1961,1961,
4616,Hjalmar Nilsson,s,(mandatperiod 1957-1964),Första kammaren,1961,1961,
4617,Hjalmar Nyström,s,(mandatperiod 1955-1962),Första kammaren,1961,1961,
4618,Hugo Osvald,fp,(mandatperiod 1956-1963),Första kammaren,1961,1961,
4619,Ingeborg Carlqvist,s,(mandatperiod 1961-1968),Första kammaren,1961,1961,
4620,Ingrid Segerstedt-Wiberg,fp,(mandatperiod 1959-1966),Första kammaren,1961,1961,
4621,Ivan Svanström,c,(mandatperiod 1960-1967),Första kammaren,1961,1961,
4622,Ivar Johansson,c,(mandatperiod 1957-1964),Första kammaren,1961,1961,
4623,Ivar Virgin,h,(mandatperiod 1960-1967),Första kammaren,1961,1961,
4624,Jakob Grym,s,(mandatperiod 1955-1962),Första kammaren,1961,1961,
4625,Johan Kronstrand,fp,(mandatperiod 1954-1961),Första kammaren,1961,1961,
4626,Johan Persson,fp,(mandatperiod 1956-1963),Första kammaren,1961,1961,
4627,Johan Sunne,fp,(mandatperiod 1957-1964),Första kammaren,1961,1961,
4628,John Ericsson i Kinna,s,(mandatperiod 1960-1967),Första kammaren,1961,1961,
4629,John-Arvid Arvidson,h,(mandatperiod 1961-1968),Första kammaren,1961,1961,
4630,Jon Jonsson i Fjäle,s,(mandatperiod 1961-1968),Första kammaren,1961,1961,
4631,Josef Nord,fp,(mandatperiod 1960-1967),Första kammaren,1961,1961,
4632,Karl Damström,s,(mandatperiod 1960-1967),Första kammaren,1961,1961,
4633,Knut Ewerlöf,h,(mandatperiod 1954-1961),Första kammaren,1961,1961,
4634,Knut Hesselbom,s,(mandatperiod 1954-1961),Första kammaren,1961,1961,
4635,Knut Johansson,s,(mandatperiod 1954-1961),Första kammaren,1961,1961,
4636,Lage Svedberg,s,(mandatperiod 1955-1962),Första kammaren,1961,1961,
4637,Lars Fagerström,s,(mandatperiod 1954-1961),Första kammaren,1961,1961,
4638,Lars Larsson i Lotorp,s,(mandatperiod 1957-1964),Första kammaren,1961,1961,
4639,Lars Lindahl,s,(mandatperiod 1959-1966),Första kammaren,1961,1961,
4640,Lars Schött,h,(mandatperiod 1960-1967),Första kammaren,1961,1961,
4641,Lisa Mattsson,s,(mandatperiod 1959-1966),Första kammaren,1961,1961,
4642,Maja Nilsson,s,(mandatperiod 1960-1967),Första kammaren,1961,1961,
4643,Margareta Nordström,fp,(mandatperiod 1954-1961),Första kammaren,1961,1961,
4644,Martin Söderquist,fp,(mandatperiod 1955-1962),Första kammaren,1961,1961,
4645,Nils B. Hansson,fp,(mandatperiod 1956-1963),Första kammaren,1961,1961,
4646,Nils Elowsson,s,(mandatperiod 1956-1963),Första kammaren,1961,1961,
4647,Nils G. Strandler,s,(mandatperiod 1957-1964),Första kammaren,1961,1961,
4648,Nils Magnusson,s,(mandatperiod 1958-1965),Första kammaren,1961,1961,
4649,Nils Nestrup,fp,(mandatperiod 1959-1966),Första kammaren,1961,1961,
4650,Nils Ståhle,s,(mandatperiod 1956-1963),Första kammaren,1961,1961,
4651,Nils Theodor Larsson,c,(mandatperiod 1960-1967),Första kammaren,1961,1961,
4652,Nils-Eric Gustafsson,c,(mandatperiod 1955-1962),Första kammaren,1961,1961,
4653,Olof Palme,s,(mandatperiod 1958-1965),Första kammaren,1961,1961,
4654,Olof Pålsson,c,(mandatperiod 1957-1964),Första kammaren,1961,1961,
4655,Oscar Carlsson,s,(mandatperiod 1958-1965),Första kammaren,1961,1961,
4656,Per Bergman,s,(mandatperiod 1959-1966),Första kammaren,1961,1961,
4657,Per Hilding,fp,(mandatperiod 1961-1968),Första kammaren,1961,1961,
4658,Per Jacobsson i Vindeln,fp,(mandatperiod 1955-1962),Första kammaren,1961,1961,
4659,Per Olofsson,s,(mandatperiod 1957-1964),Första kammaren,1961,1961,
4660,Per-Eric Ringaby,h,(mandatperiod 1958-1965),Första kammaren,1961,1961,
4661,Per-Olof Hansson,fp,(mandatperiod 1954-1961),Första kammaren,1961,1961,
4662,Ragnar Bergh,h,(mandatperiod 1955-1962),Första kammaren,1961,1961,
4663,Ragnar Persson,s,(mandatperiod 1959-1966),Första kammaren,1961,1961,
4664,Ragnar Sveningsson,h,(mandatperiod 1954-1961),Första kammaren,1961,1961,
4665,Rickard Sandler,s,(mandatperiod 1961-1968),Första kammaren,1961,1961,
4666,Rikard Svensson,s,(mandatperiod 1956-1963),Första kammaren,1961,1961,
4667,Rolf Kaijser,h,(mandatperiod 1958-1965),Första kammaren,1961,1961,
4668,Rudolf Boman,fp,(mandatperiod 1958-1965),Första kammaren,1961,1961,
4669,Ruth Hamrin-Thorell,redaktör fp,(mandatperiod 1955-1962),Första kammaren,1961,1961,
4670,Staffan Hedblom,fp,(mandatperiod 1954-1961),Första kammaren,1961,1961,
4671,Sten Söderberg,s,(mandatperiod 1956-1963),Första kammaren,1961,1961,
4672,Sten Åkesson,fp,(mandatperiod 1956-1963),Första kammaren,1961,1961,
4673,Stig Gorthon,h,(mandatperiod 1961-1968),Första kammaren,1961,1961,
4674,Stig Stefanson,fp,(mandatperiod 1960-1967),Första kammaren,1961,1961,
4675,Sture Palm,s,(mandatperiod 1955-1962),Första kammaren,1961,1961,
4676,Svante Kristiansson,s,(mandatperiod 1956-1963),Första kammaren,1961,1961,
4677,Sven Andersson,s,(mandatperiod 1956-1963),Första kammaren,1961,1961,
4678,Sven Aspling,k,(mandatperiod 1959-1966),Första kammaren,1961,1961,
4679,Sven Sundin,c,(mandatperiod 1957-1964),Första kammaren,1961,1961,
4680,Tage Johansson,s,(mandatperiod 1958-1965),Första kammaren,1961,1961,
4681,Thore Sörlin,s,(mandatperiod 1955-1962),Första kammaren,1961,1961,
4682,Thorsten Larsson,c,(mandatperiod 1961-1968),Första kammaren,1961,1961,
4683,Torsten Andersson i Brämhult,c,(mandatperiod 1954-1961),Första kammaren,1961,1961,
4684,Torsten Bengtsson,c,(mandatperiod 1958-1965),Första kammaren,1961,1961,
4685,Torsten Mattsson,c,(mandatperiod 1959-1966),Första kammaren,1961,1961,
4686,Ulla Lindström,s,(mandatperiod 1954-1961),Första kammaren,1961,1961,
4687,Uno Hedström,s,(mandatperiod 1955-1962),Första kammaren,1961,1961,
4688,Uno Olofsson,fp,(mandatperiod 1955-1962),Första kammaren,1961,1961,
4689,Valter Åman,s,(mandatperiod 1954-1961),Första kammaren,1961,1961,
4690,Yngve Möller,s,(mandatperiod 1961-1968),Första kammaren,1961,1961,
4691,Yngve Nilsson,h,(mandatperiod 1956-1963),Första kammaren,1961,1961,
4692,Åke Larsson,s,(mandatperiod 1959-1966),Första kammaren,1961,1961,
4693,Östen Undén,s,(mandatperiod 1958-1965),Första kammaren,1961,1961,
4694,Alf Andersson,S,Västernorrlands län,Andra kammaren,1965,1968,
4695,Alf Wennerfors,h,Stockholms län,Andra kammaren,1965,1968,
4696,Allan Åkerlind,h (från 1965),Stockholms län,Andra kammaren,1965,1968,
4697,Anders Dahlgren,c,Kalmar län,Andra kammaren,1965,1968,
4698,Anders Forsberg,s,Jönköpings län,Andra kammaren,1965,1968,
4699,Anders Haglund,s,Gävleborgs län,Andra kammaren,1965,1968,
4700,Anders Jonsson i Mora,fp,Kopparbergs län,Andra kammaren,1965,1968,
4701,Anna-Greta Skantz,s,Fyrstadskretsen,Andra kammaren,1965,1968,
4702,Anna-Lisa Lewén-Eliasson,s,Stockholms län,Andra kammaren,1965,1968,
4703,Annie Jäderberg,s,Norrbottens län,Andra kammaren,1965,1968,
4704,Arne Blomkvist,s,Skaraborgs län,Andra kammaren,1965,1968,
4705,Arne Lindberg,c (från 1966),Norrbottens län,Andra kammaren,1965,1968,
4706,Arne Persson,c,Älvsborgs läns södra,Andra kammaren,1965,1968,
4707,Arvid Eskel,s,Värmlands län,Andra kammaren,1965,1968,
4708,Arvid Nilsson i Lönsboda,fp,Kristianstads län,Andra kammaren,1965,1968,
4709,Astrid Bergegren,s,Östergötlands län,Andra kammaren,1965,1968,
4710,Astrid Kristensson,h,Stockholms stad,Andra kammaren,1965,1968,
4711,Astrid Lindekvist,s,Västerbottens län,Andra kammaren,1965,1968,
4712,Augustinus Keijer,fp,Stockholms län,Andra kammaren,1965,1968,
4713,Axel Gustafsson,fp,Älvsborgs läns södra,Andra kammaren,1965,1968,
4714,Axel Jansson,k,Stockholms stad,Andra kammaren,1965,1968,
4715,Bengt Arweson,s,Gotlands län,Andra kammaren,1965,1968,
4716,Bengt Bengtsson,h,Stockholms län,Andra kammaren,1965,1968,
4717,Bengt Börjesson,c,Skaraborgs län,Andra kammaren,1965,1968,
4718,Bengt Fagerlund,s,Kronobergs län,Andra kammaren,1965,1968,
4719,Bengt Junker,h,Stockholms stad,Andra kammaren,1965,1968,
4720,Bengt Sjönell,c,Stockholms stad,Andra kammaren,1965,1968,
4721,Bengt Wiklund,s (från 1967),Västernorrlands län,Andra kammaren,1965,1968,
4722,Bengt-Olof Thylén,h,Göteborg,Andra kammaren,1965,1968,
4723,Bernhard Sundelin,s,Västernorrlands län,Andra kammaren,1965,1968,
4724,Bertil Johansson,c,Kronobergs län,Andra kammaren,1965,1968,
4725,Bertil Jonasson,c,Värmlands län,Andra kammaren,1965,1968,
4726,Bertil Ohlin,fp,Stockholms stad,Andra kammaren,1965,1968,
4727,Bertil Rubin,mbs,Fyrstadskretsen,Andra kammaren,1965,1968,
4728,Bertil von Friesen,fp,Göteborg,Andra kammaren,1965,1968,
4729,Bertil Öhvall,fp,Norrbottens län,Andra kammaren,1965,1968,
4730,Birger Nilsson,s,Jämtlands län,Andra kammaren,1965,1968,
4731,Blenda Ljungberg,h,Uppsala län,Andra kammaren,1965,1968,
4732,Bo Martinsson,s,Västernorrlands län,Andra kammaren,1965,1968,
4733,Bo Turesson,h,Kopparbergs län,Andra kammaren,1965,1968,
4734,Brita Elmén,fp,Göteborg,Andra kammaren,1965,1968,
4735,Bror Nyström,s,Stockholms län,Andra kammaren,1965,1968,
4736,Börje Nilsson,s,Kristianstads län,Andra kammaren,1965,1968,
4737,C-H Hermansson,k,Stockholms stad,Andra kammaren,1965,1968,
4738,Carl Christenson,fp,Fyrstadskretsen,Andra kammaren,1965,1968,
4739,Carl Göran Regnéll,mbs,Fyrstadskretsen,Andra kammaren,1965,1968,
4740,Carl Johansson,s,Göteborgs och Bohus län,Andra kammaren,1965,1968,
4741,Carl-Eric Hedin,h,Södermanlands län,Andra kammaren,1965,1968,
4742,Carl-Erik Johansson,s,Stockholms län,Andra kammaren,1965,1968,
4743,Carl-Gustav Enskog,fp,Västmanlands län,Andra kammaren,1965,1968,
4744,Carl-Wilhelm Lothigius,h,Jönköpings län,Andra kammaren,1965,1968,
4745,Cecilia Nettelbrandt,fp,Stockholms län,Andra kammaren,1965,1968,
4746,Christian von Sydow,h,Östergötlands län,Andra kammaren,1965,1968,
4747,Claes Elmstedt,h,Blekinge län,Andra kammaren,1965,1968,
4748,Dag Edlund,h,Västmanlands län,Andra kammaren,1965,1968,
4749,Dagmar Heurlin,h,Stockholms stad,Andra kammaren,1965,1968,
4750,Daniel Wiklund i Bromma,fp,Stockholms stad,Andra kammaren,1965,1968,
4751,David Gomér,c,Östergötlands län,Andra kammaren,1965,1968,
4752,Einar Asp,s,Gävleborgs län,Andra kammaren,1965,1968,
4753,Einar Gustafsson,c,Östergötlands län,Andra kammaren,1965,1968,
4754,Einar Henningsson,s,Fyrstadskretsen,Andra kammaren,1965,1968,
4755,Einar Larsson,c,Kristianstads län,Andra kammaren,1965,1968,
4756,Einar Rimmerfors,fp,Stockholms stad,Andra kammaren,1965,1968,
4757,Elias Jönsson,fp,Jämtlands län,Andra kammaren,1965,1968,
4758,Elisabet Johansson,s,Skaraborgs län,Andra kammaren,1965,1968,
4759,Elisabeth Sjövall,s,Göteborg,Andra kammaren,1965,1968,
4760,Elsa Lindskog,s,Kopparbergs län,Andra kammaren,1965,1968,
4761,Elvira Holmberg,s,Västernorrlands län,Andra kammaren,1965,1968,
4762,Emil Elmvall,c,Södermanlands län,Andra kammaren,1965,1968,
4763,Eric Carlsson,s,Västmanlands län,Andra kammaren,1965,1968,
4764,Eric Johanson,s,Kalmar län,Andra kammaren,1965,1968,
4765,Eric Jönsson,s,Fyrstadskretsen,Andra kammaren,1965,1968,
4766,Eric Karlsson,s,Blekinge län,Andra kammaren,1965,1968,
4767,Eric Krönmark,h,Kalmar län,Andra kammaren,1965,1968,
4768,Eric Nelander,fp,Malmöhus län,Andra kammaren,1965,1968,
4769,Eric Nilsson,satt ej hela mandatperioden,Malmöhus län,Andra kammaren,1965,1968,
4770,Eric Svenning,s,Fyrstadskretsen,Andra kammaren,1965,1968,
4771,Erik Adamsson,s,Fyrstadskretsen,Andra kammaren,1965,1968,
4772,Erik Brandt,s,Örebro län,Andra kammaren,1965,1968,
4773,Erik Grebäck,c,Stockholms län,Andra kammaren,1965,1968,
4774,Erik Hammarsten,s,Norrbottens län,Andra kammaren,1965,1968,
4775,Erik Johansson i Simrishamn,s,Kristianstads län,Andra kammaren,1965,1968,
4776,Erik Karlsson,k,Stockholms län,Andra kammaren,1965,1968,
4777,Erik Larsson,c,Örebro län,Andra kammaren,1965,1968,
4778,Erik Larsson i Norderön,c,Jämtlands län,Andra kammaren,1965,1968,
4779,Erik Magnusson,h,Kronobergs län,Andra kammaren,1965,1968,
4780,Erik Tobé,fp,Uppsala län,Andra kammaren,1965,1968,
4781,Erik Östrand,s,Kopparbergs län,Andra kammaren,1965,1968,
4782,Erland Carbell,s (till 1965),Stockholms stad,Andra kammaren,1965,1968,
4783,Essen Lindahl,s,Stockholms län,Andra kammaren,1965,1968,
4784,Evert Svensson,s,Göteborgs och Bohus län,Andra kammaren,1965,1968,
4785,Folke Björkman,h,Stockholms stad,Andra kammaren,1965,1968,
4786,Folke Nihlfors,fp,Stockholms stad,Andra kammaren,1965,1968,
4787,Folke Trana,s,Stockholms län,Andra kammaren,1965,1968,
4788,Fridolf Thapper,s,Östergötlands län,Andra kammaren,1965,1968,
4789,Fritz Börjesson,c,Kalmar län,Andra kammaren,1965,1968,
4790,Gideon From,c,Skaraborgs län,Andra kammaren,1965,1968,
4791,Gunbjörg Thunvall,s,Gävleborgs län,Andra kammaren,1965,1968,
4792,Gunnar Carlsson,s,Göteborg,Andra kammaren,1965,1968,
4793,Gunnar Engkvist,s,Kristianstads län,Andra kammaren,1965,1968,
4794,Gunnar Eskilsson,s,Värmlands län,Andra kammaren,1965,1968,
4795,Gunnar Gustafsson,s,Göteborgs och Bohus län,Andra kammaren,1965,1968,
4796,Gunnar Heckscher,h,Stockholms stad,Andra kammaren,1965,1968,
4797,Gunnar Hedlund,c,Västernorrlands län,Andra kammaren,1965,1968,
4798,Gunnar Helén,fp,Stockholms län,Andra kammaren,1965,1968,
4799,Gunnar Hyltander,fp,Skaraborgs län,Andra kammaren,1965,1968,
4800,Gunnar Larsson,c,Skaraborgs län,Andra kammaren,1965,1968,
4801,Gunnar Lundmark,s,Västerbottens län,Andra kammaren,1965,1968,
4802,Gunnar Oscarsson,h,Hallands län,Andra kammaren,1965,1968,
4803,Gunnel Olsson,s,Stockholms län,Andra kammaren,1965,1968,
4804,Gunvor Ryding,k,Göteborg,Andra kammaren,1965,1968,
4805,Gustaf Svensson i Vä,c,Jönköpings län,Andra kammaren,1965,1968,
4806,Gustav Lorentzon,k,Västernorrlands län,Andra kammaren,1965,1968,
4807,Gusti Gustavsson,s,Kristianstads län,Andra kammaren,1965,1968,
4808,Gördis Hörnlund,s,Älvsborgs läns södra,Andra kammaren,1965,1968,
4809,Gösta Bohman,h,Stockholms stad,Andra kammaren,1965,1968,
4810,Gösta Josefsson,s (från 1965),Hallands län,Andra kammaren,1965,1968,
4811,Gösta Skoglund,s,Västerbottens län,Andra kammaren,1965,1968,
4812,Gösta Sterne,fp,Jönköpings län,Andra kammaren,1965,1968,
4813,Hans Gustafsson,s,Stockholms stad,Andra kammaren,1965,1968,
4814,Hans Hagnell,s,Stockholms stad,Andra kammaren,1965,1968,
4815,Hans Jönsson,s,Malmöhus län,Andra kammaren,1965,1968,
4816,Hans Levin,s,Malmöhus län,Andra kammaren,1965,1968,
4817,Hans Nordgren,h,Gävleborgs län,Andra kammaren,1965,1968,
4818,Harald Almgren,s,Jönköpings län,Andra kammaren,1965,1968,
4819,Harald Kärrlander,s,Västernorrlands län,Andra kammaren,1965,1968,
4820,Harald Larsson,c (avliden 1966),Norrbottens län,Andra kammaren,1965,1968,
4821,Harald Skoglösa (tidigare Johnsson),c,Kristianstads län,Andra kammaren,1965,1968,
4822,Harry Berg,s,Södermanlands län,Andra kammaren,1965,1968,
4823,Helge Lindström,s,Jämtlands län,Andra kammaren,1965,1968,
4824,Helmer Holmberg,k,Norrbottens län,Andra kammaren,1965,1968,
4825,Henning Gustafsson,fp,Västerbottens län,Andra kammaren,1965,1968,
4826,Henning Nilsson,k,Gävleborgs län,Andra kammaren,1965,1968,
4827,Henry Allard,s,Örebro län,Andra kammaren,1965,1968,
4828,Henry Berndtsson,fp,Göteborgs och Bohus län,Andra kammaren,1965,1968,
4829,Hilding Johansson,s,Älvsborgs läns norra,Andra kammaren,1965,1968,
4830,Holger Mossberg,s,Värmlands län,Andra kammaren,1965,1968,
4831,Hugo Bengtsson,s,Fyrstadskretsen,Andra kammaren,1965,1968,
4832,Ingemar Mundebo,fp,Stockholms län,Andra kammaren,1965,1968,
4833,Ingemund Bengtsson,s,Hallands län,Andra kammaren,1965,1968,
4834,Ingrid Gärde Widemar,fp,Stockholms stad,Andra kammaren,1965,1968,
4835,Ingrid Sundberg,h (från 1966),Malmöhus län,Andra kammaren,1965,1968,
4836,Ingvar Carlsson,s,Stockholms län,Andra kammaren,1965,1968,
4837,Ingvar Svanberg,s,Norrbottens län,Andra kammaren,1965,1968,
4838,Iris Ekroth,s,Jönköpings län,Andra kammaren,1965,1968,
4839,James Dickson,h,Älvsborgs läns norra,Andra kammaren,1965,1968,
4840,Jan-Ivan Nilsson,c,Västerbottens län,Andra kammaren,1965,1968,
4841,Johannes Antonsson,c,Hallands län,Andra kammaren,1965,1968,
4842,Johannes Blidfors,s,Fyrstadskretsen,Andra kammaren,1965,1968,
4843,John Andersson,fp,Västernorrlands län,Andra kammaren,1965,1968,
4844,John Eriksson i Bäckmora,c,Gävleborgs län,Andra kammaren,1965,1968,
4845,John Lundberg,s,Uppsala län,Andra kammaren,1965,1968,
4846,Jöns Nilsson,h,Kristianstads län,Andra kammaren,1965,1968,
4847,Kaj Björk,s,Göteborg,Andra kammaren,1965,1968,
4848,Karin Wetterström,h,Östergötlands län,Andra kammaren,1965,1968,
4849,Karl Boo,c,Kopparbergs län,Andra kammaren,1965,1968,
4850,Karl Rask,s,Jönköpings län,Andra kammaren,1965,1968,
4851,Karl-Gustav Andersson,s,Värmlands län,Andra kammaren,1965,1968,
4852,Kurt Söderström,h (från 1965),Östergötlands län,Andra kammaren,1965,1968,
4853,Lars Eliasson,c,Kopparbergs län,Andra kammaren,1965,1968,
4854,Lars Henrikson,s,Östergötlands län,Andra kammaren,1965,1968,
4855,Leif Cassel,h,Värmlands län,Andra kammaren,1965,1968,
4856,Lena Renström-Ingenäs,s,Örebro län,Andra kammaren,1965,1968,
4857,Lennart Mattsson,c,Göteborgs och Bohus län,Andra kammaren,1965,1968,
4858,Lennart Stiernstedt,h,Stockholms län,Andra kammaren,1965,1968,
4859,Mac Hamrin,fp,Kalmar län,Andra kammaren,1965,1968,
4860,Manne Ståhl,fp,Värmlands län,Andra kammaren,1965,1968,
4861,Marta Lindberg,s,Örebro län,Andra kammaren,1965,1968,
4862,Mary Holmqvist,s,Malmöhus län,Andra kammaren,1965,1968,
4863,Matteus Berglund,fp,Örebro län,Andra kammaren,1965,1968,
4864,Mårten Werner,h,Fyrstadskretsen,Andra kammaren,1965,1968,
4865,Nancy Eriksson,s,Stockholms stad,Andra kammaren,1965,1968,
4866,Nils Carlshamre,h,Göteborgs och Bohus län,Andra kammaren,1965,1968,
4867,Nils Franzén,c,Gotlands län,Andra kammaren,1965,1968,
4868,Nils Fridolfsson,s,Blekinge län,Andra kammaren,1965,1968,
4869,Nils G. Hansson i Skegrie,c,Malmöhus län,Andra kammaren,1965,1968,
4870,Nils Kellgren,s,Stockholms stad,Andra kammaren,1965,1968,
4871,Nils Odhe,s,Skaraborgs län,Andra kammaren,1965,1968,
4872,Ola Ullsten,fp,Stockholms stad,Andra kammaren,1965,1968,
4873,Olaus Nyberg,fp,Blekinge län,Andra kammaren,1965,1968,
4874,Olle Göransson,s,Västmanlands län,Andra kammaren,1965,1968,
4875,Olle Westberg,fp,Gävleborgs län,Andra kammaren,1965,1968,
4876,Olof Johansson,fp,Göteborgs och Bohus län,Andra kammaren,1965,1968,
4877,Olof Persson,s,Kopparbergs län,Andra kammaren,1965,1968,
4878,Oscar Franzén,s,Östergötlands län,Andra kammaren,1965,1968,
4879,Oskar Lindkvist,s (från 1966),Stockholms stad,Andra kammaren,1965,1968,
4880,Ove Nordstrandh,h,Göteborg,Andra kammaren,1965,1968,
4881,Per Bergman,s,Göteborg,Andra kammaren,1965,1968,
4882,Per Petersson i Gäddvik,h,Norrbottens län,Andra kammaren,1965,1968,
4883,Per-Eric Ringaby,h,Örebro län,Andra kammaren,1965,1968,
4884,Ragnar Edenman,s,Uppsala län,Andra kammaren,1965,1968,
4885,Ragnar Ekström,s,Södermanlands län,Andra kammaren,1965,1968,
4886,Ragnar Lassinantti,s,Norrbottens län,Andra kammaren,1965,1968,
4887,Robert Johansson,c,Älvsborgs läns norra,Andra kammaren,1965,1968,
4888,Roland Lundberg,h,Fyrstadskretsen,Andra kammaren,1965,1968,
4889,Rolf Eliasson,h,Skaraborgs län,Andra kammaren,1965,1968,
4890,Rosa Andersson,s,Södermanlands län,Andra kammaren,1965,1968,
4891,Rosa Svensson,s,Västmanlands län,Andra kammaren,1965,1968,
4892,Rune Carlstein,s,Älvsborgs läns södra,Andra kammaren,1965,1968,
4893,Rune Gustavsson,c,Kronobergs län,Andra kammaren,1965,1968,
4894,Rune Johansson i Ljungby,s,Kronobergs län,Andra kammaren,1965,1968,
4895,Rune Johansson i Norrköping,s,Östergötlands län,Andra kammaren,1965,1968,
4896,Ruth Andersson,s,Älvsborgs läns norra,Andra kammaren,1965,1968,
4897,Sigfrid Löfgren,fp,Fyrstadskretsen,Andra kammaren,1965,1968,
4898,Sigrid Ekendahl,s,Stockholms stad,Andra kammaren,1965,1968,
4899,Sigurd Lindholm,s,Gävleborgs län,Andra kammaren,1965,1968,
4900,Sigvard Larsson,fp,Västerbottens län,Andra kammaren,1965,1968,
4901,Sigvard Rimås,fp,Östergötlands län,Andra kammaren,1965,1968,
4902,Stellan Arvidsson,s,Stockholms stad,Andra kammaren,1965,1968,
4903,Sten Sjöholm,mbs,Fyrstadskretsen,Andra kammaren,1965,1968,
4904,Sten Wahlund,c,Uppsala län,Andra kammaren,1965,1968,
4905,Stig Alemyr,s,Kalmar län,Andra kammaren,1965,1968,
4906,Stig Hansson,c,Malmöhus län,Andra kammaren,1965,1968,
4907,Stig Josefson,c,Malmöhus län,Andra kammaren,1965,1968,
4908,Svante Lundkvist,s,Södermanlands län,Andra kammaren,1965,1968,
4909,Sven Andersson,s,Älvsborgs läns norra,Andra kammaren,1965,1968,
4910,Sven Andersson i Örebro,fp,Örebro län,Andra kammaren,1965,1968,
4911,Sven Antby,fp,Älvsborgs läns norra,Andra kammaren,1965,1968,
4912,Sven Ekström,s,Gävleborgs län,Andra kammaren,1965,1968,
4913,Sven Gustafson,fp,Göteborg,Andra kammaren,1965,1968,
4914,Sven Hammarberg,s,Västmanlands län,Andra kammaren,1965,1968,
4915,Sven Hector,k,Värmlands län,Andra kammaren,1965,1968,
4916,Sven Johansson,c,Jönköpings län,Andra kammaren,1965,1968,
4917,Sven Mellqvist,s,Kopparbergs län,Andra kammaren,1965,1968,
4918,Sven Persson i Appuna,s,Östergötlands län,Andra kammaren,1965,1968,
4919,Sven Vigelsbo,bf,Västmanlands län,Andra kammaren,1965,1968,
4920,Sven Wedén,fp,Södermanlands län,Andra kammaren,1965,1968,
4921,Tage Erlander,s,Stockholms stad,Andra kammaren,1965,1968,
4922,Tage Magnusson,h,Älvsborgs läns södra,Andra kammaren,1965,1968,
4923,Tage Sundkvist,c (från 1965),Södermanlands län,Andra kammaren,1965,1968,
4924,Tekla Torbrink,s,Kalmar län,Andra kammaren,1965,1968,
4925,Thorvald Källstad,fp,Göteborg,Andra kammaren,1965,1968,
4926,Thyra Löfqvist,s,Blekinge län,Andra kammaren,1965,1968,
4927,Tore Bengtsson,ombudsman (invald men avled i november 1964),Hallands län,Andra kammaren,1965,1968,
4928,Tore Nilsson,h,Västerbottens län,Andra kammaren,1965,1968,
4929,Torsten Fredriksson,s,Kopparbergs län,Andra kammaren,1965,1968,
4930,Torsten Gustafsson,c,Gotlands län,Andra kammaren,1965,1968,
4931,Torsten Nilsson,s,Stockholms stad,Andra kammaren,1965,1968,
4932,Valfrid Wikner,s,Jämtlands län,Andra kammaren,1965,1968,
4933,Valter Kristensson,s,Göteborg,Andra kammaren,1965,1968,
4934,Viola Sandell,s,Värmlands län,Andra kammaren,1965,1968,
4935,Wiking Werbro,fp,Hallands län,Andra kammaren,1965,1968,
4936,William Björk,s,Malmöhus län,Andra kammaren,1965,1968,
4937,Yngve Hamrin,fp,Jönköpings län,Andra kammaren,1965,1968,
4938,ersatt av: Filip Fridolfsson,h (från 1965),Stockholms stad,Andra kammaren,1965,1968,
4939,Åke Zetterberg,s,Stockholms stad,Andra kammaren,1965,1968,
4940,Alf Wennerfors,h,Stockholms län,Andra kammaren,1969,1970,
4941,Allan Åkerlind,h,Stockholms län,Andra kammaren,1969,1970,
4942,Alvar Andersson (politiker),c,Hallands län,Andra kammaren,1969,1970,
4943,Anders Björck,h,Jönköpings län,Andra kammaren,1969,1970,
4944,Anders Dahlgren,c,Kalmar län,Andra kammaren,1969,1970,
4945,Anders Haglund,s,Gävleborgs län,Andra kammaren,1969,1970,
4946,Anders Jonsson,fp,Kopparbergs län,Andra kammaren,1969,1970,
4947,Anita Gradin,s,Stockholms stad,Andra kammaren,1969,1970,
4948,Anna-Greta Skantz,s,"Malmö, Helsingborg, Landskrona och Lund",Andra kammaren,1969,1970,
4949,Anna-Lisa Lewén-Eliasson,s,Stockholms län,Andra kammaren,1969,1970,
4950,Anna-Lisa Nilsson,c,Kristianstads län,Andra kammaren,1969,1970,
4951,Arne Blomkvist,s,Skaraborgs län,Andra kammaren,1969,1970,
4952,Arne Gadd,s,Uppsala län,Andra kammaren,1969,1970,
4953,Arne Magnusson,c,Jönköpings län,Andra kammaren,1969,1970,
4954,Arne Nygren,s,Västerbottens län,Andra kammaren,1969,1970,
4955,Arne Persson,c,Älvsborgs läns södra,Andra kammaren,1969,1970,
4956,Arvid Enarsson,h,Älvsborgs läns norra,Andra kammaren,1969,1970,
4957,Arvid Eskel,s,Värmlands län,Andra kammaren,1969,1970,
4958,Arvid Nilsson,fp,Kristianstads län,Andra kammaren,1969,1970,
4959,Astrid Bergegren,s,Östergötlands län,Andra kammaren,1969,1970,
4960,Astrid Kristensson,h,Stockholms stad,Andra kammaren,1969,1970,
4961,Bengt Arweson,s,Gotlands län,Andra kammaren,1969,1970,
4962,Bengt Börjesson,c,Skaraborgs län,Andra kammaren,1969,1970,
4963,Bengt Fagerlund,s,Kronobergs län,Andra kammaren,1969,1970,
4964,Bengt Sjönell,c,Stockholms stad,Andra kammaren,1969,1970,
4965,Bengt Wiklund,s,Västernorrlands län,Andra kammaren,1969,1970,
4966,Bengt-Olof Thylén,h,Göteborg,Andra kammaren,1969,1970,
4967,Bernhard Sundelin,s,Västernorrlands län,Andra kammaren,1969,1970,
4968,Bernt Ekvall,s,Älvsborgs läns södra,Andra kammaren,1969,1970,
4969,Bernt Nilsson,s,Kalmar län,Andra kammaren,1969,1970,
4970,Bertil Johansson,c,Kronobergs län,Andra kammaren,1969,1970,
4971,Bertil Jonasson,c,Värmlands län,Andra kammaren,1969,1970,
4972,Bertil Ohlin,fp,Stockholms stad,Andra kammaren,1969,1970,
4973,Bertil Zachrisson,s,Stockholms stad,Andra kammaren,1969,1970,
4974,Bertil von Friesen,fp,Göteborg,Andra kammaren,1969,1970,
4975,Birger Nilsson,s,Jämtlands län,Andra kammaren,1969,1970,
4976,Birger Rosqvist,s,Kalmar län,Andra kammaren,1969,1970,
4977,Birgitta Dahl,s,Uppsala län,Andra kammaren,1969,1970,
4978,Blenda Ljungberg,h,Uppsala län,Andra kammaren,1969,1970,
4979,Bo Martinsson,s,Västernorrlands län,Andra kammaren,1969,1970,
4980,Britt Mogård,h,Stockholms län,Andra kammaren,1969,1970,
4981,Bror Nyström,s,Stockholms län,Andra kammaren,1969,1970,
4982,Börje Nilsson,s,Kristianstads län,Andra kammaren,1969,1970,
4983,C-H Hermansson,vpk,Stockholms stad,Andra kammaren,1969,1970,
4984,Carl Göran Regnéll,h,"Malmö, Helsingborg, Landskrona och Lund",Andra kammaren,1969,1970,
4985,Carl-Eric Hedin,h,Södermanlands län,Andra kammaren,1969,1970,
4986,Carl-Gustav Enskog,fp,Västmanlands län,Andra kammaren,1969,1970,
4987,Carl-Wilhelm Lothigius,h,Jönköpings län,Andra kammaren,1969,1970,
4988,Cecilia Nettelbrandt,fp,Stockholms län,Andra kammaren,1969,1970,
4989,Claes Elmstedt,h,Blekinge län,Andra kammaren,1969,1970,
4990,Daniel Wiklund,fp,Stockholms stad,Andra kammaren,1969,1970,
4991,Doris Håvik,s,Göteborg,Andra kammaren,1969,1970,
4992,Einar Henningsson,s,"Malmö, Helsingborg, Landskrona och Lund",Andra kammaren,1969,1970,
4993,Einar Larsson,c,Kristianstads län,Andra kammaren,1969,1970,
4994,Eivor Marklund,vpk,Norrbottens län,Andra kammaren,1969,1970,
4995,Elias Jönsson,fp,Jämtlands län,Andra kammaren,1969,1970,
4996,Elvira Holmberg,s,Västernorrlands län,Andra kammaren,1969,1970,
4997,Eric Johanson,s,Kalmar län,Andra kammaren,1969,1970,
4998,Eric Jönsson,s,"Malmö, Helsingborg, Landskrona och Lund",Andra kammaren,1969,1970,
4999,Eric Karlsson,s,Blekinge län,Andra kammaren,1969,1970,
5000,Eric Marcusson,s,Västmanlands län,Andra kammaren,1969,1970,
5001,Eric Nelander,fp,Malmöhus län,Andra kammaren,1969,1970,
5002,Eric Svenning,s,"Malmö, Helsingborg, Landskrona och Lund",Andra kammaren,1969,1970,
5003,Erik Adamsson,s,"Malmö, Helsingborg, Landskrona och Lund",Andra kammaren,1969,1970,
5004,Erik Brandt,s,Örebro län,Andra kammaren,1969,1970,
5005,Erik Glimnér,c,Östergötlands län,Andra kammaren,1969,1970,
5006,Erik Grebäck,c,Stockholms län,Andra kammaren,1969,1970,
5007,Erik Hammarsten,s,Norrbottens län,Andra kammaren,1969,1970,
5008,Erik Hovhammar,h,Kronobergs län,Andra kammaren,1969,1970,
5009,Erik Johansson,s,Kristianstads län,Andra kammaren,1969,1970,
5010,Erik Krönmark,h,Kalmar län,Andra kammaren,1969,1970,
5011,Erik Larsson,c,Örebro län,Andra kammaren,1969,1970,
5012,Erik Larsson i Norderön,c,Jämtlands län,Andra kammaren,1969,1970,
5013,Erik Tobé,fp,Uppsala län,Andra kammaren,1969,1970,
5014,Essen Lindahl,s,Stockholms län,Andra kammaren,1969,1970,
5015,Eva Åsbrink,s,Skaraborgs län,Andra kammaren,1969,1970,
5016,Evert Svensson,s,Göteborgs och Bohus län,Andra kammaren,1969,1970,
5017,Filip Fridolfsson,h,Stockholms stad,Andra kammaren,1969,1970,
5018,Folke Trana,s,Stockholms län,Andra kammaren,1969,1970,
5019,Frida Berglund,s,Norrbottens län,Andra kammaren,1969,1970,
5020,Fritz Börjesson,c,Kalmar län,Andra kammaren,1969,1970,
5021,Gabriel Romanus,fp,Stockholms län,Andra kammaren,1969,1970,
5022,Georg Åberg,fp,Göteborgs och Bohus län,Andra kammaren,1969,1970,
5023,Gertrud Sigurdsen,s,Stockholms stad,Andra kammaren,1969,1970,
5024,Gudrun Sundström,s,Kopparbergs län,Andra kammaren,1969,1970,
5025,Gunbjörg Thunvall,s,Gävleborgs län,Andra kammaren,1969,1970,
5026,Gunnar Engkvist,s,Kristianstads län,Andra kammaren,1969,1970,
5027,Gunnar Ericsson,fp,Östergötlands län,Andra kammaren,1969,1970,
5028,Gunnar Eskilsson,s,Värmlands län,Andra kammaren,1969,1970,
5029,Gunnar Gustafsson,s,Göteborgs och Bohus län,Andra kammaren,1969,1970,
5030,Gunnar Hedlund,c,Västernorrlands län,Andra kammaren,1969,1970,
5031,Gunnar Hyltander,fp,Skaraborgs län,Andra kammaren,1969,1970,
5032,Gunnar Larsson,c,Skaraborgs län,Andra kammaren,1969,1970,
5033,Gunnar Lundmark,s,Västerbottens län,Andra kammaren,1969,1970,
5034,Gunnar Oscarsson,h,Hallands län,Andra kammaren,1969,1970,
5035,Gunnel Jonäng,c,Gävleborgs län,Andra kammaren,1969,1970,
5036,Gunvor Ryding,vpk,Göteborg,Andra kammaren,1969,1970,
5037,Gusti Gustavsson,s,Kristianstads län,Andra kammaren,1969,1970,
5038,Gördis Hörnlund,s,Älvsborgs läns södra,Andra kammaren,1969,1970,
5039,Gösta Bohman,h,Stockholms stad,Andra kammaren,1969,1970,
5040,Gösta Josefsson,s,Hallands län,Andra kammaren,1969,1970,
5041,Gösta Skoglund,s,Västerbottens län,Andra kammaren,1969,1970,
5042,Hans Gustafsson,s,Stockholms stad,Andra kammaren,1969,1970,
5043,Hans Hagnell,s,Stockholms stad,Andra kammaren,1969,1970,
5044,Hans Jönsson,s,Malmöhus län,Andra kammaren,1969,1970,
5045,Hans Wachtmeister,h,Blekinge län,Andra kammaren,1969,1970,
5046,Harald Almgren,s,Jönköpings län,Andra kammaren,1969,1970,
5047,Henry Allard,s,Örebro län,Andra kammaren,1969,1970,
5048,Henry Berndtsson,fp,Göteborgs och Bohus län,Andra kammaren,1969,1970,
5049,Hilding Johansson,s,Älvsborgs läns norra,Andra kammaren,1969,1970,
5050,Holger Mossberg,s,Värmlands län,Andra kammaren,1969,1970,
5051,Hugo Bengtsson,s,"Malmö, Helsingborg, Landskrona och Lund",Andra kammaren,1969,1970,
5052,Ingegärd Frænkel,fp,Göteborg,Andra kammaren,1969,1970,
5053,Ingemar Leander,s,Östergötlands län,Andra kammaren,1969,1970,
5054,Ingemar Mundebo,fp,Stockholms län,Andra kammaren,1969,1970,
5055,Ingemund Bengtsson,s,Hallands län,Andra kammaren,1969,1970,
5056,Ingrid Bergman,s,Kopparbergs län,Andra kammaren,1969,1970,
5057,Ingrid Ludvigsson,s,Södermanlands län,Andra kammaren,1969,1970,
5058,Ingrid Sundberg,h,Malmöhus län,Andra kammaren,1969,1970,
5059,Ingvar Carlsson,s,Stockholms län,Andra kammaren,1969,1970,
5060,Ingvar Svanberg,s,Norrbottens län,Andra kammaren,1969,1970,
5061,Iris Ekroth,s,Jönköpings län,Andra kammaren,1969,1970,
5062,Ivar Nordberg,s,Stockholms län,Andra kammaren,1969,1970,
5063,Jan Bergqvist,s,Göteborg,Andra kammaren,1969,1970,
5064,Jan-Ivan Nilsson,c,Västerbottens län,Andra kammaren,1969,1970,
5065,Johannes Antonsson,c,Hallands län,Andra kammaren,1969,1970,
5066,John Eriksson i Bäckmora,c,Gävleborgs län,Andra kammaren,1969,1970,
5067,John Johnsson,s,Malmöhus län,Andra kammaren,1969,1970,
5068,John Lundberg,s,Uppsala län,Andra kammaren,1969,1970,
5069,Jöns Nilsson,h,Kristianstads län,Andra kammaren,1969,1970,
5070,Karin Wetterström,h,Östergötlands län,Andra kammaren,1969,1970,
5071,Karl Boo,c,Kopparbergs län,Andra kammaren,1969,1970,
5072,Karl Erik Eriksson,fp,Värmlands län,Andra kammaren,1969,1970,
5073,Karl Rask,s,Jönköpings län,Andra kammaren,1969,1970,
5074,Karl-Erik Häll,s,Norrbottens län,Andra kammaren,1969,1970,
5075,Karl-Erik Strömberg,s,Stockholms län,Andra kammaren,1969,1970,
5076,Karl-Gustav Andersson,s,Värmlands län,Andra kammaren,1969,1970,
5077,Kerstin Anér,fp,Stockholms stad,Andra kammaren,1969,1970,
5078,Kurt Hugosson,s,Göteborg,Andra kammaren,1969,1970,
5079,Lars Eliasson,c,Kopparbergs län,Andra kammaren,1969,1970,
5080,Lars Gustafsson,s,Stockholms län,Andra kammaren,1969,1970,
5081,Lars-Ingvar Sörenson,s,Göteborg,Andra kammaren,1969,1970,
5082,Leif Cassel,h,Värmlands län,Andra kammaren,1969,1970,
5083,Lena Hjelm-Wallén,s,Västmanlands län,Andra kammaren,1969,1970,
5084,Lennart Andersson,s,Stockholms län,Andra kammaren,1969,1970,
5085,Lennart Mattsson,c,Göteborgs och Bohus län,Andra kammaren,1969,1970,
5086,Lennart Pettersson,s,"Malmö, Helsingborg, Landskrona och Lund",Andra kammaren,1969,1970,
5087,Lilly Bergander,s,Stockholms län,Andra kammaren,1969,1970,
5088,Marta Lindberg,s,Örebro län,Andra kammaren,1969,1970,
5089,Mary Holmqvist,s,Malmöhus län,Andra kammaren,1969,1970,
5090,Mats Hellström,s,Stockholms stad,Andra kammaren,1969,1970,
5091,Mårten Werner,h,"Malmö, Helsingborg, Landskrona och Lund",Andra kammaren,1969,1970,
5092,Nancy Eriksson,s,Stockholms stad,Andra kammaren,1969,1970,
5093,Nils Carlshamre,h,Göteborgs och Bohus län,Andra kammaren,1969,1970,
5094,Nils Franzén,c,Gotlands län,Andra kammaren,1969,1970,
5095,Nils Fridolfsson,s,Blekinge län,Andra kammaren,1969,1970,
5096,Nils G. Hansson i Skegrie,c,Malmöhus län,Andra kammaren,1969,1970,
5097,Nils Odhe,s,Skaraborgs län,Andra kammaren,1969,1970,
5098,Ola Ullsten,fp,Stockholms stad,Andra kammaren,1969,1970,
5099,Olle Aldén,s,Örebro län,Andra kammaren,1969,1970,
5100,Olle Göransson,s,Västmanlands län,Andra kammaren,1969,1970,
5101,Olle Svensson,s,Södermanlands län,Andra kammaren,1969,1970,
5102,Olle Westberg,s,Gävleborgs län,Andra kammaren,1969,1970,
5103,Olle Östrand,s,Gävleborgs län,Andra kammaren,1969,1970,
5104,Olof Palme,s,Stockholms stad,Andra kammaren,1969,1970,
5105,Olof Westberg,fp,Gävleborgs län,Andra kammaren,1969,1970,
5106,Oscar Franzén,s,Östergötlands län,Andra kammaren,1969,1970,
5107,Oskar Lindkvist,s,Stockholms stad,Andra kammaren,1969,1970,
5108,Ove Nordstrandh,h,Göteborg,Andra kammaren,1969,1970,
5109,Per Ahlmark,fp,Stockholms stad,Andra kammaren,1969,1970,
5110,Per Bergman,s,Göteborg,Andra kammaren,1969,1970,
5111,Per Olof Sundman,fp,Stockholms län,Andra kammaren,1969,1970,
5112,Per Petersson i Gäddvik,h,Norrbottens län,Andra kammaren,1969,1970,
5113,Per-Eric Ringaby,h,Örebro län,Andra kammaren,1969,1970,
5114,Robert Dockered,c,Älvsborgs läns norra,Andra kammaren,1969,1970,
5115,Roland Brännström,s,Västerbottens län,Andra kammaren,1969,1970,
5116,Rolf Clarkson,h,"Malmö, Helsingborg, Landskrona och Lund",Andra kammaren,1969,1970,
5117,Rolf Eliasson,h,Skaraborgs län,Andra kammaren,1969,1970,
5118,Rolf Sellgren,fp,Västernorrlands län,Andra kammaren,1969,1970,
5119,Rune Carlstein,s,Älvsborgs läns södra,Andra kammaren,1969,1970,
5120,Rune Gustavsson,c,Kronobergs län,Andra kammaren,1969,1970,
5121,Rune Johansson i Ljungby,s,Kronobergs län,Andra kammaren,1969,1970,
5122,Rune Johansson i Norrköping,s,Östergötlands län,Andra kammaren,1969,1970,
5123,Ruth Andersson,s,Älvsborgs läns norra,Andra kammaren,1969,1970,
5124,Sigfrid Löfgren,fp,"Malmö, Helsingborg, Landskrona och Lund",Andra kammaren,1969,1970,
5125,Sigurd Lindholm,s,Gävleborgs län,Andra kammaren,1969,1970,
5126,Sigvard Larsson,fp,Västerbottens län,Andra kammaren,1969,1970,
5127,Sigvard Rimås,fp,Östergötlands län,Andra kammaren,1969,1970,
5128,Staffan Burenstam-Linder,h,Stockholms län,Andra kammaren,1969,1970,
5129,Sten Sjöholm,fp,"Malmö, Helsingborg, Landskrona och Lund",Andra kammaren,1969,1970,
5130,Sten Wahlund,c,Uppsala län,Andra kammaren,1969,1970,
5131,Stig Alemyr,s,Kalmar län,Andra kammaren,1969,1970,
5132,Stig Josefson,c,Malmöhus län,Andra kammaren,1969,1970,
5133,Stig Olsson,s,Västernorrlands län,Andra kammaren,1969,1970,
5134,Sture Ericson,s,Örebro län,Andra kammaren,1969,1970,
5135,Svante Lundkvist,s,Södermanlands län,Andra kammaren,1969,1970,
5136,Sven Andersson,s,Älvsborgs läns norra,Andra kammaren,1969,1970,
5137,Sven Andersson i Örebro,fp,Örebro län,Andra kammaren,1969,1970,
5138,Sven Antby,fp,Älvsborgs läns norra,Andra kammaren,1969,1970,
5139,Sven Ekström,s,Gävleborgs län,Andra kammaren,1969,1970,
5140,Sven Gustafson,fp,Göteborg,Andra kammaren,1969,1970,
5141,Sven Hammarberg,s,Västmanlands län,Andra kammaren,1969,1970,
5142,Sven Johansson,c,Jönköpings län,Andra kammaren,1969,1970,
5143,Sven Lindberg,s,Jämtlands län,Andra kammaren,1969,1970,
5144,Sven Mellqvist,s,Kopparbergs län,Andra kammaren,1969,1970,
5145,Sven Olsson,s,Göteborgs och Bohus län,Andra kammaren,1969,1970,
5146,Sven Persson,s,Östergötlands län,Andra kammaren,1969,1970,
5147,Sven Vigelsbo,c,Västmanlands län,Andra kammaren,1969,1970,
5148,Sven Wedén,fp,Södermanlands län,Andra kammaren,1969,1970,
5149,Sven Zetterström,s,Södermanlands län,Andra kammaren,1969,1970,
5150,Tage Erlander,s,Stockholms stad,Andra kammaren,1969,1970,
5151,Tage Hansson,s,Norrbottens län,Andra kammaren,1969,1970,
5152,Tage Magnusson,h,Älvsborgs läns södra,Andra kammaren,1969,1970,
5153,Tage Sundkvist,c,Södermanlands län,Andra kammaren,1969,1970,
5154,Thorbjörn Fälldin,c,Västernorrlands län,Andra kammaren,1969,1970,
5155,Thorvald Källstad,fp,Göteborg,Andra kammaren,1969,1970,
5156,Thure Jadestig,s,Västmanlands län,Andra kammaren,1969,1970,
5157,Thyra Löfqvist,s,Blekinge län,Andra kammaren,1969,1970,
5158,Tore Nilsson,h,Västerbottens län,Andra kammaren,1969,1970,
5159,Torsten Fredriksson,s,Kopparbergs län,Andra kammaren,1969,1970,
5160,Torsten Gustafsson,c,Gotlands län,Andra kammaren,1969,1970,
5161,Torsten Nilsson,s,Stockholms stad,Andra kammaren,1969,1970,
5162,Torsten Stridsman,c,Norrbottens län,Andra kammaren,1969,1970,
5163,Valfrid Wikner,s,Jämtlands län,Andra kammaren,1969,1970,
5164,Valter Kristensson,s,Göteborg,Andra kammaren,1969,1970,
5165,Viola Sandell,s,Värmlands län,Andra kammaren,1969,1970,
5166,William Björk,s,Malmöhus län,Andra kammaren,1969,1970,
5167,Yngve Hamrin,fp,Jönköpings län,Andra kammaren,1969,1970,
5168,Yngve Holmberg,h,Stockholms stad,Andra kammaren,1969,1970,
5169,Åke Green,s,Kopparbergs län,Andra kammaren,1969,1970,
5170,Åke Gustafsson,s,Jönköpings län,Andra kammaren,1969,1970,
5171,Åke Polstam,c,Östergötlands län,Andra kammaren,1969,1970,
5172,Alice Lundbeck,h,Stockholms stad,Första kammaren,1969,1969,
5173,Allan Hernelius,h,Stockholms stad,Första kammaren,1969,1969,
5174,Alva Myrdal,s,Stockholms stad,Första kammaren,1969,1969,
5175,Alvar Mårtensson,s,Malmöhus län med Malmö stad,Första kammaren,1969,1969,
5176,Anders Axelson,fp,Värmlands län,Första kammaren,1969,1969,
5177,Annie Wallentheim,s,Stockholms och Uppsala län,Första kammaren,1969,1969,
5178,Arne Geijer,s,Stockholms och Uppsala län,Första kammaren,1969,1969,
5179,Arne Pettersson,s,Malmöhus län med Malmö stad,Första kammaren,1969,1969,
5180,Arne Svenungsson,h,Göteborgs och Bohus län,Första kammaren,1969,1969,
5181,Arvid Annerås,fp[1],Kronobergs och Hallands län,Första kammaren,1969,1969,
5182,Axel Andersson i Örnsköldsvik,fp,Västernorrlands och Jämtlands län,Första kammaren,1969,1969,
5183,Axel Kristiansson,c,Kronobergs och Hallands län,Första kammaren,1969,1969,
5184,Axel Strand,s,Stockholms stad,Första kammaren,1969,1969,
5185,Axel Wikberg,c,Västernorrlands och Jämtlands län,Första kammaren,1969,1969,
5186,Bengt Gustavsson,s,Södermlands och Västmanlands län,Första kammaren,1969,1969,
5187,Bertil Lidgard,h,Stockholms stad,Första kammaren,1969,1969,
5188,Bertil Petersson,s,Kalmar och Gotlands län,Första kammaren,1969,1969,
5189,Bertil Strandberg,h,Västerbottens och Norrbottens län,Första kammaren,1969,1969,
5190,Birger Andersson,s,Skaraborgs län,Första kammaren,1969,1969,
5191,Birger Lundström,fp,Stockholms stad,Första kammaren,1969,1969,
5192,Bo Skårman,fp,Älvsborgs län,Första kammaren,1969,1969,
5193,Carl Eskilsson,h,Östergötlands län med Norrköpings stad,Första kammaren,1969,1969,
5194,Dagmar Ranmark,s,Värmlands län,Första kammaren,1969,1969,
5195,Ebbe Ohlsson,h,Kronobergs och Hallands län,Första kammaren,1969,1969,
5196,Egon Andreasson,c,Blekinge och Kristianstads län,Första kammaren,1969,1969,
5197,Einar Dahl,s,Göteborgs och Bohus län,Första kammaren,1969,1969,
5198,Einar Eriksson,s,Stockholms och Uppsala län,Första kammaren,1969,1969,
5199,Elvy Olsson,c,Södermlands och Västmanlands län,Första kammaren,1969,1969,
5200,Eric Carlsson,c,Kopparbergs län,Första kammaren,1969,1969,
5201,Eric Holmqvist,s,Malmöhus län med Malmö stad,Första kammaren,1969,1969,
5202,Eric Mossberger,s,Kronobergs och Hallands län,Första kammaren,1969,1969,
5203,Eric Peterson,fp,Östergötlands län med Norrköpings stad,Första kammaren,1969,1969,
5204,Erik Alexandersson,fp,Stockholms och Uppsala län,Första kammaren,1969,1969,
5205,Erik Boheman,fp,Göteborgs stad,Första kammaren,1969,1969,
5206,Erik Carlsson i Läperud,h,Älvsborgs län,Första kammaren,1969,1969,
5207,Erik Jansson,s,Stockholms och Uppsala län,Första kammaren,1969,1969,
5208,Erik Norberg i Timrå,s[3],Västernorrlands och Jämtlands län,Första kammaren,1969,1969,
5209,Erik Olsson i Krokom,s,Västernorrlands och Jämtlands län,Första kammaren,1969,1969,
5210,Erik Svedberg,s,Gävleborgs län,Första kammaren,1969,1969,
5211,Erik Svensson,s,Södermlands och Västmanlands län,Första kammaren,1969,1969,
5212,Erik Wärnberg,s,Östergötlands län med Norrköpings stad,Första kammaren,1969,1969,
5213,Ernst Olsson,fp,Blekinge och Kristianstads län,Första kammaren,1969,1969,
5214,Eskil Tistad,fp,Göteborgs och Bohus län,Första kammaren,1969,1969,
5215,Ferdinand Nilsson,c,Stockholms och Uppsala län,Första kammaren,1969,1969,
5216,Fridolf Wirmark,s,Örebro län,Första kammaren,1969,1969,
5217,Fritz Persson,s,Kronobergs och Hallands län,Första kammaren,1969,1969,
5218,Georg Pettersson,s,Kalmar och Gotlands län,Första kammaren,1969,1969,
5219,Georg Pettersson,c,Örebro län,Första kammaren,1969,1969,
5220,Gillis Augustsson,s,Östergötlands län med Norrköpings stad,Första kammaren,1969,1969,
5221,Grethe Lundblad,s,Malmöhus län med Malmö stad,Första kammaren,1969,1969,
5222,Gudmund Ernulf,fp,Göteborgs stad,Första kammaren,1969,1969,
5223,Gunnar Edström,fp,Malmöhus län med Malmö stad,Första kammaren,1969,1969,
5224,Gunnar Hübinette,h,Stockholms och Uppsala län,Första kammaren,1969,1969,
5225,Gunnar Lange,s,Malmöhus län med Malmö stad,Första kammaren,1969,1969,
5226,Gunnar Rönnberg,s,Västerbottens och Norrbottens län,Första kammaren,1969,1969,
5227,Gunnar Skagerlund,fp,Örebro län,Första kammaren,1969,1969,
5228,Gunnar Sträng,s,Älvsborgs län,Första kammaren,1969,1969,
5229,Gunnar Wallmark,h,Stockholms och Uppsala län,Första kammaren,1969,1969,
5230,Gunvor Stenberg,h,Västerbottens och Norrbottens län,Första kammaren,1969,1969,
5231,Göran Karlsson,s,Jönköpings län,Första kammaren,1969,1969,
5232,Gösta Jacobsson,h,Malmöhus län med Malmö stad,Första kammaren,1969,1969,
5233,Harald Pettersson,c,Skaraborgs län,Första kammaren,1969,1969,
5234,Helge Berglund,s,Stockholms stad,Första kammaren,1969,1969,
5235,Helge Karlsson,s,Blekinge och Kristianstads län,Första kammaren,1969,1969,
5236,Helge Ottosson,h,Jönköpings län,Första kammaren,1969,1969,
5237,Henrik Åkerlund,h,Stockholms och Uppsala län,Första kammaren,1969,1969,
5238,Herbert Hermansson,c,Göteborgs och Bohus län,Första kammaren,1969,1969,
5239,Herbert Larsson,s,Älvsborgs län,Första kammaren,1969,1969,
5240,Herman Kling,s,Gävleborgs län,Första kammaren,1969,1969,
5241,Ingrid Diesen,h,Stockholms stad,Första kammaren,1969,1969,
5242,Ingrid Segerstedt-Wiberg,fp,Göteborgs stad,Första kammaren,1969,1969,
5243,Ivan Svanström,c,Kalmar och Gotlands län,Första kammaren,1969,1969,
5244,Ivar Andersson i Fredriksberg,s,Kopparbergs län,Första kammaren,1969,1969,
5245,Ivar Högström,s,Västernorrlands och Jämtlands län,Första kammaren,1969,1969,
5246,Ivar Johansson,c,Östergötlands län med Norrköpings stad,Första kammaren,1969,1969,
5247,Ivar Virgin,h,Skaraborgs län,Första kammaren,1969,1969,
5248,Joel Sörenson,fp,Stockholms stad,Första kammaren,1969,1969,
5249,Johan A. Olsson,c,Gävleborgs län,Första kammaren,1969,1969,
5250,John Ericsson i Kinna,s,Älvsborgs län,Första kammaren,1969,1969,
5251,John-Arvid Arvidson,h,Malmöhus län med Malmö stad,Första kammaren,1969,1969,
5252,Kaj Björk,s,Göteborgs stad,Första kammaren,1969,1969,
5253,Kaj Lokander,s,Värmlands län,Första kammaren,1969,1969,
5254,Karl Kilsmo,fp,Södermlands och Västmanlands län,Första kammaren,1969,1969,
5255,Karl Pettersson,s,Örebro län,Första kammaren,1969,1969,
5256,Knut Johansson,s,Stockholms stad,Första kammaren,1969,1969,
5257,Krister Wickman,s,Kronobergs och Hallands län,Första kammaren,1969,1969,
5258,Lage Svedberg,s,Västerbottens och Norrbottens län,Första kammaren,1969,1969,
5259,Lars Larsson i Lotorp,s,Östergötlands län med Norrköpings stad,Första kammaren,1969,1969,
5260,Lars Schött,h,Kalmar och Gotlands län,Första kammaren,1969,1969,
5261,Lars Werner,vpk,Stockholms stad,Första kammaren,1969,1969,
5262,Lennart Blom,fp,Skaraborgs län,Första kammaren,1969,1969,
5263,Lennart Geijer,s,Stockholms stad,Första kammaren,1969,1969,
5264,Lennart Wanhainen,s,Västerbottens och Norrbottens län,Första kammaren,1969,1969,
5265,Lilly Ohlsson,s,Malmöhus län med Malmö stad,Första kammaren,1969,1969,
5266,Lisa Mattsson,s,Göteborgs stad,Första kammaren,1969,1969,
5267,Maj-Lis Landberg,s,Östergötlands län med Norrköpings stad,Första kammaren,1969,1969,
5268,Manne Olsson,s,Stockholms och Uppsala län,Första kammaren,1969,1969,
5269,Margit Lundblad,s,Malmöhus län med Malmö stad,Första kammaren,1969,1969,
5270,Mary Hultell,h,Stockholms stad,Första kammaren,1969,1969,
5271,Nils Erik Wååg,s,Blekinge och Kristianstads län,Första kammaren,1969,1969,
5272,Nils Hjort,s,Stockholms och Uppsala län,Första kammaren,1969,1969,
5273,Nils Magnusson,s,Göteborgs och Bohus län,Första kammaren,1969,1969,
5274,Nils Nilsson i Mora,c,Kopparbergs län,Första kammaren,1969,1969,
5275,Nils Ståhle,s,Södermlands och Västmanlands län,Första kammaren,1969,1969,
5276,Nils Theodor Larsson,c,Kalmar och Gotlands län,Första kammaren,1969,1969,
5277,Nils-Eric Gustafsson,c,Västerbottens och Norrbottens län,Första kammaren,1969,1969,
5278,Olle Dahlén,fp,Stockholms stad,Första kammaren,1969,1969,
5279,Oscar Carlsson,s,Värmlands län,Första kammaren,1969,1969,
5280,Otto Stadling,s,Västernorrlands och Jämtlands län,Första kammaren,1969,1969,
5281,Ove Karlsson,s,Kopparbergs län,Första kammaren,1969,1969,
5282,Paul Brundin,h,Göteborgs stad,Första kammaren,1969,1969,
5283,Paul Jansson,s,Skaraborgs län,Första kammaren,1969,1969,
5284,Per Blomquist,h,Malmöhus län med Malmö stad,Första kammaren,1969,1969,
5285,Per Hilding,fp,Gävleborgs län,Första kammaren,1969,1969,
5286,Per Jacobsson i Vindeln,fp,Västerbottens och Norrbottens län,Första kammaren,1969,1969,
5287,Ragnar Sveningsson,h,Älvsborgs län,Första kammaren,1969,1969,
5288,Rikard Svensson,s,Blekinge och Kristianstads län,Första kammaren,1969,1969,
5289,Roland Lundberg,h,Malmöhus län med Malmö stad,Första kammaren,1969,1969,
5290,Rolf Kaijser,h,Värmlands län,Första kammaren,1969,1969,
5291,Rolf Wirtén,fp,Jönköpings län,Första kammaren,1969,1969,
5292,Rune Hedlund,s,Södermlands och Västmanlands län,Första kammaren,1969,1969,
5293,Rune Jonsson,s[2],Västernorrlands och Jämtlands län,Första kammaren,1969,1969,
5294,Ruth Hamrin-Thorell,redaktör fp,Stockholms och Uppsala län,Första kammaren,1969,1969,
5295,Sigurd Lundin,s,Gävleborgs län,Första kammaren,1969,1969,
5296,Sten Andersson,s,Värmlands län,Första kammaren,1969,1969,
5297,Sten Åkesson,fp,Blekinge och Kristianstads län,Första kammaren,1969,1969,
5298,Stig Stefanson,fp,Kopparbergs län,Första kammaren,1969,1969,
5299,Sture Palm,s,Stockholms och Uppsala län,Första kammaren,1969,1969,
5300,Svante Kristiansson,s,Blekinge och Kristianstads län,Första kammaren,1969,1969,
5301,Sven Andersson,s,Södermlands och Västmanlands län,Första kammaren,1969,1969,
5302,Sven Aspling,s,Göteborgs stad,Första kammaren,1969,1969,
5303,Sven Nyman,fp,Södermlands och Västmanlands län,Första kammaren,1969,1969,
5304,Sven Sundin,c,Västernorrlands och Jämtlands län,Första kammaren,1969,1969,
5305,Sven-Otto Österdahl,fp,Kalmar och Gotlands län,Första kammaren,1969,1969,
5306,Tage Johansson,s,Jönköpings län,Första kammaren,1969,1969,
5307,Tage Larfors,s,Södermlands och Västmanlands län,Första kammaren,1969,1969,
5308,Thore Sörlin,s,Västerbottens och Norrbottens län,Första kammaren,1969,1969,
5309,Thorle Nilsson,s,Jönköpings län,Första kammaren,1969,1969,
5310,Thorsten Larsson,c,Malmöhus län med Malmö stad,Första kammaren,1969,1969,
5311,Thure Dahlberg,s,Västerbottens och Norrbottens län,Första kammaren,1969,1969,
5312,Torsten Andersson i Brämhult,c,Älvsborgs län,Första kammaren,1969,1969,
5313,Torsten Bengtsson,c,Jönköpings län,Första kammaren,1969,1969,
5314,Torsten Hansson,s,Göteborgs stad,Första kammaren,1969,1969,
5315,Torsten Mattsson,c,Kronobergs och Hallands län,Första kammaren,1969,1969,
5316,Ulla Lindström,s,Stockholms stad,Första kammaren,1969,1969,
5317,Uno Hedström,s,Västerbottens och Norrbottens län,Första kammaren,1969,1969,
5318,Yngve Möller,s,Gävleborgs län,Första kammaren,1969,1969,
5319,Yngve Nilsson,h,Blekinge och Kristianstads län,Första kammaren,1969,1969,
5320,Yngve Nyquist,s,Kopparbergs län,Första kammaren,1969,1969,
5321,Yngve Persson,s,Stockholms stad,Första kammaren,1969,1969,
5322,Åke Larsson,s,Örebro län,Första kammaren,1969,1969,
5323,Alf Pettersson,Socialdemokraterna,Fyrstadskretsen,Enkammarriksdagen,1971,1973,ombudsman
5324,Alf Wennerfors,Moderata samlingspartiet,Stockholms län,Enkammarriksdagen,1971,1973,utbildningschef
5325,Alfred Håkansson,Centerpartiet,Fyrstadskretsen,Enkammarriksdagen,1971,1973,lantbrukare
5326,Allan Gustafsson,Centerpartiet,Värmlands län,Enkammarriksdagen,1971,1973,hönseriägare
5327,Allan Hernelius,Moderata samlingspartiet,Stockholms kommun,Enkammarriksdagen,1971,1973,f.d. chefredaktör
5328,Allan Åkerlind,Moderata samlingspartiet,Stockholms län,Enkammarriksdagen,1971,1973,byggnadsarbetare
5329,Alma Olsson,Centerpartiet,Fyrstadskretsen,Enkammarriksdagen,1971,1973,fru
5330,Alvar Andersson (politiker),Centerpartiet,Hallands län,Enkammarriksdagen,1971,1973,lantbrukare
5331,Alvar Mårtensson,Socialdemokraterna,Malmöhus län,Enkammarriksdagen,1971,1973,telearbetare
5332,Anders Björck,Moderata samlingspartiet,Jönköpings län,Enkammarriksdagen,1971,1973,förbundsordförande
5333,Anders Dahlgren,Centerpartiet,Östergötlands län,Enkammarriksdagen,1971,1973,lantbrukare
5334,Anders Gernandt,Centerpartiet,Västmanlands län,Enkammarriksdagen,1971,1973,ingenjör
5335,Anders Haglund,Socialdemokraterna,Gävleborgs län,Enkammarriksdagen,1971,1973,ombudsman
5336,Anders Jonsson i Mora,Folkpartiet,Kopparbergs län,Enkammarriksdagen,1971,1973,möbelhandlare
5337,Anders Wijkman,Moderata samlingspartiet,Stockholms kommun,Enkammarriksdagen,1971,1973,sekreterare
5338,Anita Gradin,Socialdemokraterna,Stockholms kommun,Enkammarriksdagen,1971,1973,departementssekreterare
5339,Anna-Greta Skantz,Socialdemokraterna,Fyrstadskretsen,Enkammarriksdagen,1971,1973,ombudsman
5340,Anna-Lisa Lewén-Eliasson,Socialdemokraterna,Stockholms län,Enkammarriksdagen,1971,1973,fru
5341,Anna-Lisa Nilsson,Centerpartiet,Kristianstads län,Enkammarriksdagen,1971,1973,handelsträdgårdsmästare
5342,Anton Fågelsbo,Centerpartiet,Västmanlands län,Enkammarriksdagen,1971,1973,lantbrukare
5343,Arne Blomkvist,Socialdemokraterna,Skaraborgs län,Enkammarriksdagen,1971,1973,porslinsarbetare
5344,Arne Fransson,Centerpartiet,Jönköpings län,Enkammarriksdagen,1971,1973,kamrer
5345,Arne Gadd,Socialdemokraterna,Uppsala län,Enkammarriksdagen,1971,1973,revisionsdirektör
5346,Arne Geijer,Socialdemokraterna,Stockholms län,Enkammarriksdagen,1971,1973,LO:s ordförande
5347,Arne Magnusson,Centerpartiet,Jönköpings län,Enkammarriksdagen,1971,1973,lantbrukare
5348,Arne Nygren,Socialdemokraterna,Västerbottens län,Enkammarriksdagen,1971,1973,redaktör
5349,Arne Persson,Centerpartiet,Älvsborgs läns södra,Enkammarriksdagen,1971,1973,lantbrukare
5350,Arne Pettersson,Socialdemokraterna,Fyrstadskretsen,Enkammarriksdagen,1971,1973,sekreterare
5351,Arvid Annerås,Folkpartiet,Göteborgs och Bohus län,Enkammarriksdagen,1971,1973,köpman
5352,Arvid Enarsson,Moderata samlingspartiet,Älvsborgs läns norra,Enkammarriksdagen,1971,1973,skogsbruksägare
5353,Arvid Eskel,Socialdemokraterna,Värmlands län,Enkammarriksdagen,1971,1973,länsarbetsdirektör
5354,Astrid Bergegren,Socialdemokraterna,Östergötlands län,Enkammarriksdagen,1971,1973,kontorist
5355,Astrid Kristensson,Moderata samlingspartiet,Stockholms kommun,Enkammarriksdagen,1971,1973,direktör
5356,Axel Kristiansson,Centerpartiet,Hallands län,Enkammarriksdagen,1971,1973,lantbrukare
5357,"Bengt Bengtsson, f. 1920",Centerpartiet,Göteborg stad,Enkammarriksdagen,1971,1973,partiombudsman
5358,Bengt Börjesson,Centerpartiet,Skaraborgs län,Enkammarriksdagen,1971,1973,kamrer
5359,Bengt Fagerlund,Socialdemokraterna,Kronobergs län,Enkammarriksdagen,1971,1973,försäljningsassistent
5360,Bengt Gustavsson,Socialdemokraterna,Södermanlands län,Enkammarriksdagen,1971,1973,ombudsman
5361,Bengt Norling,Socialdemokraterna,Norrbottens län,Enkammarriksdagen,1971,1973,statsråd
5362,Bengt Sjönell,Centerpartiet,Stockholms kommun,Enkammarriksdagen,1971,1973,direktör
5363,Bengt Wiklund,Socialdemokraterna,Västernorrlands län,Enkammarriksdagen,1971,1973,journalist
5364,Bernhard Sundelin,Socialdemokraterna,Västernorrlands län,Enkammarriksdagen,1971,1973,åkeriägare
5365,Bernt Ekinge,Folkpartiet,Södermanlands län,Enkammarriksdagen,1971,1973,ombudsman
5366,Bernt Nilsson,Socialdemokraterna,Kalmar län,Enkammarriksdagen,1971,1973,ombudsman
5367,Bert Stålhammar,Folkpartiet,Örebro län,Enkammarriksdagen,1971,1973,rektor
5368,Bertil Fiskesjö,Centerpartiet,Fyrstadskretsen,Enkammarriksdagen,1971,1973,universitetslektor
5369,Bertil Johansson,Centerpartiet,Kronobergs län,Enkammarriksdagen,1971,1973,lantbrukare
5370,Bertil Jonasson,Centerpartiet,Värmlands län,Enkammarriksdagen,1971,1973,småbrukare
5371,Bertil Lidgard,Moderata samlingspartiet,Stockholms kommun,Enkammarriksdagen,1971,1973,direktör
5372,Bertil Löfberg,Socialdemokraterna,Gävleborgs län,Enkammarriksdagen,1971,1973,statsråd
5373,Bertil Måbrink,Vänsterpartiet kommunisterna,Gävleborgs län,Enkammarriksdagen,1971,1973,
5374,Bertil Peterson,Socialdemokraterna,Kalmar län,Enkammarriksdagen,1971,1973,ombudsman
5375,Bertil Zachrisson,Socialdemokraterna,Stockholms kommun,Enkammarriksdagen,1971,1973,chefredaktör
5376,Bertil Öhvall,Folkpartiet,Norrbottens län,Enkammarriksdagen,1971,1973,ekonomikonsulent
5377,Billy Olsson,Folkpartiet,Värmlands län,Enkammarriksdagen,1971,1973,filosofie student
5378,Birger Möller,Folkpartiet,Göteborg stad,Enkammarriksdagen,1971,1973,universitetslärare
5379,Birger Nilsson,Socialdemokraterna,Jämtlands län,Enkammarriksdagen,1971,1973,ombudsman
5380,Birger Rosqvist,Socialdemokraterna,Kalmar län,Enkammarriksdagen,1971,1973,lots
5381,Birgitta Dahl,Socialdemokraterna,Uppsala län,Enkammarriksdagen,1971,1973,förste byråsekreterare
5382,Björn Molin,Folkpartiet,Göteborg stad,Enkammarriksdagen,1971,1973,docent
5383,Blenda Ljungberg,Moderata samlingspartiet,Uppsala län,Enkammarriksdagen,1971,1973,läroverksadjunkt
5384,Bo Martinsson,Socialdemokraterna,Västernorrlands län,Enkammarriksdagen,1971,1973,advokat
5385,Bo Turesson,Moderata samlingspartiet,Kopparbergs län,Enkammarriksdagen,1971,1973,distriktslantmätare
5386,Britt Mogård,Moderata samlingspartiet,Stockholms län,Enkammarriksdagen,1971,1973,ämneslärare
5387,Britta Bergström,Folkpartiet,Fyrstadskretsen,Enkammarriksdagen,1971,1973,e. universitetslektor
5388,Bror Engström,Vänsterpartiet kommunisterna,Stockholms län,Enkammarriksdagen,1971,1973,ombudsman
5389,C-H Hermansson,Vänsterpartiet kommunisterna,Stockholms kommun,Enkammarriksdagen,1971,1973,partiordförande
5390,Carl Göran Regnéll,Moderata samlingspartiet,Fyrstadskretsen,Enkammarriksdagen,1971,1973,bankdirektör
5391,Carl-Eric Hedin,Moderata samlingspartiet,Södermanlands län,Enkammarriksdagen,1971,1973,lantbrukare
5392,Carl-Gustav Enskog,Folkpartiet,Västmanlands län,Enkammarriksdagen,1971,1973,linjeingenjör
5393,Carl-Wilhelm Lothigius,Moderata samlingspartiet,Jönköpings län,Enkammarriksdagen,1971,1973,direktör
5394,Cecilia Nettelbrandt,Folkpartiet,Stockholms län,Enkammarriksdagen,1971,1973,förbundsjurist
5395,Claes Elmstedt,Moderata samlingspartiet,Blekinge län,Enkammarriksdagen,1971,1973,lantbrukare
5396,Daniel Wiklund,Folkpartiet,Stockholms kommun,Enkammarriksdagen,1971,1973,avdelningsdirektör
5397,David Wirmark,Folkpartiet,Stockholms län,Enkammarriksdagen,1971,1973,partisekreterare
5398,Doris Håvik,Socialdemokraterna,Göteborg stad,Enkammarriksdagen,1971,1973,assistent
5399,Egon Andreasson,Centerpartiet,Kristianstads län,Enkammarriksdagen,1971,1973,lantbrukare
5400,Einar Henningsson,Socialdemokraterna,Fyrstadskretsen,Enkammarriksdagen,1971,1973,ombudsman
5401,Einar Larsson,Centerpartiet,Kristianstads län,Enkammarriksdagen,1971,1973,lantbrukare
5402,Eivor Marklund,Vänsterpartiet kommunisterna,Norrbottens län,Enkammarriksdagen,1971,1973,fru
5403,Elver Jonsson,Folkpartiet,Älvsborgs läns norra,Enkammarriksdagen,1971,1973,1:e postiljon
5404,Elvy Nilsson,Socialdemokraterna,Värmlands län,Enkammarriksdagen,1971,1973,fru
5405,Elvy Olsson,Centerpartiet,Stockholms län,Enkammarriksdagen,1971,1973,fru
5406,Eric Enlund,Folkpartiet,Västmanlands län,Enkammarriksdagen,1971,1973,lantbrukare
5407,Eric Holmqvist,Socialdemokraterna,Fyrstadskretsen,Enkammarriksdagen,1971,1973,statsråd
5408,Eric Johansson,Socialdemokraterna,Kalmar län,Enkammarriksdagen,1971,1973,typograf
5409,Eric Jönsson,Socialdemokraterna,Fyrstadskretsen,Enkammarriksdagen,1971,1973,ombudsman
5410,Eric Marcusson,Socialdemokraterna,Västmanlands län,Enkammarriksdagen,1971,1973,ombudsman
5411,Eric Nelander,Folkpartiet,Malmöhus län,Enkammarriksdagen,1971,1973,underinspektör
5412,Erik Adamsson,Socialdemokraterna,Fyrstadskretsen,Enkammarriksdagen,1971,1973,expeditör
5413,Erik Brandt,Socialdemokraterna,Örebro län,Enkammarriksdagen,1971,1973,pappersbruksarbetare
5414,Erik Carlsson,Centerpartiet,Kopparbergs län,Enkammarriksdagen,1971,1973,bonde
5415,Erik Glimnér,Centerpartiet,Östergötlands län,Enkammarriksdagen,1971,1973,lantbrukare
5416,Erik Grebäck,Centerpartiet,Stockholms län,Enkammarriksdagen,1971,1973,agronom
5417,Erik Hovhammar,Moderata samlingspartiet,Kronobergs län,Enkammarriksdagen,1971,1973,bruksdiponent
5418,Erik Johansson,Socialdemokraterna,Kristianstads län,Enkammarriksdagen,1971,1973,arbetsförmedlingsföreståndare
5419,Erik Krönmark,Moderata samlingspartiet,Kalmar län,Enkammarriksdagen,1971,1973,lantbrukare
5420,Erik Larsson,Centerpartiet,Örebro län,Enkammarriksdagen,1971,1973,lantbrukare
5421,Erik Mossberger,Socialdemokraterna,Hallands län,Enkammarriksdagen,1971,1973,ombudsman
5422,Erik Svedberg,Socialdemokraterna,Gävleborgs län,Enkammarriksdagen,1971,1973,hemmansägare
5423,Erik Tobé,Folkpartiet,Uppsala län,Enkammarriksdagen,1971,1973,överlantmätare
5424,Erik Wärnberg,Socialdemokraterna,Östergötlands län,Enkammarriksdagen,1971,1973,trävaruhandlare
5425,Essen Lindahl,Socialdemokraterna,Stockholms län,Enkammarriksdagen,1971,1973,direktör
5426,Eva Åsbrink,Socialdemokraterna,Skaraborgs län,Enkammarriksdagen,1971,1973,rektor
5427,Evert Svensson,Socialdemokraterna,Göteborgs och Bohus län,Enkammarriksdagen,1971,1973,socionom
5428,Filip Johansson,Centerpartiet,Norrbottens län,Enkammarriksdagen,1971,1973,lantbrukare
5429,Frida Berglund,Socialdemokraterna,Norrbottens län,Enkammarriksdagen,1971,1973,skolsköterska
5430,Fritz Börjesson,Centerpartiet,Kalmar län,Enkammarriksdagen,1971,1973,lantbrukare
5431,Gabriel Romanus,Folkpartiet,Stockholms län,Enkammarriksdagen,1971,1973,redaktör
5432,Georg Andersson,Socialdemokraterna,Västerbottens län,Enkammarriksdagen,1971,1973,rektor
5433,Georg Pettersson,Socialdemokraterna,Gotlands län,Enkammarriksdagen,1971,1973,skyddsombud
5434,Georg Pettersson,Centerpartiet,Örebro län,Enkammarriksdagen,1971,1973,partiombudsman
5435,Georg Åberg,Folkpartiet,Göteborgs och Bohus län,Enkammarriksdagen,1971,1973,fiskeriombudsman
5436,Gertrud Sigurdsen,Socialdemokraterna,Stockholms kommun,Enkammarriksdagen,1971,1973,sekreterare
5437,Gillis Augustsson,Socialdemokraterna,Östergötlands län,Enkammarriksdagen,1971,1973,järnbruksarbetare
5438,Grethe Lundblad,Socialdemokraterna,Fyrstadskretsen,Enkammarriksdagen,1971,1973,socialvårdsinspektör
5439,Gudmund Ernulf,Folkpartiet,Älvsborgs läns södra,Enkammarriksdagen,1971,1973,borgmästare
5440,Gudrun Sundström,Socialdemokraterna,Kopparbergs län,Enkammarriksdagen,1971,1973,fru
5441,Gunbjörg Thunvall,Socialdemokraterna,Gävleborgs län,Enkammarriksdagen,1971,1973,fru
5442,Gunnar Björk,Centerpartiet,Gävleborgs län,Enkammarriksdagen,1971,1973,bankkonsulent
5443,Gunnar Engkvist,Socialdemokraterna,Kristianstads län,Enkammarriksdagen,1971,1973,målarmästare
5444,Gunnar Ericsson,Folkpartiet,Östergötlands län,Enkammarriksdagen,1971,1973,direktör
5445,Gunnar Gustafsson,Socialdemokraterna,Göteborgs och Bohus län,Enkammarriksdagen,1971,1973,ombudsman
5446,Gunnar Hedlund,Centerpartiet,Västernorrlands län,Enkammarriksdagen,1971,1973,f.d. statsråd
5447,Gunnar Helén,Folkpartiet,Stockholms kommun,Enkammarriksdagen,1971,1973,landshövding
5448,Gunnar Hyltander,Folkpartiet,Skaraborgs län,Enkammarriksdagen,1971,1973,köpman
5449,Gunnar Lange,Socialdemokraterna,Malmöhus län,Enkammarriksdagen,1971,1973,statsråd
5450,Gunnar Larsson,Centerpartiet,Skaraborgs län,Enkammarriksdagen,1971,1973,lantbrukare
5451,Gunnar Oscarsson,Moderata samlingspartiet,Hallands län,Enkammarriksdagen,1971,1973,kapten
5452,Gunnar Richardsson,Folkpartiet,Skaraborgs län,Enkammarriksdagen,1971,1973,docent
5453,Gunnar Sträng,Socialdemokraterna,Älvsborgs läns södra,Enkammarriksdagen,1971,1973,statsråd
5454,Gunnel Jonäng,Centerpartiet,Gävleborgs län,Enkammarriksdagen,1971,1973,fru
5455,Gunvor Ryding,Vänsterpartiet kommunisterna,Göteborg stad,Enkammarriksdagen,1971,1973,industritjänsteman
5456,Gustav Lorentzon,Vänsterpartiet kommunisterna,Västernorrlands län,Enkammarriksdagen,1971,1973,ombudsman
5457,Gusti Gustavsson,Socialdemokraterna,Kristianstads län,Enkammarriksdagen,1971,1973,elinstallatör
5458,Göran Karlsson,Socialdemokraterna,Jönköpings län,Enkammarriksdagen,1971,1973,redaktör
5459,Gördis Hörnlund,Socialdemokraterna,Älvsborgs läns södra,Enkammarriksdagen,1971,1973,fru
5460,Gösta Andersson,Centerpartiet,Kalmar län,Enkammarriksdagen,1971,1973,skogsarbetare
5461,Gösta Bohman,Moderata samlingspartiet,Stockholms kommun,Enkammarriksdagen,1971,1973,direktör
5462,Gösta Carlsson,Centerpartiet,Södermanlands län,Enkammarriksdagen,1971,1973,rektor
5463,Gösta Josefsson,Socialdemokraterna,Hallands län,Enkammarriksdagen,1971,1973,förste inspektör
5464,Gösta Sterne,Folkpartiet,Jönköpings län,Enkammarriksdagen,1971,1973,disponent
5465,Göte Peterson,Socialdemokraterna,Blekinge län,Enkammarriksdagen,1971,1973,direktör
5466,Hagar Normark,Socialdemokraterna,Västerbottens län,Enkammarriksdagen,1971,1973,fru
5467,Hans Hagnell,Socialdemokraterna,Stockholms kommun,Enkammarriksdagen,1971,1973,"fil. lic., pol mag."
5468,Hans Jönsson,Socialdemokraterna,Malmöhus län,Enkammarriksdagen,1971,1973,ombudsman
5469,Hans Nordgren,Moderata samlingspartiet,Gävleborgs län,Enkammarriksdagen,1971,1973,skräddarmästare
5470,Hans Pettersson,Folkpartiet,Malmöhus län,Enkammarriksdagen,1971,1973,folkskollärare
5471,Harald Almgren,Socialdemokraterna,Jönköpings län,Enkammarriksdagen,1971,1973,metallarbetare
5472,Harald Pettersson,Centerpartiet,Skaraborgs län,Enkammarriksdagen,1971,1973,lantbrukare
5473,Helge Karlsson,Socialdemokraterna,Blekinge län,Enkammarriksdagen,1971,1973,metallarbetare
5474,Henry Allard,Socialdemokraterna,Örebro län,Enkammarriksdagen,1971,1973,f.d. försäljningschef
5475,Henry Berndtsson,Folkpartiet,Göteborgs och Bohus län,Enkammarriksdagen,1971,1973,lantbrukare
5476,Herbert Larsson,Socialdemokraterna,Älvsborgs läns norra,Enkammarriksdagen,1971,1973,redaktör
5477,Hilding Johansson,Socialdemokraterna,Älvsborgs läns norra,Enkammarriksdagen,1971,1973,fil. dr
5478,Holger Mossberg,Socialdemokraterna,Värmlands län,Enkammarriksdagen,1971,1973,järnbruksarbetare
5479,Hugo Bengtsson,Socialdemokraterna,Fyrstadskretsen,Enkammarriksdagen,1971,1973,plåtslagare
5480,Håkan Winberg,Moderata samlingspartiet,Västernorrlands län,Enkammarriksdagen,1971,1973,hovrättspresident
5481,Inga Thorsson,Socialdemokraterna,Stockholms kommun,Enkammarriksdagen,1971,1973,ambassadör
5482,Ingegärd Fraenkel,Folkpartiet,Göteborg stad,Enkammarriksdagen,1971,1973,studierektor
5483,Ingemar Leander,Socialdemokraterna,Östergötlands län,Enkammarriksdagen,1971,1973,folkskollärare
5484,Ingemar Mundebo,Folkpartiet,Stockholms län,Enkammarriksdagen,1971,1973,avdelningsdirektör
5485,Ingemund Bengtsson,Socialdemokraterna,Hallands län,Enkammarriksdagen,1971,1973,statsråd
5486,Ingrid Ludvigsson,Socialdemokraterna,Södermanlands län,Enkammarriksdagen,1971,1973,kontorist
5487,Ingrid Sundberg,Moderata samlingspartiet,Malmöhus län,Enkammarriksdagen,1971,1973,fru
5488,Ingvar Carlsson,Socialdemokraterna,Stockholms län,Enkammarriksdagen,1971,1973,statsråd
5489,Ingvar Svanberg,Socialdemokraterna,Norrbottens län,Enkammarriksdagen,1971,1973,rektor
5490,Ivan Svanström,Centerpartiet,Kalmar län,Enkammarriksdagen,1971,1973,lantbrukare
5491,Ivar Hermansson,Vänsterpartiet kommunisterna,Norrbottens län,Enkammarriksdagen,1971,1973,gruvarbetare
5492,Ivar Högström,Socialdemokraterna,Västernorrlands län,Enkammarriksdagen,1971,1973,bostadsdirektör
5493,Ivar Nordberg,Socialdemokraterna,Stockholms län,Enkammarriksdagen,1971,1973,ombudsman
5494,Ivar Virgin,Moderata samlingspartiet,Skaraborgs län,Enkammarriksdagen,1971,1973,kapten
5495,Jan Bergqvist,Socialdemokraterna,Göteborg stad,Enkammarriksdagen,1971,1973,universitetslärare
5496,Jan-Erik Wikström,Folkpartiet,Stockholms kommun,Enkammarriksdagen,1971,1973,förlagschef
5497,Jan-Ivan Nilsson,Centerpartiet,Västerbottens län,Enkammarriksdagen,1971,1973,lantbrukare
5498,Johannes Antonsson,Centerpartiet,Hallands län,Enkammarriksdagen,1971,1973,hemmansägare
5499,John Eriksson i Bäckmora,Centerpartiet,Gävleborgs län,Enkammarriksdagen,1971,1973,f.d. ombudsman
5500,John Lundberg,Socialdemokraterna,Uppsala län,Enkammarriksdagen,1971,1973,ombudsman
5501,John Magnusson,Vänsterpartiet kommunisterna,Värmlands län,Enkammarriksdagen,1971,1973,konduktör
5502,John Takman,Vänsterpartiet kommunisterna,Stockholms kommun,Enkammarriksdagen,1971,1973,överläkare
5503,Jörn Svensson,Vänsterpartiet kommunisterna,Fyrstadskretsen,Enkammarriksdagen,1971,1973,planeringsdirektör
5504,Kaj Björk,Socialdemokraterna,Göteborg stad,Enkammarriksdagen,1971,1973,redaktör
5505,Karin Andersson,Centerpartiet,Stockholms kommun,Enkammarriksdagen,1971,1973,socionom
5506,Karin Nordlander,Vänsterpartiet kommunisterna,Stockholms kommun,Enkammarriksdagen,1971,1973,föreståndare
5507,Karin Söder,Centerpartiet,Stockholms län,Enkammarriksdagen,1971,1973,folkskollärare
5508,Karl Axel Levin,Folkpartiet,Fyrstadskretsen,Enkammarriksdagen,1971,1973,direktör
5509,Karl Bengtsson,Folkpartiet,Hallands län,Enkammarriksdagen,1971,1973,verkmästare
5510,Karl Boo,Centerpartiet,Kopparbergs län,Enkammarriksdagen,1971,1973,kontrollasistent
5511,Karl Hallgren,Vänsterpartiet kommunisterna,Göteborg stad,Enkammarriksdagen,1971,1973,ombudsman
5512,Karl Leuchovius,Moderata samlingspartiet,Skaraborgs län,Enkammarriksdagen,1971,1973,lantbrukare
5513,Karl Rask,Socialdemokraterna,Jönköpings län,Enkammarriksdagen,1971,1973,fabrikör
5514,Karl-Eric Norrby,Centerpartiet,Värmlands län,Enkammarriksdagen,1971,1973,lantbrukare
5515,Karl-Erik Eriksson,Folkpartiet,Värmlands län,Enkammarriksdagen,1971,1973,lantbrukare
5516,Karl-Erik Häll,Socialdemokraterna,Norrbottens län,Enkammarriksdagen,1971,1973,ombudsman
5517,Karl-Erik Strömberg,Folkpartiet,Stockholms län,Enkammarriksdagen,1971,1973,skoldirektör
5518,Karl-Gustav Andersson,Socialdemokraterna,Värmlands län,Enkammarriksdagen,1971,1973,rörverksarbetare
5519,Kerstin Anér,Folkpartiet,Stockholms kommun,Enkammarriksdagen,1971,1973,radioproducent
5520,Kjell A. Mattsson,Centerpartiet,Göteborgs och Bohus län,Enkammarriksdagen,1971,1973,lantbrukare
5521,Kjell Nilsson,Socialdemokraterna,Kronobergs län,Enkammarriksdagen,1971,1973,metallarbetare
5522,Kjell-Olof Feldt,Socialdemokraterna,Kopparbergs län,Enkammarriksdagen,1971,1973,statssekreterare
5523,Knut Johansson,Socialdemokraterna,Stockholms kommun,Enkammarriksdagen,1971,1973,förbundsombud
5524,Krister Wickman,Socialdemokraterna,Stockholms län,Enkammarriksdagen,1971,1973,statsråd
5525,Kurt Hugosson,Socialdemokraterna,Göteborg stad,Enkammarriksdagen,1971,1973,byråchef
5526,Kurt Söderström,Moderata samlingspartiet,Östergötlands län,Enkammarriksdagen,1971,1973,ingenjör
5527,Lars Eliasson,Centerpartiet,Kopparbergs län,Enkammarriksdagen,1971,1973,lantbrukare
5528,Lars Gustafsson,Socialdemokraterna,Stockholms län,Enkammarriksdagen,1971,1973,lektor
5529,Lars Henrikson,Socialdemokraterna,Östergötlands län,Enkammarriksdagen,1971,1973,ombudsman
5530,Lars Larsson i Lotorp,Socialdemokraterna,Östergötlands län,Enkammarriksdagen,1971,1973,typograf
5531,Lars Schött,Moderata samlingspartiet,Kalmar län,Enkammarriksdagen,1971,1973,fögderidirektör
5532,Lars Werner,Vänsterpartiet kommunisterna,Stockholms län,Enkammarriksdagen,1971,1973,ombudsman
5533,Lars-Ove Hagberg,Vänsterpartiet kommunisterna,Kopparbergs län,Enkammarriksdagen,1971,1973,järnbruksarbetare
5534,Lena Hjelm-Wallén,Socialdemokraterna,Västmanlands län,Enkammarriksdagen,1971,1973,statsråd
5535,Lennart Andersson,Socialdemokraterna,Stockholms län,Enkammarriksdagen,1971,1973,ombudsman
5536,Lennart Geijer,Socialdemokraterna,Stockholms kommun,Enkammarriksdagen,1971,1973,statsråd
5537,Lennart Mattsson,Centerpartiet,Göteborgs och Bohus län,Enkammarriksdagen,1971,1973,studieledare
5538,Lennart Pettersson,Socialdemokraterna,Fyrstadskretsen,Enkammarriksdagen,1971,1973,universitetslärare
5539,Lilly Bergander,Socialdemokraterna,Stockholms län,Enkammarriksdagen,1971,1973,kontorist
5540,Lilly Hansson,Socialdemokraterna,Västerbottens län,Enkammarriksdagen,1971,1973,sjukvårdare
5541,Lisa Mattsson,Socialdemokraterna,Göteborg stad,Enkammarriksdagen,1971,1973,redaktör
5542,Mac Hamrin,Folkpartiet,Kalmar län,Enkammarriksdagen,1971,1973,överlantmätare
5543,Magnus Persson,Socialdemokraterna,Värmlands län,Enkammarriksdagen,1971,1973,ombudsman
5544,Magnus Taube,Folkpartiet,Kristianstads län,Enkammarriksdagen,1971,1973,disponent
5545,Maj Pehrsson,Centerpartiet,Älvsborgs läns södra,Enkammarriksdagen,1971,1973,kassör
5546,Maj-Britt Theorin,Socialdemokraterna,Stockholms kommun,Enkammarriksdagen,1971,1973,sekreterare
5547,Marta Lindberg,Socialdemokraterna,Örebro län,Enkammarriksdagen,1971,1973,fru
5548,Martin Henmark,Folkpartiet,Kristianstads län,Enkammarriksdagen,1971,1973,beredningsråd
5549,Martin Olsson (centerpartist),Centerpartiet,Västernorrlands län,Enkammarriksdagen,1971,1973,bankkamrer
5550,Mary Holmqvist,Socialdemokraterna,Malmöhus län,Enkammarriksdagen,1971,1973,fru
5551,Mats Hellström,Socialdemokraterna,Stockholms kommun,Enkammarriksdagen,1971,1973,sekreterare
5552,Mats Olsson,Socialdemokraterna,Blekinge län,Enkammarriksdagen,1971,1973,sparbankskonsulent
5553,Mårten Werner,Moderata samlingspartiet,Fyrstadskretsen,Enkammarriksdagen,1971,1973,komminister
5554,Nancy Eriksson,Socialdemokraterna,Stockholms kommun,Enkammarriksdagen,1971,1973,fru
5555,Nils Berndtson,Vänsterpartiet kommunisterna,Östergötlands län,Enkammarriksdagen,1971,1973,partiombudsman
5556,Nils Carlshamre,Moderata samlingspartiet,Göteborgs och Bohus län,Enkammarriksdagen,1971,1973,lektor
5557,Nils Erik Wååg,Socialdemokraterna,Kristianstads län,Enkammarriksdagen,1971,1973,byggnadsingenjör
5558,Nils Fridolfsson,Socialdemokraterna,Blekinge län,Enkammarriksdagen,1971,1973,ombudsman
5559,Nils G. Hansson i Skegrie,Centerpartiet,Malmöhus län,Enkammarriksdagen,1971,1973,lantbrukare
5560,Nils Hjorth,Socialdemokraterna,Uppsala län,Enkammarriksdagen,1971,1973,förrådsförvaltare
5561,Nils Hörberg,Folkpartiet,Göteborg stad,Enkammarriksdagen,1971,1973,försäkringstjänsteman
5562,Nils Magnusson,Socialdemokraterna,Göteborgs och Bohus län,Enkammarriksdagen,1971,1973,lantbrukare
5563,Nils Åsling,Centerpartiet,Jämtlands län,Enkammarriksdagen,1971,1973,lantbrukare
5564,Nils-Eric Gustafsson,Centerpartiet,Västerbottens län,Enkammarriksdagen,1971,1973,lantbrukare
5565,Ola Ullsten,Folkpartiet,Stockholms kommun,Enkammarriksdagen,1971,1973,socionom
5566,Olle Dahlén,Folkpartiet,Stockholms kommun,Enkammarriksdagen,1971,1973,pol. mag.
5567,Olle Eriksson,Centerpartiet,Älvsborgs läns norra,Enkammarriksdagen,1971,1973,entreprenör
5568,Olle Göransson,Socialdemokraterna,Västmanlands län,Enkammarriksdagen,1971,1973,verkmästare
5569,Olle Svensson,Socialdemokraterna,Södermanlands län,Enkammarriksdagen,1971,1973,chefredaktör
5570,Olle Westberg,Socialdemokraterna,Gävleborgs län,Enkammarriksdagen,1971,1973,svarvare
5571,Olof Johansson,Centerpartiet,Stockholms kommun,Enkammarriksdagen,1971,1973,förbundsordförande
5572,Olof Palme,Socialdemokraterna,Stockholms kommun,Enkammarriksdagen,1971,1973,statsminister
5573,Olof Westberg,Folkpartiet,Gävleborgs län,Enkammarriksdagen,1971,1973,rektor
5574,Oscar Franzén,Socialdemokraterna,Östergötlands län,Enkammarriksdagen,1971,1973,metallarbetare
5575,Oskar Lindkvist,Socialdemokraterna,Stockholms kommun,Enkammarriksdagen,1971,1973,ombudsman
5576,Otto Stadling,Socialdemokraterna,Västernorrlands län,Enkammarriksdagen,1971,1973,hemmansägare
5577,Ove Karlsson,Socialdemokraterna,Kopparbergs län,Enkammarriksdagen,1971,1973,arbetsledare
5578,Ove Nordstrandh,Moderata samlingspartiet,Göteborg stad,Enkammarriksdagen,1971,1973,lektor
5579,Paul Brundin,Moderata samlingspartiet,Göteborg stad,Enkammarriksdagen,1971,1973,direktör
5580,Paul Grabö,Centerpartiet,Stockholms kommun,Enkammarriksdagen,1971,1973,direktör
5581,Paul Jansson,Socialdemokraterna,Skaraborgs län,Enkammarriksdagen,1971,1973,elektriker
5582,Per Ahlmark,Folkpartiet,Stockholms kommun,Enkammarriksdagen,1971,1973,fil. kand.
5583,Per Bergman,Socialdemokraterna,Göteborg stad,Enkammarriksdagen,1971,1973,direktör
5584,Per Israelsson,Vänsterpartiet kommunisterna,Örebro län,Enkammarriksdagen,1971,1973,apparatskötare
5585,Per Olof Sundman,Centerpartiet,Stockholms län,Enkammarriksdagen,1971,1973,författare
5586,Per Petersson i Gäddvik,Moderata samlingspartiet,Norrbottens län,Enkammarriksdagen,1971,1973,hemmansägare
5587,Per Stjernström,Centerpartiet,Jämtlands län,Enkammarriksdagen,1971,1973,lantbrukare
5588,Per-Eric Ringaby,Moderata samlingspartiet,Örebro län,Enkammarriksdagen,1971,1973,godsägare
5589,Per-Erik Nisser,Moderata samlingspartiet,Värmlands län,Enkammarriksdagen,1971,1973,lantbrukare
5590,Per-Olof Strindberg,Moderata samlingspartiet,Östergötlands län,Enkammarriksdagen,1971,1973,ombudsman
5591,Robert Dockered,Centerpartiet,Älvsborgs läns norra,Enkammarriksdagen,1971,1973,lantbrukare
5592,Roland Brännström,Socialdemokraterna,Västerbottens län,Enkammarriksdagen,1971,1973,verkmästare
5593,Roland Sundgren,Socialdemokraterna,Västmanlands län,Enkammarriksdagen,1971,1973,ombudsman
5594,Rolf Clarkson,Moderata samlingspartiet,Fyrstadskretsen,Enkammarriksdagen,1971,1973,direktör
5595,Rolf Sellgren,Folkpartiet,Västernorrlands län,Enkammarriksdagen,1971,1973,föreståndare
5596,Rolf Wirtén,Folkpartiet,Jönköpings län,Enkammarriksdagen,1971,1973,folkskollärare
5597,Rune Carlstein,Socialdemokraterna,Älvsborgs läns södra,Enkammarriksdagen,1971,1973,stadskassör
5598,Rune Gustavsson,Centerpartiet,Kronobergs län,Enkammarriksdagen,1971,1973,socionom
5599,Rune Johansson i Ljungby,Socialdemokraterna,Kronobergs län,Enkammarriksdagen,1971,1973,f.d. statsråd
5600,Rune Johansson i Norrköping,Socialdemokraterna,Östergötlands län,Enkammarriksdagen,1971,1973,ombudsman
5601,Rune Jonsson,Socialdemokraterna,Västernorrlands län,Enkammarriksdagen,1971,1973,elektriker
5602,Rune Rydén,Folkpartiet,Kronobergs län,Enkammarriksdagen,1971,1973,köpman
5603,Rune Torwald,Centerpartiet,Göteborg stad,Enkammarriksdagen,1971,1973,personalchef
5604,Rune Ångström,Folkpartiet,Västerbottens län,Enkammarriksdagen,1971,1973,direktör
5605,Ruth Andersson,Socialdemokraterna,Älvsborgs läns norra,Enkammarriksdagen,1971,1973,kurator
5606,Sigfrid Löfgren,Folkpartiet,Fyrstadskretsen,Enkammarriksdagen,1971,1973,disponent
5607,Sigvard Larsson,Folkpartiet,Västerbottens län,Enkammarriksdagen,1971,1973,direktör
5608,Sigvard Rimås,Folkpartiet,Östergötlands län,Enkammarriksdagen,1971,1973,lantbrukare
5609,Staffan Burenstam Linder,Moderata samlingspartiet,Stockholms län,Enkammarriksdagen,1971,1973,docent
5610,Sten Andersson,Socialdemokraterna,Stockholms kommun,Enkammarriksdagen,1971,1973,partisekreterare
5611,Sten Sjöholm,Folkpartiet,Fyrstadskretsen,Enkammarriksdagen,1971,1973,kronofogde
5612,Stig Alemyr,Socialdemokraterna,Kalmar län,Enkammarriksdagen,1971,1973,rektor
5613,Stig Josefson,Centerpartiet,Malmöhus län,Enkammarriksdagen,1971,1973,lantbrukare
5614,Stig Olsson,Socialdemokraterna,Västernorrlands län,Enkammarriksdagen,1971,1973,ombudsman
5615,Sture Ericson,Socialdemokraterna,Örebro län,Enkammarriksdagen,1971,1973,chefredaktör
5616,Sture Korpås,Centerpartiet,Uppsala län,Enkammarriksdagen,1971,1973,folkhögskolerektor
5617,Sture Palm,Socialdemokraterna,Stockholms län,Enkammarriksdagen,1971,1973,redaktör
5618,Sune Olsson,Vänsterpartiet kommunisterna,Stockholms kommun,Enkammarriksdagen,1971,1973,betongarbetare
5619,Svante Kristiansson,Socialdemokraterna,Kristianstads län,Enkammarriksdagen,1971,1973,fotograf
5620,Svante Lundkvist,Socialdemokraterna,Södermanlands län,Enkammarriksdagen,1971,1973,statsråd
5621,Sven Andersson,Socialdemokraterna,Södermanlands län,Enkammarriksdagen,1971,1973,statsråd
5622,Sven Andersson i Billingsfors,Socialdemokraterna,Älvsborgs läns norra,Enkammarriksdagen,1971,1973,pappersbruksarbetare
5623,Sven Andersson i Örebro,Folkpartiet,Örebro län,Enkammarriksdagen,1971,1973,frisörmästare
5624,Sven Antby,Folkpartiet,Älvsborgs läns norra,Enkammarriksdagen,1971,1973,lantbrukare
5625,Sven Aspling,Socialdemokraterna,Värmlands län,Enkammarriksdagen,1971,1973,statsråd
5626,Sven Ekström,Socialdemokraterna,Gävleborgs län,Enkammarriksdagen,1971,1973,kommunalkamrer
5627,Sven Gustafson,Folkpartiet,Göteborg stad,Enkammarriksdagen,1971,1973,bankkamrer
5628,Sven Hammarberg,Socialdemokraterna,Västmanlands län,Enkammarriksdagen,1971,1973,järnbruksarbetare
5629,Sven Johansson,Centerpartiet,Jönköpings län,Enkammarriksdagen,1971,1973,pastor
5630,Sven Lindberg,Socialdemokraterna,Jämtlands län,Enkammarriksdagen,1971,1973,ombudsman
5631,Sven Mellqvist,Socialdemokraterna,Kopparbergs län,Enkammarriksdagen,1971,1973,expeditör
5632,Sven Moberg,Socialdemokraterna,Örebro län,Enkammarriksdagen,1971,1973,statsråd
5633,Sven Persson i Appuna,Socialdemokraterna,Östergötlands län,Enkammarriksdagen,1971,1973,lantarbetare
5634,Sven Wedén,Folkpartiet,Södermanlands län,Enkammarriksdagen,1971,1973,disponent
5635,Sven Åkerfeldt,Centerpartiet,Uppsala län,Enkammarriksdagen,1971,1973,lantbrukare
5636,Sven-Göran Olhede,Socialdemokraterna,Göteborgs och Bohus län,Enkammarriksdagen,1971,1973,statssekreterare
5637,Sven-Gösta Signell,Socialdemokraterna,Skaraborgs län,Enkammarriksdagen,1971,1973,ombudsman
5638,Sören Norrby,Folkpartiet,Stockholms län,Enkammarriksdagen,1971,1973,ingenjör
5639,Tage Adolfsson,Moderata samlingspartiet,Västmanlands län,Enkammarriksdagen,1971,1973,lantbrukare
5640,Tage Erlander,Socialdemokraterna,Göteborg stad,Enkammarriksdagen,1971,1973,f.d. statsminister
5641,Tage Johansson,Socialdemokraterna,Jönköpings län,Enkammarriksdagen,1971,1973,assistent
5642,Tage Larfors,Socialdemokraterna,Södermanlands län,Enkammarriksdagen,1971,1973,direktör
5643,Tage Magnusson,Moderata samlingspartiet,Älvsborgs läns södra,Enkammarriksdagen,1971,1973,disponent
5644,Tage Sundkvist,Centerpartiet,Södermanlands län,Enkammarriksdagen,1971,1973,lantbrukare
5645,Thage Peterson,Socialdemokraterna,Stockholms län,Enkammarriksdagen,1971,1973,folketshuschef
5646,Thorbjörn Fälldin,Centerpartiet,Västernorrlands län,Enkammarriksdagen,1971,1973,lantbrukare
5647,Thorsten Larsson,Centerpartiet,Malmöhus län,Enkammarriksdagen,1971,1973,lantbrukare
5648,Thorvald Källstad,Folkpartiet,Göteborg stad,Enkammarriksdagen,1971,1973,rektor
5649,Thure Dahlberg,Socialdemokraterna,Norrbottens län,Enkammarriksdagen,1971,1973,ombudsman
5650,Thure Jadestig,Socialdemokraterna,Västmanlands län,Enkammarriksdagen,1971,1973,föreståndare
5651,Tore Nilsson,Moderata samlingspartiet,Västerbottens län,Enkammarriksdagen,1971,1973,predikant
5652,Torsten Bengtson,Centerpartiet,Jönköpings län,Enkammarriksdagen,1971,1973,redaktör
5653,Torsten Fredriksson,Socialdemokraterna,Kopparbergs län,Enkammarriksdagen,1971,1973,gruvarbetare
5654,Torsten Gustafsson,Centerpartiet,Gotlands län,Enkammarriksdagen,1971,1973,lantbrukare
5655,Torsten Nilsson,Socialdemokraterna,Stockholms kommun,Enkammarriksdagen,1971,1973,utrikesminister
5656,Torsten Stridsman,Centerpartiet,Norrbottens län,Enkammarriksdagen,1971,1973,ombudsman
5657,Uno Hedström,Socialdemokraterna,Norrbottens län,Enkammarriksdagen,1971,1973,hemmansägare
5658,Valdo Carlström,Folkpartiet,Blekinge län,Enkammarriksdagen,1971,1973,direktör
5659,Valfrid Wikner,Socialdemokraterna,Jämtlands län,Enkammarriksdagen,1971,1973,länsskogvaktmästare
5660,Valter Kristensson,Socialdemokraterna,Göteborg stad,Enkammarriksdagen,1971,1973,metallarbetare
5661,Viola Sandell,Socialdemokraterna,Värmlands län,Enkammarriksdagen,1971,1973,fröken
5662,Wiggo Komstedt,Moderata samlingspartiet,Kristianstads län,Enkammarriksdagen,1971,1973,köpman
5663,William Björk,Socialdemokraterna,Malmöhus län,Enkammarriksdagen,1971,1973,trädgårdsmästare
5664,Yngve Holmberg,Moderata samlingspartiet,Stockholms kommun,Enkammarriksdagen,1971,1973,direktör
5665,Yngve Möller,Socialdemokraterna,Gävleborgs län,Enkammarriksdagen,1971,1973,chefredaktör
5666,Yngve Nilsson,Moderata samlingspartiet,Kristianstads län,Enkammarriksdagen,1971,1973,lantbrukare
5667,Yngve Persson,Socialdemokraterna,Stockholms kommun,Enkammarriksdagen,1971,1973,förbundsombud
5668,Åke Green,Socialdemokraterna,Kopparbergs län,Enkammarriksdagen,1971,1973,studieombudsman
5669,Åke Gustavsson,Socialdemokraterna,Jönköpings län,Enkammarriksdagen,1971,1973,redaktör
5670,Åke Larsson,Socialdemokraterna,Örebro län,Enkammarriksdagen,1971,1973,arbetsförmedlingsföreståndare
5671,Åke Polstam,Centerpartiet,Östergötlands län,Enkammarriksdagen,1971,1973,polisinspektör
5672,Åke Wictorsson,Socialdemokraterna,Stockholms län,Enkammarriksdagen,1971,1973,planeringschef
5673,Alf Lövenborg,Vänsterpartiet kommunisterna,Norrbottens län,Enkammarriksdagen,1974,1976,redaktör
5674,Alf Pettersson,Socialdemokraterna,Fyrstadskretsen,Enkammarriksdagen,1974,1976,ombudsman
5675,Alf Wennerfors,Moderata samlingspartiet,Stockholms län,Enkammarriksdagen,1974,1976,utbildningschef
5676,Alfred Håkansson,Centerpartiet,Fyrstadskretsen,Enkammarriksdagen,1974,1976,lantbrukare
5677,Allan Gustafsson,Centerpartiet,Värmlands län,Enkammarriksdagen,1974,1976,hönseriägare
5678,Allan Hernelius,Moderata samlingspartiet,Stockholms kommun,Enkammarriksdagen,1974,1976,f.d. chefredaktör
5679,Allan Åkerlind,Moderata samlingspartiet,Stockholms län,Enkammarriksdagen,1974,1976,byggnadsarbetare
5680,Alma Olsson,Centerpartiet,Fyrstadskretsen,Enkammarriksdagen,1974,1976,fru
5681,Alvar Andersson (politiker),Centerpartiet,Hallands län,Enkammarriksdagen,1974,1976,lantbrukare
5682,Anders Björck,Moderata samlingspartiet,Jönköpings län,Enkammarriksdagen,1974,1976,redaktör
5683,Anders Dahlgren,Centerpartiet,Östergötlands län,Enkammarriksdagen,1974,1976,lantbrukare
5684,Anders Gernandt,Centerpartiet,Västmanlands län,Enkammarriksdagen,1974,1976,ingenjör
5685,Anders Haglund,Socialdemokraterna,Gävleborgs län,Enkammarriksdagen,1974,1976,f.d. förvaltningschef
5686,Anders Jonsson,Folkpartiet,Kopparbergs län,Enkammarriksdagen,1974,1976,möbelhandlare
5687,Anders Wijkman,Moderata samlingspartiet,Stockholms kommun,Enkammarriksdagen,1974,1976,fil. kand.
5688,Anita Gradin,Socialdemokraterna,Stockholms kommun,Enkammarriksdagen,1974,1976,departementssekreterare
5689,Ann Mari Laag,Socialdemokraterna,Västernorrlands län,Enkammarriksdagen,1974,1976,småskollärare
5690,Anna Eliasson,Centerpartiet,Stockholms kommun,Enkammarriksdagen,1974,1976,fil. mag.
5691,Anna-Greta Leijon,Socialdemokraterna,Stockholms län,Enkammarriksdagen,1974,1976,sekreterare
5692,Anna-Greta Skantz,Socialdemokraterna,Fyrstadskretsen,Enkammarriksdagen,1974,1976,ombudsman
5693,Anna-Lisa Lewén-Eliasson,Socialdemokraterna,Stockholms län,Enkammarriksdagen,1974,1976,fru
5694,Anna-Lisa Nilsson,Centerpartiet,Kristianstads län,Enkammarriksdagen,1974,1976,handelsträdgårdsmästare
5695,Anton Fågelsbo,Centerpartiet,Västmanlands län,Enkammarriksdagen,1974,1976,lantbrukare
5696,Arne Andersson,Socialdemokraterna,Kalmar län,Enkammarriksdagen,1974,1976,kommunalråd
5697,Arne Andersson,Moderata samlingspartiet,Älvsborgs läns norra,Enkammarriksdagen,1974,1976,lantbrukare
5698,Arne Blomkvist,Socialdemokraterna,Skaraborgs län,Enkammarriksdagen,1974,1976,porslinsarbetare
5699,Arne Fransson,Centerpartiet,Jönköpings län,Enkammarriksdagen,1974,1976,kamrer
5700,Arne Gadd,Socialdemokraterna,Uppsala län,Enkammarriksdagen,1974,1976,revisionsdirektör
5701,Arne Geijer,Socialdemokraterna,Stockholms län,Enkammarriksdagen,1974,1976,f.d. LO-ordförande
5702,Arne Magnusson,Centerpartiet,Jönköpings län,Enkammarriksdagen,1974,1976,lantbrukare
5703,Arne Nygren,Socialdemokraterna,Västebottens län,Enkammarriksdagen,1974,1976,redaktör
5704,Arne Persson,Centerpartiet,Älvsborgs läns södra,Enkammarriksdagen,1974,1976,lantbrukare
5705,Arne Pettersson,Socialdemokraterna,Fyrstadskretsen,Enkammarriksdagen,1974,1976,sekreterare
5706,Astrid Kristensson,Moderata samlingspartiet,Stockholms kommun,Enkammarriksdagen,1974,1976,direktör
5707,Axel Kristiansson,Centerpartiet,Hallands län,Enkammarriksdagen,1974,1976,lantbrukare
5708,"Bengt Bengtsson, f. 1920",Centerpartiet,Göteborg kommun,Enkammarriksdagen,1974,1976,partiombudsman
5709,Bengt Börjesson,Centerpartiet,Skaraborgs län,Enkammarriksdagen,1974,1976,kamrer
5710,Bengt Fagerlund,Socialdemokraterna,Kronobergs län,Enkammarriksdagen,1974,1976,försäljningsassistent
5711,Bengt Gustavsson,Socialdemokraterna,Södermanlands län,Enkammarriksdagen,1974,1976,ombudsman
5712,Bengt Norling,Socialdemokraterna,Norrbottens län,Enkammarriksdagen,1974,1976,statsråd
5713,Bengt Sjönell,Centerpartiet,Stockholms kommun,Enkammarriksdagen,1974,1976,direktör
5714,Bengt Wiklund,Socialdemokraterna,Västernorrlands län,Enkammarriksdagen,1974,1976,journalist
5715,Bernhard Sundelin,Socialdemokraterna,Västernorrlands län,Enkammarriksdagen,1974,1976,åkeriägare
5716,Bernt Ekinge,Folkpartiet,Södermanlands län,Enkammarriksdagen,1974,1976,ombudsman
5717,Bernt Nilsson,Socialdemokraterna,Kalmar län,Enkammarriksdagen,1974,1976,ombudsman
5718,Bertil Fiskesjö,Centerpartiet,Fyrstadskretsen,Enkammarriksdagen,1974,1976,universitetslektor
5719,Bertil Johansson,Centerpartiet,Kronobergs län,Enkammarriksdagen,1974,1976,lantbrukare
5720,Bertil Jonasson,Centerpartiet,Värmlands län,Enkammarriksdagen,1974,1976,småbrukare
5721,Bertil Lidgard,Moderata samlingspartiet,Stockholms kommun,Enkammarriksdagen,1974,1976,konsult
5722,Bertil Löfberg,Socialdemokraterna,Gävleborgs län,Enkammarriksdagen,1974,1976,statsråd
5723,Bertil Måbrink,Vänsterpartiet kommunisterna,Gävleborgs län,Enkammarriksdagen,1974,1976,ombudsman
5724,Bertil Peterson,Socialdemokraterna,Kalmar län,Enkammarriksdagen,1974,1976,ombudsman
5725,Bertil Zachrisson,Socialdemokraterna,Stockholms kommun,Enkammarriksdagen,1974,1976,chefredaktör
5726,Bertil af Ugglas,Moderata samlingspartiet,Stockholms län,Enkammarriksdagen,1974,1976,civilekonom
5727,Birger Nilsson,Socialdemokraterna,Jämtlands län,Enkammarriksdagen,1974,1976,ombudsman
5728,Birger Rosqvist,Socialdemokraterna,Kalmar län,Enkammarriksdagen,1974,1976,mästerlots
5729,Birgitta Dahl,Socialdemokraterna,Uppsala län,Enkammarriksdagen,1974,1976,fru
5730,Birgitta Hambraeus,Centerpartiet,Kopparbergs län,Enkammarriksdagen,1974,1976,fru
5731,Björn Molin,Folkpartiet,Göteborg kommun,Enkammarriksdagen,1974,1976,docent
5732,Bo Siegbahn,Moderata samlingspartiet,Göteborg kommun,Enkammarriksdagen,1974,1976,ambassadör
5733,Bo Turesson,Moderata samlingspartiet,Kopparbergs län,Enkammarriksdagen,1974,1976,distriktslantmätare
5734,Britt Mogård,Moderata samlingspartiet,Stockholms län,Enkammarriksdagen,1974,1976,ämneslärare
5735,Britt Wigenfeldt,Centerpartiet,Uppsala län,Enkammarriksdagen,1974,1976,fru
5736,Börje Nilsson,Socialdemokraterna,Kristianstads län,Enkammarriksdagen,1974,1976,socionom
5737,C-H Hermansson,Vänsterpartiet kommunisterna,Stockholms kommun,Enkammarriksdagen,1974,1976,partiordförande
5738,Carl Göran Regnéll,Moderata samlingspartiet,Fyrstadskretsen,Enkammarriksdagen,1974,1976,bankdirektör
5739,Carl Lidbom,Socialdemokraterna,Östergötlands län,Enkammarriksdagen,1974,1976,statsråd
5740,Carl-Wilhelm Lothigius,Moderata samlingspartiet,Jönköpings län,Enkammarriksdagen,1974,1976,hemmansägare
5741,Cecilia Nettelbrandt,Folkpartiet,Stockholms län,Enkammarriksdagen,1974,1976,förbundsjurist
5742,Christer Nilsson,Socialdemokraterna,Östergötlands län,Enkammarriksdagen,1974,1976,socionom
5743,Christina Rogestam,Centerpartiet,Göteborg kommun,Enkammarriksdagen,1974,1976,avdelningschef
5744,Claes Elmstedt,Moderata samlingspartiet,Blekinge län,Enkammarriksdagen,1974,1976,lantbrukare
5745,Doris Håvik,Socialdemokraterna,Göteborg kommun,Enkammarriksdagen,1974,1976,assistent
5746,Egon Andreasson,Centerpartiet,Kristianstads län,Enkammarriksdagen,1974,1976,lantbrukare
5747,Einar Larsson,Centerpartiet,Kristianstads län,Enkammarriksdagen,1974,1976,lantbrukare
5748,Eivor Marklund,Vänsterpartiet kommunisterna,Norrbottens län,Enkammarriksdagen,1974,1976,fru
5749,Elis Andersson,Centerpartiet,Stockholms län,Enkammarriksdagen,1974,1976,byggnadsarbetare
5750,Elver Jonsson,Folkpartiet,Älvsborgs läns norra,Enkammarriksdagen,1974,1976,postiljon
5751,Elvy Nilsson,Socialdemokraterna,Värmlands län,Enkammarriksdagen,1974,1976,fru
5752,Elvy Olsson,Centerpartiet,Stockholms län,Enkammarriksdagen,1974,1976,fru
5753,Eric Enlund,Folkpartiet,Västmanlands län,Enkammarriksdagen,1974,1976,lantbrukare
5754,Eric Holmqvist,Socialdemokraterna,Fyrstadskretsen,Enkammarriksdagen,1974,1976,statsråd
5755,Eric Jönsson,Socialdemokraterna,Fyrstadskretsen,Enkammarriksdagen,1974,1976,ombudsman
5756,Eric Marcusson,Socialdemokraterna,Västmanlands län,Enkammarriksdagen,1974,1976,ombudsman
5757,Erik Adamsson,Socialdemokraterna,Fyrstadskretsen,Enkammarriksdagen,1974,1976,expeditör
5758,Erik Carlsson,Centerpartiet,Kopparbergs län,Enkammarriksdagen,1974,1976,bonde
5759,Erik Glimnér,Centerpartiet,Östergötlands län,Enkammarriksdagen,1974,1976,lantbrukare
5760,Erik Hovhammar,Moderata samlingspartiet,Kronobergs län,Enkammarriksdagen,1974,1976,bruksdiponent
5761,Erik Johansson,Centerpartiet,Stockholms län,Enkammarriksdagen,1974,1976,lantbrukare
5762,Erik Johansson,Socialdemokraterna,Kristianstads län,Enkammarriksdagen,1974,1976,arbetsförmedlingsföreståndare
5763,Erik Krönmark,Moderata samlingspartiet,Kalmar län,Enkammarriksdagen,1974,1976,lantbrukare
5764,Erik Larsson,Centerpartiet,Örebro län,Enkammarriksdagen,1974,1976,lantbrukare
5765,Erik Wärnberg,Socialdemokraterna,Östergötlands län,Enkammarriksdagen,1974,1976,trävaruhandlare
5766,Essen Lindahl,Socialdemokraterna,Stockholms län,Enkammarriksdagen,1974,1976,direktör
5767,Eva Åsbrink,Socialdemokraterna,Skaraborgs län,Enkammarriksdagen,1974,1976,rektor
5768,Evert Hedberg,Socialdemokraterna,Hallands län,Enkammarriksdagen,1974,1976,ombudsman
5769,Evert Svensson,Socialdemokraterna,Göteborgs och Bohus län,Enkammarriksdagen,1974,1976,socionom
5770,Filip Fridolfsson,Moderata samlingspartiet,Stockholms kommun,Enkammarriksdagen,1974,1976,fabrikör
5771,Filip Johansson,Centerpartiet,Norrbottens län,Enkammarriksdagen,1974,1976,lantbrukare
5772,Frida Berglund,Socialdemokraterna,Norrbottens län,Enkammarriksdagen,1974,1976,skolsköterska
5773,Fritz Börjesson,Centerpartiet,Kalmar län,Enkammarriksdagen,1974,1976,lantbrukare
5774,Gabriel Romanus,Folkpartiet,Stockholms län,Enkammarriksdagen,1974,1976,redaktör
5775,Georg Andersson,Socialdemokraterna,Västebottens län,Enkammarriksdagen,1974,1976,rektor
5776,Georg Danell,Moderata samlingspartiet,Stockholms län,Enkammarriksdagen,1974,1976,jur. kand.
5777,Georg Pettersson,Centerpartiet,Örebro län,Enkammarriksdagen,1974,1976,partiombudsman
5778,Georg Åberg,Folkpartiet,Göteborgs och Bohus län,Enkammarriksdagen,1974,1976,fiskeriombudsman
5779,Gertrud Sigurdsen,Socialdemokraterna,Stockholms kommun,Enkammarriksdagen,1974,1976,ombudsman
5780,Gillis Augustsson,Socialdemokraterna,Östergötlands län,Enkammarriksdagen,1974,1976,järnbruksarbetare
5781,Grethe Lundblad,Socialdemokraterna,Fyrstadskretsen,Enkammarriksdagen,1974,1976,socialinspektör
5782,Gudrun Sundström,Socialdemokraterna,Kopparbergs län,Enkammarriksdagen,1974,1976,fru
5783,Gunbjörg Thunvall,Socialdemokraterna,Gävleborgs län,Enkammarriksdagen,1974,1976,fru
5784,Gunde Raneskog,Centerpartiet,Älvsborgs läns norra,Enkammarriksdagen,1974,1976,lantbrukare
5785,Gunilla André,Centerpartiet,Skaraborgs län,Enkammarriksdagen,1974,1976,fru
5786,Gunnar Björk,Centerpartiet,Gävleborgs län,Enkammarriksdagen,1974,1976,förbundsordförande
5787,Gunnar Gustafsson,Socialdemokraterna,Göteborgs och Bohus län,Enkammarriksdagen,1974,1976,socionom
5788,Gunnar Hedlund,Centerpartiet,Stockholms kommun,Enkammarriksdagen,1974,1976,"jur. dr, f.d. statsråd"
5789,Gunnar Helén,Folkpartiet,Stockholms kommun,Enkammarriksdagen,1974,1976,"f.d. landshövding, partiledare"
5790,Gunnar Hyltander,Folkpartiet,Skaraborgs län,Enkammarriksdagen,1974,1976,köpman
5791,Gunnar Johansson,Moderata samlingspartiet,Göteborgs och Bohus län,Enkammarriksdagen,1974,1976,lantbrukare
5792,Gunnar Lange,Socialdemokraterna,Malmöhus län,Enkammarriksdagen,1974,1976,förutvarande statsråd
5793,Gunnar Oscarsson,Moderata samlingspartiet,Hallands län,Enkammarriksdagen,1974,1976,kapten
5794,Gunnar Sträng,Socialdemokraterna,Älvsborgs läns södra,Enkammarriksdagen,1974,1976,statsråd
5795,Gunnel Jonäng,Centerpartiet,Gävleborgs län,Enkammarriksdagen,1974,1976,fru
5796,Gunvor Ryding,Vänsterpartiet kommunisterna,Göteborg kommun,Enkammarriksdagen,1974,1976,industritjänsteman
5797,Gustaf Jonnergård,Centerpartiet,Stockholms län,Enkammarriksdagen,1974,1976,partisekreterare
5798,Gustav Lorentzon,Vänsterpartiet kommunisterna,Västernorrlands län,Enkammarriksdagen,1974,1976,ombudsman
5799,Gusti Gustavsson,Socialdemokraterna,Kristianstads län,Enkammarriksdagen,1974,1976,elinstallatör
5800,Göran Karlsson,Socialdemokraterna,Jönköpings län,Enkammarriksdagen,1974,1976,redaktör
5801,Gördis Hörnlund,Socialdemokraterna,Älvsborgs läns södra,Enkammarriksdagen,1974,1976,fru
5802,Gösta Andersson,Centerpartiet,Kalmar län,Enkammarriksdagen,1974,1976,skogsarbetare
5803,Gösta Bohman,Moderata samlingspartiet,Stockholms kommun,Enkammarriksdagen,1974,1976,partiledare
5804,Gösta Gustafsson,Socialdemokraterna,Göteborg kommun,Enkammarriksdagen,1974,1976,mätningsföreståndare
5805,Gösta Karlsson,Centerpartiet,Södermanlands län,Enkammarriksdagen,1974,1976,rektor
5806,Hagar Normark,Socialdemokraterna,Västebottens län,Enkammarriksdagen,1974,1976,fru
5807,Hans Alsén,Socialdemokraterna,Uppsala län,Enkammarriksdagen,1974,1976,kommunalråd
5808,Hans Jönsson,Socialdemokraterna,Malmöhus län,Enkammarriksdagen,1974,1976,ombudsman
5809,Hans Nordgren,Moderata samlingspartiet,Gävleborgs län,Enkammarriksdagen,1974,1976,skräddarmästare
5810,Hans Nyhage,Moderata samlingspartiet,Älvsborgs läns södra,Enkammarriksdagen,1974,1976,rektor
5811,Hans Petersson i Röstånga,Folkpartiet,Malmöhus län,Enkammarriksdagen,1974,1976,folkskollärare
5812,Hans Pettersson,Socialdemokraterna,Fyrstadskretsen,Enkammarriksdagen,1974,1976,ombudsman
5813,Hans Wachtmeister,Moderata samlingspartiet,Blekinge län,Enkammarriksdagen,1974,1976,godsägare
5814,Harald Pettersson,Centerpartiet,Skaraborgs län,Enkammarriksdagen,1974,1976,lantbrukare
5815,Helge Karlsson,Socialdemokraterna,Blekinge län,Enkammarriksdagen,1974,1976,metallarbetare
5816,Henry Allard,Socialdemokraterna,Örebro län,Enkammarriksdagen,1974,1976,f.d. försäljningschef
5817,Hilding Johansson,Socialdemokraterna,Älvsborgs läns norra,Enkammarriksdagen,1974,1976,fil. dr
5818,Holger Mossberg,Socialdemokraterna,Värmlands län,Enkammarriksdagen,1974,1976,fabriksarbetare
5819,Hugo Bengtsson,Socialdemokraterna,Fyrstadskretsen,Enkammarriksdagen,1974,1976,plåtslagare
5820,Håkan Winberg,Moderata samlingspartiet,Västernorrlands län,Enkammarriksdagen,1974,1976,hovrättsassistent
5821,Inga Lantz,Vänsterpartiet kommunisterna,Stockholms län,Enkammarriksdagen,1974,1976,tjänsteman
5822,Inga Thorsson,Socialdemokraterna,Stockholms kommun,Enkammarriksdagen,1974,1976,FN-ambassadör
5823,Ingegerd Troedsson,Moderata samlingspartiet,Uppsala län,Enkammarriksdagen,1974,1976,pol.mag.
5824,Ingegärd Fraenkel,Folkpartiet,Göteborg kommun,Enkammarriksdagen,1974,1976,studierektor
5825,Ingegärd Oskarsson,Centerpartiet,Kronobergs län,Enkammarriksdagen,1974,1976,fru
5826,Ingemar Hallenius,Centerpartiet,Skaraborgs län,Enkammarriksdagen,1974,1976,lantbrukare
5827,Ingemar Konradsson,Socialdemokraterna,Örebro län,Enkammarriksdagen,1974,1976,kommunalråd
5828,Ingemar Leander,Socialdemokraterna,Östergötlands län,Enkammarriksdagen,1974,1976,folkskollärare
5829,Ingemar Mundebo,Folkpartiet,Stockholms län,Enkammarriksdagen,1974,1976,avdelningsdirektör
5830,Ingemund Bengtsson,Socialdemokraterna,Hallands län,Enkammarriksdagen,1974,1976,statsråd
5831,Inger Ingvar-Svensson,Centerpartiet,Malmöhus län,Enkammarriksdagen,1974,1976,fru
5832,Inger Lindquist,Moderata samlingspartiet,Göteborg kommun,Enkammarriksdagen,1974,1976,rådman
5833,Ingrid Diesen,Moderata samlingspartiet,Stockholms kommun,Enkammarriksdagen,1974,1976,fil. mag.
5834,Ingrid Ludvigsson,Socialdemokraterna,Södermanlands län,Enkammarriksdagen,1974,1976,kontorist
5835,Ingrid Sundberg,Moderata samlingspartiet,Malmöhus län,Enkammarriksdagen,1974,1976,fru
5836,Ingvar Carlsson,Socialdemokraterna,Stockholms län,Enkammarriksdagen,1974,1976,statsråd
5837,Ingvar Svanberg,Socialdemokraterna,Norrbottens län,Enkammarriksdagen,1974,1976,skoldirektör
5838,Ivan Svanström,Centerpartiet,Kalmar län,Enkammarriksdagen,1974,1976,lantbrukare
5839,Ivar Högström,Socialdemokraterna,Västernorrlands län,Enkammarriksdagen,1974,1976,bostadsdirektör
5840,Ivar Nordberg,Socialdemokraterna,Stockholms län,Enkammarriksdagen,1974,1976,organisationssekreterare
5841,Ivar Virgin,Moderata samlingspartiet,Skaraborgs län,Enkammarriksdagen,1974,1976,kapten
5842,Jan Bergqvist,Socialdemokraterna,Göteborg kommun,Enkammarriksdagen,1974,1976,pol. mag.
5843,Jan-Ivan Nilsson,Centerpartiet,Västebottens län,Enkammarriksdagen,1974,1976,lantbrukare
5844,Johannes Antonsson,Centerpartiet,Hallands län,Enkammarriksdagen,1974,1976,hemmansägare
5845,John Eriksson i Bäckmora,Centerpartiet,Gävleborgs län,Enkammarriksdagen,1974,1976,f.d. ombudsman
5846,John Johnsson,Socialdemokraterna,Malmöhus län,Enkammarriksdagen,1974,1976,ombudsman
5847,John Magnusson,Vänsterpartiet kommunisterna,Värmlands län,Enkammarriksdagen,1974,1976,konduktör
5848,John Takman,Vänsterpartiet kommunisterna,Stockholms kommun,Enkammarriksdagen,1974,1976,överläkare
5849,Jörn Svensson,Vänsterpartiet kommunisterna,Fyrstadskretsen,Enkammarriksdagen,1974,1976,planeringsdirektör
5850,Karin Andersson,Centerpartiet,Stockholms kommun,Enkammarriksdagen,1974,1976,socionom
5851,Karin Nordlander,Vänsterpartiet kommunisterna,Stockholms kommun,Enkammarriksdagen,1974,1976,föreståndare
5852,Karin Söder,Centerpartiet,Stockholms län,Enkammarriksdagen,1974,1976,yrkesvalslärare
5853,Karl Bengtsson,Folkpartiet,Hallands län,Enkammarriksdagen,1974,1976,verkmästare
5854,Karl Boo,Centerpartiet,Kopparbergs län,Enkammarriksdagen,1974,1976,kontrollasistent
5855,Karl Hallgren,Vänsterpartiet kommunisterna,Göteborg kommun,Enkammarriksdagen,1974,1976,stuveriarbetare
5856,Karl Leuchovius,Moderata samlingspartiet,Skaraborgs län,Enkammarriksdagen,1974,1976,lantbrukare
5857,Karl Rask,Socialdemokraterna,Jönköpings län,Enkammarriksdagen,1974,1976,fabrikör
5858,Karl-Anders Petersson,Centerpartiet,Blekinge län,Enkammarriksdagen,1974,1976,lantbrukare
5859,Karl-Eric Norrby,Centerpartiet,Värmlands län,Enkammarriksdagen,1974,1976,lantbrukare
5860,Karl-Erik Eriksson,Folkpartiet,Värmlands län,Enkammarriksdagen,1974,1976,lantbrukare
5861,Karl-Erik Häll,Socialdemokraterna,Norrbottens län,Enkammarriksdagen,1974,1976,ombudsman
5862,Karl-Erik Strömberg,Folkpartiet,Stockholms län,Enkammarriksdagen,1974,1976,skoldirektör
5863,Karl-Gustav Andersson,Socialdemokraterna,Värmlands län,Enkammarriksdagen,1974,1976,rörverksarbetare
5864,Kersti Swartz,Folkpartiet,Östergötlands län,Enkammarriksdagen,1974,1976,fru
5865,Kerstin Andersson,Centerpartiet,Älvsborgs läns norra,Enkammarriksdagen,1974,1976,folkskollärare
5866,Kerstin Andersson,Socialdemokraterna,Örebro län,Enkammarriksdagen,1974,1976,barbiträde
5867,Kerstin Anér,Folkpartiet,Stockholms kommun,Enkammarriksdagen,1974,1976,fil. dr
5868,Kerstin Göthberg,Centerpartiet,Västmanlands län,Enkammarriksdagen,1974,1976,fru
5869,Kjell A. Mattsson,Centerpartiet,Göteborgs och Bohus län,Enkammarriksdagen,1974,1976,lantbrukare
5870,Kjell Nilsson,Socialdemokraterna,Kronobergs län,Enkammarriksdagen,1974,1976,metallarbetare
5871,Kjell-Olof Feldt,Socialdemokraterna,Kopparbergs län,Enkammarriksdagen,1974,1976,statssekreterare
5872,Knut Johansson,Socialdemokraterna,Stockholms kommun,Enkammarriksdagen,1974,1976,förbundsordförande
5873,Knut Wachtmeister,Moderata samlingspartiet,Malmöhus län,Enkammarriksdagen,1974,1976,godsägare
5874,Krister Wickman,Socialdemokraterna,Stockholms län,Enkammarriksdagen,1974,1976,utrikesminister
5875,Kurt Hugosson,Socialdemokraterna,Göteborg kommun,Enkammarriksdagen,1974,1976,byråchef
5876,Kurt Söderström,Moderata samlingspartiet,Östergötlands län,Enkammarriksdagen,1974,1976,ingenjör
5877,Lars Gustafsson,Socialdemokraterna,Stockholms län,Enkammarriksdagen,1974,1976,universitetslektor
5878,Lars Henrikson,Socialdemokraterna,Östergötlands län,Enkammarriksdagen,1974,1976,ombudsman
5879,Lars Schött,Moderata samlingspartiet,Kalmar län,Enkammarriksdagen,1974,1976,fögderidirektör
5880,Lars Werner,Vänsterpartiet kommunisterna,Stockholms län,Enkammarriksdagen,1974,1976,ombudsman
5881,Lars-Ingvar Sörenson,Socialdemokraterna,Göteborg kommun,Enkammarriksdagen,1974,1976,lokförare
5882,Lars-Ove Hagberg,Vänsterpartiet kommunisterna,Kopparbergs län,Enkammarriksdagen,1974,1976,järnbruksarbetare
5883,Lars-Åke Larsson,Socialdemokraterna,Älvsborgs läns norra,Enkammarriksdagen,1974,1976,ombudsman
5884,Lena Hjelm-Wallén,Socialdemokraterna,Västmanlands län,Enkammarriksdagen,1974,1976,adjunkt
5885,Lennart Andersson,Socialdemokraterna,Stockholms län,Enkammarriksdagen,1974,1976,studieombudsman
5886,Lennart Bladh,Socialdemokraterna,Kristianstads län,Enkammarriksdagen,1974,1976,yrkesvalslärare
5887,Lennart Geijer,Socialdemokraterna,Stockholms kommun,Enkammarriksdagen,1974,1976,statsråd och chef för justitiedepartementet
5888,Lennart Mattsson,Centerpartiet,Göteborgs och Bohus län,Enkammarriksdagen,1974,1976,studieledare
5889,Lennart Pettersson,Socialdemokraterna,Fyrstadskretsen,Enkammarriksdagen,1974,1976,universitetslärare
5890,Lilly Hansson,Socialdemokraterna,Västebottens län,Enkammarriksdagen,1974,1976,sjukvårdare
5891,Linnea Hörlén,Folkpartiet,Jönköpings län,Enkammarriksdagen,1974,1976,adjunkt
5892,Lisa Mattsson,Socialdemokraterna,Göteborg kommun,Enkammarriksdagen,1974,1976,redaktör
5893,Magnus Persson,Socialdemokraterna,Värmlands län,Enkammarriksdagen,1974,1976,ombudsman
5894,Maj Pehrsson,Centerpartiet,Älvsborgs läns södra,Enkammarriksdagen,1974,1976,kassör
5895,Maj-Britt Theorin,Socialdemokraterna,Stockholms kommun,Enkammarriksdagen,1974,1976,sekreterare
5896,Maj-Lis Landberg,Socialdemokraterna,Östergötlands län,Enkammarriksdagen,1974,1976,överförmyndare
5897,Margaretha af Ugglas,Moderata samlingspartiet,Stockholms kommun,Enkammarriksdagen,1974,1976,redaktör
5898,Marianne Karlsson,Centerpartiet,Östergötlands län,Enkammarriksdagen,1974,1976,fru
5899,Martin Henmark,Folkpartiet,Kristianstads län,Enkammarriksdagen,1974,1976,major
5900,Martin Olsson,Centerpartiet,Västernorrlands län,Enkammarriksdagen,1974,1976,bankkamrer
5901,Mary Holmqvist,Socialdemokraterna,Malmöhus län,Enkammarriksdagen,1974,1976,barnavårdsman
5902,Mats Hellström,Socialdemokraterna,Stockholms kommun,Enkammarriksdagen,1974,1976,sekreterare
5903,Mats Olsson,Socialdemokraterna,Blekinge län,Enkammarriksdagen,1974,1976,sparbankskonsulent
5904,Märta Fredrikson,Centerpartiet,Göteborgs och Bohus län,Enkammarriksdagen,1974,1976,verksamhetsledare
5905,Mårten Werner,Moderata samlingspartiet,Fyrstadskretsen,Enkammarriksdagen,1974,1976,komminister
5906,Nils Berndtson,Vänsterpartiet kommunisterna,Östergötlands län,Enkammarriksdagen,1974,1976,partiombudsman
5907,Nils Carlshamre,Moderata samlingspartiet,Göteborgs och Bohus län,Enkammarriksdagen,1974,1976,lektor
5908,Nils Erik Wååg,Socialdemokraterna,Kristianstads län,Enkammarriksdagen,1974,1976,byggnadsingenjör
5909,Nils Hjorth,Socialdemokraterna,Uppsala län,Enkammarriksdagen,1974,1976,förrådsförvaltare
5910,Nils Hörberg,Folkpartiet,Göteborg kommun,Enkammarriksdagen,1974,1976,försäkringstjänsteman
5911,Nils Magnusson,Socialdemokraterna,Göteborgs och Bohus län,Enkammarriksdagen,1974,1976,lantbrukare
5912,Nils Åsling,Centerpartiet,Jämtlands län,Enkammarriksdagen,1974,1976,lantbrukare
5913,Nils-Eric Gustafsson,Centerpartiet,Västebottens län,Enkammarriksdagen,1974,1976,småbrukare
5914,Ola Nyquist,Folkpartiet,Uppsala län,Enkammarriksdagen,1974,1976,kommunalråd
5915,Olle Dahlén,Folkpartiet,Stockholms kommun,Enkammarriksdagen,1974,1976,pol. mag.
5916,Olle Eriksson,Centerpartiet,Älvsborgs läns norra,Enkammarriksdagen,1974,1976,entreprenör
5917,Olle Göransson,Socialdemokraterna,Västmanlands län,Enkammarriksdagen,1974,1976,verkmästare
5918,Olle Westberg i Hofors,Socialdemokraterna,Gävleborgs län,Enkammarriksdagen,1974,1976,svarvare
5919,Olle Westberg i Ljusdal,Folkpartiet,Gävleborgs län,Enkammarriksdagen,1974,1976,rektor
5920,Olof Johansson,Centerpartiet,Stockholms kommun,Enkammarriksdagen,1974,1976,f.d. förbundsordförande
5921,Olof Palme,Socialdemokraterna,Stockholms kommun,Enkammarriksdagen,1974,1976,statsminister
5922,Olov Östrand,Socialdemokraterna,Gävleborgs län,Enkammarriksdagen,1974,1976,mätningsföreståndare
5923,Oscar Franzén,Socialdemokraterna,Östergötlands län,Enkammarriksdagen,1974,1976,metallarbetare
5924,Oskar Lindkvist,Socialdemokraterna,Stockholms kommun,Enkammarriksdagen,1974,1976,ombudsman
5925,Otto Stadling,Socialdemokraterna,Västernorrlands län,Enkammarriksdagen,1974,1976,hemmansägare
5926,Ove Karlsson,Socialdemokraterna,Kopparbergs län,Enkammarriksdagen,1974,1976,arbetsledare
5927,Ove Nordstrandh,Moderata samlingspartiet,Göteborg kommun,Enkammarriksdagen,1974,1976,lektor
5928,Owe Andréasson,Socialdemokraterna,Hallands län,Enkammarriksdagen,1974,1976,verktygsmakare
5929,Paul Jansson,Socialdemokraterna,Skaraborgs län,Enkammarriksdagen,1974,1976,elektriker
5930,Per Ahlmark,Folkpartiet,Stockholms kommun,Enkammarriksdagen,1974,1976,fil. kand.
5931,Per Bergman,Socialdemokraterna,Göteborg kommun,Enkammarriksdagen,1974,1976,direktör
5932,Per Israelsson,Vänsterpartiet kommunisterna,Örebro län,Enkammarriksdagen,1974,1976,apparatskötare
5933,Per Olof Håkansson,Socialdemokraterna,Malmöhus län,Enkammarriksdagen,1974,1976,byggnadsingenjör
5934,Per Olof Sundman,Centerpartiet,Stockholms län,Enkammarriksdagen,1974,1976,författare
5935,Per Petersson i Gäddvik,Moderata samlingspartiet,Norrbottens län,Enkammarriksdagen,1974,1976,hemmansägare
5936,Per Stjernström,Centerpartiet,Jämtlands län,Enkammarriksdagen,1974,1976,lantbrukare
5937,Per-Axel Nilsson,Socialdemokraterna,Gotlands län,Enkammarriksdagen,1974,1976,avdelningschef
5938,Per-Eric Ringaby,Moderata samlingspartiet,Örebro län,Enkammarriksdagen,1974,1976,godsägare
5939,Per-Erik Nisser,Moderata samlingspartiet,Värmlands län,Enkammarriksdagen,1974,1976,lantbrukare
5940,Per-Olof Strindberg,Moderata samlingspartiet,Östergötlands län,Enkammarriksdagen,1974,1976,ombudsman
5941,Pär Granstedt,Centerpartiet,Stockholms län,Enkammarriksdagen,1974,1976,sekreterare
5942,Ralf Lindström,Socialdemokraterna,Blekinge län,Enkammarriksdagen,1974,1976,ombudsman
5943,Roland Brännström,Socialdemokraterna,Västebottens län,Enkammarriksdagen,1974,1976,verkmästare
5944,Roland Sundgren,Socialdemokraterna,Västmanlands län,Enkammarriksdagen,1974,1976,ombudsman
5945,Rolf Clarkson,Moderata samlingspartiet,Fyrstadskretsen,Enkammarriksdagen,1974,1976,direktör
5946,Rolf Rämgård,Centerpartiet,Kopparbergs län,Enkammarriksdagen,1974,1976,köpman
5947,Rolf Sellgren,Folkpartiet,Västernorrlands län,Enkammarriksdagen,1974,1976,transportplaneringschef
5948,Rolf Wirtén,Folkpartiet,Jönköpings län,Enkammarriksdagen,1974,1976,folkskollärare
5949,Rune Carlstein,Socialdemokraterna,Älvsborgs läns södra,Enkammarriksdagen,1974,1976,stadskassör
5950,Rune Gustavsson,Centerpartiet,Kronobergs län,Enkammarriksdagen,1974,1976,socionom
5951,Rune Johansson i Ljungby,Socialdemokraterna,Kronobergs län,Enkammarriksdagen,1974,1976,statsråd och chef för inrikesdepartementet
5952,"Rune Johansson, f. 1930",Socialdemokraterna,Älvsborgs läns norra,Enkammarriksdagen,1974,1976,verkstadsarbetare
5953,Rune Pettersson,Vänsterpartiet kommunisterna,Västmanlands län,Enkammarriksdagen,1974,1976,ombudsman
5954,Rune Torwald,Centerpartiet,Göteborg kommun,Enkammarriksdagen,1974,1976,personalchef
5955,Rune Ångström,Folkpartiet,Västebottens län,Enkammarriksdagen,1974,1976,direktör
5956,Sigfrid Löfgren,Folkpartiet,Fyrstadskretsen,Enkammarriksdagen,1974,1976,disponent
5957,Sigvard Karlehagen,Centerpartiet,Örebro län,Enkammarriksdagen,1974,1976,läkare
5958,Sonja Fredgardh-Svensson,Centerpartiet,Malmöhus län,Enkammarriksdagen,1974,1976,redaktör
5959,Staffan Burenstam Linder,Moderata samlingspartiet,Stockholms län,Enkammarriksdagen,1974,1976,docent
5960,Sten Andersson,Socialdemokraterna,Stockholms kommun,Enkammarriksdagen,1974,1976,partisekreterare
5961,Sten Sjöholm,Folkpartiet,Fyrstadskretsen,Enkammarriksdagen,1974,1976,kronofogde
5962,Stig Alemyr,Socialdemokraterna,Kalmar län,Enkammarriksdagen,1974,1976,rektor
5963,Stig Josefson,Centerpartiet,Malmöhus län,Enkammarriksdagen,1974,1976,lantbrukare
5964,Stig Olsson,Socialdemokraterna,Västernorrlands län,Enkammarriksdagen,1974,1976,mätningsman
5965,Sture Ericson,Socialdemokraterna,Örebro län,Enkammarriksdagen,1974,1976,chefredaktör
5966,Sture Korpås,Centerpartiet,Uppsala län,Enkammarriksdagen,1974,1976,folkhögskolerektor
5967,Sture Palm,Socialdemokraterna,Stockholms län,Enkammarriksdagen,1974,1976,redaktör
5968,Sune Olsson,Vänsterpartiet kommunisterna,Stockholms kommun,Enkammarriksdagen,1974,1976,byggnadsarbetare
5969,Svante Lundkvist,Socialdemokraterna,Södermanlands län,Enkammarriksdagen,1974,1976,statsråd
5970,Svea Wiklund,Centerpartiet,Västebottens län,Enkammarriksdagen,1974,1976,kommunalstämmoordförande
5971,Sven Andersson,Socialdemokraterna,Södermanlands län,Enkammarriksdagen,1974,1976,statsråd
5972,Sven Andersson i Örebro,Folkpartiet,Örebro län,Enkammarriksdagen,1974,1976,frisörmästare
5973,Sven Aspling,Socialdemokraterna,Värmlands län,Enkammarriksdagen,1974,1976,statsråd
5974,Sven Ekström,Socialdemokraterna,Gävleborgs län,Enkammarriksdagen,1974,1976,kommunalkamrer
5975,Sven Eric Åkerfeldt,Centerpartiet,Uppsala län,Enkammarriksdagen,1974,1976,lantbrukare
5976,Sven Erik Nordin,Centerpartiet,Västernorrlands län,Enkammarriksdagen,1974,1976,lantbrukare
5977,Sven Gustafson,Folkpartiet,Göteborg kommun,Enkammarriksdagen,1974,1976,bankkamrer
5978,Sven Hammarberg,Socialdemokraterna,Västmanlands län,Enkammarriksdagen,1974,1976,ombudsman
5979,Sven Johansson,Centerpartiet,Jönköpings län,Enkammarriksdagen,1974,1976,pastor
5980,Sven Lindberg,Socialdemokraterna,Jämtlands län,Enkammarriksdagen,1974,1976,ombudsman
5981,Sven Mellqvist,Socialdemokraterna,Kopparbergs län,Enkammarriksdagen,1974,1976,expeditör
5982,Sven Moberg,Socialdemokraterna,Örebro län,Enkammarriksdagen,1974,1976,statsråd
5983,Sven-Gösta Signell,Socialdemokraterna,Skaraborgs län,Enkammarriksdagen,1974,1976,ombudsman
5984,Sven-Olov Träff,Moderata samlingspartiet,Södermanlands län,Enkammarriksdagen,1974,1976,direktör
5985,Tage Adolfsson,Moderata samlingspartiet,Västmanlands län,Enkammarriksdagen,1974,1976,företagare
5986,Tage Johansson,Socialdemokraterna,Jönköpings län,Enkammarriksdagen,1974,1976,assistent
5987,Tage Larfors,Socialdemokraterna,Södermanlands län,Enkammarriksdagen,1974,1976,direktör
5988,Tage Magnusson,Moderata samlingspartiet,Älvsborgs läns södra,Enkammarriksdagen,1974,1976,disponent
5989,Tage Sundkvist,Centerpartiet,Södermanlands län,Enkammarriksdagen,1974,1976,lantbrukare
5990,Thage Peterson,Socialdemokraterna,Stockholms län,Enkammarriksdagen,1974,1976,statssekreterare
5991,Thorbjörn Fälldin,Centerpartiet,Västernorrlands län,Enkammarriksdagen,1974,1976,lantbrukare
5992,Thorsten Larsson,Centerpartiet,Malmöhus län,Enkammarriksdagen,1974,1976,lantbrukare
5993,Thure Dahlberg,Socialdemokraterna,Norrbottens län,Enkammarriksdagen,1974,1976,ombudsman
5994,Thure Jadestig,Socialdemokraterna,Västmanlands län,Enkammarriksdagen,1974,1976,föreståndare
5995,Tore Claeson,Vänsterpartiet kommunisterna,Stockholms län,Enkammarriksdagen,1974,1976,hyresgästombudsman
5996,Tore Nilsson,Moderata samlingspartiet,Västebottens län,Enkammarriksdagen,1974,1976,predikant
5997,Torkel Lindahl,Folkpartiet,Göteborgs och Bohus län,Enkammarriksdagen,1974,1976,segelmakare
5998,Torsten Bengtsson,Centerpartiet,Jönköpings län,Enkammarriksdagen,1974,1976,"redaktör, förste vice tlaman"
5999,Torsten Fredriksson,Socialdemokraterna,Kopparbergs län,Enkammarriksdagen,1974,1976,gruvarbetare
6000,Torsten Gustafsson,Centerpartiet,Gotlands län,Enkammarriksdagen,1974,1976,lantbrukare
6001,Torsten Nilsson,Socialdemokraterna,Stockholms kommun,Enkammarriksdagen,1974,1976,utrikesminister
6002,Torsten Stridsman,Centerpartiet,Norrbottens län,Enkammarriksdagen,1974,1976,ombudsman
6003,Tyra Johansson,Socialdemokraterna,Göteborgs och Bohus län,Enkammarriksdagen,1974,1976,kontorist
6004,Ulla Ekelund,Centerpartiet,Kristianstads län,Enkammarriksdagen,1974,1976,tillsynslärare
6005,Ulla Jacobsson,Moderata samlingspartiet,Fyrstadskretsen,Enkammarriksdagen,1974,1976,bitr. prof.
6006,Ulla Tillander,Centerpartiet,Fyrstadskretsen,Enkammarriksdagen,1974,1976,ämneslärare
6007,Uno Hedström,Socialdemokraterna,Norrbottens län,Enkammarriksdagen,1974,1976,hemmansägare
6008,Valdo Carlström,Folkpartiet,Blekinge län,Enkammarriksdagen,1974,1976,direktör
6009,Valfrid Wikner,Socialdemokraterna,Jämtlands län,Enkammarriksdagen,1974,1976,länsskogvaktmästare
6010,Valter Kristensson,Socialdemokraterna,Göteborg kommun,Enkammarriksdagen,1974,1976,metallarbetare
6011,Viola Sandell,Socialdemokraterna,Värmlands län,Enkammarriksdagen,1974,1976,fröken
6012,Wiggo Komstedt,Moderata samlingspartiet,Kristianstads län,Enkammarriksdagen,1974,1976,disponent
6013,Wivi-Anne Radesjö,Socialdemokraterna,Älvsborgs läns norra,Enkammarriksdagen,1974,1976,fru
6014,Yngve Nilsson,Moderata samlingspartiet,Kristianstads län,Enkammarriksdagen,1974,1976,lantbrukare
6015,Åke Gillström,Socialdemokraterna,Gävleborgs län,Enkammarriksdagen,1974,1976,rektor
6016,Åke Green,Socialdemokraterna,Kopparbergs län,Enkammarriksdagen,1974,1976,studieombudsman
6017,Åke Gustavsson,Socialdemokraterna,Jönköpings län,Enkammarriksdagen,1974,1976,redaktör
6018,Åke Larsson,Socialdemokraterna,Örebro län,Enkammarriksdagen,1974,1976,arbetsförmedlingsföreståndare
6019,Åke Polstam,Centerpartiet,Östergötlands län,Enkammarriksdagen,1974,1976,kriminalinspektör
6020,Åke Wictorsson,Socialdemokraterna,Stockholms län,Enkammarriksdagen,1974,1976,planeringschef
6021,Alf Lövenborg,Vänsterpartiet kommunisterna,Norrbottens län,Enkammarriksdagen,1976,1979,redaktör
6022,Alf Wennerfors,Moderata samlingspartiet,Stockholms län,Enkammarriksdagen,1976,1979,informationschef
6023,Alfred Håkansson,Centerpartiet,Fyrstadskretsen,Enkammarriksdagen,1976,1979,lantbrukare
6024,Allan Gustafsson,Centerpartiet,Värmlands län,Enkammarriksdagen,1976,1979,
6025,Allan Hernelius,Moderata samlingspartiet,Stockholms kommun,Enkammarriksdagen,1976,1979,bankofullmäktig
6026,Allan Åkerlind,Moderata samlingspartiet,Stockholms län,Enkammarriksdagen,1976,1979,byggnadsarbetare
6027,Alvar Andersson (politiker),Centerpartiet,Hallands län,Enkammarriksdagen,1976,1979,lantbrukare
6028,Anders Björck,Moderata samlingspartiet,Jönköpings län,Enkammarriksdagen,1976,1979,redaktör
6029,Anders Dahlgren,Centerpartiet,Östergötlands län,Enkammarriksdagen,1976,1979,lantbrukare
6030,Anders Wijkman,Moderata samlingspartiet,Stockholms kommun,Enkammarriksdagen,1976,1979,fil. kand.
6031,Anita Gradin,Socialdemokraterna,Stockholms kommun,Enkammarriksdagen,1976,1979,departementssekreterare
6032,Anna Eliasson,Centerpartiet,Stockholms kommun,Enkammarriksdagen,1976,1979,fil. mag.
6033,Anna-Greta Leijon,Socialdemokraterna,Stockholms län,Enkammarriksdagen,1976,1979,f.d. statsråd
6034,Anna-Greta Skantz,Socialdemokraterna,Fyrstadskretsen,Enkammarriksdagen,1976,1979,ombudsman
6035,Anna-Lisa Lewén-Eliasson,Socialdemokraterna,Stockholms län,Enkammarriksdagen,1976,1979,fru
6036,Anna-Lisa Nilsson,Centerpartiet,Kristianstads län,Enkammarriksdagen,1976,1979,handelsträdgårdsmästare
6037,Anton E. Fågelsbo,Centerpartiet,Västmanlands län,Enkammarriksdagen,1976,1979,lantbrukare
6038,Arne Andersson,Socialdemokraterna,Kalmar län,Enkammarriksdagen,1976,1979,inspektör
6039,Arne Andersson,Moderata samlingspartiet,Älvsborgs läns norra,Enkammarriksdagen,1976,1979,lantbrukare
6040,Arne Blomkvist,Socialdemokraterna,Skaraborgs län,Enkammarriksdagen,1976,1979,porslinsarbetare
6041,Arne Fransson,Centerpartiet,Jönköpings län,Enkammarriksdagen,1976,1979,kamrer
6042,Arne Gadd,Socialdemokraterna,Uppsala län,Enkammarriksdagen,1976,1979,revisionsdirektör
6043,Arne Magnusson,Centerpartiet,Jönköpings län,Enkammarriksdagen,1976,1979,lantbrukare
6044,Arne Nygren,Socialdemokraterna,Västerbottens län,Enkammarriksdagen,1976,1979,redaktör
6045,Arne Persson,Centerpartiet,Älvsborgs läns södra,Enkammarriksdagen,1976,1979,lantbrukare
6046,Arne Pettersson,Socialdemokraterna,Fyrstadskretsen,Enkammarriksdagen,1976,1979,sekreterare
6047,Astrid Kristensson,Moderata samlingspartiet,Stockholms kommun,Enkammarriksdagen,1976,1979,jur. kand.
6048,Axel Andersson,Socialdemokraterna,Gävleborgs län,Enkammarriksdagen,1976,1979,ombudsman
6049,Barbro Engman,Socialdemokraterna,Stockholms kommun,Enkammarriksdagen,1976,1979,avdelningsordförande
6050,Bengt Bengtsson,Centerpartiet,Göteborgs kommun,Enkammarriksdagen,1976,1979,ombudsman
6051,Bengt Börjesson,Centerpartiet,Skaraborgs län,Enkammarriksdagen,1976,1979,kamrer
6052,Bengt Fagerlund,Socialdemokraterna,Kronobergs län,Enkammarriksdagen,1976,1979,assistent
6053,Bengt Gustavsson,Socialdemokraterna,Södermanlands län,Enkammarriksdagen,1976,1979,ombudsman
6054,Bengt Kindblom,Centerpartiet,Skaraborgs län,Enkammarriksdagen,1976,1979,sekreterare
6055,Bengt Norling,Socialdemokraterna,Norrbottens län,Enkammarriksdagen,1976,1979,f.d. statsråd
6056,Bengt Silfverstrand,Socialdemokraterna,Malmöhus län,Enkammarriksdagen,1976,1979,företagsekonom
6057,Bengt Sjönell,Centerpartiet,Stockholms kommun,Enkammarriksdagen,1976,1979,direktör
6058,Bengt Wiklund,Socialdemokraterna,Västernorrlands län,Enkammarriksdagen,1976,1979,journalist
6059,Bernt Ekinge,Folkpartiet,Södermanlands län,Enkammarriksdagen,1976,1979,ombudsman
6060,Bernt Nilsson,Socialdemokraterna,Kalmar län,Enkammarriksdagen,1976,1979,ombudsman
6061,Bertil Dahlén,Folkpartiet,Kopparbergs län,Enkammarriksdagen,1976,1979,avdelningschef
6062,Bertil Fiskesjö,Centerpartiet,Fyrstadskretsen,Enkammarriksdagen,1976,1979,universitetslektor
6063,Bertil Johansson,Centerpartiet,Kronobergs län,Enkammarriksdagen,1976,1979,lantbrukare
6064,Bertil Jonasson,Centerpartiet,Värmlands län,Enkammarriksdagen,1976,1979,lantbrukare
6065,Bertil Lidgard,Moderata samlingspartiet,Stockholms kommun,Enkammarriksdagen,1976,1979,jur. kand.
6066,Bertil Måbrink,Vänsterpartiet kommunisterna,Gävleborgs län,Enkammarriksdagen,1976,1979,ombudsman
6067,Bertil Zachrisson,Socialdemokraterna,Stockholms kommun,Enkammarriksdagen,1976,1979,f.d. statsråd
6068,Bertil af Ugglas,Moderata samlingspartiet,Stockholms län,Enkammarriksdagen,1976,1979,civilekonom
6069,Birger Nilsson,Socialdemokraterna,Jämtlands län,Enkammarriksdagen,1976,1979,ombudsman
6070,Birger Rosqvist,Socialdemokraterna,Kalmar län,Enkammarriksdagen,1976,1979,mästerlots
6071,Birgitta Dahl,Socialdemokraterna,Uppsala län,Enkammarriksdagen,1976,1979,fru
6072,Birgitta Hambraeus,Centerpartiet,Kopparbergs län,Enkammarriksdagen,1976,1979,fil. kand.
6073,Birgitta Johansson,Socialdemokraterna,Skaraborgs län,Enkammarriksdagen,1976,1979,metallarbetare
6074,Björn Molin,Folkpartiet,Göteborgs kommun,Enkammarriksdagen,1976,1979,docent
6075,Bo Forslund,Socialdemokraterna,Västernorrlands län,Enkammarriksdagen,1976,1979,ombudsman
6076,Bo Lundgren,Moderata samlingspartiet,Kristianstads län,Enkammarriksdagen,1976,1979,civilekonom
6077,Bo Siegbahn,Moderata samlingspartiet,Göteborgs kommun,Enkammarriksdagen,1976,1979,ambassadör
6078,Bo Turesson,Moderata samlingspartiet,Kopparbergs län,Enkammarriksdagen,1976,1979,överlantmätare
6079,Britt Mogård,Moderata samlingspartiet,Stockholms län,Enkammarriksdagen,1976,1979,fru
6080,Britt Wigenfeldt,Centerpartiet,Uppsala län,Enkammarriksdagen,1976,1979,fru
6081,Britta Bergström,Folkpartiet,Fyrstadskretsen,Enkammarriksdagen,1976,1979,universitetslektor
6082,Britta Hammarbacken,Centerpartiet,Örebro län,Enkammarriksdagen,1976,1979,sjuksköterska
6083,Börje Hörnlund,Centerpartiet,Västerbottens län,Enkammarriksdagen,1976,1979,landstingsråd
6084,Börje Nilsson,Socialdemokraterna,Kristianstads län,Enkammarriksdagen,1976,1979,förbundsordförande
6085,Börje Stensson,Folkpartiet,Östergötlands län,Enkammarriksdagen,1976,1979,skolchef
6086,C.-H. Hermansson,Vänsterpartiet kommunisterna,Stockholms kommun,Enkammarriksdagen,1976,1979,f.d. chefredaktör
6087,Carl Lidbom,Socialdemokraterna,Östergötlands län,Enkammarriksdagen,1976,1979,f.d. statsråd
6088,Carl-Wilhelm Lothigius,Moderata samlingspartiet,Jönköpings län,Enkammarriksdagen,1976,1979,skogsbrukare
6089,Catarina Rönnung,Socialdemokraterna,Jönköpings län,Enkammarriksdagen,1976,1979,fru
6090,Christer Nilsson,Socialdemokraterna,Östergötlands län,Enkammarriksdagen,1976,1979,socionom
6091,Christina Rogestam,Centerpartiet,Göteborgs kommun,Enkammarriksdagen,1976,1979,avdelningschef
6092,Claes Elmstedt,Centerpartiet,Blekinge län,Enkammarriksdagen,1976,1979,lantbrukare
6093,Curt Boström,Socialdemokraterna,Norrbottens län,Enkammarriksdagen,1976,1979,kamrer
6094,Daniel Tarschys,Folkpartiet,Stockholms län,Enkammarriksdagen,1976,1979,docent
6095,Doris Håvik,Socialdemokraterna,Göteborgs kommun,Enkammarriksdagen,1976,1979,fru
6096,Einar Larsson,Centerpartiet,Kristianstads län,Enkammarriksdagen,1976,1979,lantbrukare
6097,Eivor Marklund,Vänsterpartiet kommunisterna,Norrbottens län,Enkammarriksdagen,1976,1979,fru
6098,Elis Andersson,Centerpartiet,Stockholms län,Enkammarriksdagen,1976,1979,byggnadsarbetare
6099,Ella Johnsson,Centerpartiet,Hallands län,Enkammarriksdagen,1976,1979,fru
6100,Elver Jonsson,Folkpartiet,Älvsborgs läns norra,Enkammarriksdagen,1976,1979,postiljon
6101,Elvy Nilsson,Socialdemokraterna,Värmlands län,Enkammarriksdagen,1976,1979,fru
6102,Elvy Olsson,Centerpartiet,Stockholms län,Enkammarriksdagen,1976,1979,fru
6103,Eric Carlsson,Centerpartiet,Kopparbergs län,Enkammarriksdagen,1976,1979,bonde
6104,Eric Enlund,Centerpartiet,Västmanlands län,Enkammarriksdagen,1976,1979,lantbrukare
6105,Eric Holmqvist,Socialdemokraterna,Fyrstadskretsen,Enkammarriksdagen,1976,1979,f.d. statsråd
6106,Eric Jönsson,Socialdemokraterna,Fyrstadskretsen,Enkammarriksdagen,1976,1979,ombudsman
6107,Eric Krönmark,Moderata samlingspartiet,Kalmar län,Enkammarriksdagen,1976,1979,lantbrukare
6108,Eric Marcusson,Socialdemokraterna,Västmanlands län,Enkammarriksdagen,1976,1979,ombudsman
6109,Eric Rejdnell,Folkpartiet,Kalmar län,Enkammarriksdagen,1976,1979,kamrer
6110,Erik Adamsson,Socialdemokraterna,Fyrstadskretsen,Enkammarriksdagen,1976,1979,riksgäldsfullmäktig
6111,Erik Glimnér,Centerpartiet,Östergötlands län,Enkammarriksdagen,1976,1979,hemmansägare
6112,Erik Hovhammar,Moderata samlingspartiet,Kronobergs län,Enkammarriksdagen,1976,1979,bruksdisponent
6113,Erik Johansson,Centerpartiet,Stockholms län,Enkammarriksdagen,1976,1979,lantbrukare
6114,Erik Johansson,Socialdemokraterna,Kristianstads län,Enkammarriksdagen,1976,1979,arbetsförmedlingsföreståndare
6115,Erik Larsson,Centerpartiet,Örebro län,Enkammarriksdagen,1976,1979,lantbrukare
6116,Erik Wärnberg,Socialdemokraterna,Östergötlands län,Enkammarriksdagen,1976,1979,bankofullmäktig
6117,Essen Lindahl,Socialdemokraterna,Stockholms län,Enkammarriksdagen,1976,1979,direktör
6118,Eva Hjelmström,Vänsterpartiet kommunisterna,Stockholms kommun,Enkammarriksdagen,1976,1979,tjänsteman
6119,Eva Winther,Folkpartiet,Norrbottens län,Enkammarriksdagen,1976,1979,sjuksköterska
6120,Evert Hedberg,Socialdemokraterna,Hallands län,Enkammarriksdagen,1976,1979,ombudsman
6121,Evert Svensson,Socialdemokraterna,Göteborgs och Bohus län,Enkammarriksdagen,1976,1979,förbundsordförande
6122,Filip Fridolfsson,Moderata samlingspartiet,Stockholms kommun,Enkammarriksdagen,1976,1979,fabrikör
6123,Filip Johansson,Centerpartiet,Norrbottens län,Enkammarriksdagen,1976,1979,lantbrukare
6124,Frida Berglund,Socialdemokraterna,Norrbottens län,Enkammarriksdagen,1976,1979,skolsköterska
6125,Fritz Börjesson,Centerpartiet,Kalmar län,Enkammarriksdagen,1976,1979,lantbrukare
6126,Gabriel Romanus,Folkpartiet,Stockholms län,Enkammarriksdagen,1976,1979,redaktör
6127,Georg Andersson,Socialdemokraterna,Västerbottens län,Enkammarriksdagen,1976,1979,rektor
6128,Georg Danell,Moderata samlingspartiet,Stockholms län,Enkammarriksdagen,1976,1979,jur. kand.
6129,Georg Pettersson,Centerpartiet,Örebro län,Enkammarriksdagen,1976,1979,ombudsman
6130,Georg Åberg,Folkpartiet,Göteborgs och Bohus län,Enkammarriksdagen,1976,1979,fiskeriombudsman
6131,Gertrud Sigurdsen,Socialdemokraterna,Stockholms kommun,Enkammarriksdagen,1976,1979,f.d. statsråd
6132,Gillis Augustsson,Socialdemokraterna,Östergötlands län,Enkammarriksdagen,1976,1979,järnbruksarbetare
6133,Grethe Lundblad,Socialdemokraterna,Fyrstadskretsen,Enkammarriksdagen,1976,1979,socialinspektör
6134,Gudrun Sundström,Socialdemokraterna,Kopparbergs län,Enkammarriksdagen,1976,1979,fru
6135,Gunde Raneskog,Centerpartiet,Älvsborgs läns norra,Enkammarriksdagen,1976,1979,distriktsföreståndare
6136,Gunilla André,Centerpartiet,Skaraborgs län,Enkammarriksdagen,1976,1979,fru
6137,Gunnar Biörck,Moderata samlingspartiet,Stockholms län,Enkammarriksdagen,1976,1979,professor
6138,Gunnar Björk,Centerpartiet,Gävleborgs län,Enkammarriksdagen,1976,1979,bankkonsulent
6139,Gunnar Johansson,Moderata samlingspartiet,Göteborgs och Bohus län,Enkammarriksdagen,1976,1979,häradsdomare
6140,Gunnar Nilsson,Socialdemokraterna,Stockholms län,Enkammarriksdagen,1976,1979,LO-ordförande
6141,Gunnar Olsson,Socialdemokraterna,Värmlands län,Enkammarriksdagen,1976,1979,journalist
6142,Gunnar Oskarsson,Moderata samlingspartiet,Hallands län,Enkammarriksdagen,1976,1979,major
6143,Gunnar Richardson,Folkpartiet,Skaraborgs län,Enkammarriksdagen,1976,1979,docent
6144,Gunnar Sträng,Socialdemokraterna,Älvsborgs läns södra,Enkammarriksdagen,1976,1979,f.d. statsråd
6145,Gunnel Jonäng,Centerpartiet,Gävleborgs län,Enkammarriksdagen,1976,1979,studieinstruktör
6146,Gustav Lorentzon,Vänsterpartiet kommunisterna,Västernorrlands län,Enkammarriksdagen,1976,1979,ombudsman
6147,Göran Karlsson,Socialdemokraterna,Jönköpings län,Enkammarriksdagen,1976,1979,redaktör
6148,Gördis Hörnlund,Socialdemokraterna,Älvsborgs läns södra,Enkammarriksdagen,1976,1979,fru
6149,Gösta Andersson,Centerpartiet,Kalmar län,Enkammarriksdagen,1976,1979,skogsbrukare
6150,Gösta Bohman,Moderata samlingspartiet,Stockholms kommun,Enkammarriksdagen,1976,1979,partiledare
6151,Gösta Karlsson,Centerpartiet,Södermanlands län,Enkammarriksdagen,1976,1979,folkhögskolerektör
6152,Göthe Knutson,Moderata samlingspartiet,Värmlands län,Enkammarriksdagen,1976,1979,redaktör
6153,Hagar Normark,Socialdemokraterna,Västerbottens län,Enkammarriksdagen,1976,1979,fru
6154,Hans Alsén,Socialdemokraterna,Uppsala län,Enkammarriksdagen,1976,1979,ombudsman
6155,Hans Gustafsson,Socialdemokraterna,Blekinge län,Enkammarriksdagen,1976,1979,f.d. statsråd
6156,Hans Jönsson,Socialdemokraterna,Malmöhus län,Enkammarriksdagen,1976,1979,ombudsman
6157,Hans Lindblad,Folkpartiet,Gävleborgs län,Enkammarriksdagen,1976,1979,redaktör
6158,Hans Nyhage,Moderata samlingspartiet,Älvsborgs läns södra,Enkammarriksdagen,1976,1979,rektor
6159,Hans Petersson i Röstånga,Folkpartiet,Malmöhus län,Enkammarriksdagen,1976,1979,folkskollärare
6160,Hans Pettersson,Socialdemokraterna,Fyrstadskretsen,Enkammarriksdagen,1976,1979,kranmaskinist
6161,Hans Wachtmeister,Moderata samlingspartiet,Blekinge län,Enkammarriksdagen,1976,1979,civiljägmästare
6162,Helge Hagberg,Socialdemokraterna,Örebro län,Enkammarriksdagen,1976,1979,
6163,Helge Karlsson,Socialdemokraterna,Blekinge län,Enkammarriksdagen,1976,1979,metallarbetare
6164,Helge Klöver,Socialdemokraterna,Jönköpings län,Enkammarriksdagen,1976,1979,järnvägsexpeditör
6165,Henry Allard,Socialdemokraterna,Örebro län,Enkammarriksdagen,1976,1979,talman
6166,Hilding Johansson,Socialdemokraterna,Älvsborgs läns norra,Enkammarriksdagen,1976,1979,fil. dr
6167,Holger Bergqvist,Folkpartiet,Göteborgs kommun,Enkammarriksdagen,1976,1979,kommunalråd
6168,Holger Mossberg,Socialdemokraterna,Värmlands län,Enkammarriksdagen,1976,1979,fabriksarbetare
6169,Hugo Bengtsson,Socialdemokraterna,Fyrstadskretsen,Enkammarriksdagen,1976,1979,plåtslagare
6170,Håkan Strömberg,Socialdemokraterna,Örebro län,Enkammarriksdagen,1976,1979,metallarbetare
6171,Håkan Winberg,Moderata samlingspartiet,Västernorrlands län,Enkammarriksdagen,1976,1979,hovrättsråd
6172,Inga Lantz,Vänsterpartiet kommunisterna,Stockholms län,Enkammarriksdagen,1976,1979,industritjänsteman
6173,Inga Thorsson,Socialdemokraterna,Stockholms kommun,Enkammarriksdagen,1976,1979,statssekreterare
6174,Ingegerd Troedsson,Moderata samlingspartiet,Uppsala län,Enkammarriksdagen,1976,1979,pol. mag.
6175,Ingegärd Frænkel,Folkpartiet,Göteborgs kommun,Enkammarriksdagen,1976,1979,studierektor
6176,Ingegärd Oskarsson,Centerpartiet,Kronobergs län,Enkammarriksdagen,1976,1979,fru
6177,Ingemar Hallenius,Centerpartiet,Skaraborgs län,Enkammarriksdagen,1976,1979,lantbrukare
6178,Ingemar Konradsson,Socialdemokraterna,Örebro län,Enkammarriksdagen,1976,1979,inspektör
6179,Ingemar Leander,Socialdemokraterna,Östergötlands län,Enkammarriksdagen,1976,1979,folkskollärare
6180,Ingemar Mundebo,Folkpartiet,Stockholms län,Enkammarriksdagen,1976,1979,avdelningsdirektör
6181,Ingemund Bengtsson,Socialdemokraterna,Hallands län,Enkammarriksdagen,1976,1979,f.d. statsråd
6182,Inger Lindquist,Moderata samlingspartiet,Göteborgs kommun,Enkammarriksdagen,1976,1979,rådman
6183,Ingrid Diesen,Moderata samlingspartiet,Stockholms kommun,Enkammarriksdagen,1976,1979,fil. mag.
6184,Ingrid Ludvigsson,Socialdemokraterna,Södermanlands län,Enkammarriksdagen,1976,1979,fru
6185,Ingrid Sundberg,Moderata samlingspartiet,Malmöhus län,Enkammarriksdagen,1976,1979,fil. kand.
6186,Ingvar Carlsson,Socialdemokraterna,Stockholms län,Enkammarriksdagen,1976,1979,f.d. statsråd
6187,Ingvar Svanberg,Socialdemokraterna,Norrbottens län,Enkammarriksdagen,1976,1979,skoldirektör
6188,Iris Mårtensson,Socialdemokraterna,Gävleborgs län,Enkammarriksdagen,1976,1979,studieombudsman
6189,Ivan Svanström,Centerpartiet,Kalmar län,Enkammarriksdagen,1976,1979,lantbrukare
6190,Ivar Högström,Socialdemokraterna,Västernorrlands län,Enkammarriksdagen,1976,1979,bostadsdirektör
6191,Ivar Nordberg,Socialdemokraterna,Stockholms län,Enkammarriksdagen,1976,1979,organisationssekreterare
6192,Jan Bergqvist,Socialdemokraterna,Göteborgs kommun,Enkammarriksdagen,1976,1979,sekreterare
6193,Jan-Erik Wikström,Folkpartiet,Stockholms kommun,Enkammarriksdagen,1976,1979,förlagschef
6194,Jan-Ivan Nilsson,Centerpartiet,Västerbottens län,Enkammarriksdagen,1976,1979,lantbrukare
6195,Joakim Ollén,Moderata samlingspartiet,Fyrstadskretsen,Enkammarriksdagen,1976,1979,sekreterare
6196,Johan A. Olsson,Centerpartiet,Gävleborgs län,Enkammarriksdagen,1976,1979,fabrikör
6197,Johannes Antonsson,Centerpartiet,Hallands län,Enkammarriksdagen,1976,1979,lantbrukare
6198,John Johnsson,Socialdemokraterna,Malmöhus län,Enkammarriksdagen,1976,1979,ombudsman
6199,Jörgen Ullenhag,Folkpartiet,Uppsala län,Enkammarriksdagen,1976,1979,fil. dr
6200,Jörn Svensson,Vänsterpartiet kommunisterna,Fyrstadskretsen,Enkammarriksdagen,1976,1979,planeringsdirektör
6201,Karin Ahrland,Folkpartiet,Stockholms kommun,Enkammarriksdagen,1976,1979,förste länsassessor
6202,Karin Andersson,Centerpartiet,Stockholms kommun,Enkammarriksdagen,1976,1979,förbundssekreterare
6203,Karin Nordlander,Vänsterpartiet kommunisterna,Stockholms kommun,Enkammarriksdagen,1976,1979,fru
6204,Karin Söder,Centerpartiet,Stockholms län,Enkammarriksdagen,1976,1979,yrkesvalslärare
6205,Karl Bengtsson,Folkpartiet,Hallands län,Enkammarriksdagen,1976,1979,verkmästare
6206,Karl Boo,Centerpartiet,Kopparbergs län,Enkammarriksdagen,1976,1979,kontrollassistent
6207,Karl Erik Eriksson,Folkpartiet,Värmlands län,Enkammarriksdagen,1976,1979,lantbrukare
6208,Karl Erik Olsson,Centerpartiet,Kristianstads län,Enkammarriksdagen,1976,1979,lantbrukare
6209,Karl Hallgren,Vänsterpartiet kommunisterna,Göteborgs kommun,Enkammarriksdagen,1976,1979,stuveriarbetare
6210,Karl Leuchovius,Moderata samlingspartiet,Skaraborgs län,Enkammarriksdagen,1976,1979,lantbrukare
6211,Karl-Anders Petersson,Centerpartiet,Blekinge län,Enkammarriksdagen,1976,1979,bankkamrer
6212,Karl-Eric Norrby,Centerpartiet,Värmlands län,Enkammarriksdagen,1976,1979,lantbrukare
6213,Karl-Erik Häll,Socialdemokraterna,Norrbottens län,Enkammarriksdagen,1976,1979,ombudsman
6214,Karl-Erik Strömberg,Folkpartiet,Stockholms län,Enkammarriksdagen,1976,1979,skoldirektör
6215,Karl-Erik Svartberg,Socialdemokraterna,Göteborgs och Bohus län,Enkammarriksdagen,1976,1979,rektor
6216,Kersti Swartz,Folkpartiet,Östergötlands län,Enkammarriksdagen,1976,1979,fru
6217,Kerstin Andersson,Centerpartiet,Älvsborgs läns norra,Enkammarriksdagen,1976,1979,folkskollärare
6218,Kerstin Andersson,Socialdemokraterna,Örebro län,Enkammarriksdagen,1976,1979,fru
6219,Kerstin Anér,Folkpartiet,Stockholms län,Enkammarriksdagen,1976,1979,fil. dr
6220,Kerstin Göthberg,Centerpartiet,Västmanlands län,Enkammarriksdagen,1976,1979,fru
6221,Kerstin Nilsson,Socialdemokraterna,Norrbottens län,Enkammarriksdagen,1976,1979,folkhögskollärare
6222,Kjell A. Mattsson,Centerpartiet,Göteborgs och Bohus län,Enkammarriksdagen,1976,1979,lantbrukare
6223,Kjell Nilsson,Socialdemokraterna,Kronobergs län,Enkammarriksdagen,1976,1979,metallarbetare
6224,Kjell-Olof Feldt,Socialdemokraterna,Kopparbergs län,Enkammarriksdagen,1976,1979,f.d. statsråd
6225,Knut Johansson,Socialdemokraterna,Stockholms kommun,Enkammarriksdagen,1976,1979,f.d. förbundsordförande
6226,Knut Wachtmeister,Moderata samlingspartiet,Malmöhus län,Enkammarriksdagen,1976,1979,lantmätare
6227,Kurt Hugosson,Socialdemokraterna,Göteborgs kommun,Enkammarriksdagen,1976,1979,byråchef
6228,Kurt Söderström,Moderata samlingspartiet,Östergötlands län,Enkammarriksdagen,1976,1979,ingenjör
6229,Lars Gustafsson,Socialdemokraterna,Stockholms län,Enkammarriksdagen,1976,1979,universitetslektor
6230,Lars Henrikson,Socialdemokraterna,Östergötlands län,Enkammarriksdagen,1976,1979,ombudsman
6231,Lars Schött,Moderata samlingspartiet,Kalmar län,Enkammarriksdagen,1976,1979,fögderidirektör
6232,Lars Werner,Vänsterpartiet kommunisterna,Stockholms län,Enkammarriksdagen,1976,1979,"ombudsman, partiledare"
6233,Lars-Ingvar Sörenson,Socialdemokraterna,Göteborgs kommun,Enkammarriksdagen,1976,1979,lokförare
6234,Lars-Ove Hagberg,Vänsterpartiet kommunisterna,Kopparbergs län,Enkammarriksdagen,1976,1979,järnbruksarbetare
6235,Lars-Åke Larsson,Socialdemokraterna,Älvsborgs läns norra,Enkammarriksdagen,1976,1979,ombudsman
6236,Lena Hjelm-Wallén,Socialdemokraterna,Västmanlands län,Enkammarriksdagen,1976,1979,f.d. statsråd
6237,Lena Öhrsvik,Socialdemokraterna,Kalmar län,Enkammarriksdagen,1976,1979,kurator
6238,Lennart Andersson,Socialdemokraterna,Stockholms län,Enkammarriksdagen,1976,1979,studieombudsman
6239,Lennart Bladh,Socialdemokraterna,Kristianstads län,Enkammarriksdagen,1976,1979,yrkesvalslärare
6240,Lennart Nilsson,Socialdemokraterna,Göteborgs och Bohus län,Enkammarriksdagen,1976,1979,ombudsman
6241,Lennart Pettersson,Socialdemokraterna,Fyrstadskretsen,Enkammarriksdagen,1976,1979,fil. kand.
6242,Lilly Bergander,Socialdemokraterna,Stockholms län,Enkammarriksdagen,1976,1979,fru
6243,Lilly Hansson,Socialdemokraterna,Västerbottens län,Enkammarriksdagen,1976,1979,sjukskötare
6244,Linnea Hörlén,Folkpartiet,Jönköpings län,Enkammarriksdagen,1976,1979,fröken
6245,Lisa Mattson,Socialdemokraterna,Göteborgs kommun,Enkammarriksdagen,1976,1979,förbundsordförande
6246,Magnus Persson,Socialdemokraterna,Värmlands län,Enkammarriksdagen,1976,1979,ombudsman
6247,Maj Britt Theorin,Socialdemokraterna,Stockholms kommun,Enkammarriksdagen,1976,1979,sekreterare
6248,Maj Pehrsson,Centerpartiet,Älvsborgs läns södra,Enkammarriksdagen,1976,1979,kassör
6249,Maj-Lis Landberg,Socialdemokraterna,Östergötlands län,Enkammarriksdagen,1976,1979,fru
6250,Margaretha af Ugglas,Moderata samlingspartiet,Stockholms kommun,Enkammarriksdagen,1976,1979,civilekonom
6251,Margit Odelsparr,Centerpartiet,Västernorrlands län,Enkammarriksdagen,1976,1979,jur. kand.
6252,Margit Sandéhn,Socialdemokraterna,Malmöhus län,Enkammarriksdagen,1976,1979,textillärare
6253,Margot Håkansson,Folkpartiet,Blekinge län,Enkammarriksdagen,1976,1979,skolsköterska
6254,Marianne Karlsson,Centerpartiet,Östergötlands län,Enkammarriksdagen,1976,1979,fru
6255,Marianne Stålberg,Socialdemokraterna,Jämtlands län,Enkammarriksdagen,1976,1979,skolkurator
6256,Martin Henmark,Folkpartiet,Kristianstads län,Enkammarriksdagen,1976,1979,major
6257,Martin Olsson,Centerpartiet,Västernorrlands län,Enkammarriksdagen,1976,1979,bankkamrer
6258,Martin Segerstedt,Socialdemokraterna,Västernorrlands län,Enkammarriksdagen,1976,1979,arbetsförmedlingsföreståndare
6259,Mats Hellström,Socialdemokraterna,Stockholms kommun,Enkammarriksdagen,1976,1979,sekreterare
6260,Märta Fredrikson,Centerpartiet,Göteborgs och Bohus län,Enkammarriksdagen,1976,1979,fru
6261,Nils Berndtson,Vänsterpartiet kommunisterna,Östergötlands län,Enkammarriksdagen,1976,1979,ombudsman
6262,Nils Carlshamre,Moderata samlingspartiet,Göteborgs och Bohus län,Enkammarriksdagen,1976,1979,lektor
6263,Nils Erik Wååg,Socialdemokraterna,Kristianstads län,Enkammarriksdagen,1976,1979,byggnadsingenjör
6264,Nils Hjorth,Socialdemokraterna,Uppsala län,Enkammarriksdagen,1976,1979,förrådsförvaltare
6265,Nils Hörberg,Folkpartiet,Göteborgs kommun,Enkammarriksdagen,1976,1979,försäkringstjänsteman
6266,Nils Åsling,Centerpartiet,Jämtlands län,Enkammarriksdagen,1976,1979,lantbrukare
6267,Ola Ullsten,Folkpartiet,Stockholms kommun,Enkammarriksdagen,1976,1979,socionom
6268,Olle Aulin,Moderata samlingspartiet,Fyrstadskretsen,Enkammarriksdagen,1976,1979,överstelöjtnant
6269,Olle Eriksson,Centerpartiet,Älvsborgs läns norra,Enkammarriksdagen,1976,1979,entreprenör
6270,Olle Göransson,Socialdemokraterna,Västmanlands län,Enkammarriksdagen,1976,1979,verkmästare
6271,Olle Svensson,Socialdemokraterna,Södermanlands län,Enkammarriksdagen,1976,1979,chefredaktör
6272,Olle Westberg,Socialdemokraterna,Gävleborgs län,Enkammarriksdagen,1976,1979,svarvare
6273,Olle Östrand,Socialdemokraterna,Gävleborgs län,Enkammarriksdagen,1976,1979,mätningsföreståndare
6274,Olof Johansson,Centerpartiet,Stockholms kommun,Enkammarriksdagen,1976,1979,f.d. förbundsordförande
6275,Olof Palme,Socialdemokraterna,Stockholms kommun,Enkammarriksdagen,1976,1979,f.d. statsminister
6276,Oskar Lindkvist,Socialdemokraterna,Stockholms kommun,Enkammarriksdagen,1976,1979,organisationschef
6277,Oswald Söderqvist,Vänsterpartiet kommunisterna,Uppsala län,Enkammarriksdagen,1976,1979,byråinspektör
6278,Ove Karlsson (politiker),Socialdemokraterna,Kopparbergs län,Enkammarriksdagen,1976,1979,skogsarbetare
6279,Ove Nordstrandh,Moderata samlingspartiet,Göteborgs kommun,Enkammarriksdagen,1976,1979,teol. dr
6280,Owe Andréasson,Socialdemokraterna,Hallands län,Enkammarriksdagen,1976,1979,verktygsmakare
6281,Paul Jansson,Socialdemokraterna,Skaraborgs län,Enkammarriksdagen,1976,1979,elektriker
6282,Per Ahlmark,Folkpartiet,Stockholms kommun,Enkammarriksdagen,1976,1979,partiordförande
6283,Per Bergman,Socialdemokraterna,Göteborgs kommun,Enkammarriksdagen,1976,1979,
6284,Per Gahrton,Folkpartiet,Fyrstadskretsen,Enkammarriksdagen,1976,1979,författare
6285,Per Olof Håkansson,Socialdemokraterna,Malmöhus län,Enkammarriksdagen,1976,1979,byggnadsingenjör
6286,Per Olof Sundman,Centerpartiet,Stockholms län,Enkammarriksdagen,1976,1979,författare
6287,Per Petersson i Gäddvik,Moderata samlingspartiet,Norrbottens län,Enkammarriksdagen,1976,1979,hemmansägare
6288,Per Stjernström,Centerpartiet,Jämtlands län,Enkammarriksdagen,1976,1979,lantbrukare
6289,Per Unckel,Moderata samlingspartiet,Östergötlands län,Enkammarriksdagen,1976,1979,förbundsordförande
6290,Per-Axel Nilsson,Socialdemokraterna,Gotlands län,Enkammarriksdagen,1976,1979,avdelningschef
6291,Per-Eric Ringaby,Moderata samlingspartiet,Örebro län,Enkammarriksdagen,1976,1979,f.d. godsägare
6292,Per-Erik Nisser,Moderata samlingspartiet,Värmlands län,Enkammarriksdagen,1976,1979,lantmästare
6293,Per-Olof Strindberg,Moderata samlingspartiet,Östergötlands län,Enkammarriksdagen,1976,1979,länsombudsman
6294,Pär Granstedt,Centerpartiet,Stockholms län,Enkammarriksdagen,1976,1979,sekreterare
6295,Ralf Lindström,Socialdemokraterna,Blekinge län,Enkammarriksdagen,1976,1979,ombudsman
6296,Roland Brännström,Socialdemokraterna,Västerbottens län,Enkammarriksdagen,1976,1979,verkmästare
6297,Roland Sundgren,Socialdemokraterna,Västmanlands län,Enkammarriksdagen,1976,1979,ombudsman
6298,Rolf Clarkson,Moderata samlingspartiet,Fyrstadskretsen,Enkammarriksdagen,1976,1979,direktör
6299,Rolf Dahlberg,Moderata samlingspartiet,Gävleborgs län,Enkammarriksdagen,1976,1979,yrkesvalslärare
6300,Rolf Hagel,Vänsterpartiet kommunisterna,Göteborgs kommun,Enkammarriksdagen,1976,1979,elektriker
6301,Rolf Rämgård,Centerpartiet,Kopparbergs län,Enkammarriksdagen,1976,1979,köpman
6302,Rolf Sellgren,Folkpartiet,Västernorrlands län,Enkammarriksdagen,1976,1979,transportchef
6303,Rolf Wirtén,Folkpartiet,Jönköpings län,Enkammarriksdagen,1976,1979,folkskollärare
6304,Rune B. Johansson,Socialdemokraterna,Kronobergs län,Enkammarriksdagen,1976,1979,f.d. statsråd
6305,Rune Carlstein,Socialdemokraterna,Älvsborgs läns södra,Enkammarriksdagen,1976,1979,stadskassör
6306,Rune Gustavsson,Centerpartiet,Kronobergs län,Enkammarriksdagen,1976,1979,socionom
6307,Rune Johansson,Socialdemokraterna,Älvsborgs läns norra,Enkammarriksdagen,1976,1979,verkmästare
6308,Rune Johnsson,Centerpartiet,Göteborgs och Bohus län,Enkammarriksdagen,1976,1979,ombudsman
6309,Rune Jonsson,Socialdemokraterna,Västernorrlands län,Enkammarriksdagen,1976,1979,elektriker
6310,Rune Rydén,Moderata samlingspartiet,Fyrstadskretsen,Enkammarriksdagen,1976,1979,fil. lic.
6311,Rune Torwald,Centerpartiet,Göteborgs kommun,Enkammarriksdagen,1976,1979,utredningssekreterare
6312,Rune Ångström,Folkpartiet,Västerbottens län,Enkammarriksdagen,1976,1979,direktör
6313,Sivert Andersson,Socialdemokraterna,Stockholms kommun,Enkammarriksdagen,1976,1979,avdelningsordförande
6314,Sonja Fredgardh,Centerpartiet,Malmöhus län,Enkammarriksdagen,1976,1979,redaktör
6315,Staffan Burenstam Linder,Moderata samlingspartiet,Stockholms län,Enkammarriksdagen,1976,1979,professor
6316,Sten Andersson,Socialdemokraterna,Stockholms kommun,Enkammarriksdagen,1976,1979,partisekreterare
6317,Sten Svensson,Moderata samlingspartiet,Skaraborgs län,Enkammarriksdagen,1976,1979,informationschef
6318,Stig Alemyr,Socialdemokraterna,Kalmar län,Enkammarriksdagen,1976,1979,folkhögskolerektor
6319,Stig Alftin,Socialdemokraterna,Gävleborgs län,Enkammarriksdagen,1976,1979,metallarbetare
6320,Stig Josefson,Centerpartiet,Malmöhus län,Enkammarriksdagen,1976,1979,lantbrukare
6321,Stig Olsson,Socialdemokraterna,Västernorrlands län,Enkammarriksdagen,1976,1979,mätningsman
6322,Sture Ericson,Socialdemokraterna,Örebro län,Enkammarriksdagen,1976,1979,redaktör
6323,Sture Korpås,Centerpartiet,Uppsala län,Enkammarriksdagen,1976,1979,rektor
6324,Sture Palm,Socialdemokraterna,Stockholms län,Enkammarriksdagen,1976,1979,redaktör
6325,Sune Johansson,Socialdemokraterna,Värmlands län,Enkammarriksdagen,1976,1979,ombudsman
6326,Svante Lundkvist,Socialdemokraterna,Södermanlands län,Enkammarriksdagen,1976,1979,f.d. statsråd
6327,Svea Wiklund,Centerpartiet,Västerbottens län,Enkammarriksdagen,1976,1979,fru
6328,Sven Andersson,Socialdemokraterna,Södermanlands län,Enkammarriksdagen,1976,1979,f.d. statsråd
6329,Sven Aspling,Socialdemokraterna,Värmlands län,Enkammarriksdagen,1976,1979,f.d. statsråd
6330,Sven Eric Lorentzon,Moderata samlingspartiet,Hallands län,Enkammarriksdagen,1976,1979,lantbrukare
6331,Sven Eric Åkerfeldt,Centerpartiet,Uppsala län,Enkammarriksdagen,1976,1979,lantbrukare
6332,Sven G. Andersson,Folkpartiet,Örebro län,Enkammarriksdagen,1976,1979,frisörmästare
6333,Sven Johansson,Centerpartiet,Jönköpings län,Enkammarriksdagen,1976,1979,pastor
6334,Sven Lindberg,Socialdemokraterna,Jämtlands län,Enkammarriksdagen,1976,1979,ombudsman
6335,Sven Mellqvist,Socialdemokraterna,Kopparbergs län,Enkammarriksdagen,1976,1979,expeditör
6336,Sven-Erik Nordin,Centerpartiet,Västernorrlands län,Enkammarriksdagen,1976,1979,lantbrukare
6337,Sven-Gösta Signell,Socialdemokraterna,Skaraborgs län,Enkammarriksdagen,1976,1979,f.d. ombudsman
6338,Sven-Olov Träff,Moderata samlingspartiet,Södermanlands län,Enkammarriksdagen,1976,1979,direktör
6339,Tage Adolfsson,Moderata samlingspartiet,Västmanlands län,Enkammarriksdagen,1976,1979,företagare
6340,Tage Johansson,Socialdemokraterna,Jönköpings län,Enkammarriksdagen,1976,1979,assistent
6341,Tage Magnusson,Moderata samlingspartiet,Älvsborgs läns södra,Enkammarriksdagen,1976,1979,disponent
6342,Tage Sundkvist,Centerpartiet,Södermanlands län,Enkammarriksdagen,1976,1979,lantbrukare
6343,Thage Peterson,Socialdemokraterna,Stockholms län,Enkammarriksdagen,1976,1979,f.d. statsråd
6344,Thorbjörn Fälldin,Centerpartiet,Västernorrlands län,Enkammarriksdagen,1976,1979,lantbrukare
6345,Thorsten Larsson,Centerpartiet,Malmöhus län,Enkammarriksdagen,1976,1979,lantbrukare
6346,Thure Jadestig,Socialdemokraterna,Västmanlands län,Enkammarriksdagen,1976,1979,föreståndare
6347,Tommy Franzén,Vänsterpartiet kommunisterna,Stockholms kommun,Enkammarriksdagen,1976,1979,elektriker
6348,Tore Claeson,Vänsterpartiet kommunisterna,Stockholms län,Enkammarriksdagen,1976,1979,hyresgästombudsman
6349,Tore Nilsson,Moderata samlingspartiet,Västerbottens län,Enkammarriksdagen,1976,1979,predikant
6350,Torkel Lindahl,Folkpartiet,Göteborgs och Bohus län,Enkammarriksdagen,1976,1979,segelmakare
6351,Torsten A. Karlsson,Socialdemokraterna,Östergötlands län,Enkammarriksdagen,1976,1979,metallarbetare
6352,Torsten Bengtsson,Centerpartiet,Jönköpings län,Enkammarriksdagen,1976,1979,redaktör
6353,Torsten Gustafsson,Centerpartiet,Gotlands län,Enkammarriksdagen,1976,1979,lantbrukare
6354,Torsten Stridsman,Centerpartiet,Norrbottens län,Enkammarriksdagen,1976,1979,ombudsman
6355,Tyra Johansson,Socialdemokraterna,Göteborgs och Bohus län,Enkammarriksdagen,1976,1979,kontorist
6356,Ulla Ekelund,Centerpartiet,Kristianstads län,Enkammarriksdagen,1976,1979,tillsynslärare
6357,Ulla Tillander,Centerpartiet,Fyrstadskretsen,Enkammarriksdagen,1976,1979,ämneslärare
6358,Valter Kristenson,Socialdemokraterna,Göteborgs kommun,Enkammarriksdagen,1976,1979,metallarbetare
6359,Wiggo Komstedt,Moderata samlingspartiet,Kristianstads län,Enkammarriksdagen,1976,1979,direktör
6360,Wilhelm Gustafsson,Folkpartiet,Älvsborgs läns södra,Enkammarriksdagen,1976,1979,kommunalråd
6361,Wivi-Anne Cederqvist,Socialdemokraterna,Gävleborgs län,Enkammarriksdagen,1976,1979,arbetsförmedlare
6362,Wivi-Anne Radesjö,Socialdemokraterna,Älvsborgs läns norra,Enkammarriksdagen,1976,1979,företagare
6363,Yngve Nyquist,Socialdemokraterna,Kopparbergs län,Enkammarriksdagen,1976,1979,länsbostadsdirektör
6364,Åke Gillström,Socialdemokraterna,Gävleborgs län,Enkammarriksdagen,1976,1979,rektor
6365,Åke Green,Socialdemokraterna,Kopparbergs län,Enkammarriksdagen,1976,1979,studieombudsman
6366,Åke Gustavsson,Socialdemokraterna,Jönköpings län,Enkammarriksdagen,1976,1979,redaktör
6367,Åke Polstam,Centerpartiet,Östergötlands län,Enkammarriksdagen,1976,1979,poliskommissarie
6368,Åke Wictorsson,Socialdemokraterna,Stockholms län,Enkammarriksdagen,1976,1979,planeringschef
6369,Alexander Chrisopoulos,Vänsterpartiet kommunisterna,Göteborgs kommun,Enkammarriksdagen,1979,1982,
6370,Alf Wennerfors,Moderata samlingspartiet,Stockholms län,Enkammarriksdagen,1979,1982,informationschef
6371,Allan Hernelius,Moderata samlingspartiet,Stockholms kommun,Enkammarriksdagen,1979,1982,bankofullmäktig
6372,Allan Åkerlind,Moderata samlingspartiet,Stockholms län,Enkammarriksdagen,1979,1982,byggnadsarbetare
6373,Anders Björck,Moderata samlingspartiet,Jönköpings län,Enkammarriksdagen,1979,1982,
6374,Anders Dahlgren,Centerpartiet,Östergötlands län,Enkammarriksdagen,1979,1982,statsråd
6375,Anders Gernandt,Centerpartiet,Västmanlands län,Enkammarriksdagen,1979,1982,ingenjör
6376,Anders Högmark,Moderata samlingspartiet,Kronobergs län,Enkammarriksdagen,1979,1982,civilekonom
6377,Anita Bråkenhielm,Moderata samlingspartiet,Jönköpings län,Enkammarriksdagen,1979,1982,överläkare
6378,Anita Gradin,Socialdemokraterna,Stockholms kommun,Enkammarriksdagen,1979,1982,departementssekreterare
6379,Anita Johansson,Socialdemokraterna,Stockholms län,Enkammarriksdagen,1979,1982,undersköterska
6380,Anita Persson,Socialdemokraterna,Södermanlands län,Enkammarriksdagen,1979,1982,socialkamrer
6381,Ann-Cathrine Haglund,Moderata samlingspartiet,Örebro län,Enkammarriksdagen,1979,1982,adjunkt
6382,Anna Eliasson,Centerpartiet,Stockholms kommun,Enkammarriksdagen,1979,1982,fil. mag.
6383,Anna-Greta Leijon,Socialdemokraterna,Stockholms län,Enkammarriksdagen,1979,1982,f.d. statsråd
6384,Anna-Greta Skantz,Socialdemokraterna,Fyrstadskretsen,Enkammarriksdagen,1979,1982,ombudsman
6385,Arne Andersson,Socialdemokraterna,Kalmar län,Enkammarriksdagen,1979,1982,inspektör
6386,Arne Andersson,Moderata samlingspartiet,Älvsborgs läns norra,Enkammarriksdagen,1979,1982,lantbrukare
6387,Arne Fransson,Centerpartiet,Jönköpings län,Enkammarriksdagen,1979,1982,kamrer
6388,Arne Gadd,Socialdemokraterna,Uppsala län,Enkammarriksdagen,1979,1982,revisionsdirektör
6389,Arne Lindberg,Centerpartiet,Norrbottens län,Enkammarriksdagen,1979,1982,kontraktsprost
6390,Arne Nygren,Socialdemokraterna,Västerbottens län,Enkammarriksdagen,1979,1982,redaktör
6391,Arne Svensson,Moderata samlingspartiet,Älvsborgs läns södra,Enkammarriksdagen,1979,1982,"lantbrukare, f. 1923"
6392,Axel Andersson,Socialdemokraterna,Gävleborgs län,Enkammarriksdagen,1979,1982,ombudsman
6393,Bengt Gustavsson,Socialdemokraterna,Södermanlands län,Enkammarriksdagen,1979,1982,landshövding
6394,Bengt Kindblom,Centerpartiet,Skaraborgs län,Enkammarriksdagen,1979,1982,sekreterare
6395,Bengt Silfverstrand,Socialdemokraterna,Malmöhus län,Enkammarriksdagen,1979,1982,företagsekonom
6396,Bengt Wiklund,Socialdemokraterna,Västernorrlands län,Enkammarriksdagen,1979,1982,journalist
6397,Bengt Wittbom,Moderata samlingspartiet,Örebro län,Enkammarriksdagen,1979,1982,platschef
6398,Bernt Ekinge,Folkpartiet,Södermanlands län,Enkammarriksdagen,1979,1982,ombudsman
6399,Bernt Nilsson,Socialdemokraterna,Kalmar län,Enkammarriksdagen,1979,1982,
6400,Bertil Dahlén,Folkpartiet,Kopparbergs län,Enkammarriksdagen,1979,1982,avdelningschef
6401,Bertil Danielsson,Moderata samlingspartiet,Kalmar län,Enkammarriksdagen,1979,1982,lantbrukare
6402,Bertil Fiskesjö,Centerpartiet,Fyrstadskretsen,Enkammarriksdagen,1979,1982,universitetslektor
6403,Bertil Hansson,Folkpartiet,Göteborgs kommun,Enkammarriksdagen,1979,1982,"lektor, f.d. statsråd"
6404,Bertil Jonasson,Centerpartiet,Värmlands län,Enkammarriksdagen,1979,1982,
6405,Bertil Lidgard,Moderata samlingspartiet,Stockholms kommun,Enkammarriksdagen,1979,1982,jur. kand.
6406,Bertil Måbrink,Vänsterpartiet kommunisterna,Gävleborgs län,Enkammarriksdagen,1979,1982,ombudsman
6407,Bertil Zachrisson,Socialdemokraterna,Stockholms kommun,Enkammarriksdagen,1979,1982,f.d. statsråd
6408,Birger Rosqvist,Socialdemokraterna,Kalmar län,Enkammarriksdagen,1979,1982,mästerlots
6409,Birgit Friggebo,Folkpartiet,Stockholms kommun,Enkammarriksdagen,1979,1982,statsråd
6410,Birgitta Dahl,Socialdemokraterna,Uppsala län,Enkammarriksdagen,1979,1982,
6411,Birgitta Hambraeus,Centerpartiet,Kopparbergs län,Enkammarriksdagen,1979,1982,fil. kand.
6412,Birgitta Johansson,Socialdemokraterna,Skaraborgs län,Enkammarriksdagen,1979,1982,metallarbetare
6413,Birgitta Rydle,Moderata samlingspartiet,Stockholms län,Enkammarriksdagen,1979,1982,ämneslärare
6414,Björn Körlof,Moderata samlingspartiet,Kopparbergs län,Enkammarriksdagen,1979,1982,departementssekreterare
6415,Björn Molin,Folkpartiet,Göteborgs kommun,Enkammarriksdagen,1979,1982,"universitetslektor, Folkpartiets gruppledare"
6416,Blenda Littmarck,Moderata samlingspartiet,Stockholms kommun,Enkammarriksdagen,1979,1982,
6417,Bo Forslund,Socialdemokraterna,Västernorrlands län,Enkammarriksdagen,1979,1982,
6418,Bo Lundgren,Moderata samlingspartiet,Kristianstads län,Enkammarriksdagen,1979,1982,civilekonom
6419,Bo Siegbahn,Moderata samlingspartiet,Göteborgs kommun,Enkammarriksdagen,1979,1982,ambassadör
6420,Bo Södersten,Socialdemokraterna,Kopparbergs län,Enkammarriksdagen,1979,1982,professor
6421,Britt Mogård,Moderata samlingspartiet,Stockholms län,Enkammarriksdagen,1979,1982,statsråd
6422,Britta Hammarbacken,Centerpartiet,Örebro län,Enkammarriksdagen,1979,1982,sjuksköterska
6423,Börje Hörnlund,Centerpartiet,Västerbottens län,Enkammarriksdagen,1979,1982,skogsmästare
6424,Börje Nilsson,Socialdemokraterna,Kristianstads län,Enkammarriksdagen,1979,1982,socionom
6425,Börje Stensson,Folkpartiet,Östergötlands län,Enkammarriksdagen,1979,1982,skolchef
6426,C.-H. Hermansson,Vänsterpartiet kommunisterna,Stockholms kommun,Enkammarriksdagen,1979,1982,f.d. chefredaktör
6427,Carl Bildt,Moderata samlingspartiet,Stockholms kommun,Enkammarriksdagen,1979,1982,statssekreterare
6428,Carl Lidbom,Socialdemokraterna,Östergötlands län,Enkammarriksdagen,1979,1982,"f.d. statsråd, hovrättsråd"
6429,Catarina Rönnung,Socialdemokraterna,Jönköpings län,Enkammarriksdagen,1979,1982,
6430,Christer Eirefelt,Folkpartiet,Hallands län,Enkammarriksdagen,1979,1982,byggnadstekniker
6431,Christer Nilsson,Socialdemokraterna,Östergötlands län,Enkammarriksdagen,1979,1982,socionom
6432,Christina Rogestam,Centerpartiet,Göteborgs kommun,Enkammarriksdagen,1979,1982,avdelningschef
6433,Claes Elmstedt,Centerpartiet,Blekinge län,Enkammarriksdagen,1979,1982,lantbrukare
6434,Curt Boström,Socialdemokraterna,Norrbottens län,Enkammarriksdagen,1979,1982,kamrer
6435,Doris Håvik,Socialdemokraterna,Göteborgs kommun,Enkammarriksdagen,1979,1982,assistent
6436,Egon Jacobsson,Socialdemokraterna,Malmöhus län,Enkammarriksdagen,1979,1982,ombudsman
6437,Einar Larsson,Centerpartiet,Kristianstads län,Enkammarriksdagen,1979,1982,lantbrukare
6438,Eivor Marklund,Vänsterpartiet kommunisterna,Norrbottens län,Enkammarriksdagen,1979,1982,
6439,Elis Andersson,Centerpartiet,Stockholms län,Enkammarriksdagen,1979,1982,byggnadsarbetare
6440,Elisabeth Fleetwood,Moderata samlingspartiet,Stockholms kommun,Enkammarriksdagen,1979,1982,fil. mag.
6441,Ella Johnsson,Centerpartiet,Hallands län,Enkammarriksdagen,1979,1982,
6442,Elver Jonsson,Folkpartiet,Älvsborgs läns norra,Enkammarriksdagen,1979,1982,postiljon
6443,Elvy Nilsson,Socialdemokraterna,Värmlands län,Enkammarriksdagen,1979,1982,fru
6444,Elvy Olsson,Centerpartiet,Stockholms län,Enkammarriksdagen,1979,1982,f.d. statsråd
6445,Eric Enlund,Folkpartiet,Västmanlands län,Enkammarriksdagen,1979,1982,f.d. statsråd
6446,Eric Holmqvist,Socialdemokraterna,Fyrstadskretsen,Enkammarriksdagen,1979,1982,f.d. statsråd
6447,Eric Hägelmark,Folkpartiet,Kristianstads län,Enkammarriksdagen,1979,1982,kapten
6448,Eric Jönsson,Socialdemokraterna,Fyrstadskretsen,Enkammarriksdagen,1979,1982,ombudsman
6449,Eric Krönmark,Moderata samlingspartiet,Kalmar län,Enkammarriksdagen,1979,1982,statsråd
6450,Eric Rejdnell,Folkpartiet,Kalmar län,Enkammarriksdagen,1979,1982,kamrer
6451,Erik Hovhammar,Moderata samlingspartiet,Kronobergs län,Enkammarriksdagen,1979,1982,bruksdisponent
6452,Erik Johansson i Simrishamn,Socialdemokraterna,Kristianstads län,Enkammarriksdagen,1979,1982,arbetsförmedlingsföreståndare
6453,Erik Larsson,Centerpartiet,Örebro län,Enkammarriksdagen,1979,1982,lantbrukare
6454,Erik Wärnberg,Socialdemokraterna,Östergötlands län,Enkammarriksdagen,1979,1982,bankofullmäktig
6455,Essen Lindahl,Socialdemokraterna,Stockholms län,Enkammarriksdagen,1979,1982,direktör
6456,Eva Hjelmström,Vänsterpartiet kommunisterna,Stockholms kommun,Enkammarriksdagen,1979,1982,"civilekonom, tjänsteman"
6457,Eva Winther,Folkpartiet,Norrbottens län,Enkammarriksdagen,1979,1982,"sjuksköterska, f.d. statsråd"
6458,Evert Hedberg,Socialdemokraterna,Hallands län,Enkammarriksdagen,1979,1982,ombudsman
6459,Evert Svensson,Socialdemokraterna,Göteborgs och Bohus län,Enkammarriksdagen,1979,1982,"socionom, förbundsordförande"
6460,Filip Johansson,Centerpartiet,Norrbottens län,Enkammarriksdagen,1979,1982,lantbrukare
6461,Frida Berglund,Socialdemokraterna,Norrbottens län,Enkammarriksdagen,1979,1982,skolsköterska
6462,Gabriel Romanus,Folkpartiet,Stockholms län,Enkammarriksdagen,1979,1982,f.d. statsråd
6463,Georg Andersson,Socialdemokraterna,Västerbottens län,Enkammarriksdagen,1979,1982,rektor
6464,Georg Danell,Moderata samlingspartiet,Stockholms län,Enkammarriksdagen,1979,1982,statsråd
6465,Georg Åberg,Folkpartiet,Göteborgs och Bohus län,Enkammarriksdagen,1979,1982,fiskeriombudsman
6466,Gertrud Sigurdsen,Socialdemokraterna,Stockholms kommun,Enkammarriksdagen,1979,1982,"f.d. statsråd, ombudsman"
6467,Grethe Lundblad,Socialdemokraterna,Fyrstadskretsen,Enkammarriksdagen,1979,1982,socialinspektör
6468,Gudrun Sundström,Socialdemokraterna,Kopparbergs län,Enkammarriksdagen,1979,1982,
6469,Gullan Lindblad,Moderata samlingspartiet,Värmlands län,Enkammarriksdagen,1979,1982,
6470,Gunilla André,Centerpartiet,Skaraborgs län,Enkammarriksdagen,1979,1982,
6471,Gunnar Biörck,Moderata samlingspartiet,Stockholms län,Enkammarriksdagen,1979,1982,professor
6472,Gunnar Björk,Centerpartiet,Gävleborgs län,Enkammarriksdagen,1979,1982,bankkonsulent
6473,Gunnar Nilsson,Socialdemokraterna,Stockholms län,Enkammarriksdagen,1979,1982,LO-ordförande
6474,Gunnar Olsson,Socialdemokraterna,Värmlands län,Enkammarriksdagen,1979,1982,
6475,Gunnar Oskarsson,Moderata samlingspartiet,Hallands län,Enkammarriksdagen,1979,1982,major
6476,Gunnar Sträng,Socialdemokraterna,Älvsborgs läns södra,Enkammarriksdagen,1979,1982,"f.d. statsråd, bankofullmäktig"
6477,Gunnel Jonäng,Centerpartiet,Gävleborgs län,Enkammarriksdagen,1979,1982,studieinstruktör
6478,Gunnel Liljegren,Moderata samlingspartiet,Stockholms län,Enkammarriksdagen,1979,1982,adjunkt
6479,Göran Allmér,Moderata samlingspartiet,Södermanlands län,Enkammarriksdagen,1979,1982,rektor
6480,Göran Karlsson,Socialdemokraterna,Jönköpings län,Enkammarriksdagen,1979,1982,redaktör
6481,Göran Persson,Socialdemokraterna,Södermanlands län,Enkammarriksdagen,1979,1982,kommunalråd
6482,Gösta Andersson,Centerpartiet,Kalmar län,Enkammarriksdagen,1979,1982,skogsbrukare
6483,Gösta Bohman,Moderata samlingspartiet,Stockholms kommun,Enkammarriksdagen,1979,1982,statsråd
6484,Göte Jonsson,Moderata samlingspartiet,Jönköpings län,Enkammarriksdagen,1979,1982,kriminalinspektör
6485,Göthe Knutson,Moderata samlingspartiet,Värmlands län,Enkammarriksdagen,1979,1982,redaktör
6486,Hagar Normark,Socialdemokraterna,Västerbottens län,Enkammarriksdagen,1979,1982,
6487,Hans Alsén,Socialdemokraterna,Uppsala län,Enkammarriksdagen,1979,1982,
6488,Hans Gustafsson,Socialdemokraterna,Blekinge län,Enkammarriksdagen,1979,1982,"socionom, f.d. statsråd, stadsdirektör"
6489,Hans Lindblad,Folkpartiet,Gävleborgs län,Enkammarriksdagen,1979,1982,redaktör
6490,Hans Nyhage,Moderata samlingspartiet,Älvsborgs läns södra,Enkammarriksdagen,1979,1982,rektor
6491,Hans Petersson,Vänsterpartiet kommunisterna,Västmanlands län,Enkammarriksdagen,1979,1982,"ombudsman, f. 1942"
6492,Hans Petersson i Röstånga,Folkpartiet,Malmöhus län,Enkammarriksdagen,1979,1982,folkskollärare
6493,Hans Pettersson,Socialdemokraterna,Fyrstadskretsen,Enkammarriksdagen,1979,1982,kranmaskinist
6494,Hans Wachtmeister,Moderata samlingspartiet,Blekinge län,Enkammarriksdagen,1979,1982,"civiljägmästare, godsägare"
6495,Helge Hagberg,Socialdemokraterna,Örebro län,Enkammarriksdagen,1979,1982,f.d. kommunalråd
6496,Helge Karlsson,Socialdemokraterna,Blekinge län,Enkammarriksdagen,1979,1982,metallarbetare
6497,Helge Klöver,Socialdemokraterna,Jönköpings län,Enkammarriksdagen,1979,1982,järnvägsexpeditör
6498,Hilding Johansson,Socialdemokraterna,Älvsborgs läns norra,Enkammarriksdagen,1979,1982,"fil. dr, konstitutionsutskottets vice ordförande"
6499,Hugo Bengtsson,Socialdemokraterna,Fyrstadskretsen,Enkammarriksdagen,1979,1982,plåtslagare
6500,Håkan Strömberg,Socialdemokraterna,Örebro län,Enkammarriksdagen,1979,1982,metallarbetare
6501,Håkan Winberg,Moderata samlingspartiet,Västernorrlands län,Enkammarriksdagen,1979,1982,statsråd
6502,Ing-Marie Hansson,Socialdemokraterna,Gävleborgs län,Enkammarriksdagen,1979,1982,sjuksköterska
6503,Inga Lantz,Vänsterpartiet kommunisterna,Stockholms län,Enkammarriksdagen,1979,1982,industritjänsteman
6504,Ingegerd Elm,Socialdemokraterna,Jönköpings län,Enkammarriksdagen,1979,1982,kontorist
6505,Ingegerd Troedsson,Moderata samlingspartiet,Uppsala län,Enkammarriksdagen,1979,1982,"f.d. statsråd, förste vice talman"
6506,Ingegärd Oskarsson,Centerpartiet,Kronobergs län,Enkammarriksdagen,1979,1982,
6507,Ingemar Hallenius,Centerpartiet,Skaraborgs län,Enkammarriksdagen,1979,1982,lantbrukare
6508,Ingemar Konradsson,Socialdemokraterna,Örebro län,Enkammarriksdagen,1979,1982,inspektör
6509,Ingemar Mundebo,Folkpartiet,Stockholms län,Enkammarriksdagen,1979,1982,statsråd
6510,Ingemund Bengtsson,Socialdemokraterna,Hallands län,Enkammarriksdagen,1979,1982,"f.d. statsråd, talman"
6511,Inger Lindquist,Moderata samlingspartiet,Göteborgs kommun,Enkammarriksdagen,1979,1982,rådman
6512,Ingrid Segerström,Socialdemokraterna,Stockholms kommun,Enkammarriksdagen,1979,1982,
6513,Ingrid Sundberg,Moderata samlingspartiet,Malmöhus län,Enkammarriksdagen,1979,1982,fil. kand.
6514,Ingvar Carlsson,Socialdemokraterna,Stockholms län,Enkammarriksdagen,1979,1982,f.d. statsråd
6515,Ingvar Eriksson,Moderata samlingspartiet,Kristianstads län,Enkammarriksdagen,1979,1982,lantbrukare
6516,Ingvar Svanberg,Socialdemokraterna,Norrbottens län,Enkammarriksdagen,1979,1982,"skoldirektör, näringsutskottets ordförande"
6517,Iris Mårtensson,Socialdemokraterna,Gävleborgs län,Enkammarriksdagen,1979,1982,studieombudsman
6518,Ivan Svanström,Centerpartiet,Kalmar län,Enkammarriksdagen,1979,1982,lantbrukare
6519,Ivar Franzén,Centerpartiet,Hallands län,Enkammarriksdagen,1979,1982,lantmästare
6520,Ivar Nordberg,Socialdemokraterna,Stockholms län,Enkammarriksdagen,1979,1982,organisationssekreterare
6521,Jan Bergqvist,Socialdemokraterna,Göteborgs kommun,Enkammarriksdagen,1979,1982,sekreterare
6522,Jan Fransson,Socialdemokraterna,Skaraborgs län,Enkammarriksdagen,1979,1982,
6523,Jan Prytz,Moderata samlingspartiet,Göteborgs kommun,Enkammarriksdagen,1979,1982,redaktör
6524,Jan-Erik Wikström,Folkpartiet,Stockholms kommun,Enkammarriksdagen,1979,1982,statsråd
6525,Jens Eriksson,Moderata samlingspartiet,Göteborgs och Bohus län,Enkammarriksdagen,1979,1982,ombudsman
6526,Joakim Ollén,Moderata samlingspartiet,Fyrstadskretsen,Enkammarriksdagen,1979,1982,sekreterare
6527,Johan A. Olsson,Centerpartiet,Gävleborgs län,Enkammarriksdagen,1979,1982,näringsutskottets vice ordförande
6528,John Andersson,Vänsterpartiet kommunisterna,Västerbottens län,Enkammarriksdagen,1979,1982,skogsarbetare
6529,John Johnsson,Socialdemokraterna,Malmöhus län,Enkammarriksdagen,1979,1982,ombudsman
6530,Jörgen Ullenhag,Folkpartiet,Uppsala län,Enkammarriksdagen,1979,1982,fil. dr
6531,Jörn Svensson,Vänsterpartiet kommunisterna,Fyrstadskretsen,Enkammarriksdagen,1979,1982,planeringsdirektör
6532,Karin Ahrland,Folkpartiet,Fyrstadskretsen,Enkammarriksdagen,1979,1982,förste länsassessor
6533,Karin Andersson,Centerpartiet,Stockholms kommun,Enkammarriksdagen,1979,1982,statsråd
6534,Karin Flodström,Socialdemokraterna,Örebro län,Enkammarriksdagen,1979,1982,lågstadielärare
6535,Karin Israelsson,Centerpartiet,Västerbottens län,Enkammarriksdagen,1979,1982,distriktssköterska
6536,Karin Nordlander,Vänsterpartiet kommunisterna,Stockholms kommun,Enkammarriksdagen,1979,1982,
6537,Karin Söder,Centerpartiet,Stockholms län,Enkammarriksdagen,1979,1982,statsråd
6538,Karl Björzén,Moderata samlingspartiet,Västmanlands län,Enkammarriksdagen,1979,1982,bergsingenjör
6539,Karl Boo,Centerpartiet,Kopparbergs län,Enkammarriksdagen,1979,1982,kontrollassistent
6540,Karl Erik Eriksson,Folkpartiet,Värmlands län,Enkammarriksdagen,1979,1982,"lantbrukare, tredje vice talman"
6541,Karl Leuchovius,Moderata samlingspartiet,Skaraborgs län,Enkammarriksdagen,1979,1982,lantbrukare
6542,Karl-Eric Norrby,Centerpartiet,Värmlands län,Enkammarriksdagen,1979,1982,lantbrukare
6543,Karl-Erik Häll,Socialdemokraterna,Norrbottens län,Enkammarriksdagen,1979,1982,ombudsman
6544,Karl-Erik Svartberg,Socialdemokraterna,Göteborgs och Bohus län,Enkammarriksdagen,1979,1982,rektor
6545,Karl-Gustaf Mathsson,Socialdemokraterna,Västmanlands län,Enkammarriksdagen,1979,1982,ombudsman
6546,Kersti Swartz,Folkpartiet,Östergötlands län,Enkammarriksdagen,1979,1982,
6547,Kerstin Andersson,Centerpartiet,Älvsborgs läns norra,Enkammarriksdagen,1979,1982,folkskollärare
6548,Kerstin Andersson,Socialdemokraterna,Örebro län,Enkammarriksdagen,1979,1982,fru
6549,Kerstin Anér,Folkpartiet,Stockholms län,Enkammarriksdagen,1979,1982,statssekreterare
6550,Kerstin Ekman,Folkpartiet,Göteborgs kommun,Enkammarriksdagen,1979,1982,ingenjör
6551,Kerstin Göthberg,Centerpartiet,Västmanlands län,Enkammarriksdagen,1979,1982,fru
6552,Kerstin Nilsson,Socialdemokraterna,Norrbottens län,Enkammarriksdagen,1979,1982,folkhögskollärare
6553,Kjell A. Mattsson,Centerpartiet,Göteborgs och Bohus län,Enkammarriksdagen,1979,1982,civilutskottets ordförande
6554,Kjell Nilsson,Socialdemokraterna,Kronobergs län,Enkammarriksdagen,1979,1982,metallarbetare
6555,Kjell-Olof Feldt,Socialdemokraterna,Kopparbergs län,Enkammarriksdagen,1979,1982,f.d. statsråd
6556,Knut Billing,Moderata samlingspartiet,Stockholms län,Enkammarriksdagen,1979,1982,pol. sekr.
6557,Knut Wachtmeister,Moderata samlingspartiet,Malmöhus län,Enkammarriksdagen,1979,1982,lantmästare
6558,Kurt Hugosson,Socialdemokraterna,Göteborgs kommun,Enkammarriksdagen,1979,1982,byråchef
6559,Kurt Ove Johansson,Socialdemokraterna,Fyrstadskretsen,Enkammarriksdagen,1979,1982,ombudsman
6560,Lahja Exner,Socialdemokraterna,Älvsborgs läns södra,Enkammarriksdagen,1979,1982,textilarbeterska
6561,Lars Ahlmark,Moderata samlingspartiet,Uppsala län,Enkammarriksdagen,1979,1982,avdelningschef
6562,Lars Gustafsson,Socialdemokraterna,Stockholms län,Enkammarriksdagen,1979,1982,universitetslektor
6563,Lars Hedfors,Socialdemokraterna,Kronobergs län,Enkammarriksdagen,1979,1982,studierektor
6564,Lars Henrikson,Socialdemokraterna,Östergötlands län,Enkammarriksdagen,1979,1982,ombudsman
6565,Lars Tobisson,Moderata samlingspartiet,Göteborgs kommun,Enkammarriksdagen,1979,1982,
6566,Lars Ulander,Socialdemokraterna,Stockholms kommun,Enkammarriksdagen,1979,1982,ombudsman
6567,Lars Werner,Vänsterpartiet kommunisterna,Stockholms län,Enkammarriksdagen,1979,1982,ombudsman
6568,Lars-Erik Lövdén,Socialdemokraterna,Fyrstadskretsen,Enkammarriksdagen,1979,1982,riksgäldsfullmäktig
6569,Lars-Ingvar Sörenson,Socialdemokraterna,Göteborgs kommun,Enkammarriksdagen,1979,1982,lokförare
6570,Lars-Ove Hagberg,Vänsterpartiet kommunisterna,Kopparbergs län,Enkammarriksdagen,1979,1982,järnbruksarbetare
6571,Lars-Åke Larsson,Socialdemokraterna,Älvsborgs läns norra,Enkammarriksdagen,1979,1982,ombudsman
6572,Larz Johansson,Centerpartiet,Södermanlands län,Enkammarriksdagen,1979,1982,
6573,Lena Hjelm-Wallén,Socialdemokraterna,Västmanlands län,Enkammarriksdagen,1979,1982,f.d. statsråd
6574,Lena Öhrsvik,Socialdemokraterna,Kalmar län,Enkammarriksdagen,1979,1982,kurator
6575,Lennart Andersson,Socialdemokraterna,Stockholms län,Enkammarriksdagen,1979,1982,studieombudsman
6576,Lennart Bladh,Socialdemokraterna,Kristianstads län,Enkammarriksdagen,1979,1982,yrkesvalslärare
6577,Lennart Blom i Stockholm,Moderata samlingspartiet,Stockholms kommun,Enkammarriksdagen,1979,1982,jur. kand.
6578,Lennart Brunander,Centerpartiet,Älvsborgs läns södra,Enkammarriksdagen,1979,1982,
6579,Lennart Nilsson,Socialdemokraterna,Göteborgs och Bohus län,Enkammarriksdagen,1979,1982,byggnadssnickare
6580,Lennart Pettersson,Socialdemokraterna,Fyrstadskretsen,Enkammarriksdagen,1979,1982,fil. kand.
6581,Lilly Bergander,Socialdemokraterna,Stockholms län,Enkammarriksdagen,1979,1982,
6582,Lilly Hansson,Socialdemokraterna,Västerbottens län,Enkammarriksdagen,1979,1982,mentalskötare
6583,Linnea Hörlén,Folkpartiet,Jönköpings län,Enkammarriksdagen,1979,1982,adjunkt
6584,Lisa Mattson,Socialdemokraterna,Göteborgs kommun,Enkammarriksdagen,1979,1982,förbundsordförande
6585,Magnus Persson,Socialdemokraterna,Värmlands län,Enkammarriksdagen,1979,1982,
6586,Maj Britt Theorin,Socialdemokraterna,Stockholms kommun,Enkammarriksdagen,1979,1982,sekreterare
6587,Maj Pehrsson,Centerpartiet,Älvsborgs läns södra,Enkammarriksdagen,1979,1982,
6588,Maj-Lis Landberg,Socialdemokraterna,Östergötlands län,Enkammarriksdagen,1979,1982,
6589,Maj-Lis Lööw,Socialdemokraterna,Södermanlands län,Enkammarriksdagen,1979,1982,arbetsförmedlare
6590,Maja Bäckström,Socialdemokraterna,Kristianstads län,Enkammarriksdagen,1979,1982,undersköterska
6591,Maja Ohlin,Socialdemokraterna,Hallands län,Enkammarriksdagen,1979,1982,skolkanslist
6592,Margareta Gard,Moderata samlingspartiet,Kopparbergs län,Enkammarriksdagen,1979,1982,överlantmätare
6593,Margareta Palmqvist,Socialdemokraterna,Stockholms län,Enkammarriksdagen,1979,1982,barnmorska
6594,Margaretha af Ugglas,Moderata samlingspartiet,Stockholms kommun,Enkammarriksdagen,1979,1982,civilekonom
6595,Margit Sandéhn,Socialdemokraterna,Malmöhus län,Enkammarriksdagen,1979,1982,textillärare
6596,Margot Håkansson,Folkpartiet,Blekinge län,Enkammarriksdagen,1979,1982,sjuksköterska
6597,Margot Wallström,Socialdemokraterna,Värmlands län,Enkammarriksdagen,1979,1982,banktjänsteman
6598,Maria Lagergren,Socialdemokraterna,Östergötlands län,Enkammarriksdagen,1979,1982,receptionist
6599,Marianne Karlsson,Centerpartiet,Östergötlands län,Enkammarriksdagen,1979,1982,
6600,Marianne Stålberg,Socialdemokraterna,Jämtlands län,Enkammarriksdagen,1979,1982,
6601,Marianne Wahlberg,Folkpartiet,Stockholms län,Enkammarriksdagen,1979,1982,"f.d. statsråd, avdelningschef"
6602,Marie-Ann Johansson,Vänsterpartiet kommunisterna,Göteborgs kommun,Enkammarriksdagen,1979,1982,programmerare
6603,Martin Olsson,Centerpartiet,Västernorrlands län,Enkammarriksdagen,1979,1982,bankkamrer
6604,Martin Segerstedt,Socialdemokraterna,Västernorrlands län,Enkammarriksdagen,1979,1982,arbetsförmedlare
6605,Mats Hellström,Socialdemokraterna,Stockholms kommun,Enkammarriksdagen,1979,1982,
6606,Mona Saint Cyr,Moderata samlingspartiet,Östergötlands län,Enkammarriksdagen,1979,1982,
6607,Märta Fredrikson,Centerpartiet,Göteborgs och Bohus län,Enkammarriksdagen,1979,1982,
6608,Mårten Werner,Moderata samlingspartiet,Fyrstadskretsen,Enkammarriksdagen,1979,1982,kyrkoherde
6609,Nils Berndtson,Vänsterpartiet kommunisterna,Östergötlands län,Enkammarriksdagen,1979,1982,ombudsman
6610,Nils Carlshamre,Moderata samlingspartiet,Göteborgs och Bohus län,Enkammarriksdagen,1979,1982,"lektor, socialförsäkringsutskottets vice ordförande"
6611,Nils Erik Wååg,Socialdemokraterna,Kristianstads län,Enkammarriksdagen,1979,1982,byggnadsingenjör
6612,Nils Hjorth,Socialdemokraterna,Uppsala län,Enkammarriksdagen,1979,1982,förrådsförvaltare
6613,Nils Åsling,Centerpartiet,Jämtlands län,Enkammarriksdagen,1979,1982,statsråd
6614,Nils-Olof Grönhagen,Socialdemokraterna,Västernorrlands län,Enkammarriksdagen,1979,1982,
6615,Nils-Olof Gustafsson,Socialdemokraterna,Jämtlands län,Enkammarriksdagen,1979,1982,ombudsman
6616,Ola Ullsten,Folkpartiet,Stockholms kommun,Enkammarriksdagen,1979,1982,statsråd
6617,Olle Aulin,Moderata samlingspartiet,Fyrstadskretsen,Enkammarriksdagen,1979,1982,överstelöjtnant
6618,Olle Eriksson,Centerpartiet,Älvsborgs läns norra,Enkammarriksdagen,1979,1982,entreprenör
6619,Olle Grahn,Folkpartiet,Skaraborgs län,Enkammarriksdagen,1979,1982,fabrikör
6620,Olle Göransson,Socialdemokraterna,Västmanlands län,Enkammarriksdagen,1979,1982,verkmästare
6621,Olle Svensson,Socialdemokraterna,Södermanlands län,Enkammarriksdagen,1979,1982,redaktör
6622,Olle Westberg,Socialdemokraterna,Gävleborgs län,Enkammarriksdagen,1979,1982,svarvare
6623,Olle Wästberg,Folkpartiet,Stockholms kommun,Enkammarriksdagen,1979,1982,fil. kand.
6624,Olle Östrand,Socialdemokraterna,Gävleborgs län,Enkammarriksdagen,1979,1982,mätningsföreståndare
6625,Olof Johansson,Centerpartiet,Stockholms kommun,Enkammarriksdagen,1979,1982,f.d. statsråd
6626,Olof Palme,Socialdemokraterna,Stockholms kommun,Enkammarriksdagen,1979,1982,f.d. statsminister
6627,Oskar Lindkvist,Socialdemokraterna,Stockholms kommun,Enkammarriksdagen,1979,1982,organisationschef
6628,Oswald Söderqvist,Vänsterpartiet kommunisterna,Uppsala län,Enkammarriksdagen,1979,1982,byråsekreterare
6629,Ove Karlsson (politiker),Socialdemokraterna,Kopparbergs län,Enkammarriksdagen,1979,1982,skogsarbetare
6630,Owe Andréasson,Socialdemokraterna,Hallands län,Enkammarriksdagen,1979,1982,verktygsmakare
6631,Paul Jansson,Socialdemokraterna,Skaraborgs län,Enkammarriksdagen,1979,1982,elektriker
6632,Per Bergman,Socialdemokraterna,Göteborgs kommun,Enkammarriksdagen,1979,1982,civilutskottets vice ordförande
6633,Per Israelsson,Vänsterpartiet kommunisterna,Örebro län,Enkammarriksdagen,1979,1982,krutbruksarbetare
6634,Per Olof Håkansson,Socialdemokraterna,Malmöhus län,Enkammarriksdagen,1979,1982,byggnadsingenjör
6635,Per Petersson i Gäddvik,Moderata samlingspartiet,Norrbottens län,Enkammarriksdagen,1979,1982,"hemmansägare, försvarsutskottets ordförande"
6636,Per Stenmarck,Moderata samlingspartiet,Malmöhus län,Enkammarriksdagen,1979,1982,tjänsteman
6637,Per Unckel,Moderata samlingspartiet,Östergötlands län,Enkammarriksdagen,1979,1982,förbundsordförande
6638,Per Westerberg,Moderata samlingspartiet,Södermanlands län,Enkammarriksdagen,1979,1982,civilekonom
6639,Per-Axel Nilsson,Socialdemokraterna,Gotlands län,Enkammarriksdagen,1979,1982,avdelningschef
6640,Per-Olof Strindberg,Moderata samlingspartiet,Östergötlands län,Enkammarriksdagen,1979,1982,länsombudsman
6641,Pär Granstedt,Centerpartiet,Stockholms län,Enkammarriksdagen,1979,1982,
6642,Ralf Lindström,Socialdemokraterna,Blekinge län,Enkammarriksdagen,1979,1982,ombudsman
6643,Raul Blücher,Vänsterpartiet kommunisterna,Värmlands län,Enkammarriksdagen,1979,1982,
6644,Roland Brännström,Socialdemokraterna,Västerbottens län,Enkammarriksdagen,1979,1982,verkmästare
6645,Roland Sundgren,Socialdemokraterna,Västmanlands län,Enkammarriksdagen,1979,1982,ombudsman
6646,Rolf Andersson,Centerpartiet,Hallands län,Enkammarriksdagen,1979,1982,
6647,Rolf Clarkson,Moderata samlingspartiet,Fyrstadskretsen,Enkammarriksdagen,1979,1982,direktör
6648,Rolf Dahlberg,Moderata samlingspartiet,Gävleborgs län,Enkammarriksdagen,1979,1982,yrkesvalslärare
6649,Rolf Rämgård,Centerpartiet,Kopparbergs län,Enkammarriksdagen,1979,1982,
6650,Rolf Sellgren,Folkpartiet,Västernorrlands län,Enkammarriksdagen,1979,1982,transportchef
6651,Rolf Wirtén,Folkpartiet,Jönköpings län,Enkammarriksdagen,1979,1982,folkskollärare
6652,Rune Carlstein,Socialdemokraterna,Älvsborgs läns södra,Enkammarriksdagen,1979,1982,stadskassör
6653,Rune Gustavsson,Centerpartiet,Kronobergs län,Enkammarriksdagen,1979,1982,"socionom, f.d. statsråd"
6654,Rune Johansson,Socialdemokraterna,Älvsborgs läns norra,Enkammarriksdagen,1979,1982,verkmästare
6655,Rune Jonsson,Socialdemokraterna,Västernorrlands län,Enkammarriksdagen,1979,1982,elektriker
6656,Rune Rydén,Moderata samlingspartiet,Fyrstadskretsen,Enkammarriksdagen,1979,1982,fil. lic.
6657,Rune Torwald,Centerpartiet,Göteborgs kommun,Enkammarriksdagen,1979,1982,utredningssekreterare
6658,Rune Ångström,Folkpartiet,Västerbottens län,Enkammarriksdagen,1979,1982,direktör
6659,Siri Häggmark,Moderata samlingspartiet,Göteborgs och Bohus län,Enkammarriksdagen,1979,1982,distriktssköterska
6660,Sivert Andersson,Socialdemokraterna,Stockholms kommun,Enkammarriksdagen,1979,1982,avdelningsordförande
6661,Sixten Pettersson,Moderata samlingspartiet,Stockholms kommun,Enkammarriksdagen,1979,1982,chaufför
6662,Sonja Rembo,Moderata samlingspartiet,Göteborgs kommun,Enkammarriksdagen,1979,1982,sekreterare
6663,Staffan Burenstam Linder,Moderata samlingspartiet,Stockholms län,Enkammarriksdagen,1979,1982,professor
6664,Sten Andersson,Socialdemokraterna,Stockholms kommun,Enkammarriksdagen,1979,1982,partisekreterare
6665,Sten Sture Patersson,Moderata samlingspartiet,Älvsborgs läns norra,Enkammarriksdagen,1979,1982,fil. dr
6666,Sten Svensson,Moderata samlingspartiet,Skaraborgs län,Enkammarriksdagen,1979,1982,informationschef
6667,Sten-Ove Sundström,Socialdemokraterna,Norrbottens län,Enkammarriksdagen,1979,1982,järnverksarbetare
6668,Stig Alemyr,Socialdemokraterna,Kalmar län,Enkammarriksdagen,1979,1982,folkhögskolerektor
6669,Stig Alftin,Socialdemokraterna,Gävleborgs län,Enkammarriksdagen,1979,1982,
6670,Stig Josefson,Centerpartiet,Malmöhus län,Enkammarriksdagen,1979,1982,lantbrukare
6671,Stig Olsson,Socialdemokraterna,Västernorrlands län,Enkammarriksdagen,1979,1982,
6672,Stina Eliasson,Centerpartiet,Jämtlands län,Enkammarriksdagen,1979,1982,ämneslärare
6673,Sture Ericson,Socialdemokraterna,Örebro län,Enkammarriksdagen,1979,1982,redaktör
6674,Sture Korpås,Centerpartiet,Uppsala län,Enkammarriksdagen,1979,1982,rektor
6675,Sture Palm,Socialdemokraterna,Stockholms län,Enkammarriksdagen,1979,1982,redaktör
6676,Sture Thun,Socialdemokraterna,Östergötlands län,Enkammarriksdagen,1979,1982,
6677,Sune Johansson,Socialdemokraterna,Värmlands län,Enkammarriksdagen,1979,1982,ombudsman
6678,Svante Lundkvist,Socialdemokraterna,Södermanlands län,Enkammarriksdagen,1979,1982,f.d. statsråd
6679,Sven Aspling,Socialdemokraterna,Värmlands län,Enkammarriksdagen,1979,1982,"f.d. statsråd, socialförsäkringsutskottets ordförande"
6680,Sven Eric Lorentzon,Moderata samlingspartiet,Hallands län,Enkammarriksdagen,1979,1982,lantbrukare
6681,Sven Eric Åkerfeldt,Centerpartiet,Uppsala län,Enkammarriksdagen,1979,1982,lantbrukare
6682,Sven G. Andersson,Folkpartiet,Örebro län,Enkammarriksdagen,1979,1982,frisörmästare
6683,Sven Henricsson,Vänsterpartiet kommunisterna,Västernorrlands län,Enkammarriksdagen,1979,1982,förste järnvägsexpeditör
6684,Sven Johansson,Centerpartiet,Jönköpings län,Enkammarriksdagen,1979,1982,pastor
6685,Sven Lindberg,Socialdemokraterna,Jämtlands län,Enkammarriksdagen,1979,1982,ombudsman
6686,Sven Munke,Moderata samlingspartiet,Fyrstadskretsen,Enkammarriksdagen,1979,1982,redaktör
6687,Sven-Erik Nordin,Centerpartiet,Västernorrlands län,Enkammarriksdagen,1979,1982,lantbrukare
6688,Sven-Gösta Signell,Socialdemokraterna,Skaraborgs län,Enkammarriksdagen,1979,1982,f.d. ombudsman
6689,Tage Adolfsson,Moderata samlingspartiet,Västmanlands län,Enkammarriksdagen,1979,1982,företagare
6690,Tage Sundkvist,Centerpartiet,Södermanlands län,Enkammarriksdagen,1979,1982,lantbrukare
6691,Thage Peterson,Socialdemokraterna,Stockholms län,Enkammarriksdagen,1979,1982,"f.d. statsråd, bankofullmäktig"
6692,Thorbjörn Fälldin,Centerpartiet,Västernorrlands län,Enkammarriksdagen,1979,1982,statsminister
6693,Thorsten Larsson,Centerpartiet,Malmöhus län,Enkammarriksdagen,1979,1982,"lantbrukare, andre vice talman"
6694,Thure Jadestig,Socialdemokraterna,Västmanlands län,Enkammarriksdagen,1979,1982,
6695,Tommy Franzén,Vänsterpartiet kommunisterna,Stockholms kommun,Enkammarriksdagen,1979,1982,elektriker
6696,Tore Claeson,Vänsterpartiet kommunisterna,Stockholms län,Enkammarriksdagen,1979,1982,hyresgästombudsman
6697,Tore Nilsson,Moderata samlingspartiet,Västerbottens län,Enkammarriksdagen,1979,1982,predikant
6698,Torkel Lindahl,Folkpartiet,Göteborgs och Bohus län,Enkammarriksdagen,1979,1982,segelmakare
6699,Torsten A. Karlsson,Socialdemokraterna,Östergötlands län,Enkammarriksdagen,1979,1982,
6700,Torsten Bengtsson,Centerpartiet,Jönköpings län,Enkammarriksdagen,1979,1982,redaktör
6701,Torsten Gustafsson,Centerpartiet,Gotlands län,Enkammarriksdagen,1979,1982,lantbrukare
6702,Tyra Johansson,Socialdemokraterna,Göteborgs och Bohus län,Enkammarriksdagen,1979,1982,kontorist
6703,Ulla Ekelund,Centerpartiet,Kristianstads län,Enkammarriksdagen,1979,1982,tillsynslärare
6704,Ulla Johansson,Socialdemokraterna,Kronobergs län,Enkammarriksdagen,1979,1982,lågstadielärare
6705,Ulla Tillander,Centerpartiet,Fyrstadskretsen,Enkammarriksdagen,1979,1982,ämneslärare
6706,Valter Kristenson,Socialdemokraterna,Göteborgs kommun,Enkammarriksdagen,1979,1982,"metallarbetare, riksgäldsfullmäktig"
6707,Wiggo Komstedt,Moderata samlingspartiet,Kristianstads län,Enkammarriksdagen,1979,1982,direktör
6708,Wilhelm Gustafsson,Folkpartiet,Älvsborgs läns södra,Enkammarriksdagen,1979,1982,rektor
6709,Wivi-Anne Cederqvist,Socialdemokraterna,Gävleborgs län,Enkammarriksdagen,1979,1982,arbetsförmedlare
6710,Wivi-Anne Radesjö,Socialdemokraterna,Älvsborgs läns norra,Enkammarriksdagen,1979,1982,
6711,Yngve Nyquist,Socialdemokraterna,Kopparbergs län,Enkammarriksdagen,1979,1982,länsbostadsdirektör
6712,Åke Green,Socialdemokraterna,Kopparbergs län,Enkammarriksdagen,1979,1982,studieombudsman
6713,Åke Gustavsson,Socialdemokraterna,Jönköpings län,Enkammarriksdagen,1979,1982,redaktör
6714,Åke Persson,Folkpartiet,Fyrstadskretsen,Enkammarriksdagen,1979,1982,
6715,Åke Persson,Folkpartiet,Fyrstadskretsen,Enkammarriksdagen,1979,1982,kamrer
6716,Åke Polstam,Centerpartiet,Östergötlands län,Enkammarriksdagen,1979,1982,poliskommissarie
6717,Åke Wictorsson,Socialdemokraterna,Stockholms län,Enkammarriksdagen,1979,1982,
6718,Agne Hansson,Centerpartiet,Kalmar län,Enkammarriksdagen,1982,1985,lärare
6719,Aina Westin,Socialdemokraterna,Stockholms län,Enkammarriksdagen,1982,1985,ombudsman
6720,Alexander Chrisopoulos,Vänsterpartiet kommunisterna,Göteborgs kommun,Enkammarriksdagen,1982,1985,truckförare
6721,Alf Wennerfors,Moderata samlingspartiet,Stockholms län,Enkammarriksdagen,1982,1985,informationschef
6722,Allan Ekström,Moderata samlingspartiet,Stockholms län,Enkammarriksdagen,1982,1985,hovrättsråd
6723,Allan Åkerlind,Moderata samlingspartiet,Stockholms län,Enkammarriksdagen,1982,1985,byggnadsarbetare
6724,Anders Björck,Moderata samlingspartiet,Jönköpings län,Enkammarriksdagen,1982,1985,politiker
6725,Anders Dahlgren,Centerpartiet,Östergötlands län,Enkammarriksdagen,1982,1985,f.d. statsråd
6726,Anders G. Högmark,Moderata samlingspartiet,Kronobergs län,Enkammarriksdagen,1982,1985,civilekonom
6727,Anders Nilsson,Socialdemokraterna,Skaraborgs län,Enkammarriksdagen,1982,1985,arbetsförmedlare
6728,Anders Svärd,Centerpartiet,Örebro län,Enkammarriksdagen,1982,1985,vägmästare
6729,Anita Bråkenhielm,Moderata samlingspartiet,Jönköpings län,Enkammarriksdagen,1982,1985,läkare
6730,Anita Gradin,Socialdemokraterna,Stockholms kommun,Enkammarriksdagen,1982,1985,statsråd
6731,Anita Johansson,Socialdemokraterna,Stockholms län,Enkammarriksdagen,1982,1985,undersköterska
6732,Anita Modin,Socialdemokraterna,Stockholms kommun,Enkammarriksdagen,1982,1985,förbundskassör
6733,Anita Persson,Socialdemokraterna,Södermanlands län,Enkammarriksdagen,1982,1985,socialkamrer
6734,Ann-Cathrine Haglund,Moderata samlingspartiet,Örebro län,Enkammarriksdagen,1982,1985,adjunkt
6735,Anna Wohlin-Andersson,Centerpartiet,Östergötlands län,Enkammarriksdagen,1982,1985,lantbrukare
6736,Anna-Greta Leijon,Socialdemokraterna,Stockholms län,Enkammarriksdagen,1982,1985,statsråd
6737,Arne Andersson,Socialdemokraterna,Kalmar län,Enkammarriksdagen,1982,1985,inspektör
6738,Arne Andersson,Moderata samlingspartiet,Älvsborgs läns norra,Enkammarriksdagen,1982,1985,lantbrukare
6739,Arne Fransson,Centerpartiet,Jönköpings län,Enkammarriksdagen,1982,1985,personalchef
6740,Arne Gadd,Socialdemokraterna,Uppsala län,Enkammarriksdagen,1982,1985,revisionsdirektör
6741,Arne Nygren,Socialdemokraterna,Västerbottens län,Enkammarriksdagen,1982,1985,journalist
6742,Arne Svensson,Moderata samlingspartiet,Älvsborgs läns södra,Enkammarriksdagen,1982,1985,lantbrukare
6743,Axel Andersson,Socialdemokraterna,Gävleborgs län,Enkammarriksdagen,1982,1985,kronojägare
6744,Barbro Nilsson,Moderata samlingspartiet,Stockholms kommun,Enkammarriksdagen,1982,1985,
6745,Barbro Nilsson,Socialdemokraterna,Västernorrlands län,Enkammarriksdagen,1982,1985,ämneslärare
6746,Bengt Kindbom,Centerpartiet,Skaraborgs län,Enkammarriksdagen,1982,1985,sekreterare
6747,Bengt Kronblad,Socialdemokraterna,Kalmar län,Enkammarriksdagen,1982,1985,ombudsman
6748,Bengt Silfverstrand,Socialdemokraterna,Malmöhus län,Enkammarriksdagen,1982,1985,företagsekonom
6749,Bengt Wiklund,Socialdemokraterna,Västernorrlands län,Enkammarriksdagen,1982,1985,journalist
6750,Bengt Wittbom,Moderata samlingspartiet,Örebro län,Enkammarriksdagen,1982,1985,platschef
6751,Berit Oscarsson,Socialdemokraterna,Västmanlands län,Enkammarriksdagen,1982,1985,studiesekreterare
6752,Bertil Danielsson,Moderata samlingspartiet,Kalmar län,Enkammarriksdagen,1982,1985,lantbrukare
6753,Bertil Fiskesjö,Centerpartiet,Malmöhus län,Enkammarriksdagen,1982,1985,universitetslektor
6754,Bertil Jonasson,Centerpartiet,Värmlands län,Enkammarriksdagen,1982,1985,småbrukare
6755,Bertil Lidgard,Moderata samlingspartiet,Stockholms kommun,Enkammarriksdagen,1982,1985,ombudsman
6756,Bertil Måbrink,Vänsterpartiet kommunisterna,Gävleborgs län,Enkammarriksdagen,1982,1985,ombudsman
6757,Bertil Zachrisson,Socialdemokraterna,Stockholms kommun,Enkammarriksdagen,1982,1985,politiker
6758,Birger Hagård,Moderata samlingspartiet,Östergötlands län,Enkammarriksdagen,1982,1985,universitetslektor
6759,Birger Rosqvist,Socialdemokraterna,Kalmar län,Enkammarriksdagen,1982,1985,mästerlots
6760,Birgitta Dahl,Socialdemokraterna,Uppsala län,Enkammarriksdagen,1982,1985,statsråd
6761,Birgitta Hambraeus,Centerpartiet,Kopparbergs län,Enkammarriksdagen,1982,1985,filosofie kandidat
6762,Birgitta Johansson,Socialdemokraterna,Skaraborgs län,Enkammarriksdagen,1982,1985,metallarbetare
6763,Birgitta Rydle,Moderata samlingspartiet,Stockholms län,Enkammarriksdagen,1982,1985,ämneslärare
6764,Birthe Sörestedt,Socialdemokraterna,Fyrstadskretsen,Enkammarriksdagen,1982,1985,socionom
6765,Björn Körlof,Moderata samlingspartiet,Kopparbergs län,Enkammarriksdagen,1982,1985,departementssekreterare
6766,Björn Molin,Folkpartiet,Göteborgs kommun,Enkammarriksdagen,1982,1985,f.d. statsråd
6767,Björn Samuelson,Vänsterpartiet kommunisterna,Värmlands län,Enkammarriksdagen,1982,1985,lärare
6768,Blenda Littmarck,Moderata samlingspartiet,Stockholms kommun,Enkammarriksdagen,1982,1985,politiker
6769,Bo Arvidson,Moderata samlingspartiet,Malmöhus län,Enkammarriksdagen,1982,1985,lantbrukare
6770,Bo Finnkvist,Socialdemokraterna,Värmlands län,Enkammarriksdagen,1982,1985,järnbruksarbetare
6771,Bo Forslund,Socialdemokraterna,Västernorrlands län,Enkammarriksdagen,1982,1985,ombudsman
6772,Bo Lundgren,Moderata samlingspartiet,Kristianstads län,Enkammarriksdagen,1982,1985,civilekonom
6773,Bo Nilsson,Socialdemokraterna,Fyrstadskretsen,Enkammarriksdagen,1982,1985,kommunalråd
6774,Bo Södersten,Socialdemokraterna,Kopparbergs län,Enkammarriksdagen,1982,1985,professor
6775,Britt Mogård,Moderata samlingspartiet,Stockholms län,Enkammarriksdagen,1982,1985,f.d. statsråd
6776,Britta Hammarbacken,Centerpartiet,Örebro län,Enkammarriksdagen,1982,1985,leg. sjuksköterska
6777,Börje Hörnlund,Centerpartiet,Västerbottens län,Enkammarriksdagen,1982,1985,skogsmästare
6778,Börje Nilsson,Socialdemokraterna,Kristianstads län,Enkammarriksdagen,1982,1985,socionom
6779,Börje Stensson,Folkpartiet,Östergötlands län,Enkammarriksdagen,1982,1985,rektor
6780,Carl Bildt,Moderata samlingspartiet,Stockholms kommun,Enkammarriksdagen,1982,1985,politiker
6781,Carl Henrik Hermansson,Vänsterpartiet kommunisterna,Stockholms kommun,Enkammarriksdagen,1982,1985,chefredaktör
6782,Catarina Rönnung,Socialdemokraterna,Jönköpings län,Enkammarriksdagen,1982,1985,folkhögskollärare
6783,Christer Eirefelt,Folkpartiet,Hallands län,Enkammarriksdagen,1982,1985,byggnadstekniker
6784,Christer Nilsson,Socialdemokraterna,Östergötlands län,Enkammarriksdagen,1982,1985,socionom
6785,Claes Elmstedt,Centerpartiet,Blekinge län,Enkammarriksdagen,1982,1985,lantbrukare
6786,Curt Boström,Socialdemokraterna,Norrbottens län,Enkammarriksdagen,1982,1985,kamrer
6787,Doris Håvik,Socialdemokraterna,Göteborgs kommun,Enkammarriksdagen,1982,1985,assistent
6788,Egon Jacobsson,Socialdemokraterna,Malmöhus län,Enkammarriksdagen,1982,1985,ombudsman
6789,Einar Larsson,Centerpartiet,Kristianstads län,Enkammarriksdagen,1982,1985,lantbrukare
6790,Elis Andersson,Centerpartiet,Stockholms län,Enkammarriksdagen,1982,1985,byggnadsarbetare
6791,Elisabeth Fleetwood,Moderata samlingspartiet,Stockholms kommun,Enkammarriksdagen,1982,1985,adjunkt
6792,Elver Jonsson,Folkpartiet,Älvsborgs läns norra,Enkammarriksdagen,1982,1985,brevbärare
6793,Elving Andersson,Centerpartiet,Bohuslän,Enkammarriksdagen,1982,1985,ombudsman
6794,Elvy Nilsson,Socialdemokraterna,Värmlands län,Enkammarriksdagen,1982,1985,fru
6795,Eric Hägelmark,Folkpartiet,Kristianstads län,Enkammarriksdagen,1982,1985,kapten
6796,Eric Jönsson,Socialdemokraterna,Fyrstadskretsen,Enkammarriksdagen,1982,1985,ombudsman
6797,Erik Hovhammar,Moderata samlingspartiet,Kronobergs län,Enkammarriksdagen,1982,1985,riksgäldsfullmäktig
6798,Erik Johansson,Socialdemokraterna,Kristianstads län,Enkammarriksdagen,1982,1985,arbetsförmedlingsföreståndare
6799,Erik Olsson,Moderata samlingspartiet,Västernorrlands län,Enkammarriksdagen,1982,1985,köpman
6800,Erik Wärnberg,Socialdemokraterna,Östergötlands län,Enkammarriksdagen,1982,1985,trävaruhandlare
6801,Eva Hjelmström,Vänsterpartiet kommunisterna,Stockholms kommun,Enkammarriksdagen,1982,1985,civilekonom
6802,Evert Hedberg,Socialdemokraterna,Hallands län,Enkammarriksdagen,1982,1985,ombudsman
6803,Evert Svensson,Socialdemokraterna,Bohuslän,Enkammarriksdagen,1982,1985,socionom
6804,Ewy Möller,Moderata samlingspartiet,Kalmar län,Enkammarriksdagen,1982,1985,
6805,Filip Fridolfsson,Moderata samlingspartiet,Stockholms kommun,Enkammarriksdagen,1982,1985,fabrikör
6806,Frida Berglund,Socialdemokraterna,Norrbottens län,Enkammarriksdagen,1982,1985,skolsköterska
6807,Georg Andersson,Socialdemokraterna,Västerbottens län,Enkammarriksdagen,1982,1985,rektor
6808,Gertrud Sigurdsen,Socialdemokraterna,Stockholms kommun,Enkammarriksdagen,1982,1985,statsråd
6809,Grethe Lundblad,Socialdemokraterna,Fyrstadskretsen,Enkammarriksdagen,1982,1985,socialvårdsinspektör
6810,Gullan Lindblad,Moderata samlingspartiet,Värmlands län,Enkammarriksdagen,1982,1985,sjuksköterska
6811,Gunhild Bolander,Centerpartiet,Gotlands län,Enkammarriksdagen,1982,1985,ombudsman
6812,Gunilla André,Centerpartiet,Skaraborgs län,Enkammarriksdagen,1982,1985,politiker
6813,Gunnar Biörck,Moderata samlingspartiet,Stockholms län,Enkammarriksdagen,1982,1985,professor emeritus
6814,Gunnar Björk,Centerpartiet,Gävleborgs län,Enkammarriksdagen,1982,1985,bankkonsulent
6815,Gunnar Hökmark,Moderata samlingspartiet,Stockholms län,Enkammarriksdagen,1982,1985,civilekonom
6816,Gunnar Nilsson,Socialdemokraterna,Stockholms län,Enkammarriksdagen,1982,1985,LO:s f.d. ordförande
6817,Gunnar Nilsson,Socialdemokraterna,Malmöhus län,Enkammarriksdagen,1982,1985,politiker
6818,Gunnar Olsson,Socialdemokraterna,Värmlands län,Enkammarriksdagen,1982,1985,journalist
6819,Gunnar Sträng,Socialdemokraterna,Älvsborgs läns södra,Enkammarriksdagen,1982,1985,f.d. statsråd
6820,Gunnar Ström,Socialdemokraterna,Örebro län,Enkammarriksdagen,1982,1985,metallarbetare
6821,Gunnar Thollander,Socialdemokraterna,Uppsala län,Enkammarriksdagen,1982,1985,instruktör
6822,Gunnel Jonäng,Centerpartiet,Gävleborgs län,Enkammarriksdagen,1982,1985,studieinstruktör
6823,Gunnel Liljegren,Moderata samlingspartiet,Stockholms län,Enkammarriksdagen,1982,1985,adjunkt
6824,Gustav Persson,Socialdemokraterna,Uppsala län,Enkammarriksdagen,1982,1985,
6825,Göran Allmér,Moderata samlingspartiet,Södermanlands län,Enkammarriksdagen,1982,1985,rektor
6826,Göran Ericsson,Moderata samlingspartiet,Stockholms kommun,Enkammarriksdagen,1982,1985,kriminalinspektör
6827,Göran Persson,Socialdemokraterna,Södermanlands län,Enkammarriksdagen,1982,1985,politiker
6828,Göran Riegnell,Moderata samlingspartiet,Göteborgs kommun,Enkammarriksdagen,1982,1985,civilekonom
6829,Görel Bohlin,Moderata samlingspartiet,Stockholms län,Enkammarriksdagen,1982,1985,filosofie kandidat
6830,Gösta Andersson,Centerpartiet,Kalmar län,Enkammarriksdagen,1982,1985,skogsbrukare
6831,Gösta Bohman,Moderata samlingspartiet,Stockholms kommun,Enkammarriksdagen,1982,1985,f.d. statsråd
6832,Göte Jonsson,Moderata samlingspartiet,Jönköpings län,Enkammarriksdagen,1982,1985,kriminalinspektör
6833,Göthe Knutson,Moderata samlingspartiet,Värmlands län,Enkammarriksdagen,1982,1985,redaktör
6834,Hagar Normark,Socialdemokraterna,Västerbottens län,Enkammarriksdagen,1982,1985,politiker
6835,Hans Gustafsson,Socialdemokraterna,Blekinge län,Enkammarriksdagen,1982,1985,statsråd
6836,Hans Nyhage,Moderata samlingspartiet,Älvsborgs läns södra,Enkammarriksdagen,1982,1985,rektor
6837,Hans Petersson,Folkpartiet,Malmöhus län,Enkammarriksdagen,1982,1985,folkskollärare
6838,Hans Petersson,Vänsterpartiet kommunisterna,Västmanlands län,Enkammarriksdagen,1982,1985,ombudsman
6839,Hans Pettersson,Socialdemokraterna,Fyrstadskretsen,Enkammarriksdagen,1982,1985,kranmaskinist
6840,Hans Wachtmeister,Moderata samlingspartiet,Blekinge län,Enkammarriksdagen,1982,1985,godsägare
6841,Helge Hagberg,Socialdemokraterna,Örebro län,Enkammarriksdagen,1982,1985,f.d. kommunalråd
6842,Helge Klöver,Socialdemokraterna,Jönköpings län,Enkammarriksdagen,1982,1985,järnvägsexpeditör
6843,Holger Bergman,Socialdemokraterna,Södermanlands län,Enkammarriksdagen,1982,1985,ombudsman
6844,Hugo Bergdahl,Folkpartiet,Västmanlands län,Enkammarriksdagen,1982,1985,flottiljpolis
6845,Hugo Hegeland,Moderata samlingspartiet,Göteborgs kommun,Enkammarriksdagen,1982,1985,f.d. professor
6846,Håkan Stjernlöf,Moderata samlingspartiet,Gävleborgs län,Enkammarriksdagen,1982,1985,boktryckare
6847,Håkan Strömberg,Socialdemokraterna,Örebro län,Enkammarriksdagen,1982,1985,metallarbetare
6848,Ing-Marie Hansson,Socialdemokraterna,Gävleborgs län,Enkammarriksdagen,1982,1985,sjuksköterska
6849,Inga Lantz,Vänsterpartiet kommunisterna,Stockholms län,Enkammarriksdagen,1982,1985,industritjänsteman
6850,Inga-Britt Johansson,Socialdemokraterna,Göteborgs kommun,Enkammarriksdagen,1982,1985,inspektör
6851,Inge Carlsson,Socialdemokraterna,Östergötlands län,Enkammarriksdagen,1982,1985,metallarbetare
6852,Ingegerd Elm,Socialdemokraterna,Jönköpings län,Enkammarriksdagen,1982,1985,politiker
6853,Ingegerd Troedsson,Moderata samlingspartiet,Uppsala län,Enkammarriksdagen,1982,1985,f.d. statsråd
6854,Ingemar Eliasson,Folkpartiet,Stockholms län,Enkammarriksdagen,1982,1985,f.d. statsråd
6855,Ingemar Hallenius,Centerpartiet,Skaraborgs län,Enkammarriksdagen,1982,1985,lantbrukare
6856,Ingemar Konradsson,Socialdemokraterna,Örebro län,Enkammarriksdagen,1982,1985,inspektör
6857,Ingemund Bengtsson,Socialdemokraterna,Hallands län,Enkammarriksdagen,1982,1985,f.d. statsråd
6858,Inger Hestvik,Socialdemokraterna,Kopparbergs län,Enkammarriksdagen,1982,1985,rektor
6859,Inger Josefsson,Centerpartiet,Älvsborgs läns södra,Enkammarriksdagen,1982,1985,lågstadielärare
6860,Inger Wickzén,Moderata samlingspartiet,Hallands län,Enkammarriksdagen,1982,1985,
6861,Ingrid Andersson,Socialdemokraterna,Uppsala län,Enkammarriksdagen,1982,1985,sjuksköterska
6862,Ingrid Hemmingsson,Moderata samlingspartiet,Jämtlands län,Enkammarriksdagen,1982,1985,hushållslärare
6863,Ingrid Sundberg,Moderata samlingspartiet,Malmöhus län,Enkammarriksdagen,1982,1985,filosofie kandidat
6864,Ingvar Björk,Socialdemokraterna,Östergötlands län,Enkammarriksdagen,1982,1985,folkhögskollärare
6865,Ingvar Carlsson,Socialdemokraterna,Stockholms län,Enkammarriksdagen,1982,1985,statsråd
6866,Ingvar Eriksson,Moderata samlingspartiet,Kristianstads län,Enkammarriksdagen,1982,1985,lantbrukare
6867,Ingvar Johnsson,Socialdemokraterna,Älvsborgs läns norra,Enkammarriksdagen,1982,1985,studiesekreterare
6868,Ingvar Karlsson i Bengtsfors,Centerpartiet,Älvsborgs läns norra,Enkammarriksdagen,1982,1985,fabriksarbetare
6869,Iris Mårtensson,Socialdemokraterna,Gävleborgs län,Enkammarriksdagen,1982,1985,studieombudsman
6870,Iréne Vestlund,Socialdemokraterna,Kopparbergs län,Enkammarriksdagen,1982,1985,sjukvårdslärare
6871,Ivar Franzén,Centerpartiet,Hallands län,Enkammarriksdagen,1982,1985,lantmästare
6872,Ivar Nordberg,Socialdemokraterna,Stockholms län,Enkammarriksdagen,1982,1985,ombudsman
6873,Ivar Virgin,Moderata samlingspartiet,Skaraborgs län,Enkammarriksdagen,1982,1985,civilekonom
6874,Jan Bergqvist,Socialdemokraterna,Göteborgs kommun,Enkammarriksdagen,1982,1985,sekreterare
6875,Jan Fransson,Socialdemokraterna,Skaraborgs län,Enkammarriksdagen,1982,1985,byrådirektör
6876,Jan-Eric Virgin,Moderata samlingspartiet,Stockholms län,Enkammarriksdagen,1982,1985,lantbrukare
6877,Jan-Erik Wikström,Folkpartiet,Stockholms kommun,Enkammarriksdagen,1982,1985,f.d. statsråd
6878,Jens Eriksson,Moderata samlingspartiet,Bohuslän,Enkammarriksdagen,1982,1985,ombudsman
6879,Joakim Ollén,Moderata samlingspartiet,Fyrstadskretsen,Enkammarriksdagen,1982,1985,juris kandidat
6880,John Andersson,Vänsterpartiet kommunisterna,Västerbottens län,Enkammarriksdagen,1982,1985,skogsarbetare
6881,John Johnsson,Socialdemokraterna,Malmöhus län,Enkammarriksdagen,1982,1985,ombudsman
6882,Jörgen Ullenhag,Folkpartiet,Uppsala län,Enkammarriksdagen,1982,1985,byråchef
6883,Jörn Svensson,Vänsterpartiet kommunisterna,Fyrstadskretsen,Enkammarriksdagen,1982,1985,författare
6884,Karin Ahrland,Folkpartiet,Fyrstadskretsen,Enkammarriksdagen,1982,1985,f.d. statsråd
6885,Karin Andersson,Centerpartiet,Stockholms kommun,Enkammarriksdagen,1982,1985,f.d. statsråd
6886,Karin Flodström,Socialdemokraterna,Örebro län,Enkammarriksdagen,1982,1985,lågstadielärare
6887,Karin Israelsson,Centerpartiet,Västerbottens län,Enkammarriksdagen,1982,1985,distriktssköterska
6888,Karin Nordlander,Vänsterpartiet kommunisterna,Stockholms kommun,Enkammarriksdagen,1982,1985,politiker
6889,Karin Söder,Centerpartiet,Stockholms län,Enkammarriksdagen,1982,1985,f.d. statsråd
6890,Karl Björzén,Moderata samlingspartiet,Västmanlands län,Enkammarriksdagen,1982,1985,bergsingenjör
6891,Karl Boo,Centerpartiet,Kopparbergs län,Enkammarriksdagen,1982,1985,f.d. statsråd
6892,Karl Erik Eriksson,Folkpartiet,Värmlands län,Enkammarriksdagen,1982,1985,lantbrukare
6893,Karl-Eric Norrby,Centerpartiet,Värmlands län,Enkammarriksdagen,1982,1985,lantbrukare
6894,Karl-Erik Häll,Socialdemokraterna,Norrbottens län,Enkammarriksdagen,1982,1985,ombudsman
6895,Karl-Erik Svartberg,Socialdemokraterna,Bohuslän,Enkammarriksdagen,1982,1985,rektor
6896,Karl-Gustaf Mathsson,Socialdemokraterna,Västmanlands län,Enkammarriksdagen,1982,1985,ombudsman
6897,Kenth Skårvik,Folkpartiet,Bohuslän,Enkammarriksdagen,1982,1985,distriktschef
6898,Kersti Johansson,Centerpartiet,Jönköpings län,Enkammarriksdagen,1982,1985,lantbrukare
6899,Kerstin Andersson,Centerpartiet,Älvsborgs läns norra,Enkammarriksdagen,1982,1985,folkskollärare
6900,Kerstin Anér,Folkpartiet,Stockholms län,Enkammarriksdagen,1982,1985,författare
6901,Kerstin Ekman,Folkpartiet,Göteborgs kommun,Enkammarriksdagen,1982,1985,ingenjör
6902,Kerstin Göthberg,Centerpartiet,Västmanlands län,Enkammarriksdagen,1982,1985,fru
6903,Kerstin Nilsson,Socialdemokraterna,Norrbottens län,Enkammarriksdagen,1982,1985,folkhögskollärare
6904,Kjell A. Mattsson,Centerpartiet,Bohuslän,Enkammarriksdagen,1982,1985,politiker
6905,Kjell Johansson,Folkpartiet,Södermanlands län,Enkammarriksdagen,1982,1985,fabrikör
6906,Kjell Nilsson,Socialdemokraterna,Kronobergs län,Enkammarriksdagen,1982,1985,metallarbetare
6907,Kjell-Olof Feldt,Socialdemokraterna,Kopparbergs län,Enkammarriksdagen,1982,1985,statsråd
6908,Knut Billing,Moderata samlingspartiet,Stockholms län,Enkammarriksdagen,1982,1985,pol. sekreterare
6909,Knut Wachtmeister,Moderata samlingspartiet,Malmöhus län,Enkammarriksdagen,1982,1985,lantmästare
6910,Kurt Hugosson,Socialdemokraterna,Göteborgs kommun,Enkammarriksdagen,1982,1985,avdelningschef
6911,Kurt Ove Johansson,Socialdemokraterna,Fyrstadskretsen,Enkammarriksdagen,1982,1985,ombudsman
6912,Lahja Exner,Socialdemokraterna,Älvsborgs läns södra,Enkammarriksdagen,1982,1985,textilarbeterska
6913,Lars Ahlmark,Moderata samlingspartiet,Uppsala län,Enkammarriksdagen,1982,1985,avdelningschef
6914,Lars Ahlström,Moderata samlingspartiet,Göteborgs kommun,Enkammarriksdagen,1982,1985,konditor
6915,Lars Ernestam,Folkpartiet,Örebro län,Enkammarriksdagen,1982,1985,kulturchef
6916,Lars Gustafsson,Socialdemokraterna,Stockholms län,Enkammarriksdagen,1982,1985,universitetslektor
6917,Lars Hedfors,Socialdemokraterna,Kronobergs län,Enkammarriksdagen,1982,1985,politiker
6918,Lars Hjertén,Moderata samlingspartiet,Skaraborgs län,Enkammarriksdagen,1982,1985,folkhögskolerektor
6919,Lars Svensson,Socialdemokraterna,Hallands län,Enkammarriksdagen,1982,1985,kontorsföreståndare
6920,Lars Tobisson,Moderata samlingspartiet,Göteborgs kommun,Enkammarriksdagen,1982,1985,filosofie doktor
6921,Lars Ulander,Socialdemokraterna,Stockholms kommun,Enkammarriksdagen,1982,1985,ombudsman
6922,Lars Werner,Vänsterpartiet kommunisterna,Stockholms län,Enkammarriksdagen,1982,1985,ombudsman
6923,Lars-Erik Lövdén,Socialdemokraterna,Fyrstadskretsen,Enkammarriksdagen,1982,1985,sekreterare
6924,Lars-Ingvar Sörenson,Socialdemokraterna,Göteborgs kommun,Enkammarriksdagen,1982,1985,lokförare
6925,Lars-Ove Hagberg,Vänsterpartiet kommunisterna,Kopparbergs län,Enkammarriksdagen,1982,1985,järnbruksarbetare
6926,Lars-Åke Larsson,Socialdemokraterna,Älvsborgs läns norra,Enkammarriksdagen,1982,1985,ombudsman
6927,Larz Johansson,Centerpartiet,Södermanlands län,Enkammarriksdagen,1982,1985,lantbrukare
6928,Lena Hjelm-Wallén,Socialdemokraterna,Västmanlands län,Enkammarriksdagen,1982,1985,statsråd
6929,Lena Öhrsvik,Socialdemokraterna,Kalmar län,Enkammarriksdagen,1982,1985,kurator
6930,Lennart Andersson,Socialdemokraterna,Stockholms län,Enkammarriksdagen,1982,1985,studieombudsman
6931,Lennart Bladh,Socialdemokraterna,Kristianstads län,Enkammarriksdagen,1982,1985,yrkesvalslärare
6932,Lennart Blom,Moderata samlingspartiet,Stockholms kommun,Enkammarriksdagen,1982,1985,juris kandidatexamen
6933,Lennart Brunander,Centerpartiet,Älvsborgs läns södra,Enkammarriksdagen,1982,1985,lantbrukare
6934,Lennart Nilsson,Socialdemokraterna,Bohuslän,Enkammarriksdagen,1982,1985,byggnadssnickare
6935,Lennart Pettersson,Socialdemokraterna,Fyrstadskretsen,Enkammarriksdagen,1982,1985,civilekonom
6936,Lilly Bergander,Socialdemokraterna,Stockholms län,Enkammarriksdagen,1982,1985,kontorist
6937,Lilly Hansson,Socialdemokraterna,Västerbottens län,Enkammarriksdagen,1982,1985,mentalsköterska
6938,Lisa Mattsson,Socialdemokraterna,Göteborgs kommun,Enkammarriksdagen,1982,1985,förbundsordförande
6939,Lisbet Calner,Socialdemokraterna,Bohuslän,Enkammarriksdagen,1982,1985,postexpeditör
6940,Magnus Persson,Socialdemokraterna,Värmlands län,Enkammarriksdagen,1982,1985,ombudsman
6941,Maj Britt Theorin,Socialdemokraterna,Stockholms kommun,Enkammarriksdagen,1982,1985,ambassadör
6942,Maj-Lis Landberg,Socialdemokraterna,Östergötlands län,Enkammarriksdagen,1982,1985,riksgäldsfullmäktig
6943,Maj-Lis Lööw,Socialdemokraterna,Södermanlands län,Enkammarriksdagen,1982,1985,arbetsförmedlare
6944,Maja Bäckström,Socialdemokraterna,Kristianstads län,Enkammarriksdagen,1982,1985,politiker
6945,Margareta Gard,Moderata samlingspartiet,Kopparbergs län,Enkammarriksdagen,1982,1985,politiker
6946,Margareta Palmqvist,Socialdemokraterna,Stockholms län,Enkammarriksdagen,1982,1985,barnmorska
6947,Margareta Winberg,Socialdemokraterna,Jämtlands län,Enkammarriksdagen,1982,1985,lärare
6948,Margaretha af Ugglas,Moderata samlingspartiet,Stockholms kommun,Enkammarriksdagen,1982,1985,civilekonom
6949,Margit Gennser,Moderata samlingspartiet,Fyrstadskretsen,Enkammarriksdagen,1982,1985,civilekonom
6950,Margit Sandéhn,Socialdemokraterna,Malmöhus län,Enkammarriksdagen,1982,1985,textillärare
6951,Margot Wallström,Socialdemokraterna,Värmlands län,Enkammarriksdagen,1982,1985,banktjänsteman
6952,Maria Lagergren,Socialdemokraterna,Östergötlands län,Enkammarriksdagen,1982,1985,receptionist
6953,Marianne Karlsson,Centerpartiet,Östergötlands län,Enkammarriksdagen,1982,1985,politiker
6954,Marianne Stålberg,Socialdemokraterna,Jämtlands län,Enkammarriksdagen,1982,1985,skolkurator
6955,Marie-Ann Johansson,Vänsterpartiet kommunisterna,Göteborgs kommun,Enkammarriksdagen,1982,1985,programmerare
6956,Martin Olsson,Centerpartiet,Västernorrlands län,Enkammarriksdagen,1982,1985,bankkamrer
6957,Martin Segerstedt,Socialdemokraterna,Västernorrlands län,Enkammarriksdagen,1982,1985,arbetsförmedlare
6958,Mats Hellström,Socialdemokraterna,Stockholms kommun,Enkammarriksdagen,1982,1985,sekreterare
6959,Mats Olsson,Socialdemokraterna,Blekinge län,Enkammarriksdagen,1982,1985,bankman
6960,Mona Sahlin,Socialdemokraterna,Stockholms län,Enkammarriksdagen,1982,1985,sekreterare
6961,Mona Saint Cyr,Moderata samlingspartiet,Östergötlands län,Enkammarriksdagen,1982,1985,planeringssekreterare
6962,Nic Grönvall,Moderata samlingspartiet,Hallands län,Enkammarriksdagen,1982,1985,advokat
6963,Nils Berndtson,Vänsterpartiet kommunisterna,Östergötlands län,Enkammarriksdagen,1982,1985,ombudsman
6964,Nils Carlshamre,Moderata samlingspartiet,Bohuslän,Enkammarriksdagen,1982,1985,lektor
6965,Nils Erik Wååg,Socialdemokraterna,Kristianstads län,Enkammarriksdagen,1982,1985,byggnadsingenjör
6966,Nils Nordh,Socialdemokraterna,Jönköpings län,Enkammarriksdagen,1982,1985,metallarbetare
6967,Nils T. Svensson,Socialdemokraterna,Fyrstadskretsen,Enkammarriksdagen,1982,1985,ombudsman
6968,Nils Åsling,Centerpartiet,Jämtlands län,Enkammarriksdagen,1982,1985,f.d. statsråd
6969,Nils-Olof Grönhagen,Socialdemokraterna,Västernorrlands län,Enkammarriksdagen,1982,1985,järnvägsexpeditör
6970,Nils-Olof Gustafsson,Socialdemokraterna,Jämtlands län,Enkammarriksdagen,1982,1985,ombudsman
6971,Ola Ullsten,Folkpartiet,Stockholms kommun,Enkammarriksdagen,1982,1985,socionom
6972,Olle Aulin,Moderata samlingspartiet,Fyrstadskretsen,Enkammarriksdagen,1982,1985,försvarsdirektör
6973,Olle Grahn,Folkpartiet,Skaraborgs län,Enkammarriksdagen,1982,1985,fabrikör
6974,Olle Göransson,Socialdemokraterna,Västmanlands län,Enkammarriksdagen,1982,1985,verkmästare
6975,Olle Svensson,Socialdemokraterna,Södermanlands län,Enkammarriksdagen,1982,1985,chefredaktör
6976,Olle Westberg,Socialdemokraterna,Gävleborgs län,Enkammarriksdagen,1982,1985,svarvare
6977,Olle Östrand,Socialdemokraterna,Gävleborgs län,Enkammarriksdagen,1982,1985,mätningsföreståndare
6978,Olof Johansson,Centerpartiet,Stockholms kommun,Enkammarriksdagen,1982,1985,f.d. statsråd
6979,Olof Palme,Socialdemokraterna,Stockholms kommun,Enkammarriksdagen,1982,1985,statsminister
6980,Oskar Lindkvist,Socialdemokraterna,Stockholms kommun,Enkammarriksdagen,1982,1985,organisationschef
6981,Oswald Söderqvist,Vänsterpartiet kommunisterna,Uppsala län,Enkammarriksdagen,1982,1985,byråsekreterare
6982,Ove Eriksson,Moderata samlingspartiet,Värmlands län,Enkammarriksdagen,1982,1985,adjunkt
6983,Ove Karlsson,Socialdemokraterna,Kopparbergs län,Enkammarriksdagen,1982,1985,skogsarbetare
6984,Owe Andréasson,Socialdemokraterna,Hallands län,Enkammarriksdagen,1982,1985,verktygsmakare
6985,Paul Jansson,Socialdemokraterna,Skaraborgs län,Enkammarriksdagen,1982,1985,elektriker
6986,Paul Lestander,Vänsterpartiet kommunisterna,Norrbottens län,Enkammarriksdagen,1982,1985,skogsarbetare
6987,Per Israelsson,Vänsterpartiet kommunisterna,Örebro län,Enkammarriksdagen,1982,1985,krutbruksarbetare
6988,Per Olof Håkansson,Socialdemokraterna,Malmöhus län,Enkammarriksdagen,1982,1985,byggnadsingenjör
6989,Per Petersson,Moderata samlingspartiet,Norrbottens län,Enkammarriksdagen,1982,1985,lantbrukare
6990,Per Stenmarck,Moderata samlingspartiet,Malmöhus län,Enkammarriksdagen,1982,1985,tjänsteman
6991,Per Unckel,Moderata samlingspartiet,Östergötlands län,Enkammarriksdagen,1982,1985,politiker
6992,Per Westerberg,Moderata samlingspartiet,Södermanlands län,Enkammarriksdagen,1982,1985,civilekonom
6993,Per-Axel Nilsson,Socialdemokraterna,Gotlands län,Enkammarriksdagen,1982,1985,avdelningschef
6994,Per-Ola Eriksson,Centerpartiet,Norrbottens län,Enkammarriksdagen,1982,1985,ombudsman
6995,Per-Olof Strindberg,Moderata samlingspartiet,Östergötlands län,Enkammarriksdagen,1982,1985,länsombudsman
6996,Per-Richard Molén,Moderata samlingspartiet,Västernorrlands län,Enkammarriksdagen,1982,1985,företagare
6997,Pär Granstedt,Centerpartiet,Stockholms län,Enkammarriksdagen,1982,1985,filosofie kandidat
6998,Ralf Lindström,Socialdemokraterna,Blekinge län,Enkammarriksdagen,1982,1985,ombudsman
6999,Roland Brännström,Socialdemokraterna,Västerbottens län,Enkammarriksdagen,1982,1985,verkmästare
7000,Roland Sundgren,Socialdemokraterna,Västmanlands län,Enkammarriksdagen,1982,1985,ombudsman
7001,Rolf Andersson,Centerpartiet,Hallands län,Enkammarriksdagen,1982,1985,
7002,Rolf Clarkson,Moderata samlingspartiet,Fyrstadskretsen,Enkammarriksdagen,1982,1985,direktör
7003,Rolf Dahlberg,Moderata samlingspartiet,Gävleborgs län,Enkammarriksdagen,1982,1985,yrkesvalslärare
7004,Rolf Rämgård,Centerpartiet,Kopparbergs län,Enkammarriksdagen,1982,1985,f.d. längdåkare
7005,Rolf Wirtén,Folkpartiet,Jönköpings län,Enkammarriksdagen,1982,1985,lärare
7006,Rosa Östh,Centerpartiet,Uppsala län,Enkammarriksdagen,1982,1985,lantbrukare
7007,Rune Backlund,Centerpartiet,Jönköpings län,Enkammarriksdagen,1982,1985,ombudsman
7008,Rune Carlstein,Socialdemokraterna,Älvsborgs läns södra,Enkammarriksdagen,1982,1985,stadskassör
7009,Rune Evensson,Socialdemokraterna,Älvsborgs läns norra,Enkammarriksdagen,1982,1985,ombudsman
7010,Rune Gustavsson,Centerpartiet,Kronobergs län,Enkammarriksdagen,1982,1985,f.d. statsråd
7011,Rune Johansson,Socialdemokraterna,Älvsborgs läns norra,Enkammarriksdagen,1982,1985,verkmästare
7012,Rune Jonsson,Socialdemokraterna,Västernorrlands län,Enkammarriksdagen,1982,1985,elektriker
7013,Rune Rydén,Moderata samlingspartiet,Fyrstadskretsen,Enkammarriksdagen,1982,1985,filosofie licentiat
7014,Rune Torwald,Centerpartiet,Göteborgs kommun,Enkammarriksdagen,1982,1985,utredningssekreterare
7015,Rune Ångström,Folkpartiet,Västerbottens län,Enkammarriksdagen,1982,1985,direktör
7016,Sigvard Persson,Centerpartiet,Fyrstadskretsen,Enkammarriksdagen,1982,1985,
7017,Siri Häggmark,Moderata samlingspartiet,Bohuslän,Enkammarriksdagen,1982,1985,distriktssköterska
7018,Sivert Andersson,Socialdemokraterna,Stockholms kommun,Enkammarriksdagen,1982,1985,bitr. förbundsordförande
7019,Sonja Rembo,Moderata samlingspartiet,Göteborgs kommun,Enkammarriksdagen,1982,1985,sekreterare
7020,Staffan Burenstam Linder,Moderata samlingspartiet,Stockholms län,Enkammarriksdagen,1982,1985,bankofullmäktig
7021,Sten Andersson,Socialdemokraterna,Stockholms kommun,Enkammarriksdagen,1982,1985,statsråd
7022,Sten Sture Paterson,Moderata samlingspartiet,Älvsborgs läns norra,Enkammarriksdagen,1982,1985,filosofie doktor
7023,Sten Svensson,Moderata samlingspartiet,Skaraborgs län,Enkammarriksdagen,1982,1985,informationschef
7024,Sten Östlund,Socialdemokraterna,Göteborgs kommun,Enkammarriksdagen,1982,1985,metallarbetare
7025,Sten-Ove Sundström,Socialdemokraterna,Norrbottens län,Enkammarriksdagen,1982,1985,järnverksarbetare
7026,Stig Alemyr,Socialdemokraterna,Kalmar län,Enkammarriksdagen,1982,1985,rektor
7027,Stig Alftin,Socialdemokraterna,Gävleborgs län,Enkammarriksdagen,1982,1985,metallarbetare
7028,Stig Gustafsson,Socialdemokraterna,Stockholms kommun,Enkammarriksdagen,1982,1985,förbundsjurist
7029,Stig Josefson,Centerpartiet,Malmöhus län,Enkammarriksdagen,1982,1985,lantbrukare
7030,Stig Olsson,Socialdemokraterna,Västernorrlands län,Enkammarriksdagen,1982,1985,uppmätningsman
7031,Stina Gustavsson,Centerpartiet,Kronobergs län,Enkammarriksdagen,1982,1985,hushållslärare
7032,Sture Ericson,Socialdemokraterna,Örebro län,Enkammarriksdagen,1982,1985,redaktör
7033,Sture Korpås,Centerpartiet,Uppsala län,Enkammarriksdagen,1982,1985,rektor
7034,Sture Palm,Socialdemokraterna,Stockholms län,Enkammarriksdagen,1982,1985,redaktör
7035,Sture Thun,Socialdemokraterna,Östergötlands län,Enkammarriksdagen,1982,1985,elmästare
7036,Svante Lundkvist,Socialdemokraterna,Södermanlands län,Enkammarriksdagen,1982,1985,statsråd
7037,Sven Aspling,Socialdemokraterna,Värmlands län,Enkammarriksdagen,1982,1985,f.d. statsråd
7038,Sven Eric Lorentzon,Moderata samlingspartiet,Hallands län,Enkammarriksdagen,1982,1985,lantbrukare
7039,Sven Henricsson,Vänsterpartiet kommunisterna,Västernorrlands län,Enkammarriksdagen,1982,1985,
7040,Sven Munke,Moderata samlingspartiet,Fyrstadskretsen,Enkammarriksdagen,1982,1985,lantbrukare
7041,Sven-Erik Nordin,Centerpartiet,Västernorrlands län,Enkammarriksdagen,1982,1985,lantbrukare
7042,Sven-Gösta Signell,Socialdemokraterna,Skaraborgs län,Enkammarriksdagen,1982,1985,ombudsman
7043,Sören Häggroth,Socialdemokraterna,Norrbottens län,Enkammarriksdagen,1982,1985,folkhögskolelärare
7044,Tage Adolfsson,Moderata samlingspartiet,Västmanlands län,Enkammarriksdagen,1982,1985,företagare
7045,Tage Sundkvist,Centerpartiet,Södermanlands län,Enkammarriksdagen,1982,1985,riksgäldsfullmäktig
7046,Thage G. Peterson,Socialdemokraterna,Stockholms län,Enkammarriksdagen,1982,1985,statsråd
7047,Thorbjörn Fälldin,Centerpartiet,Västernorrlands län,Enkammarriksdagen,1982,1985,lantbrukare
7048,Thure Jadestig,Socialdemokraterna,Västmanlands län,Enkammarriksdagen,1982,1985,författare
7049,Tommy Franzén,Vänsterpartiet kommunisterna,Stockholms kommun,Enkammarriksdagen,1982,1985,elektriker
7050,Tore Claeson,Vänsterpartiet kommunisterna,Stockholms län,Enkammarriksdagen,1982,1985,hyresgästombudsman
7051,Tore Nilsson,Moderata samlingspartiet,Västerbottens län,Enkammarriksdagen,1982,1985,predikant
7052,Torsten Karlsson,Socialdemokraterna,Östergötlands län,Enkammarriksdagen,1982,1985,metallarbetare
7053,Tyra Johansson,Socialdemokraterna,Bohuslän,Enkammarriksdagen,1982,1985,kontorist
7054,Ulf Adelsohn,Moderata samlingspartiet,Stockholms kommun,Enkammarriksdagen,1982,1985,f.d. statsråd
7055,Ulla Ekelund,Centerpartiet,Kristianstads län,Enkammarriksdagen,1982,1985,tillsynslärare
7056,Ulla Johansson,Socialdemokraterna,Kronobergs län,Enkammarriksdagen,1982,1985,lågstadielärare
7057,Ulla Tillander,Centerpartiet,Fyrstadskretsen,Enkammarriksdagen,1982,1985,f.d. statsråd
7058,Valter Kristensson,Socialdemokraterna,Göteborgs kommun,Enkammarriksdagen,1982,1985,metallarbetare
7059,Wiggo Komstedt,Moderata samlingspartiet,Kristianstads län,Enkammarriksdagen,1982,1985,försäljningschef
7060,Wivi-Anne Cederqvist,Socialdemokraterna,Gävleborgs län,Enkammarriksdagen,1982,1985,arbetsförmedlare
7061,Wivi-Anne Radesjö,Socialdemokraterna,Älvsborgs läns norra,Enkammarriksdagen,1982,1985,företagare
7062,Yngve Nyquist,Socialdemokraterna,Kopparbergs län,Enkammarriksdagen,1982,1985,personalintendent
7063,Yvonne Sandberg-Fries,Socialdemokraterna,Blekinge län,Enkammarriksdagen,1982,1985,avdelningschef
7064,Åke Gustavsson,Socialdemokraterna,Jönköpings län,Enkammarriksdagen,1982,1985,redaktör
7065,Åke Selberg,Socialdemokraterna,Norrbottens län,Enkammarriksdagen,1982,1985,hemmansägare
7066,Åke Wictorsson,Socialdemokraterna,Stockholms län,Enkammarriksdagen,1982,1985,politiker
7067,Agne Hansson,Centern,Kalmar län,Enkammarriksdagen,1985,1988,ämneslärare
7068,Aina Westin,Socialdemokraterna,Stockholms län,Enkammarriksdagen,1985,1988,ombudsman
7069,Alexander Chrisopoulos,Vänsterpartiet kommunisterna,Göteborgs kommun,Enkammarriksdagen,1985,1988,truckförare
7070,Alf Svensson,Centern [1],Jönköpings län,Enkammarriksdagen,1985,1988,adjunkt
7071,Alf Wennerfors,Moderata samlingspartiet,Stockholms län,Enkammarriksdagen,1985,1988,informationschef
7072,Allan Ekström,Moderata samlingspartiet,Stockholms län,Enkammarriksdagen,1985,1988,hovrättsråd
7073,Allan Åkerlind,Moderata samlingspartiet,Stockholms län,Enkammarriksdagen,1985,1988,byggnadsarbetare
7074,Anders Andersson,Moderata samlingspartiet,Västmanlands län,Enkammarriksdagen,1985,1988,
7075,Anders Björck,Moderata samlingspartiet,Jönköpings län,Enkammarriksdagen,1985,1988,politiker
7076,Anders Dahlgren,Centern,Östergötlands län,Enkammarriksdagen,1985,1988,f.d. statsråd
7077,Anders Högmark,Moderata samlingspartiet,Kronobergs län,Enkammarriksdagen,1985,1988,civilekonom
7078,Anders Nilsson,Socialdemokraterna,Skaraborgs län,Enkammarriksdagen,1985,1988,arbetsförmedlare
7079,Anita Bråkenhielm,Moderata samlingspartiet,Jönköpings län,Enkammarriksdagen,1985,1988,läkare
7080,Anita Gradin,Socialdemokraterna,Stockholms kommun,Enkammarriksdagen,1985,1988,statsråd
7081,Anita Johansson,Socialdemokraterna,Stockholms län,Enkammarriksdagen,1985,1988,undersköterska
7082,Anita Modin,Socialdemokraterna,Stockholms kommun,Enkammarriksdagen,1985,1988,förbundskassör
7083,Anita Persson,Socialdemokraterna,Södermanlands län,Enkammarriksdagen,1985,1988,socialkamrer
7084,Ann-Cathrine Haglund,Moderata samlingspartiet,Örebro län,Enkammarriksdagen,1985,1988,adjunkt
7085,Anna-Greta Leijon,Socialdemokraterna,Stockholms län,Enkammarriksdagen,1985,1988,statsråd
7086,Anne Wibble,Folkpartiet,Stockholms län,Enkammarriksdagen,1985,1988,bankofullmäktig
7087,Arne Andersson,Socialdemokraterna,Kalmar län,Enkammarriksdagen,1985,1988,inspektör
7088,Arne Andersson,Moderata samlingspartiet,Älvsborgs läns norra,Enkammarriksdagen,1985,1988,lantbrukare
7089,Arne Gadd,Socialdemokraterna,Uppsala län,Enkammarriksdagen,1985,1988,revisionsdirektör
7090,Arne Kjörnsberg,Socialdemokraterna,Älvsborgs läns södra,Enkammarriksdagen,1985,1988,ombudsman
7091,Arne Nygren,Socialdemokraterna,Västerbottens län,Enkammarriksdagen,1985,1988,journalist
7092,Arne Svensson,Moderata samlingspartiet,Älvsborgs läns södra,Enkammarriksdagen,1985,1988,lantbrukare
7093,Axel Andersson,Socialdemokraterna,Gävleborgs län,Enkammarriksdagen,1985,1988,kronojägare
7094,Barbro Sandberg,Folkpartiet,Uppsala län,Enkammarriksdagen,1985,1988,lärare
7095,Bengt Göransson,Socialdemokraterna,Göteborgs kommun,Enkammarriksdagen,1985,1988,statsråd
7096,Bengt Harding Olson,Folkpartiet,Kristianstads län,Enkammarriksdagen,1985,1988,åklagare
7097,Bengt Kindbom,Centern,Skaraborgs län,Enkammarriksdagen,1985,1988,sekreterare
7098,Bengt Kronblad,Socialdemokraterna,Kalmar län,Enkammarriksdagen,1985,1988,ombudsman
7099,Bengt Rosén,Folkpartiet,Skaraborgs län,Enkammarriksdagen,1985,1988,företagare
7100,Bengt Silfverstrand,Socialdemokraterna,Malmöhus län,Enkammarriksdagen,1985,1988,företagsekonom
7101,Bengt Westerberg,Folkpartiet,Stockholms län,Enkammarriksdagen,1985,1988,partiordförande
7102,Bengt Wittbom,Moderata samlingspartiet,Örebro län,Enkammarriksdagen,1985,1988,platschef
7103,Berit Löfstedt,Socialdemokraterna,Östergötlands län,Enkammarriksdagen,1985,1988,ombudsman
7104,Berit Oscarsson,Socialdemokraterna,Västmanlands län,Enkammarriksdagen,1985,1988,studiesekreterare
7105,Berndt Ekholm,Socialdemokraterna,Älvsborgs läns södra,Enkammarriksdagen,1985,1988,arkitekt
7106,Bertil Danielsson,Moderata samlingspartiet,Kalmar län,Enkammarriksdagen,1985,1988,lantbrukare
7107,Bertil Fiskesjö,Centern,Malmöhus län,Enkammarriksdagen,1985,1988,högskolelektor
7108,Bertil Jonasson,Centern,Värmlands län,Enkammarriksdagen,1985,1988,småbrukare
7109,Bertil Måbrink,Vänsterpartiet kommunisterna,Gävleborgs län,Enkammarriksdagen,1985,1988,ombudsman
7110,Birger Hagård,Moderata samlingspartiet,Östergötlands län,Enkammarriksdagen,1985,1988,universitetslektor
7111,Birger Rosqvist,Socialdemokraterna,Kalmar län,Enkammarriksdagen,1985,1988,mästerlots
7112,Birgit Friggebo,Folkpartiet,Stockholms kommun,Enkammarriksdagen,1985,1988,riksgäldsfullmäktig
7113,Birgitta Dahl,Socialdemokraterna,Uppsala län,Enkammarriksdagen,1985,1988,statsråd
7114,Birgitta Hambraeus,Centern,Kopparbergs län,Enkammarriksdagen,1985,1988,filosofie kandidat
7115,Birgitta Johansson,Socialdemokraterna,Skaraborgs län,Enkammarriksdagen,1985,1988,metallarbetare
7116,Birgitta Rydle,Moderata samlingspartiet,Stockholms län,Enkammarriksdagen,1985,1988,ämneslärare
7117,Birthe Sörestedt,Socialdemokraterna,Fyrstadskretsen,Enkammarriksdagen,1985,1988,socionom
7118,Björn Körlof,Moderata samlingspartiet,Kopparbergs län,Enkammarriksdagen,1985,1988,departementssekr.
7119,Björn Molin,Folkpartiet,Göteborgs kommun,Enkammarriksdagen,1985,1988,f.d. statsråd
7120,Björn Samuelson,Vänsterpartiet kommunisterna,Värmlands län,Enkammarriksdagen,1985,1988,lärare
7121,Blenda Littmarck,Moderata samlingspartiet,Stockholms kommun,Enkammarriksdagen,1985,1988,politiker
7122,Bo Finnkvist,Socialdemokraterna,Värmlands län,Enkammarriksdagen,1985,1988,järnbruksarbetare
7123,Bo Forslund,Socialdemokraterna,Västernorrlands län,Enkammarriksdagen,1985,1988,ombudsman
7124,Bo Hammar,Vänsterpartiet kommunisterna,Stockholms kommun,Enkammarriksdagen,1985,1988,redaktör
7125,Bo Holmberg,Socialdemokraterna,Västernorrlands län,Enkammarriksdagen,1985,1988,statsråd
7126,Bo Lundgren,Moderata samlingspartiet,Kristianstads län,Enkammarriksdagen,1985,1988,civilekonom
7127,Bo Nilsson,Socialdemokraterna,Fyrstadskretsen,Enkammarriksdagen,1985,1988,kommunalråd
7128,Bo Södersten,Socialdemokraterna,Kopparbergs län,Enkammarriksdagen,1985,1988,professor
7129,Britta Bjelle,Folkpartiet,Norrbottens län,Enkammarriksdagen,1985,1988,distriktsåklagare
7130,Britta Hammarbacken,Centern,Örebro län,Enkammarriksdagen,1985,1988,leg. sjuksköterska
7131,Britta Sundin,Socialdemokraterna,Västernorrlands län,Enkammarriksdagen,1985,1988,kontorist
7132,Bruno Poromaa,Socialdemokraterna,Norrbottens län,Enkammarriksdagen,1985,1988,gruvarbetare
7133,Börje Hörnlund,Centern,Västerbottens län,Enkammarriksdagen,1985,1988,skogsmästare
7134,Börje Nilsson,Socialdemokraterna,Kristianstads län,Enkammarriksdagen,1985,1988,socionom
7135,Börje Stensson,Folkpartiet,Östergötlands län,Enkammarriksdagen,1985,1988,rektor
7136,Carl Bildt,Moderata samlingspartiet,Stockholms kommun,Enkammarriksdagen,1985,1988,politiker
7137,Carl-Johan Wilson,Folkpartiet,Jönköpings län,Enkammarriksdagen,1985,1988,förlagsredaktör
7138,Catarina Rönnung,Socialdemokraterna,Jönköpings län,Enkammarriksdagen,1985,1988,folkhögskollärare
7139,Charlotte Branting,Folkpartiet,Kronobergs län,Enkammarriksdagen,1985,1988,lärare
7140,Christer Eirefelt,Folkpartiet,Hallands län,Enkammarriksdagen,1985,1988,byggnadstekniker
7141,Christer Nilsson,Socialdemokraterna,Östergötlands län,Enkammarriksdagen,1985,1988,socionom
7142,Christina Flink,Socialdemokraterna,Västerbottens län,Enkammarriksdagen,1985,1988,
7143,Daniel Tarschys,Folkpartiet,Stockholms län,Enkammarriksdagen,1985,1988,professor
7144,Doris Håvik,Socialdemokraterna,Göteborgs kommun,Enkammarriksdagen,1985,1988,assistent
7145,Egon Jacobsson,Socialdemokraterna,Malmöhus län,Enkammarriksdagen,1985,1988,ombudsman
7146,Elisabeth Fleetwood,Moderata samlingspartiet,Stockholms kommun,Enkammarriksdagen,1985,1988,adjunkt
7147,Elver Jonsson,Folkpartiet,Älvsborgs läns norra,Enkammarriksdagen,1985,1988,brevbärare
7148,Elving Andersson,Centern,Bohuslän,Enkammarriksdagen,1985,1988,ombudsman
7149,Erik Holmkvist,Moderata samlingspartiet,Norrbottens län,Enkammarriksdagen,1985,1988,företagare
7150,Erik Hovhammar,Moderata samlingspartiet,Kronobergs län,Enkammarriksdagen,1985,1988,riksgäldsfullmäktig
7151,Erik Jansson,Socialdemokraterna,Värmlands län,Enkammarriksdagen,1985,1988,landstingsdirektör
7152,Erling Bager,Folkpartiet,Göteborgs kommun,Enkammarriksdagen,1985,1988,ingenjör
7153,Evert Hedberg,Socialdemokraterna,Hallands län,Enkammarriksdagen,1985,1988,ombudsman
7154,Evert Svensson,Socialdemokraterna,Bohuslän,Enkammarriksdagen,1985,1988,socionom
7155,Ewa Hedkvist Petersen,Socialdemokraterna,Norrbottens län,Enkammarriksdagen,1985,1988,familjerättssekreterare
7156,Ewy Möller,Moderata samlingspartiet,Kalmar län,Enkammarriksdagen,1985,1988,
7157,Filip Fridolfsson,Moderata samlingspartiet,Stockholms kommun,Enkammarriksdagen,1985,1988,fabrikör
7158,Georg Andersson,Socialdemokraterna,Västerbottens län,Enkammarriksdagen,1985,1988,rektor
7159,Gertrud Sigurdsen,Socialdemokraterna,Stockholms kommun,Enkammarriksdagen,1985,1988,statsråd
7160,Grethe Lundblad,Socialdemokraterna,Fyrstadskretsen,Enkammarriksdagen,1985,1988,socialinspektör
7161,Gudrun Norberg,Folkpartiet,Örebro län,Enkammarriksdagen,1985,1988,kommunalråd
7162,Gullan Lindblad,Moderata samlingspartiet,Värmlands län,Enkammarriksdagen,1985,1988,sjuksköterska
7163,Gunhild Bolander,Centern,Gotlands län,Enkammarriksdagen,1985,1988,ombudsman
7164,Gunilla André,Centern,Skaraborgs län,Enkammarriksdagen,1985,1988,politiker
7165,Gunnar Biörck,Moderata samlingspartiet,Stockholms län,Enkammarriksdagen,1985,1988,professor
7166,Gunnar Björk,Centern,Gävleborgs län,Enkammarriksdagen,1985,1988,bankkonsulent
7167,Gunnar Hökmark,Moderata samlingspartiet,Stockholms län,Enkammarriksdagen,1985,1988,civilekonom
7168,Gunnar Ström,Socialdemokraterna,Örebro län,Enkammarriksdagen,1985,1988,metallarbetare
7169,Gunnar Thollander,Socialdemokraterna,Uppsala län,Enkammarriksdagen,1985,1988,instruktör
7170,Gunnel Jonäng,Centern,Gävleborgs län,Enkammarriksdagen,1985,1988,studieinstruktör
7171,Gunnel Liljegren,Moderata samlingspartiet,Stockholms län,Enkammarriksdagen,1985,1988,adjunkt
7172,Gustav Persson,Socialdemokraterna,Uppsala län,Enkammarriksdagen,1985,1988,
7173,Göran Allmér,Moderata samlingspartiet,Södermanlands län,Enkammarriksdagen,1985,1988,rektor
7174,Göran Ericsson,Moderata samlingspartiet,Stockholms kommun,Enkammarriksdagen,1985,1988,kriminalinspektör
7175,Göran Magnusson,Socialdemokraterna,Västmanlands län,Enkammarriksdagen,1985,1988,kommunalråd
7176,Görel Bohlin,Moderata samlingspartiet,Stockholms län,Enkammarriksdagen,1985,1988,filosofie kandidat
7177,Gösta Andersson,Centern,Kalmar län,Enkammarriksdagen,1985,1988,skogsbrukare
7178,Gösta Bohman,Moderata samlingspartiet,Stockholms kommun,Enkammarriksdagen,1985,1988,f.d. statsråd
7179,Göte Jonsson,Moderata samlingspartiet,Jönköpings län,Enkammarriksdagen,1985,1988,kriminalinspektör
7180,Göthe Knutson,Moderata samlingspartiet,Värmlands län,Enkammarriksdagen,1985,1988,redaktör
7181,Hadar Cars,Folkpartiet,Stockholms kommun,Enkammarriksdagen,1985,1988,f.d. statsråd
7182,Hans Dau,Moderata samlingspartiet,Västerbottens län,Enkammarriksdagen,1985,1988,hemmansägare
7183,Hans Gustafsson,Socialdemokraterna,Blekinge län,Enkammarriksdagen,1985,1988,statsråd
7184,Hans Göran Franck,Socialdemokraterna,Stockholms län,Enkammarriksdagen,1985,1988,advokat
7185,Hans Lindblad,Folkpartiet,Gävleborgs län,Enkammarriksdagen,1985,1988,redaktör
7186,Hans Nyhage,Moderata samlingspartiet,Älvsborgs läns södra,Enkammarriksdagen,1985,1988,rektor
7187,Hans Petersson,Folkpartiet,Malmöhus län,Enkammarriksdagen,1985,1988,folkskollärare
7188,Hans Petersson,Vänsterpartiet kommunisterna,Västmanlands län,Enkammarriksdagen,1985,1988,ombudsman
7189,Hans Pettersson,Socialdemokraterna,Fyrstadskretsen,Enkammarriksdagen,1985,1988,kranmaskinist
7190,Hans Rosengren,Socialdemokraterna,Värmlands län,Enkammarriksdagen,1985,1988,ombudsman
7191,Helge Hagberg,Socialdemokraterna,Örebro län,Enkammarriksdagen,1985,1988,kommunalråd
7192,Helge Klöver,Socialdemokraterna,Jönköpings län,Enkammarriksdagen,1985,1988,järnvägsexpeditör
7193,Hugo Bergdahl,Folkpartiet,Västmanlands län,Enkammarriksdagen,1985,1988,polis
7194,Hugo Hegeland,Moderata samlingspartiet,Göteborgs kommun,Enkammarriksdagen,1985,1988,f.d. professor
7195,Håkan Stjernlöf,Moderata samlingspartiet,Gävleborgs län,Enkammarriksdagen,1985,1988,boktryckare
7196,Håkan Strömberg,Socialdemokraterna,Örebro län,Enkammarriksdagen,1985,1988,metallarbetare
7197,Ing-Marie Hansson,Socialdemokraterna,Gävleborgs län,Enkammarriksdagen,1985,1988,sjuksköterska
7198,Inga Lantz,Vänsterpartiet kommunisterna,Stockholms län,Enkammarriksdagen,1985,1988,industritjänsteman
7199,Inga-Britt Johansson,Socialdemokraterna,Göteborgs kommun,Enkammarriksdagen,1985,1988,inspektör
7200,Ingbritt Irhammar,Centern,Kristianstads län,Enkammarriksdagen,1985,1988,lågstadielärare
7201,Inge Carlsson,Socialdemokraterna,Östergötlands län,Enkammarriksdagen,1985,1988,metallarbetare
7202,Ingegerd Anderlund,Socialdemokraterna,Fyrstadskretsen,Enkammarriksdagen,1985,1988,vårdbiträde
7203,Ingegerd Elm,Socialdemokraterna,Jönköpings län,Enkammarriksdagen,1985,1988,politiker
7204,Ingegerd Troedsson,Moderata samlingspartiet,Uppsala län,Enkammarriksdagen,1985,1988,f.d. statsråd
7205,Ingemar Eliasson,Folkpartiet,Stockholms län,Enkammarriksdagen,1985,1988,f.d. statsråd
7206,Ingemar Konradsson,Socialdemokraterna,Örebro län,Enkammarriksdagen,1985,1988,
7207,Ingemund Bengtsson,Socialdemokraterna,Hallands län,Enkammarriksdagen,1985,1988,f.d. statsråd
7208,Inger Hestvik,Socialdemokraterna,Kopparbergs län,Enkammarriksdagen,1985,1988,studierektor
7209,Ingrid Andersson,Socialdemokraterna,Uppsala län,Enkammarriksdagen,1985,1988,sjuksköterska
7210,Ingrid Hasselström Nyvall,Folkpartiet,Kalmar län,Enkammarriksdagen,1985,1988,civilekonom
7211,Ingrid Hemmingsson,Moderata samlingspartiet,Jämtlands län,Enkammarriksdagen,1985,1988,hushållslärare
7212,Ingrid Ronne-Björkqvist,Folkpartiet,Jönköpings län,Enkammarriksdagen,1985,1988,läkare
7213,Ingrid Sundberg,Moderata samlingspartiet,Malmöhus län,Enkammarriksdagen,1985,1988,filosofie kandidat
7214,Ingvar Björk,Socialdemokraterna,Östergötlands län,Enkammarriksdagen,1985,1988,folkhögskollärare
7215,Ingvar Carlsson,Socialdemokraterna,Stockholms län,Enkammarriksdagen,1985,1988,statsråd
7216,Ingvar Eriksson,Moderata samlingspartiet,Kristianstads län,Enkammarriksdagen,1985,1988,lantbrukare
7217,Ingvar Johnsson,Socialdemokraterna,Älvsborgs läns norra,Enkammarriksdagen,1985,1988,studiesekreterare
7218,Ingvar Karlsson,Centern,Älvsborgs läns norra,Enkammarriksdagen,1985,1988,fabriksarbetare
7219,Iris Mårtensson,Socialdemokraterna,Gävleborgs län,Enkammarriksdagen,1985,1988,studieombudsman
7220,Iréne Vestlund,Socialdemokraterna,Kopparbergs län,Enkammarriksdagen,1985,1988,sjukvårdslärare
7221,Ivar Franzén,Centern,Hallands län,Enkammarriksdagen,1985,1988,lantmästare
7222,Ivar Nordberg,Socialdemokraterna,Stockholms län,Enkammarriksdagen,1985,1988,byggnadssnickare
7223,Ivar Virgin,Moderata samlingspartiet,Skaraborgs län,Enkammarriksdagen,1985,1988,civilekonom
7224,Jan Bergqvist,Socialdemokraterna,Göteborgs kommun,Enkammarriksdagen,1985,1988,sekreterare
7225,Jan Fransson,Socialdemokraterna,Skaraborgs län,Enkammarriksdagen,1985,1988,byrådirektör
7226,Jan Hyttring,Centern,Värmlands län,Enkammarriksdagen,1985,1988,ingenjör
7227,Jan-Erik Wikström,Folkpartiet,Stockholms kommun,Enkammarriksdagen,1985,1988,f.d. statsråd
7228,Jens Eriksson,Moderata samlingspartiet,Bohuslän,Enkammarriksdagen,1985,1988,ombudsman
7229,John Andersson,Vänsterpartiet kommunisterna,Västerbottens län,Enkammarriksdagen,1985,1988,skogsarbetare
7230,John Johnsson,Socialdemokraterna,Malmöhus län,Enkammarriksdagen,1985,1988,ombudsman
7231,Johnny Ahlqvist,Socialdemokraterna,Kristianstads län,Enkammarriksdagen,1985,1988,ombudsman
7232,Jörgen Ullenhag,Folkpartiet,Uppsala län,Enkammarriksdagen,1985,1988,byråchef
7233,Jörn Svensson,Vänsterpartiet kommunisterna,Fyrstadskretsen,Enkammarriksdagen,1985,1988,författare
7234,Kaj Larsson,Socialdemokraterna,Kristianstads län,Enkammarriksdagen,1985,1988,inköpare
7235,Karin Ahrland,Folkpartiet,Fyrstadskretsen,Enkammarriksdagen,1985,1988,f.d. statsråd
7236,Karin Israelsson,Centern,Västerbottens län,Enkammarriksdagen,1985,1988,distriktssköterska
7237,Karin Söder,Centern,Stockholms län,Enkammarriksdagen,1985,1988,f.d. statsråd
7238,Karl Björzén,Moderata samlingspartiet,Västmanlands län,Enkammarriksdagen,1985,1988,bergsingenjör
7239,Karl Boo,Centern,Kopparbergs län,Enkammarriksdagen,1985,1988,f.d. statsråd
7240,Karl Erik Eriksson,Folkpartiet,Värmlands län,Enkammarriksdagen,1985,1988,lantbrukare
7241,Karl Erik Olsson,Centern,Kristianstads län,Enkammarriksdagen,1985,1988,lantbrukare
7242,Karl-Anders Petersson,Centern,Blekinge län,Enkammarriksdagen,1985,1988,bankkamrer
7243,Karl-Erik Persson,Vänsterpartiet kommunisterna,Örebro län,Enkammarriksdagen,1985,1988,politiker
7244,Karl-Erik Svartberg,Socialdemokraterna,Bohuslän,Enkammarriksdagen,1985,1988,rektor
7245,Karl-Göran Biörsmark,Folkpartiet,Östergötlands län,Enkammarriksdagen,1985,1988,adjunkt
7246,Karl-Gösta Svenson,Moderata samlingspartiet,Blekinge län,Enkammarriksdagen,1985,1988,skattedirektör
7247,Kenth Skårvik,Folkpartiet,Bohuslän,Enkammarriksdagen,1985,1988,distriktschef
7248,Kersti Johansson,Centern,Jönköpings län,Enkammarriksdagen,1985,1988,lantbrukare
7249,Kerstin Ekman,Folkpartiet,Göteborgs kommun,Enkammarriksdagen,1985,1988,ingenjör
7250,Kerstin Gellerman,Folkpartiet,Älvsborgs läns norra,Enkammarriksdagen,1985,1988,farmaceut
7251,Kerstin Göthberg,Centern,Västmanlands län,Enkammarriksdagen,1985,1988,lantbrukare
7252,Kjell A. Mattsson,Centern,Bohuslän,Enkammarriksdagen,1985,1988,politiker
7253,Kjell Johansson,Folkpartiet,Södermanlands län,Enkammarriksdagen,1985,1988,fabrikör
7254,Kjell Nilsson,Socialdemokraterna,Kronobergs län,Enkammarriksdagen,1985,1988,metallarbetare
7255,Kjell Nordström,Socialdemokraterna,Skaraborgs län,Enkammarriksdagen,1985,1988,metallarbetare
7256,Kjell-Arne Welin,Folkpartiet,Fyrstadskretsen,Enkammarriksdagen,1985,1988,arbetsförmedlare
7257,Kjell-Olof Feldt,Socialdemokraterna,Kopparbergs län,Enkammarriksdagen,1985,1988,statsråd
7258,Knut Billing,Moderata samlingspartiet,Stockholms län,Enkammarriksdagen,1985,1988,politisk sekreterare
7259,Knut Wachtmeister,Moderata samlingspartiet,Malmöhus län,Enkammarriksdagen,1985,1988,lantmästare
7260,Kristina Svensson,Socialdemokraterna,Värmlands län,Enkammarriksdagen,1985,1988,rektor
7261,Kurt Hugosson,Socialdemokraterna,Göteborgs kommun,Enkammarriksdagen,1985,1988,avdelningschef
7262,Kurt Ove Johansson,Socialdemokraterna,Fyrstadskretsen,Enkammarriksdagen,1985,1988,ombudsman
7263,Lahja Exner,Socialdemokraterna,Älvsborgs läns södra,Enkammarriksdagen,1985,1988,textilarbeterska
7264,Lars Ahlmark,Moderata samlingspartiet,Uppsala län,Enkammarriksdagen,1985,1988,styrelseledamot
7265,Lars Ahlström,Moderata samlingspartiet,Göteborgs kommun,Enkammarriksdagen,1985,1988,konditor
7266,Lars De Geer,Folkpartiet,Kopparbergs län,Enkammarriksdagen,1985,1988,f.d. statsråd
7267,Lars Ernestam,Folkpartiet,Örebro län,Enkammarriksdagen,1985,1988,kulturchef
7268,Lars Gustafsson,Socialdemokraterna,Stockholms län,Enkammarriksdagen,1985,1988,sociolog
7269,Lars Hedfors,Socialdemokraterna,Kronobergs län,Enkammarriksdagen,1985,1988,politiker
7270,Lars Leijonborg,Folkpartiet,Stockholms län,Enkammarriksdagen,1985,1988,konsult
7271,Lars Nordström,Folkpartiet,Göteborgs kommun,Enkammarriksdagen,1985,1988,politiker
7272,Lars Sundin,Folkpartiet,Älvsborgs läns södra,Enkammarriksdagen,1985,1988,adjunkt
7273,Lars Svensson,Socialdemokraterna,Hallands län,Enkammarriksdagen,1985,1988,kontorsföreståndare
7274,Lars Tobisson,Moderata samlingspartiet,Göteborgs kommun,Enkammarriksdagen,1985,1988,filosofie doktor
7275,Lars Ulander,Socialdemokraterna,Stockholms kommun,Enkammarriksdagen,1985,1988,ombudsman
7276,Lars Werner,Vänsterpartiet kommunisterna,Stockholms kommun,Enkammarriksdagen,1985,1988,ombudsman
7277,Lars-Erik Lövdén,Socialdemokraterna,Fyrstadskretsen,Enkammarriksdagen,1985,1988,sekreterare
7278,Lars-Ove Hagberg,Vänsterpartiet kommunisterna,Kopparbergs län,Enkammarriksdagen,1985,1988,järnbruksarbetare
7279,Larz Johansson,Centern,Södermanlands län,Enkammarriksdagen,1985,1988,lantbrukare
7280,Leif Marklund,Socialdemokraterna,Norrbottens län,Enkammarriksdagen,1985,1988,ombudsman
7281,Leif Olsson,Folkpartiet,Bohuslän,Enkammarriksdagen,1985,1988,bankkamrer
7282,Lena Hjelm-Wallén,Socialdemokraterna,Västmanlands län,Enkammarriksdagen,1985,1988,statsråd
7283,Lena Öhrsvik,Socialdemokraterna,Kalmar län,Enkammarriksdagen,1985,1988,kurator
7284,Lennart Alsén,Folkpartiet,Blekinge län,Enkammarriksdagen,1985,1988,skolledare
7285,Lennart Andersson,Socialdemokraterna,Stockholms län,Enkammarriksdagen,1985,1988,studieombudsman
7286,Lennart Blom,Moderata samlingspartiet,Stockholms kommun,Enkammarriksdagen,1985,1988,juris kandidatexamen
7287,Lennart Brunander,Centern,Älvsborgs läns södra,Enkammarriksdagen,1985,1988,lantbrukare
7288,Lennart Holmsten,Socialdemokraterna,Gävleborgs län,Enkammarriksdagen,1985,1988,kommunalråd
7289,Lennart Nilsson,Socialdemokraterna,Bohuslän,Enkammarriksdagen,1985,1988,byggnadssnickare
7290,Lennart Pettersson,Socialdemokraterna,Fyrstadskretsen,Enkammarriksdagen,1985,1988,civilekonom
7291,Lilly Hansson,Socialdemokraterna,Västerbottens län,Enkammarriksdagen,1985,1988,sjukvårdare
7292,Lisbet Calner,Socialdemokraterna,Bohuslän,Enkammarriksdagen,1985,1988,postexpeditör
7293,Magnus Persson,Socialdemokraterna,Värmlands län,Enkammarriksdagen,1985,1988,ombudsman
7294,Maj Britt Theorin,Socialdemokraterna,Stockholms kommun,Enkammarriksdagen,1985,1988,ambassadör
7295,Maj-Lis Landberg,Socialdemokraterna,Östergötlands län,Enkammarriksdagen,1985,1988,riksgäldsfullmäktig
7296,Maj-Lis Lööw,Socialdemokraterna,Södermanlands län,Enkammarriksdagen,1985,1988,arbetsförmedlare
7297,Maja Bäckström,Socialdemokraterna,Kristianstads län,Enkammarriksdagen,1985,1988,politiker
7298,Margareta Andrén,Folkpartiet,Stockholms kommun,Enkammarriksdagen,1985,1988,kurator
7299,Margareta Fogelberg,Folkpartiet,Hallands län,Enkammarriksdagen,1985,1988,inredningsarkitekt
7300,Margareta Gard,Moderata samlingspartiet,Kopparbergs län,Enkammarriksdagen,1985,1988,politiker
7301,Margareta Hemmingsson,Socialdemokraterna,Västmanlands län,Enkammarriksdagen,1985,1988,lågstadielärare
7302,Margareta Mörck,Folkpartiet,Kristianstads län,Enkammarriksdagen,1985,1988,bibliotekarie
7303,Margareta Palmqvist,Socialdemokraterna,Stockholms län,Enkammarriksdagen,1985,1988,barnmorska
7304,Margareta Winberg,Socialdemokraterna,Jämtlands län,Enkammarriksdagen,1985,1988,lärare
7305,Margaretha af Ugglas,Moderata samlingspartiet,Stockholms kommun,Enkammarriksdagen,1985,1988,civilekonom
7306,Margit Gennser,Moderata samlingspartiet,Fyrstadskretsen,Enkammarriksdagen,1985,1988,civilekonom
7307,Margit Sandéhn,Socialdemokraterna,Malmöhus län,Enkammarriksdagen,1985,1988,textillärare
7308,Margitta Edgren,Folkpartiet,Fyrstadskretsen,Enkammarriksdagen,1985,1988,förlagschef
7309,Margó Ingvardsson,Vänsterpartiet kommunisterna,Stockholms kommun,Enkammarriksdagen,1985,1988,sjukgymnast
7310,Maria Leissner,Folkpartiet,Stockholms kommun,Enkammarriksdagen,1985,1988,sekreterare
7311,Marianne Andersson,Centern,Älvsborgs läns norra,Enkammarriksdagen,1985,1988,ekonom
7312,Marianne Karlsson,Centern,Östergötlands län,Enkammarriksdagen,1985,1988,politiker
7313,Marianne Stålberg,Socialdemokraterna,Jämtlands län,Enkammarriksdagen,1985,1988,skolkurator
7314,Marita Bengtsson,Socialdemokraterna,Södermanlands län,Enkammarriksdagen,1985,1988,inspektör
7315,Martin Olsson,Centern,Västernorrlands län,Enkammarriksdagen,1985,1988,bankkamrer
7316,Martin Segerstedt,Socialdemokraterna,Västernorrlands län,Enkammarriksdagen,1985,1988,arbetsförmedlare
7317,Mats Hellström,Socialdemokraterna,Stockholms kommun,Enkammarriksdagen,1985,1988,statsråd
7318,Maud Björnemalm,Socialdemokraterna,Örebro län,Enkammarriksdagen,1985,1988,kommunalråd
7319,Mona Sahlin,Socialdemokraterna,Stockholms län,Enkammarriksdagen,1985,1988,sekreterare
7320,Monica Andersson,Socialdemokraterna,Stockholms kommun,Enkammarriksdagen,1985,1988,statssekreterare
7321,Monica Öhman,Socialdemokraterna,Norrbottens län,Enkammarriksdagen,1985,1988,undersköterska
7322,Nic Grönvall,Moderata samlingspartiet,Hallands län,Enkammarriksdagen,1985,1988,advokat
7323,Nils Berndtson,Vänsterpartiet kommunisterna,Östergötlands län,Enkammarriksdagen,1985,1988,ombudsman
7324,Nils Carlshamre,Moderata samlingspartiet,Bohuslän,Enkammarriksdagen,1985,1988,lektor
7325,Nils Erik Wååg,Socialdemokraterna,Kristianstads län,Enkammarriksdagen,1985,1988,byggnadsingenjör
7326,Nils Nordh,Socialdemokraterna,Jönköpings län,Enkammarriksdagen,1985,1988,metallarbetare
7327,Nils T. Svensson,Socialdemokraterna,Fyrstadskretsen,Enkammarriksdagen,1985,1988,ombudsman
7328,Nils Åsling,Centern,Jämtlands län,Enkammarriksdagen,1985,1988,f.d. statsråd
7329,Nils-Olof Gustafsson,Socialdemokraterna,Jämtlands län,Enkammarriksdagen,1985,1988,ombudsman
7330,Olle Aulin,Moderata samlingspartiet,Fyrstadskretsen,Enkammarriksdagen,1985,1988,försvarsdirektör
7331,Olle Grahn,Folkpartiet,Skaraborgs län,Enkammarriksdagen,1985,1988,fabrikör
7332,Olle Göransson,Socialdemokraterna,Västmanlands län,Enkammarriksdagen,1985,1988,verkmästare
7333,Olle Svensson,Socialdemokraterna,Södermanlands län,Enkammarriksdagen,1985,1988,chefredaktör
7334,Olle Westberg,Socialdemokraterna,Gävleborgs län,Enkammarriksdagen,1985,1988,svarvare
7335,Olle Östrand,Socialdemokraterna,Gävleborgs län,Enkammarriksdagen,1985,1988,mätningsföreståndare
7336,Olof Johansson,Centern,Stockholms kommun,Enkammarriksdagen,1985,1988,f.d. statsråd
7337,Olof Palme,Socialdemokraterna,Stockholms kommun,Enkammarriksdagen,1985,1988,statsråd
7338,Oskar Lindkvist,Socialdemokraterna,Stockholms kommun,Enkammarriksdagen,1985,1988,organisationschef
7339,Oswald Söderqvist,Vänsterpartiet kommunisterna,Uppsala län,Enkammarriksdagen,1985,1988,byråsekreterare
7340,Ove Karlsson,Socialdemokraterna,Kopparbergs län,Enkammarriksdagen,1985,1988,skogsarbetare
7341,Owe Andréasson,Socialdemokraterna,Hallands län,Enkammarriksdagen,1985,1988,verktygsmakare
7342,Paul Lestander,Vänsterpartiet kommunisterna,Norrbottens län,Enkammarriksdagen,1985,1988,skogsarbetare
7343,Per Olof Håkansson,Socialdemokraterna,Malmöhus län,Enkammarriksdagen,1985,1988,byggnadsingenjör
7344,Per Stenmarck,Moderata samlingspartiet,Malmöhus län,Enkammarriksdagen,1985,1988,tjänsteman
7345,Per Unckel,Moderata samlingspartiet,Östergötlands län,Enkammarriksdagen,1985,1988,politiker
7346,Per Westerberg,Moderata samlingspartiet,Södermanlands län,Enkammarriksdagen,1985,1988,civilekonom
7347,Per-Ola Eriksson,Centern,Norrbottens län,Enkammarriksdagen,1985,1988,ombudsman
7348,Per-Olof Strindberg,Moderata samlingspartiet,Östergötlands län,Enkammarriksdagen,1985,1988,länsombudsman
7349,Per-Richard Molén,Moderata samlingspartiet,Västernorrlands län,Enkammarriksdagen,1985,1988,företagare
7350,Pär Granstedt,Centern,Stockholms län,Enkammarriksdagen,1985,1988,filosofie kandidat
7351,Ralf Lindström,Socialdemokraterna,Blekinge län,Enkammarriksdagen,1985,1988,ombudsman
7352,Roine Carlsson,Socialdemokraterna,Värmlands län,Enkammarriksdagen,1985,1988,statsråd
7353,Roland Brännström,Socialdemokraterna,Västerbottens län,Enkammarriksdagen,1985,1988,verkmästare
7354,Roland Sundgren,Socialdemokraterna,Västmanlands län,Enkammarriksdagen,1985,1988,ombudsman
7355,Rolf Clarkson,Moderata samlingspartiet,Fyrstadskretsen,Enkammarriksdagen,1985,1988,direktör
7356,Rolf Dahlberg,Moderata samlingspartiet,Gävleborgs län,Enkammarriksdagen,1985,1988,yrkesvalslärare
7357,Rolf Kenneryd,Centern,Hallands län,Enkammarriksdagen,1985,1988,skogsinspektor
7358,Rosa Östh,Centern,Uppsala län,Enkammarriksdagen,1985,1988,lantbrukare
7359,Rune Backlund,Centern,Jönköpings län,Enkammarriksdagen,1985,1988,ombudsman
7360,Rune Evensson,Socialdemokraterna,Älvsborgs läns norra,Enkammarriksdagen,1985,1988,politiker
7361,Rune Gustavsson,Centern,Kronobergs län,Enkammarriksdagen,1985,1988,f.d. statsråd
7362,Rune Johansson,Socialdemokraterna,Älvsborgs läns norra,Enkammarriksdagen,1985,1988,verkmästare
7363,Rune Jonsson,Socialdemokraterna,Västernorrlands län,Enkammarriksdagen,1985,1988,elektriker
7364,Rune Rydén,Moderata samlingspartiet,Fyrstadskretsen,Enkammarriksdagen,1985,1988,filosofie licentiat
7365,Rune Thorén,Centern,Göteborgs kommun,Enkammarriksdagen,1985,1988,socionom
7366,Rune Ångström,Folkpartiet,Västerbottens län,Enkammarriksdagen,1985,1988,direktör
7367,Sigge Godin,Folkpartiet,Västernorrlands län,Enkammarriksdagen,1985,1988,förste inspektör
7368,Siri Häggmark,Moderata samlingspartiet,Bohuslän,Enkammarriksdagen,1985,1988,distriktssköterska
7369,Sivert Andersson,Socialdemokraterna,Stockholms kommun,Enkammarriksdagen,1985,1988,metallarbetare
7370,Siw Persson,Folkpartiet,Malmöhus län,Enkammarriksdagen,1985,1988,gymnasieekonom
7371,Sonja Rembo,Moderata samlingspartiet,Göteborgs kommun,Enkammarriksdagen,1985,1988,sekreterare
7372,Staffan Burenstam Linder,Moderata samlingspartiet,Stockholms län,Enkammarriksdagen,1985,1988,ekonom
7373,Sten Andersson,Socialdemokraterna,Stockholms kommun,Enkammarriksdagen,1985,1988,statsråd
7374,Sten Andersson,Moderata samlingspartiet,Fyrstadskretsen,Enkammarriksdagen,1985,1988,varvsarbetare
7375,Sten Sture Paterson,Moderata samlingspartiet,Älvsborgs läns norra,Enkammarriksdagen,1985,1988,filosofie doktor
7376,Sten Svensson,Moderata samlingspartiet,Skaraborgs län,Enkammarriksdagen,1985,1988,informationschef
7377,Sten Östlund,Socialdemokraterna,Göteborgs kommun,Enkammarriksdagen,1985,1988,metallarbetare
7378,Sten-Ove Sundström,Socialdemokraterna,Norrbottens län,Enkammarriksdagen,1985,1988,järnverksarbetare
7379,Stig Alemyr,Socialdemokraterna,Kalmar län,Enkammarriksdagen,1985,1988,rektor
7380,Stig Josefsson,Centern,Malmöhus län,Enkammarriksdagen,1985,1988,lantbrukare
7381,Stig Rindborg,Moderata samlingspartiet,Stockholms län,Enkammarriksdagen,1985,1988,advokat
7382,Sture Ericson,Socialdemokraterna,Örebro län,Enkammarriksdagen,1985,1988,redaktör
7383,Sture Thun,Socialdemokraterna,Östergötlands län,Enkammarriksdagen,1985,1988,elmästare
7384,Svante Lundkvist,Socialdemokraterna,Södermanlands län,Enkammarriksdagen,1985,1988,statsråd
7385,Sven Eric Lorentzon,Moderata samlingspartiet,Hallands län,Enkammarriksdagen,1985,1988,lantbrukare
7386,Sven Henricsson,Vänsterpartiet kommunisterna,Västernorrlands län,Enkammarriksdagen,1985,1988,
7387,Sven Hulterström,Socialdemokraterna,Göteborgs kommun,Enkammarriksdagen,1985,1988,statsråd
7388,Sven Lundberg,Socialdemokraterna,Västernorrlands län,Enkammarriksdagen,1985,1988,ombudsman
7389,Sven Munke,Moderata samlingspartiet,Fyrstadskretsen,Enkammarriksdagen,1985,1988,lantbrukare
7390,Sven-Gösta Signell,Socialdemokraterna,Skaraborgs län,Enkammarriksdagen,1985,1988,ombudsman
7391,Sverre Palm,Socialdemokraterna,Bohuslän,Enkammarriksdagen,1985,1988,järnvägstjänsteman
7392,Sylvia Pettersson,Socialdemokraterna,Stockholms län,Enkammarriksdagen,1985,1988,kontorist
7393,Sören Lekberg,Socialdemokraterna,Stockholms län,Enkammarriksdagen,1985,1988,ombudsman
7394,Thage G. Peterson,Socialdemokraterna,Stockholms län,Enkammarriksdagen,1985,1988,statsråd
7395,Thorbjörn Fälldin,Centern,Västernorrlands län,Enkammarriksdagen,1985,1988,lantbrukare
7396,Tommy Franzén,Vänsterpartiet kommunisterna,Stockholms län,Enkammarriksdagen,1985,1988,elektriker
7397,Tore Claeson,Vänsterpartiet kommunisterna,Stockholms län,Enkammarriksdagen,1985,1988,hyresgästombudsman
7398,Torsten Karlsson,Socialdemokraterna,Östergötlands län,Enkammarriksdagen,1985,1988,metallarbetare
7399,Ulf Adelsohn,Moderata samlingspartiet,Stockholms kommun,Enkammarriksdagen,1985,1988,f.d. statsråd
7400,Ulf Lönnqvist,Socialdemokraterna,Stockholms län,Enkammarriksdagen,1985,1988,statssekreterare
7401,Ulla Johansson,Socialdemokraterna,Kronobergs län,Enkammarriksdagen,1985,1988,lågstadielärare
7402,Ulla Orring,Folkpartiet,Västerbottens län,Enkammarriksdagen,1985,1988,fru
7403,Ulla Pettersson,Socialdemokraterna,Gotlands län,Enkammarriksdagen,1985,1988,socialsekreterare
7404,Ulla Tillander,Centern,Fyrstadskretsen,Enkammarriksdagen,1985,1988,ämneslärare
7405,Viola Claesson,Vänsterpartiet kommunisterna,Göteborgs kommun,Enkammarriksdagen,1985,1988,bibliotekarie
7406,Viola Furubjelke,Socialdemokraterna,Östergötlands län,Enkammarriksdagen,1985,1988,utredningssekreterare
7407,Wiggo Komstedt,Moderata samlingspartiet,Kristianstads län,Enkammarriksdagen,1985,1988,försäljningschef
7408,Wivi-Anne Cederqvist,Socialdemokraterna,Gävleborgs län,Enkammarriksdagen,1985,1988,arbetsförmedlare
7409,Wivi-Anne Radesjö,Socialdemokraterna,Älvsborgs läns norra,Enkammarriksdagen,1985,1988,
7410,Ylva Annerstedt,Folkpartiet,Stockholms län,Enkammarriksdagen,1985,1988,lärare
7411,Yngve Nyquist,Socialdemokraterna,Kopparbergs län,Enkammarriksdagen,1985,1988,personalintendent
7412,Yvonne Sandberg-Fries,Socialdemokraterna,Blekinge län,Enkammarriksdagen,1985,1988,avdelningschef
7413,Åke Gustavsson,Socialdemokraterna,Jönköpings län,Enkammarriksdagen,1985,1988,redaktör
7414,Åke Selberg,Socialdemokraterna,Norrbottens län,Enkammarriksdagen,1985,1988,hemmansägare
7415,Åsa Strömbäck-Norrman,Socialdemokraterna,Norrbottens län,Enkammarriksdagen,1985,1988,
7416,Agne Hansson,Centerpartiet,Kalmar län,Enkammarriksdagen,1988,1991,ämneslärare
7417,Aina Westin,Socialdemokraterna,Stockholms län,Enkammarriksdagen,1988,1991,ombudsman
7418,Alexander Chrisopoulos,Vänsterpartiet kommunisterna,Göteborgs kommun,Enkammarriksdagen,1988,1991,truckförare
7419,Alf Wennerfors,Moderata samlingspartiet,Stockholms län,Enkammarriksdagen,1988,1991,fondsekreterare
7420,Allan Ekström,Moderata samlingspartiet,Stockholms län,Enkammarriksdagen,1988,1991,hovrättsråd
7421,Anders Andersson,Moderata samlingspartiet,Västmanlands län,Enkammarriksdagen,1988,1991,
7422,Anders Björck,Moderata samlingspartiet,Jönköpings län,Enkammarriksdagen,1988,1991,vice ordförande i KU
7423,Anders Castberger,Folkpartiet,Älvsborgs läns norra,Enkammarriksdagen,1988,1991,riksombudsman
7424,Anders Högmark,Moderata samlingspartiet,Kronobergs län,Enkammarriksdagen,1988,1991,civilekonom
7425,Anders Nilsson,Socialdemokraterna,Skaraborgs län,Enkammarriksdagen,1988,1991,arbetsförmedlare
7426,Anders Svärd,Centerpartiet,Örebro län,Enkammarriksdagen,1988,1991,vägmästare
7427,Anita Gradin,Socialdemokraterna,Stockholms kommun,Enkammarriksdagen,1988,1991,statsråd
7428,Anita Johansson,Socialdemokraterna,Stockholms län,Enkammarriksdagen,1988,1991,undersköterska
7429,Anita Jönsson,Socialdemokraterna,Malmöhus län,Enkammarriksdagen,1988,1991,lågstadielärare
7430,Anita Modin,Socialdemokraterna,Stockholms kommun,Enkammarriksdagen,1988,1991,förbundssekreterare
7431,Anita Persson,Socialdemokraterna,Södermanlands län,Enkammarriksdagen,1988,1991,socialkamrer
7432,Anita Stenberg,Miljöpartiet de Gröna,Fyrstadskretsen,Enkammarriksdagen,1988,1991,tandläkare
7433,Ann-Cathrine Haglund,Moderata samlingspartiet,Örebro län,Enkammarriksdagen,1988,1991,adjunkt
7434,Anna Horn af Rantzien,Miljöpartiet de Gröna,Stockholms län,Enkammarriksdagen,1988,1991,författare
7435,Anna Wohlin-Andersson,Centerpartiet,Östergötlands län,Enkammarriksdagen,1988,1991,lantbrukare
7436,Anna-Greta Leijon,Socialdemokraterna,Stockholms län,Enkammarriksdagen,1988,1991,f.d. statsråd
7437,Anne Wibble,Folkpartiet,Stockholms län,Enkammarriksdagen,1988,1991,riksgäldsfullmäktig
7438,Annika Åhnberg,Vänsterpartiet kommunisterna,Stockholms län,Enkammarriksdagen,1988,1991,socionom
7439,Arne Andersson,Socialdemokraterna,Kalmar län,Enkammarriksdagen,1988,1991,inspektör
7440,Arne Andersson,Moderata samlingspartiet,Älvsborgs läns norra,Enkammarriksdagen,1988,1991,lantbrukare
7441,Arne Gadd,Socialdemokraterna,Uppsala län,Enkammarriksdagen,1988,1991,revisionsdirektör
7442,Arne Kjörnsberg,Socialdemokraterna,Älvsborgs läns södra,Enkammarriksdagen,1988,1991,ombudsman
7443,Arne Mellqvist,Socialdemokraterna,Kopparbergs län,Enkammarriksdagen,1988,1991,kanslichef
7444,Axel Andersson,Socialdemokraterna,Gävleborgs län,Enkammarriksdagen,1988,1991,kronojägare
7445,Barbro Sandberg,Folkpartiet,Uppsala län,Enkammarriksdagen,1988,1991,lärare
7446,Barbro Westerholm,Folkpartiet,Stockholms kommun,Enkammarriksdagen,1988,1991,f.d. generaldirektör
7447,Beatrice Ask,Moderata samlingspartiet,Stockholms kommun,Enkammarriksdagen,1988,1991,ordförande MUF
7448,Bengt Göransson,Socialdemokraterna,Göteborgs kommun,Enkammarriksdagen,1988,1991,statsråd
7449,Bengt Harding Olson,Folkpartiet,Kristianstads län,Enkammarriksdagen,1988,1991,chefsåklagare
7450,Bengt Kindbom,Centerpartiet,Skaraborgs län,Enkammarriksdagen,1988,1991,sekreterare
7451,Bengt Kronblad,Socialdemokraterna,Kalmar län,Enkammarriksdagen,1988,1991,ombudsman
7452,Bengt Lindqvist,Socialdemokraterna,Stockholms kommun,Enkammarriksdagen,1988,1991,statsråd
7453,Bengt Rosén,Folkpartiet,Skaraborgs län,Enkammarriksdagen,1988,1991,företagare
7454,Bengt Silfverstrand,Socialdemokraterna,Malmöhus län,Enkammarriksdagen,1988,1991,företagsekonom
7455,Bengt Westerberg,Folkpartiet,Stockholms län,Enkammarriksdagen,1988,1991,partiordförande
7456,Bengt-Ola Ryttar,Socialdemokraterna,Kopparbergs län,Enkammarriksdagen,1988,1991,ombudsman
7457,Berit Löfstedt,Socialdemokraterna,Östergötlands län,Enkammarriksdagen,1988,1991,ombudsman
7458,Berit Oscarsson,Socialdemokraterna,Västmanlands län,Enkammarriksdagen,1988,1991,studiesekreterare
7459,Berith Eriksson,Vänsterpartiet kommunisterna,Uppsala län,Enkammarriksdagen,1988,1991,förskollärare
7460,Berndt Ekholm,Socialdemokraterna,Älvsborgs läns södra,Enkammarriksdagen,1988,1991,planeringssekreterare
7461,Bertil Danielsson,Moderata samlingspartiet,Kalmar län,Enkammarriksdagen,1988,1991,lantbrukare
7462,Bertil Fiskesjö,Centerpartiet,Malmöhus län,Enkammarriksdagen,1988,1991,högskolelektor
7463,Bertil Måbrink,Vänsterpartiet kommunisterna,Gävleborgs län,Enkammarriksdagen,1988,1991,ombudsman
7464,Bertil Persson,Moderata samlingspartiet,Fyrstadskretsen,Enkammarriksdagen,1988,1991,biträdande överläkare
7465,Birger Andersson,Centerpartiet,Västmanlands län,Enkammarriksdagen,1988,1991,rektor
7466,Birger Hagård,Moderata samlingspartiet,Östergötlands län,Enkammarriksdagen,1988,1991,högskolelektor
7467,Birger Rosqvist,Socialdemokraterna,Kalmar län,Enkammarriksdagen,1988,1991,mästerlots
7468,Birgit Friggebo,Folkpartiet,Stockholms kommun,Enkammarriksdagen,1988,1991,f.d. statsråd
7469,Birgitta Dahl,Socialdemokraterna,Uppsala län,Enkammarriksdagen,1988,1991,statsråd
7470,Birgitta Hambraeus,Centerpartiet,Kopparbergs län,Enkammarriksdagen,1988,1991,filosofie kandidat
7471,Birgitta Johansson,Socialdemokraterna,Skaraborgs län,Enkammarriksdagen,1988,1991,metallarbetare
7472,Birthe Sörestedt,Socialdemokraterna,Fyrstadskretsen,Enkammarriksdagen,1988,1991,socionom
7473,Björn Körlof,Moderata samlingspartiet,Kopparbergs län,Enkammarriksdagen,1988,1991,departementssekr.
7474,Björn Samuelson,Vänsterpartiet kommunisterna,Värmlands län,Enkammarriksdagen,1988,1991,maskinist
7475,Bo Finnkvist,Socialdemokraterna,Värmlands län,Enkammarriksdagen,1988,1991,järnbruksarbetare
7476,Bo Forslund,Socialdemokraterna,Västernorrlands län,Enkammarriksdagen,1988,1991,ombudsman
7477,Bo Hammar,Vänsterpartiet kommunisterna,Stockholms kommun,Enkammarriksdagen,1988,1991,redaktör
7478,Bo Holmberg,Socialdemokraterna,Västernorrlands län,Enkammarriksdagen,1988,1991,statsråd[2]
7479,Bo Lundgren,Moderata samlingspartiet,Kristianstads län,Enkammarriksdagen,1988,1991,civilekonom
7480,Bo Nilsson,Socialdemokraterna,Fyrstadskretsen,Enkammarriksdagen,1988,1991,kommunalråd
7481,Britt Bohlin,Socialdemokraterna,Älvsborgs läns norra,Enkammarriksdagen,1988,1991,vårdare
7482,Britta Bjelle,Folkpartiet,Norrbottens län,Enkammarriksdagen,1988,1991,distriktsåklagare
7483,Britta Sundin,Socialdemokraterna,Västernorrlands län,Enkammarriksdagen,1988,1991,kontorist
7484,Bruno Poromaa,Socialdemokraterna,Norrbottens län,Enkammarriksdagen,1988,1991,gruvarbetare
7485,Börje Hörnlund,Centerpartiet,Västerbottens län,Enkammarriksdagen,1988,1991,skogsmästare
7486,Börje Nilsson,Socialdemokraterna,Kristianstads län,Enkammarriksdagen,1988,1991,socionom
7487,Carl Bildt,Moderata samlingspartiet,Stockholms kommun,Enkammarriksdagen,1988,1991,partiordförande
7488,Carl Frick,Miljöpartiet de Gröna,Skaraborgs län,Enkammarriksdagen,1988,1991,bergsingenjör
7489,Carl G. Nilsson,Moderata samlingspartiet,Östergötlands län,Enkammarriksdagen,1988,1991,lantbrukare
7490,Carl-Johan Wilson,Folkpartiet,Jönköpings län,Enkammarriksdagen,1988,1991,förlagsredaktör
7491,Catarina Rönnung,Socialdemokraterna,Jönköpings län,Enkammarriksdagen,1988,1991,folkhögskollärare
7492,Charlotte Branting,Folkpartiet,Kronobergs län,Enkammarriksdagen,1988,1991,hushållslärare
7493,Charlotte Cederschiöld,Moderata samlingspartiet,Stockholms kommun,Enkammarriksdagen,1988,1991,näringspolitisk sekr.
7494,Christer Eirefelt,Folkpartiet,Hallands län,Enkammarriksdagen,1988,1991,byggnadstekniker
7495,Christer Nilsson,Socialdemokraterna,Östergötlands län,Enkammarriksdagen,1988,1991,socionom
7496,Christer Skoog,Socialdemokraterna,Blekinge län,Enkammarriksdagen,1988,1991,plåtslagare
7497,Claes Roxbergh,Miljöpartiet de Gröna,Göteborgs kommun,Enkammarriksdagen,1988,1991,filosofie licentiat
7498,Daniel Tarschys,Folkpartiet,Stockholms län,Enkammarriksdagen,1988,1991,professor
7499,Doris Håvik,Socialdemokraterna,Göteborgs kommun,Enkammarriksdagen,1988,1991,assistent
7500,Elisabet Franzén,Miljöpartiet de Gröna,Göteborgs kommun,Enkammarriksdagen,1988,1991,
7501,Elisabeth Fleetwood,Moderata samlingspartiet,Stockholms kommun,Enkammarriksdagen,1988,1991,adjunkt
7502,Elisabeth Persson,Vänsterpartiet kommunisterna,Östergötlands län,Enkammarriksdagen,1988,1991,
7503,Elver Jonsson,Folkpartiet,Älvsborgs läns norra,Enkammarriksdagen,1988,1991,postiljon
7504,Elving Andersson,Centerpartiet,Bohuslän,Enkammarriksdagen,1988,1991,ombudsman
7505,Erik Holmkvist,Moderata samlingspartiet,Norrbottens län,Enkammarriksdagen,1988,1991,företagare
7506,Erling Bager,Folkpartiet,Göteborgs kommun,Enkammarriksdagen,1988,1991,ingenjör
7507,Eva Björne,Moderata samlingspartiet,Västernorrlands län,Enkammarriksdagen,1988,1991,filosofie magister
7508,Eva Goës,Miljöpartiet de Gröna,Stockholms län,Enkammarriksdagen,1988,1991,agronom
7509,Eva Johansson,Socialdemokraterna,Stockholms län,Enkammarriksdagen,1988,1991,ombudsman
7510,Evert Svensson,Socialdemokraterna,Bohuslän,Enkammarriksdagen,1988,1991,socionom
7511,Ewa Hedkvist Petersen,Socialdemokraterna,Norrbottens län,Enkammarriksdagen,1988,1991,familjerättssekreterare
7512,Ewy Möller,Moderata samlingspartiet,Kalmar län,Enkammarriksdagen,1988,1991,
7513,Filip Fridolfsson,Moderata samlingspartiet,Stockholms kommun,Enkammarriksdagen,1988,1991,fabrikör
7514,Georg Andersson,Socialdemokraterna,Västerbottens län,Enkammarriksdagen,1988,1991,rektor
7515,Gertrud Sigurdsen,Socialdemokraterna,Stockholms kommun,Enkammarriksdagen,1988,1991,statsråd
7516,Grethe Lundblad,Socialdemokraterna,Fyrstadskretsen,Enkammarriksdagen,1988,1991,socialinspektör
7517,Gudrun Norberg,Folkpartiet,Örebro län,Enkammarriksdagen,1988,1991,kommunalråd
7518,Gudrun Schyman,Vänsterpartiet kommunisterna,Stockholms län,Enkammarriksdagen,1988,1991,socionom
7519,Gullan Lindblad,Moderata samlingspartiet,Värmlands län,Enkammarriksdagen,1988,1991,sjuksköterska
7520,Gunhild Bolander,Centerpartiet,Gotlands län,Enkammarriksdagen,1988,1991,ombudsman
7521,Gunilla André,Centerpartiet,Skaraborgs län,Enkammarriksdagen,1988,1991,politiker
7522,Gunnar Björk,Centerpartiet,Gävleborgs län,Enkammarriksdagen,1988,1991,bankkonsulent
7523,Gunnar Hökmark,Moderata samlingspartiet,Stockholms län,Enkammarriksdagen,1988,1991,civilekonom
7524,Gunnar Nilsson,Socialdemokraterna,Malmöhus län,Enkammarriksdagen,1988,1991,ombudsman
7525,Gunnar Thollander,Socialdemokraterna,Uppsala län,Enkammarriksdagen,1988,1991,förrådsförvaltare
7526,Gustav Persson,Socialdemokraterna,Uppsala län,Enkammarriksdagen,1988,1991,
7527,Göran Allmér,Moderata samlingspartiet,Södermanlands län,Enkammarriksdagen,1988,1991,rektor
7528,Göran Engström,Centerpartiet,Kopparbergs län,Enkammarriksdagen,1988,1991,skogsbrukare
7529,Göran Magnusson,Socialdemokraterna,Västmanlands län,Enkammarriksdagen,1988,1991,kommunalråd
7530,Göran Åstrand,Moderata samlingspartiet,Stockholms kommun,Enkammarriksdagen,1988,1991,konsulent
7531,Görel Bohlin,Moderata samlingspartiet,Stockholms län,Enkammarriksdagen,1988,1991,filosofie kandidat
7532,Görel Thurdin,Centerpartiet,Västernorrlands län,Enkammarriksdagen,1988,1991,politices magister
7533,Gösta Bohman,Moderata samlingspartiet,Stockholms kommun,Enkammarriksdagen,1988,1991,f.d. statsråd
7534,Gösta Lyngå,Miljöpartiet de Gröna,Malmöhus län,Enkammarriksdagen,1988,1991,docent
7535,Göthe Knutson,Moderata samlingspartiet,Värmlands län,Enkammarriksdagen,1988,1991,redaktör
7536,Hadar Cars,Folkpartiet,Stockholms kommun,Enkammarriksdagen,1988,1991,f.d. statsråd
7537,Hans Dau,Moderata samlingspartiet,Västerbottens län,Enkammarriksdagen,1988,1991,hemmansägare
7538,Hans Gustafsson,Socialdemokraterna,Blekinge län,Enkammarriksdagen,1988,1991,statsråd[1]
7539,Hans Göran Franck,Socialdemokraterna,Stockholms län,Enkammarriksdagen,1988,1991,advokat
7540,Hans Leghammar,Miljöpartiet de Gröna,Hallands län,Enkammarriksdagen,1988,1991,slöjdlärare
7541,Hans Lindblad,Folkpartiet,Gävleborgs län,Enkammarriksdagen,1988,1991,redaktör
7542,Hans Nyhage,Moderata samlingspartiet,Älvsborgs läns södra,Enkammarriksdagen,1988,1991,rektor
7543,Hans Petersson,Vänsterpartiet kommunisterna,Västmanlands län,Enkammarriksdagen,1988,1991,ombudsman
7544,Hans Rosengren,Socialdemokraterna,Värmlands län,Enkammarriksdagen,1988,1991,ombudsman
7545,Helge Hagberg,Socialdemokraterna,Örebro län,Enkammarriksdagen,1988,1991,kommunalråd
7546,Hugo Bergdahl,Folkpartiet,Västmanlands län,Enkammarriksdagen,1988,1991,flottiljpolis
7547,Hugo Hegeland,Moderata samlingspartiet,Göteborgs kommun,Enkammarriksdagen,1988,1991,f.d. professor
7548,Håkan Hansson,Centerpartiet,Malmöhus län,Enkammarriksdagen,1988,1991,marknadsdirektör
7549,Håkan Holmberg,Folkpartiet,Uppsala län,Enkammarriksdagen,1988,1991,journalist
7550,Håkan Strömberg,Socialdemokraterna,Örebro län,Enkammarriksdagen,1988,1991,metallarbetare
7551,Ing-Britt Nygren,Moderata samlingspartiet,Bohuslän,Enkammarriksdagen,1988,1991,
7552,Inga-Britt Johansson,Socialdemokraterna,Göteborgs kommun,Enkammarriksdagen,1988,1991,inspektör
7553,Ingbritt Irhammar,Centerpartiet,Kristianstads län,Enkammarriksdagen,1988,1991,lågstadielärare
7554,Inge Carlsson,Socialdemokraterna,Östergötlands län,Enkammarriksdagen,1988,1991,metallarbetare
7555,Ingegerd Anderlund,Socialdemokraterna,Fyrstadskretsen,Enkammarriksdagen,1988,1991,vårdbiträde
7556,Ingegerd Elm,Socialdemokraterna,Jönköpings län,Enkammarriksdagen,1988,1991,kontorist
7557,Ingegerd Sahlström,Socialdemokraterna,Hallands län,Enkammarriksdagen,1988,1991,rektor
7558,Ingegerd Troedsson,Moderata samlingspartiet,Uppsala län,Enkammarriksdagen,1988,1991,f.d. statsråd
7559,Ingegerd Wärnersson,Socialdemokraterna,Kristianstads län,Enkammarriksdagen,1988,1991,lågstadielärare
7560,Ingela Gardner,Moderata samlingspartiet,Stockholms län,Enkammarriksdagen,1988,1991,departementssekr.
7561,Ingela Mårtensson,Folkpartiet,Göteborgs kommun,Enkammarriksdagen,1988,1991,utredningssekreterare
7562,Ingela Thalén,Socialdemokraterna,Stockholms län,Enkammarriksdagen,1988,1991,statsråd
7563,Ingemar Eliasson,Folkpartiet,Stockholms län,Enkammarriksdagen,1988,1991,civilekonom
7564,Inger Hestvik,Socialdemokraterna,Kopparbergs län,Enkammarriksdagen,1988,1991,studierektor
7565,Inger Koch,Moderata samlingspartiet,Stockholms län,Enkammarriksdagen,1988,1991,laboratorieassistent
7566,Inger Schörling,Miljöpartiet de Gröna,Gävleborgs län,Enkammarriksdagen,1988,1991,kulturgeograf
7567,Ingrid Andersson,Socialdemokraterna,Uppsala län,Enkammarriksdagen,1988,1991,sjuksköterska
7568,Ingrid Hasselström-Nyvall,Folkpartiet,Kalmar län,Enkammarriksdagen,1988,1991,civilekonom
7569,Ingrid Hemmingsson,Moderata samlingspartiet,Jämtlands län,Enkammarriksdagen,1988,1991,hushållslärare
7570,Ingrid Ronne-Björkqvist,Folkpartiet,Jönköpings län,Enkammarriksdagen,1988,1991,barnläkare
7571,Ingrid Sundberg,Moderata samlingspartiet,Malmöhus län,Enkammarriksdagen,1988,1991,filosofie kandidat
7572,Ingvar Björk,Socialdemokraterna,Östergötlands län,Enkammarriksdagen,1988,1991,folkhögskollärare
7573,Ingvar Carlsson,Socialdemokraterna,Stockholms län,Enkammarriksdagen,1988,1991,statsminister
7574,Ingvar Eriksson,Moderata samlingspartiet,Kristianstads län,Enkammarriksdagen,1988,1991,lantbrukare
7575,Ingvar Johnsson,Socialdemokraterna,Älvsborgs läns norra,Enkammarriksdagen,1988,1991,studiesekreterare
7576,Ingvar Karlsson,Centerpartiet,Älvsborgs läns norra,Enkammarriksdagen,1988,1991,arbetsledare
7577,Iris Mårtensson,Socialdemokraterna,Gävleborgs län,Enkammarriksdagen,1988,1991,studieombudsman
7578,Iréne Vestlund,Socialdemokraterna,Kopparbergs län,Enkammarriksdagen,1988,1991,sjukvårdslärare
7579,Isa Halvarsson,Folkpartiet,Värmlands län,Enkammarriksdagen,1988,1991,tandläkare
7580,Ivar Franzén,Centerpartiet,Hallands län,Enkammarriksdagen,1988,1991,lantmästare
7581,Ivar Nordberg,Socialdemokraterna,Stockholms län,Enkammarriksdagen,1988,1991,statsråd
7582,Ivar Virgin,Moderata samlingspartiet,Skaraborgs län,Enkammarriksdagen,1988,1991,civilekonom
7583,Jan Andersson,Socialdemokraterna,Fyrstadskretsen,Enkammarriksdagen,1988,1991,lärare
7584,Jan Bergqvist,Socialdemokraterna,Göteborgs kommun,Enkammarriksdagen,1988,1991,sekreterare
7585,Jan Björkman,Socialdemokraterna,Blekinge län,Enkammarriksdagen,1988,1991,studieombudsman
7586,Jan Fransson,Socialdemokraterna,Skaraborgs län,Enkammarriksdagen,1988,1991,byrådirektör
7587,Jan Hyttring,Centerpartiet,Värmlands län,Enkammarriksdagen,1988,1991,ingenjör
7588,Jan Jennehag,Vänsterpartiet kommunisterna,Västernorrlands län,Enkammarriksdagen,1988,1991,sekreterare
7589,Jan Sandberg,Moderata samlingspartiet,Stockholms län,Enkammarriksdagen,1988,1991,politisk sekreterare
7590,Jan Strömdahl,Vänsterpartiet kommunisterna,Stockholms län,Enkammarriksdagen,1988,1991,enhetschef
7591,Jan-Erik Wikström,Folkpartiet,Stockholms kommun,Enkammarriksdagen,1988,1991,f.d. statsråd
7592,Jarl Lander,Socialdemokraterna,Värmlands län,Enkammarriksdagen,1988,1991,tekniker
7593,Jens Eriksson,Moderata samlingspartiet,Bohuslän,Enkammarriksdagen,1988,1991,fiskare
7594,Jerry Martinger,Moderata samlingspartiet,Stockholms län,Enkammarriksdagen,1988,1991,distriktsåklagare
7595,Jill Lindgren,Miljöpartiet de Gröna,Stockholms kommun,Enkammarriksdagen,1988,1991,informationssekr.
7596,Johnny Ahlqvist,Socialdemokraterna,Kristianstads län,Enkammarriksdagen,1988,1991,ombudsman
7597,Kaj Larsson,Socialdemokraterna,Kristianstads län,Enkammarriksdagen,1988,1991,inköpare
7598,Kaj Nilsson,Miljöpartiet de Gröna,Kristianstads län,Enkammarriksdagen,1988,1991,ämneslärare
7599,Karin Ahrland,Folkpartiet,Fyrstadskretsen,Enkammarriksdagen,1988,1991,förste länsassessor
7600,Karin Falkmer,Moderata samlingspartiet,Västmanlands län,Enkammarriksdagen,1988,1991,gymnastikdirektör
7601,Karin Israelsson,Centerpartiet,Västerbottens län,Enkammarriksdagen,1988,1991,distriktssköterska
7602,Karin Starrin,Centerpartiet,Gävleborgs län,Enkammarriksdagen,1988,1991,ekonom
7603,Karin Söder,Centerpartiet,Stockholms län,Enkammarriksdagen,1988,1991,f.d. statsråd
7604,Karin Wegestål,Socialdemokraterna,Malmöhus län,Enkammarriksdagen,1988,1991,socialsekreterare
7605,Karl Erik Olsson,Centerpartiet,Kristianstads län,Enkammarriksdagen,1988,1991,lantbrukare
7606,Karl Hagström,Socialdemokraterna,Gävleborgs län,Enkammarriksdagen,1988,1991,ombudsman
7607,Karl-Erik Persson,Vänsterpartiet kommunisterna,Örebro län,Enkammarriksdagen,1988,1991,politiker
7608,Karl-Erik Svartberg,Socialdemokraterna,Bohuslän,Enkammarriksdagen,1988,1991,rektor
7609,Karl-Göran Biörsmark,Folkpartiet,Östergötlands län,Enkammarriksdagen,1988,1991,adjunkt
7610,Karl-Gösta Svenson,Moderata samlingspartiet,Blekinge län,Enkammarriksdagen,1988,1991,byråchef
7611,Kent Lundgren,Miljöpartiet de Gröna,Bohuslän,Enkammarriksdagen,1988,1991,systemanalytiker
7612,Kenth Skårvik,Folkpartiet,Bohuslän,Enkammarriksdagen,1988,1991,distriktschef
7613,Kersti Johansson,Centerpartiet,Jönköpings län,Enkammarriksdagen,1988,1991,lantbrukare
7614,Kerstin Ekman,Folkpartiet,Göteborgs kommun,Enkammarriksdagen,1988,1991,ingenjör
7615,Kjell Dahlström,Miljöpartiet de Gröna,Fyrstadskretsen,Enkammarriksdagen,1988,1991,teknologie doktor
7616,Kjell Ericsson,Centerpartiet,Värmlands län,Enkammarriksdagen,1988,1991,kommunalråd
7617,Kjell Johansson,Folkpartiet,Södermanlands län,Enkammarriksdagen,1988,1991,fabrikör
7618,Kjell Nilsson,Socialdemokraterna,Kronobergs län,Enkammarriksdagen,1988,1991,metallarbetare
7619,Kjell Nordström,Socialdemokraterna,Skaraborgs län,Enkammarriksdagen,1988,1991,metallarbetare
7620,Kjell-Arne Welin,Folkpartiet,Fyrstadskretsen,Enkammarriksdagen,1988,1991,arbetsförmedlare
7621,Kjell-Olof Feldt,Socialdemokraterna,Kopparbergs län,Enkammarriksdagen,1988,1991,statsråd
7622,Knut Billing,Moderata samlingspartiet,Stockholms län,Enkammarriksdagen,1988,1991,politisk sekreterare
7623,Knut Wachtmeister,Moderata samlingspartiet,Malmöhus län,Enkammarriksdagen,1988,1991,lantmästare
7624,Kristina Svensson,Socialdemokraterna,Värmlands län,Enkammarriksdagen,1988,1991,rektor
7625,Kurt Ove Johansson,Socialdemokraterna,Fyrstadskretsen,Enkammarriksdagen,1988,1991,ombudsman
7626,Lahja Exner,Socialdemokraterna,Älvsborgs läns södra,Enkammarriksdagen,1988,1991,textilarbeterska
7627,Lars Ahlmark,Moderata samlingspartiet,Uppsala län,Enkammarriksdagen,1988,1991,avdelningschef
7628,Lars Ahlström,Moderata samlingspartiet,Göteborgs kommun,Enkammarriksdagen,1988,1991,konditor
7629,Lars Bäckström,Vänsterpartiet kommunisterna,Bohuslän,Enkammarriksdagen,1988,1991,lärare
7630,Lars De Geer,Folkpartiet,Kopparbergs län,Enkammarriksdagen,1988,1991,f.d. statsråd
7631,Lars Ernestam,Folkpartiet,Örebro län,Enkammarriksdagen,1988,1991,kulturchef
7632,Lars Hedfors,Socialdemokraterna,Kronobergs län,Enkammarriksdagen,1988,1991,studierektor
7633,Lars Leijonborg,Folkpartiet,Stockholms län,Enkammarriksdagen,1988,1991,projektledare
7634,Lars Norberg,Miljöpartiet de Gröna,Östergötlands län,Enkammarriksdagen,1988,1991,civilingenjör
7635,Lars Sundin,Folkpartiet,Älvsborgs läns södra,Enkammarriksdagen,1988,1991,adjunkt
7636,Lars Svensson,Socialdemokraterna,Hallands län,Enkammarriksdagen,1988,1991,kontorsföreståndare
7637,Lars Tobisson,Moderata samlingspartiet,Stockholms län,Enkammarriksdagen,1988,1991,riksgäldsfullmäktig
7638,Lars Ulander,Socialdemokraterna,Stockholms kommun,Enkammarriksdagen,1988,1991,ombudsman
7639,Lars Werner,Vänsterpartiet kommunisterna,Stockholms kommun,Enkammarriksdagen,1988,1991,ombudsman
7640,Lars-Erik Lövdén,Socialdemokraterna,Fyrstadskretsen,Enkammarriksdagen,1988,1991,sekreterare
7641,Lars-Ove Hagberg,Vänsterpartiet kommunisterna,Kopparbergs län,Enkammarriksdagen,1988,1991,järnbruksarbetare
7642,Larz Johansson,Centerpartiet,Södermanlands län,Enkammarriksdagen,1988,1991,lantbrukare
7643,Leif Marklund,Socialdemokraterna,Norrbottens län,Enkammarriksdagen,1988,1991,ombudsman
7644,Leif Olsson,Folkpartiet,Bohuslän,Enkammarriksdagen,1988,1991,bankkamrer
7645,Lena Boström,Socialdemokraterna,Västerbottens län,Enkammarriksdagen,1988,1991,sekreterare
7646,Lena Hjelm-Wallén,Socialdemokraterna,Västmanlands län,Enkammarriksdagen,1988,1991,statsråd
7647,Lena Öhrsvik,Socialdemokraterna,Kalmar län,Enkammarriksdagen,1988,1991,kurator
7648,Lennart Andersson,Socialdemokraterna,Stockholms län,Enkammarriksdagen,1988,1991,studieombudsman
7649,Lennart Brunander,Centerpartiet,Älvsborgs läns södra,Enkammarriksdagen,1988,1991,lantbrukare
7650,Lennart Nilsson,Socialdemokraterna,Bohuslän,Enkammarriksdagen,1988,1991,byggnadssnickare
7651,Lennart Pettersson,Socialdemokraterna,Fyrstadskretsen,Enkammarriksdagen,1988,1991,civilekonom
7652,Lisbet Calner,Socialdemokraterna,Bohuslän,Enkammarriksdagen,1988,1991,postexpeditör
7653,Lola Björkquist,Folkpartiet,Östergötlands län,Enkammarriksdagen,1988,1991,sjuksköterska
7654,Maggi Mikaelsson,Vänsterpartiet kommunisterna,Västerbottens län,Enkammarriksdagen,1988,1991,barnomsorgsassistent
7655,Magnus Persson,Socialdemokraterna,Värmlands län,Enkammarriksdagen,1988,1991,ombudsman
7656,Maj Britt Theorin,Socialdemokraterna,Stockholms kommun,Enkammarriksdagen,1988,1991,ambassadör
7657,Maj-Inger Klingvall,Socialdemokraterna,Östergötlands län,Enkammarriksdagen,1988,1991,politices magister
7658,Maj-Lis Lööw,Socialdemokraterna,Södermanlands län,Enkammarriksdagen,1988,1991,arbetsförmedlare
7659,Maja Bäckström,Socialdemokraterna,Kristianstads län,Enkammarriksdagen,1988,1991,undersköterska
7660,Margareta Fogelberg,Folkpartiet,Hallands län,Enkammarriksdagen,1988,1991,inredningsarkitekt
7661,Margareta Hemmingsson,Socialdemokraterna,Västmanlands län,Enkammarriksdagen,1988,1991,lågstadielärare
7662,Margareta Winberg,Socialdemokraterna,Jämtlands län,Enkammarriksdagen,1988,1991,lärare
7663,Margaretha af Ugglas,Moderata samlingspartiet,Stockholms kommun,Enkammarriksdagen,1988,1991,civilekonom
7664,Margit Gennser,Moderata samlingspartiet,Fyrstadskretsen,Enkammarriksdagen,1988,1991,civilekonom
7665,Margit Sandéhn,Socialdemokraterna,Malmöhus län,Enkammarriksdagen,1988,1991,textillärare
7666,Margó Ingvardsson,Vänsterpartiet kommunisterna,Stockholms kommun,Enkammarriksdagen,1988,1991,sjukgymnast
7667,Maria Leissner,Folkpartiet,Stockholms kommun,Enkammarriksdagen,1988,1991,sekreterare
7668,Marianne Andersson,Centerpartiet,Älvsborgs läns norra,Enkammarriksdagen,1988,1991,ekonom
7669,Marianne Jönsson,Centerpartiet,Kalmar län,Enkammarriksdagen,1988,1991,adjunkt
7670,Marianne Samuelsson,Miljöpartiet de Gröna,Älvsborgs läns norra,Enkammarriksdagen,1988,1991,hemvårdare
7671,Marianne Stålberg,Socialdemokraterna,Jämtlands län,Enkammarriksdagen,1988,1991,skolkurator
7672,Marita Bengtsson,Socialdemokraterna,Södermanlands län,Enkammarriksdagen,1988,1991,inspektör
7673,Martin Olsson,Centerpartiet,Västernorrlands län,Enkammarriksdagen,1988,1991,bankkamrer
7674,Martin Segerstedt,Socialdemokraterna,Västernorrlands län,Enkammarriksdagen,1988,1991,arbetsförmedlare
7675,Mats Hellström,Socialdemokraterna,Stockholms kommun,Enkammarriksdagen,1988,1991,statsråd
7676,Mats Lindberg,Socialdemokraterna,Västerbottens län,Enkammarriksdagen,1988,1991,ombudsman
7677,Maud Björnemalm,Socialdemokraterna,Örebro län,Enkammarriksdagen,1988,1991,kommunalråd
7678,Mona Sahlin,Socialdemokraterna,Stockholms län,Enkammarriksdagen,1988,1991,sekreterare
7679,Mona Saint Cyr,Moderata samlingspartiet,Östergötlands län,Enkammarriksdagen,1988,1991,kommunsekreterare
7680,Monica Andersson,Socialdemokraterna,Stockholms kommun,Enkammarriksdagen,1988,1991,statssekreterare
7681,Monica Öhman,Socialdemokraterna,Norrbottens län,Enkammarriksdagen,1988,1991,undersköterska
7682,Nic Grönvall,Moderata samlingspartiet,Hallands län,Enkammarriksdagen,1988,1991,advokat
7683,Nils Nordh,Socialdemokraterna,Jönköpings län,Enkammarriksdagen,1988,1991,metallarbetare
7684,Nils T. Svensson,Socialdemokraterna,Fyrstadskretsen,Enkammarriksdagen,1988,1991,ombudsman
7685,Nils-Olof Gustafsson,Socialdemokraterna,Jämtlands län,Enkammarriksdagen,1988,1991,ombudsman
7686,Olle Svensson,Socialdemokraterna,Södermanlands län,Enkammarriksdagen,1988,1991,redaktör
7687,Olle Östrand,Socialdemokraterna,Gävleborgs län,Enkammarriksdagen,1988,1991,mätningsföreståndare
7688,Olof Johansson,Centerpartiet,Stockholms län,Enkammarriksdagen,1988,1991,f.d. statsråd
7689,Oskar Lindkvist,Socialdemokraterna,Stockholms kommun,Enkammarriksdagen,1988,1991,organisationschef
7690,Ove Karlsson,Socialdemokraterna,Kopparbergs län,Enkammarriksdagen,1988,1991,skogsarbetare
7691,Owe Andréasson,Socialdemokraterna,Hallands län,Enkammarriksdagen,1988,1991,verktygsmakare
7692,Paul Ciszuk,Miljöpartiet de Gröna,Uppsala län,Enkammarriksdagen,1988,1991,docent
7693,Paul Lestander,Vänsterpartiet kommunisterna,Norrbottens län,Enkammarriksdagen,1988,1991,skogsarbetare
7694,Per Gahrton,Miljöpartiet de Gröna,Stockholms län,Enkammarriksdagen,1988,1991,sociolog
7695,Per Olof Håkansson,Socialdemokraterna,Malmöhus län,Enkammarriksdagen,1988,1991,byggnadsingenjör
7696,Per Stenmarck,Moderata samlingspartiet,Malmöhus län,Enkammarriksdagen,1988,1991,tjänsteman
7697,Per Westerberg,Moderata samlingspartiet,Södermanlands län,Enkammarriksdagen,1988,1991,civilekonom
7698,Per-Ola Eriksson,Centerpartiet,Norrbottens län,Enkammarriksdagen,1988,1991,ombudsman
7699,Pär Granstedt,Centerpartiet,Stockholms kommun,Enkammarriksdagen,1988,1991,filosofie kandidat
7700,Ragnhild Pohanka,Miljöpartiet de Gröna,Kopparbergs län,Enkammarriksdagen,1988,1991,lärare
7701,Reynoldh Furustrand,Socialdemokraterna,Södermanlands län,Enkammarriksdagen,1988,1991,ombudsman
7702,Rinaldo Karlsson,Socialdemokraterna,Västerbottens län,Enkammarriksdagen,1988,1991,metallarbetare
7703,Roine Carlsson,Socialdemokraterna,Värmlands län,Enkammarriksdagen,1988,1991,statsråd
7704,Roland Brännström,Socialdemokraterna,Västerbottens län,Enkammarriksdagen,1988,1991,verkmästare
7705,Roland Larsson,Centerpartiet,Östergötlands län,Enkammarriksdagen,1988,1991,kommunalråd
7706,Roland Sundgren,Socialdemokraterna,Västmanlands län,Enkammarriksdagen,1988,1991,ombudsman
7707,Rolf Clarkson,Moderata samlingspartiet,Fyrstadskretsen,Enkammarriksdagen,1988,1991,direktör
7708,Rolf Dahlberg,Moderata samlingspartiet,Gävleborgs län,Enkammarriksdagen,1988,1991,yrkesvalslärare
7709,Rolf Kenneryd,Centerpartiet,Hallands län,Enkammarriksdagen,1988,1991,skogsinspektor
7710,Rolf Nilson,Vänsterpartiet kommunisterna,Fyrstadskretsen,Enkammarriksdagen,1988,1991,personalkonsulent
7711,Rosa Östh,Centerpartiet,Uppsala län,Enkammarriksdagen,1988,1991,lantbrukare
7712,Rosa-Lill Wåhlstedt,Socialdemokraterna,Örebro län,Enkammarriksdagen,1988,1991,
7713,Roy Ottosson,Miljöpartiet de Gröna,Västernorrlands län,Enkammarriksdagen,1988,1991,biolog
7714,Rune Backlund,Centerpartiet,Jönköpings län,Enkammarriksdagen,1988,1991,ombudsman
7715,Rune Evensson,Socialdemokraterna,Älvsborgs läns norra,Enkammarriksdagen,1988,1991,ombudsman
7716,Rune Johansson,Socialdemokraterna,Älvsborgs läns norra,Enkammarriksdagen,1988,1991,förste verkmästare
7717,Rune Jonsson,Socialdemokraterna,Västernorrlands län,Enkammarriksdagen,1988,1991,elektriker
7718,Rune Rydén,Moderata samlingspartiet,Fyrstadskretsen,Enkammarriksdagen,1988,1991,filosofie licentiat
7719,Rune Thorén,Centerpartiet,Göteborgs kommun,Enkammarriksdagen,1988,1991,socionom
7720,Sigge Godin,Folkpartiet,Västernorrlands län,Enkammarriksdagen,1988,1991,förste inspektör
7721,Sigrid Bolkéus,Socialdemokraterna,Gävleborgs län,Enkammarriksdagen,1988,1991,lågstadielärare
7722,Sinikka Bohlin,Socialdemokraterna,Gävleborgs län,Enkammarriksdagen,1988,1991,hemspråkslärare
7723,Siw Persson,Folkpartiet,Malmöhus län,Enkammarriksdagen,1988,1991,gymnasieekonom
7724,Sonja Rembo,Moderata samlingspartiet,Göteborgs kommun,Enkammarriksdagen,1988,1991,sekreterare
7725,Sten Andersson,Socialdemokraterna,Stockholms kommun,Enkammarriksdagen,1988,1991,statsråd
7726,Sten Andersson,Moderata samlingspartiet,Fyrstadskretsen,Enkammarriksdagen,1988,1991,varvsarbetare
7727,Sten Svensson,Moderata samlingspartiet,Skaraborgs län,Enkammarriksdagen,1988,1991,informationschef
7728,Sten Östlund,Socialdemokraterna,Göteborgs kommun,Enkammarriksdagen,1988,1991,metallarbetare
7729,Sten-Ove Sundström,Socialdemokraterna,Norrbottens län,Enkammarriksdagen,1988,1991,järnverksarbetare
7730,Stig Alemyr,Socialdemokraterna,Kalmar län,Enkammarriksdagen,1988,1991,folkhögskolerektor
7731,Stig Bertilsson,Moderata samlingspartiet,Älvsborgs läns norra,Enkammarriksdagen,1988,1991,redaktör
7732,Stina Eliasson,Centerpartiet,Jämtlands län,Enkammarriksdagen,1988,1991,ämneslärare
7733,Stina Gustavsson,Centerpartiet,Kronobergs län,Enkammarriksdagen,1988,1991,hushållslärare
7734,Sture Ericson,Socialdemokraterna,Örebro län,Enkammarriksdagen,1988,1991,redaktör
7735,Sture Thun,Socialdemokraterna,Östergötlands län,Enkammarriksdagen,1988,1991,kommunsekreterare
7736,Sven Eric Lorentzon,Moderata samlingspartiet,Hallands län,Enkammarriksdagen,1988,1991,lantbrukare
7737,Sven Hulterström,Socialdemokraterna,Göteborgs kommun,Enkammarriksdagen,1988,1991,statsråd
7738,Sven Lundberg,Socialdemokraterna,Västernorrlands län,Enkammarriksdagen,1988,1991,journalist
7739,Sven-Erik Alkemark,Socialdemokraterna,Jönköpings län,Enkammarriksdagen,1988,1991,fastighetsförvaltare
7740,Sven-Gösta Signell,Socialdemokraterna,Skaraborgs län,Enkammarriksdagen,1988,1991,ombudsman
7741,Sven-Olof Petersson,Centerpartiet,Blekinge län,Enkammarriksdagen,1988,1991,byggnadsingenjör
7742,Sverre Palm,Socialdemokraterna,Bohuslän,Enkammarriksdagen,1988,1991,järnvägstjänsteman
7743,Sören Lekberg,Socialdemokraterna,Stockholms län,Enkammarriksdagen,1988,1991,ombudsman
7744,Thage Peterson,Socialdemokraterna,Stockholms län,Enkammarriksdagen,1988,1991,socionom
7745,Tom Heyman,Moderata samlingspartiet,Göteborgs kommun,Enkammarriksdagen,1988,1991,styrman
7746,Torgny Larsson,Socialdemokraterna,Göteborgs kommun,Enkammarriksdagen,1988,1991,kyrkoherde
7747,Torsten A. Karlsson,Socialdemokraterna,Östergötlands län,Enkammarriksdagen,1988,1991,metallarbetare
7748,Ulf Lönnqvist,Socialdemokraterna,Stockholms län,Enkammarriksdagen,1988,1991,statsråd
7749,Ulf Melin,Moderata samlingspartiet,Jönköpings län,Enkammarriksdagen,1988,1991,kommunalråd
7750,Ulla Johansson,Socialdemokraterna,Kronobergs län,Enkammarriksdagen,1988,1991,lågstadielärare
7751,Ulla Orring,Folkpartiet,Västerbottens län,Enkammarriksdagen,1988,1991,fru
7752,Ulla Pettersson,Socialdemokraterna,Gotlands län,Enkammarriksdagen,1988,1991,socialsekreterare
7753,Ulla Samuelsson,Socialdemokraterna,Örebro län,Enkammarriksdagen,1988,1991,
7754,Ulla Tillander,Centerpartiet,Fyrstadskretsen,Enkammarriksdagen,1988,1991,ämneslärare
7755,Ulla-Britt Åbark,Socialdemokraterna,Hallands län,Enkammarriksdagen,1988,1991,socionom
7756,Viola Claesson,Vänsterpartiet kommunisterna,Göteborgs kommun,Enkammarriksdagen,1988,1991,bibliotekarie
7757,Viola Furubjelke,Socialdemokraterna,Östergötlands län,Enkammarriksdagen,1988,1991,utredningssekreterare
7758,Wiggo Komstedt,Moderata samlingspartiet,Kristianstads län,Enkammarriksdagen,1988,1991,försäljningschef
7759,Ylva Annerstedt,Folkpartiet,Stockholms län,Enkammarriksdagen,1988,1991,småföretagare
7760,Ylva Johansson,Vänsterpartiet kommunisterna,Stockholms kommun,Enkammarriksdagen,1988,1991,lärare
7761,Yvonne Sandberg-Fries,Socialdemokraterna,Blekinge län,Enkammarriksdagen,1988,1991,avdelningschef
7762,Åke Gustavsson,Socialdemokraterna,Jönköpings län,Enkammarriksdagen,1988,1991,redaktör
7763,Åke Selberg,Socialdemokraterna,Norrbottens län,Enkammarriksdagen,1988,1991,hemmansägare
7764,Åsa Domeij,Miljöpartiet de Gröna,Stockholms kommun,Enkammarriksdagen,1988,1991,agronom
7765,Agne Hansson,Centerpartiet,Kalmar län,Enkammarriksdagen,1991,1994,
7766,Alf Egnerfors,Socialdemokraterna,Södermanlands län,Enkammarriksdagen,1991,1994,
7767,Alf Svensson,Kristdemokraterna,Jönköpings län,Enkammarriksdagen,1991,1994,
7768,Alf Wennerfors,Moderata samlingspartiet,Stockholms län,Enkammarriksdagen,1991,1994,
7769,Allan Larsson,Socialdemokraterna,Jönköpings län,Enkammarriksdagen,1991,1994,
7770,Alwa Wennerlund,Kristdemokraterna,Malmöhus län,Enkammarriksdagen,1991,1994,
7771,Anders Björck,Moderata samlingspartiet,Jönköpings län,Enkammarriksdagen,1991,1994,
7772,Anders G. Högmark,Moderata samlingspartiet,Kronobergs län,Enkammarriksdagen,1991,1994,
7773,Anders Nilsson,Socialdemokraterna,Skaraborgs län,Enkammarriksdagen,1991,1994,
7774,Anders Svärd,Centerpartiet,Örebro län,Enkammarriksdagen,1991,1994,
7775,Anita Gradin,Socialdemokraterna,Stockholms kommun,Enkammarriksdagen,1991,1994,
7776,Anita Johansson,Socialdemokraterna,Stockholms län,Enkammarriksdagen,1991,1994,
7777,Anita Jönsson,Socialdemokraterna,Malmöhus län,Enkammarriksdagen,1991,1994,
7778,Anita Modin,Socialdemokraterna,Stockholms kommun,Enkammarriksdagen,1991,1994,
7779,Anita Persson,Socialdemokraterna,Södermanlands län,Enkammarriksdagen,1991,1994,
7780,Ann-Cathrine Haglund,Moderata samlingspartiet,Örebro län,Enkammarriksdagen,1991,1994,
7781,Anne Rhenman,Ny demokrati,Södermanlands län,Enkammarriksdagen,1991,1994,
7782,Anne Wibble,Folkpartiet liberalerna,Stockholms län,Enkammarriksdagen,1991,1994,
7783,Annika Åhnberg,Vänsterpartiet,Stockholms län,Enkammarriksdagen,1991,1994,
7784,Arne Andersson,Moderata samlingspartiet,Älvsborgs läns norra,Enkammarriksdagen,1991,1994,
7785,Arne Kjörnsberg,Socialdemokraterna,Älvsborgs läns södra,Enkammarriksdagen,1991,1994,
7786,Axel Andersson,Socialdemokraterna,Gävleborgs län,Enkammarriksdagen,1991,1994,
7787,Barbro Palmerlund,Socialdemokraterna,Stockholms kommun,Enkammarriksdagen,1991,1994,
7788,Barbro Westerholm,Folkpartiet liberalerna,Stockholms kommun,Enkammarriksdagen,1991,1994,
7789,Bengt Dalström,Ny demokrati,Hallands län,Enkammarriksdagen,1991,1994,
7790,Bengt Harding Olson,Folkpartiet liberalerna,Kristianstads län,Enkammarriksdagen,1991,1994,
7791,Bengt Hurtig,Vänsterpartiet,Norrbottens län,Enkammarriksdagen,1991,1994,
7792,Bengt Kindbom,Centerpartiet,Skaraborgs län,Enkammarriksdagen,1991,1994,
7793,Bengt Kronblad,Socialdemokraterna,Kalmar län,Enkammarriksdagen,1991,1994,
7794,Bengt Rosén,Folkpartiet liberalerna,Skaraborgs län,Enkammarriksdagen,1991,1994,
7795,Bengt Silfverstrand,Socialdemokraterna,Malmöhus län,Enkammarriksdagen,1991,1994,
7796,Bengt Westerberg,Folkpartiet liberalerna,Stockholms län,Enkammarriksdagen,1991,1994,
7797,Bengt Wittbom,Moderata samlingspartiet,Örebro län,Enkammarriksdagen,1991,1994,
7798,Bengt-Ola Ryttar,Socialdemokraterna,Kopparbergs län,Enkammarriksdagen,1991,1994,
7799,Berit Andnor,Socialdemokraterna,Jämtlands län,Enkammarriksdagen,1991,1994,
7800,Berit Löfstedt,Socialdemokraterna,Östergötlands län,Enkammarriksdagen,1991,1994,
7801,Berit Oscarsson,Socialdemokraterna,Västmanlands län,Enkammarriksdagen,1991,1994,
7802,Berith Eriksson,Vänsterpartiet,Uppsala län,Enkammarriksdagen,1991,1994,
7803,Berndt Ekholm,Socialdemokraterna,Älvsborgs läns södra,Enkammarriksdagen,1991,1994,
7804,Bert Karlsson,Ny demokrati,Östergötlands län,Enkammarriksdagen,1991,1994,
7805,Bertil Danielsson,Moderata samlingspartiet,Kalmar län,Enkammarriksdagen,1991,1994,
7806,Bertil Fiskesjö,Centerpartiet,Malmöhus län,Enkammarriksdagen,1991,1994,
7807,Bertil Måbrink,Vänsterpartiet,Gävleborgs län,Enkammarriksdagen,1991,1994,
7808,Bertil Persson,Moderata samlingspartiet,Fyrstadskretsen,Enkammarriksdagen,1991,1994,
7809,Birger Andersson,Centerpartiet,Västmanlands län,Enkammarriksdagen,1991,1994,
7810,Birger Hagård,Moderata samlingspartiet,Östergötlands län,Enkammarriksdagen,1991,1994,
7811,Birger Rosqvist,Socialdemokraterna,Kalmar län,Enkammarriksdagen,1991,1994,
7812,Birgit Friggebo,Folkpartiet liberalerna,Stockholms kommun,Enkammarriksdagen,1991,1994,
7813,Birgit Henriksson,Moderata samlingspartiet,Västmanlands län,Enkammarriksdagen,1991,1994,
7814,Birgitta Carlsson,Centerpartiet,Skaraborgs län,Enkammarriksdagen,1991,1994,
7815,Birgitta Dahl,Socialdemokraterna,Uppsala län,Enkammarriksdagen,1991,1994,
7816,Birgitta Hambraeus,Centerpartiet,Kopparbergs län,Enkammarriksdagen,1991,1994,
7817,Birgitta Johansson,Socialdemokraterna,Skaraborgs län,Enkammarriksdagen,1991,1994,
7818,Birgitta Wistrand,Moderata samlingspartiet,Stockholms kommun,Enkammarriksdagen,1991,1994,
7819,Birthe Sörestedt,Socialdemokraterna,Fyrstadskretsen,Enkammarriksdagen,1991,1994,
7820,Björn Kaaling,Socialdemokraterna,Uppsala län,Enkammarriksdagen,1991,1994,
7821,Björn Samuelson,Vänsterpartiet,Värmlands län,Enkammarriksdagen,1991,1994,
7822,Bo Arvidson,Moderata samlingspartiet,Malmöhus län,Enkammarriksdagen,1991,1994,
7823,Bo Bernhardsson,Socialdemokraterna,Fyrstadskretsen,Enkammarriksdagen,1991,1994,
7824,Bo Finnkvist,Socialdemokraterna,Värmlands län,Enkammarriksdagen,1991,1994,
7825,Bo Forslund,Socialdemokraterna,Västernorrlands län,Enkammarriksdagen,1991,1994,
7826,Bo Frank,Moderata samlingspartiet,Kronobergs län,Enkammarriksdagen,1991,1994,
7827,Bo G. Jenevall,Ny demokrati,Stockholms kommun,Enkammarriksdagen,1991,1994,
7828,Bo Holmberg,Socialdemokraterna,Västernorrlands län,Enkammarriksdagen,1991,1994,
7829,Bo Könberg,Folkpartiet liberalerna,Stockholms kommuns valkrets,Enkammarriksdagen,1991,1994,
7830,Bo Lundgren,Moderata samlingspartiet,Kristianstads län,Enkammarriksdagen,1991,1994,
7831,Bo Nilsson,Socialdemokraterna,Fyrstadskretsen,Enkammarriksdagen,1991,1994,
7832,Britt Bohlin Olsson,Socialdemokraterna,Älvsborgs läns norra,Enkammarriksdagen,1991,1994,
7833,Britta Bjelle,Folkpartiet liberalerna,Norrbottens län,Enkammarriksdagen,1991,1994,
7834,Britta Sundin,Socialdemokraterna,Västernorrlands län,Enkammarriksdagen,1991,1994,
7835,Bruno Poromaa,Socialdemokraterna,Norrbottens län,Enkammarriksdagen,1991,1994,
7836,Börje Hörnlund,Centerpartiet,Västerbottens län,Enkammarriksdagen,1991,1994,
7837,Börje Nilsson,Socialdemokraterna,Kristianstads län,Enkammarriksdagen,1991,1994,
7838,Carin Lundberg,Socialdemokraterna,Västerbottens län,Enkammarriksdagen,1991,1994,
7839,Carl Bildt,Moderata samlingspartiet,Stockholms kommun,Enkammarriksdagen,1991,1994,
7840,Carl Fredrik Graf,Moderata samlingspartiet,Hallands län,Enkammarriksdagen,1991,1994,
7841,Carl G. Nilsson,Moderata samlingspartiet,Östergötlands län,Enkammarriksdagen,1991,1994,
7842,Carl Olov Persson,Kristdemokraterna,Västmanlands län,Enkammarriksdagen,1991,1994,
7843,Carl-Johan Wilson,Folkpartiet liberalerna,Jönköpings län,Enkammarriksdagen,1991,1994,
7844,Catarina Rönnung,Socialdemokraterna,Jönköpings län,Enkammarriksdagen,1991,1994,
7845,Charlotte Branting,Folkpartiet liberalerna,Kronobergs län,Enkammarriksdagen,1991,1994,
7846,Charlotte Cederschiöld,Moderata samlingspartiet,Stockholms kommun,Enkammarriksdagen,1991,1994,
7847,Chatrine Pålsson Ahlgren,Kristdemokraterna,Kalmar län,Enkammarriksdagen,1991,1994,
7848,Chris Heister,Moderata samlingspartiet,Stockholms län,Enkammarriksdagen,1991,1994,
7849,Christel Anderberg,Moderata samlingspartiet,Kopparbergs län,Enkammarriksdagen,1991,1994,
7850,Christer Eirefelt,Folkpartiet liberalerna,Hallands län,Enkammarriksdagen,1991,1994,
7851,Christer Lindblom,Folkpartiet liberalerna,Kalmar län,Enkammarriksdagen,1991,1994,
7852,Christer Skoog,Socialdemokraterna,Blekinge län,Enkammarriksdagen,1991,1994,
7853,Christer Windén,Ny demokrati,Kalmar län,Enkammarriksdagen,1991,1994,
7854,Claus Zaar,Ny demokrati,Malmöhus län,Enkammarriksdagen,1991,1994,
7855,Dan Ericsson,Kristdemokraterna,Östergötlands län,Enkammarriksdagen,1991,1994,
7856,Dan Eriksson,Ny demokrati,Stockholms kommun,Enkammarriksdagen,1991,1994,
7857,Daniel Tarschys,Folkpartiet liberalerna,Stockholms län,Enkammarriksdagen,1991,1994,
7858,Doris Håvik,Socialdemokraterna,Göteborgs kommun,Enkammarriksdagen,1991,1994,
7859,Elisabeth Fleetwood,Moderata samlingspartiet,Stockholms kommun,Enkammarriksdagen,1991,1994,
7860,Elisabeth Persson,Vänsterpartiet,Östergötlands län,Enkammarriksdagen,1991,1994,
7861,Elver Jonsson,Folkpartiet liberalerna,Älvsborgs läns norra,Enkammarriksdagen,1991,1994,
7862,Elving Andersson,Centerpartiet,Bohuslän,Enkammarriksdagen,1991,1994,
7863,Elvy Söderström,Socialdemokraterna,Västernorrlands län,Enkammarriksdagen,1991,1994,
7864,Erling Bager,Folkpartiet liberalerna,Göteborgs kommun,Enkammarriksdagen,1991,1994,
7865,Eva Johansson,Socialdemokraterna,Stockholms län,Enkammarriksdagen,1991,1994,
7866,Eva Zetterberg,Vänsterpartiet,Stockholms kommun,Enkammarriksdagen,1991,1994,
7867,Ewa Hedkvist Petersen,Socialdemokraterna,Norrbottens län,Enkammarriksdagen,1991,1994,
7868,Fanny Rizell,Kristdemokraterna,Älvsborgs läns norra,Enkammarriksdagen,1991,1994,
7869,Filip Fridolfsson,Moderata samlingspartiet,Stockholms kommun,Enkammarriksdagen,1991,1994,
7870,Fredrik Reinfeldt,Moderata samlingspartiet,Stockholms län,Enkammarriksdagen,1991,1994,
7871,Georg Andersson,Socialdemokraterna,Västerbottens län,Enkammarriksdagen,1991,1994,
7872,Gudrun Norberg,Folkpartiet liberalerna,Örebro län,Enkammarriksdagen,1991,1994,
7873,Gudrun Schyman,Vänsterpartiet,Stockholms län,Enkammarriksdagen,1991,1994,
7874,Gullan Lindblad,Moderata samlingspartiet,Värmlands län,Enkammarriksdagen,1991,1994,
7875,Gunhild Bolander,Centerpartiet,Gotlands län,Enkammarriksdagen,1991,1994,
7876,Gunnar Björk,Centerpartiet,Gävleborgs län,Enkammarriksdagen,1991,1994,
7877,Gunnar Hökmark,Moderata samlingspartiet,Stockholms län,Enkammarriksdagen,1991,1994,
7878,Gunnar Nilsson,Socialdemokraterna,Malmöhus län,Enkammarriksdagen,1991,1994,
7879,Gunnar Thollander,Socialdemokraterna,Uppsala län,Enkammarriksdagen,1991,1994,
7880,Gustaf von Essen,Moderata samlingspartiet,Uppsala län,Enkammarriksdagen,1991,1994,
7881,Göran Hägglund,Kristdemokraterna,Jönköpings län,Enkammarriksdagen,1991,1994,
7882,Göran Lennmarker,Moderata samlingspartiet,Stockholms län,Enkammarriksdagen,1991,1994,
7883,Göran Magnusson,Socialdemokraterna,Västmanlands län,Enkammarriksdagen,1991,1994,
7884,Göran Persson,Socialdemokraterna,Södermanlands län,Enkammarriksdagen,1991,1994,
7885,Göran Åstrand,Moderata samlingspartiet,Stockholms kommun,Enkammarriksdagen,1991,1994,
7886,Görel Bohlin,Moderata samlingspartiet,Stockholms län,Enkammarriksdagen,1991,1994,
7887,Görel Thurdin,Centerpartiet,Västernorrlands län,Enkammarriksdagen,1991,1994,
7888,Göte Jonsson,Moderata samlingspartiet,Jönköpings län,Enkammarriksdagen,1991,1994,
7889,Göthe Knutson,Moderata samlingspartiet,Värmlands län,Enkammarriksdagen,1991,1994,
7890,Hans Dau,Moderata samlingspartiet,Västerbottens län,Enkammarriksdagen,1991,1994,
7891,Hans Gustafsson,Socialdemokraterna,Blekinge län,Enkammarriksdagen,1991,1994,
7892,Hans Göran Franck,Socialdemokraterna,Stockholms län,Enkammarriksdagen,1991,1994,
7893,Hans Karlsson,Socialdemokraterna,Örebro län,Enkammarriksdagen,1991,1994,
7894,Hans Lindblad,Folkpartiet liberalerna,Gävleborgs län,Enkammarriksdagen,1991,1994,
7895,Hans Nyhage,Moderata samlingspartiet,Älvsborgs läns södra,Enkammarriksdagen,1991,1994,
7896,Hans Stenberg,Socialdemokraterna,Västernorrlands län,Enkammarriksdagen,1991,1994,
7897,Harald Bergström,Kristdemokraterna,Kronobergs län,Enkammarriksdagen,1991,1994,
7898,Harriet Colliander,Ny demokrati,Stockholms län,Enkammarriksdagen,1991,1994,
7899,Harry Staaf,Kristdemokraterna,Hallands län,Enkammarriksdagen,1991,1994,
7900,Henrik Landerholm,Moderata samlingspartiet,Södermanlands län,Enkammarriksdagen,1991,1994,
7901,Henrik S. Järrel,Moderata samlingspartiet,Stockholms kommun,Enkammarriksdagen,1991,1994,
7902,Holger Gustafsson,Kristdemokraterna,Skaraborgs län,Enkammarriksdagen,1991,1994,
7903,Hugo Bergdahl,Folkpartiet liberalerna,Västmanlands län,Enkammarriksdagen,1991,1994,
7904,Hugo Hegeland,Moderata samlingspartiet,Göteborgs kommun,Enkammarriksdagen,1991,1994,
7905,Håkan Holmberg,Folkpartiet liberalerna,Uppsala län,Enkammarriksdagen,1991,1994,
7906,Håkan Strömberg,Socialdemokraterna,Örebro län,Enkammarriksdagen,1991,1994,
7907,Ian Wachtmeister,Ny demokrati,Stockholms län,Enkammarriksdagen,1991,1994,
7908,Ines Uusmann,Socialdemokraterna,Stockholms län,Enkammarriksdagen,1991,1994,
7909,Inga Berggren,Moderata samlingspartiet,Malmöhus län,Enkammarriksdagen,1991,1994,
7910,Inga-Britt Johansson,Socialdemokraterna,Göteborgs kommun,Enkammarriksdagen,1991,1994,
7911,Inge Carlsson,Socialdemokraterna,Östergötlands län,Enkammarriksdagen,1991,1994,
7912,Ingegerd Elm,Socialdemokraterna,Jönköpings län,Enkammarriksdagen,1991,1994,
7913,Ingegerd Sahlström,Socialdemokraterna,Hallands län,Enkammarriksdagen,1991,1994,
7914,Ingegerd Troedsson,Moderata samlingspartiet,Uppsala län,Enkammarriksdagen,1991,1994,
7915,Ingela Mårtensson,Folkpartiet liberalerna,Göteborgs kommun,Enkammarriksdagen,1991,1994,
7916,Ingela Thalén,Socialdemokraterna,Stockholms län,Enkammarriksdagen,1991,1994,
7917,Inger Davidson,Kristdemokraterna,Stockholms län,Enkammarriksdagen,1991,1994,
7918,Inger Hestvik,Socialdemokraterna,Kopparbergs län,Enkammarriksdagen,1991,1994,
7919,Inger Koch,Moderata samlingspartiet,Stockholms län,Enkammarriksdagen,1991,1994,
7920,Inger Lundberg,Socialdemokraterna,Örebro län,Enkammarriksdagen,1991,1994,
7921,Inger René,Moderata samlingspartiet,Bohuslän,Enkammarriksdagen,1991,1994,
7922,Ingrid Andersson,Socialdemokraterna,Uppsala län,Enkammarriksdagen,1991,1994,
7923,Ingrid Hemmingsson,Moderata samlingspartiet,Jämtlands län,Enkammarriksdagen,1991,1994,
7924,Ingrid Näslund,Kristdemokraterna,Göteborgs kommun,Enkammarriksdagen,1991,1994,
7925,Ingvar Björk,Socialdemokraterna,Östergötlands län,Enkammarriksdagen,1991,1994,
7926,Ingvar Carlsson,Socialdemokraterna,Stockholms län,Enkammarriksdagen,1991,1994,
7927,Ingvar Eriksson,Moderata samlingspartiet,Kristianstads län,Enkammarriksdagen,1991,1994,
7928,Ingvar Johnsson,Socialdemokraterna,Älvsborgs läns norra,Enkammarriksdagen,1991,1994,
7929,Iréne Vestlund,Socialdemokraterna,Kopparbergs län,Enkammarriksdagen,1991,1994,
7930,Isa Halvarsson,Folkpartiet liberalerna,Värmlands län,Enkammarriksdagen,1991,1994,
7931,Ivar Franzén,Centerpartiet,Hallands län,Enkammarriksdagen,1991,1994,
7932,Ivar Virgin,Moderata samlingspartiet,Skaraborgs län,Enkammarriksdagen,1991,1994,
7933,Jan Andersson,Socialdemokraterna,Fyrstadskretsen,Enkammarriksdagen,1991,1994,
7934,Jan Backman,Moderata samlingspartiet,Fyrstadskretsen,Enkammarriksdagen,1991,1994,
7935,Jan Bergqvist,Socialdemokraterna,Göteborgs kommun,Enkammarriksdagen,1991,1994,
7936,Jan Björkman,Socialdemokraterna,Blekinge län,Enkammarriksdagen,1991,1994,
7937,Jan Erik Ågren,Kristdemokraterna,Västernorrlands län,Enkammarriksdagen,1991,1994,
7938,Jan Fransson,Socialdemokraterna,Skaraborgs län,Enkammarriksdagen,1991,1994,
7939,Jan Jennehag,Vänsterpartiet,Västernorrlands län,Enkammarriksdagen,1991,1994,
7940,Jan Sandberg,Moderata samlingspartiet,Stockholms län,Enkammarriksdagen,1991,1994,
7941,Jan-Erik Wikström,Folkpartiet liberalerna,Stockholms kommun,Enkammarriksdagen,1991,1994,
7942,Jerry Martinger,Moderata samlingspartiet,Stockholms län,Enkammarriksdagen,1991,1994,
7943,Jerzy Einhorn,Kristdemokraterna,Stockholms kommun,Enkammarriksdagen,1991,1994,
7944,Johan Brohult,Ny demokrati,Göteborgs kommun,Enkammarriksdagen,1991,1994,
7945,Johan Lönnroth,Vänsterpartiet,Göteborgs kommun,Enkammarriksdagen,1991,1994,
7946,John Andersson,Vänsterpartiet,Västerbottens län,Enkammarriksdagen,1991,1994,
7947,John Bouvin,Ny demokrati,Stockholms län,Enkammarriksdagen,1991,1994,
7948,Johnny Ahlqvist,Socialdemokraterna,Kristianstads län,Enkammarriksdagen,1991,1994,
7949,Jon Peter Wieselgren,Ny demokrati,Värmlands län,Enkammarriksdagen,1991,1994,
7950,Kaj Larsson,Socialdemokraterna,Kristianstads län,Enkammarriksdagen,1991,1994,
7951,Karin Falkmer,Moderata samlingspartiet,Västmanlands län,Enkammarriksdagen,1991,1994,
7952,Karin Wegestål,Socialdemokraterna,Malmöhus län,Enkammarriksdagen,1991,1994,
7953,Karl Erik Olsson,Centerpartiet,Kristianstads län,Enkammarriksdagen,1991,1994,
7954,Karl Gustaf Sjödin,Ny demokrati,Västernorrlands län,Enkammarriksdagen,1991,1994,
7955,Karl Hagström,Socialdemokraterna,Gävleborgs län,Enkammarriksdagen,1991,1994,
7956,Karl-Erik Persson,Vänsterpartiet,Örebro län,Enkammarriksdagen,1991,1994,
7957,Karl-Erik Svartberg,Socialdemokraterna,Bohuslän,Enkammarriksdagen,1991,1994,
7958,Karl-Göran Biörsmark,Folkpartiet liberalerna,Östergötlands län,Enkammarriksdagen,1991,1994,
7959,Karl-Gösta Svenson,Moderata samlingspartiet,Blekinge län,Enkammarriksdagen,1991,1994,
7960,Kenneth Attefors,Ny demokrati,Kristianstads län,Enkammarriksdagen,1991,1994,
7961,Kenneth Lantz,Kristdemokraterna,Fyrstadskretsen,Enkammarriksdagen,1991,1994,
7962,Kent Carlsson,Socialdemokraterna,Stockholms kommun,Enkammarriksdagen,1991,1994,
7963,Kent Olsson,Moderata samlingspartiet,Bohuslän,Enkammarriksdagen,1991,1994,
7964,Kenth Skårvik,Folkpartiet liberalerna,Bohuslän,Enkammarriksdagen,1991,1994,
7965,Kjell Eldensjö,Kristdemokraterna,Älvsborgs läns södra,Enkammarriksdagen,1991,1994,
7966,Kjell Ericsson,Centerpartiet,Värmlands län,Enkammarriksdagen,1991,1994,
7967,Kjell Johansson,Folkpartiet liberalerna,Södermanlands län,Enkammarriksdagen,1991,1994,
7968,Kjell Nilsson,Socialdemokraterna,Kronobergs län,Enkammarriksdagen,1991,1994,
7969,Knut Billing,Moderata samlingspartiet,Stockholms län,Enkammarriksdagen,1991,1994,
7970,Knut Wachtmeister,Moderata samlingspartiet,Malmöhus län,Enkammarriksdagen,1991,1994,
7971,Kristina Svensson,Socialdemokraterna,Värmlands län,Enkammarriksdagen,1991,1994,
7972,Kurt Ove Johansson,Socialdemokraterna,Fyrstadskretsen,Enkammarriksdagen,1991,1994,
7973,Lahja Exner,Socialdemokraterna,Älvsborgs läns södra,Enkammarriksdagen,1991,1994,
7974,Laila Jansson,Ny demokrati,Älvsborgs läns norra,Enkammarriksdagen,1991,1994,
7975,Lars Andersson,Ny demokrati,Örebro län,Enkammarriksdagen,1991,1994,
7976,Lars Björkman,Moderata samlingspartiet,Älvsborgs läns södra,Enkammarriksdagen,1991,1994,
7977,Lars Bäckström,Vänsterpartiet,Bohuslän,Enkammarriksdagen,1991,1994,
7978,Lars Hedfors,Socialdemokraterna,Kronobergs län,Enkammarriksdagen,1991,1994,
7979,Lars Leijonborg,Folkpartiet liberalerna,Stockholms län,Enkammarriksdagen,1991,1994,
7980,Lars Moquist,Ny demokrati,Skaraborgs län,Enkammarriksdagen,1991,1994,
7981,Lars Stjernkvist,Socialdemokraterna,Östergötlands län,Enkammarriksdagen,1991,1994,
7982,Lars Sundin,Folkpartiet liberalerna,Älvsborgs läns södra,Enkammarriksdagen,1991,1994,
7983,Lars Svensk,Kristdemokraterna,Uppsala län,Enkammarriksdagen,1991,1994,
7984,Lars Tobisson,Moderata samlingspartiet,Stockholms län,Enkammarriksdagen,1991,1994,
7985,Lars Werner,Vänsterpartiet,Stockholms kommun,Enkammarriksdagen,1991,1994,
7986,Lars-Erik Lövdén,Socialdemokraterna,Fyrstadskretsen,Enkammarriksdagen,1991,1994,
7987,Lars-Ove Hagberg,Vänsterpartiet,Kopparbergs län,Enkammarriksdagen,1991,1994,
7988,Larz Johansson,Centerpartiet,Södermanlands län,Enkammarriksdagen,1991,1994,
7989,Leif Bergdahl,Ny demokrati,Bohuslän,Enkammarriksdagen,1991,1994,
7990,Leif Carlson,Moderata samlingspartiet,Kalmar län,Enkammarriksdagen,1991,1994,
7991,Leif Marklund,Socialdemokraterna,Norrbottens län,Enkammarriksdagen,1991,1994,
7992,Lena Boström,Socialdemokraterna,Västerbottens län,Enkammarriksdagen,1991,1994,
7993,Lena Hjelm-Wallén,Socialdemokraterna,Västmanlands län,Enkammarriksdagen,1991,1994,
7994,Lena Klevenås,Socialdemokraterna,Älvsborgs läns norra,Enkammarriksdagen,1991,1994,
7995,Lena Öhrsvik,Socialdemokraterna,Kalmar län,Enkammarriksdagen,1991,1994,
7996,Lennart Brunander,Centerpartiet,Älvsborgs läns södra,Enkammarriksdagen,1991,1994,
7997,Lennart Daléus,Centerpartiet,Stockholms län,Enkammarriksdagen,1991,1994,
7998,Lennart Fremling,Folkpartiet liberalerna,Kopparbergs län,Enkammarriksdagen,1991,1994,
7999,Lennart Fridén,Moderata samlingspartiet,Göteborgs kommun,Enkammarriksdagen,1991,1994,
8000,Lennart Nilsson,Socialdemokraterna,Bohuslän,Enkammarriksdagen,1991,1994,
8001,Leo Persson,Socialdemokraterna,Kopparbergs län,Enkammarriksdagen,1991,1994,
8002,Liisa Rulander,Kristdemokraterna,Södermanlands län,Enkammarriksdagen,1991,1994,
8003,Lisbet Calner,Socialdemokraterna,Bohuslän,Enkammarriksdagen,1991,1994,
8004,Lisbeth Staaf-Igelström,Socialdemokraterna,Värmlands län,Enkammarriksdagen,1991,1994,
8005,Liselotte Wågö,Moderata samlingspartiet,Hallands län,Enkammarriksdagen,1991,1994,
8006,Magnus Persson,Socialdemokraterna,Värmlands län,Enkammarriksdagen,1991,1994,
8007,Maj Britt Theorin,Socialdemokraterna,Stockholms kommun,Enkammarriksdagen,1991,1994,
8008,Maj-Inger Klingvall,Socialdemokraterna,Östergötlands län,Enkammarriksdagen,1991,1994,
8009,Maj-Lis Lööw,Socialdemokraterna,Södermanlands län,Enkammarriksdagen,1991,1994,
8010,Maja Bäckström,Socialdemokraterna,Kristianstads län,Enkammarriksdagen,1991,1994,
8011,Margareta Gard,Moderata samlingspartiet,Kopparbergs län,Enkammarriksdagen,1991,1994,
8012,Margareta Israelsson,Socialdemokraterna,Västmanlands län,Enkammarriksdagen,1991,1994,
8013,Margareta Winberg,Socialdemokraterna,Jämtlands län,Enkammarriksdagen,1991,1994,
8014,Margaretha af Ugglas,Moderata samlingspartiet,Stockholms kommun,Enkammarriksdagen,1991,1994,
8015,Margit Gennser,Moderata samlingspartiet,Fyrstadskretsen,Enkammarriksdagen,1991,1994,
8016,Margitta Edgren,Folkpartiet liberalerna,Fyrstadskretsen,Enkammarriksdagen,1991,1994,
8017,Marianne Andersson,Centerpartiet,Älvsborgs läns norra,Enkammarriksdagen,1991,1994,
8018,Marianne Carlström,Socialdemokraterna,Göteborgs kommun,Enkammarriksdagen,1991,1994,
8019,Marianne Jönsson,Centerpartiet,Kalmar län,Enkammarriksdagen,1991,1994,
8020,Mats Hellström,Socialdemokraterna,Stockholms kommun,Enkammarriksdagen,1991,1994,
8021,Mats Lindberg,Socialdemokraterna,Västerbottens län,Enkammarriksdagen,1991,1994,
8022,Mats Odell,Kristdemokraterna,Stockholms län,Enkammarriksdagen,1991,1994,
8023,Maud Björnemalm,Socialdemokraterna,Örebro län,Enkammarriksdagen,1991,1994,
8024,Max Montalvo,Ny demokrati,Västmanlands län,Enkammarriksdagen,1991,1994,
8025,Mikael Odenberg,Moderata samlingspartiet,Stockholms kommun,Enkammarriksdagen,1991,1994,
8026,Mona Sahlin,Socialdemokraterna,Stockholms län,Enkammarriksdagen,1991,1994,
8027,Mona Saint Cyr,Moderata samlingspartiet,Östergötlands län,Enkammarriksdagen,1991,1994,
8028,Monica Widnemark,Socialdemokraterna,Kronobergs län,Enkammarriksdagen,1991,1994,
8029,Monica Öhman,Socialdemokraterna,Norrbottens län,Enkammarriksdagen,1991,1994,
8030,My Persson,Moderata samlingspartiet,Göteborgs kommun,Enkammarriksdagen,1991,1994,
8031,Nic Grönvall,Moderata samlingspartiet,Hallands län,Enkammarriksdagen,1991,1994,
8032,Nils Nordh,Socialdemokraterna,Jönköpings län,Enkammarriksdagen,1991,1994,
8033,Nils T. Svensson,Socialdemokraterna,Fyrstadskretsen,Enkammarriksdagen,1991,1994,
8034,Nils-Olof Gustafsson,Socialdemokraterna,Jämtlands län,Enkammarriksdagen,1991,1994,
8035,Odd Engström,Socialdemokraterna,Kopparbergs län,Enkammarriksdagen,1991,1994,
8036,Olle Lindström,Moderata samlingspartiet,Norrbottens län,Enkammarriksdagen,1991,1994,
8037,Olle Schmidt,Folkpartiet liberalerna,Fyrstadskretsen,Enkammarriksdagen,1991,1994,
8038,Olof Johansson,Centerpartiet,Stockholms kommun,Enkammarriksdagen,1991,1994,
8039,Oskar Lindkvist,Socialdemokraterna,Stockholms kommun,Enkammarriksdagen,1991,1994,
8040,Owe Andréasson,Socialdemokraterna,Hallands län,Enkammarriksdagen,1991,1994,
8041,Patrik Norinder,Moderata samlingspartiet,Gävleborgs län,Enkammarriksdagen,1991,1994,
8042,Pehr Löfgreen,Moderata samlingspartiet,Östergötlands län,Enkammarriksdagen,1991,1994,
8043,Per Olof Håkansson,Socialdemokraterna,Malmöhus län,Enkammarriksdagen,1991,1994,
8044,Per Stenmarck,Moderata samlingspartiet,Malmöhus län,Enkammarriksdagen,1991,1994,
8045,Per Westerberg,Moderata samlingspartiet,Södermanlands län,Enkammarriksdagen,1991,1994,
8046,Per-Ola Eriksson,Centerpartiet,Norrbottens län,Enkammarriksdagen,1991,1994,
8047,Per-Richard Molén,Moderata samlingspartiet,Västernorrlands län,Enkammarriksdagen,1991,1994,
8048,Peter Kling,Ny demokrati,Fyrstadskretsen,Enkammarriksdagen,1991,1994,
8049,Pierre Schori,Socialdemokraterna,Stockholms län,Enkammarriksdagen,1991,1994,
8050,Pontus Wiklund,Kristdemokraterna,Gävleborgs län,Enkammarriksdagen,1991,1994,
8051,Pär Granstedt,Centerpartiet,Stockholms län,Enkammarriksdagen,1991,1994,
8052,Reynoldh Furustrand,Socialdemokraterna,Södermanlands län,Enkammarriksdagen,1991,1994,
8053,Richard Ulfvengren,Ny demokrati,Jönköpings län,Enkammarriksdagen,1991,1994,
8054,Rinaldo Karlsson,Socialdemokraterna,Västerbottens län,Enkammarriksdagen,1991,1994,
8055,Robert Jousma,Ny demokrati,Uppsala län,Enkammarriksdagen,1991,1994,
8056,Roine Carlsson,Socialdemokraterna,Värmlands län,Enkammarriksdagen,1991,1994,
8057,Roland Larsson,Centerpartiet,Östergötlands län,Enkammarriksdagen,1991,1994,
8058,Roland Lében,Kristdemokraterna,Värmlands län,Enkammarriksdagen,1991,1994,
8059,Roland Sundgren,Socialdemokraterna,Västmanlands län,Enkammarriksdagen,1991,1994,
8060,Rolf Clarkson,Moderata samlingspartiet,Fyrstadskretsen,Enkammarriksdagen,1991,1994,
8061,Rolf Dahlberg,Moderata samlingspartiet,Gävleborgs län,Enkammarriksdagen,1991,1994,
8062,Rolf L. Nilson,Vänsterpartiet,Fyrstadskretsen,Enkammarriksdagen,1991,1994,
8063,Rosa Östh,Centerpartiet,Uppsala län,Enkammarriksdagen,1991,1994,
8064,Rose-Marie Frebran,Kristdemokraterna,Örebro län,Enkammarriksdagen,1991,1994,
8065,Rune Backlund,Centerpartiet,Jönköpings län,Enkammarriksdagen,1991,1994,
8066,Rune Evensson,Socialdemokraterna,Älvsborgs läns norra,Enkammarriksdagen,1991,1994,
8067,Rune Rydén,Moderata samlingspartiet,Fyrstadskretsen,Enkammarriksdagen,1991,1994,
8068,Rune Thorén,Centerpartiet,Göteborgs kommun,Enkammarriksdagen,1991,1994,
8069,Sigge Godin,Folkpartiet liberalerna,Västernorrlands län,Enkammarriksdagen,1991,1994,
8070,Sigrid Bolkéus,Socialdemokraterna,Gävleborgs län,Enkammarriksdagen,1991,1994,
8071,Sinikka Bohlin,Socialdemokraterna,Gävleborgs län,Enkammarriksdagen,1991,1994,
8072,Siw Persson,Folkpartiet liberalerna,Malmöhus län,Enkammarriksdagen,1991,1994,
8073,Sonia Karlsson,Socialdemokraterna,Östergötlands län,Enkammarriksdagen,1991,1994,
8074,Sonja Rembo,Moderata samlingspartiet,Göteborgs kommun,Enkammarriksdagen,1991,1994,
8075,Stefan Attefall,Kristdemokraterna,Västerbottens län,Enkammarriksdagen,1991,1994,
8076,Stefan Kihlberg,Ny demokrati,Kopparbergs län,Enkammarriksdagen,1991,1994,
8077,Sten Andersson,Socialdemokraterna,Stockholms kommun,Enkammarriksdagen,1991,1994,
8078,Sten Andersson,Moderata samlingspartiet,Fyrstadskretsen,Enkammarriksdagen,1991,1994,
8079,Sten Svensson,Moderata samlingspartiet,Skaraborgs län,Enkammarriksdagen,1991,1994,
8080,Sten Söderberg,Ny demokrati,Kronobergs län,Enkammarriksdagen,1991,1994,
8081,Sten Östlund,Socialdemokraterna,Göteborgs kommun,Enkammarriksdagen,1991,1994,
8082,Sten-Ove Sundström,Socialdemokraterna,Norrbottens län,Enkammarriksdagen,1991,1994,
8083,Stig Alemyr,Socialdemokraterna,Kalmar län,Enkammarriksdagen,1991,1994,
8084,Stig Bertilsson,Moderata samlingspartiet,Älvsborgs läns norra,Enkammarriksdagen,1991,1994,
8085,Stig Grauers,Moderata samlingspartiet,Bohuslän,Enkammarriksdagen,1991,1994,
8086,Stig Rindborg,Moderata samlingspartiet,Stockholms län,Enkammarriksdagen,1991,1994,
8087,Stina Eliasson,Centerpartiet,Jämtlands län,Enkammarriksdagen,1991,1994,
8088,Stina Gustavsson,Centerpartiet,Kronobergs län,Enkammarriksdagen,1991,1994,
8089,Sture Ericson,Socialdemokraterna,Örebro län,Enkammarriksdagen,1991,1994,
8090,Sven Lundberg,Socialdemokraterna,Västernorrlands län,Enkammarriksdagen,1991,1994,
8091,Sven-Gösta Signell,Socialdemokraterna,Skaraborgs län,Enkammarriksdagen,1991,1994,
8092,Sven-Olof Petersson,Centerpartiet,Blekinge län,Enkammarriksdagen,1991,1994,
8093,Sverre Palm,Socialdemokraterna,Bohuslän,Enkammarriksdagen,1991,1994,
8094,Sören Lekberg,Socialdemokraterna,Stockholms län,Enkammarriksdagen,1991,1994,
8095,Thage G. Peterson,Socialdemokraterna,Stockholms län,Enkammarriksdagen,1991,1994,
8096,Tom Heyman,Moderata samlingspartiet,Göteborgs kommun,Enkammarriksdagen,1991,1994,
8097,Torgny Larsson,Socialdemokraterna,Göteborgs kommun,Enkammarriksdagen,1991,1994,
8098,Tuve Skånberg,Kristdemokraterna,Kristianstads län,Enkammarriksdagen,1991,1994,
8099,Ulf Björklund,Kristdemokraterna,Kopparbergs län,Enkammarriksdagen,1991,1994,
8100,Ulf Eriksson,Ny demokrati,Gävleborgs län,Enkammarriksdagen,1991,1994,
8101,Ulf Lönnqvist,Socialdemokraterna,Stockholms län,Enkammarriksdagen,1991,1994,
8102,Ulla Orring,Folkpartiet liberalerna,Västerbottens län,Enkammarriksdagen,1991,1994,
8103,Ulla Pettersson,Socialdemokraterna,Gotlands län,Enkammarriksdagen,1991,1994,
8104,Ulla-Britt Åbark,Socialdemokraterna,Hallands län,Enkammarriksdagen,1991,1994,
8105,Ulrica Messing,Socialdemokraterna,Gävleborgs län,Enkammarriksdagen,1991,1994,
8106,Viola Furubjelke,Socialdemokraterna,Östergötlands län,Enkammarriksdagen,1991,1994,
8107,Widar Andersson,Socialdemokraterna,Gävleborgs län,Enkammarriksdagen,1991,1994,
8108,Wiggo Komstedt,Moderata samlingspartiet,Kristianstads län,Enkammarriksdagen,1991,1994,
8109,Ylva Annerstedt,Folkpartiet liberalerna,Stockholms län,Enkammarriksdagen,1991,1994,
8110,Yvonne Sandberg-Fries,Socialdemokraterna,Blekinge län,Enkammarriksdagen,1991,1994,
8111,Åke Carnerö,Kristdemokraterna,Bohuslän,Enkammarriksdagen,1991,1994,
8112,Åke Gustavsson,Socialdemokraterna,Jönköpings län,Enkammarriksdagen,1991,1994,
8113,Åke Selberg,Socialdemokraterna,Norrbottens län,Enkammarriksdagen,1991,1994,
8114,Agne Hansson,Centerpartiet,,Enkammarriksdagen,1994,1998,
8115,Agneta Lundberg,Socialdemokraterna,,Enkammarriksdagen,1994,1998,
8116,Agneta Ringman,Socialdemokraterna,,Enkammarriksdagen,1994,1998,
8117,Alf Eriksson,Socialdemokraterna,,Enkammarriksdagen,1994,1998,
8118,Alf Svensson,Kristdemokraterna,,Enkammarriksdagen,1994,1998,
8119,Alice Åström,Vänsterpartiet,,Enkammarriksdagen,1994,1998,
8120,Anders Björck,Moderata samlingspartiet,,Enkammarriksdagen,1994,1998,
8121,Anders G Högmark,Moderata samlingspartiet,,Enkammarriksdagen,1994,1998,
8122,Anders Nilsson,Socialdemokraterna,,Enkammarriksdagen,1994,1998,
8123,Anders Svärd,Centerpartiet,,Enkammarriksdagen,1994,1998,
8124,Anders Ygeman,Socialdemokraterna,,Enkammarriksdagen,1994,1998,
8125,Andreas Carlgren,Centerpartiet,,Enkammarriksdagen,1994,1998,
8126,Anita Johansson,Socialdemokraterna,,Enkammarriksdagen,1994,1998,
8127,Anita Jönsson,Socialdemokraterna,,Enkammarriksdagen,1994,1998,
8128,Anita Persson,Socialdemokraterna,,Enkammarriksdagen,1994,1998,
8129,Ann-Kristine Johansson,Socialdemokraterna,,Enkammarriksdagen,1994,1998,
8130,Ann-Marie Fagerström,Socialdemokraterna,,Enkammarriksdagen,1994,1998,
8131,Anna Åkerhielm,Moderata samlingspartiet,,Enkammarriksdagen,1994,1998,
8132,Anne Wibble,Folkpartiet liberalerna,,Enkammarriksdagen,1994,1998,
8133,Annika Jonsell,Moderata samlingspartiet,,Enkammarriksdagen,1994,1998,
8134,Annika Nilsson,Socialdemokraterna,,Enkammarriksdagen,1994,1998,
8135,Annika Nordgren Christensen,Miljöpartiet de Gröna,,Enkammarriksdagen,1994,1998,
8136,Arne Andersson,Moderata samlingspartiet,,Enkammarriksdagen,1994,1998,
8137,Arne Kjörnsberg,Socialdemokraterna,,Enkammarriksdagen,1994,1998,
8138,Axel Andersson,Socialdemokraterna,,Enkammarriksdagen,1994,1998,
8139,Barbro Andersson Öhrn,Socialdemokraterna,,Enkammarriksdagen,1994,1998,
8140,Barbro Hietala Nordlund,Socialdemokraterna,,Enkammarriksdagen,1994,1998,
8141,Barbro Johansson,Miljöpartiet de Gröna,,Enkammarriksdagen,1994,1998,
8142,Barbro Westerholm,Folkpartiet liberalerna,,Enkammarriksdagen,1994,1998,
8143,Beatrice Ask,Moderata samlingspartiet,,Enkammarriksdagen,1994,1998,
8144,Bengt Harding Olson,Folkpartiet liberalerna,,Enkammarriksdagen,1994,1998,
8145,Bengt Hurtig,Vänsterpartiet,,Enkammarriksdagen,1994,1998,
8146,Bengt Kronblad,Socialdemokraterna,,Enkammarriksdagen,1994,1998,
8147,Bengt Silfverstrand,Socialdemokraterna,,Enkammarriksdagen,1994,1998,
8148,Bengt-Ola Ryttar,Socialdemokraterna,,Enkammarriksdagen,1994,1998,
8149,Berit Andnor,Socialdemokraterna,,Enkammarriksdagen,1994,1998,
8150,Berit Löfstedt,Socialdemokraterna,,Enkammarriksdagen,1994,1998,
8151,Berit Oscarsson,Socialdemokraterna,,Enkammarriksdagen,1994,1998,
8152,Berndt Ekholm,Socialdemokraterna,,Enkammarriksdagen,1994,1998,
8153,Bertil Persson,Moderata samlingspartiet,,Enkammarriksdagen,1994,1998,
8154,Birger Hagård,Moderata samlingspartiet,,Enkammarriksdagen,1994,1998,
8155,Birger Schlaug,Miljöpartiet de Gröna,,Enkammarriksdagen,1994,1998,
8156,Birgit Friggebo,Folkpartiet liberalerna,,Enkammarriksdagen,1994,1998,
8157,Birgitta Carlsson,Centerpartiet,,Enkammarriksdagen,1994,1998,
8158,Birgitta Dahl,Socialdemokraterna,,Enkammarriksdagen,1994,1998,
8159,Birgitta Gidblom,Socialdemokraterna,,Enkammarriksdagen,1994,1998,
8160,Birgitta Hambraeus,Centerpartiet,,Enkammarriksdagen,1994,1998,
8161,Birgitta Johansson,Socialdemokraterna,,Enkammarriksdagen,1994,1998,
8162,Birgitta Wichne,Moderata samlingspartiet,,Enkammarriksdagen,1994,1998,
8163,Birgitta Wistrand,Moderata samlingspartiet,,Enkammarriksdagen,1994,1998,
8164,Birthe Sörestedt,Socialdemokraterna,,Enkammarriksdagen,1994,1998,
8165,Björn Kaaling,Socialdemokraterna,,Enkammarriksdagen,1994,1998,
8166,Björn von Sydow,Socialdemokraterna,,Enkammarriksdagen,1994,1998,
8167,Bo Finnkvist,Socialdemokraterna,,Enkammarriksdagen,1994,1998,
8168,Bo Könberg,Folkpartiet liberalerna,,Enkammarriksdagen,1994,1998,
8169,Bo Lundgren,Moderata samlingspartiet,,Enkammarriksdagen,1994,1998,
8170,Bo Nilsson,Socialdemokraterna,,Enkammarriksdagen,1994,1998,
8171,Bodil Francke Ohlsson,Miljöpartiet de Gröna,,Enkammarriksdagen,1994,1998,
8172,Britt Bohlin,Socialdemokraterna,,Enkammarriksdagen,1994,1998,
8173,Britt-Marie Danestig-Olofsson,Vänsterpartiet,,Enkammarriksdagen,1994,1998,
8174,Britta Sundin,Socialdemokraterna,,Enkammarriksdagen,1994,1998,
8175,Börje Nilsson,Socialdemokraterna,,Enkammarriksdagen,1994,1998,
8176,Carin Lundberg,Socialdemokraterna,,Enkammarriksdagen,1994,1998,
8177,Carina Hägg,Socialdemokraterna,,Enkammarriksdagen,1994,1998,
8178,Carina Moberg,Socialdemokraterna,,Enkammarriksdagen,1994,1998,
8179,Carl Bildt,Moderata samlingspartiet,,Enkammarriksdagen,1994,1998,
8180,Carl Erik Hedlund,Moderata samlingspartiet,,Enkammarriksdagen,1994,1998,
8181,Carl Fredrik Graf,Moderata samlingspartiet,,Enkammarriksdagen,1994,1998,
8182,Carl G. Nilsson,Moderata samlingspartiet,,Enkammarriksdagen,1994,1998,
8183,Carl-Johan Wilson,Folkpartiet liberalerna,,Enkammarriksdagen,1994,1998,
8184,Catarina Rönnung,Socialdemokraterna,,Enkammarriksdagen,1994,1998,
8185,Catherine Persson,Socialdemokraterna,,Enkammarriksdagen,1994,1998,
8186,Charlotta L. Bjälkebring,Vänsterpartiet,,Enkammarriksdagen,1994,1998,
8187,Chatrine Pålsson,Kristdemokraterna,,Enkammarriksdagen,1994,1998,
8188,Chris Heister,Moderata samlingspartiet,,Enkammarriksdagen,1994,1998,
8189,Christel Anderberg,Moderata samlingspartiet,,Enkammarriksdagen,1994,1998,
8190,Christer Eirefelt,Folkpartiet liberalerna,,Enkammarriksdagen,1994,1998,
8191,Christer Skoog,Socialdemokraterna,,Enkammarriksdagen,1994,1998,
8192,Christin Nilsson,Socialdemokraterna,,Enkammarriksdagen,1994,1998,
8193,Christina Pettersson,Socialdemokraterna,,Enkammarriksdagen,1994,1998,
8194,Claes-Göran Brandin,Socialdemokraterna,,Enkammarriksdagen,1994,1998,
8195,Conny Öhman,Socialdemokraterna,,Enkammarriksdagen,1994,1998,
8196,Dag Ericson,Socialdemokraterna,,Enkammarriksdagen,1994,1998,
8197,Dan Ericsson,Kristdemokraterna,,Enkammarriksdagen,1994,1998,
8198,Elisa Abascal Reyes,Miljöpartiet de Gröna,,Enkammarriksdagen,1994,1998,
8199,Elisabeth Fleetwood,Moderata samlingspartiet,,Enkammarriksdagen,1994,1998,
8200,Elizabeth Nyström,Moderata samlingspartiet,,Enkammarriksdagen,1994,1998,
8201,Elver Jonsson,Folkpartiet liberalerna,,Enkammarriksdagen,1994,1998,
8202,Elving Andersson,Centerpartiet,,Enkammarriksdagen,1994,1998,
8203,Erik Arthur Egervärn,Centerpartiet,,Enkammarriksdagen,1994,1998,
8204,Erling Bager,Folkpartiet liberalerna,,Enkammarriksdagen,1994,1998,
8205,Eskil Erlandsson,Centerpartiet,,Enkammarriksdagen,1994,1998,
8206,Eva Arvidsson,Socialdemokraterna,,Enkammarriksdagen,1994,1998,
8207,Eva Björne,Moderata samlingspartiet,,Enkammarriksdagen,1994,1998,
8208,Eva Eriksson,Folkpartiet liberalerna,,Enkammarriksdagen,1994,1998,
8209,Eva Flyborg,Folkpartiet liberalerna,,Enkammarriksdagen,1994,1998,
8210,Eva Goës,Miljöpartiet de Gröna,,Enkammarriksdagen,1994,1998,
8211,Eva Johansson,Socialdemokraterna,,Enkammarriksdagen,1994,1998,
8212,Eva Persson Sellin,Socialdemokraterna,,Enkammarriksdagen,1994,1998,
8213,Eva Zetterberg,Vänsterpartiet,,Enkammarriksdagen,1994,1998,
8214,Ewa Larsson,Miljöpartiet de Gröna,,Enkammarriksdagen,1994,1998,
8215,Fanny Rizell,Kristdemokraterna,,Enkammarriksdagen,1994,1998,
8216,Frank Lassen,Socialdemokraterna,,Enkammarriksdagen,1994,1998,
8217,Fredrik Reinfeldt,Moderata samlingspartiet,,Enkammarriksdagen,1994,1998,
8218,Gudrun Lindvall,Miljöpartiet de Gröna,,Enkammarriksdagen,1994,1998,
8219,Gudrun Schyman,Vänsterpartiet,,Enkammarriksdagen,1994,1998,
8220,Gullan Lindblad,Moderata samlingspartiet,,Enkammarriksdagen,1994,1998,
8221,Gun Hellsvik,Moderata samlingspartiet,,Enkammarriksdagen,1994,1998,
8222,Gunnar Goude,Miljöpartiet de Gröna,,Enkammarriksdagen,1994,1998,
8223,Gunnar Hökmark,Moderata samlingspartiet,,Enkammarriksdagen,1994,1998,
8224,Gustaf von Essen,Moderata samlingspartiet,,Enkammarriksdagen,1994,1998,
8225,Göran Hägglund,Kristdemokraterna,,Enkammarriksdagen,1994,1998,
8226,Göran Lennmarker,Moderata samlingspartiet,,Enkammarriksdagen,1994,1998,
8227,Göran Magnusson,Socialdemokraterna,,Enkammarriksdagen,1994,1998,
8228,Göran Persson,Socialdemokraterna,,Enkammarriksdagen,1994,1998,
8229,Görel Thurdin,Centerpartiet,,Enkammarriksdagen,1994,1998,
8230,Göte Jonsson,Moderata samlingspartiet,,Enkammarriksdagen,1994,1998,
8231,Göthe Knutson,Moderata samlingspartiet,,Enkammarriksdagen,1994,1998,
8232,Hanna Zetterberg,Vänsterpartiet,,Enkammarriksdagen,1994,1998,
8233,Hans Andersson,Vänsterpartiet,,Enkammarriksdagen,1994,1998,
8234,Hans Hjortzberg-Nordlund,Moderata samlingspartiet,,Enkammarriksdagen,1994,1998,
8235,Hans Karlsson,Socialdemokraterna,,Enkammarriksdagen,1994,1998,
8236,Hans Stenberg,Socialdemokraterna,,Enkammarriksdagen,1994,1998,
8237,Helena Frisk,Socialdemokraterna,,Enkammarriksdagen,1994,1998,
8238,Helena Nilsson,Centerpartiet,,Enkammarriksdagen,1994,1998,
8239,Henrik Landerholm,Moderata samlingspartiet,,Enkammarriksdagen,1994,1998,
8240,Henrik S. Järrel,Moderata samlingspartiet,,Enkammarriksdagen,1994,1998,
8241,Holger Gustafsson,Kristdemokraterna,,Enkammarriksdagen,1994,1998,
8242,Håkan Holmberg,Folkpartiet liberalerna,,Enkammarriksdagen,1994,1998,
8243,Håkan Juholt,Socialdemokraterna,,Enkammarriksdagen,1994,1998,
8244,Håkan Strömberg,Socialdemokraterna,,Enkammarriksdagen,1994,1998,
8245,Ines Uusmann,Socialdemokraterna,,Enkammarriksdagen,1994,1998,
8246,Inga Berggren,Moderata samlingspartiet,,Enkammarriksdagen,1994,1998,
8247,Inga-Britt Johansson,Socialdemokraterna,,Enkammarriksdagen,1994,1998,
8248,Ingbritt Irhammar,Centerpartiet,,Enkammarriksdagen,1994,1998,
8249,Inge Carlsson,Socialdemokraterna,,Enkammarriksdagen,1994,1998,
8250,Ingegerd Sahlström,Socialdemokraterna,,Enkammarriksdagen,1994,1998,
8251,Ingegerd Wärnersson,Socialdemokraterna,,Enkammarriksdagen,1994,1998,
8252,Ingela Thalén,Socialdemokraterna,,Enkammarriksdagen,1994,1998,
8253,Ingemar Josefsson,Socialdemokraterna,,Enkammarriksdagen,1994,1998,
8254,Inger Davidson,Kristdemokraterna,,Enkammarriksdagen,1994,1998,
8255,Inger Koch,Moderata samlingspartiet,,Enkammarriksdagen,1994,1998,
8256,Inger Lundberg,Socialdemokraterna,,Enkammarriksdagen,1994,1998,
8257,Inger René,Moderata samlingspartiet,,Enkammarriksdagen,1994,1998,
8258,Inger Segelström,Socialdemokraterna,,Enkammarriksdagen,1994,1998,
8259,Ingibjörg Sigurdsdóttir,Socialdemokraterna,,Enkammarriksdagen,1994,1998,
8260,Ingrid Andersson,Socialdemokraterna,,Enkammarriksdagen,1994,1998,
8261,Ingrid Burman,Vänsterpartiet,,Enkammarriksdagen,1994,1998,
8262,Ingrid Näslund,Kristdemokraterna,,Enkammarriksdagen,1994,1998,
8263,Ingrid Skeppstedt,Centerpartiet,,Enkammarriksdagen,1994,1998,
8264,Ingvar Eriksson,Moderata samlingspartiet,,Enkammarriksdagen,1994,1998,
8265,Ingvar Johnsson,Socialdemokraterna,,Enkammarriksdagen,1994,1998,
8266,Iréne Vestlund,Socialdemokraterna,,Enkammarriksdagen,1994,1998,
8267,Isa Halvarsson,Folkpartiet liberalerna,,Enkammarriksdagen,1994,1998,
8268,Jan Backman,Moderata samlingspartiet,,Enkammarriksdagen,1994,1998,
8269,Jan Bergqvist,Socialdemokraterna,,Enkammarriksdagen,1994,1998,
8270,Jan Björkman,Socialdemokraterna,,Enkammarriksdagen,1994,1998,
8271,Jan Jennehag,Vänsterpartiet,,Enkammarriksdagen,1994,1998,
8272,Jan-Olof Franzén,Moderata samlingspartiet,,Enkammarriksdagen,1994,1998,
8273,Jarl Lander,Socialdemokraterna,,Enkammarriksdagen,1994,1998,
8274,Jeppe Johnsson,Moderata samlingspartiet,,Enkammarriksdagen,1994,1998,
8275,Jerry Martinger,Moderata samlingspartiet,,Enkammarriksdagen,1994,1998,
8276,Johan Lönnroth,Vänsterpartiet,,Enkammarriksdagen,1994,1998,
8277,Johnny Ahlqvist,Socialdemokraterna,,Enkammarriksdagen,1994,1998,
8278,Juan Fonseca,Socialdemokraterna,,Enkammarriksdagen,1994,1998,
8279,Kaj Larsson,Socialdemokraterna,,Enkammarriksdagen,1994,1998,
8280,Karin Falkmer,Moderata samlingspartiet,,Enkammarriksdagen,1994,1998,
8281,Karin Israelsson,Centerpartiet,,Enkammarriksdagen,1994,1998,
8282,Karin Olsson,Socialdemokraterna,,Enkammarriksdagen,1994,1998,
8283,Karin Pilsäter,Folkpartiet liberalerna,,Enkammarriksdagen,1994,1998,
8284,Karin Starrin,Centerpartiet,,Enkammarriksdagen,1994,1998,
8285,Karin Wegestål,Socialdemokraterna,,Enkammarriksdagen,1994,1998,
8286,Karl Hagström,Socialdemokraterna,,Enkammarriksdagen,1994,1998,
8287,Karl-Erik Persson,Vänsterpartiet,,Enkammarriksdagen,1994,1998,
8288,Karl-Göran Biörsmark,Folkpartiet liberalerna,,Enkammarriksdagen,1994,1998,
8289,Karl-Gösta Svenson,Moderata samlingspartiet,,Enkammarriksdagen,1994,1998,
8290,Kenneth Kvist,Vänsterpartiet,,Enkammarriksdagen,1994,1998,
8291,Kent Olsson,Moderata samlingspartiet,,Enkammarriksdagen,1994,1998,
8292,Kenth Skårvik,Folkpartiet liberalerna,,Enkammarriksdagen,1994,1998,
8293,Kerstin Heinemann,Folkpartiet liberalerna,,Enkammarriksdagen,1994,1998,
8294,Kerstin Kristiansson Karlstedt,Socialdemokraterna,,Enkammarriksdagen,1994,1998,
8295,Kerstin Warnerbring,Centerpartiet,,Enkammarriksdagen,1994,1998,
8296,Kia Andreasson,Miljöpartiet de Gröna,,Enkammarriksdagen,1994,1998,
8297,Kjell Ericsson,Centerpartiet,,Enkammarriksdagen,1994,1998,
8298,Kjell Nordström,Socialdemokraterna,,Enkammarriksdagen,1994,1998,
8299,Knut Billing,Moderata samlingspartiet,,Enkammarriksdagen,1994,1998,
8300,Krister Örnfjäder,Socialdemokraterna,,Enkammarriksdagen,1994,1998,
8301,Kristina Nordström,Socialdemokraterna,,Enkammarriksdagen,1994,1998,
8302,Kristina Zakrisson,Socialdemokraterna,,Enkammarriksdagen,1994,1998,
8303,Kurt Ove Johansson,Socialdemokraterna,,Enkammarriksdagen,1994,1998,
8304,Laila Bjurling,Socialdemokraterna,,Enkammarriksdagen,1994,1998,
8305,Laila Bäck,Socialdemokraterna,,Enkammarriksdagen,1994,1998,
8306,Lars Björkman,Moderata samlingspartiet,,Enkammarriksdagen,1994,1998,
8307,Lars Bäckström,Vänsterpartiet,,Enkammarriksdagen,1994,1998,
8308,Lars Hedfors,Socialdemokraterna,,Enkammarriksdagen,1994,1998,
8309,Lars Hjertén,Moderata samlingspartiet,,Enkammarriksdagen,1994,1998,
8310,Lars Leijonborg,Folkpartiet liberalerna,,Enkammarriksdagen,1994,1998,
8311,Lars Lilja,Socialdemokraterna,,Enkammarriksdagen,1994,1998,
8312,Lars Stjernkvist,Socialdemokraterna,,Enkammarriksdagen,1994,1998,
8313,Lars Tobisson,Moderata samlingspartiet,,Enkammarriksdagen,1994,1998,
8314,Lars U. Granberg,Socialdemokraterna,,Enkammarriksdagen,1994,1998,
8315,Lars-Erik Lövdén,Socialdemokraterna,,Enkammarriksdagen,1994,1998,
8316,Leif Carlson,Moderata samlingspartiet,,Enkammarriksdagen,1994,1998,
8317,Leif Marklund,Socialdemokraterna,,Enkammarriksdagen,1994,1998,
8318,Lena Hjelm-Wallén,Socialdemokraterna,,Enkammarriksdagen,1994,1998,
8319,Lena Klevenås,Socialdemokraterna,,Enkammarriksdagen,1994,1998,
8320,Lena Larsson,Socialdemokraterna,,Enkammarriksdagen,1994,1998,
8321,Lena Sandlin-Hedman,Socialdemokraterna,,Enkammarriksdagen,1994,1998,
8322,Lennart Beijer,Vänsterpartiet,,Enkammarriksdagen,1994,1998,
8323,Lennart Brunander,Centerpartiet,,Enkammarriksdagen,1994,1998,
8324,Lennart Daléus,Centerpartiet,,Enkammarriksdagen,1994,1998,
8325,Lennart Fremling,Folkpartiet liberalerna,,Enkammarriksdagen,1994,1998,
8326,Lennart Fridén,Moderata samlingspartiet,,Enkammarriksdagen,1994,1998,
8327,Lennart Hedquist,Moderata samlingspartiet,,Enkammarriksdagen,1994,1998,
8328,Lennart Klockare,Socialdemokraterna,,Enkammarriksdagen,1994,1998,
8329,Lennart Nilsson,Socialdemokraterna,,Enkammarriksdagen,1994,1998,
8330,Lennart Rohdin,Folkpartiet liberalerna,,Enkammarriksdagen,1994,1998,
8331,Leo Persson,Socialdemokraterna,,Enkammarriksdagen,1994,1998,
8332,Lilian Virgin,Socialdemokraterna,,Enkammarriksdagen,1994,1998,
8333,Lisbet Calner,Socialdemokraterna,,Enkammarriksdagen,1994,1998,
8334,Lisbeth Staaf-Igelström,Socialdemokraterna,,Enkammarriksdagen,1994,1998,
8335,Liselotte Wågö,Moderata samlingspartiet,,Enkammarriksdagen,1994,1998,
8336,Maggi Mikaelsson,Vänsterpartiet,,Enkammarriksdagen,1994,1998,
8337,Magnus Johansson,Socialdemokraterna,,Enkammarriksdagen,1994,1998,
8338,Maj-Inger Klingvall,Socialdemokraterna,,Enkammarriksdagen,1994,1998,
8339,Majléne Westerlund Panke,Socialdemokraterna,,Enkammarriksdagen,1994,1998,
8340,Margareta Andersson,Centerpartiet,,Enkammarriksdagen,1994,1998,
8341,Margareta E. Nordenvall,Moderata samlingspartiet,,Enkammarriksdagen,1994,1998,
8342,Margareta Israelsson,Socialdemokraterna,,Enkammarriksdagen,1994,1998,
8343,Margareta Sandgren,Socialdemokraterna,,Enkammarriksdagen,1994,1998,
8344,Margareta Winberg,Socialdemokraterna,,Enkammarriksdagen,1994,1998,
8345,Margit Gennser,Moderata samlingspartiet,,Enkammarriksdagen,1994,1998,
8346,Margitta Edgren,Folkpartiet liberalerna,,Enkammarriksdagen,1994,1998,
8347,Marianne Andersson,Centerpartiet,,Enkammarriksdagen,1994,1998,
8348,Marianne Carlström,Socialdemokraterna,,Enkammarriksdagen,1994,1998,
8349,Marianne Jönsson,Socialdemokraterna,,Enkammarriksdagen,1994,1998,
8350,Marianne Samuelsson,Miljöpartiet de Gröna,,Enkammarriksdagen,1994,1998,
8351,Marie Engström,Vänsterpartiet,,Enkammarriksdagen,1994,1998,
8352,Marie Granlund,Socialdemokraterna,,Enkammarriksdagen,1994,1998,
8353,Marie Wilén,Centerpartiet,,Enkammarriksdagen,1994,1998,
8354,Marietta de Pourbaix-Lundin,Moderata samlingspartiet,,Enkammarriksdagen,1994,1998,
8355,Martin Nilsson,Socialdemokraterna,,Enkammarriksdagen,1994,1998,
8356,Mats Lindberg,Socialdemokraterna,,Enkammarriksdagen,1994,1998,
8357,Mats Odell,Kristdemokraterna,,Enkammarriksdagen,1994,1998,
8358,Maud Björnemalm,Socialdemokraterna,,Enkammarriksdagen,1994,1998,
8359,Maud Ekendahl,Moderata samlingspartiet,,Enkammarriksdagen,1994,1998,
8360,Michael Hagberg,Socialdemokraterna,,Enkammarriksdagen,1994,1998,
8361,Michael Stjernström,Kristdemokraterna,,Enkammarriksdagen,1994,1998,
8362,Mikael Odenberg,Moderata samlingspartiet,,Enkammarriksdagen,1994,1998,
8363,Mona Berglund Nilsson,Socialdemokraterna,,Enkammarriksdagen,1994,1998,
8364,Monica Green,Socialdemokraterna,,Enkammarriksdagen,1994,1998,
8365,Monica Widnemark,Socialdemokraterna,,Enkammarriksdagen,1994,1998,
8366,Monica Öhman,Socialdemokraterna,,Enkammarriksdagen,1994,1998,
8367,My Persson,Moderata samlingspartiet,,Enkammarriksdagen,1994,1998,
8368,Märta Johansson,Socialdemokraterna,,Enkammarriksdagen,1994,1998,
8369,Nalin Pekgul,Socialdemokraterna,,Enkammarriksdagen,1994,1998,
8370,Nikos Papadopoulos,Socialdemokraterna,,Enkammarriksdagen,1994,1998,
8371,Nils Fredrik Aurelius,Moderata samlingspartiet,,Enkammarriksdagen,1994,1998,
8372,Nils T. Svensson,Socialdemokraterna,,Enkammarriksdagen,1994,1998,
8373,Nils-Erik Söderqvist,Socialdemokraterna,,Enkammarriksdagen,1994,1998,
8374,Nils-Göran Holmqvist,Socialdemokraterna,,Enkammarriksdagen,1994,1998,
8375,Ola Karlsson,Moderata samlingspartiet,,Enkammarriksdagen,1994,1998,
8376,Ola Rask,Socialdemokraterna,,Enkammarriksdagen,1994,1998,
8377,Ola Ström,Folkpartiet liberalerna,,Enkammarriksdagen,1994,1998,
8378,Ola Sundell,Moderata samlingspartiet,,Enkammarriksdagen,1994,1998,
8379,Olle Lindström,Moderata samlingspartiet,,Enkammarriksdagen,1994,1998,
8380,Olof Johansson,Centerpartiet,,Enkammarriksdagen,1994,1998,
8381,Owe Hellberg,Vänsterpartiet,,Enkammarriksdagen,1994,1998,
8382,Paavo Vallius,Socialdemokraterna,,Enkammarriksdagen,1994,1998,
8383,Patrik Norinder,Moderata samlingspartiet,,Enkammarriksdagen,1994,1998,
8384,Per Bill,Moderata samlingspartiet,,Enkammarriksdagen,1994,1998,
8385,Per Erik Granström,Socialdemokraterna,,Enkammarriksdagen,1994,1998,
8386,Per Lager,Miljöpartiet de Gröna,,Enkammarriksdagen,1994,1998,
8387,Per Olof Håkansson,Socialdemokraterna,,Enkammarriksdagen,1994,1998,
8388,Per Rosengren,Vänsterpartiet,,Enkammarriksdagen,1994,1998,
8389,Per Unckel,Moderata samlingspartiet,,Enkammarriksdagen,1994,1998,
8390,Per Westerberg,Moderata samlingspartiet,,Enkammarriksdagen,1994,1998,
8391,Per-Ola Eriksson,Centerpartiet,,Enkammarriksdagen,1994,1998,
8392,Peter Eriksson,Miljöpartiet de Gröna,,Enkammarriksdagen,1994,1998,
8393,Peter Weibull Bernström,Moderata samlingspartiet,,Enkammarriksdagen,1994,1998,
8394,Pierre Schori,Socialdemokraterna,,Enkammarriksdagen,1994,1998,
8395,Pär Nuder,Socialdemokraterna,,Enkammarriksdagen,1994,1998,
8396,Pär-Axel Sahlberg,Socialdemokraterna,,Enkammarriksdagen,1994,1998,
8397,Ragnhild Pohanka,Miljöpartiet de Gröna,,Enkammarriksdagen,1994,1998,
8398,Reynoldh Furustrand,Socialdemokraterna,,Enkammarriksdagen,1994,1998,
8399,Rigmor Ahlstedt,Centerpartiet,,Enkammarriksdagen,1994,1998,
8400,Rinaldo Karlsson,Socialdemokraterna,,Enkammarriksdagen,1994,1998,
8401,Roland Larsson,Centerpartiet,,Enkammarriksdagen,1994,1998,
8402,Rolf Dahlberg,Moderata samlingspartiet,,Enkammarriksdagen,1994,1998,
8403,Rolf Gunnarsson,Moderata samlingspartiet,,Enkammarriksdagen,1994,1998,
8404,Rolf Kenneryd,Centerpartiet,,Enkammarriksdagen,1994,1998,
8405,Rolf Åbjörnsson,Kristdemokraterna,,Enkammarriksdagen,1994,1998,
8406,Ronny Korsberg,Miljöpartiet de Gröna,,Enkammarriksdagen,1994,1998,
8407,Ronny Olander,Socialdemokraterna,,Enkammarriksdagen,1994,1998,
8408,Rose-Marie Frebran,Kristdemokraterna,,Enkammarriksdagen,1994,1998,
8409,Roy Ottosson,Miljöpartiet de Gröna,,Enkammarriksdagen,1994,1998,
8410,Rune Berglund,Socialdemokraterna,,Enkammarriksdagen,1994,1998,
8411,Rune Evensson,Socialdemokraterna,,Enkammarriksdagen,1994,1998,
8412,Rune Rydén,Moderata samlingspartiet,,Enkammarriksdagen,1994,1998,
8413,Sigge Godin,Folkpartiet liberalerna,,Enkammarriksdagen,1994,1998,
8414,Sigrid Bolkéus,Socialdemokraterna,,Enkammarriksdagen,1994,1998,
8415,Sinikka Bohlin,Socialdemokraterna,,Enkammarriksdagen,1994,1998,
8416,Siri Dannaeus,Folkpartiet liberalerna,,Enkammarriksdagen,1994,1998,
8417,Sivert Carlsson,Centerpartiet,,Enkammarriksdagen,1994,1998,
8418,Siw Persson,Folkpartiet liberalerna,,Enkammarriksdagen,1994,1998,
8419,Siw Wittgren-Ahl,Socialdemokraterna,,Enkammarriksdagen,1994,1998,
8420,Sonia Karlsson,Socialdemokraterna,,Enkammarriksdagen,1994,1998,
8421,Sonja Fransson,Socialdemokraterna,,Enkammarriksdagen,1994,1998,
8422,Sonja Rembo,Moderata samlingspartiet,,Enkammarriksdagen,1994,1998,
8423,Sten Andersson,Moderata samlingspartiet,,Enkammarriksdagen,1994,1998,
8424,Sten Svensson,Moderata samlingspartiet,,Enkammarriksdagen,1994,1998,
8425,Sten Tolgfors,Moderata samlingspartiet,,Enkammarriksdagen,1994,1998,
8426,Sten Östlund,Socialdemokraterna,,Enkammarriksdagen,1994,1998,
8427,Stig Grauers,Moderata samlingspartiet,,Enkammarriksdagen,1994,1998,
8428,Stig Rindborg,Moderata samlingspartiet,,Enkammarriksdagen,1994,1998,
8429,Stig Sandström,Vänsterpartiet,,Enkammarriksdagen,1994,1998,
8430,Susanne Eberstein,Socialdemokraterna,,Enkammarriksdagen,1994,1998,
8431,Sven Hulterström,Socialdemokraterna,,Enkammarriksdagen,1994,1998,
8432,Sven Lundberg,Socialdemokraterna,,Enkammarriksdagen,1994,1998,
8433,Sven-Erik Österberg,Socialdemokraterna,,Enkammarriksdagen,1994,1998,
8434,Sven-Åke Nygårds,Socialdemokraterna,,Enkammarriksdagen,1994,1998,
8435,Sverre Palm,Socialdemokraterna,,Enkammarriksdagen,1994,1998,
8436,Sylvia Lindgren,Socialdemokraterna,,Enkammarriksdagen,1994,1998,
8437,Sören Lekberg,Socialdemokraterna,,Enkammarriksdagen,1994,1998,
8438,Tanja Linderborg,Vänsterpartiet,,Enkammarriksdagen,1994,1998,
8439,Thage G Peterson,Socialdemokraterna,,Enkammarriksdagen,1994,1998,
8440,Thomas Julin,Miljöpartiet de Gröna,,Enkammarriksdagen,1994,1998,
8441,Thomas Östros,Socialdemokraterna,,Enkammarriksdagen,1994,1998,
8442,Tom Heyman,Moderata samlingspartiet,,Enkammarriksdagen,1994,1998,
8443,Tomas Eneroth,Socialdemokraterna,,Enkammarriksdagen,1994,1998,
8444,Tomas Högström,Moderata samlingspartiet,,Enkammarriksdagen,1994,1998,
8445,Torgny Danielsson,Socialdemokraterna,,Enkammarriksdagen,1994,1998,
8446,Torsten Gavelin,Folkpartiet liberalerna,,Enkammarriksdagen,1994,1998,
8447,Tuve Skånberg,Kristdemokraterna,,Enkammarriksdagen,1994,1998,
8448,Ulf Björklund,Kristdemokraterna,,Enkammarriksdagen,1994,1998,
8449,Ulf Kero,Socialdemokraterna,,Enkammarriksdagen,1994,1998,
8450,Ulf Kristersson,Moderata samlingspartiet,,Enkammarriksdagen,1994,1998,
8451,Ulf Melin,Moderata samlingspartiet,,Enkammarriksdagen,1994,1998,
8452,Ulla Hoffmann,Vänsterpartiet,,Enkammarriksdagen,1994,1998,
8453,Ulla Löfgren,Moderata samlingspartiet,,Enkammarriksdagen,1994,1998,
8454,Ulla Wester-Rudin,Socialdemokraterna,,Enkammarriksdagen,1994,1998,
8455,Ulrica Messing,Socialdemokraterna,,Enkammarriksdagen,1994,1998,
8456,Urban Ahlin,Socialdemokraterna,,Enkammarriksdagen,1994,1998,
8457,Viola Furubjelke,Socialdemokraterna,,Enkammarriksdagen,1994,1998,
8458,Widar Andersson,Socialdemokraterna,,Enkammarriksdagen,1994,1998,
8459,Yvonne Ruwaida,Miljöpartiet de Gröna,,Enkammarriksdagen,1994,1998,
8460,Åke Carnerö,Kristdemokraterna,,Enkammarriksdagen,1994,1998,
8461,Åke Gustavsson,Socialdemokraterna,,Enkammarriksdagen,1994,1998,
8462,Åke Sundqvist,Moderata samlingspartiet,,Enkammarriksdagen,1994,1998,
8463,Agne Hansson,Centerpartiet,Kalmar län,Enkammarriksdagen,1998,2002,
8464,Agneta Lundberg,Socialdemokraterna,Västernorrlands län,Enkammarriksdagen,1998,2002,
8465,Agneta Ringman,Socialdemokraterna,Kalmar län,Enkammarriksdagen,1998,2002,
8466,Alf Eriksson,Socialdemokraterna,Hallands län,Enkammarriksdagen,1998,2002,
8467,Alf Svensson,Kristdemokraterna,Jönköpings län,Enkammarriksdagen,1998,2002,
8468,Alice Åström,Vänsterpartiet,Jönköpings län,Enkammarriksdagen,1998,2002,
8469,Amanda Agestav,Kristdemokraterna,Stockholms län,Enkammarriksdagen,1998,2002,
8470,Anders Andersson,Kristdemokraterna,Skåne läns norra och östra,Enkammarriksdagen,1998,2002,
8471,Anders Björck,Moderata samlingspartiet,Jönköpings län,Enkammarriksdagen,1998,2002,
8472,Anders G. Högmark,Moderata samlingspartiet,Kronobergs län,Enkammarriksdagen,1998,2002,
8473,Anders Karlsson,Socialdemokraterna,Skåne läns västra,Enkammarriksdagen,1998,2002,
8474,Anders Sjölund,Moderata samlingspartiet,Västerbottens län,Enkammarriksdagen,1998,2002,
8475,Anders Sundström,Socialdemokraterna,Norrbottens län,Enkammarriksdagen,1998,2002,
8476,Anders Ygeman,Socialdemokraterna,Stockholms kommun,Enkammarriksdagen,1998,2002,
8477,Anita Johansson,Socialdemokraterna,Stockholms län,Enkammarriksdagen,1998,2002,
8478,Anita Jönsson,Socialdemokraterna,Skåne läns södra,Enkammarriksdagen,1998,2002,
8479,Anita Sidén,Moderata samlingspartiet,Göteborgs kommun,Enkammarriksdagen,1998,2002,
8480,Ann-Kristine Johansson,Socialdemokraterna,Värmlands län,Enkammarriksdagen,1998,2002,
8481,Ann-Marie Fagerström,Socialdemokraterna,Kalmar län,Enkammarriksdagen,1998,2002,
8482,Anna Lilliehöök,Moderata samlingspartiet,Stockholms kommun,Enkammarriksdagen,1998,2002,
8483,Anna Lindh,Socialdemokraterna,Södermanlands län,Enkammarriksdagen,1998,2002,
8484,Anna Åkerhielm,Moderata samlingspartiet,Skåne läns västra,Enkammarriksdagen,1998,2002,
8485,Anne-Katrine Dunker,Moderata samlingspartiet,Gävleborgs län,Enkammarriksdagen,1998,2002,
8486,Annika Nilsson,Socialdemokraterna,Skåne läns västra,Enkammarriksdagen,1998,2002,
8487,Arne Kjörnsberg,Socialdemokraterna,Västra Götalands läns södra,Enkammarriksdagen,1998,2002,
8488,Barbro Andersson Öhrn,Socialdemokraterna,Uppsala län,Enkammarriksdagen,1998,2002,
8489,Barbro Feltzing,Miljöpartiet de Gröna,Västra Götalands läns norra,Enkammarriksdagen,1998,2002,
8490,Barbro Westerholm,Folkpartiet liberalerna,Stockholms kommun,Enkammarriksdagen,1998,2002,
8491,Beatrice Ask,Moderata samlingspartiet,Stockholms kommun,Enkammarriksdagen,1998,2002,
8492,Bengt Silfverstrand,Socialdemokraterna,Skåne läns västra,Enkammarriksdagen,1998,2002,
8493,Bengt-Ola Ryttar,Socialdemokraterna,Dalarnas län,Enkammarriksdagen,1998,2002,
8494,Berit Adolfsson,Moderata samlingspartiet,Västra Götalands läns västra,Enkammarriksdagen,1998,2002,
8495,Berit Jóhannesson,Vänsterpartiet,Göteborgs kommun,Enkammarriksdagen,1998,2002,
8496,Berndt Ekholm,Socialdemokraterna,Västra Götalands läns södra,Enkammarriksdagen,1998,2002,
8497,Berndt Sköldestig,Socialdemokraterna,Östergötlands län,Enkammarriksdagen,1998,2002,
8498,Bertil Persson,Moderata samlingspartiet,Malmö kommun,Enkammarriksdagen,1998,2002,
8499,Birger Schlaug,Miljöpartiet de Gröna,Södermanlands län,Enkammarriksdagen,1998,2002,
8500,Birgitta Ahlqvist,Socialdemokraterna,Norrbottens län,Enkammarriksdagen,1998,2002,
8501,Birgitta Carlsson,Centerpartiet,Västra Götalands läns östra,Enkammarriksdagen,1998,2002,
8502,Birgitta Dahl,Socialdemokraterna,Uppsala län,Enkammarriksdagen,1998,2002,
8503,Birgitta Sellén,Centerpartiet,Västernorrlands län,Enkammarriksdagen,1998,2002,
8504,Birgitta Wistrand,Moderata samlingspartiet,Stockholms kommun,Enkammarriksdagen,1998,2002,
8505,Björn Leivik,Moderata samlingspartiet,Västra Götalands läns norra,Enkammarriksdagen,1998,2002,
8506,Björn von Sydow,Socialdemokraterna,Stockholms län,Enkammarriksdagen,1998,2002,
8507,Björn von der Esch,Kristdemokraterna,Södermanlands län,Enkammarriksdagen,1998,2002,
8508,Bo Könberg,Folkpartiet liberalerna,Stockholms kommun,Enkammarriksdagen,1998,2002,
8509,Bo Lundgren,Moderata samlingspartiet,Skåne läns norra och östra,Enkammarriksdagen,1998,2002,
8510,Britt Bohlin Olsson,Socialdemokraterna,Västra Götalands läns norra,Enkammarriksdagen,1998,2002,
8511,Britt-Marie Danestig,Vänsterpartiet,Östergötlands län,Enkammarriksdagen,1998,2002,
8512,Britt-Marie Lindkvist,Socialdemokraterna,Malmö kommun,Enkammarriksdagen,1998,2002,
8513,Camilla Sköld Jansson,Vänsterpartiet,Jämtlands län,Enkammarriksdagen,1998,2002,
8514,Carin Lundberg,Socialdemokraterna,Västerbottens län,Enkammarriksdagen,1998,2002,
8515,Carina Adolfsson Elgestam,Socialdemokraterna,Kronobergs län,Enkammarriksdagen,1998,2002,
8516,Carina Hägg,Socialdemokraterna,Jönköpings län,Enkammarriksdagen,1998,2002,
8517,Carina Moberg,Socialdemokraterna,Stockholms län,Enkammarriksdagen,1998,2002,
8518,Carina Ohlsson,Socialdemokraterna,Västra Götalands läns östra,Enkammarriksdagen,1998,2002,
8519,Carl B. Hamilton,Folkpartiet liberalerna,Stockholms län,Enkammarriksdagen,1998,2002,
8520,Carl Bildt,Moderata samlingspartiet,Stockholms kommun,Enkammarriksdagen,1998,2002,
8521,Carl Erik Hedlund,Moderata samlingspartiet,Stockholms kommun,Enkammarriksdagen,1998,2002,
8522,Carl Fredrik Graf,Moderata samlingspartiet,Hallands län,Enkammarriksdagen,1998,2002,
8523,Carl G. Nilsson,Moderata samlingspartiet,Östergötlands län,Enkammarriksdagen,1998,2002,
8524,Carl-Erik Skårman,Moderata samlingspartiet,Stockholms kommun,Enkammarriksdagen,1998,2002,
8525,Carlinge Wisberg,Vänsterpartiet,Östergötlands län,Enkammarriksdagen,1998,2002,
8526,Caroline Hagström,Kristdemokraterna,Skåne läns södra,Enkammarriksdagen,1998,2002,
8527,Catharina Elmsäter-Svärd,Moderata samlingspartiet,Stockholms län,Enkammarriksdagen,1998,2002,
8528,Catharina Hagen,Moderata samlingspartiet,Stockholms län,Enkammarriksdagen,1998,2002,
8529,Catherine Persson,Socialdemokraterna,Skåne läns södra,Enkammarriksdagen,1998,2002,
8530,Cecilia Magnusson,Moderata samlingspartiet,Göteborgs kommun,Enkammarriksdagen,1998,2002,
8531,Charlotta L. Bjälkebring,Vänsterpartiet,Södermanlands län,Enkammarriksdagen,1998,2002,
8532,Chatrine Pålsson Ahlgren,Kristdemokraterna,Kalmar län,Enkammarriksdagen,1998,2002,
8533,Chris Heister,Moderata samlingspartiet,Stockholms län,Enkammarriksdagen,1998,2002,
8534,Christel Anderberg,Moderata samlingspartiet,Dalarnas län,Enkammarriksdagen,1998,2002,
8535,Christer Skoog,Socialdemokraterna,Blekinge län,Enkammarriksdagen,1998,2002,
8536,Christina Oskarsson,Socialdemokraterna,Västra Götalands läns norra,Enkammarriksdagen,1998,2002,
8537,Cinnika Beiming,Socialdemokraterna,Stockholms län,Enkammarriksdagen,1998,2002,
8538,Claes Stockhaus,Vänsterpartiet,Västernorrlands län,Enkammarriksdagen,1998,2002,
8539,Claes-Göran Brandin,Socialdemokraterna,Göteborgs kommun,Enkammarriksdagen,1998,2002,
8540,Conny Öhman,Socialdemokraterna,Östergötlands län,Enkammarriksdagen,1998,2002,
8541,Cristina Husmark Pehrsson,Moderata samlingspartiet,Skåne läns västra,Enkammarriksdagen,1998,2002,
8542,Dan Ericsson,Kristdemokraterna,Östergötlands län,Enkammarriksdagen,1998,2002,
8543,Dan Kihlström,Kristdemokraterna,Värmlands län,Enkammarriksdagen,1998,2002,
8544,Elisabeth Fleetwood,Moderata samlingspartiet,Stockholms kommun,Enkammarriksdagen,1998,2002,
8545,Elise Norberg,Vänsterpartiet,Örebro län,Enkammarriksdagen,1998,2002,
8546,Elisebeht Markström,Socialdemokraterna,Södermanlands län,Enkammarriksdagen,1998,2002,
8547,Elizabeth Nyström,Moderata samlingspartiet,Västra Götalands läns norra,Enkammarriksdagen,1998,2002,
8548,Elver Jonsson,Folkpartiet liberalerna,Västra Götalands läns norra,Enkammarriksdagen,1998,2002,
8549,Erik Arthur Egervärn,Centerpartiet,Jämtlands län,Enkammarriksdagen,1998,2002,
8550,Erik Åsbrink,Socialdemokraterna,Gävleborgs län,Enkammarriksdagen,1998,2002,
8551,Erling Wälivaara,Kristdemokraterna,Norrbottens län,Enkammarriksdagen,1998,2002,
8552,Eskil Erlandsson,Centerpartiet,Kronobergs län,Enkammarriksdagen,1998,2002,
8553,Ester Lindstedt-Staaf,Kristdemokraterna,Hallands län,Enkammarriksdagen,1998,2002,
8554,Eva Arvidsson,Socialdemokraterna,Stockholms län,Enkammarriksdagen,1998,2002,
8555,Eva Flyborg,Folkpartiet liberalerna,Göteborgs kommun,Enkammarriksdagen,1998,2002,
8556,Eva Johansson,Socialdemokraterna,Stockholms län,Enkammarriksdagen,1998,2002,
8557,Eva Zetterberg,Vänsterpartiet,Stockholms kommun,Enkammarriksdagen,1998,2002,
8558,Ewa Larsson,Miljöpartiet de Gröna,Stockholms kommun,Enkammarriksdagen,1998,2002,
8559,Ewa Thalén Finné,Moderata samlingspartiet,Skåne läns södra,Enkammarriksdagen,1998,2002,
8560,Fanny Rizell,Kristdemokraterna,Västra Götalands läns norra,Enkammarriksdagen,1998,2002,
8561,Fredrik Reinfeldt,Moderata samlingspartiet,Stockholms län,Enkammarriksdagen,1998,2002,
8562,Gudrun Lindvall,Miljöpartiet de Gröna,Stockholms län,Enkammarriksdagen,1998,2002,
8563,Gudrun Schyman,Vänsterpartiet,Stockholms län,Enkammarriksdagen,1998,2002,
8564,Gun Hellsvik,Moderata samlingspartiet,Skåne läns södra,Enkammarriksdagen,1998,2002,
8565,Gunilla Tjernberg,Kristdemokraterna,Västerbottens län,Enkammarriksdagen,1998,2002,
8566,Gunilla Wahlén,Vänsterpartiet,Västernorrlands län,Enkammarriksdagen,1998,2002,
8567,Gunnar Axén,Moderata samlingspartiet,Östergötlands län,Enkammarriksdagen,1998,2002,
8568,Gunnar Goude,Miljöpartiet de Gröna,Uppsala län,Enkammarriksdagen,1998,2002,
8569,Gunnar Hökmark,Moderata samlingspartiet,Stockholms kommun,Enkammarriksdagen,1998,2002,
8570,Gunnel Wallin,Centerpartiet,Skåne läns norra och östra,Enkammarriksdagen,1998,2002,
8571,Gustaf von Essen,Moderata samlingspartiet,Uppsala län,Enkammarriksdagen,1998,2002,
8572,Göran Hägglund,Kristdemokraterna,Jönköpings län,Enkammarriksdagen,1998,2002,
8573,Göran Lennmarker,Moderata samlingspartiet,Stockholms län,Enkammarriksdagen,1998,2002,
8574,Göran Lindblad,Moderata samlingspartiet,Göteborgs kommun,Enkammarriksdagen,1998,2002,
8575,Göran Magnusson,Socialdemokraterna,Västmanlands län,Enkammarriksdagen,1998,2002,
8576,Göran Norlander,Socialdemokraterna,Västernorrlands län,Enkammarriksdagen,1998,2002,
8577,Göran Persson,Socialdemokraterna,Malmö kommun,Enkammarriksdagen,1998,2002,
8578,Göte Jonsson,Moderata samlingspartiet,Jönköpings län,Enkammarriksdagen,1998,2002,
8579,Göte Wahlström,Socialdemokraterna,Jönköpings län,Enkammarriksdagen,1998,2002,
8580,Hans Andersson,Vänsterpartiet,Dalarnas län,Enkammarriksdagen,1998,2002,
8581,Hans Hjortzberg-Nordlund,Moderata samlingspartiet,Hallands län,Enkammarriksdagen,1998,2002,
8582,Hans Karlsson,Socialdemokraterna,Örebro län,Enkammarriksdagen,1998,2002,
8583,Hans Stenberg,Socialdemokraterna,Västernorrlands län,Enkammarriksdagen,1998,2002,
8584,Harald Bergström,Kristdemokraterna,Kronobergs län,Enkammarriksdagen,1998,2002,
8585,Harald Nordlund,Folkpartiet liberalerna,Uppsala län,Enkammarriksdagen,1998,2002,
8586,Helena Frisk,Socialdemokraterna,Örebro län,Enkammarriksdagen,1998,2002,
8587,Helena Hillar Rosenqvist,Miljöpartiet de Gröna,Östergötlands län,Enkammarriksdagen,1998,2002,
8588,Helena Höij,Kristdemokraterna,Stockholms kommun,Enkammarriksdagen,1998,2002,
8589,Henrik Landerholm,Moderata samlingspartiet,Södermanlands län,Enkammarriksdagen,1998,2002,
8590,Henrik S. Järrel,Moderata samlingspartiet,Stockholms kommun,Enkammarriksdagen,1998,2002,
8591,Henrik Westman,Moderata samlingspartiet,Stockholms län,Enkammarriksdagen,1998,2002,
8592,Holger Gustafsson,Kristdemokraterna,Västra Götalands läns östra,Enkammarriksdagen,1998,2002,
8593,Håkan Juholt,Socialdemokraterna,Kalmar län,Enkammarriksdagen,1998,2002,
8594,Inga Berggren,Moderata samlingspartiet,Skåne läns södra,Enkammarriksdagen,1998,2002,
8595,Inge Carlsson,Socialdemokraterna,Östergötlands län,Enkammarriksdagen,1998,2002,
8596,Ingegerd Sahlström,Socialdemokraterna,Hallands län,Enkammarriksdagen,1998,2002,
8597,Ingegerd Wärnersson,Socialdemokraterna,Skåne läns norra och östra,Enkammarriksdagen,1998,2002,
8598,Ingela Thalén,Socialdemokraterna,Stockholms län,Enkammarriksdagen,1998,2002,
8599,Ingemar Josefsson,Socialdemokraterna,Stockholms kommun,Enkammarriksdagen,1998,2002,
8600,Ingemar Vänerlöv,Kristdemokraterna,Västra Götalands läns norra,Enkammarriksdagen,1998,2002,
8601,Inger Davidson,Kristdemokraterna,Stockholms län,Enkammarriksdagen,1998,2002,
8602,Inger Lundberg,Socialdemokraterna,Örebro län,Enkammarriksdagen,1998,2002,
8603,Inger René,Moderata samlingspartiet,Västra Götalands läns västra,Enkammarriksdagen,1998,2002,
8604,Inger Segelström,Socialdemokraterna,Stockholms kommun,Enkammarriksdagen,1998,2002,
8605,Inger Strömbom,Kristdemokraterna,Stockholms län,Enkammarriksdagen,1998,2002,
8606,Ingrid Burman,Vänsterpartiet,Uppsala län,Enkammarriksdagen,1998,2002,
8607,Ingrid Näslund,Kristdemokraterna,Göteborgs kommun,Enkammarriksdagen,1998,2002,
8608,Ingvar Eriksson,Moderata samlingspartiet,Skåne läns norra och östra,Enkammarriksdagen,1998,2002,
8609,Ingvar Johnsson,Socialdemokraterna,Västra Götalands läns norra,Enkammarriksdagen,1998,2002,
8610,Ingvar Svensson,Kristdemokraterna,Stockholms län,Enkammarriksdagen,1998,2002,
8611,Jan Backman,Moderata samlingspartiet,Skåne läns västra,Enkammarriksdagen,1998,2002,
8612,Jan Bergqvist,Socialdemokraterna,Göteborgs kommun,Enkammarriksdagen,1998,2002,
8613,Jan Björkman,Socialdemokraterna,Blekinge län,Enkammarriksdagen,1998,2002,
8614,Jan Erik Ågren,Kristdemokraterna,Västernorrlands län,Enkammarriksdagen,1998,2002,
8615,Jan-Evert Rådhström,Moderata samlingspartiet,Värmlands län,Enkammarriksdagen,1998,2002,
8616,Jarl Lander,Socialdemokraterna,Värmlands län,Enkammarriksdagen,1998,2002,
8617,Jeppe Johnsson,Moderata samlingspartiet,Blekinge län,Enkammarriksdagen,1998,2002,
8618,Jerry Martinger,Moderata samlingspartiet,Stockholms län,Enkammarriksdagen,1998,2002,
8619,Johan Lönnroth,Vänsterpartiet,Göteborgs kommun,Enkammarriksdagen,1998,2002,
8620,Johan Pehrson,Folkpartiet liberalerna,Örebro län,Enkammarriksdagen,1998,2002,
8621,Johnny Ahlqvist,Socialdemokraterna,Skåne läns norra och östra,Enkammarriksdagen,1998,2002,
8622,Johnny Gylling,Kristdemokraterna,Blekinge län,Enkammarriksdagen,1998,2002,
8623,Jonas Ringqvist,Vänsterpartiet,Västra Götalands läns södra,Enkammarriksdagen,1998,2002,
8624,Jörgen Andersson,Socialdemokraterna,Hallands län,Enkammarriksdagen,1998,2002,
8625,Kaj Larsson,Socialdemokraterna,Skåne läns norra och östra,Enkammarriksdagen,1998,2002,
8626,Kalle Larsson,Vänsterpartiet,Stockholms kommun,Enkammarriksdagen,1998,2002,
8627,Karin Enström,Moderata samlingspartiet,Stockholms län,Enkammarriksdagen,1998,2002,
8628,Karin Falkmer,Moderata samlingspartiet,Västmanlands län,Enkammarriksdagen,1998,2002,
8629,Karin Jeppsson,Socialdemokraterna,Blekinge län,Enkammarriksdagen,1998,2002,
8630,Karin Pilsäter,Folkpartiet liberalerna,Stockholms län,Enkammarriksdagen,1998,2002,
8631,Karin Svensson Smith,Vänsterpartiet,Skåne läns södra,Enkammarriksdagen,1998,2002,
8632,Karin Wegestål,Socialdemokraterna,Skåne läns södra,Enkammarriksdagen,1998,2002,
8633,Karl Gustav Abramsson,Socialdemokraterna,Västerbottens län,Enkammarriksdagen,1998,2002,
8634,Karl-Göran Biörsmark,Folkpartiet liberalerna,Östergötlands län,Enkammarriksdagen,1998,2002,
8635,Kenneth Johansson,Centerpartiet,Dalarnas län,Enkammarriksdagen,1998,2002,
8636,Kenneth Kvist,Vänsterpartiet,Stockholms län,Enkammarriksdagen,1998,2002,
8637,Kenneth Lantz,Kristdemokraterna,Skåne läns västra,Enkammarriksdagen,1998,2002,
8638,Kent Härstedt,Socialdemokraterna,Skåne läns västra,Enkammarriksdagen,1998,2002,
8639,Kent Olsson,Moderata samlingspartiet,Västra Götalands läns västra,Enkammarriksdagen,1998,2002,
8640,Kenth Skårvik,Folkpartiet liberalerna,Västra Götalands läns västra,Enkammarriksdagen,1998,2002,
8641,Kerstin Heinemann,Folkpartiet liberalerna,Västmanlands län,Enkammarriksdagen,1998,2002,
8642,Kerstin Kristiansson Karlstedt,Socialdemokraterna,Västernorrlands län,Enkammarriksdagen,1998,2002,
8643,Kerstin-Maria Stalin,Miljöpartiet de Gröna,Dalarnas län,Enkammarriksdagen,1998,2002,
8644,Kia Andreasson,Miljöpartiet de Gröna,Göteborgs kommun,Enkammarriksdagen,1998,2002,
8645,Kjell Eldensjö,Kristdemokraterna,Västra Götalands läns södra,Enkammarriksdagen,1998,2002,
8646,Kjell Nordström,Socialdemokraterna,Västra Götalands läns östra,Enkammarriksdagen,1998,2002,
8647,Kjell-Erik Karlsson,Vänsterpartiet,Hallands län,Enkammarriksdagen,1998,2002,
8648,Knut Billing,Moderata samlingspartiet,Stockholms län,Enkammarriksdagen,1998,2002,
8649,Krister Örnfjäder,Socialdemokraterna,Kalmar län,Enkammarriksdagen,1998,2002,
8650,Laila Bjurling,Socialdemokraterna,Södermanlands län,Enkammarriksdagen,1998,2002,
8651,Laila Bäck,Socialdemokraterna,Dalarnas län,Enkammarriksdagen,1998,2002,
8652,Lars Björkman,Moderata samlingspartiet,Västra Götalands läns södra,Enkammarriksdagen,1998,2002,
8653,Lars Bäckström,Vänsterpartiet,Västra Götalands läns västra,Enkammarriksdagen,1998,2002,
8654,Lars Elinderson,Moderata samlingspartiet,Västra Götalands läns östra,Enkammarriksdagen,1998,2002,
8655,Lars Gustafsson,Kristdemokraterna,Hallands län,Enkammarriksdagen,1998,2002,
8656,Lars Hjertén,Moderata samlingspartiet,Västra Götalands läns östra,Enkammarriksdagen,1998,2002,
8657,Lars Leijonborg,Folkpartiet liberalerna,Stockholms län,Enkammarriksdagen,1998,2002,
8658,Lars Lindblad,Moderata samlingspartiet,Skåne läns södra,Enkammarriksdagen,1998,2002,
8659,Lars Ohly,Vänsterpartiet,Stockholms kommun,Enkammarriksdagen,1998,2002,
8660,Lars Tobisson,Moderata samlingspartiet,Stockholms län,Enkammarriksdagen,1998,2002,
8661,Lars U. Granberg,Socialdemokraterna,Norrbottens län,Enkammarriksdagen,1998,2002,
8662,Lars Wegendal,Socialdemokraterna,Kronobergs län,Enkammarriksdagen,1998,2002,
8663,Lars Ångström,Miljöpartiet de Gröna,Stockholms län,Enkammarriksdagen,1998,2002,
8664,Lars-Erik Lövdén,Socialdemokraterna,Malmö kommun,Enkammarriksdagen,1998,2002,
8665,Leif Carlson,Moderata samlingspartiet,Kalmar län,Enkammarriksdagen,1998,2002,
8666,Lena Ek,Centerpartiet,Östergötlands län,Enkammarriksdagen,1998,2002,
8667,Lena Hjelm-Wallén,Socialdemokraterna,Västmanlands län,Enkammarriksdagen,1998,2002,
8668,Lena Olsson,Vänsterpartiet,Dalarnas län,Enkammarriksdagen,1998,2002,
8669,Lena Sandlin-Hedman,Socialdemokraterna,Västerbottens län,Enkammarriksdagen,1998,2002,
8670,Lennart Beijer,Vänsterpartiet,Kalmar län,Enkammarriksdagen,1998,2002,
8671,Lennart Daléus,Centerpartiet,Stockholms län,Enkammarriksdagen,1998,2002,
8672,Lennart Fridén,Moderata samlingspartiet,Göteborgs kommun,Enkammarriksdagen,1998,2002,
8673,Lennart Gustavsson,Vänsterpartiet,Västerbottens län,Enkammarriksdagen,1998,2002,
8674,Lennart Hedquist,Moderata samlingspartiet,Uppsala län,Enkammarriksdagen,1998,2002,
8675,Lennart Klockare,Socialdemokraterna,Norrbottens län,Enkammarriksdagen,1998,2002,
8676,Lennart Kollmats,Folkpartiet liberalerna,Hallands län,Enkammarriksdagen,1998,2002,
8677,Lennart Nilsson,Socialdemokraterna,Västra Götalands läns västra,Enkammarriksdagen,1998,2002,
8678,Lennart Värmby,Vänsterpartiet,Kronobergs län,Enkammarriksdagen,1998,2002,
8679,Lilian Virgin,Socialdemokraterna,Gotlands län,Enkammarriksdagen,1998,2002,
8680,Lisbet Calner,Socialdemokraterna,Västra Götalands läns västra,Enkammarriksdagen,1998,2002,
8681,Lisbeth Staaf-Igelström,Socialdemokraterna,Värmlands län,Enkammarriksdagen,1998,2002,
8682,Liselotte Wågö,Moderata samlingspartiet,Hallands län,Enkammarriksdagen,1998,2002,
8683,Maggi Mikaelsson,Vänsterpartiet,Västerbottens län,Enkammarriksdagen,1998,2002,
8684,Magnus Jacobsson,Kristdemokraterna,Västmanlands län,Enkammarriksdagen,1998,2002,
8685,Maj-Britt Wallhorn,Kristdemokraterna,Malmö kommun,Enkammarriksdagen,1998,2002,
8686,Maj-Inger Klingvall,Socialdemokraterna,Östergötlands län,Enkammarriksdagen,1998,2002,
8687,Majléne Westerlund Panke,Socialdemokraterna,Hallands län,Enkammarriksdagen,1998,2002,
8688,Margareta Andersson,Centerpartiet,Jönköpings län,Enkammarriksdagen,1998,2002,
8689,Margareta Israelsson,Socialdemokraterna,Västmanlands län,Enkammarriksdagen,1998,2002,
8690,Margareta Persson,Socialdemokraterna,Jönköpings län,Enkammarriksdagen,1998,2002,
8691,Margareta Winberg,Socialdemokraterna,Jämtlands län,Enkammarriksdagen,1998,2002,
8692,Margit Gennser,Moderata samlingspartiet,Malmö kommun,Enkammarriksdagen,1998,2002,
8693,Maria Larsson,Kristdemokraterna,Jönköpings län,Enkammarriksdagen,1998,2002,
8694,Mariann Ytterberg,Socialdemokraterna,Västmanlands län,Enkammarriksdagen,1998,2002,
8695,Marianne Andersson,Centerpartiet,Västra Götalands läns norra,Enkammarriksdagen,1998,2002,
8696,Marianne Carlström,Socialdemokraterna,Göteborgs kommun,Enkammarriksdagen,1998,2002,
8697,Marianne Samuelsson,Miljöpartiet de Gröna,Jönköpings län,Enkammarriksdagen,1998,2002,
8698,Marie Engström,Vänsterpartiet,Värmlands län,Enkammarriksdagen,1998,2002,
8699,Marie Granlund,Socialdemokraterna,Malmö kommun,Enkammarriksdagen,1998,2002,
8700,Marietta de Pourbaix-Lundin,Moderata samlingspartiet,Stockholms län,Enkammarriksdagen,1998,2002,
8701,Marina Pettersson,Socialdemokraterna,Värmlands län,Enkammarriksdagen,1998,2002,
8702,Marita Ulvskog,Socialdemokraterna,Dalarnas län,Enkammarriksdagen,1998,2002,
8703,Martin Nilsson,Socialdemokraterna,Jönköpings län,Enkammarriksdagen,1998,2002,
8704,Mats Berglind,Socialdemokraterna,Uppsala län,Enkammarriksdagen,1998,2002,
8705,Mats Einarsson,Vänsterpartiet,Stockholms län,Enkammarriksdagen,1998,2002,
8706,Mats Lindberg,Socialdemokraterna,Västerbottens län,Enkammarriksdagen,1998,2002,
8707,Mats Odell,Kristdemokraterna,Stockholms län,Enkammarriksdagen,1998,2002,
8708,Matz Hammarström,Miljöpartiet de Gröna,Skåne läns södra,Enkammarriksdagen,1998,2002,
8709,Maud Björnemalm,Socialdemokraterna,"Örebro län,",Enkammarriksdagen,1998,2002,
8710,Maud Ekendahl,Moderata samlingspartiet,Skåne läns norra och östra,Enkammarriksdagen,1998,2002,
8711,Michael Hagberg,Socialdemokraterna,Södermanlands län,Enkammarriksdagen,1998,2002,
8712,Mikael Johansson,Miljöpartiet de Gröna,Örebro län,Enkammarriksdagen,1998,2002,
8713,Mikael Odenberg,Moderata samlingspartiet,Stockholms kommun,Enkammarriksdagen,1998,2002,
8714,Mikael Oscarsson,Kristdemokraterna,Uppsala län,Enkammarriksdagen,1998,2002,
8715,Mona Berglund Nilsson,Socialdemokraterna,Västra Götalands läns västra,Enkammarriksdagen,1998,2002,
8716,Monica Green,Socialdemokraterna,Västra Götalands läns östra,Enkammarriksdagen,1998,2002,
8717,Monica Öhman,Socialdemokraterna,Norrbottens län,Enkammarriksdagen,1998,2002,
8718,Morgan Johansson,Socialdemokraterna,Skåne läns södra,Enkammarriksdagen,1998,2002,
8719,Märta Johansson,Socialdemokraterna,Västra Götalands läns västra,Enkammarriksdagen,1998,2002,
8720,Nalin Pekgul,Socialdemokraterna,Stockholms kommun,Enkammarriksdagen,1998,2002,
8721,Nils Fredrik Aurelius,Moderata samlingspartiet,Kalmar län,Enkammarriksdagen,1998,2002,
8722,Nils-Erik Söderqvist,Socialdemokraterna,Västra Götalands läns norra,Enkammarriksdagen,1998,2002,
8723,Nils-Göran Holmqvist,Socialdemokraterna,Örebro län,Enkammarriksdagen,1998,2002,
8724,Ola Karlsson,Moderata samlingspartiet,Örebro län,Enkammarriksdagen,1998,2002,
8725,Ola Rask,Socialdemokraterna,Stockholms län,Enkammarriksdagen,1998,2002,
8726,Ola Sundell,Moderata samlingspartiet,Jämtlands län,Enkammarriksdagen,1998,2002,
8727,Olle Lindström,Moderata samlingspartiet,Norrbottens län,Enkammarriksdagen,1998,2002,
8728,Owe Hellberg,Vänsterpartiet,Gävleborgs län,Enkammarriksdagen,1998,2002,
8729,Patrik Norinder,Moderata samlingspartiet,Gävleborgs län,Enkammarriksdagen,1998,2002,
8730,Per Bill,Moderata samlingspartiet,Uppsala län,Enkammarriksdagen,1998,2002,
8731,Per Erik Granström,Socialdemokraterna,Dalarnas län,Enkammarriksdagen,1998,2002,
8732,Per Lager,Miljöpartiet de Gröna,Västra Götalands läns västra,Enkammarriksdagen,1998,2002,
8733,Per Landgren,Kristdemokraterna,Göteborgs kommun,Enkammarriksdagen,1998,2002,
8734,Per Rosengren,Vänsterpartiet,Västra Götalands läns östra,Enkammarriksdagen,1998,2002,
8735,Per Unckel,Moderata samlingspartiet,Östergötlands län,Enkammarriksdagen,1998,2002,
8736,Per Westerberg,Moderata samlingspartiet,Södermanlands län,Enkammarriksdagen,1998,2002,
8737,Per-Olof Svensson,Socialdemokraterna,Gävleborgs län,Enkammarriksdagen,1998,2002,
8738,Per-Richard Molén,Moderata samlingspartiet,Västernorrlands län,Enkammarriksdagen,1998,2002,
8739,Per-Samuel Nisser,Moderata samlingspartiet,Värmlands län,Enkammarriksdagen,1998,2002,
8740,Peter Eriksson,Miljöpartiet de Gröna,Norrbottens län,Enkammarriksdagen,1998,2002,
8741,Peter Pedersen,Vänsterpartiet,Örebro län,Enkammarriksdagen,1998,2002,
8742,Pierre Schori,Socialdemokraterna,Stockholms kommun,Enkammarriksdagen,1998,2002,
8743,Pär Nuder,Socialdemokraterna,Stockholms län,Enkammarriksdagen,1998,2002,
8744,Ragnwi Marcelind,Kristdemokraterna,Gävleborgs län,Enkammarriksdagen,1998,2002,
8745,Raimo Pärssinen,Socialdemokraterna,Gävleborgs län,Enkammarriksdagen,1998,2002,
8746,Reynoldh Furustrand,Socialdemokraterna,Södermanlands län,Enkammarriksdagen,1998,2002,
8747,Rigmor Stenmark,Centerpartiet,Uppsala län,Enkammarriksdagen,1998,2002,
8748,Rinaldo Karlsson,Socialdemokraterna,Västerbottens län,Enkammarriksdagen,1998,2002,
8749,Roland Larsson,Socialdemokraterna,Stockholms kommun,Enkammarriksdagen,1998,2002,
8750,Rolf Gunnarsson,Moderata samlingspartiet,Dalarnas län,Enkammarriksdagen,1998,2002,
8751,Rolf Kenneryd,Centerpartiet,Hallands län,Enkammarriksdagen,1998,2002,
8752,Rolf Olsson,Vänsterpartiet,Göteborgs kommun,Enkammarriksdagen,1998,2002,
8753,Rolf Åbjörnsson,Kristdemokraterna,Stockholms kommun,Enkammarriksdagen,1998,2002,
8754,Ronny Olander,Socialdemokraterna,Skåne läns södra,Enkammarriksdagen,1998,2002,
8755,Rose-Marie Frebran,Kristdemokraterna,Örebro län,Enkammarriksdagen,1998,2002,
8756,Rosita Runegrund,Kristdemokraterna,Västra Götalands läns västra,Enkammarriksdagen,1998,2002,
8757,Roy Hansson,Moderata samlingspartiet,Gotlands län,Enkammarriksdagen,1998,2002,
8758,Runar Patriksson,Folkpartiet liberalerna,Värmlands län,Enkammarriksdagen,1998,2002,
8759,Rune Berglund,Socialdemokraterna,Jämtlands län,Enkammarriksdagen,1998,2002,
8760,Sinikka Bohlin,Socialdemokraterna,Gävleborgs län,Enkammarriksdagen,1998,2002,
8761,Siv Holma,Vänsterpartiet,Norrbottens län,Enkammarriksdagen,1998,2002,
8762,Siw Persson,oberoende[2],Skåne läns norra och östra,Enkammarriksdagen,1998,2002,
8763,Siw Wittgren-Ahl,Socialdemokraterna,Göteborgs kommun,Enkammarriksdagen,1998,2002,
8764,Sofia Larsen,Centerpartiet,Örebro län,Enkammarriksdagen,1998,2002,
8765,Sonia Karlsson,Socialdemokraterna,Östergötlands län,Enkammarriksdagen,1998,2002,
8766,Sonja Fransson,Socialdemokraterna,Västra Götalands läns södra,Enkammarriksdagen,1998,2002,
8767,Stefan Attefall,Kristdemokraterna,Stockholms kommun,Enkammarriksdagen,1998,2002,
8768,Stefan Hagfeldt,Moderata samlingspartiet,Östergötlands län,Enkammarriksdagen,1998,2002,
8769,Sten Andersson,oberoende[1],Malmö kommun,Enkammarriksdagen,1998,2002,
8770,Sten Lundström,Vänsterpartiet,Malmö kommun,Enkammarriksdagen,1998,2002,
8771,Sten Tolgfors,Moderata samlingspartiet,Örebro län,Enkammarriksdagen,1998,2002,
8772,Stig Eriksson,Vänsterpartiet,Norrbottens län,Enkammarriksdagen,1998,2002,
8773,Stig Rindborg,Moderata samlingspartiet,Stockholms län,Enkammarriksdagen,1998,2002,
8774,Stig Sandström,Vänsterpartiet,Västra Götalands läns norra,Enkammarriksdagen,1998,2002,
8775,Sture Arnesson,Vänsterpartiet,Värmlands län,Enkammarriksdagen,1998,2002,
8776,Susanne Eberstein,Socialdemokraterna,Västernorrlands län,Enkammarriksdagen,1998,2002,
8777,Sven Bergström,Centerpartiet,Gävleborgs län,Enkammarriksdagen,1998,2002,
8778,Sven Hulterström,Socialdemokraterna,Göteborgs kommun,Enkammarriksdagen,1998,2002,
8779,Sven-Erik Sjöstrand,Vänsterpartiet,Skåne läns norra och östra,Enkammarriksdagen,1998,2002,
8780,Sven-Erik Österberg,Socialdemokraterna,Västmanlands län,Enkammarriksdagen,1998,2002,
8781,Sylvia Lindgren,Socialdemokraterna,Stockholms kommun,Enkammarriksdagen,1998,2002,
8782,Sören Lekberg,Socialdemokraterna,Stockholms län,Enkammarriksdagen,1998,2002,
8783,Tanja Linderborg,Vänsterpartiet,Västmanlands län,Enkammarriksdagen,1998,2002,
8784,Tasso Stafilidis,Vänsterpartiet,Skåne läns västra,Enkammarriksdagen,1998,2002,
8785,Thomas Julin,Miljöpartiet de Gröna,Gävleborgs län,Enkammarriksdagen,1998,2002,
8786,Thomas Östros,Socialdemokraterna,Uppsala län,Enkammarriksdagen,1998,2002,
8787,Tom Heyman,Moderata samlingspartiet,Göteborgs kommun,Enkammarriksdagen,1998,2002,
8788,Tomas Eneroth,Socialdemokraterna,Kronobergs län,Enkammarriksdagen,1998,2002,
8789,Tomas Högström,Moderata samlingspartiet,Västmanlands län,Enkammarriksdagen,1998,2002,
8790,Tommy Waidelich,Socialdemokraterna,Stockholms län,Enkammarriksdagen,1998,2002,
8791,Torgny Danielsson,Socialdemokraterna,Värmlands län,Enkammarriksdagen,1998,2002,
8792,Tuve Skånberg,Kristdemokraterna,Skåne läns norra och östra,Enkammarriksdagen,1998,2002,
8793,Ulf Björklund,Kristdemokraterna,Dalarnas län,Enkammarriksdagen,1998,2002,
8794,Ulf Kristersson,Moderata samlingspartiet,Stockholms kommun,Enkammarriksdagen,1998,2002,
8795,Ulf Nilsson,Folkpartiet liberalerna,Skåne läns södra,Enkammarriksdagen,1998,2002,
8796,Ulla Hoffmann,Vänsterpartiet,Stockholms kommun,Enkammarriksdagen,1998,2002,
8797,Ulla Wester,Socialdemokraterna,Skåne läns norra och östra,Enkammarriksdagen,1998,2002,
8798,Ulla-Britt Hagström,Kristdemokraterna,Västra Götalands läns östra,Enkammarriksdagen,1998,2002,
8799,Ulrica Messing,Socialdemokraterna,Gävleborgs län,Enkammarriksdagen,1998,2002,
8800,Urban Ahlin,Socialdemokraterna,Västra Götalands läns östra,Enkammarriksdagen,1998,2002,
8801,Viola Furubjelke,Socialdemokraterna,Östergötlands län,Enkammarriksdagen,1998,2002,
8802,Viviann Gerdin,Centerpartiet,Värmlands län,Enkammarriksdagen,1998,2002,
8803,Willy Söderdahl,Vänsterpartiet,Blekinge län,Enkammarriksdagen,1998,2002,
8804,Yvonne Andersson,Kristdemokraterna,Östergötlands län,Enkammarriksdagen,1998,2002,
8805,Yvonne Oscarsson,Vänsterpartiet,Gävleborgs län,Enkammarriksdagen,1998,2002,
8806,Yvonne Ruwaida,Miljöpartiet de Gröna,Stockholms kommun,Enkammarriksdagen,1998,2002,
8807,Yvonne Ångström,Folkpartiet liberalerna,Västerbottens län,Enkammarriksdagen,1998,2002,
8808,Åke Carnerö,Kristdemokraterna,Västra Götalands läns västra,Enkammarriksdagen,1998,2002,
8809,Åke Gustavsson,Socialdemokraterna,Jönköpings län,Enkammarriksdagen,1998,2002,
8810,Åke Sandström,Centerpartiet,Västerbottens län,Enkammarriksdagen,1998,2002,
8811,Åsa Torstensson,Centerpartiet,Västra Götalands läns västra,Enkammarriksdagen,1998,2002,
8812,Agne Hansson,Centerpartiet,Kalmar län,Enkammarriksdagen,2002,2006,
8813,Agneta Gille,Socialdemokraterna,Uppsala län,Enkammarriksdagen,2002,2006,
8814,Agneta Lundberg,Socialdemokraterna,Västernorrlands län,Enkammarriksdagen,2002,2006,
8815,Agneta Ringman,Socialdemokraterna,Kalmar län,Enkammarriksdagen,2002,2006,
8816,Alf Eriksson,Socialdemokraterna,Hallands län,Enkammarriksdagen,2002,2006,
8817,Alf Svensson,Kristdemokraterna,Jönköpings län,Enkammarriksdagen,2002,2006,
8818,Alice Åström,Vänsterpartiet,Jönköpings län,Enkammarriksdagen,2002,2006,
8819,Allan Widman,Folkpartiet liberalerna,Malmö kommun,Enkammarriksdagen,2002,2006,
8820,Ana Maria Narti,Folkpartiet liberalerna,Stockholms kommun,Enkammarriksdagen,2002,2006,
8821,Anders Bengtsson,Socialdemokraterna,Skåne läns norra och östra,Enkammarriksdagen,2002,2006,
8822,Anders G. Högmark,Moderata samlingspartiet,Kronobergs län,Enkammarriksdagen,2002,2006,
8823,Anders Karlsson,Socialdemokraterna,Skåne läns västra,Enkammarriksdagen,2002,2006,
8824,Anders Wiklund,Vänsterpartiet,Dalarnas län,Enkammarriksdagen,2002,2006,
8825,Anders Ygeman,Socialdemokraterna,Stockholms kommun,Enkammarriksdagen,2002,2006,
8826,Anita Brodén,Folkpartiet liberalerna,Västra Götalands läns norra,Enkammarriksdagen,2002,2006,
8827,Anita Johansson,Socialdemokraterna,Stockholms län,Enkammarriksdagen,2002,2006,
8828,Anita Jönsson,Socialdemokraterna,Skåne läns södra,Enkammarriksdagen,2002,2006,
8829,Anita Sidén,Moderata samlingspartiet,Göteborgs kommun,Enkammarriksdagen,2002,2006,
8830,Ann-Kristine Johansson,Socialdemokraterna,Värmlands län,Enkammarriksdagen,2002,2006,
8831,Ann-Marie Fagerström,Socialdemokraterna,Kalmar län,Enkammarriksdagen,2002,2006,
8832,Anna Grönlund Krantz,Folkpartiet liberalerna,Norrbottens län,Enkammarriksdagen,2002,2006,
8833,Anna Lilliehöök,Moderata samlingspartiet,Stockholms kommun,Enkammarriksdagen,2002,2006,
8834,Anna Lindgren,Moderata samlingspartiet,Östergötlands län,Enkammarriksdagen,2002,2006,
8835,Anne Ludvigsson,Socialdemokraterna,Östergötlands län,Enkammarriksdagen,2002,2006,
8836,Anne Marie Broden,Moderata samlingspartiet,Hallands län,Enkammarriksdagen,2002,2006,
8837,Anne-Marie Ekström,Folkpartiet liberalerna,Västra Götalands läns södra,Enkammarriksdagen,2002,2006,
8838,Anne-Marie Pålsson,Moderata samlingspartiet,Skåne läns södra,Enkammarriksdagen,2002,2006,
8839,Anneli Särnblad,Socialdemokraterna,Dalarnas län,Enkammarriksdagen,2002,2006,
8840,Annelie Enochson,Kristdemokraterna,Göteborgs kommun,Enkammarriksdagen,2002,2006,
8841,Annika Nilsson (ersättare: Johan Andersson),Socialdemokraterna,Skåne läns västra,Enkammarriksdagen,2002,2006,
8842,Annika Qarlsson,Centerpartiet,Västra Götalands läns norra,Enkammarriksdagen,2002,2006,
8843,Arne Kjörnsberg,Socialdemokraterna,Västra Götalands läns södra,Enkammarriksdagen,2002,2006,
8844,Axel Darvik,Folkpartiet liberalerna,Göteborgs kommun,Enkammarriksdagen,2002,2006,
8845,Barbro Feltzing,Miljöpartiet de Gröna,Västra Götalands läns norra,Enkammarriksdagen,2002,2006,
8846,Barbro Hietala Nordlund,Socialdemokraterna,Dalarnas län,Enkammarriksdagen,2002,2006,
8847,Beatrice Ask,Moderata samlingspartiet,Stockholms kommun,Enkammarriksdagen,2002,2006,
8848,Bengt-Anders Johansson,Moderata samlingspartiet,Jönköpings län,Enkammarriksdagen,2002,2006,
8849,Berit Andnor (ersättare: Marie Nordén),Socialdemokraterna,Jämtlands län,Enkammarriksdagen,2002,2006,
8850,Berit Högman,Socialdemokraterna,Värmlands län,Enkammarriksdagen,2002,2006,
8851,Berit Jóhannesson,Vänsterpartiet,Göteborgs kommun,Enkammarriksdagen,2002,2006,
8852,Berndt Ekholm,Socialdemokraterna,Västra Götalands läns södra,Enkammarriksdagen,2002,2006,
8853,Bertil Kjellberg,Moderata samlingspartiet,Västernorrlands län,Enkammarriksdagen,2002,2006,
8854,Billy Gustafsson,Socialdemokraterna,Östergötlands län,Enkammarriksdagen,2002,2006,
8855,Birgitta Ahlqvist,Socialdemokraterna,Norrbottens län,Enkammarriksdagen,2002,2006,
8856,Birgitta Carlsson,Centerpartiet,Västra Götalands läns östra,Enkammarriksdagen,2002,2006,
8857,Birgitta Ohlsson,Folkpartiet liberalerna,Stockholms kommun,Enkammarriksdagen,2002,2006,
8858,Birgitta Sellén,Centerpartiet,Västernorrlands län,Enkammarriksdagen,2002,2006,
8859,Björn Hamilton,Moderata samlingspartiet,Stockholms län,Enkammarriksdagen,2002,2006,
8860,Björn von Sydow (ersättare: Mariam Osman Sherifay),Socialdemokraterna,Stockholms län,Enkammarriksdagen,2002,2006,
8861,Björn von der Esch,Kristdemokraterna,Södermanlands län,Enkammarriksdagen,2002,2006,
8862,Bo Bernhardsson,Socialdemokraterna,Skåne läns södra,Enkammarriksdagen,2002,2006,
8863,Bo Könberg,Folkpartiet liberalerna,Stockholms kommun,Enkammarriksdagen,2002,2006,
8864,Bosse Ringholm (ersättare: Kaj Nordquist),Socialdemokraterna,Stockholms kommun,Enkammarriksdagen,2002,2006,
8865,Britt Bohlin Olsson,Socialdemokraterna,Västra Götalands läns norra,Enkammarriksdagen,2002,2006,
8866,Britt Olauson,Socialdemokraterna,Östergötlands län,Enkammarriksdagen,2002,2006,
8867,Britt-Marie Danestig,Vänsterpartiet,Östergötlands län,Enkammarriksdagen,2002,2006,
8868,Britt-Marie Lindkvist,Socialdemokraterna,Malmö kommun,Enkammarriksdagen,2002,2006,
8869,Britta Rådström,Socialdemokraterna,Västerbottens län,Enkammarriksdagen,2002,2006,
8870,Börje Vestlund,Socialdemokraterna,Stockholms kommun,Enkammarriksdagen,2002,2006,
8871,Camilla Sköld Jansson,Vänsterpartiet,Jämtlands län,Enkammarriksdagen,2002,2006,
8872,Carin Lundberg,Socialdemokraterna,Västerbottens län,Enkammarriksdagen,2002,2006,
8873,Carina Adolfsson Elgestam,Socialdemokraterna,Kronobergs län,Enkammarriksdagen,2002,2006,
8874,Carina Hägg,Socialdemokraterna,Jönköpings län,Enkammarriksdagen,2002,2006,
8875,Carina Moberg,Socialdemokraterna,Stockholms län,Enkammarriksdagen,2002,2006,
8876,Carina Ohlsson,Socialdemokraterna,Västra Götalands läns östra,Enkammarriksdagen,2002,2006,
8877,Carl B. Hamilton,Folkpartiet liberalerna,Stockholms län,Enkammarriksdagen,2002,2006,
8878,Carl-Axel Roslund,Moderata samlingspartiet,Malmö kommun,Enkammarriksdagen,2002,2006,
8879,Carl-Erik Skårman,Moderata samlingspartiet,Stockholms kommun,Enkammarriksdagen,2002,2006,
8880,Catharina Bråkenhielm,Socialdemokraterna,Västra Götalands läns västra,Enkammarriksdagen,2002,2006,
8881,Catharina Elmsäter-Svärd,Moderata samlingspartiet,Stockholms län,Enkammarriksdagen,2002,2006,
8882,Catherine Persson,Socialdemokraterna,Skåne läns södra,Enkammarriksdagen,2002,2006,
8883,Cecilia Magnusson,Moderata samlingspartiet,Göteborgs kommun,Enkammarriksdagen,2002,2006,
8884,Cecilia Widegren,Moderata samlingspartiet,Västra Götalands läns östra,Enkammarriksdagen,2002,2006,
8885,Cecilia Wigström,Folkpartiet liberalerna,Göteborgs kommun,Enkammarriksdagen,2002,2006,
8886,Cecilia Wikström,Folkpartiet liberalerna,Uppsala län,Enkammarriksdagen,2002,2006,
8887,Chatrine Pålsson,Kristdemokraterna,Kalmar län,Enkammarriksdagen,2002,2006,
8888,Christer Adelsbo,Socialdemokraterna,Skåne läns norra och östra,Enkammarriksdagen,2002,2006,
8889,Christer Engelhardt,Socialdemokraterna,Gotlands län,Enkammarriksdagen,2002,2006,
8890,Christer Nylander,Folkpartiet liberalerna,Skåne läns norra och östra,Enkammarriksdagen,2002,2006,
8891,Christer Skoog,Socialdemokraterna,Blekinge län,Enkammarriksdagen,2002,2006,
8892,Christer Winbäck,Folkpartiet liberalerna,Västra Götalands läns östra,Enkammarriksdagen,2002,2006,
8893,Christin Hagberg,Socialdemokraterna,Skåne läns västra,Enkammarriksdagen,2002,2006,
8894,Christina Axelsson,Socialdemokraterna,Stockholms län,Enkammarriksdagen,2002,2006,
8895,Christina Husmark Pehrsson,Moderata samlingspartiet,Skåne läns västra,Enkammarriksdagen,2002,2006,
8896,Christina Oskarsson,Socialdemokraterna,Västra Götalands läns norra,Enkammarriksdagen,2002,2006,
8897,Cinnika Beiming (ersättare: Maryam Yazdanfar),Socialdemokraterna,Stockholms län,Enkammarriksdagen,2002,2006,
8898,Claes Roxbergh,Miljöpartiet de Gröna,Göteborgs kommun,Enkammarriksdagen,2002,2006,
8899,Claes Västerteg,Centerpartiet,Västra Götalands läns södra,Enkammarriksdagen,2002,2006,
8900,Claes-Göran Brandin,Socialdemokraterna,Göteborgs kommun,Enkammarriksdagen,2002,2006,
8901,Conny Öhman,Socialdemokraterna,Östergötlands län,Enkammarriksdagen,2002,2006,
8902,Dan Kihlström,Kristdemokraterna,Värmlands län,Enkammarriksdagen,2002,2006,
8903,Elina Linna,Vänsterpartiet,Södermanlands län,Enkammarriksdagen,2002,2006,
8904,Elisebeht Markström,Socialdemokraterna,Södermanlands län,Enkammarriksdagen,2002,2006,
8905,Elizabeth Nyström,Moderata samlingspartiet,Västra Götalands läns norra,Enkammarriksdagen,2002,2006,
8906,Else-Marie Lindgren,Kristdemokraterna,Västra Götalands läns södra,Enkammarriksdagen,2002,2006,
8907,Erik Ullenhag,Folkpartiet liberalerna,Uppsala län,Enkammarriksdagen,2002,2006,
8908,Erling Bager,Folkpartiet liberalerna,Göteborgs kommun,Enkammarriksdagen,2002,2006,
8909,Erling Wälivaara,Kristdemokraterna,Norrbottens län,Enkammarriksdagen,2002,2006,
8910,Eskil Erlandsson,Centerpartiet,Kronobergs län,Enkammarriksdagen,2002,2006,
8911,Eva Arvidsson,Socialdemokraterna,Stockholms län,Enkammarriksdagen,2002,2006,
8912,Eva Flyborg,Folkpartiet liberalerna,Göteborgs kommun,Enkammarriksdagen,2002,2006,
8913,Ewa Björling,Moderata samlingspartiet,Stockholms län,Enkammarriksdagen,2002,2006,
8914,Ewa Thalén Finné,Moderata samlingspartiet,Skåne läns södra,Enkammarriksdagen,2002,2006,
8915,Fredrik Olovsson,Socialdemokraterna,Södermanlands län,Enkammarriksdagen,2002,2006,
8916,Fredrik Reinfeldt,Moderata samlingspartiet,Stockholms län,Enkammarriksdagen,2002,2006,
8917,Gabriel Romanus,Folkpartiet liberalerna,Stockholms kommun,Enkammarriksdagen,2002,2006,
8918,Gudrun Schyman,oberoende[1],Stockholms län,Enkammarriksdagen,2002,2006,
8919,Gunilla Carlsson,Moderata samlingspartiet,Stockholms kommun,Enkammarriksdagen,2002,2006,
8920,Gunilla Carlsson,Socialdemokraterna,Göteborgs kommun,Enkammarriksdagen,2002,2006,
8921,Gunilla Tjernberg,Kristdemokraterna,Västerbottens län,Enkammarriksdagen,2002,2006,
8922,Gunilla Wahlén,Vänsterpartiet,Västernorrlands län,Enkammarriksdagen,2002,2006,
8923,Gunnar Andrén,Folkpartiet liberalerna,Stockholms län,Enkammarriksdagen,2002,2006,
8924,Gunnar Axén,Moderata samlingspartiet,Östergötlands län,Enkammarriksdagen,2002,2006,
8925,Gunnar Nordmark,Folkpartiet liberalerna,Kronobergs län,Enkammarriksdagen,2002,2006,
8926,Gunnar Sandberg,Socialdemokraterna,Jämtlands län,Enkammarriksdagen,2002,2006,
8927,Gustav Fridolin,Miljöpartiet de Gröna,Stockholms kommun,Enkammarriksdagen,2002,2006,
8928,Göran Hägglund,Kristdemokraterna,Jönköpings län,Enkammarriksdagen,2002,2006,
8929,Göran Lennmarker,Moderata samlingspartiet,Stockholms län,Enkammarriksdagen,2002,2006,
8930,Göran Lindblad,Moderata samlingspartiet,Göteborgs kommun,Enkammarriksdagen,2002,2006,
8931,Göran Magnusson,Socialdemokraterna,Västmanlands län,Enkammarriksdagen,2002,2006,
8932,Göran Norlander,Socialdemokraterna,Västernorrlands län,Enkammarriksdagen,2002,2006,
8933,Göran Persson,Socialdemokraterna,Skåne läns norra och östra,Enkammarriksdagen,2002,2006,
8934,Göran Persson (ersättare: Luciano Astudillo),Socialdemokraterna,Malmö kommun,Enkammarriksdagen,2002,2006,
8935,Göte Wahlström,Socialdemokraterna,Jönköpings län,Enkammarriksdagen,2002,2006,
8936,Hans Backman,Folkpartiet liberalerna,Gävleborgs län,Enkammarriksdagen,2002,2006,
8937,Hans Hoff,Socialdemokraterna,Hallands län,Enkammarriksdagen,2002,2006,
8938,Hans Stenberg,Socialdemokraterna,Västernorrlands län,Enkammarriksdagen,2002,2006,
8939,Helena Bargholtz,Folkpartiet liberalerna,Stockholms län,Enkammarriksdagen,2002,2006,
8940,Helena Frisk,Socialdemokraterna,Örebro län,Enkammarriksdagen,2002,2006,
8941,Helena Hillar Rosenqvist,Miljöpartiet de Gröna,Östergötlands län,Enkammarriksdagen,2002,2006,
8942,Helena Höij,Kristdemokraterna,Stockholms kommun,Enkammarriksdagen,2002,2006,
8943,Helene Petersson,Socialdemokraterna,Jönköpings län,Enkammarriksdagen,2002,2006,
8944,Heli Berg,Folkpartiet liberalerna,Blekinge län,Enkammarriksdagen,2002,2006,
8945,Henrik S. Järrel,Moderata samlingspartiet,Stockholms kommun,Enkammarriksdagen,2002,2006,
8946,Henrik Westman,Moderata samlingspartiet,Stockholms län,Enkammarriksdagen,2002,2006,
8947,Henrik von Sydow,Moderata samlingspartiet,Hallands län,Enkammarriksdagen,2002,2006,
8948,Hillevi Engström,Moderata samlingspartiet,Stockholms län,Enkammarriksdagen,2002,2006,
8949,Hillevi Larsson,Socialdemokraterna,Malmö kommun,Enkammarriksdagen,2002,2006,
8950,Holger Gustafsson,Kristdemokraterna,Västra Götalands läns östra,Enkammarriksdagen,2002,2006,
8951,Håkan Juholt,Socialdemokraterna,Kalmar län,Enkammarriksdagen,2002,2006,
8952,Håkan Larsson,Centerpartiet,Jämtlands län,Enkammarriksdagen,2002,2006,
8953,Ingegerd Saarinen,Miljöpartiet de Gröna,Västerbottens län,Enkammarriksdagen,2002,2006,
8954,Ingemar Vänerlöv,Kristdemokraterna,Västra Götalands läns norra,Enkammarriksdagen,2002,2006,
8955,Inger Davidsson,Kristdemokraterna,Stockholms län,Enkammarriksdagen,2002,2006,
8956,Inger Nordlander,Socialdemokraterna,Stockholms kommun,Enkammarriksdagen,2002,2006,
8957,Inger René,Moderata samlingspartiet,Västra Götalands läns västra,Enkammarriksdagen,2002,2006,
8958,Ingrid Burman,Vänsterpartiet,Uppsala län,Enkammarriksdagen,2002,2006,
8959,Ingvar Svensson,Kristdemokraterna,Stockholms län,Enkammarriksdagen,2002,2006,
8960,Jan Andersson,Centerpartiet,Hallands län,Enkammarriksdagen,2002,2006,
8961,Jan Björkman,Socialdemokraterna,Blekinge län,Enkammarriksdagen,2002,2006,
8962,Jan Emanuel Johansson,Socialdemokraterna,Stockholms län,Enkammarriksdagen,2002,2006,
8963,Jan Ertsborn,Folkpartiet liberalerna,Hallands län,Enkammarriksdagen,2002,2006,
8964,Jan Lindholm,Miljöpartiet de Gröna,Dalarnas län,Enkammarriksdagen,2002,2006,
8965,Jan-Evert Rådhström,Moderata samlingspartiet,Värmlands län,Enkammarriksdagen,2002,2006,
8966,Jan-Olof Larsson,Socialdemokraterna,Västra Götalands läns västra,Enkammarriksdagen,2002,2006,
8967,Jarl Lander,Socialdemokraterna,Värmlands län,Enkammarriksdagen,2002,2006,
8968,Jeppe Johnsson,Moderata samlingspartiet,Blekinge län,Enkammarriksdagen,2002,2006,
8969,Joe Frans,Socialdemokraterna,Stockholms kommun,Enkammarriksdagen,2002,2006,
8970,Johan Linander,Centerpartiet,Skåne läns södra,Enkammarriksdagen,2002,2006,
8971,Johan Löfstrand,Socialdemokraterna,Östergötlands län,Enkammarriksdagen,2002,2006,
8972,Johan Pehrson,Folkpartiet liberalerna,Örebro län,Enkammarriksdagen,2002,2006,
8973,Johnny Gylling,Kristdemokraterna,Blekinge län,Enkammarriksdagen,2002,2006,
8974,Jörgen Johansson,Centerpartiet,Västmanlands län,Enkammarriksdagen,2002,2006,
8975,Kalle Larsson,Vänsterpartiet,Stockholms kommun,Enkammarriksdagen,2002,2006,
8976,Karin Enström,Moderata samlingspartiet,Stockholms län,Enkammarriksdagen,2002,2006,
8977,Karin Granbom,Folkpartiet liberalerna,Östergötlands län,Enkammarriksdagen,2002,2006,
8978,Karin Pilsäter,Folkpartiet liberalerna,Stockholms län,Enkammarriksdagen,2002,2006,
8979,Karin Svensson Smith,oberoende[2],Skåne läns södra,Enkammarriksdagen,2002,2006,
8980,Karin Thorborg,Vänsterpartiet,Västmanlands län,Enkammarriksdagen,2002,2006,
8981,Karin Åström,Socialdemokraterna,Norrbottens län,Enkammarriksdagen,2002,2006,
8982,Karl Gustav Abrahamsson,Socialdemokraterna,Västerbottens län,Enkammarriksdagen,2002,2006,
8983,Kenneth G. Forslund,Socialdemokraterna,Västra Götalands läns västra,Enkammarriksdagen,2002,2006,
8984,Kenneth Johansson,Centerpartiet,Dalarnas län,Enkammarriksdagen,2002,2006,
8985,Kenneth Lantz,Kristdemokraterna,Skåne läns västra,Enkammarriksdagen,2002,2006,
8986,Kent Härstedt,Socialdemokraterna,Skåne läns västra,Enkammarriksdagen,2002,2006,
8987,Kent Olsson,Moderata samlingspartiet,Västra Götalands läns västra,Enkammarriksdagen,2002,2006,
8988,Kerstin Andersson,Socialdemokraterna,Blekinge län,Enkammarriksdagen,2002,2006,
8989,Kerstin Engle,Socialdemokraterna,Skåne läns norra och östra,Enkammarriksdagen,2002,2006,
8990,Kerstin Heinemann,Folkpartiet liberalerna,Västmanlands län,Enkammarriksdagen,2002,2006,
8991,Kerstin Kristiansson Karlstedt,Socialdemokraterna,Västernorrlands län,Enkammarriksdagen,2002,2006,
8992,Kerstin Lundgren,Centerpartiet,Stockholms län,Enkammarriksdagen,2002,2006,
8993,Kjell Nordström,Socialdemokraterna,Västra Götalands läns östra,Enkammarriksdagen,2002,2006,
8994,Kjell-Erik Karlsson,Vänsterpartiet,Hallands län,Enkammarriksdagen,2002,2006,
8995,Krister Hammarbergh,Moderata samlingspartiet,Norrbottens län,Enkammarriksdagen,2002,2006,
8996,Krister Örnfjäder,Socialdemokraterna,Kalmar län,Enkammarriksdagen,2002,2006,
8997,Kristina Zakrisson,Socialdemokraterna,Norrbottens län,Enkammarriksdagen,2002,2006,
8998,Kurt Kvarnström,Socialdemokraterna,Dalarnas län,Enkammarriksdagen,2002,2006,
8999,Laila Bjurling,Socialdemokraterna,Södermanlands län,Enkammarriksdagen,2002,2006,
9000,Lars Bäckström,Vänsterpartiet,Västra Götalands läns västra,Enkammarriksdagen,2002,2006,
9001,Lars Gustafsson,Kristdemokraterna,Hallands län,Enkammarriksdagen,2002,2006,
9002,Lars Johansson,Socialdemokraterna,Göteborgs kommun,Enkammarriksdagen,2002,2006,
9003,Lars Leijonborg,Folkpartiet liberalerna,Stockholms län,Enkammarriksdagen,2002,2006,
9004,Lars Lilja,Socialdemokraterna,Västerbottens län,Enkammarriksdagen,2002,2006,
9005,Lars Lindblad,Moderata samlingspartiet,Skåne läns södra,Enkammarriksdagen,2002,2006,
9006,Lars Lindén,Kristdemokraterna,Västernorrlands län,Enkammarriksdagen,2002,2006,
9007,Lars Ohly,Vänsterpartiet,Stockholms kommun,Enkammarriksdagen,2002,2006,
9008,Lars Tysklind,Folkpartiet liberalerna,Västra Götalands läns västra,Enkammarriksdagen,2002,2006,
9009,Lars U. Granberg,Socialdemokraterna,Norrbottens län,Enkammarriksdagen,2002,2006,
9010,Lars Wegendal,Socialdemokraterna,Kronobergs län,Enkammarriksdagen,2002,2006,
9011,Lars Ångström,Miljöpartiet de Gröna,Stockholms län,Enkammarriksdagen,2002,2006,
9012,Lars-Ivar Ericsson,Centerpartiet,Skåne läns norra och östra,Enkammarriksdagen,2002,2006,
9013,Leif Björnlod,Miljöpartiet de Gröna,Värmlands län,Enkammarriksdagen,2002,2006,
9014,Leif Jakobsson,Socialdemokraterna,Malmö kommun,Enkammarriksdagen,2002,2006,
9015,Leif Pagrotsky (ersättare: Rolf Lindén),Socialdemokraterna,Göteborgs kommun,Enkammarriksdagen,2002,2006,
9016,Lena Adelsohn Liljeroth,Moderata samlingspartiet,Stockholms kommun,Enkammarriksdagen,2002,2006,
9017,Lennart Axelsson,Socialdemokraterna,Örebro län,Enkammarriksdagen,2002,2006,
9018,Lennart Beijer,Vänsterpartiet,Kalmar län,Enkammarriksdagen,2002,2006,
9019,Lennart Fremling,Folkpartiet liberalerna,Dalarnas län,Enkammarriksdagen,2002,2006,
9020,Lennart Gustavsson,Vänsterpartiet,Västerbottens län,Enkammarriksdagen,2002,2006,
9021,Lennart Hedquist,Moderata samlingspartiet,Uppsala län,Enkammarriksdagen,2002,2006,
9022,Lennart Klockare,Socialdemokraterna,Norrbottens län,Enkammarriksdagen,2002,2006,
9023,Lennart Kollmats,Folkpartiet liberalerna,Hallands län,Enkammarriksdagen,2002,2006,
9024,Lennart Nilsson,Socialdemokraterna,Västra Götalands läns västra,Enkammarriksdagen,2002,2006,
9025,Lilian Virgin,Socialdemokraterna,Gotlands län,Enkammarriksdagen,2002,2006,
9026,Linnéa Darell,Folkpartiet liberalerna,Östergötlands län,Enkammarriksdagen,2002,2006,
9027,Liselott Hagberg,Folkpartiet liberalerna,Södermanlands län,Enkammarriksdagen,2002,2006,
9028,Lotta Hedström,Miljöpartiet de Gröna,Gävleborgs län,Enkammarriksdagen,2002,2006,
9029,Louise Malmström,Socialdemokraterna,Östergötlands län,Enkammarriksdagen,2002,2006,
9030,Magdalena Andersson,Moderata samlingspartiet,Jönköpings län,Enkammarriksdagen,2002,2006,
9031,Majléne Westerlund Panke,Socialdemokraterna,Hallands län,Enkammarriksdagen,2002,2006,
9032,Margareta Andersson,Centerpartiet,Jönköpings län,Enkammarriksdagen,2002,2006,
9033,Margareta Israelsson,Socialdemokraterna,Västmanlands län,Enkammarriksdagen,2002,2006,
9034,Margareta Persson,Socialdemokraterna,Jönköpings län,Enkammarriksdagen,2002,2006,
9035,Margareta Pålsson,Moderata samlingspartiet,Skåne läns norra och östra,Enkammarriksdagen,2002,2006,
9036,Maria Hassan,Socialdemokraterna,Stockholms kommun,Enkammarriksdagen,2002,2006,
9037,Maria Larsson,Kristdemokraterna,Jönköpings län,Enkammarriksdagen,2002,2006,
9038,Maria Wetterstrand,Miljöpartiet de Gröna,Södermanlands län,Enkammarriksdagen,2002,2006,
9039,Maria Öberg,Socialdemokraterna,Norrbottens län,Enkammarriksdagen,2002,2006,
9040,Mariann Ytterberg,Socialdemokraterna,Västmanlands län,Enkammarriksdagen,2002,2006,
9041,Marianne Carlström,Socialdemokraterna,Göteborgs kommun,Enkammarriksdagen,2002,2006,
9042,Marie Engström,Vänsterpartiet,Värmlands län,Enkammarriksdagen,2002,2006,
9043,Marie Granlund,Socialdemokraterna,Malmö kommun,Enkammarriksdagen,2002,2006,
9044,Marie Wahlgren,Folkpartiet liberalerna,Skåne läns södra,Enkammarriksdagen,2002,2006,
9045,Marietta de Pourbaix-Lundin,Moderata samlingspartiet,Stockholms län,Enkammarriksdagen,2002,2006,
9046,Marina Pettersson,Socialdemokraterna,Värmlands län,Enkammarriksdagen,2002,2006,
9047,Marita Aronsson,Folkpartiet liberalerna,Västra Götalands läns västra,Enkammarriksdagen,2002,2006,
9048,Marita Ulvskog,Socialdemokraterna,Dalarnas län,Enkammarriksdagen,2002,2006,
9049,Martin Andreasson,Folkpartiet liberalerna,Stockholms län,Enkammarriksdagen,2002,2006,
9050,Martin Nilsson,Socialdemokraterna,Jönköpings län,Enkammarriksdagen,2002,2006,
9051,Matilda Ernkrans,Socialdemokraterna,Örebro län,Enkammarriksdagen,2002,2006,
9052,Mats Berglind,Socialdemokraterna,Uppsala län,Enkammarriksdagen,2002,2006,
9053,Mats Einarsson,Vänsterpartiet,Stockholms län,Enkammarriksdagen,2002,2006,
9054,Mats Odell,Kristdemokraterna,Stockholms län,Enkammarriksdagen,2002,2006,
9055,Maud Ekendahl,Moderata samlingspartiet,Skåne läns norra och östra,Enkammarriksdagen,2002,2006,
9056,Maud Olofsson,Centerpartiet,Västerbottens län,Enkammarriksdagen,2002,2006,
9057,Mauricio Rojas,Folkpartiet liberalerna,Stockholms kommun,Enkammarriksdagen,2002,2006,
9058,Mia Franzén,Folkpartiet liberalerna,Stockholms län,Enkammarriksdagen,2002,2006,
9059,Michael Hagberg,Socialdemokraterna,Södermanlands län,Enkammarriksdagen,2002,2006,
9060,Mikael Damberg,Socialdemokraterna,Stockholms län,Enkammarriksdagen,2002,2006,
9061,Mikael Johansson,Miljöpartiet de Gröna,Örebro län,Enkammarriksdagen,2002,2006,
9062,Mikael Odenberg,Moderata samlingspartiet,Stockholms kommun,Enkammarriksdagen,2002,2006,
9063,Mikael Oscarsson,Kristdemokraterna,Uppsala län,Enkammarriksdagen,2002,2006,
9064,Mikaela Valtersson,Miljöpartiet de Gröna,Stockholms län,Enkammarriksdagen,2002,2006,
9065,Mona Berglund Nilsson,Socialdemokraterna,Västra Götalands läns västra,Enkammarriksdagen,2002,2006,
9066,Mona Jönsson,Miljöpartiet de Gröna,Västra Götalands läns västra,Enkammarriksdagen,2002,2006,
9067,Mona Sahlin (ersättare: Britta Lejon),Socialdemokraterna,Stockholms län,Enkammarriksdagen,2002,2006,
9068,Monica Green,Socialdemokraterna,Västra Götalands läns östra,Enkammarriksdagen,2002,2006,
9069,Morgan Johansson (ersättare: Inger Jarl Beck),Socialdemokraterna,Skåne läns södra,Enkammarriksdagen,2002,2006,
9070,Nikos Papadopoulos,Socialdemokraterna,Stockholms kommun,Enkammarriksdagen,2002,2006,
9071,Nils Fredrik Aurelius,Moderata samlingspartiet,Kalmar län,Enkammarriksdagen,2002,2006,
9072,Nils-Erik Söderqvist,Socialdemokraterna,Västra Götalands läns norra,Enkammarriksdagen,2002,2006,
9073,Nils-Göran Holmqvist,Socialdemokraterna,Örebro län,Enkammarriksdagen,2002,2006,
9074,Nina Lundström,Folkpartiet liberalerna,Stockholms län,Enkammarriksdagen,2002,2006,
9075,Nyamko Sabuni,Folkpartiet liberalerna,Stockholms kommun,Enkammarriksdagen,2002,2006,
9076,Ola Rask,Socialdemokraterna,Stockholms län,Enkammarriksdagen,2002,2006,
9077,Ola Sundell,Moderata samlingspartiet,Jämtlands län,Enkammarriksdagen,2002,2006,
9078,Olle Sandahl,Kristdemokraterna,Kronobergs län,Enkammarriksdagen,2002,2006,
9079,Owe Hellberg,Vänsterpartiet,Gävleborgs län,Enkammarriksdagen,2002,2006,
9080,Paavo Vallius,Socialdemokraterna,Västmanlands län,Enkammarriksdagen,2002,2006,
9081,Patrik Norinder,Moderata samlingspartiet,Gävleborgs län,Enkammarriksdagen,2002,2006,
9082,Per Bill,Moderata samlingspartiet,Uppsala län,Enkammarriksdagen,2002,2006,
9083,Per Erik Granström,Socialdemokraterna,Dalarnas län,Enkammarriksdagen,2002,2006,
9084,Per Landgren,Kristdemokraterna,Göteborgs kommun,Enkammarriksdagen,2002,2006,
9085,Per Rosengren,Vänsterpartiet,Västra Götalands läns östra,Enkammarriksdagen,2002,2006,
9086,Per Westerberg,Moderata samlingspartiet,Södermanlands län,Enkammarriksdagen,2002,2006,
9087,Per-Olof Svensson,Socialdemokraterna,Gävleborgs län,Enkammarriksdagen,2002,2006,
9088,Peter Althin,Kristdemokraterna,Skåne läns södra,Enkammarriksdagen,2002,2006,
9089,Peter Danielsson,Moderata samlingspartiet,Skåne läns västra,Enkammarriksdagen,2002,2006,
9090,Peter Eriksson,Miljöpartiet de Gröna,Norrbottens län,Enkammarriksdagen,2002,2006,
9091,Peter Johnsson,Socialdemokraterna,Västra Götalands läns norra,Enkammarriksdagen,2002,2006,
9092,Peter Pedersen,Vänsterpartiet,Örebro län,Enkammarriksdagen,2002,2006,
9093,Pär Axel Sahlberg,Socialdemokraterna,Hallands län,Enkammarriksdagen,2002,2006,
9094,Pär Nuder (ersättare: Christer Erlandsson),Socialdemokraterna,Stockholms län,Enkammarriksdagen,2002,2006,
9095,Ragnwi Marcelind,Kristdemokraterna,Gävleborgs län,Enkammarriksdagen,2002,2006,
9096,Raimo Pärssinen,Socialdemokraterna,Gävleborgs län,Enkammarriksdagen,2002,2006,
9097,Reynoldh Furustrand,Socialdemokraterna,Södermanlands län,Enkammarriksdagen,2002,2006,
9098,Rigmor Stenmark,Centerpartiet,Uppsala län,Enkammarriksdagen,2002,2006,
9099,Roger Tiefensee,Centerpartiet,Södermanlands län,Enkammarriksdagen,2002,2006,
9100,Rolf Gunnarsson,Moderata samlingspartiet,Dalarnas län,Enkammarriksdagen,2002,2006,
9101,Rolf Olsson,Vänsterpartiet,Göteborgs kommun,Enkammarriksdagen,2002,2006,
9102,Ronny Olander,Socialdemokraterna,Skåne läns södra,Enkammarriksdagen,2002,2006,
9103,Rosita Runegrund,Kristdemokraterna,Västra Götalands läns västra,Enkammarriksdagen,2002,2006,
9104,Rossana Dinamarca,Vänsterpartiet,Västra Götalands läns norra,Enkammarriksdagen,2002,2006,
9105,Runar Patriksson,Folkpartiet liberalerna,Värmlands län,Enkammarriksdagen,2002,2006,
9106,Rune Berglund,Socialdemokraterna,Jämtlands län,Enkammarriksdagen,2002,2006,
9107,Sermin Özürküt,Vänsterpartiet,Stockholms län,Enkammarriksdagen,2002,2006,
9108,Sinikka Bohlin,Socialdemokraterna,Gävleborgs län,Enkammarriksdagen,2002,2006,
9109,Siv Holma,Vänsterpartiet,Norrbottens län,Enkammarriksdagen,2002,2006,
9110,Siw Wittgren-Ahl,Socialdemokraterna,Göteborgs kommun,Enkammarriksdagen,2002,2006,
9111,Sofia Larsen,Centerpartiet,Örebro län,Enkammarriksdagen,2002,2006,
9112,Solveig Hellquist,Folkpartiet liberalerna,Västernorrlands län,Enkammarriksdagen,2002,2006,
9113,Sonia Karlsson,Socialdemokraterna,Östergötlands län,Enkammarriksdagen,2002,2006,
9114,Sonja Fransson (ersättare: Ann-Christin Ahlberg),Socialdemokraterna,Västra Götalands läns södra,Enkammarriksdagen,2002,2006,
9115,Staffan Danielsson,Centerpartiet,Östergötlands län,Enkammarriksdagen,2002,2006,
9116,Stefan Attefall,Kristdemokraterna,Stockholms kommun,Enkammarriksdagen,2002,2006,
9117,Stefan Hagfeldt,Moderata samlingspartiet,Östergötlands län,Enkammarriksdagen,2002,2006,
9118,Sten Lundström,Vänsterpartiet,Malmö kommun,Enkammarriksdagen,2002,2006,
9119,Sten Tolgfors,Moderata samlingspartiet,Örebro län,Enkammarriksdagen,2002,2006,
9120,Susanne Eberstein,Socialdemokraterna,Västernorrlands län,Enkammarriksdagen,2002,2006,
9121,Sven Bergström,Centerpartiet,Gävleborgs län,Enkammarriksdagen,2002,2006,
9122,Sven Brus,Kristdemokraterna,Östergötlands län,Enkammarriksdagen,2002,2006,
9123,Sven Gunnar Persson,Kristdemokraterna,Örebro län,Enkammarriksdagen,2002,2006,
9124,Sven-Erik Sjöstrand,Vänsterpartiet,Skåne läns norra och östra,Enkammarriksdagen,2002,2006,
9125,Sven-Erik Österberg (ersättare: Pia Nilsson),Socialdemokraterna,Västmanlands län,Enkammarriksdagen,2002,2006,
9126,Sverker Thorén,Folkpartiet liberalerna,Kalmar län,Enkammarriksdagen,2002,2006,
9127,Sylvia Lindgren,Socialdemokraterna,Stockholms kommun,Enkammarriksdagen,2002,2006,
9128,Sören Wibe,Socialdemokraterna,Västerbottens län,Enkammarriksdagen,2002,2006,
9129,Tasso Stafilidis,Vänsterpartiet,Skåne läns västra,Enkammarriksdagen,2002,2006,
9130,Thomas Bodström (ersättare: Ameer Sachet),Socialdemokraterna,Örebro län,Enkammarriksdagen,2002,2006,
9131,Thomas Östros (ersättare: Rezene Tesfazion),Socialdemokraterna,Uppsala län,Enkammarriksdagen,2002,2006,
9132,Tina Acketoft,Folkpartiet liberalerna,Skåne läns västra,Enkammarriksdagen,2002,2006,
9133,Tobias Billström,Moderata samlingspartiet,Malmö kommun,Enkammarriksdagen,2002,2006,
9134,Tobias Krantz,Folkpartiet liberalerna,Jönköpings län,Enkammarriksdagen,2002,2006,
9135,Tomas Eneroth,Socialdemokraterna,Kronobergs län,Enkammarriksdagen,2002,2006,
9136,Tomas Högström,Moderata samlingspartiet,Västmanlands län,Enkammarriksdagen,2002,2006,
9137,Tommy Ternemar,Socialdemokraterna,Värmlands län,Enkammarriksdagen,2002,2006,
9138,Tommy Waidelich,Socialdemokraterna,Stockholms län,Enkammarriksdagen,2002,2006,
9139,Tone Tingsgård,Socialdemokraterna,Uppsala län,Enkammarriksdagen,2002,2006,
9140,Torkild Strandberg,Folkpartiet liberalerna,Skåne läns västra,Enkammarriksdagen,2002,2006,
9141,Torsten Lindström,Kristdemokraterna,Västmanlands län,Enkammarriksdagen,2002,2006,
9142,Tuve Skånberg,Kristdemokraterna,Skåne läns norra och östra,Enkammarriksdagen,2002,2006,
9143,Ulf Holm,Miljöpartiet de Gröna,Skåne läns södra,Enkammarriksdagen,2002,2006,
9144,Ulf Nilsson,Folkpartiet liberalerna,Skåne läns södra,Enkammarriksdagen,2002,2006,
9145,Ulf Sjösten,Moderata samlingspartiet,Västra Götalands läns södra,Enkammarriksdagen,2002,2006,
9146,Ulla Hoffmann,Vänsterpartiet,Stockholms kommun,Enkammarriksdagen,2002,2006,
9147,Ulla Löfgren,Moderata samlingspartiet,Västerbottens län,Enkammarriksdagen,2002,2006,
9148,Ulla Wester,Socialdemokraterna,Skåne läns norra och östra,Enkammarriksdagen,2002,2006,
9149,Ulrica Messing (ersättare: Yoomi Renström),Socialdemokraterna,Gävleborgs län,Enkammarriksdagen,2002,2006,
9150,Ulrik Lindgren,Kristdemokraterna,Dalarnas län,Enkammarriksdagen,2002,2006,
9151,Urban Ahlin,Socialdemokraterna,Västra Götalands läns östra,Enkammarriksdagen,2002,2006,
9152,Veronica Palm,Socialdemokraterna,Stockholms kommun,Enkammarriksdagen,2002,2006,
9153,Viviann Gerdin,Centerpartiet,Värmlands län,Enkammarriksdagen,2002,2006,
9154,Yilmaz Kerimo,Socialdemokraterna,Stockholms län,Enkammarriksdagen,2002,2006,
9155,Yvonne Andersson,Kristdemokraterna,Östergötlands län,Enkammarriksdagen,2002,2006,
9156,Yvonne Ruwaida,Miljöpartiet de Gröna,Stockholms kommun,Enkammarriksdagen,2002,2006,
9157,Yvonne Ångström,Folkpartiet liberalerna,Västerbottens län,Enkammarriksdagen,2002,2006,
9158,Åsa Domeij,Miljöpartiet de Gröna,Uppsala län,Enkammarriksdagen,2002,2006,
9159,Åsa Torstensson,Centerpartiet,Västra Götalands läns västra,Enkammarriksdagen,2002,2006,
9160,Agneta Berliner,Folkpartiet liberalerna,Västmanlands län,Enkammarriksdagen,2006,2010,
9161,Agneta Gille,Socialdemokraterna,Uppsala län,Enkammarriksdagen,2006,2010,
9162,Agneta Lundberg,Socialdemokraterna,Västernorrlands län,Enkammarriksdagen,2006,2010,
9163,Aleksander Gabelic,Socialdemokraterna,Östergötlands län,Enkammarriksdagen,2006,2010,
9164,Alf Eriksson,Socialdemokraterna,Hallands län,Enkammarriksdagen,2006,2010,
9165,Alice Åström,Vänsterpartiet,Jönköpings län,Enkammarriksdagen,2006,2010,
9166,Allan Widman,Folkpartiet liberalerna,Malmö kommun,Enkammarriksdagen,2006,2010,
9167,Ameer Sachet,Socialdemokraterna,Örebro län,Enkammarriksdagen,2006,2010,
9168,Amineh Kakabaveh,Vänsterpartiet,Stockholms kommun,Enkammarriksdagen,2006,2010,
9169,Anders Andersson,Kristdemokraterna,Kalmar län,Enkammarriksdagen,2006,2010,
9170,Anders Hansson,Moderata samlingspartiet,Skåne läns södra,Enkammarriksdagen,2006,2010,
9171,Anders Karlsson,Socialdemokraterna,Skåne läns västra,Enkammarriksdagen,2006,2010,
9172,Anders Ygeman,Socialdemokraterna,Stockholms kommun,Enkammarriksdagen,2006,2010,
9173,Anders Åkesson,Centerpartiet,Kalmar län,Enkammarriksdagen,2006,2010,
9174,Andreas Norlén,Moderata samlingspartiet,Östergötlands län,Enkammarriksdagen,2006,2010,
9175,Anita Brodén,Folkpartiet liberalerna,Västra Götalands läns norra,Enkammarriksdagen,2006,2010,
9176,Ann Arleklo,Socialdemokraterna,Skåne läns västra,Enkammarriksdagen,2006,2010,
9177,Ann-Christin Ahlberg,Socialdemokraterna,Västra Götalands läns södra,Enkammarriksdagen,2006,2010,
9178,Ann-Kristine Johansson,Socialdemokraterna,Värmlands län,Enkammarriksdagen,2006,2010,
9179,Anna Kinberg Batra,Moderata samlingspartiet,Stockholms län,Enkammarriksdagen,2006,2010,
9180,Anna König Jerlmyr,Moderata samlingspartiet,Stockholms kommun,Enkammarriksdagen,2006,2010,
9181,Anna Lilliehöök,Moderata samlingspartiet,Stockholms kommun,Enkammarriksdagen,2006,2010,
9182,Anna Tenje,Moderata samlingspartiet,Kronobergs län,Enkammarriksdagen,2006,2010,
9183,Anne Ludvigsson,Socialdemokraterna,Östergötlands län,Enkammarriksdagen,2006,2010,
9184,Anne Marie Brodén,Moderata samlingspartiet,Hallands län,Enkammarriksdagen,2006,2010,
9185,Anne-Marie Pålsson,Moderata samlingspartiet,Skåne läns södra,Enkammarriksdagen,2006,2010,
9186,Anneli Särnblad,Socialdemokraterna,Dalarnas län,Enkammarriksdagen,2006,2010,
9187,Annelie Enochson,Kristdemokraterna,Göteborgs kommun,Enkammarriksdagen,2006,2010,
9188,Annicka Engblom,Moderata samlingspartiet,Blekinge län,Enkammarriksdagen,2006,2010,
9189,Annie Johansson,Centerpartiet,Jönköpings län,Enkammarriksdagen,2006,2010,
9190,Annika Qarlsson,Centerpartiet,Västra Götalands läns norra,Enkammarriksdagen,2006,2010,
9191,Anti Avsan,Moderata samlingspartiet,Stockholms län,Enkammarriksdagen,2006,2010,
9192,Barbro Westerholm,Folkpartiet liberalerna,Stockholms län,Enkammarriksdagen,2006,2010,
9193,Beatrice Ask(ersatt av Marianne Watz),Moderata samlingspartiet,Stockholms kommun,Enkammarriksdagen,2006,2010,
9194,Bengt-Anders Johansson,Moderata samlingspartiet,Jönköpings län,Enkammarriksdagen,2006,2010,
9195,Berit Andnor,Socialdemokraterna,Jämtlands län,Enkammarriksdagen,2006,2010,
9196,Berit Högman,Socialdemokraterna,Värmlands län,Enkammarriksdagen,2006,2010,
9197,Bertil Kjellberg,Moderata samlingspartiet,Västernorrlands län,Enkammarriksdagen,2006,2010,
9198,Betty Malmberg,Moderata samlingspartiet,Östergötlands län,Enkammarriksdagen,2006,2010,
9199,Billy Gustafsson,Socialdemokraterna,Östergötlands län,Enkammarriksdagen,2006,2010,
9200,Birgitta Eriksson,Socialdemokraterna,Västra Götalands läns västra,Enkammarriksdagen,2006,2010,
9201,Birgitta Ohlsson,Folkpartiet liberalerna,Stockholms kommun,Enkammarriksdagen,2006,2010,
9202,Birgitta Sellén (2:e vice talman),Centerpartiet,Västernorrlands län,Enkammarriksdagen,2006,2010,
9203,Björn Hamilton,Moderata samlingspartiet,Stockholms län,Enkammarriksdagen,2006,2010,
9204,Björn Leivik,Moderata samlingspartiet,Västra Götalands läns norra,Enkammarriksdagen,2006,2010,
9205,Björn von Sydow,Socialdemokraterna,Stockholms län,Enkammarriksdagen,2006,2010,
9206,Bo Bernhardsson,Socialdemokraterna,Skåne läns södra,Enkammarriksdagen,2006,2010,
9207,Bodil Ceballos,Miljöpartiet de Gröna,Gävleborgs län,Enkammarriksdagen,2006,2010,
9208,Bosse Ringholm,Socialdemokraterna,Stockholms kommun,Enkammarriksdagen,2006,2010,
9209,Britta Rådström,Socialdemokraterna,Västerbottens län,Enkammarriksdagen,2006,2010,
9210,Börje Vestlund,Socialdemokraterna,Stockholms kommun,Enkammarriksdagen,2006,2010,
9211,Camilla Lindberg,Folkpartiet liberalerna,Dalarnas län,Enkammarriksdagen,2006,2010,
9212,Carin Runeson,Socialdemokraterna,Dalarnas län,Enkammarriksdagen,2006,2010,
9213,Carina Adolfsson Elgestam,Socialdemokraterna,Kronobergs län,Enkammarriksdagen,2006,2010,
9214,Carina Hägg,Socialdemokraterna,Jönköpings län,Enkammarriksdagen,2006,2010,
9215,Carina Moberg,Socialdemokraterna,Stockholms län,Enkammarriksdagen,2006,2010,
9216,Carina Ohlsson,Socialdemokraterna,Västra Götalands läns östra,Enkammarriksdagen,2006,2010,
9217,Carl B. Hamilton,Folkpartiet liberalerna,Stockholms kommun,Enkammarriksdagen,2006,2010,
9218,Caroline Helmersson-Olsson,Socialdemokraterna,Södermanlands län,Enkammarriksdagen,2006,2010,
9219,Catharina Bråkenhielm,Socialdemokraterna,Västra Götalands läns västra,Enkammarriksdagen,2006,2010,
9220,Cecilia Magnusson,Moderata samlingspartiet,Göteborgs kommun,Enkammarriksdagen,2006,2010,
9221,Cecilia Widegren,Moderata samlingspartiet,Västra Götalands läns östra,Enkammarriksdagen,2006,2010,
9222,Cecilia Wigström i Göteborg,Folkpartiet liberalerna,Göteborgs kommun,Enkammarriksdagen,2006,2010,
9223,Cecilie Tenfjord-Toftby,Moderata samlingspartiet,Västra Götalands läns södra,Enkammarriksdagen,2006,2010,
9224,Christer Adelsbo,Socialdemokraterna,Skåne läns norra och östra,Enkammarriksdagen,2006,2010,
9225,Christer Engelhardt,Socialdemokraterna,Gotlands län,Enkammarriksdagen,2006,2010,
9226,Christer Eriksson,Centerpartiet,Västmanlands län,Enkammarriksdagen,2006,2010,
9227,Christer Nylander,Folkpartiet liberalerna,Skåne läns norra och östra,Enkammarriksdagen,2006,2010,
9228,Christer Winbäck,Folkpartiet liberalerna,Västra Götalands läns östra,Enkammarriksdagen,2006,2010,
9229,Christian Holm,Moderata samlingspartiet,Värmlands län,Enkammarriksdagen,2006,2010,
9230,Christin Hagberg,Socialdemokraterna,Skåne läns västra,Enkammarriksdagen,2006,2010,
9231,Christina Axelsson,Socialdemokraterna,Stockholms län,Enkammarriksdagen,2006,2010,
9232,Christina Oskarsson,Socialdemokraterna,Västra Götalands läns norra,Enkammarriksdagen,2006,2010,
9233,Christina Zedell,Socialdemokraterna,Stockholms län,Enkammarriksdagen,2006,2010,
9234,Christine Jönsson,Moderata samlingspartiet,Skåne läns södra,Enkammarriksdagen,2006,2010,
9235,Claes Västerteg,Centerpartiet,Västra Götalands läns södra,Enkammarriksdagen,2006,2010,
9236,Claes-Göran Brandin,Socialdemokraterna,Göteborgs kommun,Enkammarriksdagen,2006,2010,
9237,Cristina Husmark Pehrsson(ersatt av Ann-Charlotte Hammar Johnsson),Moderata samlingspartiet,Skåne läns västra,Enkammarriksdagen,2006,2010,
9238,Dan Kihlström,Kristdemokraterna,Värmlands län,Enkammarriksdagen,2006,2010,
9239,Désirée Liljevall,Socialdemokraterna,Kalmar län,Enkammarriksdagen,2006,2010,
9240,Egon Frid,Vänsterpartiet,Västra Götalands läns östra,Enkammarriksdagen,2006,2010,
9241,Elina Linna,Vänsterpartiet,Södermanlands län,Enkammarriksdagen,2006,2010,
9242,Elisabeth Svantesson,Moderata samlingspartiet,Örebro län,Enkammarriksdagen,2006,2010,
9243,Elisebeht Markström,Socialdemokraterna,Södermanlands län,Enkammarriksdagen,2006,2010,
9244,Eliza Roszkowska Öberg,Moderata samlingspartiet,Stockholms län,Enkammarriksdagen,2006,2010,
9245,Else-Marie Lindgren,Kristdemokraterna,Västra Götalands läns södra,Enkammarriksdagen,2006,2010,
9246,Erik A. Eriksson,Centerpartiet,Värmlands län,Enkammarriksdagen,2006,2010,
9247,Erik Ullenhag,Folkpartiet liberalerna,Uppsala län,Enkammarriksdagen,2006,2010,
9248,Esabelle Dingizian,Miljöpartiet de Gröna,Stockholms län,Enkammarriksdagen,2006,2010,
9249,Eskil Erlandsson(ersatt av Karin Nilsson),Centerpartiet,Kronobergs län,Enkammarriksdagen,2006,2010,
9250,Eva Bengtson Skogsberg,Moderata samlingspartiet,Kalmar län,Enkammarriksdagen,2006,2010,
9251,Eva Flyborg,Folkpartiet liberalerna,Göteborgs kommun,Enkammarriksdagen,2006,2010,
9252,Eva Johnsson,Kristdemokraterna,Kronobergs län,Enkammarriksdagen,2006,2010,
9253,Eva Olofsson,Vänsterpartiet,Göteborgs kommun,Enkammarriksdagen,2006,2010,
9254,Eva Selin Lindgren,Centerpartiet,Göteborgs kommun,Enkammarriksdagen,2006,2010,
9255,Eva Sonidsson,Socialdemokraterna,Västernorrlands län,Enkammarriksdagen,2006,2010,
9256,Eva-Lena Jansson,Socialdemokraterna,Örebro län,Enkammarriksdagen,2006,2010,
9257,Ewa Björling (ersatt av Göran Thingwall[1]),Moderata samlingspartiet,Stockholms län,Enkammarriksdagen,2006,2010,
9258,Ewa Thalén Finné,Moderata samlingspartiet,Skåne läns södra,Enkammarriksdagen,2006,2010,
9259,Fredrick Federley,Centerpartiet,Stockholms kommun,Enkammarriksdagen,2006,2010,
9260,Fredrik Lundh,Socialdemokraterna,Norrbottens län,Enkammarriksdagen,2006,2010,
9261,Fredrik Olovsson,Socialdemokraterna,Södermanlands län,Enkammarriksdagen,2006,2010,
9262,Fredrik Reinfeldt(ersatt av Margareta Cederfelt),Moderata samlingspartiet,Stockholms kommun,Enkammarriksdagen,2006,2010,
9263,Fredrik Schulte,Moderata samlingspartiet,Stockholms län,Enkammarriksdagen,2006,2010,
9264,Gunilla Carlsson i Hisings Backa,Socialdemokraterna,Göteborgs kommun,Enkammarriksdagen,2006,2010,
9265,Gunilla Carlsson(ersatt av Finn Bengtsson),Moderata samlingspartiet,Östergötlands län,Enkammarriksdagen,2006,2010,
9266,Gunilla Tjernberg,Kristdemokraterna,Västerbottens län,Enkammarriksdagen,2006,2010,
9267,Gunilla Wahlén,Vänsterpartiet,Västernorrlands län,Enkammarriksdagen,2006,2010,
9268,Gunnar Andrén,Folkpartiet liberalerna,Stockholms län,Enkammarriksdagen,2006,2010,
9269,Gunnar Axén,Moderata samlingspartiet,Östergötlands län,Enkammarriksdagen,2006,2010,
9270,Gunnar Sandberg,Socialdemokraterna,Jämtlands län,Enkammarriksdagen,2006,2010,
9271,Gunnel Wallin,Centerpartiet,Skåne läns norra och östra,Enkammarriksdagen,2006,2010,
9272,Gunvor G. Ericson,Miljöpartiet de Gröna,Södermanlands län,Enkammarriksdagen,2006,2010,
9273,Gustav Blix,Moderata samlingspartiet,Stockholms kommun,Enkammarriksdagen,2006,2010,
9274,Gustav Nilsson,Moderata samlingspartiet,Blekinge län,Enkammarriksdagen,2006,2010,
9275,Göran Hägglund(ersatt av Désirée Pethrus Engström),Kristdemokraterna,Stockholms kommun,Enkammarriksdagen,2006,2010,
9276,Göran Lennmarker,Moderata samlingspartiet,Stockholms län,Enkammarriksdagen,2006,2010,
9277,Göran Lindblad,Moderata samlingspartiet,Göteborgs kommun,Enkammarriksdagen,2006,2010,
9278,Göran Montan,Moderata samlingspartiet,Skåne läns norra och östra,Enkammarriksdagen,2006,2010,
9279,Göran Persson i Simrishamn,Socialdemokraterna,Skåne läns norra och östra,Enkammarriksdagen,2006,2010,
9280,Göran Pettersson,Moderata samlingspartiet,Stockholms län,Enkammarriksdagen,2006,2010,
9281,Göte Wahlström,Socialdemokraterna,Jönköpings län,Enkammarriksdagen,2006,2010,
9282,Hans Backman,Folkpartiet liberalerna,Gävleborgs län,Enkammarriksdagen,2006,2010,
9283,Hans Hoff,Socialdemokraterna,Hallands län,Enkammarriksdagen,2006,2010,
9284,Hans Linde,Vänsterpartiet,Göteborgs kommun,Enkammarriksdagen,2006,2010,
9285,Hans Olsson,Socialdemokraterna,Västra Götalands läns södra,Enkammarriksdagen,2006,2010,
9286,Hans Rothenberg,Moderata samlingspartiet,Göteborgs kommun,Enkammarriksdagen,2006,2010,
9287,Hans Stenberg,Socialdemokraterna,Västernorrlands län,Enkammarriksdagen,2006,2010,
9288,Hans Unander,Socialdemokraterna,Dalarnas län,Enkammarriksdagen,2006,2010,
9289,Hans Wallmark,Moderata samlingspartiet,Skåne läns norra och östra,Enkammarriksdagen,2006,2010,
9290,Helena Bargholtz,Folkpartiet liberalerna,Stockholms län,Enkammarriksdagen,2006,2010,
9291,Helena Bouveng,Moderata samlingspartiet,Jönköpings län,Enkammarriksdagen,2006,2010,
9292,Helena Leander,Miljöpartiet de Gröna,Uppsala län,Enkammarriksdagen,2006,2010,
9293,Helena Rivière,Moderata samlingspartiet,Stockholms kommun,Enkammarriksdagen,2006,2010,
9294,Helene Petersson i Stockaryd,Socialdemokraterna,Jönköpings län,Enkammarriksdagen,2006,2010,
9295,Helén Pettersson i Umeå,Socialdemokraterna,Västerbottens län,Enkammarriksdagen,2006,2010,
9296,Henrik von Sydow,Moderata samlingspartiet,Hallands län,Enkammarriksdagen,2006,2010,
9297,Hillevi Engström,Moderata samlingspartiet,Stockholms län,Enkammarriksdagen,2006,2010,
9298,Hillevi Larsson,Socialdemokraterna,Malmö kommun,Enkammarriksdagen,2006,2010,
9299,Holger Gustafsson,Kristdemokraterna,Västra Götalands läns östra,Enkammarriksdagen,2006,2010,
9300,Håkan Juholt,Socialdemokraterna,Kalmar län,Enkammarriksdagen,2006,2010,
9301,Ibrahim Baylan,Socialdemokraterna,Västerbottens län,Enkammarriksdagen,2006,2010,
9302,Inge Garstedt,Moderata samlingspartiet,Malmö kommun,Enkammarriksdagen,2006,2010,
9303,Ingemar Vänerlöv,Kristdemokraterna,Västra Götalands läns norra,Enkammarriksdagen,2006,2010,
9304,Inger Davidson,Kristdemokraterna,Stockholms län,Enkammarriksdagen,2006,2010,
9305,Inger Jarl Beck,Socialdemokraterna,Skåne läns södra,Enkammarriksdagen,2006,2010,
9306,Inger René,Moderata samlingspartiet,Västra Götalands läns västra,Enkammarriksdagen,2006,2010,
9307,Ingvar Svensson,Kristdemokraterna,Stockholms län,Enkammarriksdagen,2006,2010,
9308,Isabella Jernbeck,Moderata samlingspartiet,Stockholms län,Enkammarriksdagen,2006,2010,
9309,Jacob Johnson,Vänsterpartiet,Uppsala län,Enkammarriksdagen,2006,2010,
9310,Jan Andersson,Centerpartiet,Hallands län,Enkammarriksdagen,2006,2010,
9311,Jan Björklund(ersatt av Gulan Avci),Folkpartiet liberalerna,Stockholms kommun,Enkammarriksdagen,2006,2010,
9312,Jan Björkman (1:e vice talman),Socialdemokraterna,Blekinge län,Enkammarriksdagen,2006,2010,
9313,Jan Emanuel Johansson,Socialdemokraterna,Stockholms län,Enkammarriksdagen,2006,2010,
9314,Jan Ericson,Moderata samlingspartiet,Västra Götalands läns södra,Enkammarriksdagen,2006,2010,
9315,Jan Ertsborn,Folkpartiet liberalerna,Hallands län,Enkammarriksdagen,2006,2010,
9316,Jan Lindholm,Miljöpartiet de Gröna,Dalarnas län,Enkammarriksdagen,2006,2010,
9317,Jan R. Andersson,Moderata samlingspartiet,Kalmar län,Enkammarriksdagen,2006,2010,
9318,Jan-Evert Rådhström,Moderata samlingspartiet,Värmlands län,Enkammarriksdagen,2006,2010,
9319,Jan-Olof Larsson,Socialdemokraterna,Västra Götalands läns västra,Enkammarriksdagen,2006,2010,
9320,Jasenko Omanović,Socialdemokraterna,Västernorrlands län,Enkammarriksdagen,2006,2010,
9321,Jennie Nilsson,Socialdemokraterna,Hallands län,Enkammarriksdagen,2006,2010,
9322,Jessica Polfjärd,Moderata samlingspartiet,Västmanlands län,Enkammarriksdagen,2006,2010,
9323,Johan Linander,Centerpartiet,Skåne läns södra,Enkammarriksdagen,2006,2010,
9324,Johan Löfstrand,Socialdemokraterna,Östergötlands län,Enkammarriksdagen,2006,2010,
9325,Johan Pehrson,Folkpartiet liberalerna,Örebro län,Enkammarriksdagen,2006,2010,
9326,Josefin Brink,Vänsterpartiet,Stockholms län,Enkammarriksdagen,2006,2010,
9327,Jörgen Hellman,Socialdemokraterna,Västra Götalands läns norra,Enkammarriksdagen,2006,2010,
9328,Kalle Larsson,Vänsterpartiet,Stockholms kommun,Enkammarriksdagen,2006,2010,
9329,Karin Enström,Moderata samlingspartiet,Stockholms län,Enkammarriksdagen,2006,2010,
9330,Karin Granbom,Folkpartiet liberalerna,Östergötlands län,Enkammarriksdagen,2006,2010,
9331,Karin Pilsäter,Folkpartiet liberalerna,Stockholms län,Enkammarriksdagen,2006,2010,
9332,Karin Svensson Smith,Miljöpartiet de Gröna,Malmö kommun,Enkammarriksdagen,2006,2010,
9333,Karin Åström,Socialdemokraterna,Norrbottens län,Enkammarriksdagen,2006,2010,
9334,Karl Gustav Abramsson,Socialdemokraterna,Västerbottens län,Enkammarriksdagen,2006,2010,
9335,Karl Sigfrid,Moderata samlingspartiet,Stockholms län,Enkammarriksdagen,2006,2010,
9336,Katarina Brännström,Moderata samlingspartiet,Kronobergs län,Enkammarriksdagen,2006,2010,
9337,Kenneth G. Forslund,Socialdemokraterna,Västra Götalands läns västra,Enkammarriksdagen,2006,2010,
9338,Kenneth Johansson,Centerpartiet,Dalarnas län,Enkammarriksdagen,2006,2010,
9339,Kent Härstedt,Socialdemokraterna,Skåne läns västra,Enkammarriksdagen,2006,2010,
9340,Kent Olsson,Moderata samlingspartiet,Västra Götalands läns västra,Enkammarriksdagen,2006,2010,
9341,Kent Persson,Vänsterpartiet,Västmanlands län,Enkammarriksdagen,2006,2010,
9342,Kerstin Engle,Socialdemokraterna,Skåne läns norra och östra,Enkammarriksdagen,2006,2010,
9343,Kerstin Haglö,Socialdemokraterna,Blekinge län,Enkammarriksdagen,2006,2010,
9344,Kerstin Lundgren,Centerpartiet,Stockholms län,Enkammarriksdagen,2006,2010,
9345,Kjell Eldensjö,Kristdemokraterna,Södermanlands län,Enkammarriksdagen,2006,2010,
9346,Krister Hammarbergh,Moderata samlingspartiet,Norrbottens län,Enkammarriksdagen,2006,2010,
9347,Krister Örnfjäder,Socialdemokraterna,Kalmar län,Enkammarriksdagen,2006,2010,
9348,Kristina Zakrisson,Socialdemokraterna,Norrbottens län,Enkammarriksdagen,2006,2010,
9349,Kurt Kvarnström,Socialdemokraterna,Dalarnas län,Enkammarriksdagen,2006,2010,
9350,Lage Rahm,Miljöpartiet de Gröna,Göteborgs kommun,Enkammarriksdagen,2006,2010,
9351,Laila Bjurling,Socialdemokraterna,Södermanlands län,Enkammarriksdagen,2006,2010,
9352,Lars Elinderson,Moderata samlingspartiet,Västra Götalands läns östra,Enkammarriksdagen,2006,2010,
9353,Lars Gustafsson,Kristdemokraterna,Hallands län,Enkammarriksdagen,2006,2010,
9354,Lars Hjälmered,Moderata samlingspartiet,Göteborgs kommun,Enkammarriksdagen,2006,2010,
9355,Lars Johansson,Socialdemokraterna,Göteborgs kommun,Enkammarriksdagen,2006,2010,
9356,Lars Lilja,Socialdemokraterna,Västerbottens län,Enkammarriksdagen,2006,2010,
9357,Lars Lindblad,Moderata samlingspartiet,Skåne läns södra,Enkammarriksdagen,2006,2010,
9358,Lars Mejern Larsson,Socialdemokraterna,Värmlands län,Enkammarriksdagen,2006,2010,
9359,Lars Ohly,Vänsterpartiet,Stockholms län,Enkammarriksdagen,2006,2010,
9360,Lars Tysklind,Folkpartiet liberalerna,Västra Götalands läns västra,Enkammarriksdagen,2006,2010,
9361,Lars U. Granberg,Socialdemokraterna,Norrbottens län,Enkammarriksdagen,2006,2010,
9362,Lars Wegendal,Socialdemokraterna,Kronobergs län,Enkammarriksdagen,2006,2010,
9363,Lars-Arne Staxäng,Moderata samlingspartiet,Västra Götalands läns västra,Enkammarriksdagen,2006,2010,
9364,Lars-Axel Nordell,Kristdemokraterna,Örebro län,Enkammarriksdagen,2006,2010,
9365,Leif Jakobsson,Socialdemokraterna,Malmö kommun,Enkammarriksdagen,2006,2010,
9366,Leif Pagrotsky,Socialdemokraterna,Göteborgs kommun,Enkammarriksdagen,2006,2010,
9367,Leif Pettersson,Socialdemokraterna,Norrbottens län,Enkammarriksdagen,2006,2010,
9368,Lena Adelsohn Liljeroth(ersatt av Mahmood Fahmi),Moderata samlingspartiet,Stockholms kommun,Enkammarriksdagen,2006,2010,
9369,Lena Asplund,Moderata samlingspartiet,Västernorrlands län,Enkammarriksdagen,2006,2010,
9370,Lena Hallengren,Socialdemokraterna,Kalmar län,Enkammarriksdagen,2006,2010,
9371,Lena Olsson,Vänsterpartiet,Dalarnas län,Enkammarriksdagen,2006,2010,
9372,Lennart Axelsson,Socialdemokraterna,Örebro län,Enkammarriksdagen,2006,2010,
9373,Lennart Hedquist,Moderata samlingspartiet,Uppsala län,Enkammarriksdagen,2006,2010,
9374,Lennart Levi,Centerpartiet,Stockholms län,Enkammarriksdagen,2006,2010,
9375,Lennart Pettersson,Centerpartiet,Skåne läns västra,Enkammarriksdagen,2006,2010,
9376,Lennart Sacrédeus,Kristdemokraterna,Dalarnas län,Enkammarriksdagen,2006,2010,
9377,Lisbeth Grönfeldt Bergman,Moderata samlingspartiet,Göteborgs kommun,Enkammarriksdagen,2006,2010,
9378,LiseLotte Olsson,Vänsterpartiet,Västerbottens län,Enkammarriksdagen,2006,2010,
9379,Liselott Hagberg (3:e vice talman),Folkpartiet liberalerna,Södermanlands län,Enkammarriksdagen,2006,2010,
9380,Liza-Maria Norlin,Kristdemokraterna,Västernorrlands län,Enkammarriksdagen,2006,2010,
9381,Louise Malmström,Socialdemokraterna,Östergötlands län,Enkammarriksdagen,2006,2010,
9382,Luciano Astudillo,Socialdemokraterna,Malmö kommun,Enkammarriksdagen,2006,2010,
9383,Magdalena Andersson,Moderata samlingspartiet,Jönköpings län,Enkammarriksdagen,2006,2010,
9384,Magdalena Streijffert,Socialdemokraterna,Hallands län,Enkammarriksdagen,2006,2010,
9385,Margareta Israelsson,Socialdemokraterna,Västmanlands län,Enkammarriksdagen,2006,2010,
9386,Margareta Kjellin,Moderata samlingspartiet,Gävleborgs län,Enkammarriksdagen,2006,2010,
9387,Margareta Persson,Socialdemokraterna,Jönköpings län,Enkammarriksdagen,2006,2010,
9388,Margareta Pålsson,Moderata samlingspartiet,Skåne läns norra och östra,Enkammarriksdagen,2006,2010,
9389,Maria Larsson(ersatt av Irene Oskarsson),Kristdemokraterna,Jönköpings län,Enkammarriksdagen,2006,2010,
9390,Maria Lundqvist-Brömster,Folkpartiet liberalerna,Västerbottens län,Enkammarriksdagen,2006,2010,
9391,Maria Plass,Moderata samlingspartiet,Västra Götalands läns västra,Enkammarriksdagen,2006,2010,
9392,Maria Wetterstrand,Miljöpartiet de Gröna,Stockholms kommun,Enkammarriksdagen,2006,2010,
9393,Maria Öberg,Socialdemokraterna,Norrbottens län,Enkammarriksdagen,2006,2010,
9394,Marianne Berg,Vänsterpartiet,Malmö kommun,Enkammarriksdagen,2006,2010,
9395,Marianne Kierkemann,Moderata samlingspartiet,Hallands län,Enkammarriksdagen,2006,2010,
9396,Marie Engström,Vänsterpartiet,Värmlands län,Enkammarriksdagen,2006,2010,
9397,Marie Granlund,Socialdemokraterna,Malmö kommun,Enkammarriksdagen,2006,2010,
9398,Marie Nordén,Socialdemokraterna,Jämtlands län,Enkammarriksdagen,2006,2010,
9399,Marie Weibull Kornias,Moderata samlingspartiet,Skåne läns västra,Enkammarriksdagen,2006,2010,
9400,Marietta de Pourbaix-Lundin,Moderata samlingspartiet,Stockholms län,Enkammarriksdagen,2006,2010,
9401,Marina Pettersson,Socialdemokraterna,Värmlands län,Enkammarriksdagen,2006,2010,
9402,Maryam Yazdanfar,Socialdemokraterna,Stockholms län,Enkammarriksdagen,2006,2010,
9403,Matilda Ernkrans,Socialdemokraterna,Örebro län,Enkammarriksdagen,2006,2010,
9404,Mats Berglind,Socialdemokraterna,Uppsala län,Enkammarriksdagen,2006,2010,
9405,Mats G. Nilsson,Moderata samlingspartiet,Stockholms kommun,Enkammarriksdagen,2006,2010,
9406,Mats Gerdau,Moderata samlingspartiet,Stockholms län,Enkammarriksdagen,2006,2010,
9407,Mats Johansson,Moderata samlingspartiet,Stockholms kommun,Enkammarriksdagen,2006,2010,
9408,Mats Odell(ersatt av Emma Henriksson),Kristdemokraterna,Stockholms län,Enkammarriksdagen,2006,2010,
9409,Mats Pertoft,Miljöpartiet de Gröna,Stockholms län,Enkammarriksdagen,2006,2010,
9410,Mats Sander,Moderata samlingspartiet,Skåne läns västra,Enkammarriksdagen,2006,2010,
9411,Maud Olofsson(ersatt av Åke Sandström),Centerpartiet,Västerbottens län,Enkammarriksdagen,2006,2010,
9412,Max Andersson,Miljöpartiet de Gröna,Göteborgs kommun,Enkammarriksdagen,2006,2010,
9413,Mehmet Kaplan,Miljöpartiet de Gröna,Stockholms kommun,Enkammarriksdagen,2006,2010,
9414,Michael Anefur,Kristdemokraterna,Skåne läns norra och östra,Enkammarriksdagen,2006,2010,
9415,Michael Hagberg,Socialdemokraterna,Södermanlands län,Enkammarriksdagen,2006,2010,
9416,Mikael Cederbratt,Moderata samlingspartiet,Västra Götalands läns norra,Enkammarriksdagen,2006,2010,
9417,Mikael Damberg,Socialdemokraterna,Stockholms län,Enkammarriksdagen,2006,2010,
9418,Mikael Johansson,Miljöpartiet de Gröna,Örebro län,Enkammarriksdagen,2006,2010,
9419,Mikael Oscarsson,Kristdemokraterna,Uppsala län,Enkammarriksdagen,2006,2010,
9420,Mikael Sandström(ersatt av Malin Löfsjögård),Moderata samlingspartiet,Stockholms län,Enkammarriksdagen,2006,2010,
9421,Mikaela Valtersson,Miljöpartiet de Gröna,Stockholms län,Enkammarriksdagen,2006,2010,
9422,Mona Sahlin,Socialdemokraterna,Stockholms län,Enkammarriksdagen,2006,2010,
9423,Monica Green,Socialdemokraterna,Västra Götalands läns östra,Enkammarriksdagen,2006,2010,
9424,Morgan Johansson,Socialdemokraterna,Skåne läns södra,Enkammarriksdagen,2006,2010,
9425,Nikos Papadopoulos,Socialdemokraterna,Stockholms kommun,Enkammarriksdagen,2006,2010,
9426,Nils Oskar Nilsson,Moderata samlingspartiet,Stockholms län,Enkammarriksdagen,2006,2010,
9427,Nina Larsson,Folkpartiet liberalerna,Värmlands län,Enkammarriksdagen,2006,2010,
9428,Ola Sundell,Moderata samlingspartiet,Jämtlands län,Enkammarriksdagen,2006,2010,
9429,Olle Thorell,Socialdemokraterna,Västmanlands län,Enkammarriksdagen,2006,2010,
9430,Olof Lavesson,Moderata samlingspartiet,Malmö kommun,Enkammarriksdagen,2006,2010,
9431,Otto von Arnold,Kristdemokraterna,Skåne läns södra,Enkammarriksdagen,2006,2010,
9432,Patrik Björck,Socialdemokraterna,Västra Götalands läns östra,Enkammarriksdagen,2006,2010,
9433,Patrik Forslund,Moderata samlingspartiet,Dalarnas län,Enkammarriksdagen,2006,2010,
9434,Per Bill,Moderata samlingspartiet,Uppsala län,Enkammarriksdagen,2006,2010,
9435,Per Bolund,Miljöpartiet de Gröna,Stockholms kommun,Enkammarriksdagen,2006,2010,
9436,Per Lodenius,Centerpartiet,Stockholms län,Enkammarriksdagen,2006,2010,
9437,Per Svedberg,Socialdemokraterna,Gävleborgs län,Enkammarriksdagen,2006,2010,
9438,Per Westerberg (talman)(ersatt av Peder Wachtmeister),Moderata samlingspartiet,Södermanlands län,Enkammarriksdagen,2006,2010,
9439,Per Åsling,Centerpartiet,Jämtlands län,Enkammarriksdagen,2006,2010,
9440,Peter Eriksson,Miljöpartiet de Gröna,Östergötlands län,Enkammarriksdagen,2006,2010,
9441,Peter Hultqvist,Socialdemokraterna,Dalarnas län,Enkammarriksdagen,2006,2010,
9442,Peter Jeppsson,Socialdemokraterna,Blekinge län,Enkammarriksdagen,2006,2010,
9443,Peter Johnsson,Socialdemokraterna,Västra Götalands läns norra,Enkammarriksdagen,2006,2010,
9444,Peter Pedersen,Vänsterpartiet,Örebro län,Enkammarriksdagen,2006,2010,
9445,Peter Rådberg,Miljöpartiet de Gröna,Västra Götalands läns norra,Enkammarriksdagen,2006,2010,
9446,Phia Andersson,Socialdemokraterna,Västra Götalands läns södra,Enkammarriksdagen,2006,2010,
9447,Pia Nilsson,Socialdemokraterna,Västmanlands län,Enkammarriksdagen,2006,2010,
9448,Raimo Pärssinen,Socialdemokraterna,Gävleborgs län,Enkammarriksdagen,2006,2010,
9449,Renée Jeryd,Socialdemokraterna,Västra Götalands läns norra,Enkammarriksdagen,2006,2010,
9450,Reza Khelili Dylami,Moderata samlingspartiet,Stockholms kommun,Enkammarriksdagen,2006,2010,
9451,Roger Tiefensee,Centerpartiet,Södermanlands län,Enkammarriksdagen,2006,2010,
9452,Roland Bäckman,Socialdemokraterna,Gävleborgs län,Enkammarriksdagen,2006,2010,
9453,Rolf Gunnarsson,Moderata samlingspartiet,Dalarnas län,Enkammarriksdagen,2006,2010,
9454,Rolf K. Nilsson,Moderata samlingspartiet,Gotlands län,Enkammarriksdagen,2006,2010,
9455,Ronny Olander,Socialdemokraterna,Skåne läns södra,Enkammarriksdagen,2006,2010,
9456,Rosita Runegrund,Kristdemokraterna,Västra Götalands läns västra,Enkammarriksdagen,2006,2010,
9457,Rossana Dinamarca,Vänsterpartiet,Västra Götalands läns norra,Enkammarriksdagen,2006,2010,
9458,Rune Wikström,Moderata samlingspartiet,Stockholms län,Enkammarriksdagen,2006,2010,
9459,Sinikka Bohlin,Socialdemokraterna,Gävleborgs län,Enkammarriksdagen,2006,2010,
9460,Siv Holma,Vänsterpartiet,Norrbottens län,Enkammarriksdagen,2006,2010,
9461,Siw Wittgren-Ahl,Socialdemokraterna,Göteborgs kommun,Enkammarriksdagen,2006,2010,
9462,Sofia Arkelsten,Moderata samlingspartiet,Stockholms kommun,Enkammarriksdagen,2006,2010,
9463,Sofia Larsen,Centerpartiet,Örebro län,Enkammarriksdagen,2006,2010,
9464,Solveig Hellquist,Folkpartiet liberalerna,Västernorrlands län,Enkammarriksdagen,2006,2010,
9465,Solveig Ternström,oberoende[2],Stockholms kommun,Enkammarriksdagen,2006,2010,
9466,Solveig Zander,Centerpartiet,Uppsala län,Enkammarriksdagen,2006,2010,
9467,Sonia Karlsson,Socialdemokraterna,Östergötlands län,Enkammarriksdagen,2006,2010,
9468,Staffan Anger,Moderata samlingspartiet,Västmanlands län,Enkammarriksdagen,2006,2010,
9469,Staffan Danielsson,Centerpartiet,Östergötlands län,Enkammarriksdagen,2006,2010,
9470,Stefan Attefall,Kristdemokraterna,Jönköpings län,Enkammarriksdagen,2006,2010,
9471,Stefan Tornberg,Centerpartiet,Norrbottens län,Enkammarriksdagen,2006,2010,
9472,Sten Bergheden,Moderata samlingspartiet,Västra Götalands läns östra,Enkammarriksdagen,2006,2010,
9473,Sten Tolgfors(ersatt av Oskar Öholm),Moderata samlingspartiet,Örebro län,Enkammarriksdagen,2006,2010,
9474,Susanne Eberstein,Socialdemokraterna,Västernorrlands län,Enkammarriksdagen,2006,2010,
9475,Sven Bergström,Centerpartiet,Gävleborgs län,Enkammarriksdagen,2006,2010,
9476,Sven Yngve Persson,Moderata samlingspartiet,Skåne läns västra,Enkammarriksdagen,2006,2010,
9477,Sven-Erik Österberg,Socialdemokraterna,Västmanlands län,Enkammarriksdagen,2006,2010,
9478,Sylvia Lindgren,Socialdemokraterna,Dalarnas län,Enkammarriksdagen,2006,2010,
9479,Thomas Bodström,Socialdemokraterna,Örebro län,Enkammarriksdagen,2006,2010,
9480,Thomas Nihlén,Miljöpartiet de Gröna,Västerbottens län,Enkammarriksdagen,2006,2010,
9481,Thomas Strand,Socialdemokraterna,Jönköpings län,Enkammarriksdagen,2006,2010,
9482,Thomas Östros,Socialdemokraterna,Uppsala län,Enkammarriksdagen,2006,2010,
9483,Tina Acketoft,Folkpartiet liberalerna,Skåne läns västra,Enkammarriksdagen,2006,2010,
9484,Tina Ehn,Miljöpartiet de Gröna,Västra Götalands läns västra,Enkammarriksdagen,2006,2010,
9485,Tobias Billström(ersatt av Staffan Appelros),Moderata samlingspartiet,Malmö kommun,Enkammarriksdagen,2006,2010,
9486,Tobias Krantz(ersatt av Emma Löfdahl Landberg),Folkpartiet liberalerna,Jönköpings län,Enkammarriksdagen,2006,2010,
9487,Tomas Eneroth,Socialdemokraterna,Kronobergs län,Enkammarriksdagen,2006,2010,
9488,Tomas Tobé,Moderata samlingspartiet,Gävleborgs län,Enkammarriksdagen,2006,2010,
9489,Tommy Ternemar,Socialdemokraterna,Värmlands län,Enkammarriksdagen,2006,2010,
9490,Tommy Waidelich,Socialdemokraterna,Stockholms län,Enkammarriksdagen,2006,2010,
9491,Tone Tingsgård,Socialdemokraterna,Uppsala län,Enkammarriksdagen,2006,2010,
9492,Torbjörn Björlund,Vänsterpartiet,Östergötlands län,Enkammarriksdagen,2006,2010,
9493,Ulf Berg,Moderata samlingspartiet,Dalarnas län,Enkammarriksdagen,2006,2010,
9494,Ulf Grape,Moderata samlingspartiet,Västerbottens län,Enkammarriksdagen,2006,2010,
9495,Ulf Holm,Miljöpartiet de Gröna,Skåne läns södra,Enkammarriksdagen,2006,2010,
9496,Ulf Nilsson,Folkpartiet liberalerna,Skåne läns södra,Enkammarriksdagen,2006,2010,
9497,Ulla Andersson,Vänsterpartiet,Gävleborgs län,Enkammarriksdagen,2006,2010,
9498,Ulrika Carlsson i Skövde,Centerpartiet,Västra Götalands läns östra,Enkammarriksdagen,2006,2010,
9499,Ulrika Karlsson i Uppsala,Moderata samlingspartiet,Uppsala län,Enkammarriksdagen,2006,2010,
9500,Urban Ahlin,Socialdemokraterna,Västra Götalands läns östra,Enkammarriksdagen,2006,2010,
9501,Veronica Palm,Socialdemokraterna,Stockholms kommun,Enkammarriksdagen,2006,2010,
9502,Walburga Habsburg Douglas,Moderata samlingspartiet,Södermanlands län,Enkammarriksdagen,2006,2010,
9503,Wiwi-Anne Johansson,Vänsterpartiet,Västra Götalands läns västra,Enkammarriksdagen,2006,2010,
9504,Yilmaz Kerimo,Socialdemokraterna,Stockholms län,Enkammarriksdagen,2006,2010,
9505,Ylva Johansson,Socialdemokraterna,Skåne läns norra och östra,Enkammarriksdagen,2006,2010,
9506,Yvonne Andersson,Kristdemokraterna,Östergötlands län,Enkammarriksdagen,2006,2010,
9507,Åsa Lindestam,Socialdemokraterna,Gävleborgs län,Enkammarriksdagen,2006,2010,
9508,Åsa Torstensson(ersatt av Maria Kornevik Jakobsson),Centerpartiet,Västra Götalands läns västra,Enkammarriksdagen,2006,2010,
9509,Abdirizak Waberi,M,Göteborgs kommun,Enkammarriksdagen,2010,2014,
9510,Abir Al-Sahlani,C,Stockholms kommun,Enkammarriksdagen,2010,2014,
9511,Adnan Dibrani,S,Hallands län,Enkammarriksdagen,2010,2014,
9512,Agneta Börjesson,MP,Hallands län,Enkammarriksdagen,2010,2014,
9513,Agneta Gille,S,Uppsala län,Enkammarriksdagen,2010,2014,
9514,Agneta Luttropp,MP,Västmanlands län,Enkammarriksdagen,2010,2014,
9515,Allan Widman,FP,Malmö kommun,Enkammarriksdagen,2010,2014,
9516,Amineh Kakabaveh,V,Stockholms län,Enkammarriksdagen,2010,2014,
9517,Amir Adan,M,Stockholms kommun,Enkammarriksdagen,2010,2014,
9518,Anders Ahlgren,C,Dalarnas län,Enkammarriksdagen,2010,2014,
9519,Anders Andersson,KD,Kalmar län,Enkammarriksdagen,2010,2014,
9520,Anders Flanking(ersatt av Rickard Nordin),C,Göteborgs kommun,Enkammarriksdagen,2010,2014,
9521,Anders Hansson,M,Skåne läns södra,Enkammarriksdagen,2010,2014,
9522,Anders Karlsson,S,Skåne läns västra,Enkammarriksdagen,2010,2014,
9523,Anders Sellström,KD,Västerbottens län,Enkammarriksdagen,2010,2014,
9524,Anders W. Jonsson,C,Gävleborgs län,Enkammarriksdagen,2010,2014,
9525,Anders Ygeman,S,Stockholms kommun,Enkammarriksdagen,2010,2014,
9526,Anders Åkesson,C,Kalmar län,Enkammarriksdagen,2010,2014,
9527,Andreas Norlén,M,Östergötlands län,Enkammarriksdagen,2010,2014,
9528,Anette Åkesson,M,Skåne läns norra och östra,Enkammarriksdagen,2010,2014,
9529,Anita Brodén,FP,Västra Götalands läns norra,Enkammarriksdagen,2010,2014,
9530,Ann Arleklo,S,Skåne läns västra,Enkammarriksdagen,2010,2014,
9531,Ann-Britt Åsebol,M,Dalarnas län,Enkammarriksdagen,2010,2014,
9532,Ann-Charlotte Hammar Johnsson,M,Skåne läns västra,Enkammarriksdagen,2010,2014,
9533,Ann-Christin Ahlberg,S,Västra Götalands läns södra,Enkammarriksdagen,2010,2014,
9534,Ann-Kristine Johansson,S,Värmlands län,Enkammarriksdagen,2010,2014,
9535,Anna Hagwall,SD,Västra Götalands läns norra,Enkammarriksdagen,2010,2014,
9536,Anna Kinberg Batra,M,Stockholms län,Enkammarriksdagen,2010,2014,
9537,Anna Wallén,S,Västmanlands län,Enkammarriksdagen,2010,2014,
9538,Anna-Lena Sörenson,S,Östergötlands län,Enkammarriksdagen,2010,2014,
9539,Anne Marie Brodén,M,Hallands län,Enkammarriksdagen,2010,2014,
9540,Annelie Enochson,KD,Göteborgs kommun,Enkammarriksdagen,2010,2014,
9541,Annelie Karlsson,S,Skåne läns norra och östra,Enkammarriksdagen,2010,2014,
9542,Annicka Engblom,M,Blekinge län,Enkammarriksdagen,2010,2014,
9543,Annie Lööf(ersatt av Göran Lindell),C,Jönköpings län,Enkammarriksdagen,2010,2014,
9544,Annika Eclund,KD,Västra Götalands läns östra,Enkammarriksdagen,2010,2014,
9545,Annika Lillemets,MP,Östergötlands län,Enkammarriksdagen,2010,2014,
9546,Annika Qarlsson,C,Västra Götalands läns norra,Enkammarriksdagen,2010,2014,
9547,Anti Avsan,M,Stockholms län,Enkammarriksdagen,2010,2014,
9548,Ardalan Shekarabi,S,Stockholms län,Enkammarriksdagen,2010,2014,
9549,Arhe Hamednaca,S,Stockholms kommun,Enkammarriksdagen,2010,2014,
9550,Barbro Westerholm,FP,Stockholms kommun,Enkammarriksdagen,2010,2014,
9551,Beatrice Ask(ersatt av Cecilia Brinck),M,Stockholms kommun,Enkammarriksdagen,2010,2014,
9552,Bengt Berg,V,Värmlands län,Enkammarriksdagen,2010,2014,
9553,Bengt-Anders Johansson,M,Jönköpings län,Enkammarriksdagen,2010,2014,
9554,Berit Högman,S,Värmlands län,Enkammarriksdagen,2010,2014,
9555,Betty Malmberg,M,Östergötlands län,Enkammarriksdagen,2010,2014,
9556,Billy Gustafsson,S,Östergötlands län,Enkammarriksdagen,2010,2014,
9557,Birgitta Ohlsson(ersatt av Fredrik Malm),FP,Stockholms kommun,Enkammarriksdagen,2010,2014,
9558,Björn Leivik,M,Västra Götalands läns norra,Enkammarriksdagen,2010,2014,
9559,Björn Söder,SD,Stockholms län,Enkammarriksdagen,2010,2014,
9560,Björn von Sydow,S,Stockholms län,Enkammarriksdagen,2010,2014,
9561,Bo Bernhardsson,S,Skåne läns södra,Enkammarriksdagen,2010,2014,
9562,Bodil Ceballos,MP,Gävleborgs län,Enkammarriksdagen,2010,2014,
9563,Boriana Åberg,M,Skåne läns södra,Enkammarriksdagen,2010,2014,
9564,Börje Vestlund,S,Stockholms kommun,Enkammarriksdagen,2010,2014,
9565,Camilla Waltersson Grönvall,M,Västra Götalands läns norra,Enkammarriksdagen,2010,2014,
9566,Carin Runeson,S,Dalarnas län,Enkammarriksdagen,2010,2014,
9567,Carina Adolfsson Elgestam,S,Kronobergs län,Enkammarriksdagen,2010,2014,
9568,Carina Herrstedt,SD,Södermanlands län,Enkammarriksdagen,2010,2014,
9569,Carina Hägg,S,Jönköpings län,Enkammarriksdagen,2010,2014,
9570,Carina Ohlsson,S,Västra Götalands läns östra,Enkammarriksdagen,2010,2014,
9571,Carl B. Hamilton,FP,Stockholms kommun,Enkammarriksdagen,2010,2014,
9572,Carl-Oskar Bohlin,M,Dalarnas län,Enkammarriksdagen,2010,2014,
9573,Caroline Helmersson Olsson,S,Södermanlands län,Enkammarriksdagen,2010,2014,
9574,Catharina Bråkenhielm,S,Västra Götalands läns västra,Enkammarriksdagen,2010,2014,
9575,Cecilia Dalman Eek,S,Göteborgs kommun,Enkammarriksdagen,2010,2014,
9576,Cecilia Magnusson,M,Göteborgs kommun,Enkammarriksdagen,2010,2014,
9577,Cecilia Widegren,M,Västra Götalands läns östra,Enkammarriksdagen,2010,2014,
9578,Cecilie Tenfjord-Toftby,M,Västra Götalands läns södra,Enkammarriksdagen,2010,2014,
9579,Christer Adelsbo,S,Skåne läns norra och östra,Enkammarriksdagen,2010,2014,
9580,Christer Akej,M,Skåne läns norra och östra,Enkammarriksdagen,2010,2014,
9581,Christer Engelhardt,S,Gotlands län,Enkammarriksdagen,2010,2014,
9582,Christer Nylander,FP,Skåne läns norra och östra,Enkammarriksdagen,2010,2014,
9583,Christer Winbäck,FP,Västra Götalands läns östra,Enkammarriksdagen,2010,2014,
9584,Christian Holm,M,Värmlands län,Enkammarriksdagen,2010,2014,
9585,Christina Höj Larsen,V,Västernorrlands län,Enkammarriksdagen,2010,2014,
9586,Christina Oskarsson,S,Västra Götalands läns norra,Enkammarriksdagen,2010,2014,
9587,Christina Zedell,S,Stockholms län,Enkammarriksdagen,2010,2014,
9588,Clas-Göran Carlsson,S,Kronobergs län,Enkammarriksdagen,2010,2014,
9589,Cristina Husmark Pehrsson,M,Skåne läns västra,Enkammarriksdagen,2010,2014,
9590,David Lång,SD,Stockholms kommun,Enkammarriksdagen,2010,2014,
9591,Désirée Liljevall,S,Kalmar län,Enkammarriksdagen,2010,2014,
9592,Désirée Pethrus,KD,Stockholms län,Enkammarriksdagen,2010,2014,
9593,Edward Riedl,M,Västerbottens län,Enkammarriksdagen,2010,2014,
9594,Elin Lundgren,S,Gävleborgs län,Enkammarriksdagen,2010,2014,
9595,Elisabeth Björnsdotter Rahm,M,Västerbottens län,Enkammarriksdagen,2010,2014,
9596,Elisabeth Svantesson,M,Örebro län,Enkammarriksdagen,2010,2014,
9597,Eliza Roszkowska Öberg,M,Stockholms län,Enkammarriksdagen,2010,2014,
9598,Ellen Juntti,M,Västra Götalands läns västra,Enkammarriksdagen,2010,2014,
9599,Emil Källström,C,Västernorrlands län,Enkammarriksdagen,2010,2014,
9600,Emma Carlsson Löfdahl,FP,Jönköpings län,Enkammarriksdagen,2010,2014,
9601,Emma Henriksson,KD,Stockholms län,Enkammarriksdagen,2010,2014,
9602,Erik A. Eriksson,C,Värmlands län,Enkammarriksdagen,2010,2014,
9603,Erik Ullenhag(ersatt av Anna Steele),FP,Stockholms län,Enkammarriksdagen,2010,2014,
9604,Esabelle Dingizian,MP,Stockholms län,Enkammarriksdagen,2010,2014,
9605,Eskil Erlandsson(ersatt av Karin Nilsson),C,Kronobergs län,Enkammarriksdagen,2010,2014,
9606,Eva Bengtson Skogsberg,M,Kalmar län,Enkammarriksdagen,2010,2014,
9607,Eva Flyborg,FP,Göteborgs kommun,Enkammarriksdagen,2010,2014,
9608,Eva Lohman,M,Västernorrlands län,Enkammarriksdagen,2010,2014,
9609,Eva Olofsson,V,Göteborgs kommun,Enkammarriksdagen,2010,2014,
9610,Eva Sonidsson,S,Västernorrlands län,Enkammarriksdagen,2010,2014,
9611,Eva-Lena Jansson,S,Örebro län,Enkammarriksdagen,2010,2014,
9612,Ewa Björling(ersatt av Edip Noyan),M,Stockholms län,Enkammarriksdagen,2010,2014,
9613,Ewa Thalén Finné,M,Skåne läns södra,Enkammarriksdagen,2010,2014,
9614,Finn Bengtsson,M,Östergötlands län,Enkammarriksdagen,2010,2014,
9615,Fredrick Federley,C,Stockholms kommun,Enkammarriksdagen,2010,2014,
9616,Fredrik Lundh Sammeli,S,Norrbottens län,Enkammarriksdagen,2010,2014,
9617,Fredrik Olovsson,S,Södermanlands län,Enkammarriksdagen,2010,2014,
9618,Fredrik Reinfeldt(ersatt av Margareta Cederfelt),M,Stockholms kommun,Enkammarriksdagen,2010,2014,
9619,Fredrik Schulte,M,Stockholms län,Enkammarriksdagen,2010,2014,
9620,Gunilla Carlsson,S,Göteborgs kommun,Enkammarriksdagen,2010,2014,
9621,Gunilla Nordgren,M,Skåne läns södra,Enkammarriksdagen,2010,2014,
9622,Gunilla Svantorp,S,Värmlands län,Enkammarriksdagen,2010,2014,
9623,Gunnar Axén,M,Östergötlands län,Enkammarriksdagen,2010,2014,
9624,Gunnar Sandberg,S,Jämtlands län,Enkammarriksdagen,2010,2014,
9625,Gunvor G. Ericson,MP,Södermanlands län,Enkammarriksdagen,2010,2014,
9626,Gustaf Hoffstedt,M,Gotlands län,Enkammarriksdagen,2010,2014,
9627,Gustav Blix,M,Stockholms kommun,Enkammarriksdagen,2010,2014,
9628,Gustav Fridolin,MP,Skåne läns norra och östra,Enkammarriksdagen,2010,2014,
9629,Gustav Nilsson,M,Blekinge län,Enkammarriksdagen,2010,2014,
9630,Göran Hägglund(ersatt av Caroline Szyber),KD,Stockholms kommun,Enkammarriksdagen,2010,2014,
9631,Göran Montan,M,Skåne läns norra och östra,Enkammarriksdagen,2010,2014,
9632,Göran Pettersson,M,Stockholms län,Enkammarriksdagen,2010,2014,
9633,Hanif Bali,M,Stockholms län,Enkammarriksdagen,2010,2014,
9634,Hannah Bergstedt,S,Norrbottens län,Enkammarriksdagen,2010,2014,
9635,Hans Backman,FP,Gävleborgs län,Enkammarriksdagen,2010,2014,
9636,Hans Ekström,S,Södermanlands län,Enkammarriksdagen,2010,2014,
9637,Hans Hoff,S,Hallands län,Enkammarriksdagen,2010,2014,
9638,Hans Linde,V,Göteborgs kommun,Enkammarriksdagen,2010,2014,
9639,Hans Olsson,S,Västra Götalands läns södra,Enkammarriksdagen,2010,2014,
9640,Hans Rothenberg,M,Göteborgs kommun,Enkammarriksdagen,2010,2014,
9641,Hans Wallmark,M,Skåne läns norra och östra,Enkammarriksdagen,2010,2014,
9642,Helena Bouveng,M,Jönköpings län,Enkammarriksdagen,2010,2014,
9643,Helena Leander,MP,Uppsala län,Enkammarriksdagen,2010,2014,
9644,Helena Lindahl,C,Västerbottens län,Enkammarriksdagen,2010,2014,
9645,Helene Petersson,S,Jönköpings län,Enkammarriksdagen,2010,2014,
9646,Helén Pettersson,S,Västerbottens län,Enkammarriksdagen,2010,2014,
9647,Henrik von Sydow,M,Hallands län,Enkammarriksdagen,2010,2014,
9648,Hillevi Engström(ersatt av Bino Drummond)[1],M,Stockholms län,Enkammarriksdagen,2010,2014,
9649,Hillevi Larsson,S,Malmö kommun,Enkammarriksdagen,2010,2014,
9650,Håkan Bergman,S,Örebro län,Enkammarriksdagen,2010,2014,
9651,Håkan Juholt,S,Kalmar län,Enkammarriksdagen,2010,2014,
9652,Ibrahim Baylan,S,Västerbottens län,Enkammarriksdagen,2010,2014,
9653,Ingela Nylund Watz,S,Stockholms län,Enkammarriksdagen,2010,2014,
9654,Ingemar Nilsson,S,Västernorrlands län,Enkammarriksdagen,2010,2014,
9655,Isabella Jernbeck,M,Stockholms län,Enkammarriksdagen,2010,2014,
9656,Isak From,S,Västerbottens län,Enkammarriksdagen,2010,2014,
9657,Ismail Kamil,FP,Uppsala län,Enkammarriksdagen,2010,2014,
9658,Jabar Amin,MP,Västerbottens län,Enkammarriksdagen,2010,2014,
9659,Jacob Johnson,V,Uppsala län,Enkammarriksdagen,2010,2014,
9660,Jan Björklund(ersatt av Gunnar Andrén),FP,Stockholms län,Enkammarriksdagen,2010,2014,
9661,Jan Ericson,M,Västra Götalands läns södra,Enkammarriksdagen,2010,2014,
9662,Jan Ertsborn,FP,Hallands län,Enkammarriksdagen,2010,2014,
9663,Jan Lindholm,MP,Dalarnas län,Enkammarriksdagen,2010,2014,
9664,Jan R. Andersson,M,Kalmar län,Enkammarriksdagen,2010,2014,
9665,Jan-Evert Rådhström,M,Värmlands län,Enkammarriksdagen,2010,2014,
9666,Jan-Olof Larsson,S,Västra Götalands läns västra,Enkammarriksdagen,2010,2014,
9667,Jasenko Omanović,S,Västernorrlands län,Enkammarriksdagen,2010,2014,
9668,Jennie Nilsson,S,Hallands län,Enkammarriksdagen,2010,2014,
9669,Jenny Petersson,M,Hallands län,Enkammarriksdagen,2010,2014,
9670,Jens Holm,V,Stockholms kommun,Enkammarriksdagen,2010,2014,
9671,Jessica Polfjärd,M,Västmanlands län,Enkammarriksdagen,2010,2014,
9672,Jessica Rosencrantz,M,Stockholms kommun,Enkammarriksdagen,2010,2014,
9673,Jessika Vilhelmsson,M,Uppsala län,Enkammarriksdagen,2010,2014,
9674,Jimmie Åkesson,SD,Jönköpings län,Enkammarriksdagen,2010,2014,
9675,Johan Andersson,S,Östergötlands län,Enkammarriksdagen,2010,2014,
9676,Johan Forssell,M,Stockholms kommun,Enkammarriksdagen,2010,2014,
9677,Johan Hultberg,M,Kronobergs län,Enkammarriksdagen,2010,2014,
9678,Johan Johansson,M,Norrbottens län,Enkammarriksdagen,2010,2014,
9679,Johan Linander,C,Skåne läns södra,Enkammarriksdagen,2010,2014,
9680,Johan Löfstrand,S,Östergötlands län,Enkammarriksdagen,2010,2014,
9681,Johan Pehrson,FP,Örebro län,Enkammarriksdagen,2010,2014,
9682,Johnny Skalin,SD,Västra Götalands läns västra,Enkammarriksdagen,2010,2014,
9683,Jonas Eriksson,MP,Örebro län,Enkammarriksdagen,2010,2014,
9684,Jonas Gunnarsson,S,Värmlands län,Enkammarriksdagen,2010,2014,
9685,Jonas Jacobsson Gjörtler,M,Skåne läns västra,Enkammarriksdagen,2010,2014,
9686,Jonas Sjöstedt,V,Västerbottens län,Enkammarriksdagen,2010,2014,
9687,Jonas Åkerlund,SD,Blekinge län,Enkammarriksdagen,2010,2014,
9688,Josef Fransson,SD,Malmö kommun,Enkammarriksdagen,2010,2014,
9689,Josefin Brink,V,Stockholms kommun,Enkammarriksdagen,2010,2014,
9690,Julia Kronlid,SD,Skåne läns södra,Enkammarriksdagen,2010,2014,
9691,Jörgen Andersson,M,Kalmar län,Enkammarriksdagen,2010,2014,
9692,Jörgen Hellman,S,Västra Götalands läns norra,Enkammarriksdagen,2010,2014,
9693,Karin Enström(ersatt av Björn Samuelson),M,Stockholms län,Enkammarriksdagen,2010,2014,
9694,Karin Granbom,FP,Östergötlands län,Enkammarriksdagen,2010,2014,
9695,Karin Åström,S,Norrbottens län,Enkammarriksdagen,2010,2014,
9696,Karl Sigfrid,M,Stockholms län,Enkammarriksdagen,2010,2014,
9697,Katarina Brännström,M,Kronobergs län,Enkammarriksdagen,2010,2014,
9698,Katarina Köhler,S,Västerbottens län,Enkammarriksdagen,2010,2014,
9699,Kenneth G. Forslund,S,Västra Götalands läns västra,Enkammarriksdagen,2010,2014,
9700,Kent Ekeroth,SD,Stockholms län,Enkammarriksdagen,2010,2014,
9701,Kent Härstedt,S,Skåne läns västra,Enkammarriksdagen,2010,2014,
9702,Kent Persson,V,Västmanlands län,Enkammarriksdagen,2010,2014,
9703,Kerstin Engle,S,Skåne läns norra och östra,Enkammarriksdagen,2010,2014,
9704,Kerstin Haglö,S,Blekinge län,Enkammarriksdagen,2010,2014,
9705,Kerstin Lundgren,C,Stockholms län,Enkammarriksdagen,2010,2014,
9706,Kerstin Nilsson,S,Skåne läns södra,Enkammarriksdagen,2010,2014,
9707,Kew Nordqvist,MP,Jönköpings län,Enkammarriksdagen,2010,2014,
9708,Krister Hammarbergh,M,Norrbottens län,Enkammarriksdagen,2010,2014,
9709,Krister Örnfjäder,S,Kalmar län,Enkammarriksdagen,2010,2014,
9710,Kristina Nilsson,S,Västernorrlands län,Enkammarriksdagen,2010,2014,
9711,Kurt Kvarnström,S,Dalarnas län,Enkammarriksdagen,2010,2014,
9712,Lars Beckman,M,Gävleborgs län,Enkammarriksdagen,2010,2014,
9713,Lars Elinderson,M,Västra Götalands läns östra,Enkammarriksdagen,2010,2014,
9714,Lars Eriksson,S,Västmanlands län,Enkammarriksdagen,2010,2014,
9715,Lars Gustafsson,KD,Hallands län,Enkammarriksdagen,2010,2014,
9716,Lars Hjälmered(ersatt av Pontus Haag),M,Göteborgs kommun,Enkammarriksdagen,2010,2014,
9717,Lars Johansson,S,Göteborgs kommun,Enkammarriksdagen,2010,2014,
9718,Lars Mejern Larsson,S,Värmlands län,Enkammarriksdagen,2010,2014,
9719,Lars Ohly,V,Stockholms län,Enkammarriksdagen,2010,2014,
9720,Lars Tysklind,FP,Västra Götalands läns västra,Enkammarriksdagen,2010,2014,
9721,Lars-Arne Staxäng,M,Västra Götalands läns västra,Enkammarriksdagen,2010,2014,
9722,Lars-Axel Nordell,KD,Örebro län,Enkammarriksdagen,2010,2014,
9723,Leif Jakobsson,S,Malmö kommun,Enkammarriksdagen,2010,2014,
9724,Leif Pettersson,S,Norrbottens län,Enkammarriksdagen,2010,2014,
9725,Lena Adelsohn Liljeroth(ersatt av Anton Abele),M,Stockholms kommun,Enkammarriksdagen,2010,2014,
9726,Lena Asplund,M,Västernorrlands län,Enkammarriksdagen,2010,2014,
9727,Lena Hallengren,S,Kalmar län,Enkammarriksdagen,2010,2014,
9728,Lena Olsson,V,Dalarnas län,Enkammarriksdagen,2010,2014,
9729,Lena Sommestad,S,Uppsala län,Enkammarriksdagen,2010,2014,
9730,Lennart Axelsson,S,Örebro län,Enkammarriksdagen,2010,2014,
9731,Linda Wemmert,M,Skåne läns södra,Enkammarriksdagen,2010,2014,
9732,Lise Nordin,MP,Göteborgs kommun,Enkammarriksdagen,2010,2014,
9733,Lotta Finstorp,M,Södermanlands län,Enkammarriksdagen,2010,2014,
9734,Lotta Olsson,M,Örebro län,Enkammarriksdagen,2010,2014,
9735,Louise Malmström,S,Östergötlands län,Enkammarriksdagen,2010,2014,
9736,Magnus Ehrencrona,MP,Skåne läns västra,Enkammarriksdagen,2010,2014,
9737,Magnus Sjödahl,KD,Skåne läns södra,Enkammarriksdagen,2010,2014,
9738,Margareta B. Kjellin,M,Gävleborgs län,Enkammarriksdagen,2010,2014,
9739,Margareta Larsson,SD,Västmanlands län,Enkammarriksdagen,2010,2014,
9740,Maria Abrahamsson,M,Stockholms kommun,Enkammarriksdagen,2010,2014,
9741,Maria Ferm,MP,Malmö kommun,Enkammarriksdagen,2010,2014,
9742,Maria Larsson(ersatt av Irene Oskarsson),KD,Jönköpings län,Enkammarriksdagen,2010,2014,
9743,Maria Lundqvist-Brömster,FP,Västerbottens län,Enkammarriksdagen,2010,2014,
9744,Maria Plass,M,Västra Götalands läns västra,Enkammarriksdagen,2010,2014,
9745,Maria Stenberg,S,Norrbottens län,Enkammarriksdagen,2010,2014,
9746,Marianne Berg,V,Malmö kommun,Enkammarriksdagen,2010,2014,
9747,Marie Granlund,S,Malmö kommun,Enkammarriksdagen,2010,2014,
9748,Marie Nordén,S,Jämtlands län,Enkammarriksdagen,2010,2014,
9749,Marietta de Pourbaix-Lundin,M,Stockholms län,Enkammarriksdagen,2010,2014,
9750,Markus Wiechel,SD,Uppsala län,Enkammarriksdagen,2010,2014,
9751,Marta Obminska,M,Uppsala län,Enkammarriksdagen,2010,2014,
9752,Matilda Ernkrans,S,Örebro län,Enkammarriksdagen,2010,2014,
9753,Mats Johansson,M,Stockholms kommun,Enkammarriksdagen,2010,2014,
9754,Mats Odell,KD,Stockholms län,Enkammarriksdagen,2010,2014,
9755,Mats Pertoft,MP,Stockholms län,Enkammarriksdagen,2010,2014,
9756,Mattias Jonsson,S,Göteborgs kommun,Enkammarriksdagen,2010,2014,
9757,Mattias Karlsson,SD,Skåne läns norra och östra,Enkammarriksdagen,2010,2014,
9758,Meeri Wasberg,S,Stockholms län,Enkammarriksdagen,2010,2014,
9759,Mehmet Kaplan,MP,Stockholms kommun,Enkammarriksdagen,2010,2014,
9760,Metin Ataseven,M,Stockholms län,Enkammarriksdagen,2010,2014,
9761,Mia Sydow Mölleby,V,Örebro län,Enkammarriksdagen,2010,2014,
9762,Michael Svensson,M,Hallands län,Enkammarriksdagen,2010,2014,
9763,Mikael Cederbratt,M,Västra Götalands läns norra,Enkammarriksdagen,2010,2014,
9764,Mikael Damberg,S,Stockholms län,Enkammarriksdagen,2010,2014,
9765,Mikael Jansson,SD,Hallands län,Enkammarriksdagen,2010,2014,
9766,Mikael Oscarsson,KD,Uppsala län,Enkammarriksdagen,2010,2014,
9767,Mikael Sandström(ersatt av Sedat Dogru),M,Stockholms län,Enkammarriksdagen,2010,2014,
9768,Monica Green,S,Västra Götalands läns östra,Enkammarriksdagen,2010,2014,
9769,Morgan Johansson,S,Skåne läns södra,Enkammarriksdagen,2010,2014,
9770,Nina Larsson,FP,Värmlands län,Enkammarriksdagen,2010,2014,
9771,Nina Lundström,FP,Stockholms län,Enkammarriksdagen,2010,2014,
9772,Ola Johansson,C,Hallands län,Enkammarriksdagen,2010,2014,
9773,Olle Thorell,S,Västmanlands län,Enkammarriksdagen,2010,2014,
9774,Olof Lavesson,M,Malmö kommun,Enkammarriksdagen,2010,2014,
9775,Oskar Öholm,M,Örebro län,Enkammarriksdagen,2010,2014,
9776,Patrick Reslow,M,Malmö kommun,Enkammarriksdagen,2010,2014,
9777,Patrik Björck,S,Västra Götalands läns östra,Enkammarriksdagen,2010,2014,
9778,Penilla Gunther,KD,Västra Götalands läns norra,Enkammarriksdagen,2010,2014,
9779,Per Bill,M,Uppsala län,Enkammarriksdagen,2010,2014,
9780,Per Bolund,MP,Stockholms kommun,Enkammarriksdagen,2010,2014,
9781,Per Lodenius,C,Stockholms län,Enkammarriksdagen,2010,2014,
9782,Per Ramhorn,SD,Örebro län,Enkammarriksdagen,2010,2014,
9783,Per Svedberg,S,Gävleborgs län,Enkammarriksdagen,2010,2014,
9784,Per Westerberg(ersatt av Peder Wachtmeister och Erik Bengtzboe[2]),M,Södermanlands län,Enkammarriksdagen,2010,2014,
9785,Per Åsling,C,Jämtlands län,Enkammarriksdagen,2010,2014,
9786,Per-Ingvar Johnsson,C,Skåne läns norra och östra,Enkammarriksdagen,2010,2014,
9787,Peter Eriksson,MP,Stockholms län,Enkammarriksdagen,2010,2014,
9788,Peter Hultqvist,S,Dalarnas län,Enkammarriksdagen,2010,2014,
9789,Peter Jeppsson,S,Blekinge län,Enkammarriksdagen,2010,2014,
9790,Peter Johnsson,S,Västra Götalands läns norra,Enkammarriksdagen,2010,2014,
9791,Peter Jutterström,M,Jönköpings län,Enkammarriksdagen,2010,2014,
9792,Peter Persson,S,Jönköpings län,Enkammarriksdagen,2010,2014,
9793,Peter Rådberg,MP,Västra Götalands läns norra,Enkammarriksdagen,2010,2014,
9794,Phia Andersson,S,Västra Götalands läns södra,Enkammarriksdagen,2010,2014,
9795,Pia Hallström,M,Värmlands län,Enkammarriksdagen,2010,2014,
9796,Pia Nilsson,S,Västmanlands län,Enkammarriksdagen,2010,2014,
9797,Pyry Niemi,S,Uppsala län,Enkammarriksdagen,2010,2014,
9798,Raimo Pärssinen,S,Gävleborgs län,Enkammarriksdagen,2010,2014,
9799,Richard Jomshof,SD,Gävleborgs län,Enkammarriksdagen,2010,2014,
9800,Robert Halef,KD,Stockholms kommun,Enkammarriksdagen,2010,2014,
9801,Roger Haddad,FP,Västmanlands län,Enkammarriksdagen,2010,2014,
9802,Roger Tiefensee,C,Södermanlands län,Enkammarriksdagen,2010,2014,
9803,Roland Utbult,KD,Västra Götalands läns västra,Enkammarriksdagen,2010,2014,
9804,Rossana Dinamarca,V,Västra Götalands läns norra,Enkammarriksdagen,2010,2014,
9805,Roza Güclü Hedin,S,Dalarnas län,Enkammarriksdagen,2010,2014,
9806,Rune Wikström,M,Stockholms län,Enkammarriksdagen,2010,2014,
9807,Saila Quicklund,M,Jämtlands län,Enkammarriksdagen,2010,2014,
9808,Sara Karlsson,S,Södermanlands län,Enkammarriksdagen,2010,2014,
9809,Shadiye Heydari,S,Göteborgs kommun,Enkammarriksdagen,2010,2014,
9810,Siv Holma,V,Norrbottens län,Enkammarriksdagen,2010,2014,
9811,Sofia Arkelsten,M,Stockholms kommun,Enkammarriksdagen,2010,2014,
9812,Solveig Zander,C,Uppsala län,Enkammarriksdagen,2010,2014,
9813,Staffan Anger,M,Västmanlands län,Enkammarriksdagen,2010,2014,
9814,Staffan Danielsson,C,Östergötlands län,Enkammarriksdagen,2010,2014,
9815,Stefan Attefall(ersatt av Andreas Carlson),KD,Jönköpings län,Enkammarriksdagen,2010,2014,
9816,Stefan Caplan,M,Västra Götalands läns västra,Enkammarriksdagen,2010,2014,
9817,Stefan Käll,FP,Södermanlands län,Enkammarriksdagen,2010,2014,
9818,Stellan Bojerud,SD,Dalarnas län,Enkammarriksdagen,2010,2014,
9819,Sten Bergheden,M,Västra Götalands läns östra,Enkammarriksdagen,2010,2014,
9820,Stina Bergström,MP,Värmlands län,Enkammarriksdagen,2010,2014,
9821,Susanna Haby,M,Göteborgs kommun,Enkammarriksdagen,2010,2014,
9822,Susanne Eberstein,S,Västernorrlands län,Enkammarriksdagen,2010,2014,
9823,Suzanne Svensson,S,Blekinge län,Enkammarriksdagen,2010,2014,
9824,Sven-Erik Bucht,S,Norrbottens län,Enkammarriksdagen,2010,2014,
9825,Sven-Olof Sällström,SD,Göteborgs kommun,Enkammarriksdagen,2010,2014,
9826,Teres Lindberg,S,Stockholms kommun,Enkammarriksdagen,2010,2014,
9827,Thomas Finnborg,M,Skåne läns västra,Enkammarriksdagen,2010,2014,
9828,Thomas Strand,S,Jönköpings län,Enkammarriksdagen,2010,2014,
9829,Thoralf Alfsson,SD,Östergötlands län,Enkammarriksdagen,2010,2014,
9830,Tina Acketoft,FP,Skåne läns västra,Enkammarriksdagen,2010,2014,
9831,Tina Ehn,MP,Västra Götalands läns västra,Enkammarriksdagen,2010,2014,
9832,Tobias Billström(ersatt av Kajsa Lunderquist),M,Malmö kommun,Enkammarriksdagen,2010,2014,
9833,Tomas Eneroth,S,Kronobergs län,Enkammarriksdagen,2010,2014,
9834,Tomas Tobé,M,Gävleborgs län,Enkammarriksdagen,2010,2014,
9835,Tommy Waidelich,S,Stockholms län,Enkammarriksdagen,2010,2014,
9836,Tony Wiklander,SD,Skåne läns västra,Enkammarriksdagen,2010,2014,
9837,Torbjörn Björlund,V,Östergötlands län,Enkammarriksdagen,2010,2014,
9838,Tuve Skånberg,KD,Skåne läns norra och östra,Enkammarriksdagen,2010,2014,
9839,Ulf Berg,M,Dalarnas län,Enkammarriksdagen,2010,2014,
9840,Ulf Holm,MP,Skåne läns södra,Enkammarriksdagen,2010,2014,
9841,Ulf Nilsson,FP,Skåne läns södra,Enkammarriksdagen,2010,2014,
9842,Ulla Andersson,V,Gävleborgs län,Enkammarriksdagen,2010,2014,
9843,Ulrik Nilsson,M,Västra Götalands läns södra,Enkammarriksdagen,2010,2014,
9844,Ulrika Carlsson,C,Västra Götalands läns östra,Enkammarriksdagen,2010,2014,
9845,Ulrika Karlsson,M,Uppsala län,Enkammarriksdagen,2010,2014,
9846,Urban Ahlin,S,Västra Götalands läns östra,Enkammarriksdagen,2010,2014,
9847,Valter Mutt,MP,Göteborgs kommun,Enkammarriksdagen,2010,2014,
9848,Veronica Palm,S,Stockholms kommun,Enkammarriksdagen,2010,2014,
9849,Walburga Habsburg Douglas,M,Södermanlands län,Enkammarriksdagen,2010,2014,
9850,Wiwi-Anne Johansson,V,Västra Götalands läns västra,Enkammarriksdagen,2010,2014,
9851,Yilmaz Kerimo,S,Stockholms län,Enkammarriksdagen,2010,2014,
9852,Ylva Johansson,S,Stockholms kommun,Enkammarriksdagen,2010,2014,
9853,Yvonne Andersson,KD,Östergötlands län,Enkammarriksdagen,2010,2014,
9854,Åsa Coenraads,M,Västmanlands län,Enkammarriksdagen,2010,2014,
9855,Åsa Lindestam,S,Gävleborgs län,Enkammarriksdagen,2010,2014,
9856,Åsa Romson,MP,Stockholms kommun,Enkammarriksdagen,2010,2014,
9857,Åsa Torstensson,C,Västra Götalands läns västra,Enkammarriksdagen,2010,2014,
9858,Adam Marttinen,Sverigedemokraterna,Stockholms kommun,Enkammarriksdagen,2014,2018,
9859,Adnan Dibrani[n 1],Socialdemokraterna,Hallands län,Enkammarriksdagen,2014,2018,
9860,Agneta Börjesson,Miljöpartiet,Hallands län,Enkammarriksdagen,2014,2018,
9861,Agneta Gille,Socialdemokraterna,Uppsala län,Enkammarriksdagen,2014,2018,
9862,Alexandra Völker,Socialdemokraterna,Stockholms län,Enkammarriksdagen,2014,2018,
9863,Ali Esbati,Vänsterpartiet,Stockholms län,Enkammarriksdagen,2014,2018,
9864,Allan Widman[n 1],Liberalerna,Malmö kommun,Enkammarriksdagen,2014,2018,
9865,Amineh Kakabaveh,Vänsterpartiet,Stockholms kommun,Enkammarriksdagen,2014,2018,
9866,Amir Adan,Moderaterna,Stockholms kommun,Enkammarriksdagen,2014,2018,
9867,Anders Ahlgren[n 1],Centerpartiet,Dalarnas län,Enkammarriksdagen,2014,2018,
9868,Anders Forsberg,Sverigedemokraterna,Malmö kommun,Enkammarriksdagen,2014,2018,
9869,Anders Hansson,Moderaterna,Skåne läns södra,Enkammarriksdagen,2014,2018,
9870,Anders Schröder,Miljöpartiet,Gävleborgs län,Enkammarriksdagen,2014,2018,
9871,Anders W. Jonsson[n 1],Centerpartiet,Gävleborgs län,Enkammarriksdagen,2014,2018,
9872,Anders Ygeman,Socialdemokraterna,Stockholms kommun,Enkammarriksdagen,2014,2018,
9873,Anders Åkesson[n 1],Centerpartiet,Kalmar län,Enkammarriksdagen,2014,2018,
9874,Andreas Carlson[n 1],Kristdemokraterna,Jönköpings län,Enkammarriksdagen,2014,2018,
9875,Andreas Norlén,Moderaterna,Östergötlands län,Enkammarriksdagen,2014,2018,
9876,Anette Åkesson,Moderaterna,Skåne läns norra och östra,Enkammarriksdagen,2014,2018,
9877,Angelika Bengtsson,Sverigedemokraterna,Stockholms kommun,Enkammarriksdagen,2014,2018,
9878,Ann-Charlotte Hammar Johnsson,Moderaterna,Skåne läns västra,Enkammarriksdagen,2014,2018,
9879,Ann-Christin Ahlberg,Socialdemokraterna,Västra Götalands läns södra,Enkammarriksdagen,2014,2018,
9880,Anna Hagwall[n 10],Sverigedemokraterna,Västerbottens län,Enkammarriksdagen,2014,2018,
9881,Anna Johansson[n 1],Socialdemokraterna,Göteborgs kommun,Enkammarriksdagen,2014,2018,
9882,Anna Kinberg Batra,Moderaterna,Stockholms län,Enkammarriksdagen,2014,2018,
9883,Anna Wallentheim,Socialdemokraterna,Skåne läns norra och östra,Enkammarriksdagen,2014,2018,
9884,Anna Wallén,Socialdemokraterna,Västmanlands län,Enkammarriksdagen,2014,2018,
9885,Anna-Caren Sätherberg[n 1],Socialdemokraterna,Jämtlands län,Enkammarriksdagen,2014,2018,
9886,Anna-Lena Sörenson,Socialdemokraterna,Östergötlands län,Enkammarriksdagen,2014,2018,
9887,Annelie Karlsson,Socialdemokraterna,Skåne läns norra och östra,Enkammarriksdagen,2014,2018,
9888,Annicka Engblom[n 1],Moderaterna,Blekinge län,Enkammarriksdagen,2014,2018,
9889,Annie Lööf[n 1],Centerpartiet,Jönköpings län,Enkammarriksdagen,2014,2018,
9890,Annika Eclund[n 1],Kristdemokraterna,Västra Götalands läns östra,Enkammarriksdagen,2014,2018,
9891,Annika Hirvonen Falk[n 8],Miljöpartiet,Stockholms län,Enkammarriksdagen,2014,2018,
9892,Annika Lillemets,Miljöpartiet,Östergötlands län,Enkammarriksdagen,2014,2018,
9893,Annika Qarlsson[n 1],Centerpartiet,Västra Götalands läns norra,Enkammarriksdagen,2014,2018,
9894,Anti Avsan,Moderaterna,Stockholms län,Enkammarriksdagen,2014,2018,
9895,Ardalan Shekarabi,Socialdemokraterna,Uppsala län,Enkammarriksdagen,2014,2018,
9896,Arhe Hamednaca,Socialdemokraterna,Stockholms kommun,Enkammarriksdagen,2014,2018,
9897,Aron Emilsson,Sverigedemokraterna,Skåne läns västra,Enkammarriksdagen,2014,2018,
9898,Aron Modig,Kristdemokraterna,Göteborgs kommun,Enkammarriksdagen,2014,2018,
9899,Barbro Westerholm,Liberalerna,Stockholms län,Enkammarriksdagen,2014,2018,
9900,Beatrice Ask,Moderaterna,Stockholms kommun,Enkammarriksdagen,2014,2018,
9901,Bengt Eliasson,Liberalerna,Hallands län,Enkammarriksdagen,2014,2018,
9902,Berit Högman,Socialdemokraterna,Värmlands län,Enkammarriksdagen,2014,2018,
9903,Betty Malmberg,Moderaterna,Östergötlands län,Enkammarriksdagen,2014,2018,
9904,Birger Lahti,Vänsterpartiet,Norrbottens län,Enkammarriksdagen,2014,2018,
9905,Birgitta Ohlsson[n 1],Liberalerna,Stockholms kommun,Enkammarriksdagen,2014,2018,
9906,Björn Söder[n 11],Sverigedemokraterna,Stockholms län,Enkammarriksdagen,2014,2018,
9907,Björn Wiechel,Socialdemokraterna,Västerbottens län,Enkammarriksdagen,2014,2018,
9908,Björn von Sydow,Socialdemokraterna,Stockholms län,Enkammarriksdagen,2014,2018,
9909,Boriana Åberg,Moderaterna,Skåne läns södra,Enkammarriksdagen,2014,2018,
9910,Camilla Waltersson Grönvall,Moderaterna,Västra Götalands läns norra,Enkammarriksdagen,2014,2018,
9911,Carin Jämtin,Socialdemokraterna,Stockholms kommun,Enkammarriksdagen,2014,2018,
9912,Carina Ohlsson,Socialdemokraterna,Västra Götalands läns östra,Enkammarriksdagen,2014,2018,
9913,Carina Ståhl Herrstedt[n 12],Sverigedemokraterna,Stockholms län,Enkammarriksdagen,2014,2018,
9914,Carl Schlyter,Miljöpartiet,Stockholms län,Enkammarriksdagen,2014,2018,
9915,Carl-Oskar Bohlin[n 1],Moderaterna,Dalarnas län,Enkammarriksdagen,2014,2018,
9916,Caroline Helmersson Olsson,Socialdemokraterna,Södermanlands län,Enkammarriksdagen,2014,2018,
9917,Caroline Szyber,Kristdemokraterna,Stockholms kommun,Enkammarriksdagen,2014,2018,
9918,Catharina Bråkenhielm,Socialdemokraterna,Västra Götalands läns västra,Enkammarriksdagen,2014,2018,
9919,Catharina Elmsäter-Svärd,Moderaterna,Stockholms län,Enkammarriksdagen,2014,2018,
9920,Cecilia Magnusson,Moderaterna,Göteborgs kommun,Enkammarriksdagen,2014,2018,
9921,Cecilia Widegren[n 1],Moderaterna,Västra Götalands läns östra,Enkammarriksdagen,2014,2018,
9922,Cecilie Tenfjord-Toftby[n 1],Moderaterna,Västra Götalands läns södra,Enkammarriksdagen,2014,2018,
9923,Christer Engelhardt[n 1],Socialdemokraterna,Gotlands län,Enkammarriksdagen,2014,2018,
9924,Christer Nylander[n 1],Liberalerna,Skåne läns norra och östra,Enkammarriksdagen,2014,2018,
9925,Christian Holm Barenfeld[n 1] [n 2],Moderaterna,Värmlands län,Enkammarriksdagen,2014,2018,
9926,Christina Höj Larsen,Vänsterpartiet,Västernorrlands län,Enkammarriksdagen,2014,2018,
9927,Christina Östberg[n 13],Sverigedemokraterna,Kalmar län,Enkammarriksdagen,2014,2018,
9928,Christoffer Dulny,Sverigedemokraterna,Västra Götalands läns östra,Enkammarriksdagen,2014,2018,
9929,Daniel Bäckström[n 1],Centerpartiet,Värmlands län,Enkammarriksdagen,2014,2018,
9930,Daniel Riazat[n 1],Vänsterpartiet,Dalarnas län,Enkammarriksdagen,2014,2018,
9931,Daniel Sestrajcic[n 1],Vänsterpartiet,Malmö kommun,Enkammarriksdagen,2014,2018,
9932,David Lång,Sverigedemokraterna,Örebro län,Enkammarriksdagen,2014,2018,
9933,Dennis Dioukarev,Sverigedemokraterna,Jönköpings län,Enkammarriksdagen,2014,2018,
9934,Désirée Pethrus,Kristdemokraterna,Stockholms kommun,Enkammarriksdagen,2014,2018,
9935,Edward Riedl[n 1],Moderaterna,Västerbottens län,Enkammarriksdagen,2014,2018,
9936,Elin Lundgren,Socialdemokraterna,Gävleborgs län,Enkammarriksdagen,2014,2018,
9937,Elisabeth Svantesson[n 1],Moderaterna,Örebro län,Enkammarriksdagen,2014,2018,
9938,Ellen Juntti,Moderaterna,Västra Götalands läns västra,Enkammarriksdagen,2014,2018,
9939,Emanuel Öz,Socialdemokraterna,Stockholms kommun,Enkammarriksdagen,2014,2018,
9940,Emil Källström[n 1],Centerpartiet,Västernorrlands län,Enkammarriksdagen,2014,2018,
9941,Emilia Töyrä,Socialdemokraterna,Norrbottens län,Enkammarriksdagen,2014,2018,
9942,Emma Carlsson Löfdahl[n 1],Liberalerna,Jönköpings län,Enkammarriksdagen,2014,2018,
9943,Emma Henriksson,Kristdemokraterna,Stockholms län,Enkammarriksdagen,2014,2018,
9944,Emma Hult[n 1],Miljöpartiet,Jönköpings län,Enkammarriksdagen,2014,2018,
9945,Emma Nohrén[n 1],Miljöpartiet,Västra Götalands läns västra,Enkammarriksdagen,2014,2018,
9946,Emma Wallrup[n 1],Vänsterpartiet,Uppsala län,Enkammarriksdagen,2014,2018,
9947,Erik Andersson,Moderaterna,Stockholms län,Enkammarriksdagen,2014,2018,
9948,Erik Ullenhag,Liberalerna,Stockholms kommun,Enkammarriksdagen,2014,2018,
9949,Esabelle Dingizian[n 9],Miljöpartiet,Stockholms län,Enkammarriksdagen,2014,2018,
9950,Eskil Erlandsson[n 1],Centerpartiet,Kronobergs län,Enkammarriksdagen,2014,2018,
9951,Eva Lohman,Moderaterna,Västernorrlands län,Enkammarriksdagen,2014,2018,
9952,Eva Sonidsson,Socialdemokraterna,Västernorrlands län,Enkammarriksdagen,2014,2018,
9953,Eva-Lena Jansson,Socialdemokraterna,Örebro län,Enkammarriksdagen,2014,2018,
9954,Ewa Björling,Moderaterna,Stockholms län,Enkammarriksdagen,2014,2018,
9955,Ewa Thalén Finné[n 3],Moderaterna,Skåne läns södra,Enkammarriksdagen,2014,2018,
9956,Finn Bengtsson,Moderaterna,Östergötlands län,Enkammarriksdagen,2014,2018,
9957,Fredrik Christensson[n 1],Centerpartiet,Västra Götalands läns västra,Enkammarriksdagen,2014,2018,
9958,Fredrik Lundh Sammeli,Socialdemokraterna,Norrbottens län,Enkammarriksdagen,2014,2018,
9959,Fredrik Malm,Liberalerna,Stockholms kommun,Enkammarriksdagen,2014,2018,
9960,Fredrik Olovsson,Socialdemokraterna,Södermanlands län,Enkammarriksdagen,2014,2018,
9961,Fredrik Reinfeldt[n 1],Moderaterna,Stockholms kommun,Enkammarriksdagen,2014,2018,
9962,Gunilla Carlsson,Socialdemokraterna,Göteborgs kommun,Enkammarriksdagen,2014,2018,
9963,Gunilla Nordgren,Moderaterna,Skåne läns södra,Enkammarriksdagen,2014,2018,
9964,Gunilla Svantorp,Socialdemokraterna,Värmlands län,Enkammarriksdagen,2014,2018,
9965,Gustaf Hoffstedt[n 1],Moderaterna,Gotlands län,Enkammarriksdagen,2014,2018,
9966,Gustav Fridolin[n 1],Miljöpartiet,Skåne läns norra och östra,Enkammarriksdagen,2014,2018,
9967,Göran Hägglund[n 1],Kristdemokraterna,Hallands län,Enkammarriksdagen,2014,2018,
9968,Göran Pettersson,Moderaterna,Stockholms län,Enkammarriksdagen,2014,2018,
9969,Hanif Bali,Moderaterna,Stockholms län,Enkammarriksdagen,2014,2018,
9970,Hanna Wigh[n 14],Sverigedemokraterna,Norrbottens län,Enkammarriksdagen,2014,2018,
9971,Hannah Bergstedt,Socialdemokraterna,Norrbottens län,Enkammarriksdagen,2014,2018,
9972,Hans Ekström,Socialdemokraterna,Södermanlands län,Enkammarriksdagen,2014,2018,
9973,Hans Hoff,Socialdemokraterna,Hallands län,Enkammarriksdagen,2014,2018,
9974,Hans Linde[n 1],Vänsterpartiet,Göteborgs kommun,Enkammarriksdagen,2014,2018,
9975,Hans Rothenberg,Moderaterna,Göteborgs kommun,Enkammarriksdagen,2014,2018,
9976,Hans Unander,Socialdemokraterna,Dalarnas län,Enkammarriksdagen,2014,2018,
9977,Hans Wallmark,Moderaterna,Skåne läns norra och östra,Enkammarriksdagen,2014,2018,
9978,Helena Bouveng[n 1],Moderaterna,Jönköpings län,Enkammarriksdagen,2014,2018,
9979,Helena Lindahl[n 1],Centerpartiet,Västerbottens län,Enkammarriksdagen,2014,2018,
9980,Helene Petersson,Socialdemokraterna,Jönköpings län,Enkammarriksdagen,2014,2018,
9981,Helén Pettersson,Socialdemokraterna,Västerbottens län,Enkammarriksdagen,2014,2018,
9982,Hillevi Engström,Moderaterna,Stockholms län,Enkammarriksdagen,2014,2018,
9983,Hillevi Larsson,Socialdemokraterna,Malmö kommun,Enkammarriksdagen,2014,2018,
9984,Håkan Bergman,Socialdemokraterna,Örebro län,Enkammarriksdagen,2014,2018,
9985,Håkan Juholt[n 1],Socialdemokraterna,Kalmar län,Enkammarriksdagen,2014,2018,
9986,Håkan Svenneling[n 1],Vänsterpartiet,Värmlands län,Enkammarriksdagen,2014,2018,
9987,Ibrahim Baylan,Socialdemokraterna,Stockholms län,Enkammarriksdagen,2014,2018,
9988,Ida Drougge,Moderaterna,Stockholms län,Enkammarriksdagen,2014,2018,
9989,Ingela Nylund Watz,Socialdemokraterna,Stockholms län,Enkammarriksdagen,2014,2018,
9990,Ingemar Nilsson,Socialdemokraterna,Västernorrlands län,Enkammarriksdagen,2014,2018,
9991,Isak From,Socialdemokraterna,Västerbottens län,Enkammarriksdagen,2014,2018,
9992,Jabar Amin[n 1],Miljöpartiet,Västerbottens län,Enkammarriksdagen,2014,2018,
9993,Jakob Forssmed,Kristdemokraterna,Stockholms län,Enkammarriksdagen,2014,2018,
9994,Jan Björklund[n 1],Liberalerna,Stockholms län,Enkammarriksdagen,2014,2018,
9995,Jan Ericson,Moderaterna,Västra Götalands läns södra,Enkammarriksdagen,2014,2018,
9996,Jan Lindholm,Miljöpartiet,Dalarnas län,Enkammarriksdagen,2014,2018,
9997,Jan R. Andersson,Moderaterna,Kalmar län,Enkammarriksdagen,2014,2018,
9998,Jan-Olof Larsson,Socialdemokraterna,Västra Götalands läns västra,Enkammarriksdagen,2014,2018,
9999,Janine Alm Ericson[n 1],Miljöpartiet,Västra Götalands läns norra,Enkammarriksdagen,2014,2018,
10000,Jasenko Omanovic,Socialdemokraterna,Västernorrlands län,Enkammarriksdagen,2014,2018,
10001,Jeff Ahl[n 15],Sverigedemokraterna,Hallands län,Enkammarriksdagen,2014,2018,
10002,Jennie Nilsson,Socialdemokraterna,Hallands län,Enkammarriksdagen,2014,2018,
10003,Jennie Åfeldt,Sverigedemokraterna,Malmö kommun,Enkammarriksdagen,2014,2018,
10004,Jenny Petersson,Moderaterna,Hallands län,Enkammarriksdagen,2014,2018,
10005,Jens Holm,Vänsterpartiet,Stockholms kommun,Enkammarriksdagen,2014,2018,
10006,Jessica Polfjärd[n 1],Moderaterna,Västmanlands län,Enkammarriksdagen,2014,2018,
10007,Jessica Rosencrantz,Moderaterna,Stockholms kommun,Enkammarriksdagen,2014,2018,
10008,Jessika Roswall[n 4],Moderaterna,Uppsala län,Enkammarriksdagen,2014,2018,
10009,Jimmie Åkesson[n 1],Sverigedemokraterna,Jönköpings län,Enkammarriksdagen,2014,2018,
10010,Jimmy Ståhl,Sverigedemokraterna,Göteborgs kommun,Enkammarriksdagen,2014,2018,
10011,Johan Andersson,Socialdemokraterna,Östergötlands län,Enkammarriksdagen,2014,2018,
10012,Johan Büser,Socialdemokraterna,Göteborgs kommun,Enkammarriksdagen,2014,2018,
10013,Johan Forssell,Moderaterna,Stockholms kommun,Enkammarriksdagen,2014,2018,
10014,Johan Hedin,Centerpartiet,Stockholms kommun,Enkammarriksdagen,2014,2018,
10015,Johan Hultberg[n 1],Moderaterna,Kronobergs län,Enkammarriksdagen,2014,2018,
10016,Johan Löfstrand,Socialdemokraterna,Östergötlands län,Enkammarriksdagen,2014,2018,
10017,Johan Nissinen,Sverigedemokraterna,Skåne läns norra och östra,Enkammarriksdagen,2014,2018,
10018,Johan Pehrson[n 1],Liberalerna,Örebro län,Enkammarriksdagen,2014,2018,
10019,Johanna Haraldsson,Socialdemokraterna,Jönköpings län,Enkammarriksdagen,2014,2018,
10020,Johanna Jönsson,Centerpartiet,Stockholms kommun,Enkammarriksdagen,2014,2018,
10021,Johnny Skalin,Sverigedemokraterna,Hallands län,Enkammarriksdagen,2014,2018,
10022,Jonas Eriksson,Miljöpartiet,Örebro län,Enkammarriksdagen,2014,2018,
10023,Jonas Gunnarsson,Socialdemokraterna,Värmlands län,Enkammarriksdagen,2014,2018,
10024,Jonas Jacobsson Gjörtler,Moderaterna,Skåne läns västra,Enkammarriksdagen,2014,2018,
10025,Jonas Millard,Sverigedemokraterna,Västra Götalands läns norra,Enkammarriksdagen,2014,2018,
10026,Jonas Sjöstedt[n 1],Vänsterpartiet,Västerbottens län,Enkammarriksdagen,2014,2018,
10027,Jonas Åkerlund,Sverigedemokraterna,Västmanlands län,Enkammarriksdagen,2014,2018,
10028,Josef Fransson,Sverigedemokraterna,Uppsala län,Enkammarriksdagen,2014,2018,
10029,Julia Kronlid,Sverigedemokraterna,Stockholms län,Enkammarriksdagen,2014,2018,
10030,Jörgen Andersson,Moderaterna,Kalmar län,Enkammarriksdagen,2014,2018,
10031,Jörgen Hellman,Socialdemokraterna,Västra Götalands läns norra,Enkammarriksdagen,2014,2018,
10032,Jörgen Warborn[n 1],Moderaterna,Hallands län,Enkammarriksdagen,2014,2018,
10033,Kalle Olsson[n 1],Socialdemokraterna,Jämtlands län,Enkammarriksdagen,2014,2018,
10034,Karin Enström,Moderaterna,Stockholms län,Enkammarriksdagen,2014,2018,
10035,Karin Rågsjö,Vänsterpartiet,Stockholms kommun,Enkammarriksdagen,2014,2018,
10036,Karin Svensson Smith[n 1],Miljöpartiet,Skåne läns södra,Enkammarriksdagen,2014,2018,
10037,Katarina Brännström,Moderaterna,Kronobergs län,Enkammarriksdagen,2014,2018,
10038,Katarina Köhler,Socialdemokraterna,Västerbottens län,Enkammarriksdagen,2014,2018,
10039,Kenneth G. Forslund,Socialdemokraterna,Västra Götalands läns västra,Enkammarriksdagen,2014,2018,
10040,Kent Ekeroth,Sverigedemokraterna,Skåne läns norra och östra,Enkammarriksdagen,2014,2018,
10041,Kent Härstedt[n 1],Socialdemokraterna,Skåne läns västra,Enkammarriksdagen,2014,2018,
10042,Kerstin Lundgren,Centerpartiet,Stockholms län,Enkammarriksdagen,2014,2018,
10043,Kerstin Nilsson,Socialdemokraterna,Skåne läns södra,Enkammarriksdagen,2014,2018,
10044,Krister Hammarbergh[n 1],Moderaterna,Norrbottens län,Enkammarriksdagen,2014,2018,
10045,Krister Örnfjäder,Socialdemokraterna,Kalmar län,Enkammarriksdagen,2014,2018,
10046,Kristina Nilsson,Socialdemokraterna,Västernorrlands län,Enkammarriksdagen,2014,2018,
10047,Kristina Winberg,Sverigedemokraterna,Västra Götalands läns södra,Enkammarriksdagen,2014,2018,
10048,Kristina Yngwe[n 1],Centerpartiet,Skåne läns södra,Enkammarriksdagen,2014,2018,
10049,Lars Eriksson,Socialdemokraterna,Västmanlands län,Enkammarriksdagen,2014,2018,
10050,Lars Hjälmered,Moderaterna,Göteborgs kommun,Enkammarriksdagen,2014,2018,
10051,Lars Mejern Larsson[n 1],Socialdemokraterna,Värmlands län,Enkammarriksdagen,2014,2018,
10052,Lars Tysklind,Liberalerna,Västra Götalands läns västra,Enkammarriksdagen,2014,2018,
10053,Lars-Arne Staxäng,Moderaterna,Västra Götalands läns västra,Enkammarriksdagen,2014,2018,
10054,Lars-Axel Nordell[n 1],Kristdemokraterna,Örebro län,Enkammarriksdagen,2014,2018,
10055,Leif Jakobsson,Socialdemokraterna,Malmö kommun,Enkammarriksdagen,2014,2018,
10056,Leif Nysmed,Socialdemokraterna,Stockholms län,Enkammarriksdagen,2014,2018,
10057,Leif Pettersson,Socialdemokraterna,Norrbottens län,Enkammarriksdagen,2014,2018,
10058,Lena Asplund,Moderaterna,Västernorrlands län,Enkammarriksdagen,2014,2018,
10059,Lena Ek[n 1],Centerpartiet,Östergötlands län,Enkammarriksdagen,2014,2018,
10060,Lena Emilsson,Socialdemokraterna,Skåne läns västra,Enkammarriksdagen,2014,2018,
10061,Lena Hallengren[n 1],Socialdemokraterna,Kalmar län,Enkammarriksdagen,2014,2018,
10062,Lennart Axelsson,Socialdemokraterna,Örebro län,Enkammarriksdagen,2014,2018,
10063,Linda Snecker[n 1],Vänsterpartiet,Östergötlands län,Enkammarriksdagen,2014,2018,
10064,Linus Bylund,Sverigedemokraterna,Skåne läns norra och östra,Enkammarriksdagen,2014,2018,
10065,Lisbeth Sundén Andersson,Moderaterna,Göteborgs kommun,Enkammarriksdagen,2014,2018,
10066,Lise Nordin[n 1],Miljöpartiet,Göteborgs kommun,Enkammarriksdagen,2014,2018,
10067,Lotta Finstorp,Moderaterna,Södermanlands län,Enkammarriksdagen,2014,2018,
10068,Lotta Johnsson Fornarve,Vänsterpartiet,Södermanlands län,Enkammarriksdagen,2014,2018,
10069,Lotta Olsson,Moderaterna,Örebro län,Enkammarriksdagen,2014,2018,
10070,Magdalena Andersson,Socialdemokraterna,Stockholms län,Enkammarriksdagen,2014,2018,
10071,Magnus Manhammar[n 1],Socialdemokraterna,Blekinge län,Enkammarriksdagen,2014,2018,
10072,Magnus Oscarsson[n 1],Kristdemokraterna,Östergötlands län,Enkammarriksdagen,2014,2018,
10073,Magnus Persson,Sverigedemokraterna,Dalarnas län,Enkammarriksdagen,2014,2018,
10074,Maj Karlsson,Vänsterpartiet,Göteborgs kommun,Enkammarriksdagen,2014,2018,
10075,Marco Venegas[n 1],Miljöpartiet,Södermanlands län,Enkammarriksdagen,2014,2018,
10076,Margareta Berg Kjellin,Moderaterna,Gävleborgs län,Enkammarriksdagen,2014,2018,
10077,Margareta Cederfelt,Moderaterna,Stockholms kommun,Enkammarriksdagen,2014,2018,
10078,Margareta Larsson[n 16],Sverigedemokraterna,Västra Götalands läns östra,Enkammarriksdagen,2014,2018,
10079,Maria Abrahamsson,Moderaterna,Stockholms kommun,Enkammarriksdagen,2014,2018,
10080,Maria Andersson Willner,Socialdemokraterna,Västra Götalands läns norra,Enkammarriksdagen,2014,2018,
10081,Maria Arnholm,Liberalerna,Stockholms län,Enkammarriksdagen,2014,2018,
10082,Maria Ferm,Miljöpartiet,Stockholms kommun,Enkammarriksdagen,2014,2018,
10083,Maria Malmer Stenergard,Moderaterna,Skåne läns norra och östra,Enkammarriksdagen,2014,2018,
10084,Maria Plass,Moderaterna,Västra Götalands läns västra,Enkammarriksdagen,2014,2018,
10085,Maria Stockhaus,Moderaterna,Stockholms län,Enkammarriksdagen,2014,2018,
10086,Maria Strömkvist,Socialdemokraterna,Dalarnas län,Enkammarriksdagen,2014,2018,
10087,Maria Weimer[n 1],Liberalerna,Uppsala län,Enkammarriksdagen,2014,2018,
10088,Marie Granlund,Socialdemokraterna,Malmö kommun,Enkammarriksdagen,2014,2018,
10089,Markus Wiechel,Sverigedemokraterna,Västra Götalands läns norra,Enkammarriksdagen,2014,2018,
10090,Martin Kinnunen,Sverigedemokraterna,Göteborgs kommun,Enkammarriksdagen,2014,2018,
10091,Mathias Sundin[n 1],Liberalerna,Östergötlands län,Enkammarriksdagen,2014,2018,
10092,Matilda Ernkrans,Socialdemokraterna,Örebro län,Enkammarriksdagen,2014,2018,
10093,Mats Green[n 1],Moderaterna,Jönköpings län,Enkammarriksdagen,2014,2018,
10094,Mats Persson[n 1],Liberalerna,Skåne läns södra,Enkammarriksdagen,2014,2018,
10095,Mattias Bäckström Johansson,Sverigedemokraterna,Västernorrlands län,Enkammarriksdagen,2014,2018,
10096,Mattias Jonsson,Socialdemokraterna,Göteborgs kommun,Enkammarriksdagen,2014,2018,
10097,Mattias Karlsson,Sverigedemokraterna,Värmlands län,Enkammarriksdagen,2014,2018,
10098,Mattias Ottosson,Socialdemokraterna,Östergötlands län,Enkammarriksdagen,2014,2018,
10099,Mia Sydow Mölleby[n 1],Vänsterpartiet,Örebro län,Enkammarriksdagen,2014,2018,
10100,Michael Svensson,Moderaterna,Hallands län,Enkammarriksdagen,2014,2018,
10101,Mikael Cederbratt,Moderaterna,Västra Götalands läns norra,Enkammarriksdagen,2014,2018,
10102,Mikael Dahlqvist,Socialdemokraterna,Värmlands län,Enkammarriksdagen,2014,2018,
10103,Mikael Damberg,Socialdemokraterna,Stockholms län,Enkammarriksdagen,2014,2018,
10104,Mikael Eskilandersson,Sverigedemokraterna,Gävleborgs län,Enkammarriksdagen,2014,2018,
10105,Mikael Jansson[n 17],Sverigedemokraterna,Gävleborgs län,Enkammarriksdagen,2014,2018,
10106,Mikael Oscarsson[n 1],Kristdemokraterna,Uppsala län,Enkammarriksdagen,2014,2018,
10107,Monica Green,Socialdemokraterna,Västra Götalands läns östra,Enkammarriksdagen,2014,2018,
10108,Monica Haider,Socialdemokraterna,Kronobergs län,Enkammarriksdagen,2014,2018,
10109,Morgan Johansson,Socialdemokraterna,Skåne läns södra,Enkammarriksdagen,2014,2018,
10110,Niclas Malmberg,Miljöpartiet,Uppsala län,Enkammarriksdagen,2014,2018,
10111,Niklas Karlsson[n 1],Socialdemokraterna,Skåne läns västra,Enkammarriksdagen,2014,2018,
10112,Niklas Wykman,Moderaterna,Stockholms län,Enkammarriksdagen,2014,2018,
10113,Nooshi Dadgostar,Vänsterpartiet,Stockholms län,Enkammarriksdagen,2014,2018,
10114,Ola Johansson[n 1],Centerpartiet,Hallands län,Enkammarriksdagen,2014,2018,
10115,Olle Felten[n 18],Sverigedemokraterna,Södermanlands län,Enkammarriksdagen,2014,2018,
10116,Olle Thorell,Socialdemokraterna,Västmanlands län,Enkammarriksdagen,2014,2018,
10117,Olof Lavesson,Moderaterna,Malmö kommun,Enkammarriksdagen,2014,2018,
10118,Oscar Sjöstedt,Sverigedemokraterna,Södermanlands län,Enkammarriksdagen,2014,2018,
10119,Patrick Reslow[n 5],Moderaterna,Malmö kommun,Enkammarriksdagen,2014,2018,
10120,Patrik Björck,Socialdemokraterna,Västra Götalands läns östra,Enkammarriksdagen,2014,2018,
10121,Patrik Jönsson,Sverigedemokraterna,Skåne läns södra,Enkammarriksdagen,2014,2018,
10122,Patrik Lundqvist,Socialdemokraterna,Gävleborgs län,Enkammarriksdagen,2014,2018,
10123,Paula Bieler,Sverigedemokraterna,Kalmar län,Enkammarriksdagen,2014,2018,
10124,Paula Holmqvist,Socialdemokraterna,Västra Götalands läns norra,Enkammarriksdagen,2014,2018,
10125,Pavel Gamov[n 19],Sverigedemokraterna,Skåne läns södra,Enkammarriksdagen,2014,2018,
10126,Penilla Gunther[n 1],Kristdemokraterna,Västra Götalands läns norra,Enkammarriksdagen,2014,2018,
10127,Per Bill,Moderaterna,Uppsala län,Enkammarriksdagen,2014,2018,
10128,Per Bolund,Miljöpartiet,Stockholms kommun,Enkammarriksdagen,2014,2018,
10129,Per Klarberg,Sverigedemokraterna,Västra Götalands läns västra,Enkammarriksdagen,2014,2018,
10130,Per Lodenius,Centerpartiet,Stockholms län,Enkammarriksdagen,2014,2018,
10131,Per Olsson,Miljöpartiet,Stockholms kommun,Enkammarriksdagen,2014,2018,
10132,Per Ramhorn,Sverigedemokraterna,Kronobergs län,Enkammarriksdagen,2014,2018,
10133,Per Westerberg[n 1],Moderaterna,Södermanlands län,Enkammarriksdagen,2014,2018,
10134,Per Åsling[n 1],Centerpartiet,Jämtlands län,Enkammarriksdagen,2014,2018,
10135,Per-Arne Håkansson,Socialdemokraterna,Skåne läns norra och östra,Enkammarriksdagen,2014,2018,
10136,Per-Ingvar Johnsson[n 1],Centerpartiet,Skåne läns norra och östra,Enkammarriksdagen,2014,2018,
10137,Peter Hultqvist[n 1],Socialdemokraterna,Dalarnas län,Enkammarriksdagen,2014,2018,
10138,Peter Jeppsson,Socialdemokraterna,Blekinge län,Enkammarriksdagen,2014,2018,
10139,Peter Johnsson,Socialdemokraterna,Västra Götalands läns norra,Enkammarriksdagen,2014,2018,
10140,Peter Lundgren,Sverigedemokraterna,Östergötlands län,Enkammarriksdagen,2014,2018,
10141,Peter Persson[n 1],Socialdemokraterna,Jönköpings län,Enkammarriksdagen,2014,2018,
10142,Petter Löberg,Socialdemokraterna,Västra Götalands läns södra,Enkammarriksdagen,2014,2018,
10143,Phia Andersson,Socialdemokraterna,Västra Götalands läns södra,Enkammarriksdagen,2014,2018,
10144,Pia Hallström,Moderaterna,Värmlands län,Enkammarriksdagen,2014,2018,
10145,Pia Nilsson,Socialdemokraterna,Västmanlands län,Enkammarriksdagen,2014,2018,
10146,Pyry Niemi,Socialdemokraterna,Uppsala län,Enkammarriksdagen,2014,2018,
10147,Raimo Pärssinen,Socialdemokraterna,Gävleborgs län,Enkammarriksdagen,2014,2018,
10148,Rasmus Ling,Miljöpartiet,Malmö kommun,Enkammarriksdagen,2014,2018,
10149,Richard Jomshof,Sverigedemokraterna,Blekinge län,Enkammarriksdagen,2014,2018,
10150,Rickard Nordin,Centerpartiet,Göteborgs kommun,Enkammarriksdagen,2014,2018,
10151,Rickard Persson,Miljöpartiet,Skåne läns västra,Enkammarriksdagen,2014,2018,
10152,Rikard Larsson,Socialdemokraterna,Skåne läns södra,Enkammarriksdagen,2014,2018,
10153,Robert Halef[n 1],Kristdemokraterna,Stockholms län,Enkammarriksdagen,2014,2018,
10154,Robert Hannah[n 1],Liberalerna,Göteborgs kommun,Enkammarriksdagen,2014,2018,
10155,Roger Haddad[n 1],Liberalerna,Västmanlands län,Enkammarriksdagen,2014,2018,
10156,Roger Hedlund,Sverigedemokraterna,Stockholms län,Enkammarriksdagen,2014,2018,
10157,Roger Richtoff,Sverigedemokraterna,Skåne läns västra,Enkammarriksdagen,2014,2018,
10158,Roland Utbult[n 1],Kristdemokraterna,Västra Götalands läns västra,Enkammarriksdagen,2014,2018,
10159,Rossana Dinamarca[n 1],Vänsterpartiet,Västra Götalands läns norra,Enkammarriksdagen,2014,2018,
10160,Roza Güclü Hedin,Socialdemokraterna,Dalarnas län,Enkammarriksdagen,2014,2018,
10161,Runar Filper,Sverigedemokraterna,Östergötlands län,Enkammarriksdagen,2014,2018,
10162,Said Abdu[n 1],Liberalerna,Västra Götalands läns norra,Enkammarriksdagen,2014,2018,
10163,Saila Quicklund[n 1],Moderaterna,Jämtlands län,Enkammarriksdagen,2014,2018,
10164,Sara Karlsson,Socialdemokraterna,Södermanlands län,Enkammarriksdagen,2014,2018,
10165,Sara-Lena Bjälkö,Sverigedemokraterna,Örebro län,Enkammarriksdagen,2014,2018,
10166,Sofia Arkelsten,Moderaterna,Stockholms kommun,Enkammarriksdagen,2014,2018,
10167,Sofia Damm,Kristdemokraterna,Skåne läns södra,Enkammarriksdagen,2014,2018,
10168,Sofia Fölster,Moderaterna,Stockholms län,Enkammarriksdagen,2014,2018,
10169,Solveig Zander[n 1],Centerpartiet,Uppsala län,Enkammarriksdagen,2014,2018,
10170,Sotiris Delis,Moderaterna,Jönköpings län,Enkammarriksdagen,2014,2018,
10171,Stefan Jakobsson,Sverigedemokraterna,Västmanlands län,Enkammarriksdagen,2014,2018,
10172,Stefan Löfven[n 1],Socialdemokraterna,Västernorrlands län,Enkammarriksdagen,2014,2018,
10173,Sten Bergheden[n 1],Moderaterna,Västra Götalands läns östra,Enkammarriksdagen,2014,2018,
10174,Stig Henriksson[n 1],Vänsterpartiet,Västmanlands län,Enkammarriksdagen,2014,2018,
10175,Stina Bergström[n 1],Miljöpartiet,Värmlands län,Enkammarriksdagen,2014,2018,
10176,Susanne Eberstein,Socialdemokraterna,Västernorrlands län,Enkammarriksdagen,2014,2018,
10177,Suzanne Svensson,Socialdemokraterna,Blekinge län,Enkammarriksdagen,2014,2018,
10178,Sven-Erik Bucht[n 1],Socialdemokraterna,Norrbottens län,Enkammarriksdagen,2014,2018,
10179,Sven-Olof Sällström,Sverigedemokraterna,Dalarnas län,Enkammarriksdagen,2014,2018,
10180,Teresa Carvalho,Socialdemokraterna,Östergötlands län,Enkammarriksdagen,2014,2018,
10181,Thomas Finnborg,Moderaterna,Skåne läns västra,Enkammarriksdagen,2014,2018,
10182,Thomas Strand,Socialdemokraterna,Jönköpings län,Enkammarriksdagen,2014,2018,
10183,Tina Ghasemi,Moderaterna,Stockholms kommun,Enkammarriksdagen,2014,2018,
10184,Tobias Billström[n 6],Moderaterna,Malmö kommun,Enkammarriksdagen,2014,2018,
10185,Tomas Eneroth[n 1],Socialdemokraterna,Kronobergs län,Enkammarriksdagen,2014,2018,
10186,Tomas Tobé[n 1],Moderaterna,Gävleborgs län,Enkammarriksdagen,2014,2018,
10187,Tony Wiklander,Sverigedemokraterna,Västra Götalands läns västra,Enkammarriksdagen,2014,2018,
10188,Torkild Strandberg[n 1],Liberalerna,Skåne läns västra,Enkammarriksdagen,2014,2018,
10189,Tuve Skånberg[n 1],Kristdemokraterna,Skåne läns norra och östra,Enkammarriksdagen,2014,2018,
10190,Ulf Berg,Moderaterna,Dalarnas län,Enkammarriksdagen,2014,2018,
10191,Ulf Kristersson,Moderaterna,Södermanlands län,Enkammarriksdagen,2014,2018,
10192,Ulla Andersson[n 1],Vänsterpartiet,Gävleborgs län,Enkammarriksdagen,2014,2018,
10193,Ulrika Carlsson[n 1],Centerpartiet,Västra Götalands läns östra,Enkammarriksdagen,2014,2018,
10194,Ulrika Karlsson,Moderaterna,Uppsala län,Enkammarriksdagen,2014,2018,
10195,Urban Ahlin[n 7][n 1],Socialdemokraterna,Västra Götalands läns östra,Enkammarriksdagen,2014,2018,
10196,Valter Mutt,Miljöpartiet,Göteborgs kommun,Enkammarriksdagen,2014,2018,
10197,Veronica Lindholm,Socialdemokraterna,Västerbottens län,Enkammarriksdagen,2014,2018,
10198,Veronica Palm,Socialdemokraterna,Stockholms kommun,Enkammarriksdagen,2014,2018,
10199,Wiwi-Anne Johansson,Vänsterpartiet,Västra Götalands läns västra,Enkammarriksdagen,2014,2018,
10200,Yasmine Larsson,Socialdemokraterna,Skåne läns västra,Enkammarriksdagen,2014,2018,
10201,Yilmaz Kerimo,Socialdemokraterna,Stockholms län,Enkammarriksdagen,2014,2018,
10202,Ylva Johansson,Socialdemokraterna,Stockholms kommun,Enkammarriksdagen,2014,2018,
10203,Åsa Coenraads,Moderaterna,Västmanlands län,Enkammarriksdagen,2014,2018,
10204,Åsa Lindestam,Socialdemokraterna,Gävleborgs län,Enkammarriksdagen,2014,2018,
10205,Åsa Romson[n 1],Miljöpartiet,Stockholms kommun,Enkammarriksdagen,2014,2018,
10206,Åsa Westlund,Socialdemokraterna,Stockholms län,Enkammarriksdagen,2014,2018,
10207,Acko Ankarberg Johansson,Kristdemokraterna,Jönköpings län,Enkammarriksdagen,2018,2022,
10208,Adam Marttinen,Sverigedemokraterna,Södermanlands län,Enkammarriksdagen,2018,2022,
10209,Adnan Dibrani[n 1],Socialdemokraterna,Hallands län,Enkammarriksdagen,2018,2022,
10210,Alexander Christiansson,Sverigedemokraterna,Göteborgs kommun,Enkammarriksdagen,2018,2022,
10211,Alexandra Anstrell,Moderaterna,Stockholms län,Enkammarriksdagen,2018,2022,
10212,Alexandra Völker,Socialdemokraterna,Stockholms län,Enkammarriksdagen,2018,2022,
10213,Ali Esbati,Vänsterpartiet,Stockholms kommun,Enkammarriksdagen,2018,2022,
10214,Alice Bah Kuhnke[n 1],Miljöpartiet,Stockholms län,Enkammarriksdagen,2018,2022,
10215,Alireza Akhondi,Centerpartiet,Värmlands län,Enkammarriksdagen,2018,2022,
10216,Allan Widman,Liberalerna,Malmö kommun,Enkammarriksdagen,2018,2022,
10217,Amineh Kakabaveh[n 1] [n 11],Vänsterpartiet,Stockholms län,Enkammarriksdagen,2018,2022,
10218,Anders Hansson,Moderaterna,Skåne läns södra,Enkammarriksdagen,2018,2022,
10219,Anders W. Jonsson[n 1],Centerpartiet,Gävleborgs län,Enkammarriksdagen,2018,2022,
10220,Anders Ygeman[n 1],Socialdemokraterna,Stockholms kommun,Enkammarriksdagen,2018,2022,
10221,Anders Åkesson[n 1],Centerpartiet,Kalmar län,Enkammarriksdagen,2018,2022,
10222,Anders Österberg,Socialdemokraterna,Stockholms kommun,Enkammarriksdagen,2018,2022,
10223,Andreas Carlson[n 1],Kristdemokraterna,Jönköpings län,Enkammarriksdagen,2018,2022,
10224,Andreas Norlén[n 1][n 2],Moderaterna,Östergötlands län,Enkammarriksdagen,2018,2022,
10225,Angelica Lundberg,Sverigedemokraterna,Jönköpings län,Enkammarriksdagen,2018,2022,
10226,Angelika Bengtsson,Sverigedemokraterna,Blekinge län,Enkammarriksdagen,2018,2022,
10227,Ann-Britt Åsebol,Moderaterna,Dalarnas län,Enkammarriksdagen,2018,2022,
10228,Ann-Charlotte Hammar Johnsson,Moderaterna,Skåne läns västra,Enkammarriksdagen,2018,2022,
10229,Ann-Christin Ahlberg,Socialdemokraterna,Västra Götalands läns södra,Enkammarriksdagen,2018,2022,
10230,Ann-Christine From Utterstedt,Sverigedemokraterna,Västmanlands län,Enkammarriksdagen,2018,2022,
10231,Ann-Sofie Alm,Moderaterna,Västra Götalands läns norra,Enkammarriksdagen,2018,2022,
10232,Anna Johansson[n 1],Socialdemokraterna,Göteborgs kommun,Enkammarriksdagen,2018,2022,
10233,Anna Sibinska,Miljöpartiet,Göteborgs kommun,Enkammarriksdagen,2018,2022,
10234,Anna Wallentheim,Socialdemokraterna,Skåne läns norra och östra,Enkammarriksdagen,2018,2022,
10235,Anna-Caren Sätherberg,Socialdemokraterna,Jämtlands län,Enkammarriksdagen,2018,2022,
10236,Anne Oskarsson,Sverigedemokraterna,Kalmar län,Enkammarriksdagen,2018,2022,
10237,Annelie Karlsson,Socialdemokraterna,Skåne läns norra och östra,Enkammarriksdagen,2018,2022,
10238,Annicka Engblom[n 1],Moderaterna,Blekinge län,Enkammarriksdagen,2018,2022,
10239,Annie Lööf[n 1],Centerpartiet,Jönköpings län,Enkammarriksdagen,2018,2022,
10240,Annika Qarlsson,Centerpartiet,Västra Götalands läns västra,Enkammarriksdagen,2018,2022,
10241,Annika Strandhäll,Socialdemokraterna,Stockholms kommun,Enkammarriksdagen,2018,2022,
10242,Ardalan Shekarabi,Socialdemokraterna,Uppsala län,Enkammarriksdagen,2018,2022,
10243,Arin Karapet,Moderaterna,Stockholms kommun,Enkammarriksdagen,2018,2022,
10244,Arman Teimouri[n 1],Liberalerna,Värmlands län,Enkammarriksdagen,2018,2022,
10245,Aron Emilsson,Sverigedemokraterna,Västra Götalands läns västra,Enkammarriksdagen,2018,2022,
10246,Aylin Fazelian,Socialdemokraterna,Västra Götalands läns västra,Enkammarriksdagen,2018,2022,
10247,Barbro Westerholm,Liberalerna,Stockholms län,Enkammarriksdagen,2018,2022,
10248,Beatrice Ask,Moderaterna,Stockholms kommun,Enkammarriksdagen,2018,2022,
10249,Bengt Eliasson,Liberalerna,Hallands län,Enkammarriksdagen,2018,2022,
10250,Betty Malmberg,Moderaterna,Östergötlands län,Enkammarriksdagen,2018,2022,
10251,Birger Lahti,Vänsterpartiet,Norrbottens län,Enkammarriksdagen,2018,2022,
10252,Björn Söder,Sverigedemokraterna,Skåne läns norra och östra,Enkammarriksdagen,2018,2022,
10253,Björn Wiechel,Socialdemokraterna,Västerbottens län,Enkammarriksdagen,2018,2022,
10254,Bo Broman,Sverigedemokraterna,Stockholms län,Enkammarriksdagen,2018,2022,
10255,Boriana Åberg,Moderaterna,Skåne läns södra,Enkammarriksdagen,2018,2022,
10256,Camilla Brodin,Kristdemokraterna,Stockholms län,Enkammarriksdagen,2018,2022,
10257,Camilla Waltersson Grönvall,Moderaterna,Västra Götalands läns västra,Enkammarriksdagen,2018,2022,
10258,Carina Ohlsson,Socialdemokraterna,Västra Götalands läns östra,Enkammarriksdagen,2018,2022,
10259,Carina Ståhl Herrstedt,Sverigedemokraterna,Skåne läns västra,Enkammarriksdagen,2018,2022,
10260,Carina Ödebrink,Socialdemokraterna,Jönköpings län,Enkammarriksdagen,2018,2022,
10261,Carl-Oskar Bohlin[n 1],Moderaterna,Dalarnas län,Enkammarriksdagen,2018,2022,
10262,Caroline Helmersson Olsson,Socialdemokraterna,Södermanlands län,Enkammarriksdagen,2018,2022,
10263,Caroline Nordengrip,Sverigedemokraterna,Västra Götalands läns södra,Enkammarriksdagen,2018,2022,
10264,Caroline Szyber,Kristdemokraterna,Stockholms kommun,Enkammarriksdagen,2018,2022,
10265,Cassandra Sundin,Sverigedemokraterna,Jämtlands län,Enkammarriksdagen,2018,2022,
10266,Cecilia Widegren[n 1],Moderaterna,Västra Götalands läns östra,Enkammarriksdagen,2018,2022,
10267,Cecilie Tenfjord-Toftby[n 1],Moderaterna,Västra Götalands läns södra,Enkammarriksdagen,2018,2022,
10268,Charlotte Quensel,Sverigedemokraterna,Västra Götalands läns västra,Enkammarriksdagen,2018,2022,
10269,Christer Nylander[n 1],Liberalerna,Skåne läns norra och östra,Enkammarriksdagen,2018,2022,
10270,Christina Höj Larsen,Vänsterpartiet,Västernorrlands län,Enkammarriksdagen,2018,2022,
10271,Christina Östberg,Sverigedemokraterna,Skåne läns norra och östra,Enkammarriksdagen,2018,2022,
10272,Ciczie Weidby[n 1],Vänsterpartiet,Jönköpings län,Enkammarriksdagen,2018,2022,
10273,Clara Aranda,Sverigedemokraterna,Skåne läns södra,Enkammarriksdagen,2018,2022,
10274,Dag Larsson,Socialdemokraterna,Stockholms kommun,Enkammarriksdagen,2018,2022,
10275,Daniel Bäckström[n 1],Centerpartiet,Värmlands län,Enkammarriksdagen,2018,2022,
10276,Daniel Riazat[n 1],Vänsterpartiet,Dalarnas län,Enkammarriksdagen,2018,2022,
10277,David Josefsson,Moderaterna,Göteborgs kommun,Enkammarriksdagen,2018,2022,
10278,David Lång,Sverigedemokraterna,Örebro län,Enkammarriksdagen,2018,2022,
10279,Denis Begic,Socialdemokraterna,Örebro län,Enkammarriksdagen,2018,2022,
10280,Dennis Dioukarev,Sverigedemokraterna,Göteborgs kommun,Enkammarriksdagen,2018,2022,
10281,Ebba Busch[n 1][n 7],Kristdemokraterna,Uppsala län,Enkammarriksdagen,2018,2022,
10282,Ebba Hermansson,Sverigedemokraterna,Skåne läns västra,Enkammarriksdagen,2018,2022,
10283,Edward Riedl[n 1],Moderaterna,Västerbottens län,Enkammarriksdagen,2018,2022,
10284,Elin Lundgren,Socialdemokraterna,Gävleborgs län,Enkammarriksdagen,2018,2022,
10285,Elin Segerlind,Vänsterpartiet,Västra Götalands läns norra,Enkammarriksdagen,2018,2022,
10286,Elisabeth Björnsdotter Rahm,Moderaterna,Västerbottens län,Enkammarriksdagen,2018,2022,
10287,Elisabeth Falkhaven,Miljöpartiet,Hallands län,Enkammarriksdagen,2018,2022,
10288,Elisabeth Svantesson[n 1],Moderaterna,Örebro län,Enkammarriksdagen,2018,2022,
10289,Ellen Juntti,Moderaterna,Västra Götalands läns västra,Enkammarriksdagen,2018,2022,
10290,Emil Källström[n 1],Centerpartiet,Västernorrlands län,Enkammarriksdagen,2018,2022,
10291,Emilia Töyrä,Socialdemokraterna,Norrbottens län,Enkammarriksdagen,2018,2022,
10292,Emma Berginger[n 1],Miljöpartiet,Skåne läns södra,Enkammarriksdagen,2018,2022,
10293,Emma Carlsson Löfdahl[n 1] [n 6],Liberalerna,Jönköpings län,Enkammarriksdagen,2018,2022,
10294,Emma Hult[n 1],Miljöpartiet,Jönköpings län,Enkammarriksdagen,2018,2022,
10295,Eric Palmqvist,Sverigedemokraterna,Norrbottens län,Enkammarriksdagen,2018,2022,
10296,Eric Westroth,Sverigedemokraterna,Hallands län,Enkammarriksdagen,2018,2022,
10297,Erik Andersson,Moderaterna,Stockholms län,Enkammarriksdagen,2018,2022,
10298,Erik Bengtzboe,Moderaterna,Södermanlands län,Enkammarriksdagen,2018,2022,
10299,Erik Ezelius,Socialdemokraterna,Västra Götalands läns östra,Enkammarriksdagen,2018,2022,
10300,Erik Ottoson,Moderaterna,Stockholms län,Enkammarriksdagen,2018,2022,
10301,Eskil Erlandsson[n 1],Centerpartiet,Kronobergs län,Enkammarriksdagen,2018,2022,
10302,Eva Lindh,Socialdemokraterna,Östergötlands län,Enkammarriksdagen,2018,2022,
10303,Fredrik Christensson[n 1],Centerpartiet,Västra Götalands läns norra,Enkammarriksdagen,2018,2022,
10304,Fredrik Lindahl,Sverigedemokraterna,Stockholms län,Enkammarriksdagen,2018,2022,
10305,Fredrik Lundh Sammeli,Socialdemokraterna,Norrbottens län,Enkammarriksdagen,2018,2022,
10306,Fredrik Malm,Liberalerna,Stockholms kommun,Enkammarriksdagen,2018,2022,
10307,Fredrik Olovsson,Socialdemokraterna,Södermanlands län,Enkammarriksdagen,2018,2022,
10308,Gulan Avci,Liberalerna,Stockholms län,Enkammarriksdagen,2018,2022,
10309,Gunilla Carlsson,Socialdemokraterna,Göteborgs kommun,Enkammarriksdagen,2018,2022,
10310,Gunilla Svantorp,Socialdemokraterna,Värmlands län,Enkammarriksdagen,2018,2022,
10311,Gustav Fridolin[n 1],Miljöpartiet,Stockholms län,Enkammarriksdagen,2018,2022,
10312,Hampus Hagman,Kristdemokraterna,Göteborgs kommun,Enkammarriksdagen,2018,2022,
10313,Hanif Bali,Moderaterna,Stockholms län,Enkammarriksdagen,2018,2022,
10314,Hanna Gunnarsson[n 1],Vänsterpartiet,Skåne läns södra,Enkammarriksdagen,2018,2022,
10315,Hanna Westerén[n 1],Socialdemokraterna,Gotlands län,Enkammarriksdagen,2018,2022,
10316,Hans Eklind[n 1],Kristdemokraterna,Örebro län,Enkammarriksdagen,2018,2022,
10317,Hans Ekström,Socialdemokraterna,Södermanlands län,Enkammarriksdagen,2018,2022,
10318,Hans Hoff,Socialdemokraterna,Hallands län,Enkammarriksdagen,2018,2022,
10319,Hans Rothenberg,Moderaterna,Göteborgs kommun,Enkammarriksdagen,2018,2022,
10320,Hans Wallmark,Moderaterna,Skåne läns norra och östra,Enkammarriksdagen,2018,2022,
10321,Helena Bouveng,Moderaterna,Jönköpings län,Enkammarriksdagen,2018,2022,
10322,Helena Gellerman,Liberalerna,Västra Götalands läns västra,Enkammarriksdagen,2018,2022,
10323,Helena Lindahl[n 1],Centerpartiet,Västerbottens län,Enkammarriksdagen,2018,2022,
10324,Helena Vilhelmsson[n 1],Centerpartiet,Örebro län,Enkammarriksdagen,2018,2022,
10325,Helene Hellmark Knutsson,Socialdemokraterna,Stockholms län,Enkammarriksdagen,2018,2022,
10326,Helén Pettersson,Socialdemokraterna,Västerbottens län,Enkammarriksdagen,2018,2022,
10327,Heléne Björklund[n 1],Socialdemokraterna,Blekinge län,Enkammarriksdagen,2018,2022,
10328,Henrik Vinge,Sverigedemokraterna,Stockholms kommun,Enkammarriksdagen,2018,2022,
10329,Hillevi Larsson,Socialdemokraterna,Malmö kommun,Enkammarriksdagen,2018,2022,
10330,Håkan Svenneling[n 1],Vänsterpartiet,Värmlands län,Enkammarriksdagen,2018,2022,
10331,Ibrahim Baylan,Socialdemokraterna,Stockholms län,Enkammarriksdagen,2018,2022,
10332,Ida Drougge,Moderaterna,Stockholms län,Enkammarriksdagen,2018,2022,
10333,Ida Gabrielsson,Vänsterpartiet,Stockholms län,Enkammarriksdagen,2018,2022,
10334,Ida Karkiainen,Socialdemokraterna,Norrbottens län,Enkammarriksdagen,2018,2022,
10335,Ilona Szatmari Waldau[n 1],Vänsterpartiet,Uppsala län,Enkammarriksdagen,2018,2022,
10336,Ingela Nylund Watz,Socialdemokraterna,Stockholms län,Enkammarriksdagen,2018,2022,
10337,Ingemar Kihlström,Kristdemokraterna,Västra Götalands läns södra,Enkammarriksdagen,2018,2022,
10338,Ingemar Nilsson,Socialdemokraterna,Västernorrlands län,Enkammarriksdagen,2018,2022,
10339,Isabella Lövin[n 1],Miljöpartiet,Stockholms kommun,Enkammarriksdagen,2018,2022,
10340,Isak From,Socialdemokraterna,Västerbottens län,Enkammarriksdagen,2018,2022,
10341,Jakob Forssmed,Kristdemokraterna,Stockholms län,Enkammarriksdagen,2018,2022,
10342,Jamal El-Haj[n 1],Socialdemokraterna,Malmö kommun,Enkammarriksdagen,2018,2022,
10343,Jan Björklund[n 1],Liberalerna,Stockholms län,Enkammarriksdagen,2018,2022,
10344,Jan Ericson,Moderaterna,Västra Götalands läns södra,Enkammarriksdagen,2018,2022,
10345,Jan R. Andersson,Moderaterna,Kalmar län,Enkammarriksdagen,2018,2022,
10346,Janine Alm Ericson,Miljöpartiet,Västra Götalands läns västra,Enkammarriksdagen,2018,2022,
10347,Jennie Nilsson,Socialdemokraterna,Hallands län,Enkammarriksdagen,2018,2022,
10348,Jennie Åfeldt,Sverigedemokraterna,Skåne läns södra,Enkammarriksdagen,2018,2022,
10349,Jens Holm,Vänsterpartiet,Stockholms kommun,Enkammarriksdagen,2018,2022,
10350,Jessica Polfjärd[n 1],Moderaterna,Västmanlands län,Enkammarriksdagen,2018,2022,
10351,Jessica Rosencrantz,Moderaterna,Stockholms kommun,Enkammarriksdagen,2018,2022,
10352,Jessica Thunander[n 1],Vänsterpartiet,Västra Götalands läns östra,Enkammarriksdagen,2018,2022,
10353,Jessica Wetterling[n 1],Vänsterpartiet,Västra Götalands läns västra,Enkammarriksdagen,2018,2022,
10354,Jessika Roswall,Moderaterna,Uppsala län,Enkammarriksdagen,2018,2022,
10355,Jimmie Åkesson[n 1],Sverigedemokraterna,Jönköpings län,Enkammarriksdagen,2018,2022,
10356,Jimmy Loord,Kristdemokraterna,Kalmar län,Enkammarriksdagen,2018,2022,
10357,Jimmy Ståhl,Sverigedemokraterna,Västra Götalands läns norra,Enkammarriksdagen,2018,2022,
10358,Joakim Järrebring,Socialdemokraterna,Västra Götalands läns västra,Enkammarriksdagen,2018,2022,
10359,Joakim Sandell,Socialdemokraterna,Malmö kommun,Enkammarriksdagen,2018,2022,
10360,Joar Forssell,Liberalerna,Stockholms kommun,Enkammarriksdagen,2018,2022,
10361,Johan Andersson,Socialdemokraterna,Östergötlands län,Enkammarriksdagen,2018,2022,
10362,Johan Büser,Socialdemokraterna,Göteborgs kommun,Enkammarriksdagen,2018,2022,
10363,Johan Forssell,Moderaterna,Stockholms kommun,Enkammarriksdagen,2018,2022,
10364,Johan Hedin,Centerpartiet,Stockholms kommun,Enkammarriksdagen,2018,2022,
10365,Johan Hultberg,Moderaterna,Västra Götalands läns norra,Enkammarriksdagen,2018,2022,
10366,Johan Löfstrand,Socialdemokraterna,Östergötlands län,Enkammarriksdagen,2018,2022,
10367,Johan Pehrson[n 1],Liberalerna,Örebro län,Enkammarriksdagen,2018,2022,
10368,Johanna Haraldsson,Socialdemokraterna,Jönköpings län,Enkammarriksdagen,2018,2022,
10369,Johanna Jönsson,Centerpartiet,Stockholms kommun,Enkammarriksdagen,2018,2022,
10370,John Weinerhall,Moderaterna,Östergötlands län,Enkammarriksdagen,2018,2022,
10371,Johnny Skalin,Sverigedemokraterna,Västernorrlands län,Enkammarriksdagen,2018,2022,
10372,Jon Thorbjörnson,Vänsterpartiet,Hallands län,Enkammarriksdagen,2018,2022,
10373,Jonas Andersson i Linköping,Sverigedemokraterna,Östergötlands län,Enkammarriksdagen,2018,2022,
10374,Jonas Andersson i Skellefteå,Sverigedemokraterna,Västerbottens län,Enkammarriksdagen,2018,2022,
10375,Jonas Eriksson,Miljöpartiet,Örebro län,Enkammarriksdagen,2018,2022,
10376,Jonas Millard,Sverigedemokraterna,Örebro län,Enkammarriksdagen,2018,2022,
10377,Jonas Sjöstedt[n 1],Vänsterpartiet,Västerbottens län,Enkammarriksdagen,2018,2022,
10378,Jonny Cato[n 3],Centerpartiet,Skåne läns västra,Enkammarriksdagen,2018,2022,
10379,Josef Fransson,Sverigedemokraterna,Västra Götalands läns östra,Enkammarriksdagen,2018,2022,
10380,Josefin Malmqvist,Moderaterna,Stockholms län,Enkammarriksdagen,2018,2022,
10381,Julia Kronlid,Sverigedemokraterna,Stockholms län,Enkammarriksdagen,2018,2022,
10382,Juno Blom[n 1],Liberalerna,Östergötlands län,Enkammarriksdagen,2018,2022,
10383,Jörgen Berglund[n 1],Moderaterna,Västernorrlands län,Enkammarriksdagen,2018,2022,
10384,Jörgen Grubb,Sverigedemokraterna,Östergötlands län,Enkammarriksdagen,2018,2022,
10385,Jörgen Hellman,Socialdemokraterna,Västra Götalands läns norra,Enkammarriksdagen,2018,2022,
10386,Jörgen Warborn[n 1],Moderaterna,Hallands län,Enkammarriksdagen,2018,2022,
10387,Kadir Kasirga,Socialdemokraterna,Stockholms kommun,Enkammarriksdagen,2018,2022,
10388,Kalle Olsson[n 1],Socialdemokraterna,Jämtlands län,Enkammarriksdagen,2018,2022,
10389,Karin Enström,Moderaterna,Stockholms län,Enkammarriksdagen,2018,2022,
10390,Karin Rågsjö,Vänsterpartiet,Stockholms kommun,Enkammarriksdagen,2018,2022,
10391,Karolina Skog,Miljöpartiet,Stockholms län,Enkammarriksdagen,2018,2022,
10392,Katarina Brännström[n 1],Moderaterna,Kronobergs län,Enkammarriksdagen,2018,2022,
10393,Katja Nyberg,Sverigedemokraterna,Stockholms kommun,Enkammarriksdagen,2018,2022,
10394,Kenneth G. Forslund,Socialdemokraterna,Västra Götalands läns västra,Enkammarriksdagen,2018,2022,
10395,Kerstin Lundgren[n 4],Centerpartiet,Stockholms län,Enkammarriksdagen,2018,2022,
10396,Kjell Jansson,Moderaterna,Stockholms län,Enkammarriksdagen,2018,2022,
10397,Kjell-Arne Ottosson[n 1],Kristdemokraterna,Värmlands län,Enkammarriksdagen,2018,2022,
10398,Kristina Axén Olin,Moderaterna,Stockholms kommun,Enkammarriksdagen,2018,2022,
10399,Kristina Nilsson,Socialdemokraterna,Västernorrlands län,Enkammarriksdagen,2018,2022,
10400,Kristina Yngwe[n 1],Centerpartiet,Skåne läns södra,Enkammarriksdagen,2018,2022,
10401,Laila Naraghi,Socialdemokraterna,Kalmar län,Enkammarriksdagen,2018,2022,
10402,Larry Söder,Kristdemokraterna,Hallands län,Enkammarriksdagen,2018,2022,
10403,Lars Adaktusson[n 1],Kristdemokraterna,Dalarnas län,Enkammarriksdagen,2018,2022,
10404,Lars Andersson,Sverigedemokraterna,Skåne läns södra,Enkammarriksdagen,2018,2022,
10405,Lars Beckman[n 1],Moderaterna,Gävleborgs län,Enkammarriksdagen,2018,2022,
10406,Lars Hjälmered[n 1],Moderaterna,Göteborgs kommun,Enkammarriksdagen,2018,2022,
10407,Lars Mejern Larsson[n 1],Socialdemokraterna,Värmlands län,Enkammarriksdagen,2018,2022,
10408,Lars Püss,Moderaterna,Hallands län,Enkammarriksdagen,2018,2022,
10409,Lars Thomsson[n 1],Centerpartiet,Gotlands län,Enkammarriksdagen,2018,2022,
10410,Lawen Redar,Socialdemokraterna,Stockholms kommun,Enkammarriksdagen,2018,2022,
10411,Leif Nysmed,Socialdemokraterna,Stockholms län,Enkammarriksdagen,2018,2022,
10412,Leila Ali Elmi[n 1],Miljöpartiet,Göteborgs kommun,Enkammarriksdagen,2018,2022,
10413,Lena Hallengren[n 1],Socialdemokraterna,Kalmar län,Enkammarriksdagen,2018,2022,
10414,Lena Rådström Baastad[n 1],Socialdemokraterna,Örebro län,Enkammarriksdagen,2018,2022,
10415,Lina Nordquist[n 1],Liberalerna,Uppsala län,Enkammarriksdagen,2018,2022,
10416,Linda Lindberg,Sverigedemokraterna,Skåne läns västra,Enkammarriksdagen,2018,2022,
10417,Linda Modig[n 1][n 5],Centerpartiet,Norrbottens län,Enkammarriksdagen,2018,2022,
10418,Linda Westerlund Snecker[n 1],Vänsterpartiet,Östergötlands län,Enkammarriksdagen,2018,2022,
10419,Lorena Delgado Varas,Vänsterpartiet,Stockholms län,Enkammarriksdagen,2018,2022,
10420,Lotta Finstorp,Moderaterna,Södermanlands län,Enkammarriksdagen,2018,2022,
10421,Lotta Johnsson Fornarve[n 10],Vänsterpartiet,Södermanlands län,Enkammarriksdagen,2018,2022,
10422,Lotta Olsson,Moderaterna,Örebro län,Enkammarriksdagen,2018,2022,
10423,Louise Meijer,Moderaterna,Skåne läns södra,Enkammarriksdagen,2018,2022,
10424,Ludvig Aspling,Sverigedemokraterna,Stockholms län,Enkammarriksdagen,2018,2022,
10425,Magdalena Andersson[n 1],Socialdemokraterna,Stockholms län,Enkammarriksdagen,2018,2022,
10426,Magnus Ek,Centerpartiet,Östergötlands län,Enkammarriksdagen,2018,2022,
10427,Magnus Jacobsson,Kristdemokraterna,Västra Götalands läns norra,Enkammarriksdagen,2018,2022,
10428,Magnus Manhammar[n 1],Socialdemokraterna,Blekinge län,Enkammarriksdagen,2018,2022,
10429,Magnus Oscarsson[n 1],Kristdemokraterna,Östergötlands län,Enkammarriksdagen,2018,2022,
10430,Magnus Persson,Sverigedemokraterna,Dalarnas län,Enkammarriksdagen,2018,2022,
10431,Maj Karlsson[n 1],Vänsterpartiet,Göteborgs kommun,Enkammarriksdagen,2018,2022,
10432,Malin Larsson,Socialdemokraterna,Västernorrlands län,Enkammarriksdagen,2018,2022,
10433,Margareta Cederfelt,Moderaterna,Stockholms kommun,Enkammarriksdagen,2018,2022,
10434,Maria Arnholm,Liberalerna,Stockholms län,Enkammarriksdagen,2018,2022,
10435,Maria Ferm,Miljöpartiet,Stockholms kommun,Enkammarriksdagen,2018,2022,
10436,Maria Gardfjell[n 1],Miljöpartiet,Uppsala län,Enkammarriksdagen,2018,2022,
10437,Maria Malmer Stenergard,Moderaterna,Skåne läns norra och östra,Enkammarriksdagen,2018,2022,
10438,Maria Nilsson,Liberalerna,Göteborgs kommun,Enkammarriksdagen,2018,2022,
10439,Maria Stockhaus,Moderaterna,Stockholms län,Enkammarriksdagen,2018,2022,
10440,Maria Strömkvist,Socialdemokraterna,Dalarnas län,Enkammarriksdagen,2018,2022,
10441,Marianne Pettersson,Socialdemokraterna,Skåne läns södra,Enkammarriksdagen,2018,2022,
10442,Marie-Louise Hänel Sandström,Moderaterna,Göteborgs kommun,Enkammarriksdagen,2018,2022,
10443,Markus Wiechel,Sverigedemokraterna,Östergötlands län,Enkammarriksdagen,2018,2022,
10444,Marlene Burwick,Socialdemokraterna,Uppsala län,Enkammarriksdagen,2018,2022,
10445,Marléne Lund Kopparklint,Moderaterna,Värmlands län,Enkammarriksdagen,2018,2022,
10446,Marta Obminska,Moderaterna,Uppsala län,Enkammarriksdagen,2018,2022,
10447,Martin Kinnunen,Sverigedemokraterna,Stockholms län,Enkammarriksdagen,2018,2022,
10448,Martin Ådahl,Centerpartiet,Stockholms kommun,Enkammarriksdagen,2018,2022,
10449,Martina Johansson,Centerpartiet,Södermanlands län,Enkammarriksdagen,2018,2022,
10450,Matheus Enholm,Sverigedemokraterna,Västra Götalands läns norra,Enkammarriksdagen,2018,2022,
10451,Mathias Tegnér,Socialdemokraterna,Stockholms län,Enkammarriksdagen,2018,2022,
10452,Matilda Ernkrans,Socialdemokraterna,Örebro län,Enkammarriksdagen,2018,2022,
10453,Mats Green[n 1],Moderaterna,Jönköpings län,Enkammarriksdagen,2018,2022,
10454,Mats Nordberg,Sverigedemokraterna,Gävleborgs län,Enkammarriksdagen,2018,2022,
10455,Mats Persson,Liberalerna,Skåne läns södra,Enkammarriksdagen,2018,2022,
10456,Mats Wiking,Socialdemokraterna,Västra Götalands läns norra,Enkammarriksdagen,2018,2022,
10457,Mattias Bäckström Johansson,Sverigedemokraterna,Kalmar län,Enkammarriksdagen,2018,2022,
10458,Mattias Jonsson,Socialdemokraterna,Göteborgs kommun,Enkammarriksdagen,2018,2022,
10459,Mattias Karlsson,Sverigedemokraterna,Kronobergs län,Enkammarriksdagen,2018,2022,
10460,Mattias Karlsson[n 1],Moderaterna,Norrbottens län,Enkammarriksdagen,2018,2022,
10461,Mattias Ottosson,Socialdemokraterna,Östergötlands län,Enkammarriksdagen,2018,2022,
10462,Mia Sydow Mölleby,Vänsterpartiet,Örebro län,Enkammarriksdagen,2018,2022,
10463,Michael Anefur,Kristdemokraterna,Skåne läns västra,Enkammarriksdagen,2018,2022,
10464,Michael Rubbestad,Sverigedemokraterna,Uppsala län,Enkammarriksdagen,2018,2022,
10465,Mikael Dahlqvist,Socialdemokraterna,Värmlands län,Enkammarriksdagen,2018,2022,
10466,Mikael Damberg,Socialdemokraterna,Stockholms län,Enkammarriksdagen,2018,2022,
10467,Mikael Eskilandersson,Sverigedemokraterna,Skåne läns norra och östra,Enkammarriksdagen,2018,2022,
10468,Mikael Larsson[n 1],Centerpartiet,Västra Götalands läns södra,Enkammarriksdagen,2018,2022,
10469,Mikael Oscarsson[n 1],Kristdemokraterna,Uppsala län,Enkammarriksdagen,2018,2022,
10470,Mikael Strandman,Sverigedemokraterna,Stockholms län,Enkammarriksdagen,2018,2022,
10471,Momodou Malcolm Jallow[n 1],Vänsterpartiet,Malmö kommun,Enkammarriksdagen,2018,2022,
10472,Monica Haider,Socialdemokraterna,Kronobergs län,Enkammarriksdagen,2018,2022,
10473,Morgan Johansson[n 1],Socialdemokraterna,Skåne läns södra,Enkammarriksdagen,2018,2022,
10474,Niels Paarup-Petersen,Centerpartiet,Malmö kommun,Enkammarriksdagen,2018,2022,
10475,Niklas Karlsson[n 1],Socialdemokraterna,Skåne läns västra,Enkammarriksdagen,2018,2022,
10476,Niklas Wykman,Moderaterna,Stockholms län,Enkammarriksdagen,2018,2022,
10477,Nooshi Dadgostar,Vänsterpartiet,Stockholms kommun,Enkammarriksdagen,2018,2022,
10478,Noria Manouchi,Moderaterna,Malmö kommun,Enkammarriksdagen,2018,2022,
10479,Ola Johansson[n 1],Centerpartiet,Hallands län,Enkammarriksdagen,2018,2022,
10480,Ola Möller,Socialdemokraterna,Skåne läns västra,Enkammarriksdagen,2018,2022,
10481,Olle Thorell,Socialdemokraterna,Västmanlands län,Enkammarriksdagen,2018,2022,
10482,Oscar Sjöstedt,Sverigedemokraterna,Västmanlands län,Enkammarriksdagen,2018,2022,
10483,Patrick Reslow,Sverigedemokraterna,Värmlands län,Enkammarriksdagen,2018,2022,
10484,Patrik Björck,Socialdemokraterna,Västra Götalands läns östra,Enkammarriksdagen,2018,2022,
10485,Patrik Engström,Socialdemokraterna,Dalarnas län,Enkammarriksdagen,2018,2022,
10486,Patrik Jönsson,Sverigedemokraterna,Västra Götalands läns södra,Enkammarriksdagen,2018,2022,
10487,Patrik Lundqvist,Socialdemokraterna,Gävleborgs län,Enkammarriksdagen,2018,2022,
10488,Paula Bieler,Sverigedemokraterna,Uppsala län,Enkammarriksdagen,2018,2022,
10489,Paula Holmqvist,Socialdemokraterna,Västra Götalands läns norra,Enkammarriksdagen,2018,2022,
10490,Per Bolund,Miljöpartiet,Stockholms kommun,Enkammarriksdagen,2018,2022,
10491,Per Lodenius,Centerpartiet,Stockholms län,Enkammarriksdagen,2018,2022,
10492,Per Ramhorn,Sverigedemokraterna,Malmö kommun,Enkammarriksdagen,2018,2022,
10493,Per Åsling[n 1],Centerpartiet,Jämtlands län,Enkammarriksdagen,2018,2022,
10494,Per-Arne Håkansson,Socialdemokraterna,Skåne läns norra och östra,Enkammarriksdagen,2018,2022,
10495,Peter Helander,Centerpartiet,Dalarnas län,Enkammarriksdagen,2018,2022,
10496,Peter Hultqvist[n 1],Socialdemokraterna,Dalarnas län,Enkammarriksdagen,2018,2022,
10497,Peter Persson,Socialdemokraterna,Jönköpings län,Enkammarriksdagen,2018,2022,
10498,Petter Löberg,Socialdemokraterna,Västra Götalands läns södra,Enkammarriksdagen,2018,2022,
10499,Pia Nilsson,Socialdemokraterna,Västmanlands län,Enkammarriksdagen,2018,2022,
10500,Pia Steensland,Kristdemokraterna,Södermanlands län,Enkammarriksdagen,2018,2022,
10501,Pyry Niemi,Socialdemokraterna,Uppsala län,Enkammarriksdagen,2018,2022,
10502,Pål Jonson[n 1],Moderaterna,Värmlands län,Enkammarriksdagen,2018,2022,
10503,Rasmus Ling,Miljöpartiet,Malmö kommun,Enkammarriksdagen,2018,2022,
10504,Rebecka Le Moine[n 1],Miljöpartiet,Östergötlands län,Enkammarriksdagen,2018,2022,
10505,Richard Jomshof,Sverigedemokraterna,Blekinge län,Enkammarriksdagen,2018,2022,
10506,Rickard Nordin,Centerpartiet,Göteborgs kommun,Enkammarriksdagen,2018,2022,
10507,Rikard Larsson,Socialdemokraterna,Skåne läns södra,Enkammarriksdagen,2018,2022,
10508,Robert Halef,Kristdemokraterna,Stockholms län,Enkammarriksdagen,2018,2022,
10509,Robert Hannah[n 1],Liberalerna,Göteborgs kommun,Enkammarriksdagen,2018,2022,
10510,Robert Stenkvist,Sverigedemokraterna,Stockholms län,Enkammarriksdagen,2018,2022,
10511,Roger Haddad[n 1],Liberalerna,Västmanlands län,Enkammarriksdagen,2018,2022,
10512,Roger Hedlund,Sverigedemokraterna,Gävleborgs län,Enkammarriksdagen,2018,2022,
10513,Roger Richtoff,Sverigedemokraterna,Södermanlands län,Enkammarriksdagen,2018,2022,
10514,Roland Utbult,Kristdemokraterna,Västra Götalands läns västra,Enkammarriksdagen,2018,2022,
10515,Runar Filper,Sverigedemokraterna,Värmlands län,Enkammarriksdagen,2018,2022,
10516,Saila Quicklund[n 1],Moderaterna,Jämtlands län,Enkammarriksdagen,2018,2022,
10517,Sanne Lennström,Socialdemokraterna,Uppsala län,Enkammarriksdagen,2018,2022,
10518,Sara Gille[n 12],Sverigedemokraterna,Malmö kommun,Enkammarriksdagen,2018,2022,
10519,Serkan Köse,Socialdemokraterna,Stockholms län,Enkammarriksdagen,2018,2022,
10520,Sofia Damm,Kristdemokraterna,Skåne läns södra,Enkammarriksdagen,2018,2022,
10521,Sofia Nilsson[n 1],Centerpartiet,Skåne läns norra och östra,Enkammarriksdagen,2018,2022,
10522,Sofia Westergren,Moderaterna,Västra Götalands läns västra,Enkammarriksdagen,2018,2022,
10523,Solveig Zander,Centerpartiet,Uppsala län,Enkammarriksdagen,2018,2022,
10524,Staffan Eklöf,Sverigedemokraterna,Hallands län,Enkammarriksdagen,2018,2022,
10525,Stefan Löfven[n 1],Socialdemokraterna,Västernorrlands län,Enkammarriksdagen,2018,2022,
10526,Sten Bergheden[n 1],Moderaterna,Västra Götalands läns östra,Enkammarriksdagen,2018,2022,
10527,Sven-Erik Bucht[n 1],Socialdemokraterna,Norrbottens län,Enkammarriksdagen,2018,2022,
10528,Sven-Olof Sällström,Sverigedemokraterna,Kronobergs län,Enkammarriksdagen,2018,2022,
10529,Teres Lindberg,Socialdemokraterna,Stockholms kommun,Enkammarriksdagen,2018,2022,
10530,Teresa Carvalho,Socialdemokraterna,Östergötlands län,Enkammarriksdagen,2018,2022,
10531,Thomas Morell,Sverigedemokraterna,Gävleborgs län,Enkammarriksdagen,2018,2022,
10532,Tobias Andersson,Sverigedemokraterna,Västra Götalands läns östra,Enkammarriksdagen,2018,2022,
10533,Tobias Billström[n 1],Moderaterna,Malmö kommun,Enkammarriksdagen,2018,2022,
10534,Tomas Eneroth[n 1],Socialdemokraterna,Kronobergs län,Enkammarriksdagen,2018,2022,
10535,Tomas Kronståhl,Socialdemokraterna,Kalmar län,Enkammarriksdagen,2018,2022,
10536,Tomas Tobé,Moderaterna,Stockholms län,Enkammarriksdagen,2018,2022,
10537,Tony Haddou,Vänsterpartiet,Göteborgs kommun,Enkammarriksdagen,2018,2022,
10538,Torkild Strandberg[n 1],Liberalerna,Skåne läns västra,Enkammarriksdagen,2018,2022,
10539,Tuve Skånberg,Kristdemokraterna,Skåne läns norra och östra,Enkammarriksdagen,2018,2022,
10540,Ulf Kristersson[n 1],Moderaterna,Södermanlands län,Enkammarriksdagen,2018,2022,
10541,Ulla Andersson[n 1],Vänsterpartiet,Gävleborgs län,Enkammarriksdagen,2018,2022,
10542,Ulrika Heie[n 1],Centerpartiet,Västra Götalands läns östra,Enkammarriksdagen,2018,2022,
10543,Ulrika Heindorff[n 1],Moderaterna,Skåne läns västra,Enkammarriksdagen,2018,2022,
10544,Ulrika Jörgensen,Moderaterna,Hallands län,Enkammarriksdagen,2018,2022,
10545,Vasiliki Tsouplaki[n 1],Vänsterpartiet,Västmanlands län,Enkammarriksdagen,2018,2022,
10546,Viktor Wärnick,Moderaterna,Gävleborgs län,Enkammarriksdagen,2018,2022,
10547,Yasmine Bladelius[n 8],Socialdemokraterna,Skåne läns västra,Enkammarriksdagen,2018,2022,
10548,Yasmine Eriksson,Sverigedemokraterna,Stockholms kommun,Enkammarriksdagen,2018,2022,
10549,Yasmine Posio,Vänsterpartiet,Göteborgs kommun,Enkammarriksdagen,2018,2022,
10550,Ylva Johansson,Socialdemokraterna,Stockholms kommun,Enkammarriksdagen,2018,2022,
10551,Åsa Coenraads,Moderaterna,Västmanlands län,Enkammarriksdagen,2018,2022,
10552,Åsa Eriksson,Socialdemokraterna,Västmanlands län,Enkammarriksdagen,2018,2022,
10553,Åsa Karlsson,Socialdemokraterna,Västerbottens län,Enkammarriksdagen,2018,2022,
10554,Åsa Lindestam[n 9],Socialdemokraterna,Gävleborgs län,Enkammarriksdagen,2018,2022,
10555,Åsa Westlund,Socialdemokraterna,Stockholms län,Enkammarriksdagen,2018,2022,
