,name,party,district,chamber,start,end,occupation,gender
0,A.C. Lindblad,Socialdemokraterna,Göteborgs stad,Första kammaren,1918,1924,,
1,Aaby Ericsson,h,Kronobergs län,Första kammaren,1918,1924,,
2,Adam Hult,f,Västmanlands län,Första kammaren,1918,1924,,man
3,Adolf Berge,Socialdemokraterna,Stockholms län,Första kammaren,1918,1924,,man
4,Albert Bergström,Socialdemokraterna,Östergötlands län,Första kammaren,1918,1924,,man
5,Alexis Björkman,,Västmanlands län,Första kammaren,1918,1924,,
6,Alfred Petrén,Socialdemokraterna,Kopparbergs län,Första kammaren,1918,1924,,man
7,Anders Antonsson,h,Malmö stad,Första kammaren,1918,1924,,man
8,Anders Elisson,j,Hallands län,Första kammaren,1918,1924,,man
9,Anders Olof Frändén,h,Jämtlands län,Första kammaren,1918,1924,,man
10,Anders Pers,f,Kopparbergs län,Första kammaren,1918,1924,,man
11,Anders Örne,Socialdemokraterna,Örebro län,Första kammaren,1918,1924,,man
12,Arvid Erikson,f,Stockholms län,Första kammaren,1918,1924,,man
13,Assar Emanuel Åkerman,Socialdemokraterna,Södermanlands län,Första kammaren,1918,1924,,man
14,August Bruhn,f,Kristianstads län,Första kammaren,1918,1924,,man
15,August Johansson,f,Skaraborgs län,Första kammaren,1918,1924,,man
16,August Ljunggren,f,Kronobergs län,Första kammaren,1918,1924,,man
17,Axel Fredrik Wennersten,,Älvsborgs län,Första kammaren,1918,1924,,man
18,Axel Hansson Wachtmeister,h,Blekinge län,Första kammaren,1918,1924,,man
19,Axel Herman Georg Rogberg,h,Västerbottens län,Första kammaren,1918,1924,,man
20,Axel Modig,f,Södermanlands län,Första kammaren,1918,1924,,man
21,Axel Olof Rune,f,"Kalmar län, norra delen",Första kammaren,1918,1924,,man
22,Axel Theodor Adelswärd,f,Östergötlands län,Första kammaren,1918,1924,,man
23,Axel Träff,Socialdemokraterna,Östergötlands län,Första kammaren,1918,1924,,man
24,Axel Vindahl,f,Örebro län,Första kammaren,1918,1924,,man
25,Axel von Sneidern,h,Älvsborgs län,Första kammaren,1918,1924,,man
26,Carl Albert Lindhagen,,Västernorrlands län,Första kammaren,1918,1924,,man
27,Carl Boberg,h,"Kalmar län, södra delen",Första kammaren,1918,1924,,man
28,Carl Grewesmühl,bf,Västmanlands län,Första kammaren,1918,1924,,man
29,Carl Gustaf Ekman,f,Gävleborgs län,Första kammaren,1918,1924,,man
30,Carl Gustaf Wickman,Socialdemokraterna,Gävleborgs län,Första kammaren,1918,1924,,man
31,Carl Johan Gustaf Swartz,h,Norrköpings stad,Första kammaren,1918,1924,,man
32,Carl Johansson,Socialdemokraterna,Malmöhus län,Första kammaren,1918,1924,,man
33,Carl Romanus,,Stockholms stad,Första kammaren,1918,1924,,man
34,Carl Svensson,Socialdemokraterna,Södermanlands län,Första kammaren,1918,1924,,man
35,Carl Winberg,v-s,Norrbottens län,Första kammaren,1918,1924,,man
36,Carl-Axel Reuterskiöld,bf,Uppsala län,Första kammaren,1918,1924,,
37,Charles Lindley,Socialdemokraterna,Stockholms stad,Första kammaren,1918,1924,,man
38,Edvard Björnsson,,Älvsborgs län,Första kammaren,1918,1924,,man
39,Edvard Hagfält,,Uppsala län,Första kammaren,1918,1924,,man
40,Edvard Otto Vilhelm Wavrinsky,,Västmanlands län,Första kammaren,1918,1924,,man
41,Edward Larson,f,Skaraborgs län,Första kammaren,1918,1924,,man
42,Einar Thulin,Socialdemokraterna,Östergötlands län,Första kammaren,1918,1924,,man
43,En vakant plats,h,Kronobergs län,Första kammaren,1918,1924,,
44,Eric Hallin,h,Göteborgs och Bohus län,Första kammaren,1918,1924,,man
45,Erik August Enhörning,,Västernorrlands län,Första kammaren,1918,1924,,man
46,Erik Dalberg,Socialdemokraterna,Kopparbergs län,Första kammaren,1918,1924,,man
47,Erland von Hofsten,h,Skaraborgs län,Första kammaren,1918,1924,,man
48,Ernst B. Jönson,j,Göteborgs och Bohus län,Första kammaren,1918,1924,,man
49,Ernst Klefbeck,,Stockholms stad,Första kammaren,1918,1924,,man
50,Ernst Lyberg,f,Kopparbergs län,Första kammaren,1918,1924,,man
51,Ernst Svensson,bf,Skaraborgs län,Första kammaren,1918,1924,,man
52,Ernst Trygger,Ernst Trygger,Stockholms stad,Första kammaren,1918,1924,,man
53,Ernst Wigforss,Socialdemokraterna,Göteborgs stad,Första kammaren,1918,1924,,man
54,Fredrik Ström,v-s,Norrbottens län,Första kammaren,1918,1924,,man
55,Fritiof Lindskog,Socialdemokraterna,Malmöhus län,Första kammaren,1918,1924,,man
56,Frits Leander Lindqvist,,Västernorrlands län,Första kammaren,1918,1924,,
57,G.O. Erikson,Socialdemokraterna,Stockholms stad,Första kammaren,1918,1924,,
58,Gerhard Halfred von Koch,f,Örebro län,Första kammaren,1918,1924,,man
59,Gunnar Andersson i Djursholm,f,Helsingborgs stad,Första kammaren,1918,1924,,man
60,Gustaf Anton Larsén,Socialdemokraterna,Hallands län,Första kammaren,1918,1924,,man
61,Gustaf Barthelson,h,Skaraborgs län,Första kammaren,1918,1924,,man
62,Gustaf Boman,,Göteborgs stad,Första kammaren,1918,1924,,man
63,Gustaf Lagerbjelke,h,Stockholms län,Första kammaren,1918,1924,,man
64,Gustaf Malmberg,Socialdemokraterna,"Kalmar län, södra delen",Första kammaren,1918,1924,,man
65,Gustaf Nilsson i Kristianstad,Socialdemokraterna,Kristianstads län,Första kammaren,1918,1924,,man
66,Gustaf Sederholm,h,Södermanlands län,Första kammaren,1918,1924,,man
67,Gustaf Strömberg,Socialdemokraterna,Värmlands län,Första kammaren,1918,1924,,man
68,Gustav Möller,Socialdemokraterna,Stockholms län,Första kammaren,1918,1924,,man
69,Gustav Rosén,f,Västerbottens län,Första kammaren,1918,1924,,man
70,H.G. Andersson,j,Östergötlands län,Första kammaren,1918,1924,,
71,Helge Bäckström,Socialdemokraterna,Stockholms län,Första kammaren,1918,1924,,man
72,Henrik Öhngren,,Västernorrlands län,Första kammaren,1918,1924,,man
73,Herman Kvarnzelius,f,Västernorrlands län,Första kammaren,1918,1924,,man
74,Herman Lamm,,Stockholms stad,Första kammaren,1918,1924,,man
75,Hjalmar Wijk,f,Göteborgs stad,Första kammaren,1918,1924,,man
76,Hjalmar von Sydow,h,Örebro län,Första kammaren,1918,1924,,man
77,Hugo Erik Gustaf Hamilton,Hugo Erik Gustaf Hamilton,Älvsborgs län,Första kammaren,1918,1924,,man
78,I. Pettersson,bf,Örebro län,Första kammaren,1918,1924,,
79,Isak Svensson,f,Göteborgs och Bohus län,Första kammaren,1918,1924,,man
80,J. Johansson,bf,Gävleborgs län,Första kammaren,1918,1924,,
81,J. Johansson i Tränäset,j,Norrbottens län,Första kammaren,1918,1924,,
82,Jacob Larsson,,Malmöhus län,Första kammaren,1918,1924,,man
83,Jacob Spens,h,Jönköpings län,Första kammaren,1918,1924,,man
84,Jan Berglund,Socialdemokraterna,Stockholms stad,Första kammaren,1918,1924,,man
85,Janne Walles,Socialdemokraterna,Västernorrlands län,Första kammaren,1918,1924,,
86,Johan Bernhard Johansson,h,Hallands län,Första kammaren,1918,1924,,man
87,Johan Carlsson,h,Värmlands län,Första kammaren,1918,1924,,man
88,Johan Fredrik Kjellén,bf,Jönköpings län,Första kammaren,1918,1924,,man
89,Johan Gustaf Carlsson,Socialdemokraterna,Blekinge län,Första kammaren,1918,1924,,man
90,Johan Ingmansson,f,Blekinge län,Första kammaren,1918,1924,,man
91,Johan Johansson i Friggeråker,,Älvsborgs län,Första kammaren,1918,1924,,man
92,Johan Johansson i Hornsberg,f,Jämtlands län,Första kammaren,1918,1924,,man
93,Johan Nilsson i Malmö,Socialdemokraterna,Malmö stad,Första kammaren,1918,1924,,man
94,Johan Nilsson i Skottlandshus,h,Kristianstads län,Första kammaren,1918,1924,,man
95,Johan Olofsson i Digernäs,f,Jämtlands län,Första kammaren,1918,1924,,man
96,Johan Östberg,Johan Östberg,Stockholms stad,Första kammaren,1918,1924,,man
97,John Almkvist,f,Västerbottens län,Första kammaren,1918,1924,,man
98,John Jeansson,h,"Kalmar län, södra delen",Första kammaren,1918,1924,,man
99,Jöns Jesperson,,Malmöhus län,Första kammaren,1918,1924,,
100,Jöns Pålsson,f,Malmöhus län,Första kammaren,1918,1924,,
101,K.G. Westman,j,Östergötlands län,Första kammaren,1918,1924,,
102,Karl Andersson,f,Göteborgs och Bohus län,Första kammaren,1918,1924,,man
103,Karl August Nilson,f,Värmlands län,Första kammaren,1918,1924,,man
104,Karl Ekman,h,Jönköpings län,Första kammaren,1918,1924,,man
105,Karl Johan Alfred Gustafsson,h,Jönköpings län,Första kammaren,1918,1924,,man
106,Karl Johansson i Sölvedal,j,Blekinge län,Första kammaren,1918,1924,,man
107,Karl Rosling,,Jönköpings län,Första kammaren,1918,1924,,man
108,Karl Sandegård,,Älvsborgs län,Första kammaren,1918,1924,,man
109,Knut Heyman,h,Älvsborgs län,Första kammaren,1918,1924,,man
110,Knut Tengdahl,Socialdemokraterna,Värmlands län,Första kammaren,1918,1924,,man
111,Knut von Geijer,,Malmöhus län,Första kammaren,1918,1924,,man
112,Lars Gunnar Bodin,,Gotlands län,Första kammaren,1918,1924,,man
113,Leonard Tjällgren,,Västernorrlands län,Första kammaren,1918,1924,,man
114,Ludvig Widell,h,Göteborgs och Bohus län,Första kammaren,1918,1924,,man
115,Malkolm Pettersson,f,Jönköpings län,Första kammaren,1918,1924,,
116,Manne Asplund,Socialdemokraterna,Värmlands län,Första kammaren,1918,1924,,man
117,Mauritz Hellberg,f,Värmlands län,Första kammaren,1918,1924,,man
118,Måns Lundberg,Socialdemokraterna,Malmö stad,Första kammaren,1918,1924,,man
119,Nils Alexanderson,f,Uppsala län,Första kammaren,1918,1924,,man
120,Nils Anton Bondeson,f,Kronobergs län,Första kammaren,1918,1924,,man
121,Nils August Nilsson,,Malmöhus län,Första kammaren,1918,1924,,man
122,Nils Sigfrid,f,Kristianstads län,Första kammaren,1918,1924,,man
123,Nils Sigfrid Norling,Socialdemokraterna,Gävleborgs län,Första kammaren,1918,1924,,man
124,Nils Wohlin,j,Malmöhus län,Första kammaren,1918,1924,,man
125,Olaus Pettersson i Småkulla,f,Älvsborgs län,Första kammaren,1918,1924,,man
126,Ollas Anders Ericsson,bf,Hallands län,Första kammaren,1918,1924,,
127,Olof Bergqvist,h,Norrbottens län,Första kammaren,1918,1924,,man
128,Olof Lind,v-s,Kopparbergs län,Första kammaren,1918,1924,,man
129,Olof Olsson,Socialdemokraterna,Malmöhus län,Första kammaren,1918,1924,,man
130,Oscar Borge,Socialdemokraterna,Stockholms stad,Första kammaren,1918,1924,,man
131,Oscar Herman August Fleming,h,Östergötlands län,Första kammaren,1918,1924,,man
132,Oscar Olsson,Socialdemokraterna,Örebro län,Första kammaren,1918,1924,,man
133,Paul Hellström,f,Norrbottens län,Första kammaren,1918,1924,,man
134,Paul Paulson,,Malmöhus län,Första kammaren,1918,1924,,man
135,Per Axel Viktor Schotte,f,Västerbottens län,Första kammaren,1918,1924,,man
136,Per Norin,Socialdemokraterna,Gävleborgs län,Första kammaren,1918,1924,,man
137,Petrus Nilsson,j,"Kalmar län, södra delen",Första kammaren,1918,1924,,
138,Ragnar Barnekow,f,Kristianstads län,Första kammaren,1918,1924,,man
139,Rickard Sandler,Socialdemokraterna,Gävle stad,Första kammaren,1918,1924,,man
140,Samuel Clason,,Göteborgs stad,Första kammaren,1918,1924,,man
141,Sigfrid Hansson,Socialdemokraterna,Göteborgs och Bohus län,Första kammaren,1918,1924,,
142,Sten Stendahl,h,Stockholms stad,Första kammaren,1918,1924,,man
143,Teodor Julin,Socialdemokraterna,Gävleborgs län,Första kammaren,1918,1924,,man
144,Theodor Borell,h,Stockholms län,Första kammaren,1918,1924,,man
145,Uno Bernhard Steinholtz,h,"Kalmar län, norra delen",Första kammaren,1918,1924,,man
146,Vilhelm Söderbom,Socialdemokraterna,Skaraborgs län,Första kammaren,1918,1924,,man
147,William Linder,Socialdemokraterna,Kristianstads län,Första kammaren,1918,1924,,man
148,en vakant plats,,Södermanlands län,Första kammaren,1918,1924,,
149,Åhlmans Olof Olsson,bf,Kopparbergs län,Första kammaren,1918,1924,,
150,Åke Ingeström,f,Värmlands län,Första kammaren,1918,1924,,man
151,A. Östlund,Socialdemokraterna,Göteborgs stad,Första kammaren,1919,1925,,
152,Adam Hult,Liberalerna,Södermanlands och Västmanlands län,Första kammaren,1919,1925,,man
153,Adolf Berge,Socialdemokraterna,Stockholms län och Uppsala län,Första kammaren,1919,1925,,man
154,Adolf Lindgren,h,Örebro län,Första kammaren,1919,1925,,man
155,Albert Bergström,Socialdemokraterna,Östergötlands län med Norrköpings stad,Första kammaren,1919,1925,,man
156,Albin Andersson i Myggnäs,bf,Göteborgs och Bohus län,Första kammaren,1919,1925,,man
157,Alexis Björkman,Socialdemokraterna,Södermanlands och Västmanlands län,Första kammaren,1919,1925,,
158,Anders Antonsson,h,Malmöhus län med Malmö stad och Helsingborgs stad,Första kammaren,1919,1925,,man
159,Anders Elisson,j,Kronobergs och Hallands län,Första kammaren,1919,1925,,man
160,Anders Lindblad,Socialdemokraterna,Göteborgs stad,Första kammaren,1919,1925,,man
161,Anders Olof Frändén,h,Västernorrlands län och Jämtlands län,Första kammaren,1919,1925,,man
162,Anders Pers,Liberalerna,Kopparbergs län,Första kammaren,1919,1925,,man
163,Anders Örne,Socialdemokraterna,Örebro län,Första kammaren,1919,1925,,man
164,Anton Nilsson i Östrabo,h,Malmöhus län med Malmö stad och Helsingborgs stad,Första kammaren,1919,1925,,man
165,Anton Pettersson i Västerås,bf,Södermanlands och Västmanlands län,Första kammaren,1919,1925,,man
166,Arvid Thorberg,Socialdemokraterna,Stockholms stad,Första kammaren,1919,1925,,man
167,Assar Emanuel Åkerman,Socialdemokraterna,Södermanlands och Västmanlands län,Första kammaren,1919,1925,,man
168,August Johansson,Liberalerna,Skaraborgs län,Första kammaren,1919,1925,,man
169,August Ljunggren,f,Kronobergs och Hallands län,Första kammaren,1919,1925,,man
170,August Nilsson i Kabbarp,Socialdemokraterna,Malmöhus län med Malmö stad och Helsingborgs stad,Första kammaren,1919,1925,,man
171,Axel Fredrik Wennersten,h,Älvsborgs län,Första kammaren,1919,1925,,man
172,Axel Hansson Wachtmeister,h,Blekinge län och Kristianstads län,Första kammaren,1919,1925,,man
173,Axel Modig,Liberalerna,Södermanlands och Västmanlands län,Första kammaren,1919,1925,,man
174,Axel Olof Rune,Liberalerna,Kalmar läns norra och södra landstingsområden samt Gotlands län,Första kammaren,1919,1925,,man
175,Axel Rooth,h,Kronobergs och Hallands län,Första kammaren,1919,1925,,man
176,Axel Theodor Adelswärd,f,Östergötlands län med Norrköpings stad,Första kammaren,1919,1925,,man
177,Axel Vindahl,Liberalerna,Örebro län,Första kammaren,1919,1925,,man
178,Axel von Sneidern,h,Älvsborgs län,Första kammaren,1919,1925,,man
179,Bror Petrén,Liberalerna,Blekinge län och Kristianstads län,Första kammaren,1919,1925,,man
180,Carl Albert Lindhagen,v-s,Västernorrlands län och Jämtlands län,Första kammaren,1919,1925,,man
181,Carl Boberg,h,Kalmar läns norra och södra landstingsområden samt Gotlands län,Första kammaren,1919,1925,,man
182,Carl Carlsson,Liberalerna,Gävleborgs län med Gävle stad,Första kammaren,1919,1925,,man
183,Carl Eriksson i Ljusdal,Socialdemokraterna,Gävleborgs län med Gävle stad,Första kammaren,1919,1925,,man
184,Carl Gustaf Ekman,Liberalerna,Stockholms län och Uppsala län,Första kammaren,1919,1925,,man
185,Carl Hederstierna,h,Stockholms stad,Första kammaren,1919,1925,,man
186,Carl Johan Gustaf Swartz,h,Östergötlands län med Norrköpings stad,Första kammaren,1919,1925,,man
187,Carl Johansson,Socialdemokraterna,Malmöhus län med Malmö stad och Helsingborgs stad,Första kammaren,1919,1925,,man
188,Carl O. Olsson,bf,Blekinge län och Kristianstads län,Första kammaren,1919,1925,,man
189,Carl Schedin,bf,Kopparbergs län,Första kammaren,1919,1925,,man
190,Carl Svensson,Socialdemokraterna,Södermanlands och Västmanlands län,Första kammaren,1919,1925,,man
191,Carl Winberg,k,Västerbottens län och Norrbottens län,Första kammaren,1919,1925,,man
192,Carl-Axel Reuterskiöld,bf,Stockholms län och Uppsala län,Första kammaren,1919,1925,,
193,Charles Lindley,Socialdemokraterna,Stockholms stad,Första kammaren,1919,1925,,man
194,Daniel Alfred Petrén,Socialdemokraterna,Kopparbergs län,Första kammaren,1919,1925,,man
195,Edvard Björnsson,Socialdemokraterna,Älvsborgs län,Första kammaren,1919,1925,,man
196,Edvard Hagfält,Socialdemokraterna,Stockholms län och Uppsala län,Första kammaren,1919,1925,,man
197,Edward Larson i Lerdala,Liberalerna,Skaraborgs län,Första kammaren,1919,1925,,man
198,Einar Thulin,Socialdemokraterna,Östergötlands län med Norrköpings stad,Första kammaren,1919,1925,,man
199,Eliel Löfgren,Liberalerna,Stockholms län och Uppsala län,Första kammaren,1919,1925,,
200,Elof Andersson i Fältenborg,Liberalerna,Blekinge län och Kristianstads län,Första kammaren,1919,1925,,man
201,Eric Hallin,h,Göteborgs och Bohus län,Första kammaren,1919,1925,,man
202,Erik Abrahamsson,,Jönköpings län,Första kammaren,1919,1925,,man
203,Erik Anderson i Hägelåkra,h,Kalmar läns norra och södra landstingsområden samt Gotlands län,Första kammaren,1919,1925,,man
204,Erik August Enhörning,h,Västernorrlands län och Jämtlands län,Första kammaren,1919,1925,,man
205,Erik Dalberg,Socialdemokraterna,Kopparbergs län,Första kammaren,1919,1925,,man
206,Erik Vrang,h,Skaraborgs län,Första kammaren,1919,1925,,man
207,Ernst Klefbeck,Socialdemokraterna,Stockholms stad,Första kammaren,1919,1925,,man
208,Ernst Lyberg,Liberalerna,Kopparbergs län,Första kammaren,1919,1925,,man
209,Ernst Svensson i Eskhult,bf,Skaraborgs län,Första kammaren,1919,1925,,man
210,Ernst Trygger,h,Stockholms stad,Första kammaren,1919,1925,,man
211,Ernst Wigforss,Socialdemokraterna,Göteborgs stad,Första kammaren,1919,1925,,man
212,Ernst Åström,v-s,Kopparbergs län,Första kammaren,1919,1925,,man
213,Frits Gustav Möller,Socialdemokraterna,Stockholms län och Uppsala län,Första kammaren,1919,1925,,
214,Frits Leander Lindquist,Socialdemokraterna,Västernorrlands län och Jämtlands län,Första kammaren,1919,1925,,
215,Gerhard Halfred von Koch,Liberalerna,Örebro län,Första kammaren,1919,1925,,man
216,Gustaf A. Wahl,Socialdemokraterna,Stockholms stad,Första kammaren,1919,1925,,man
217,Gustaf Anton Larsén,Socialdemokraterna,Kronobergs och Hallands län,Första kammaren,1919,1925,,man
218,Gustaf Barthelson,h,Skaraborgs län,Första kammaren,1919,1925,,man
219,Gustaf Boman,h,Göteborgs stad,Första kammaren,1919,1925,,man
220,Gustaf H. Malmberg,Socialdemokraterna,Kalmar läns norra och södra landstingsområden samt Gotlands län,Första kammaren,1919,1925,,man
221,Gustaf Lagerbjelke,h,Stockholms län och Uppsala län,Första kammaren,1919,1925,,man
222,Gustaf Nilsson i Kristianstad,Socialdemokraterna,Blekinge län och Kristianstads län,Första kammaren,1919,1925,,man
223,Gustaf Sederholm,h,Södermanlands och Västmanlands län,Första kammaren,1919,1925,,man
224,Gustaf Strömberg,Socialdemokraterna,Värmlands län,Första kammaren,1919,1925,,man
225,Gustav Rosén,Liberalerna,Västerbottens län och Norrbottens län,Första kammaren,1919,1925,,man
226,Henrik Öhngren,Liberalerna,Västernorrlands län och Jämtlands län,Första kammaren,1919,1925,,man
227,Herman Kvarnzelius,Liberalerna,Västernorrlands län och Jämtlands län,Första kammaren,1919,1925,,man
228,Herman Lamm,f,Stockholms stad,Första kammaren,1919,1925,,man
229,Herman Rogberg,h,Västerbottens län och Norrbottens län,Första kammaren,1919,1925,,man
230,Hjalmar von Sydow,h,Stockholms stad,Första kammaren,1919,1925,,man
231,Hugo Erik Gustaf Hamilton,Hugo Erik Gustaf Hamilton,Älvsborgs län,Första kammaren,1919,1925,,man
232,Ingebrekt Bergman,Liberalerna,Västernorrlands län och Jämtlands län,Första kammaren,1919,1925,,
233,Isak Svensson i Grindstorp,Liberalerna,Göteborgs och Bohus län,Första kammaren,1919,1925,,man
234,Ivan Pauli,Socialdemokraterna,Jönköpings län,Första kammaren,1919,1925,,man
235,J. Axel Träff,Socialdemokraterna,Östergötlands län med Norrköpings stad,Första kammaren,1919,1925,,
236,J. P. Johansson,Liberalerna,Västernorrlands län och Jämtlands län,Första kammaren,1919,1925,,
237,J.G. Carlsson,Socialdemokraterna,Blekinge län och Kristianstads län,Första kammaren,1919,1925,,
238,Jacob Larsson,Socialdemokraterna,Malmöhus län med Malmö stad och Helsingborgs stad,Första kammaren,1919,1925,,man
239,Jacob Spens,h,Jönköpings län,Första kammaren,1919,1925,,man
240,Jan Berglund,Socialdemokraterna,Stockholms stad,Första kammaren,1919,1925,,man
241,Janne Walles,Socialdemokraterna,Västernorrlands län och Jämtlands län,Första kammaren,1919,1925,,
242,Johan Bernhard Johansson i Fredrikslund,h,Kronobergs och Hallands län,Första kammaren,1919,1925,,man
243,Johan Carlsson,h,Värmlands län,Första kammaren,1919,1925,,man
244,Johan Johansson i Friggeråker,bf,Älvsborgs län,Första kammaren,1919,1925,,man
245,Johan Nilsson i Malmö,Socialdemokraterna,Malmöhus län med Malmö stad och Helsingborgs stad,Första kammaren,1919,1925,,man
246,Johan Nilsson i Skottlandshus,h,Blekinge län och Kristianstads län,Första kammaren,1919,1925,,man
247,John Almkvist,Liberalerna,Västerbottens län och Norrbottens län,Första kammaren,1919,1925,,man
248,John Jeansson,h,Kalmar läns norra och södra landstingsområden samt Gotlands län,Första kammaren,1919,1925,,man
249,Jonas Andersson i Hedsta,h,Gävleborgs län med Gävle stad,Första kammaren,1919,1925,,man
250,Jöns Jönsson i Slätåker,h,Malmöhus län med Malmö stad och Helsingborgs stad,Första kammaren,1919,1925,,
251,Jöns Pålsson,Liberalerna,Malmöhus län med Malmö stad och Helsingborgs stad,Första kammaren,1919,1925,,
252,K.G. Westman,bf,Östergötlands län med Norrköpings stad,Första kammaren,1919,1925,,
253,Karl Andersson i Eliantorp,bf,Östergötlands län med Norrköpings stad,Första kammaren,1919,1925,,man
254,Karl Andersson i Fiskebäckskil (senare i Stockholm),f,Göteborgs och Bohus län,Första kammaren,1919,1925,,man
255,Karl August Nilsson,Liberalerna,Värmlands län,Första kammaren,1919,1925,,man
256,Karl Ekman,h,Jönköpings län,Första kammaren,1919,1925,,man
257,Karl Franzén,Socialdemokraterna,Värmlands län,Första kammaren,1919,1925,,man
258,Karl Johan Alfred Gustafsson,h,Jönköpings län,Första kammaren,1919,1925,,man
259,Karl Sandegård,Socialdemokraterna,Älvsborgs län,Första kammaren,1919,1925,,man
260,Kerstin Hesselgren,Liberalerna,Göteborgs stad,Första kammaren,1919,1925,,woman
261,Knut Ebbe von Geijer,,Malmöhus län med Malmö stad och Helsingborgs stad,Första kammaren,1919,1925,,man
262,Knut Heyman,h,Älvsborgs län,Första kammaren,1919,1925,,man
263,Knut Tengdahl,Socialdemokraterna,Värmlands län,Första kammaren,1919,1925,,man
264,Lars Gunnar Bodin,,Kalmar läns norra och södra landstingsområden samt Gotlands län,Första kammaren,1919,1925,,man
265,Leonard Tjällgren,bf,Västernorrlands län och Jämtlands län,Första kammaren,1919,1925,,man
266,Ludvig Widell,h,Göteborgs och Bohus län,Första kammaren,1919,1925,,man
267,Manne Asplund,Socialdemokraterna,Västerbottens län och Norrbottens län,Första kammaren,1919,1925,,man
268,Martin Svensson i Kompersmåla,h,Kronobergs och Hallands län,Första kammaren,1919,1925,,man
269,Mauritz Hellberg,Liberalerna,Värmlands län,Första kammaren,1919,1925,,man
270,Nils Anton Bondeson,Liberalerna,Kronobergs och Hallands län,Första kammaren,1919,1925,,man
271,Nils Gabrielsson,bf,Västerbottens län och Norrbottens län,Första kammaren,1919,1925,,man
272,Nils Persson i Malmö,Socialdemokraterna,Malmöhus län med Malmö stad och Helsingborgs stad,Första kammaren,1919,1925,,man
273,Nils Sigfrid Norling,Socialdemokraterna,Gävleborgs län med Gävle stad,Första kammaren,1919,1925,,man
274,Nils Wohlin,bf,Malmöhus län med Malmö stad och Helsingborgs stad,Första kammaren,1919,1925,,man
275,Olaus Pettersson i Småkulla,Liberalerna,Älvsborgs län,Första kammaren,1919,1925,,man
276,Olof Bergqvist,h,Västerbottens län och Norrbottens län,Första kammaren,1919,1925,,man
277,Olof Carlsson,Socialdemokraterna,Blekinge län och Kristianstads län,Första kammaren,1919,1925,,man
278,Olof Olsson,Socialdemokraterna,Malmöhus län med Malmö stad och Helsingborgs stad,Första kammaren,1919,1925,,man
279,Oscar Ericson i Oberga,bf,Jönköpings län,Första kammaren,1919,1925,,man
280,Oscar Herman August Fleming,h,Östergötlands län med Norrköpings stad,Första kammaren,1919,1925,,man
281,Oscar Olsson,Socialdemokraterna,Örebro län,Första kammaren,1919,1925,,man
282,Oskar Strutz,Liberalerna,Södermanlands och Västmanlands län,Första kammaren,1919,1925,,man
283,Otto Strömberg,h,Stockholms län och Uppsala län,Första kammaren,1919,1925,,man
284,Paul Hellström,Liberalerna,Västerbottens län och Norrbottens län,Första kammaren,1919,1925,,man
285,Per Andersson i Koldemo,bf,Gävleborgs län med Gävle stad,Första kammaren,1919,1925,,man
286,Per Gustafsson i Benestad,bf,Kronobergs och Hallands län,Första kammaren,1919,1925,,man
287,Per Norin,Socialdemokraterna,Gävleborgs län med Gävle stad,Första kammaren,1919,1925,,man
288,Petrus Nilsson i Gränebo,bf,Kalmar läns norra och södra landstingsområden samt Gotlands län,Första kammaren,1919,1925,,
289,Rickard Sandler,Socialdemokraterna,Gävleborgs län med Gävle stad,Första kammaren,1919,1925,,man
290,Samuel Clason,h,Stockholms stad,Första kammaren,1919,1925,,man
291,Sigfrid Hansson,Socialdemokraterna,Göteborgs och Bohus län,Första kammaren,1919,1925,,
292,Sten Stendahl,h,Stockholms stad,Första kammaren,1919,1925,,man
293,Teodor Julin,Socialdemokraterna,Stockholms län och Uppsala län,Första kammaren,1919,1925,,man
294,Theodor Borell,h,Stockholms län och Uppsala län,Första kammaren,1919,1925,,man
295,Torsten Nothin,Socialdemokraterna,Södermanlands och Västmanlands län,Första kammaren,1919,1925,,
296,Torsten Ström,Socialdemokraterna,Skaraborgs län,Första kammaren,1919,1925,,
297,Ulrik Leander,Liberalerna,Blekinge län och Kristianstads län,Första kammaren,1919,1925,,man
298,William Linder,Socialdemokraterna,Blekinge län och Kristianstads län,Första kammaren,1919,1925,,man
299,Åke Ingeström,Liberalerna,Värmlands län,Första kammaren,1919,1925,,man
300,Adolf Alexandersson,Liberalerna,Södra valkretsen,Andra kammaren,1921,1921,,man
301,Adolf Hellberg,Socialdemokraterna,Norra valkretsen,Andra kammaren,1921,1921,,man
302,Adolf Janson i Kungsör,Liberalerna,Västra valkretsen,Andra kammaren,1921,1921,,man
303,Adolf Linus Lundström,Liberalerna,Södra valkretsen,Andra kammaren,1921,1921,,man
304,Adolf Wallerius,h,Södra valkretsen,Andra kammaren,1921,1921,,man
305,Adolf Wiklund,h,Södra valkretsen,Andra kammaren,1921,1921,,man
306,Adolv Olsson i Gävle,Socialdemokraterna,Gästriklands valkrets,Andra kammaren,1921,1921,,
307,Albert Johansson i Kragstorp,h,Norra valkretsen,Andra kammaren,1921,1921,,man
308,Alexander Thore,h,Göteborgs stad,Andra kammaren,1921,1921,,man
309,Alfred Lindström,,Södra valkretsen,Andra kammaren,1921,1921,,man
310,Alfred Persson i Björsbyholm,Liberalerna,Norra valkretsen,Andra kammaren,1921,1921,,man
311,Alfred Pettersson i Vråtsered,h,Mellersta valkretsen,Andra kammaren,1921,1921,,man
312,Algot Sjöström,Socialdemokraterna,Göteborgs stad,Andra kammaren,1921,1921,,man
313,Anders Anderson i Råstock,Socialdemokraterna,Norra valkretsen,Andra kammaren,1921,1921,,man
314,Anders Hansson i Trollhättan,Socialdemokraterna,Mellersta valkretsen,Andra kammaren,1921,1921,,man
315,Anders Johan Bärg,Socialdemokraterna,Södra valkretsen,Andra kammaren,1921,1921,,man
316,Anders Johan Johansson i Pors,bf,Östra valkretsen,Andra kammaren,1921,1921,,man
317,Anders Lindgren,bf,Norra valkretsen,Andra kammaren,1921,1921,,man
318,Anders Olsson,Socialdemokraterna,Norra valkretsen,Andra kammaren,1921,1921,,man
319,Anders Paulsen i Arlöv,Socialdemokraterna,Mellersta valkretsen,Andra kammaren,1921,1921,,man
320,Anders Petter Gustafsson i Örebro,h,Norra valkretsen,Andra kammaren,1921,1921,,man
321,Anders Victor Isaksson,h,Norra valkretsen,Andra kammaren,1921,1921,,man
322,Anton Wikström,Liberalerna,Norra valkretsen,Andra kammaren,1921,1921,,man
323,Arthur Engberg,Socialdemokraterna,Malmö stad,Andra kammaren,1921,1921,,man
324,Arthur Wilhelm Gustafsson i Kasenberg,h,Norra valkretsen,Andra kammaren,1921,1921,,man
325,Arvid Andersson i Saxtorp,bf,Mellersta valkretsen,Andra kammaren,1921,1921,,man
326,Arvid Lindman,h,Första valkretsen,Andra kammaren,1921,1921,,man
327,August Danielsson i Mörlanda,Liberalerna,Mellersta valkretsen,Andra kammaren,1921,1921,,man
328,August Schill,Liberalerna,Norra valkretsen,Andra kammaren,1921,1921,,man
329,August Sävström,Socialdemokraterna,Hälsinglands södra valkrets,Andra kammaren,1921,1921,,man
330,August Wilhelm Pettersson i Köping,Socialdemokraterna,Västra valkretsen,Andra kammaren,1921,1921,,man
331,Axel Hugo Hansson i Sölvesborg,Socialdemokraterna,Blekinge län,Andra kammaren,1921,1921,,man
332,Axel Ljungberg,Socialdemokraterna,Norra valkretsen,Andra kammaren,1921,1921,,man
333,Axel Sundling,h,Södra valkretsen,Andra kammaren,1921,1921,,man
334,Bernhard Corneliusson,h,Norra valkretsen,Andra kammaren,1921,1921,,man
335,Bernhard Nilsson i Landeryd,,Västra valkretsen,Andra kammaren,1921,1921,,man
336,Björn Frithiofsson Holmgren,h,Blekinge län,Andra kammaren,1921,1921,,man
337,C. O. Larsson i Sjötorp,h,Norra valkretsen,Andra kammaren,1921,1921,,
338,C.A. Carlsson i Gävle,Liberalerna,Gästriklands valkrets,Andra kammaren,1921,1921,,
339,C.J. Ericsson i Arboga,Socialdemokraterna,Västra valkretsen,Andra kammaren,1921,1921,,
340,C.J. Jonsson i Mörkhult,h,Västra valkretsen,Andra kammaren,1921,1921,,
341,Carl Albin Björkman,bf,Södra valkretsen,Andra kammaren,1921,1921,,man
342,Carl Alfred Svensson i Skönsberg,Socialdemokraterna,Medelpads valkrets,Andra kammaren,1921,1921,,man
343,Carl Arvid Anderson i Vara,h,Södra valkretsen,Andra kammaren,1921,1921,,man
344,Carl Gustaf Olsson i Golvasta,bf,Uppsala län,Andra kammaren,1921,1921,,man
345,Carl Hederstierna,h,Hallands län,Andra kammaren,1921,1921,,man
346,Carl Jansson i Edsbäcken,Liberalerna,Östra valkretsen,Andra kammaren,1921,1921,,man
347,Carl Johan Högström,Socialdemokraterna,Gästriklands valkrets,Andra kammaren,1921,1921,,man
348,Carl Johan Johansson i Uppmälby,Socialdemokraterna,Södra valkretsen,Andra kammaren,1921,1921,,man
349,Carl Johanson i Hörninge,bf,Södra valkretsen,Andra kammaren,1921,1921,,man
350,Carl Johansson i Gäre,Liberalerna,Norra valkretsen,Andra kammaren,1921,1921,,man
351,Carl Lovén,Socialdemokraterna,Malmö stad,Andra kammaren,1921,1921,,man
352,Carl Oscar Johansson i Sollefteå,v-s,Ångermanlands södra valkrets,Andra kammaren,1921,1921,,man
353,Carl Ros,h,Östra valkretsen,Andra kammaren,1921,1921,,man
354,Carl Sehlin,Liberalerna,Södra valkretsen,Andra kammaren,1921,1921,,man
355,Carl Sjögren,Socialdemokraterna,Norra valkretsen,Andra kammaren,1921,1921,,man
356,Carl Strid,Socialdemokraterna,Hallands län,Andra kammaren,1921,1921,,man
357,Carl Wahren,,Norrköping-Linköpings valkrets,Andra kammaren,1921,1921,,man
358,Carl Wilhelm Oskar Höglund,Socialdemokraterna,Göteborgs stad,Andra kammaren,1921,1921,,man
359,Carl Öberg,h,Ångermanlands norra valkrets,Andra kammaren,1921,1921,,man
360,Christian Ericson i Funäsdalen,v-s,Södra valkretsen,Andra kammaren,1921,1921,,man
361,Cornelius Olsson i Berg,h,Södra valkretsen,Andra kammaren,1921,1921,,man
362,Daniel Poppius,h,Mellersta valkretsen,Andra kammaren,1921,1921,,man
363,David Hjalmar Pettersson i Bjälbo,h,Södra valkretsen,Andra kammaren,1921,1921,,man
364,David Norman,h,Södra valkretsen,Andra kammaren,1921,1921,,man
365,E. Eriksson i Sörbo,bf,Östra valkretsen,Andra kammaren,1921,1921,,
366,Edvard Johanson,Socialdemokraterna,Första valkretsen,Andra kammaren,1921,1921,,man
367,Edvard Lithander,h,Göteborgs stad,Andra kammaren,1921,1921,,man
368,Edvard Uddenberg,Socialdemokraterna,Södra valkretsen,Andra kammaren,1921,1921,,man
369,Edvin Leffler,h,Södra valkretsen,Andra kammaren,1921,1921,,man
370,Eliel Löfgren,Liberalerna,Andra valkretsen,Andra kammaren,1921,1921,,
371,Elof Lindström,h,Södra valkretsen,Andra kammaren,1921,1921,,man
372,Emanuel Holmner,Liberalerna,Södra valkretsen,Andra kammaren,1921,1921,,man
373,Emil Andersson i Prästbol,Socialdemokraterna,Norra valkretsen,Andra kammaren,1921,1921,,man
374,Emil Bengtsson i Kullen,h,Södra valkretsen,Andra kammaren,1921,1921,,man
375,Emil Kristensson,Socialdemokraterna,Göteborgs stad,Andra kammaren,1921,1921,,man
376,En vakant plats (s),En vakant plats,Andra valkretsen,Andra kammaren,1921,1921,,
377,Erik Agabus Nilson i Örebro,Liberalerna,Norra valkretsen,Andra kammaren,1921,1921,,man
378,Erik Fast,Socialdemokraterna,Västra valkretsen,Andra kammaren,1921,1921,,man
379,Erik Godin,Liberalerna,Ångermanlands norra valkrets,Andra kammaren,1921,1921,,man
380,Erik Gustaf Johansson i Kullersta,Socialdemokraterna,Norra valkretsen,Andra kammaren,1921,1921,,man
381,Erik Laurén,h,Norra valkretsen,Andra kammaren,1921,1921,,man
382,Erik Nylander,h,Andra valkretsen,Andra kammaren,1921,1921,,man
383,Erik Röing,Liberalerna,Göteborgs stad,Andra kammaren,1921,1921,,man
384,Erik Åkerlund,h,Norra valkretsen,Andra kammaren,1921,1921,,man
385,Ernst Eriksson,Socialdemokraterna,Andra valkretsen,Andra kammaren,1921,1921,,man
386,Ernst Hage,v-s,Södra valkretsen,Andra kammaren,1921,1921,,man
387,Eskils Hans Hansson i Rättvik,Liberalerna,Norra valkretsen,Andra kammaren,1921,1921,,
388,Ewald Lindmark,h,Norra valkretsen,Andra kammaren,1921,1921,,
389,F.V. Thorsson,Socialdemokraterna,Södra valkretsen,Andra kammaren,1921,1921,,
390,Fabian Månsson,v-s,Gästriklands valkrets,Andra kammaren,1921,1921,,man
391,Felix Hamrin,Liberalerna,Västra valkretsen,Andra kammaren,1921,1921,,man
392,Frans Axel Lagerquist i Malmbäck,b,Östra valkretsen,Andra kammaren,1921,1921,,man
393,Frans Ericson i Boxholm,Socialdemokraterna,Södra valkretsen,Andra kammaren,1921,1921,,man
394,Fredrik Aarnseth,Socialdemokraterna,Västra valkretsen,Andra kammaren,1921,1921,,man
395,Fredrik Block,h,Första valkretsen,Andra kammaren,1921,1921,,man
396,Fritz Kaijser,h,Ångermanlands södra valkrets,Andra kammaren,1921,1921,,man
397,Gerhard Strindlund,bf,Ångermanlands södra valkrets,Andra kammaren,1921,1921,,man
398,Gottfrid Karlsson i Vadstena,Socialdemokraterna,Södra valkretsen,Andra kammaren,1921,1921,,man
399,Gustaf Adolf Björkman,h,Norrköping-Linköpings valkrets,Andra kammaren,1921,1921,,man
400,Gustaf Andersson,Liberalerna,Västra valkretsen,Andra kammaren,1921,1921,,man
401,Gustaf Flognfält,Socialdemokraterna,Västra valkretsen,Andra kammaren,1921,1921,,man
402,Gustaf Nilson i Vibberbo,bf,Västra valkretsen,Andra kammaren,1921,1921,,man
403,Gustaf Olsson i Ramsta,Liberalerna,Södra valkretsen,Andra kammaren,1921,1921,,man
404,Gustav Hansson i Gårda,Socialdemokraterna,Södra valkretsen,Andra kammaren,1921,1921,,man
405,Gustav Johansson (senare Hallagård),bf,Södra valkretsen,Andra kammaren,1921,1921,,man
406,Harald Hallén,Socialdemokraterna,Norra valkretsen,Andra kammaren,1921,1921,,man
407,Helge Bäcklund,Socialdemokraterna,Södra valkretsen,Andra kammaren,1921,1921,,man
408,Henrik Andersson,,Norra valkretsen,Andra kammaren,1921,1921,,man
409,Herman Andersson i Grimbo,,Södra valkretsen,Andra kammaren,1921,1921,,man
410,Herman Blomquist,Socialdemokraterna,Östra valkretsen,Andra kammaren,1921,1921,,man
411,Herman Lindqvist,Socialdemokraterna,Första valkretsen,Andra kammaren,1921,1921,,man
412,Herman Norling,Socialdemokraterna,Östra valkretsen,Andra kammaren,1921,1921,,man
413,Hj. Carlsson i Mossby,Socialdemokraterna,Södra valkretsen,Andra kammaren,1921,1921,,
414,Hjalmar Branting,Socialdemokraterna,Första valkretsen,Andra kammaren,1921,1921,,man
415,Hjalmar Gustafson,Socialdemokraterna,Första valkretsen,Andra kammaren,1921,1921,,man
416,Hjalmar Svensson i Grönvik,bf,Östra valkretsen,Andra kammaren,1921,1921,,man
417,Hugo Karlström,,Gotlands län,Andra kammaren,1921,1921,,man
418,Ivan Bratt,Liberalerna,Första valkretsen,Andra kammaren,1921,1921,,man
419,Ivar Jansson i Talby,Liberalerna,Södra valkretsen,Andra kammaren,1921,1921,,man
420,Ivar Vennerström,Socialdemokraterna,Ångermanlands södra valkrets,Andra kammaren,1921,1921,,man
421,Jakob Pettersson,Liberalerna,Södra valkretsen,Andra kammaren,1921,1921,,man
422,Jeppe Clemedtson,h,Blekinge län,Andra kammaren,1921,1921,,
423,Johan August Jonsson i Hökhult,h,Östra valkretsen,Andra kammaren,1921,1921,,man
424,Johan Bernhard Eriksson i Grängesberg,Socialdemokraterna,Västra valkretsen,Andra kammaren,1921,1921,,man
425,Johan Gustaf Svensson i Betingetorp,h,Östra valkretsen,Andra kammaren,1921,1921,,man
426,Johan Jönsson i Revinge,Liberalerna,Mellersta valkretsen,Andra kammaren,1921,1921,,man
427,Johan Lars Wilhelm Stjernstedt,h,Norra valkretsen,Andra kammaren,1921,1921,,man
428,Johan Larsson i Jonsjö,bf,Hallands län,Andra kammaren,1921,1921,,man
429,Johan Peter Igel,Liberalerna,Västra valkretsen,Andra kammaren,1921,1921,,man
430,Johan Rehn,Liberalerna,Södra valkretsen,Andra kammaren,1921,1921,,man
431,Johan Wilhelm Billqvist,Socialdemokraterna,Norra valkretsen,Andra kammaren,1921,1921,,man
432,John Erlansson,h,Nordvästra valkretsen,Andra kammaren,1921,1921,,man
433,John Jönsson i Boa,h,Blekinge län,Andra kammaren,1921,1921,,man
434,John L. Falk,h,Södra valkretsen,Andra kammaren,1921,1921,,man
435,Jonas Dahlén,v-s,Norra valkretsen,Andra kammaren,1921,1921,,man
436,Jonas Nikolaus Svedberg,bf,Hälsinglands södra valkrets,Andra kammaren,1921,1921,,man
437,Jones Erik Andersson i Ovanåker,bf,Norra valkretsen,Andra kammaren,1921,1921,,
438,Julius Hedvall,Socialdemokraterna,Göteborgs stad,Andra kammaren,1921,1921,,man
439,K. Bergström i Högsön,h,Norra valkretsen,Andra kammaren,1921,1921,,
440,Karl Allan Westman,,Södra valkretsen,Andra kammaren,1921,1921,,man
441,Karl Arthur Ryberg,bf,Södra valkretsen,Andra kammaren,1921,1921,,man
442,Karl August Borg,Socialdemokraterna,Uppsala län,Andra kammaren,1921,1921,,man
443,Karl Johan Söderberg,Socialdemokraterna,Södra valkretsen,Andra kammaren,1921,1921,,man
444,Karl Magnus Anderson i Milsmaden,Liberalerna,Södra valkretsen,Andra kammaren,1921,1921,,man
445,Karl Magnusson,h,Norra valkretsen,Andra kammaren,1921,1921,,man
446,Karl Magnusson i Kalmar,Socialdemokraterna,Södra valkretsen,Andra kammaren,1921,1921,,man
447,Karl Starbäck,,Andra valkretsen,Andra kammaren,1921,1921,,man
448,Karl Ward,Socialdemokraterna,Norrköping-Linköpings valkrets,Andra kammaren,1921,1921,,man
449,Knut Erik Wilhelm Söderhielm,h,Andra valkretsen,Andra kammaren,1921,1921,,man
450,Lars Anton Björklund,Socialdemokraterna,Nordvästra valkretsen,Andra kammaren,1921,1921,,man
451,Lars Borggren,Socialdemokraterna,Nordvästra valkretsen,Andra kammaren,1921,1921,,man
452,Lars Dalgren,Socialdemokraterna,Norra valkretsen,Andra kammaren,1921,1921,,man
453,Lars Johan Carlsson i Frosterud,Socialdemokraterna,Östra valkretsen,Andra kammaren,1921,1921,,man
454,Lars Olsson i Hov,Liberalerna,Hälsinglands norra valkrets,Andra kammaren,1921,1921,,man
455,Ludwig Brännström,h,Norra valkretsen,Andra kammaren,1921,1921,,man
456,Malte Sommelius,h,"Hälsingborg, Landskrona och Lund",Andra kammaren,1921,1921,,man
457,Martin Andersson i Igelboda,Socialdemokraterna,Södra valkretsen,Andra kammaren,1921,1921,,man
458,Martin Jensen,Socialdemokraterna,"Hälsingborg, Landskrona och Lund",Andra kammaren,1921,1921,,man
459,Nils Björk i Tryde,Socialdemokraterna,Sydöstra valkretsen,Andra kammaren,1921,1921,,man
460,Nils Broander,h,Gotlands län,Andra kammaren,1921,1921,,man
461,Nils Edén,Liberalerna,Uppsala län,Andra kammaren,1921,1921,,man
462,Nils Erik Nilsson i Antnäs,h,Södra valkretsen,Andra kammaren,1921,1921,,man
463,Nils Johansson i Brånalt,,Hallands län,Andra kammaren,1921,1921,,man
464,Nils Månsson i Erlandsro,h,Södra valkretsen,Andra kammaren,1921,1921,,man
465,Nils Olsson i Rösta,Liberalerna,Norra valkretsen,Andra kammaren,1921,1921,,man
466,Nils Svensson i Långelanda,h,Västra valkretsen,Andra kammaren,1921,1921,,man
467,Nils Törnkvist,Socialdemokraterna,Norra valkretsen,Andra kammaren,1921,1921,,man
468,Nils Winkler,h,Malmö stad,Andra kammaren,1921,1921,,man
469,O.E. Eriksson i Fors,Liberalerna,Östra valkretsen,Andra kammaren,1921,1921,,
470,Ola Hansson Waldén,Socialdemokraterna,"Hälsingborg, Landskrona och Lund",Andra kammaren,1921,1921,,man
471,Olof Andersson i Höör,Socialdemokraterna,Mellersta valkretsen,Andra kammaren,1921,1921,,man
472,Olof Johansson i Edsbyn,f,Hälsinglands södra valkrets,Andra kammaren,1921,1921,,man
473,Olof Nilsson,Socialdemokraterna,Norra valkretsen,Andra kammaren,1921,1921,,man
474,Olof Nilsson i Örebro,Socialdemokraterna,Norra valkretsen,Andra kammaren,1921,1921,,man
475,Olof Olsson,,Norra valkretsen,Andra kammaren,1921,1921,,man
476,Oscar Carlström,Liberalerna,Östra valkretsen,Andra kammaren,1921,1921,,man
477,Oscar Ericson i Oberga,b,Östra valkretsen,Andra kammaren,1921,1921,,man
478,Oscar Johanson i Huskvarna,h,Västra valkretsen,Andra kammaren,1921,1921,,man
479,Oscar Jonsson i Risinge,,Norra valkretsen,Andra kammaren,1921,1921,,man
480,Oscar Lövgren i Nyborg,Socialdemokraterna,Norra valkretsen,Andra kammaren,1921,1921,,man
481,Oscar Nathanael Olsson (senare Broberg),h,Norra valkretsen,Andra kammaren,1921,1921,,man
482,Oscar Osberg,Liberalerna,Norra valkretsen,Andra kammaren,1921,1921,,man
483,Oskar Hagman,Socialdemokraterna,Första valkretsen,Andra kammaren,1921,1921,,man
484,Oskar Jonson i Remröd,h,Södra valkretsen,Andra kammaren,1921,1921,,man
485,Oskar Kloo,Socialdemokraterna,Blekinge län,Andra kammaren,1921,1921,,man
486,Oskar Sjölander,Socialdemokraterna,Uppsala län,Andra kammaren,1921,1921,,man
487,Otto Magnusson i Tumbhult,h,Västra valkretsen,Andra kammaren,1921,1921,,man
488,Pehr August Andersson i Knäppinge,h,Södra valkretsen,Andra kammaren,1921,1921,,
489,Pehr Pehrsson,h,Göteborgs stad,Andra kammaren,1921,1921,,
490,Per Albin Hansson,Socialdemokraterna,Andra valkretsen,Andra kammaren,1921,1921,,man
491,Per Edvin Sköld,Socialdemokraterna,Södra valkretsen,Andra kammaren,1921,1921,,man
492,Per Godén,Liberalerna,Östra valkretsen,Andra kammaren,1921,1921,,man
493,Per Granath,Socialdemokraterna,Hälsinglands norra valkrets,Andra kammaren,1921,1921,,man
494,Per Johan Persson i Tofta,Liberalerna,Hallands län,Andra kammaren,1921,1921,,man
495,Per Jonas Edberg,bf,Medelpads valkrets,Andra kammaren,1921,1921,,man
496,Per Månsson i Backa,bf,Norra valkretsen,Andra kammaren,1921,1921,,man
497,Per Nilsson i Bonarp,h,Nordvästra valkretsen,Andra kammaren,1921,1921,,man
498,Per Olsson i Fiskeby,bf,Hälsinglands norra valkrets,Andra kammaren,1921,1921,,man
499,Per Persson i Trången,,Norra valkretsen,Andra kammaren,1921,1921,,man
500,Peter Magnus Olsson i Blädinge,h,Västra valkretsen,Andra kammaren,1921,1921,,man
501,Petrus Bergström,Liberalerna,Ångermanlands norra valkrets,Andra kammaren,1921,1921,,
502,Petrus Ödström,Liberalerna,Södra valkretsen,Andra kammaren,1921,1921,,
503,Raoul Hamilton,Liberalerna,Sydöstra valkretsen,Andra kammaren,1921,1921,,man
504,Reinhold Eliasson,Liberalerna,Västra valkretsen,Andra kammaren,1921,1921,,man
505,Richard Hermelin,h,Hallands län,Andra kammaren,1921,1921,,man
506,Robert Jansson i Falun,Socialdemokraterna,Östra valkretsen,Andra kammaren,1921,1921,,man
507,Robert Karlsson i Gasabäck,Liberalerna,Medelpads valkrets,Andra kammaren,1921,1921,,man
508,Samuel Hedlund,h,Södra valkretsen,Andra kammaren,1921,1921,,man
509,Sigurd Carlsson i Solberga,h,Norra valkretsen,Andra kammaren,1921,1921,,man
510,Sven Bengtsson i Norup,Liberalerna,Nordvästra valkretsen,Andra kammaren,1921,1921,,man
511,Sven Edward Julius Lübeck,h,Andra valkretsen,Andra kammaren,1921,1921,,man
512,Sven Johan Karlsson i Nynäshamn,Socialdemokraterna,Södra valkretsen,Andra kammaren,1921,1921,,man
513,Sven Ljungkvist,Socialdemokraterna,Södra valkretsen,Andra kammaren,1921,1921,,man
514,Sven Olsson i Labbemåla,Liberalerna,Södra valkretsen,Andra kammaren,1921,1921,,man
515,Svening Alfred Larsson i Kroken,h,Södra valkretsen,Andra kammaren,1921,1921,,
516,Swen Jönsson i Fridhill,Liberalerna,Sydöstra valkretsen,Andra kammaren,1921,1921,,
517,Swen Persson i Fritorp,h,Sydöstra valkretsen,Andra kammaren,1921,1921,,
518,Theodor Gardell,,Gotlands län,Andra kammaren,1921,1921,,man
519,Theodor af Ekenstam,h,Norra valkretsen,Andra kammaren,1921,1921,,man
520,Torsten Thorsell,h,Södra valkretsen,Andra kammaren,1921,1921,,
521,Ulrik Leander,Liberalerna,Blekinge län,Andra kammaren,1921,1921,,man
522,Valfrid Eriksson i Överbyn,h,Norra valkretsen,Andra kammaren,1921,1921,,man
523,Verner Hedlund i Sundsvall,Socialdemokraterna,Medelpads valkrets,Andra kammaren,1921,1921,,man
524,Verner Karlsson i Vätö,Socialdemokraterna,Norra valkretsen,Andra kammaren,1921,1921,,man
525,Viktor Larsson i Västerås,Socialdemokraterna,Östra valkretsen,Andra kammaren,1921,1921,,man
526,Viktor Öhman,Socialdemokraterna,Norra valkretsen,Andra kammaren,1921,1921,,man
527,Värner Rydén,Socialdemokraterna,Malmö stad,Andra kammaren,1921,1921,,
528,Walter Kant,h,Uppsala län,Andra kammaren,1921,1921,,man
529,Werner Bäckström,Liberalerna,Södra valkretsen,Andra kammaren,1921,1921,,
530,Adolf Berge,Socialdemokraterna,(mandatperioden utgår 1930),Första kammaren,1921,1927,,man
531,Adolf Dahl,h,(mandatperioden utgår 1931),Första kammaren,1921,1927,,man
532,Adolf Lindgren,h,(mandatperioden utgår 1926),Första kammaren,1921,1927,,man
533,Albert Bergström,Socialdemokraterna,(mandatperioden utgår 1924),Första kammaren,1921,1927,,man
534,Albin Andersson i Myggnäs,bf,(mandatperioden utgår 1925),Första kammaren,1921,1927,,man
535,Alexander Nilsson i Fredriksfält,bf,(mandatperioden utgår 1931),Första kammaren,1921,1927,,man
536,Alexis Björkman,Socialdemokraterna,(mandatperioden utgår 1931),Första kammaren,1921,1927,,
537,Anders Antonsson,h,(mandatperioden utgår 1928),Första kammaren,1921,1927,,man
538,Anders Elisson,j,(mandatperioden utgår 1926),Första kammaren,1921,1927,,man
539,Anders Johan Bärg,Socialdemokraterna,(mandatperioden utgår 1931),Första kammaren,1921,1927,,man
540,Anders Lindblad,Socialdemokraterna,(mandatperioden utgår 1926),Första kammaren,1921,1927,,man
541,Anders Olof Frändén,h,(mandatperioden utgår 1924),Första kammaren,1921,1927,,man
542,Anders Pers,Liberalerna,(mandatperioden utgår 1927),Första kammaren,1921,1927,,man
543,Anders Örne,Socialdemokraterna,(mandatperioden utgår 1926),Första kammaren,1921,1927,,man
544,Anton Nilsson i Östrabo,h,(mandatperioden utgår 1928),Första kammaren,1921,1927,,man
545,Arvid Thorberg,Socialdemokraterna,Mandatperiod: 1922–1929,Första kammaren,1921,1927,,man
546,Assar Emanuel Åkerman,Socialdemokraterna,(mandatperioden utgår 1931),Första kammaren,1921,1927,,man
547,August Johansson i Lövholmen,Liberalerna,(mandatperioden utgår 1927),Första kammaren,1921,1927,,man
548,August Ljunggren,f,(mandatperioden utgår 1926),Första kammaren,1921,1927,,man
549,Axel Fredrik Wennersten,h,(mandatperioden utgår 1929),Första kammaren,1921,1927,,man
550,Axel Hansson Wachtmeister,h,(mandatperioden utgår 1931),Första kammaren,1921,1927,,man
551,Axel Olof Rune,Liberalerna,(mandatperioden utgår 1927),Första kammaren,1921,1927,,man
552,Axel Rooth,h,(mandatperioden utgår 1926),Första kammaren,1921,1927,,man
553,Axel Theodor Adelswärd,f,(mandatperioden utgår 1924),Första kammaren,1921,1927,,man
554,Axel Vindahl,Liberalerna,(mandatperioden utgår 1926),Första kammaren,1921,1927,,man
555,Axel von Sneidern,h,(mandatperioden utgår 1929),Första kammaren,1921,1927,,man
556,Bo von Stockenström,Liberalerna,(mandatperioden utgår 1931),Första kammaren,1921,1927,,man
557,Bror Petrén,Liberalerna,(mandatperioden utgår 1931),Första kammaren,1921,1927,,man
558,Carl Albert Lindhagen,Socialdemokraterna,(mandatperioden utgår 1924),Första kammaren,1921,1927,,man
559,Carl Boberg,h,(mandatperioden utgår 1927),Första kammaren,1921,1927,,man
560,Carl Carlsson,Liberalerna,(mandatperioden utgår 1928),Första kammaren,1921,1927,,man
561,Carl Eriksson i Ljusdal,Socialdemokraterna,(mandatperioden utgår 1928),Första kammaren,1921,1927,,man
562,Carl Gotthard Ekman,Liberalerna,(mandatperioden utgår 1930),Första kammaren,1921,1927,,man
563,Carl Hederstierna,n,Mandatperiod: 1922–1929,Första kammaren,1921,1927,,man
564,Carl Johan Gustaf Swartz,h,(mandatperioden utgår 1924),Första kammaren,1921,1927,,man
565,Carl Johansson,Socialdemokraterna,(mandatperioden utgår 1928),Första kammaren,1921,1927,,man
566,Carl Primus Wahlmark,Socialdemokraterna,(mandatperioden utgår 1930),Första kammaren,1921,1927,,man
567,Carl Schedin,bf,(mandatperioden utgår 1927),Första kammaren,1921,1927,,man
568,Carl Svensson,Socialdemokraterna,(mandatperioden utgår 1931),Första kammaren,1921,1927,,man
569,Carl Winberg,k,(mandatperioden utgår 1930),Första kammaren,1921,1927,,man
570,Carl-Axel Reuterskiöld,,(mandatperioden utgår 1930),Första kammaren,1921,1927,,
571,Charles Lindley,Socialdemokraterna,Mandatperiod: 1922–1929,Första kammaren,1921,1927,,man
572,Daniel Alfred Petrén,Socialdemokraterna,(mandatperioden utgår 1927),Första kammaren,1921,1927,,man
573,Edvard Björnsson,Socialdemokraterna,(mandatperioden utgår 1929),Första kammaren,1921,1927,,man
574,Edward Larson i Lerdala,Liberalerna,(mandatperioden utgår 1927),Första kammaren,1921,1927,,man
575,Einar Thulin,Socialdemokraterna,(mandatperioden utgår 1924),Första kammaren,1921,1927,,man
576,Eli Svänsson,Socialdemokraterna,(mandatperioden utgår 1927),Första kammaren,1921,1927,,man
577,Elof Andersson i Fältenborg,Liberalerna,(mandatperioden utgår 1931),Första kammaren,1921,1927,,man
578,Eric Hallin,h,(mandatperioden utgår 1925),Första kammaren,1921,1927,,man
579,Erik Abrahamsson,Liberalerna,(mandatperioden utgår 1925),Första kammaren,1921,1927,,man
580,Erik Anderson i Hägelåkra,h,(mandatperioden utgår 1927),Första kammaren,1921,1927,,man
581,Erik August Enhörning,h,(mandatperioden utgår 1924),Första kammaren,1921,1927,,man
582,Erik Dalberg,Socialdemokraterna,(mandatperioden utgår 1927),Första kammaren,1921,1927,,man
583,Erik Vrang,h,(mandatperioden utgår 1927),Första kammaren,1921,1927,,man
584,Ernst Klefbeck,Socialdemokraterna,Mandatperiod: 1922–1929,Första kammaren,1921,1927,,man
585,Ernst Lundell,h,(mandatperioden utgår 1927),Första kammaren,1921,1927,,man
586,Ernst Lyberg,Liberalerna,(mandatperioden utgår 1927),Första kammaren,1921,1927,,man
587,Ernst Svensson i Eskhult,bf,(mandatperioden utgår 1927),Första kammaren,1921,1927,,man
588,Ernst Wigforss,Socialdemokraterna,(mandatperioden utgår 1926),Första kammaren,1921,1927,,man
589,Ernst Åström,Socialdemokraterna,(mandatperioden utgår 1927),Första kammaren,1921,1927,,man
590,Evert Jonsson i Lycksele,Liberalerna,(mandatperioden utgår 1930),Första kammaren,1921,1927,,man
591,Frits Gustav Möller,Socialdemokraterna,(mandatperioden utgår 1930),Första kammaren,1921,1927,,
592,Frits Leander Lindqvist,Socialdemokraterna,(mandatperioden utgår 1924),Första kammaren,1921,1927,,
593,Gerhard Halfred von Koch,Liberalerna,(mandatperioden utgår 1926),Första kammaren,1921,1927,,man
594,Gustaf Anton Larsén,Socialdemokraterna,(mandatperioden utgår 1926),Första kammaren,1921,1927,,man
595,Gustaf Boman,h,(mandatperioden utgår 1926),Första kammaren,1921,1927,,man
596,Gustaf Kobb,Liberalerna,(mandatperioden utgår 1931),Första kammaren,1921,1927,,man
597,Gustaf Lagerbjelke,h,(mandatperioden utgår 1930),Första kammaren,1921,1927,,man
598,Gustaf Nilsson i Kristianstad,Socialdemokraterna,(mandatperioden utgår 1931),Första kammaren,1921,1927,,man
599,Gustaf Sederholm,h,(mandatperioden utgår 1931),Första kammaren,1921,1927,,man
600,Gustaf Strömberg,Socialdemokraterna,(mandatperioden utgår 1925),Första kammaren,1921,1927,,man
601,Gustaf Wahl,Socialdemokraterna,Mandatperiod: 1922–1929,Första kammaren,1921,1927,,man
602,Gustav Hansson,Socialdemokraterna,(mandatperioden utgår 1926),Första kammaren,1921,1927,,man
603,Gustav Rosén,Liberalerna,(mandatperioden utgår 1930),Första kammaren,1921,1927,,man
604,Hans excellens Ernst Trygger,n,Mandatperiod: 1922–1929,Första kammaren,1921,1927,,man
605,Henric Öhngren,Liberalerna,(mandatperioden utgår 1924),Första kammaren,1921,1927,,man
606,Herman Fleming,h,(mandatperioden utgår 1924),Första kammaren,1921,1927,,man
607,Herman Kvarnzelius,Liberalerna,(mandatperioden utgår 1924),Första kammaren,1921,1927,,man
608,Herman Lamm,lib,Mandatperiod: 1922–1929,Första kammaren,1921,1927,,man
609,Herman Rogberg,h,(mandatperioden utgår 1930),Första kammaren,1921,1927,,man
610,Hjalmar Hammarskjöld,,(mandatperioden utgår 1930),Första kammaren,1921,1927,,man
611,Hjalmar von Sydow,n,Mandatperiod: 1922–1929,Första kammaren,1921,1927,,man
612,Hugo Erik Gustaf Hamilton,Hugo Erik Gustaf Hamilton,(mandatperioden utgår 1929),Första kammaren,1921,1927,,man
613,Ingebrekt Bergman,Liberalerna,(mandatperioden utgår 1924),Första kammaren,1921,1927,,
614,Isak Svensson i Grindstorp,Liberalerna,(mandatperioden utgår 1925),Första kammaren,1921,1927,,man
615,Ivan Pauli,Socialdemokraterna,(mandatperioden utgår 1925),Första kammaren,1921,1927,,man
616,Jacob Larsson,Socialdemokraterna,(mandatperioden utgår 1928),Första kammaren,1921,1927,,man
617,Jacob Spens,h,(mandatperioden utgår 1925),Första kammaren,1921,1927,,man
618,Jan Berglund,Socialdemokraterna,Mandatperiod: 1922–1929,Första kammaren,1921,1927,,man
619,Janne Walles,Socialdemokraterna,(mandatperioden utgår 1924),Första kammaren,1921,1927,,
620,Jeppe Clemedtson,h,(mandatperioden utgår 1931),Första kammaren,1921,1927,,
621,Johan Bergman,Liberalerna,(mandatperioden utgår 1925),Första kammaren,1921,1927,,man
622,Johan Bernhard Johansson i Fredrikslund,h,(mandatperioden utgår 1926),Första kammaren,1921,1927,,man
623,Johan Carlsson,h,(mandatperioden utgår 1925),Första kammaren,1921,1927,,man
624,Johan Johansson i Friggeråker,bf,(mandatperioden utgår 1929),Första kammaren,1921,1927,,man
625,Johan Johansson i Hornsberg,Liberalerna,(mandatperioden utgår 1924),Första kammaren,1921,1927,,man
626,Johan Nilsson i Malmö,Socialdemokraterna,(mandatperioden utgår 1928),Första kammaren,1921,1927,,man
627,Johan Nilsson i Skottlandshus,h,(mandatperioden utgår 1931),Första kammaren,1921,1927,,man
628,John Almkvist,Liberalerna,(mandatperioden utgår 1930),Första kammaren,1921,1927,,man
629,John Jeansson,h,(mandatperioden utgår 1927),Första kammaren,1921,1927,,man
630,John Otto Karlsson,h,(mandatperioden utgår 1931),Första kammaren,1921,1927,,man
631,Jonas Andersson i Hedsta,h,(mandatperioden utgår 1928),Första kammaren,1921,1927,,man
632,Jöns Jönsson i Slätåker,h,(mandatperioden utgår 1928),Första kammaren,1921,1927,,
633,Jöns Pålsson,Liberalerna,(mandatperioden utgår 1928),Första kammaren,1921,1927,,
634,K.G. Westman,bf,(mandatperioden utgår 1924),Första kammaren,1921,1927,,
635,Karl Andersson i Eliantorp,bf,(mandatperioden utgår 1924),Första kammaren,1921,1927,,man
636,Karl Andreas Andersson,f,(mandatperioden utgår 1925),Första kammaren,1921,1927,,man
637,Karl Ekman,h,(mandatperioden utgår 1925),Första kammaren,1921,1927,,man
638,Karl Franzén,Socialdemokraterna,(mandatperioden utgår 1925),Första kammaren,1921,1927,,man
639,Karl Johan Alfred Gustafsson,h,(mandatperioden utgår 1925),Första kammaren,1921,1927,,man
640,Karl Sandegård,Socialdemokraterna,(mandatperioden utgår 1929),Första kammaren,1921,1927,,man
641,Kerstin Hesselgren,Liberalerna,(mandatperioden utgår 1926),Första kammaren,1921,1927,,woman
642,Knut Abel Tengdahl,Socialdemokraterna,(mandatperioden utgår 1925),Första kammaren,1921,1927,,man
643,Knut Aron Heyman,h,(mandatperioden utgår 1929),Första kammaren,1921,1927,,man
644,Knut Ebbe von Geijer,,(mandatperioden utgår 1928),Första kammaren,1921,1927,,man
645,Lars Gunnar Bodin,bf,(mandatperioden utgår 1927),Första kammaren,1921,1927,,man
646,Leonard Tjällgren,bf,(mandatperioden utgår 1924),Första kammaren,1921,1927,,man
647,Ludvig Widell,h,(mandatperioden utgår 1925),Första kammaren,1921,1927,,man
648,Manne Asplund,Socialdemokraterna,(mandatperioden utgår 1930),Första kammaren,1921,1927,,man
649,Martin Fehr,Liberalerna,(mandatperioden utgår 1930),Första kammaren,1921,1927,,man
650,Martin Svensson i Kompersmåla,h,(mandatperioden utgår 1926),Första kammaren,1921,1927,,man
651,Mauritz Hellberg,Liberalerna,(mandatperioden utgår 1925),Första kammaren,1921,1927,,man
652,Nils Anton Bondeson,Liberalerna,(mandatperioden utgår 1926),Första kammaren,1921,1927,,man
653,Nils August Nilsson i Kabbarp,Socialdemokraterna,(mandatperioden utgår 1928),Första kammaren,1921,1927,,man
654,Nils Gabrielsson,bf,(mandatperioden utgår 1930),Första kammaren,1921,1927,,man
655,Nils Lindstrand,Socialdemokraterna,(mandatperioden utgår 1924),Första kammaren,1921,1927,,man
656,Nils Persson i Malmö,Socialdemokraterna,(mandatperioden utgår 1928),Första kammaren,1921,1927,,man
657,Nils Sigfrid Norling,Socialdemokraterna,(mandatperioden utgår 1928),Första kammaren,1921,1927,,man
658,Nils Wohlin,bf,(mandatperioden utgår 1928),Första kammaren,1921,1927,,man
659,Olaus Pettersson i Småkulla,Liberalerna,(mandatperioden utgår 1929),Första kammaren,1921,1927,,man
660,Olof Bergqvist,h,(mandatperioden utgår 1930),Första kammaren,1921,1927,,man
661,Olof Olsson,Socialdemokraterna,(mandatperioden utgår 1928),Första kammaren,1921,1927,,man
662,Oscar Ericson i Oberga,bf,(mandatperioden utgår 1925),Första kammaren,1921,1927,,man
663,Oscar Olsson,Socialdemokraterna,(mandatperioden utgår 1926),Första kammaren,1921,1927,,man
664,Paul Hellström,Liberalerna,(mandatperioden utgår 1930),Första kammaren,1921,1927,,man
665,Per Andersson i Koldemo,bf,(mandatperioden utgår 1928),Första kammaren,1921,1927,,man
666,Per Gustafsson i Benestad,bf,(mandatperioden utgår 1926),Första kammaren,1921,1927,,man
667,Per Norin,Socialdemokraterna,(mandatperioden utgår 1928),Första kammaren,1921,1927,,man
668,Petrus Nilsson i Gränebo,bf,(mandatperioden utgår 1927),Första kammaren,1921,1927,,
669,Rickard Sandler,Socialdemokraterna,(mandatperioden utgår 1928),Första kammaren,1921,1927,,man
670,Samuel Clason,n,Mandatperiod: 1922–1929,Första kammaren,1921,1927,,man
671,Sigfrid Hansson,Socialdemokraterna,(mandatperioden utgår 1925),Första kammaren,1921,1927,,
672,Sten Stendahl,n,Mandatperiod: 1922–1929,Första kammaren,1921,1927,,man
673,Teodor Julin,Socialdemokraterna,(mandatperioden utgår 1930),Första kammaren,1921,1927,,man
674,Theodor Borell,h,(mandatperioden utgår 1930),Första kammaren,1921,1927,,man
675,Theodor Östergren,Socialdemokraterna,(mandatperioden utgår 1931),Första kammaren,1921,1927,,man
676,Torsten Nothin,Socialdemokraterna,(mandatperioden utgår 1931),Första kammaren,1921,1927,,
677,Torsten Ström,Socialdemokraterna,(mandatperioden utgår 1927),Första kammaren,1921,1927,,
678,William Linder,Socialdemokraterna,(mandatperioden utgår 1931),Första kammaren,1921,1927,,man
679,Åke Ingeström,Liberalerna,(mandatperioden utgår 1925),Första kammaren,1921,1927,,man
680,Adolf Janson i Kungsör,f,Västmanlands län,Andra kammaren,1922,1924,,man
681,Adolf Linus Lundström,f,Norrbottens län,Andra kammaren,1922,1924,,man
682,Adolf Wallerius,h,Göteborgs och Bohus län,Andra kammaren,1922,1924,,man
683,Adolf Wiklund,h,Västerbottens län,Andra kammaren,1922,1924,,man
684,Adolv Olsson i Gävle,Socialdemokraterna,Gävleborgs län,Andra kammaren,1922,1924,,
685,Agda Östlund,Socialdemokraterna,Stockholms stad,Andra kammaren,1922,1924,,
686,Albert Johansson i Kragstorp,h,Kalmar län,Andra kammaren,1922,1924,,man
687,Alfred Persson i Björsbyholm,f,Värmlands län,Andra kammaren,1922,1924,,man
688,Algot Sjöström,Socialdemokraterna,Göteborgs stad,Andra kammaren,1922,1924,,man
689,Algot Törnkvist,Socialdemokraterna,Blekinge län,Andra kammaren,1922,1924,,man
690,Allan Andersson i Tungelsta,Socialdemokraterna,Stockholms län,Andra kammaren,1922,1924,,man
691,Anders Anderson i Råstock,Socialdemokraterna,Örebro län,Andra kammaren,1922,1924,,man
692,Anders Hansson i Trollhättan,Socialdemokraterna,Norra valkretsen,Andra kammaren,1922,1924,,man
693,Anders Henrikson,h,Hallands län,Andra kammaren,1922,1924,,man
694,Anders Johan Johansson i Bro,bf,Västmanlands län,Andra kammaren,1922,1924,,man
695,Anders Lindgren,bf,Norra valkretsen,Andra kammaren,1922,1924,,man
696,Anders Norsell,Socialdemokraterna,Värmlands län,Andra kammaren,1922,1924,,man
697,Anders Olsson i Mora,Socialdemokraterna,Kopparbergs län,Andra kammaren,1922,1924,,man
698,Anders Paulsen,Socialdemokraterna,Malmöhus län,Andra kammaren,1922,1924,,man
699,Anders Petter Gustafsson i Örebro,h,Örebro län,Andra kammaren,1922,1924,,man
700,Anton Eklund,Socialdemokraterna,Västmanlands län,Andra kammaren,1922,1924,,man
701,Anton Wikström,f,Västerbottens län,Andra kammaren,1922,1924,,man
702,Arthur Engberg,Socialdemokraterna,Fyrstadskretsen,Andra kammaren,1922,1924,,man
703,Arthur Wilhelm Gustafsson i Kasenberg,h,Norra valkretsen,Andra kammaren,1922,1924,,man
704,Arvid Lindman,h,Stockholms stad,Andra kammaren,1922,1924,,man
705,August Danielsson,f,Norra valkretsen,Andra kammaren,1922,1924,,man
706,August Ernfors (tidigare Eriksson),h,Kopparbergs län,Andra kammaren,1922,1924,,man
707,August Lundén,f,Skaraborgs län,Andra kammaren,1922,1924,,man
708,August Månsson i Backa,bf,Skaraborgs län,Andra kammaren,1922,1924,,man
709,August Spångberg,k,Värmlands län,Andra kammaren,1922,1924,,man
710,August Sävström,Socialdemokraterna,Gävleborgs län,Andra kammaren,1922,1924,,man
711,August Wilhelm Pettersson i Köping,Socialdemokraterna,Västmanlands län,Andra kammaren,1922,1924,,man
712,Axel Andersson i Kroken,f,Norra valkretsen,Andra kammaren,1922,1924,,man
713,Axel Eurén,h,Jönköpings län,Andra kammaren,1922,1924,,man
714,Axel Lindqvist,Socialdemokraterna,Hallands län,Andra kammaren,1922,1924,,man
715,Axel Ljungberg,Socialdemokraterna,Göteborgs och Bohus län,Andra kammaren,1922,1924,,man
716,Bernhard Corneliusson,h,Göteborgs och Bohus län,Andra kammaren,1922,1924,,man
717,Bertha Wellin,h,Stockholms stad,Andra kammaren,1922,1924,,
718,Björn Frithiofsson Holmgren,h,Blekinge län,Andra kammaren,1922,1924,,man
719,C.A. Sundling,h,Stockholms län,Andra kammaren,1922,1924,,
720,Carl Alfred Svensson i Skönsberg,Socialdemokraterna,Västernorrlands län,Andra kammaren,1922,1924,,man
721,Carl Arvid Anderson i Storegården,h,Skaraborgs län,Andra kammaren,1922,1924,,man
722,Carl Bodén,f,Skaraborgs län,Andra kammaren,1922,1924,,man
723,Carl Brännberg,Socialdemokraterna,Göteborgs och Bohus län,Andra kammaren,1922,1924,,man
724,Carl Gustaf Olsson i Golvasta,bf,Uppsala län,Andra kammaren,1922,1924,,man
725,Carl Jansson i Edsbäcken,f,Värmlands län,Andra kammaren,1922,1924,,man
726,Carl Johan Johansson i Uppmälby,Socialdemokraterna,Södermanlands län,Andra kammaren,1922,1924,,man
727,Carl Johan Jonsson i Mörkhult,h,Jönköpings län,Andra kammaren,1922,1924,,man
728,Carl Johanson i Hörninge,bf,Kalmar län,Andra kammaren,1922,1924,,man
729,Carl Knutsson,Socialdemokraterna,Östergötlands län,Andra kammaren,1922,1924,,man
730,Carl Lovén,Socialdemokraterna,Fyrstadskretsen,Andra kammaren,1922,1924,,man
731,Carl Molin,Socialdemokraterna,Örebro län,Andra kammaren,1922,1924,,man
732,Carl Oscar Johansson i Sollefteå,Socialdemokraterna,Västernorrlands län,Andra kammaren,1922,1924,,man
733,Carl Otto Vahlstedt,Socialdemokraterna,Skaraborgs län,Andra kammaren,1922,1924,,man
734,Carl Petrus Olsson i Mellerud,Socialdemokraterna,Norra valkretsen,Andra kammaren,1922,1924,,man
735,Carl Ros,h,Värmlands län,Andra kammaren,1922,1924,,man
736,Carl Sehlin,f,Jämtlands län,Andra kammaren,1922,1924,,man
737,Carl Sjögren,Socialdemokraterna,Östergötlands län,Andra kammaren,1922,1924,,man
738,Carl Strid,Socialdemokraterna,Hallands län,Andra kammaren,1922,1924,,man
739,Carl Vilhelm Carlsson i Mölndal,Socialdemokraterna,Göteborgs och Bohus län,Andra kammaren,1922,1924,,man
740,Carl Wilhelm Oskar Höglund,Socialdemokraterna,Göteborgs stad,Andra kammaren,1922,1924,,man
741,Carl Öberg,h,Västernorrlands län,Andra kammaren,1922,1924,,man
742,Claes Lindskog,h,Fyrstadskretsen,Andra kammaren,1922,1924,,man
743,Conrad Jonsson,Socialdemokraterna,Södermanlands län,Andra kammaren,1922,1924,,man
744,Cornelius Olsson i Berg,h,Göteborgs och Bohus län,Andra kammaren,1922,1924,,man
745,Daniel Poppius,h,Malmöhus län,Andra kammaren,1922,1924,,man
746,David Hjalmar Pettersson i Bjälbo,h,Östergötlands län,Andra kammaren,1922,1924,,man
747,David Norman,h,Kalmar län,Andra kammaren,1922,1924,,man
748,Edvard Johansson,Socialdemokraterna,Stockholms stad,Andra kammaren,1922,1924,,man
749,Edvard Lithander,h,Göteborgs stad,Andra kammaren,1922,1924,,man
750,Edvard Uddenberg,Socialdemokraterna,Örebro län,Andra kammaren,1922,1924,,man
751,Edvin Leffler,h,Södra valkretsen,Andra kammaren,1922,1924,,man
752,Elisabeth Tamm,h,Södermanlands län,Andra kammaren,1922,1924,,woman
753,Elof Lindberg,Socialdemokraterna,Västerbottens län,Andra kammaren,1922,1924,,man
754,Emil Andersson i Prästbol,Socialdemokraterna,Värmlands län,Andra kammaren,1922,1924,,man
755,Emil Bengtsson i Kullen,h,Skaraborgs län,Andra kammaren,1922,1924,,man
756,Emil Gustafson,f,Kalmar län,Andra kammaren,1922,1924,,man
757,Emil Kristensson,Socialdemokraterna,Göteborgs stad,Andra kammaren,1922,1924,,man
758,Emil Olovson,Socialdemokraterna,Västmanlands län,Andra kammaren,1922,1924,,man
759,Eric Björnberg,f,Uppsala län,Andra kammaren,1922,1924,,man
760,Erik Agabus Nilson i Örebro,Liberalerna,Örebro län,Andra kammaren,1922,1924,,man
761,Erik Fast,Socialdemokraterna,Jönköpings län,Andra kammaren,1922,1924,,man
762,Erik Gustaf Johansson i Kullersta,Socialdemokraterna,Östergötlands län,Andra kammaren,1922,1924,,man
763,Erik Laurén,h,Södermanlands län,Andra kammaren,1922,1924,,man
764,Erik Lundbom,Socialdemokraterna,Södermanlands län,Andra kammaren,1922,1924,,man
765,Erik Nylander,h,Stockholms stad,Andra kammaren,1922,1924,,man
766,Erik Rydström,f,Kronobergs län,Andra kammaren,1922,1924,,man
767,Erik Röing,f,Göteborgs stad,Andra kammaren,1922,1924,,man
768,Erik Uddenberg,h,Hallands län,Andra kammaren,1922,1924,,man
769,Erik Åkerlund,,Stockholms län,Andra kammaren,1922,1924,,man
770,Ernst Eriksson,Socialdemokraterna,Stockholms stad,Andra kammaren,1922,1924,,man
771,Ernst Hage,Socialdemokraterna,Norrbottens län,Andra kammaren,1922,1924,,man
772,Ernst Lindley,Socialdemokraterna,Gävleborgs län,Andra kammaren,1922,1924,,man
773,Eskils Hans Hansson i Bäck,f,Kopparbergs län,Andra kammaren,1922,1924,,
774,Ewald Lindmark,h,Västerbottens län,Andra kammaren,1922,1924,,
775,F.V. Thorsson,Socialdemokraterna,Malmöhus län,Andra kammaren,1922,1924,,
776,Fabian Månsson i Hagaström,Socialdemokraterna,Gävleborgs län,Andra kammaren,1922,1924,,man
777,Felix Hamrin,f,Jönköpings län,Andra kammaren,1922,1924,,man
778,Frans Ericson i Boxholm,Socialdemokraterna,Östergötlands län,Andra kammaren,1922,1924,,man
779,Fredrik Aarnseth,Socialdemokraterna,Kopparbergs län,Andra kammaren,1922,1924,,man
780,Gerhard Strindlund,bf,Västernorrlands län,Andra kammaren,1922,1924,,man
781,Gottfrid Karlsson i Vadstena,Socialdemokraterna,Östergötlands län,Andra kammaren,1922,1924,,man
782,Gottfrid Svärd,Socialdemokraterna,Jönköpings län,Andra kammaren,1922,1924,,man
783,Gustaf Adolf Björkman,h,Östergötlands län,Andra kammaren,1922,1924,,man
784,Gustaf Andersson i Rasjön,f,Kopparbergs län,Andra kammaren,1922,1924,,man
785,Gustaf Gustafsson i Älvsered,h,Södra valkretsen,Andra kammaren,1922,1924,,man
786,Gustaf Nilsson i Vibberbo,bf,Kopparbergs län,Andra kammaren,1922,1924,,man
787,Gustaf Olsson i Ramsta,f,Södermanlands län,Andra kammaren,1922,1924,,man
788,Gustaf Pettersson (senare Hellbacken),Socialdemokraterna,Kopparbergs län,Andra kammaren,1922,1924,,man
789,Gustav Anton Holmberg,Socialdemokraterna,Östergötlands län,Andra kammaren,1922,1924,,man
790,Gustav Johansson (senare Hallagård),bf,Skaraborgs län,Andra kammaren,1922,1924,,man
791,Harry Weibull,h,Fyrstadskretsen,Andra kammaren,1922,1924,,man
792,Helge Bäcklund,Socialdemokraterna,Skaraborgs län,Andra kammaren,1922,1924,,man
793,Helmer Lagerkwist,Socialdemokraterna,Västernorrlands län,Andra kammaren,1922,1924,,man
794,Helmer Molander,k,Västernorrlands län,Andra kammaren,1922,1924,,man
795,Henning Leo,Socialdemokraterna,Kronobergs län,Andra kammaren,1922,1924,,man
796,Henrik Kinmanson,h,Stockholms stad,Andra kammaren,1922,1924,,man
797,Herman Andersson i Grimbo,bf,Göteborgs och Bohus län,Andra kammaren,1922,1924,,man
798,Herman Blomquist,Socialdemokraterna,Kronobergs län,Andra kammaren,1922,1924,,man
799,Herman Lindqvist,Socialdemokraterna,Stockholms stad,Andra kammaren,1922,1924,,man
800,Herman Norling,Socialdemokraterna,Värmlands län,Andra kammaren,1922,1924,,man
801,Hjalmar Branting,Socialdemokraterna,Stockholms stad,Andra kammaren,1922,1924,,man
802,Hjalmar Svensson i Grönvik,bf,Kronobergs län,Andra kammaren,1922,1924,,man
803,Hugo Karlström i Lummelunda,bf,Gotlands län,Andra kammaren,1922,1924,,man
804,Ivar Pettersson i Stäringe,bf,Örebro län,Andra kammaren,1922,1924,,man
805,Ivar Vennerström,Socialdemokraterna,Västernorrlands län,Andra kammaren,1922,1924,,man
806,Ivar Österström,f,Västernorrlands län,Andra kammaren,1922,1924,,man
807,Jakob Pettersson i Södertälje,,Stockholms län,Andra kammaren,1922,1924,,man
808,Janne Nilsson i Hörby,bf,Malmöhus län,Andra kammaren,1922,1924,,
809,Johan August Jonsson i Hökhult,h,Jönköpings län,Andra kammaren,1922,1924,,man
810,Johan Bernhard Eriksson i Grängesberg,,Kopparbergs län,Andra kammaren,1922,1924,,man
811,Johan Igel i Getebol,f,Värmlands län,Andra kammaren,1922,1924,,man
812,Johan Johansson i Kälkebo,bf,Gävleborgs län,Andra kammaren,1922,1924,,man
813,Johan Jönsson i Revinge,f,Malmöhus län,Andra kammaren,1922,1924,,man
814,Johan Olofsson i Digernäs,f,Jämtlands län,Andra kammaren,1922,1924,,man
815,Johan Rehn,f,Västerbottens län,Andra kammaren,1922,1924,,man
816,Johan Wilhelm Billqvist,Socialdemokraterna,Skaraborgs län,Andra kammaren,1922,1924,,man
817,John Jönsson i Boa,h,Blekinge län,Andra kammaren,1922,1924,,man
818,Jonas Dahlén,k,Norrbottens län,Andra kammaren,1922,1924,,man
819,Jonny Fjellman,h,Malmöhus län,Andra kammaren,1922,1924,,man
820,Julius Hedvall,Socialdemokraterna,Göteborgs stad,Andra kammaren,1922,1924,,man
821,Karl Allan Westman,bf,Östergötlands län,Andra kammaren,1922,1924,,man
822,Karl Arthur Ryberg,bf,Södra valkretsen,Andra kammaren,1922,1924,,man
823,Karl August Borg,Socialdemokraterna,Uppsala län,Andra kammaren,1922,1924,,man
824,Karl Johan Söderberg,Socialdemokraterna,Stockholms län,Andra kammaren,1922,1924,,man
825,Karl Kilbom,k,Stockholms stad,Andra kammaren,1922,1924,,man
826,Karl Magnusson i Kalmar,Socialdemokraterna,Kalmar län,Andra kammaren,1922,1924,,man
827,Karl Magnusson i Skövde,h,Skaraborgs län,Andra kammaren,1922,1924,,man
828,Karl Starbäck,h,Stockholms stad,Andra kammaren,1922,1924,,man
829,Karl Teodor Andersson,Socialdemokraterna,Södermanlands län,Andra kammaren,1922,1924,,man
830,Karl Verner Karlsson i Vätö,Socialdemokraterna,Stockholms län,Andra kammaren,1922,1924,,man
831,Karl Ward,Socialdemokraterna,Östergötlands län,Andra kammaren,1922,1924,,man
832,Karl Wiktor Holmström,Socialdemokraterna,Stockholms stad,Andra kammaren,1922,1924,,man
833,Kristoffer Bergström,h,Norrbottens län,Andra kammaren,1922,1924,,man
834,Lars Anton Björklund,Socialdemokraterna,Kristianstads län,Andra kammaren,1922,1924,,man
835,Lars Borggren,Socialdemokraterna,Kristianstads län,Andra kammaren,1922,1924,,man
836,Lars Dalgren,Socialdemokraterna,Kalmar län,Andra kammaren,1922,1924,,man
837,Lars Johan Carlsson i Frosterud,Socialdemokraterna,Värmlands län,Andra kammaren,1922,1924,,man
838,Lars Olsson i Hov,f,Gävleborgs län,Andra kammaren,1922,1924,,man
839,Lucas Petersson i Broaryd,bf,Jönköpings län,Andra kammaren,1922,1924,,man
840,Ludvig Lorichs,h,Västmanlands län,Andra kammaren,1922,1924,,man
841,Ludwig Brännström,h,Västerbottens län,Andra kammaren,1922,1924,,man
842,Martin Andersson i Igelboda,Socialdemokraterna,Stockholms län,Andra kammaren,1922,1924,,man
843,Martin Jensen,Socialdemokraterna,Fyrstadskretsen,Andra kammaren,1922,1924,,man
844,Mauritz Västberg,Socialdemokraterna,Västernorrlands län,Andra kammaren,1922,1924,,man
845,Nelly Thüring,Socialdemokraterna,Göteborgs stad,Andra kammaren,1922,1924,,woman
846,Nils Björk i Tryde,Socialdemokraterna,Kristianstads län,Andra kammaren,1922,1924,,man
847,Nils Edén,Liberalerna,Stockholms stad,Andra kammaren,1922,1924,,man
848,Nils Erik Nilsson i Antnäs,h,Norrbottens län,Andra kammaren,1922,1924,,man
849,Nils Holmström,h,Gävleborgs län,Andra kammaren,1922,1924,,man
850,Nils Johansson i Brånalt,bf,Hallands län,Andra kammaren,1922,1924,,man
851,Nils Svensson i Långelanda,h,Värmlands län,Andra kammaren,1922,1924,,man
852,Nils Törnkvist,Socialdemokraterna,Malmöhus län,Andra kammaren,1922,1924,,man
853,Nils Winkler,h,Fyrstadskretsen,Andra kammaren,1922,1924,,man
854,Ola Hansson Waldén,Socialdemokraterna,Fyrstadskretsen,Andra kammaren,1922,1924,,man
855,Ola Isacsson,Socialdemokraterna,Kristianstads län,Andra kammaren,1922,1924,,man
856,Ola Jeppsson,f,Blekinge län,Andra kammaren,1922,1924,,man
857,Olof Andersson i Höör,Socialdemokraterna,Malmöhus län,Andra kammaren,1922,1924,,man
858,Olof Johansson i Edsbyn,f,Gävleborgs län,Andra kammaren,1922,1924,,man
859,Olof Nilsson i Tånga,Socialdemokraterna,Malmöhus län,Andra kammaren,1922,1924,,man
860,Olof Nilsson i Örebro,Socialdemokraterna,Örebro län,Andra kammaren,1922,1924,,man
861,Olof Olsson,bf,Malmöhus län,Andra kammaren,1922,1924,,man
862,Oscar Carlström,f,Jönköpings län,Andra kammaren,1922,1924,,man
863,Oscar Johanson i Huskvarna,h,Jönköpings län,Andra kammaren,1922,1924,,man
864,Oscar Lundquist,h,Uppsala län,Andra kammaren,1922,1924,,man
865,Oscar Lövgren i Nyborg,Socialdemokraterna,Norrbottens län,Andra kammaren,1922,1924,,man
866,Oscar Nathanael Olsson (senare Broberg),h,Göteborgs och Bohus län,Andra kammaren,1922,1924,,man
867,Oscar Osberg,f,Göteborgs och Bohus län,Andra kammaren,1922,1924,,man
868,Oskar Hagman,Socialdemokraterna,Stockholms stad,Andra kammaren,1922,1924,,man
869,Oskar Kloo,Socialdemokraterna,Blekinge län,Andra kammaren,1922,1924,,man
870,Oskar Sjölander,Socialdemokraterna,Uppsala län,Andra kammaren,1922,1924,,man
871,Otto Magnusson i Tumbhult,h,Kronobergs län,Andra kammaren,1922,1924,,man
872,Otto Silfverschiöld,h,Norra valkretsen,Andra kammaren,1922,1924,,man
873,Pehr Pehrsson,h,Göteborgs stad,Andra kammaren,1922,1924,,
874,Per Albin Hansson,Socialdemokraterna,Stockholms stad,Andra kammaren,1922,1924,,man
875,Per Edvin Sköld,Socialdemokraterna,Malmöhus län,Andra kammaren,1922,1924,,man
876,Per Granath,Socialdemokraterna,Gävleborgs län,Andra kammaren,1922,1924,,man
877,Per Henning Sjöblom,Socialdemokraterna,Stockholms län,Andra kammaren,1922,1924,,man
878,Per Nilsson i Bonarp,h,Kristianstads län,Andra kammaren,1922,1924,,man
879,Per Persson i Trången,bf,Jämtlands län,Andra kammaren,1922,1924,,man
880,Peter Magnus Olsson i Blädinge,h,Kronobergs län,Andra kammaren,1922,1924,,man
881,Petrus Ödström,f,Örebro län,Andra kammaren,1922,1924,,
882,Raoul Hamilton,f,Kristianstads län,Andra kammaren,1922,1924,,man
883,Richard Hermelin,h,Hallands län,Andra kammaren,1922,1924,,man
884,Robert Berg,Socialdemokraterna,Blekinge län,Andra kammaren,1922,1924,,man
885,Robert Jansson i Falun,Socialdemokraterna,Kopparbergs län,Andra kammaren,1922,1924,,man
886,Robert Karlsson i Gasabäck,f,Västernorrlands län,Andra kammaren,1922,1924,,man
887,Robert Samuelsson,k,Norrbottens län,Andra kammaren,1922,1924,,man
888,Ruben Wagnsson,Socialdemokraterna,Kalmar län,Andra kammaren,1922,1924,,man
889,Samuel Hedlund i Häste,h,Jämtlands län,Andra kammaren,1922,1924,,man
890,Sigurd Carlsson,h,Kalmar län,Andra kammaren,1922,1924,,man
891,Sven Bengtsson i Norup,f,Kristianstads län,Andra kammaren,1922,1924,,man
892,Sven Edward Julius Lübeck,h,Stockholms stad,Andra kammaren,1922,1924,,man
893,Sven Johan Karlsson i Nynäshamn,Socialdemokraterna,Stockholms län,Andra kammaren,1922,1924,,man
894,Sven Ljungkvist,Socialdemokraterna,Södra valkretsen,Andra kammaren,1922,1924,,man
895,Sven Olsson i Labbemåla,f,Östergötlands län,Andra kammaren,1922,1924,,man
896,Svening Alfred Larsson i Kroken,h,Södra valkretsen,Andra kammaren,1922,1924,,
897,Swen Jönsson i Fridhill,f,Kristianstads län,Andra kammaren,1922,1924,,
898,Swen Persson i Fritorp,h,Kristianstads län,Andra kammaren,1922,1924,,
899,Theodor Gardell,bf,Gotlands län,Andra kammaren,1922,1924,,man
900,Theodor Hansén,f,Gotlands län,Andra kammaren,1922,1924,,man
901,Theodor af Ekenstam,h,Östergötlands län,Andra kammaren,1922,1924,,man
902,Valerius Olsson,h,Kalmar län,Andra kammaren,1922,1924,,
903,Verner Hedlund i Östersund,Socialdemokraterna,Jämtlands län,Andra kammaren,1922,1924,,man
904,Verner Karlsson i Grängesberg,k,Kopparbergs län,Andra kammaren,1922,1924,,man
905,Viktor Herou,k,Gävleborgs län,Andra kammaren,1922,1924,,man
906,Viktor Larsson i Västerås,Socialdemokraterna,Västmanlands län,Andra kammaren,1922,1924,,man
907,Viktor Öhman,Socialdemokraterna,Örebro län,Andra kammaren,1922,1924,,man
908,Värner Rydén,Socialdemokraterna,Fyrstadskretsen,Andra kammaren,1922,1924,,
909,Werner Bäckström,f,Västerbottens län,Andra kammaren,1922,1924,,
910,Adolf Dahl,h,Blekinge län och Kristianstads län,Första kammaren,1924,1930,,man
911,Adolf Lindgren,h,Örebro län,Första kammaren,1924,1930,,man
912,Albert Bergström,Socialdemokraterna,Östergötlands län med Norrköpings stad,Första kammaren,1924,1930,,man
913,Albin Andersson i Myggnäs,bf,Göteborgs och Bohus län,Första kammaren,1924,1930,,man
914,Alexander Nilsson i Fredriksfält,bf,Blekinge län och Kristianstads län,Första kammaren,1924,1930,,man
915,Alexis Björkman,Socialdemokraterna,Södermanlands och Västmanlands län,Första kammaren,1924,1930,,
916,Anders Antonsson,h,Malmöhus län med Malmö stad och Helsingborgs stad,Första kammaren,1924,1930,,man
917,Anders Elisson,bf,Kronobergs och Hallands län,Första kammaren,1924,1930,,man
918,Anders Johan Bärg,Socialdemokraterna,Södermanlands och Västmanlands län,Första kammaren,1924,1930,,man
919,Anders Lindblad,Socialdemokraterna,Göteborgs stad,Första kammaren,1924,1930,,man
920,Anders Olof Frändén,h,Västernorrlands län och Jämtlands län,Första kammaren,1924,1930,,man
921,Anders Pers,Liberalerna,Kopparbergs län,Första kammaren,1924,1930,,man
922,Anders Örne,Socialdemokraterna,Örebro län,Första kammaren,1924,1930,,man
923,Arvid Thorberg,Socialdemokraterna,Stockholms stad,Första kammaren,1924,1930,,man
924,Assar Emanuel Åkerman,Socialdemokraterna,Södermanlands och Västmanlands län,Första kammaren,1924,1930,,man
925,August Johansson i Lövholmen,f,Skaraborgs län,Första kammaren,1924,1930,,man
926,Axel Fredrik Wennersten,h,Älvsborgs län,Första kammaren,1924,1930,,man
927,Axel Olof Rune,f,Kalmar läns norra och södra landstingsområden samt Gotlands län,Första kammaren,1924,1930,,man
928,Axel Rooth,h,Kronobergs och Hallands län,Första kammaren,1924,1930,,man
929,Axel Sundberg,h,Göteborgs och Bohus län,Första kammaren,1924,1930,,man
930,Axel von Sneidern,h,Älvsborgs län,Första kammaren,1924,1930,,man
931,Bo von Stockenström,Liberalerna,Södermanlands och Västmanlands län,Första kammaren,1924,1930,,man
932,Carl Albert Lindhagen,Socialdemokraterna,Västernorrlands län och Jämtlands län,Första kammaren,1924,1930,,man
933,Carl Boberg,h,Kalmar läns norra och södra landstingsområden samt Gotlands län,Första kammaren,1924,1930,,man
934,Carl Carlsson,f,Gävleborgs län med Gävle stad,Första kammaren,1924,1930,,man
935,Carl Eriksson i Ljusdal,Socialdemokraterna,Gävleborgs län med Gävle stad,Första kammaren,1924,1930,,man
936,Carl Gotthard Ekman,Liberalerna,Stockholms län och Uppsala län,Första kammaren,1924,1930,,man
937,Carl Gustaf Hammarskjöld,h,Östergötlands län med Norrköpings stad,Första kammaren,1924,1930,,man
938,Carl Hederstierna,h,Stockholms stad,Första kammaren,1924,1930,,man
939,Carl Johan Gustaf Swartz,h,Östergötlands län med Norrköpings stad,Första kammaren,1924,1930,,man
940,Carl Johansson,Socialdemokraterna,Malmöhus län med Malmö stad och Helsingborgs stad,Första kammaren,1924,1930,,man
941,Carl Primus Wahlmark,Socialdemokraterna,Stockholms län och Uppsala län,Första kammaren,1924,1930,,man
942,Carl Schedin,bf,Kopparbergs län,Första kammaren,1924,1930,,man
943,Carl Svensson,Socialdemokraterna,Södermanlands och Västmanlands län,Första kammaren,1924,1930,,man
944,Carl Thorén,f,Kronobergs och Hallands län,Första kammaren,1924,1930,,man
945,Carl Winberg,k,Västerbottens län och Norrbottens län,Första kammaren,1924,1930,,man
946,Carl-Axel Reuterskiöld,bf,Stockholms län och Uppsala län,Första kammaren,1924,1930,,
947,Charles Lindley,Socialdemokraterna,Stockholms stad,Första kammaren,1924,1930,,man
948,Daniel Alfred Petrén,Socialdemokraterna,Kopparbergs län,Första kammaren,1924,1930,,man
949,David Bergström,f,Östergötlands län med Norrköpings stad,Första kammaren,1924,1930,,man
950,Edvard Björnsson,Socialdemokraterna,Älvsborgs län,Första kammaren,1924,1930,,man
951,Edvard Lithander,h,Göteborgs stad,Första kammaren,1924,1930,,man
952,Edward Larson i Lerdala,f,Skaraborgs län,Första kammaren,1924,1930,,man
953,Einar Thulin,Socialdemokraterna,Östergötlands län med Norrköpings stad,Första kammaren,1924,1930,,man
954,Eli Svänsson,Socialdemokraterna,Kalmar läns norra och södra landstingsområden samt Gotlands län,Första kammaren,1924,1930,,man
955,Elof Andersson i Fältenborg,Liberalerna,Blekinge län och Kristianstads län,Första kammaren,1924,1930,,man
956,Eric Hallin,h,Göteborgs och Bohus län,Första kammaren,1924,1930,,man
957,Erik Abrahamsson,f,Jönköpings län,Första kammaren,1924,1930,,man
958,Erik Anderson i Hägelåkra,h,Kalmar läns norra och södra landstingsområden samt Gotlands län,Första kammaren,1924,1930,,man
959,Erik August Enhörning,h,Västernorrlands län och Jämtlands län,Första kammaren,1924,1930,,man
960,Erik Dalberg,Socialdemokraterna,Kopparbergs län,Första kammaren,1924,1930,,man
961,Erik Vrang,h,Skaraborgs län,Första kammaren,1924,1930,,man
962,Ernst Alarik Klefbeck,Socialdemokraterna,Stockholms stad,Första kammaren,1924,1930,,man
963,Ernst Lundell,h,Skaraborgs län,Första kammaren,1924,1930,,man
964,Ernst Lyberg,Liberalerna,Kopparbergs län,Första kammaren,1924,1930,,man
965,Ernst Svensson i Eskhult,bf,Skaraborgs län,Första kammaren,1924,1930,,man
966,Ernst Trygger,h,Stockholms stad,Första kammaren,1924,1930,,man
967,Ernst Wigforss,Socialdemokraterna,Göteborgs stad,Första kammaren,1924,1930,,man
968,Ernst Åström,Socialdemokraterna,Kopparbergs län,Första kammaren,1924,1930,,man
969,Evert Jonsson i Lycksele,f,Västerbottens län och Norrbottens län,Första kammaren,1924,1930,,man
970,Frits Gustav Möller,Socialdemokraterna,Stockholms län och Uppsala län,Första kammaren,1924,1930,,
971,Georg Bissmark,h,Kronobergs och Hallands län,Första kammaren,1924,1930,,man
972,Georg Dahl,h,Värmlands län,Första kammaren,1924,1930,,man
973,Gottfrid Karlsson i Gillberga,f,Örebro län,Första kammaren,1924,1930,,man
974,Gustaf Anton Larsén,Socialdemokraterna,Kronobergs och Hallands län,Första kammaren,1924,1930,,man
975,Gustaf Boman,h,Göteborgs stad,Första kammaren,1924,1930,,man
976,Gustaf Kobb,Liberalerna,Södermanlands och Västmanlands län,Första kammaren,1924,1930,,man
977,Gustaf Lagerbjelke,h,Stockholms län och Uppsala län,Första kammaren,1924,1930,,man
978,Gustaf Sederholm,h,Södermanlands och Västmanlands län,Första kammaren,1924,1930,,man
979,Gustaf Strömberg,Socialdemokraterna,Värmlands län,Första kammaren,1924,1930,,man
980,Gustav Hansson i Gårda,Socialdemokraterna,Göteborgs stad,Första kammaren,1924,1930,,man
981,Gustav Rosén,f,Västerbottens län och Norrbottens län,Första kammaren,1924,1930,,man
982,Harald Åkerberg,Socialdemokraterna,Örebro län,Första kammaren,1924,1930,,man
983,Henrik Andersson i Boda,bf,Västernorrlands län och Jämtlands län,Första kammaren,1924,1930,,man
984,Herman Kvarnzelius,Liberalerna,Västernorrlands län och Jämtlands län,Första kammaren,1924,1930,,man
985,Herman Lamm,Liberalerna,Stockholms stad,Första kammaren,1924,1930,,man
986,Herman Rogberg,h,Västerbottens län och Norrbottens län,Första kammaren,1924,1930,,man
987,Hjalmar Hammarskjöld,,Stockholms län och Uppsala län,Första kammaren,1924,1930,,man
988,Hjalmar von Sydow,h,Stockholms stad,Första kammaren,1924,1930,,man
989,Hugo Erik Gustaf Hamilton,h,Älvsborgs län,Första kammaren,1924,1930,,man
990,Isak Svensson i Grindstorp,Liberalerna,Göteborgs och Bohus län,Första kammaren,1924,1930,,man
991,Israel Holmgren,f,Göteborgs och Bohus län,Första kammaren,1924,1930,,man
992,Ivan Pauli,Socialdemokraterna,Jönköpings län,Första kammaren,1924,1930,,man
993,Ivar Österström,f,Västernorrlands län och Jämtlands län,Första kammaren,1924,1930,,man
994,J. Erik Forssberg,h,Blekinge län och Kristianstads län,Första kammaren,1924,1930,,
995,Jacob Larsson,Socialdemokraterna,Malmöhus län med Malmö stad och Helsingborgs stad,Första kammaren,1924,1930,,man
996,Jacob Spens,h,Jönköpings län,Första kammaren,1924,1930,,man
997,Jan Berglund,Socialdemokraterna,Stockholms stad,Första kammaren,1924,1930,,man
998,Janne Walles,Socialdemokraterna,Västernorrlands län och Jämtlands län,Första kammaren,1924,1930,,
999,Jeppe Clemedtson,h,Blekinge län och Kristianstads län,Första kammaren,1924,1930,,
1000,Johan Bergman,f,Värmlands län,Första kammaren,1924,1930,,man
1001,Johan Bernhard Johansson i Fredrikslund,h,Kronobergs och Hallands län,Första kammaren,1924,1930,,man
1002,Johan Johansson i Friggeråker,bf,Älvsborgs län,Första kammaren,1924,1930,,man
1003,Johan Johansson i Hornsberg,f,Västernorrlands län och Jämtlands län,Första kammaren,1924,1930,,man
1004,Johan Nilsson i Malmö,Socialdemokraterna,Malmöhus län med Malmö stad och Helsingborgs stad,Första kammaren,1924,1930,,man
1005,Johan Nilsson i Skottlandshus,h,Blekinge län och Kristianstads län,Första kammaren,1924,1930,,man
1006,John Almkvist,f,Västerbottens län och Norrbottens län,Första kammaren,1924,1930,,man
1007,John Jeansson,h,Kalmar läns norra och södra landstingsområden samt Gotlands län,Första kammaren,1924,1930,,man
1008,John Karlsson,h,Södermanlands och Västmanlands län,Första kammaren,1924,1930,,man
1009,John Sandén,Socialdemokraterna,Värmlands län,Första kammaren,1924,1930,,man
1010,Jonas Andersson i Hedsta,h,Gävleborgs län med Gävle stad,Första kammaren,1924,1930,,man
1011,Jöns Jönsson i Slätåker,h,Malmöhus län med Malmö stad och Helsingborgs stad,Första kammaren,1924,1930,,
1012,Jöns Pålsson,Liberalerna,Malmöhus län med Malmö stad och Helsingborgs stad,Första kammaren,1924,1930,,
1013,K.G. Westman,bf,Östergötlands län med Norrköpings stad,Första kammaren,1924,1930,,
1014,Karl Andersson i Eliantorp,bf,Östergötlands län med Norrköpings stad,Första kammaren,1924,1930,,man
1015,Karl Ekman,h,Jönköpings län,Första kammaren,1924,1930,,man
1016,Karl Johan Alfred Gustafsson,h,Jönköpings län,Första kammaren,1924,1930,,man
1017,Karl Sandegård,Socialdemokraterna,Älvsborgs län,Första kammaren,1924,1930,,man
1018,Karl Schlyter,Socialdemokraterna,Värmlands län,Första kammaren,1924,1930,,man
1019,Kerstin Hesselgren,Liberalerna,Örebro län,Första kammaren,1924,1930,,woman
1020,Knut von Geijer,h,Malmöhus län med Malmö stad och Helsingborgs stad,Första kammaren,1924,1930,,man
1021,Lars Gunnar Bodin,bf,Kalmar läns norra och södra landstingsområden samt Gotlands län,Första kammaren,1924,1930,,man
1022,Leonard Ljunglund,h,Stockholms stad,Första kammaren,1924,1930,,man
1023,Leonard Tjällgren,bf,Västernorrlands län och Jämtlands län,Första kammaren,1924,1930,,man
1024,Ludvig Widell,h,Göteborgs och Bohus län,Första kammaren,1924,1930,,man
1025,Manne Asplund,Socialdemokraterna,Västerbottens län och Norrbottens län,Första kammaren,1924,1930,,man
1026,Martin Fehr,Liberalerna,Stockholms län och Uppsala län,Första kammaren,1924,1930,,man
1027,Martin Kropp,Socialdemokraterna,Blekinge län och Kristianstads län,Första kammaren,1924,1930,,man
1028,Martin Svensson i Kompersmåla,h,Kronobergs och Hallands län,Första kammaren,1924,1930,,man
1029,Nils Anton Nilsson i Östrabo,h,Malmöhus län med Malmö stad och Helsingborgs stad,Första kammaren,1924,1930,,man
1030,Nils August Nilsson i Kabbarp,Socialdemokraterna,Malmöhus län med Malmö stad och Helsingborgs stad,Första kammaren,1924,1930,,man
1031,Nils Gabrielsson,h,Västerbottens län och Norrbottens län,Första kammaren,1924,1930,,man
1032,Nils Persson i Malmö,Socialdemokraterna,Malmöhus län med Malmö stad och Helsingborgs stad,Första kammaren,1924,1930,,man
1033,Nils Sigfrid Norling,Socialdemokraterna,Gävleborgs län med Gävle stad,Första kammaren,1924,1930,,man
1034,Nils Wohlin,bf,Malmöhus län med Malmö stad och Helsingborgs stad,Första kammaren,1924,1930,,man
1035,Olaus Pettersson i Olovstorp,f,Älvsborgs län,Första kammaren,1924,1930,,man
1036,Olof Bergqvist,h,Västerbottens län och Norrbottens län,Första kammaren,1924,1930,,man
1037,Olof Olsson,Socialdemokraterna,Malmöhus län med Malmö stad och Helsingborgs stad,Första kammaren,1924,1930,,man
1038,Oscar Ericson i Oberga,bf,Jönköpings län,Första kammaren,1924,1930,,man
1039,Oscar Olsson,Socialdemokraterna,Östergötlands län med Norrköpings stad,Första kammaren,1924,1930,,man
1040,Paul Hellström,f,Västerbottens län och Norrbottens län,Första kammaren,1924,1930,,man
1041,Paul Magnusson,Socialdemokraterna,Stockholms stad,Första kammaren,1924,1930,,man
1042,Per Adolf Larsson i Öjersbyn,h,Älvsborgs län,Första kammaren,1924,1930,,man
1043,Per Andersson i Koldemo,bf,Gävleborgs län med Gävle stad,Första kammaren,1924,1930,,man
1044,Per Gustafsson i Benestad,bf,Kronobergs och Hallands län,Första kammaren,1924,1930,,man
1045,Per Henning Sjöblom,Socialdemokraterna,Stockholms län och Uppsala län,Första kammaren,1924,1930,,man
1046,Per Norin,Socialdemokraterna,Gävleborgs län med Gävle stad,Första kammaren,1924,1930,,man
1047,Petrus Nilsson i Gränebo,bf,Kalmar läns norra och södra landstingsområden samt Gotlands län,Första kammaren,1924,1930,,
1048,Rickard Sandler,Socialdemokraterna,Gävleborgs län med Gävle stad,Första kammaren,1924,1930,,man
1049,Salli Luterkort,Socialdemokraterna,Västernorrlands län och Jämtlands län,Första kammaren,1924,1930,,
1050,Sigfrid Hansson,Socialdemokraterna,Göteborgs och Bohus län,Första kammaren,1924,1930,,
1051,Sten Stendahl,h,Stockholms stad,Första kammaren,1924,1930,,man
1052,Teodor Julin,Socialdemokraterna,Stockholms län och Uppsala län,Första kammaren,1924,1930,,man
1053,Theodor Borell,h,Stockholms län och Uppsala län,Första kammaren,1924,1930,,man
1054,Theodor Östergren,Socialdemokraterna,Blekinge län och Kristianstads län,Första kammaren,1924,1930,,man
1055,Torsten Nothin,Socialdemokraterna,Södermanlands och Västmanlands län,Första kammaren,1924,1930,,
1056,Torsten Ström,Socialdemokraterna,Skaraborgs län,Första kammaren,1924,1930,,
1057,Ulrik Leander,f,Blekinge län och Kristianstads län,Första kammaren,1924,1930,,man
1058,Valfrid Eriksson,h,Värmlands län,Första kammaren,1924,1930,,man
1059,William Linder,Socialdemokraterna,Blekinge län och Kristianstads län,Första kammaren,1924,1930,,man
1060,Åke Ingeström,f,Värmlands län,Första kammaren,1924,1930,,man
1061,Abel Andersson,Socialdemokraterna,Jönköpings län,Andra kammaren,1925,1928,,man
1062,Adolf Wallerius,h,Göteborgs och Bohus län,Andra kammaren,1925,1928,,man
1063,Adolf Wiklund,h,Västerbottens län,Andra kammaren,1925,1928,,man
1064,Adolv Olsson,Socialdemokraterna,Gävleborgs län,Andra kammaren,1925,1928,,
1065,Agda Östlund,Socialdemokraterna,Stockholms stad,Andra kammaren,1925,1928,,
1066,Albert Johansson,h,Kalmar län,Andra kammaren,1925,1928,,man
1067,Alfred Werner,Socialdemokraterna,Kalmar län,Andra kammaren,1925,1928,,man
1068,Algot Sjöström,Socialdemokraterna,Göteborgs stad,Andra kammaren,1925,1928,,man
1069,Algot Törnkvist,Socialdemokraterna,Blekinge län,Andra kammaren,1925,1928,,man
1070,Anders Andersson,Socialdemokraterna,Hallands län,Andra kammaren,1925,1928,,man
1071,Anders Andersson,Socialdemokraterna,Örebro län,Andra kammaren,1925,1928,,man
1072,Anders Hansson i Trollhättan,Socialdemokraterna,Älvsborgs läns norra,Andra kammaren,1925,1928,,man
1073,Anders Henrikson,h,Hallands län,Andra kammaren,1925,1928,,man
1074,Anders Lindgren,bf,Älvsborgs läns norra,Andra kammaren,1925,1928,,man
1075,Anders Norsell,Socialdemokraterna,Värmlands län,Andra kammaren,1925,1928,,man
1076,Anders Paulsen,Socialdemokraterna,Malmöhus län,Andra kammaren,1925,1928,,man
1077,Anton Eklund,Socialdemokraterna,Västmanlands län,Andra kammaren,1925,1928,,man
1078,Anton Svensson,bf,Jönköpings län,Andra kammaren,1925,1928,,man
1079,Anton Wikström,f,Västerbottens län,Andra kammaren,1925,1928,,man
1080,Arne Forssell,h,Stockholms stad,Andra kammaren,1925,1928,,man
1081,Arthur Engberg,Socialdemokraterna,Fyrstadskretsen[1],Andra kammaren,1925,1928,,man
1082,Arthur Heiding,bf,Kalmar län,Andra kammaren,1925,1928,,man
1083,Arthur Wilhelm Gustafsson,h,Älvsborgs läns norra,Andra kammaren,1925,1928,,man
1084,Arvid Gardell,bf,Gotlands län,Andra kammaren,1925,1928,,man
1085,Arvid Lindman,h,Stockholms stad,Andra kammaren,1925,1928,,man
1086,August Danielsson,bf,Älvsborgs läns norra,Andra kammaren,1925,1928,,man
1087,August Ernfors (tidigare Eriksson),h,Kopparbergs län,Andra kammaren,1925,1928,,man
1088,August Lundén,f,Skaraborgs län,Andra kammaren,1925,1928,,man
1089,August Schill,f,Södermanlands län,Andra kammaren,1925,1928,,man
1090,August Spångberg,k,Värmlands län,Andra kammaren,1925,1928,,man
1091,August Sävström,Socialdemokraterna,Gävleborgs län,Andra kammaren,1925,1928,,man
1092,August Wilhelm Pettersson,Socialdemokraterna,Västmanlands län,Andra kammaren,1925,1928,,man
1093,Axel Lindqvist,Socialdemokraterna,Hallands län,Andra kammaren,1925,1928,,man
1094,Bernhard Eriksson,Socialdemokraterna,Kopparbergs län,Andra kammaren,1925,1928,,man
1095,Bertha Wellin,h,Stockholms stad,Andra kammaren,1925,1928,,
1096,Bertil Mogård,Socialdemokraterna,Örebro län,Andra kammaren,1925,1928,,man
1097,Birger Christenson,h,Stockholms län,Andra kammaren,1925,1928,,man
1098,Birger Petersson,h,Älvsborgs läns södra,Andra kammaren,1925,1928,,man
1099,Björn Frithiofsson Holmgren,h,Blekinge län,Andra kammaren,1925,1928,,man
1100,Bror Lundkvist,Socialdemokraterna,Södermanlands län,Andra kammaren,1925,1928,,man
1101,Carl Alfred Svensson,Socialdemokraterna,Västernorrlands län,Andra kammaren,1925,1928,,man
1102,Carl Arvid Anderson,h,Skaraborgs län,Andra kammaren,1925,1928,,man
1103,Carl Björling,f,Värmlands län,Andra kammaren,1925,1928,,man
1104,Carl Bodén,f,Skaraborgs län,Andra kammaren,1925,1928,,man
1105,Carl Brännberg,Socialdemokraterna,Göteborgs och Bohus län,Andra kammaren,1925,1928,,man
1106,Carl Gustaf Olsson,bf,Uppsala län,Andra kammaren,1925,1928,,man
1107,Carl Jansson i Edsbäcken,f,Värmlands län,Andra kammaren,1925,1928,,man
1108,Carl Johan Högström,Socialdemokraterna,Gävleborgs län,Andra kammaren,1925,1928,,man
1109,Carl Johan Johansson i Uppmälby,Socialdemokraterna,Södermanlands län,Andra kammaren,1925,1928,,man
1110,Carl Jonas Öberg,h,Västernorrlands län,Andra kammaren,1925,1928,,man
1111,Carl Larson,h,Hallands län,Andra kammaren,1925,1928,,man
1112,Carl Lovén,Socialdemokraterna,Fyrstadskretsen[1],Andra kammaren,1925,1928,,man
1113,Carl Oscar Johansson,Socialdemokraterna,Västernorrlands län,Andra kammaren,1925,1928,,man
1114,Carl Otto Vahlstedt,Socialdemokraterna,Skaraborgs län,Andra kammaren,1925,1928,,man
1115,Carl Petrus Olsson,Socialdemokraterna,Älvsborgs läns norra,Andra kammaren,1925,1928,,man
1116,Carl Ros,h,Värmlands län,Andra kammaren,1925,1928,,man
1117,Carl Sjögren,Socialdemokraterna,Östergötlands län,Andra kammaren,1925,1928,,man
1118,Carl Vilhelm Carlsson,Socialdemokraterna,Göteborgs och Bohus län,Andra kammaren,1925,1928,,man
1119,Carl Wilhelm Oskar Höglund,Socialdemokraterna,Göteborgs stad,Andra kammaren,1925,1928,,man
1120,Claes Lindskog,h,Fyrstadskretsen[1],Andra kammaren,1925,1928,,man
1121,Conrad Jonsson,Socialdemokraterna,Södermanlands län,Andra kammaren,1925,1928,,man
1122,Cornelius Olsson,h,Göteborgs och Bohus län,Andra kammaren,1925,1928,,man
1123,David Norman,h,Kalmar län,Andra kammaren,1925,1928,,man
1124,David Pettersson,h,Östergötlands län,Andra kammaren,1925,1928,,man
1125,Edvard Johanson,Socialdemokraterna,Stockholms stad,Andra kammaren,1925,1928,,man
1126,Edvard Lithander,h,Göteborgs stad,Andra kammaren,1925,1928,,man
1127,Edvard Uddenberg,Socialdemokraterna,Örebro län,Andra kammaren,1925,1928,,man
1128,Einar Ahl,Socialdemokraterna,Stockholms län,Andra kammaren,1925,1928,,man
1129,Eliel Löfgren,Liberalerna,Stockholms stad,Andra kammaren,1925,1928,,
1130,Elof Lindberg,Socialdemokraterna,Västerbottens län,Andra kammaren,1925,1928,,man
1131,Elof Ljunggren,f,Örebro län,Andra kammaren,1925,1928,,man
1132,Emil Andersson,Socialdemokraterna,Värmlands län,Andra kammaren,1925,1928,,man
1133,Emil Bengtsson,h,Skaraborgs län,Andra kammaren,1925,1928,,man
1134,Emil Gustafson i Vimmerby,f,Kalmar län,Andra kammaren,1925,1928,,man
1135,Emil Kristensson,Socialdemokraterna,Göteborgs stad,Andra kammaren,1925,1928,,man
1136,Emil Olovson,Socialdemokraterna,Västmanlands län,Andra kammaren,1925,1928,,man
1137,Eric Björnberg,f,Uppsala län,Andra kammaren,1925,1928,,man
1138,Erik Bernström,h,Stockholms län,Andra kammaren,1925,1928,,man
1139,Erik Fast,Socialdemokraterna,Jönköpings län,Andra kammaren,1925,1928,,man
1140,Erik Gustaf Johansson,Socialdemokraterna,Östergötlands län,Andra kammaren,1925,1928,,man
1141,Erik Laurén,h,Södermanlands län,Andra kammaren,1925,1928,,man
1142,Erik Nylander,h,Stockholms stad,Andra kammaren,1925,1928,,man
1143,Erik Röing,Liberalerna,Göteborgs stad,Andra kammaren,1925,1928,,man
1144,Erik Uddenberg,h,Hallands län,Andra kammaren,1925,1928,,man
1145,Ernst Eriksson,Socialdemokraterna,Stockholms stad,Andra kammaren,1925,1928,,man
1146,Ernst Göransson,h,Jönköpings län,Andra kammaren,1925,1928,,man
1147,Ernst Hage,Socialdemokraterna,Norrbottens län,Andra kammaren,1925,1928,,man
1148,Ernst Lindley,Socialdemokraterna,Gävleborgs län,Andra kammaren,1925,1928,,man
1149,Ernst Lundgren,f,Örebro län,Andra kammaren,1925,1928,,man
1150,Eskils Hans Hansson,f,Kopparbergs län,Andra kammaren,1925,1928,,
1151,Evert Sandberg,f,Västerbottens län,Andra kammaren,1925,1928,,man
1152,Ewald Lindmark,h,Västerbottens län,Andra kammaren,1925,1928,,
1153,F.V. Thorsson,Socialdemokraterna,Malmöhus län,Andra kammaren,1925,1928,,
1154,Fabian Lilliecreutz,h,Jönköpings län,Andra kammaren,1925,1928,,man
1155,Fabian Månsson,Socialdemokraterna,Gävleborgs län,Andra kammaren,1925,1928,,man
1156,Felix Hamrin,f,Jönköpings län,Andra kammaren,1925,1928,,man
1157,Frans Ericson,Socialdemokraterna,Östergötlands län,Andra kammaren,1925,1928,,man
1158,Fredrik Aarnseth,Socialdemokraterna,Kopparbergs län,Andra kammaren,1925,1928,,man
1159,Fredrik Sundström,Socialdemokraterna,Kopparbergs län,Andra kammaren,1925,1928,,man
1160,Georg Andrén,h,Uppsala län,Andra kammaren,1925,1928,,man
1161,Gerhard Strindlund,bf,Västernorrlands län,Andra kammaren,1925,1928,,man
1162,Gottfrid Karlsson,Socialdemokraterna,Östergötlands län,Andra kammaren,1925,1928,,man
1163,Gunnar Persson (senare Falla),h,Örebro län,Andra kammaren,1925,1928,,man
1164,Gustaf Adolf Björkman,h,Östergötlands län,Andra kammaren,1925,1928,,man
1165,Gustaf Andersson,f,Kopparbergs län,Andra kammaren,1925,1928,,man
1166,Gustaf Eriksson,bf,Värmlands län,Andra kammaren,1925,1928,,man
1167,Gustaf Gustafsson i Älvsered,h,Älvsborgs läns södra,Andra kammaren,1925,1928,,man
1168,Gustaf Olsson i Broddbo,f,Västmanlands län,Andra kammaren,1925,1928,,man
1169,Gustaf Olsson i Ramsta,f,Södermanlands län,Andra kammaren,1925,1928,,man
1170,Gustaf Pettersson (senare Hellbacken),Socialdemokraterna,Kopparbergs län,Andra kammaren,1925,1928,,man
1171,Gustaf Svedman,h,Gotlands län,Andra kammaren,1925,1928,,man
1172,Gustav Albert Johansson,bf,Skaraborgs län,Andra kammaren,1925,1928,,man
1173,Gustav Anton Holmberg,Socialdemokraterna,Östergötlands län,Andra kammaren,1925,1928,,man
1174,Gustav Mosesson,f,Stockholms län,Andra kammaren,1925,1928,,man
1175,Hans Morfeldt,Socialdemokraterna,Värmlands län,Andra kammaren,1925,1928,,man
1176,Harald Hallén,Socialdemokraterna,Älvsborgs läns norra,Andra kammaren,1925,1928,,man
1177,Harald Laurin,bf,Stockholms län,Andra kammaren,1925,1928,,man
1178,Helge Almquist,h,Göteborgs stad,Andra kammaren,1925,1928,,man
1179,Helge Bäcklund,Socialdemokraterna,Skaraborgs län,Andra kammaren,1925,1928,,man
1180,Helmer Hedström,h,Norrbottens län,Andra kammaren,1925,1928,,man
1181,Helmer Lagerkvist,Socialdemokraterna,Västernorrlands län,Andra kammaren,1925,1928,,man
1182,Helmer Molander,k,Västernorrlands län,Andra kammaren,1925,1928,,man
1183,Henning Leo,Socialdemokraterna,Kronobergs län,Andra kammaren,1925,1928,,man
1184,Herman Andersson,bf,Göteborgs och Bohus län,Andra kammaren,1925,1928,,man
1185,Herman Blomquist,Socialdemokraterna,Kronobergs län,Andra kammaren,1925,1928,,man
1186,Herman Lindqvist,Socialdemokraterna,Stockholms stad,Andra kammaren,1925,1928,,man
1187,Herman Norling,Socialdemokraterna,Värmlands län,Andra kammaren,1925,1928,,man
1188,Hjalmar Branting,Socialdemokraterna,Stockholms stad,Andra kammaren,1925,1928,,man
1189,Hjalmar Svensson,bf,Kronobergs län,Andra kammaren,1925,1928,,man
1190,Ivar Anderson,h,Östergötlands län,Andra kammaren,1925,1928,,man
1191,Ivar Englund,Socialdemokraterna,Kopparbergs län,Andra kammaren,1925,1928,,man
1192,Ivar Vennerström,Socialdemokraterna,Västernorrlands län,Andra kammaren,1925,1928,,man
1193,Jacob Beskow,h,Fyrstadskretsen[1],Andra kammaren,1925,1928,,man
1194,Janne Nilsson,bf,Malmöhus län,Andra kammaren,1925,1928,,
1195,Johan Gustaf Svensson i Betingetorp,h,Kronobergs län,Andra kammaren,1925,1928,,man
1196,Johan Johansson i Kälkebo,bf,Gävleborgs län,Andra kammaren,1925,1928,,man
1197,Johan Jönsson i Revinge,Liberalerna,Malmöhus län,Andra kammaren,1925,1928,,man
1198,Johan Olofsson i Digernäs,f,Jämtlands län,Andra kammaren,1925,1928,,man
1199,John Hedin,h,Skaraborgs län,Andra kammaren,1925,1928,,man
1200,John Jönsson,h,Blekinge län,Andra kammaren,1925,1928,,man
1201,Jonas Dahlén,k,Norrbottens län,Andra kammaren,1925,1928,,man
1202,Jones Erik Andersson,bf,Kopparbergs län,Andra kammaren,1925,1928,,
1203,Jonny Fjellman,h,Malmöhus län,Andra kammaren,1925,1928,,man
1204,Josef Weijne,Socialdemokraterna,Älvsborgs läns södra,Andra kammaren,1925,1928,,man
1205,Julius Hedvall,Socialdemokraterna,Göteborgs stad,Andra kammaren,1925,1928,,man
1206,Jöran Grapenson,h,Norrbottens län,Andra kammaren,1925,1928,,
1207,Karl Allan Westman,bf,Östergötlands län,Andra kammaren,1925,1928,,man
1208,Karl Arthur Ryberg,bf,Älvsborgs läns södra,Andra kammaren,1925,1928,,man
1209,Karl August Borg,Socialdemokraterna,Uppsala län,Andra kammaren,1925,1928,,man
1210,Karl Bergström,Socialdemokraterna,Fyrstadskretsen[1],Andra kammaren,1925,1928,,man
1211,Karl Ernst Magnusson,Socialdemokraterna,Kalmar län,Andra kammaren,1925,1928,,man
1212,Karl Johan Söderberg,Socialdemokraterna,Stockholms län,Andra kammaren,1925,1928,,man
1213,Karl Magnusson,h,Skaraborgs län,Andra kammaren,1925,1928,,man
1214,Karl Teodor Andersson,Socialdemokraterna,Södermanlands län,Andra kammaren,1925,1928,,man
1215,Karl Ward,Socialdemokraterna,Östergötlands län,Andra kammaren,1925,1928,,man
1216,Lars Anton Björklund,Socialdemokraterna,Kristianstads län,Andra kammaren,1925,1928,,man
1217,Lars Borggren,Socialdemokraterna,Kristianstads län,Andra kammaren,1925,1928,,man
1218,Lars Johan Carlsson-Frosterud,Socialdemokraterna,Värmlands län,Andra kammaren,1925,1928,,man
1219,Lars Olsson i Vallsta,,Gävleborgs län,Andra kammaren,1925,1928,,man
1220,Lucas Petersson,bf,Jönköpings län,Andra kammaren,1925,1928,,man
1221,Ludvig Lorichs,h,Västmanlands län,Andra kammaren,1925,1928,,man
1222,Ludwig Brännström,h,Västerbottens län,Andra kammaren,1925,1928,,man
1223,Martin Andersson i Igelboda,Socialdemokraterna,Stockholms län,Andra kammaren,1925,1928,,man
1224,Martin Jensen,Socialdemokraterna,Fyrstadskretsen[1],Andra kammaren,1925,1928,,man
1225,Mauritz Västberg,Socialdemokraterna,Västernorrlands län,Andra kammaren,1925,1928,,man
1226,Nelly Thüring,Socialdemokraterna,Göteborgs stad,Andra kammaren,1925,1928,,woman
1227,Nestor Hammarlund,bf,Kristianstads län,Andra kammaren,1925,1928,,
1228,Nils Adler,Socialdemokraterna,Blekinge län,Andra kammaren,1925,1928,,man
1229,Nils Björk,Socialdemokraterna,Kristianstads län,Andra kammaren,1925,1928,,man
1230,Nils Erik Nilsson i Antnäs,h,Norrbottens län,Andra kammaren,1925,1928,,man
1231,Nils Holmström,h,Gävleborgs län,Andra kammaren,1925,1928,,man
1232,Nils Johansson,bf,Hallands län,Andra kammaren,1925,1928,,man
1233,Nils Månsson i Erlandsro,h,Malmöhus län,Andra kammaren,1925,1928,,man
1234,Nils Olsson i Rödningsberg,Socialdemokraterna,Jämtlands län,Andra kammaren,1925,1928,,man
1235,Nils Törnkvist,Socialdemokraterna,Malmöhus län,Andra kammaren,1925,1928,,man
1236,Nils Winkler,h,Fyrstadskretsen[1],Andra kammaren,1925,1928,,man
1237,Ola Isacsson,Socialdemokraterna,Kristianstads län,Andra kammaren,1925,1928,,man
1238,Ola Jeppsson,f,Blekinge län,Andra kammaren,1925,1928,,man
1239,Olof Andersson i Höör,Socialdemokraterna,Malmöhus län,Andra kammaren,1925,1928,,man
1240,Olof Carlsson,Socialdemokraterna,Stockholms stad,Andra kammaren,1925,1928,,man
1241,Olof Johansson i Edsbyn,f,Gävleborgs län,Andra kammaren,1925,1928,,man
1242,Olof Nilsson,Socialdemokraterna,Malmöhus län,Andra kammaren,1925,1928,,man
1243,Olof Nilsson i Örebro,Socialdemokraterna,Örebro län,Andra kammaren,1925,1928,,man
1244,Olof Olsson,bf,Malmöhus län,Andra kammaren,1925,1928,,man
1245,Oscar Carlström,f,Jönköpings län,Andra kammaren,1925,1928,,man
1246,Oscar Johanson,h,Jönköpings län,Andra kammaren,1925,1928,,man
1247,Oscar Lövgren,Socialdemokraterna,Norrbottens län,Andra kammaren,1925,1928,,man
1248,Oscar Nathanael Olsson (senare Broberg),h,Göteborgs och Bohus län,Andra kammaren,1925,1928,,man
1249,Oscar Osberg,Liberalerna,Göteborgs och Bohus län,Andra kammaren,1925,1928,,man
1250,Oskar Hagman,Socialdemokraterna,Stockholms stad,Andra kammaren,1925,1928,,man
1251,Oskar Kloo,Socialdemokraterna,Blekinge län,Andra kammaren,1925,1928,,man
1252,Oskar Sjölander,Socialdemokraterna,Uppsala län,Andra kammaren,1925,1928,,man
1253,Otto Holmdahl,h,Stockholms stad,Andra kammaren,1925,1928,,man
1254,Otto Johansson,h,Älvsborgs läns södra,Andra kammaren,1925,1928,,man
1255,Otto Järte,h,Stockholms stad,Andra kammaren,1925,1928,,man
1256,Otto Magnusson,h,Kronobergs län,Andra kammaren,1925,1928,,man
1257,Per Albin Hansson,Socialdemokraterna,Stockholms stad,Andra kammaren,1925,1928,,man
1258,Per Edvard Olsson,bf,Kalmar län,Andra kammaren,1925,1928,,man
1259,Per Edvin Sköld,Socialdemokraterna,Malmöhus län,Andra kammaren,1925,1928,,man
1260,Per Granath,Socialdemokraterna,Gävleborgs län,Andra kammaren,1925,1928,,man
1261,Per Henning Sjöblom,Socialdemokraterna,Stockholms län,Andra kammaren,1925,1928,,man
1262,Per Nilsson i Bonarp,h,Kristianstads län,Andra kammaren,1925,1928,,man
1263,Per Pehrsson,h,Göteborgs stad,Andra kammaren,1925,1928,,man
1264,Per Persson i Trången,bf,Jämtlands län,Andra kammaren,1925,1928,,man
1265,Per Rudén,h,Västernorrlands län,Andra kammaren,1925,1928,,man
1266,Peter Magnus Olsson i Blädinge,h,Kronobergs län,Andra kammaren,1925,1928,,man
1267,Petrus Bergström,f,Västernorrlands län,Andra kammaren,1925,1928,,
1268,Petrus Ödström,f,Örebro län,Andra kammaren,1925,1928,,
1269,Raoul Hamilton,f,Kristianstads län,Andra kammaren,1925,1928,,man
1270,Robert Jansson,Socialdemokraterna,Kopparbergs län,Andra kammaren,1925,1928,,man
1271,Robert Samuelsson,k,Norrbottens län,Andra kammaren,1925,1928,,man
1272,Ruben Wagnsson,Socialdemokraterna,Kalmar län,Andra kammaren,1925,1928,,man
1273,Samuel Hedlund,h,Jämtlands län,Andra kammaren,1925,1928,,man
1274,Sven Bengtsson i Norup,f,Kristianstads län,Andra kammaren,1925,1928,,man
1275,Sven Johan Karlsson,Socialdemokraterna,Stockholms län,Andra kammaren,1925,1928,,man
1276,Sven Olsson i Labbemåla,f,Östergötlands län,Andra kammaren,1925,1928,,man
1277,Swen Persson i Fritorp,h,Kristianstads län,Andra kammaren,1925,1928,,
1278,Theodor Gardell,bf,Gotlands län,Andra kammaren,1925,1928,,man
1279,Theodor af Ekenstam,h,Östergötlands län,Andra kammaren,1925,1928,,man
1280,Thore Alströmer,h,Älvsborgs läns norra,Andra kammaren,1925,1928,,
1281,Valerius Olsson,h,Kalmar län,Andra kammaren,1925,1928,,
1282,Verner Hedlund,Socialdemokraterna,Jämtlands län,Andra kammaren,1925,1928,,man
1283,Verner Karlsson i Vätö,Socialdemokraterna,Stockholms län,Andra kammaren,1925,1928,,man
1284,Viktor Herou,k,Gävleborgs län,Andra kammaren,1925,1928,,man
1285,Viktor Larsson,Socialdemokraterna,Västmanlands län,Andra kammaren,1925,1928,,man
1286,Viktor Öhman,Socialdemokraterna,Örebro län,Andra kammaren,1925,1928,,man
1287,Värner Rydén,Socialdemokraterna,Fyrstadskretsen[1],Andra kammaren,1925,1928,,
1288,Werner Bäckström,f,Västerbottens län,Andra kammaren,1925,1928,,
1289,Wiktor Holmström,Socialdemokraterna,Stockholms stad,Andra kammaren,1925,1928,,man
1290,Wiktor Mårtensson,Socialdemokraterna,Göteborgs och Bohus län,Andra kammaren,1925,1928,,man
1291,ersatt av: Herman Smedh,Socialdemokraterna,Kopparbergs län,Andra kammaren,1925,1928,,
1292,ersatt av: Karl Wirsell,h,Kalmar län,Andra kammaren,1925,1928,,
1293,Abel Andersson,Socialdemokraterna,Jönköpings län,Andra kammaren,1929,1932,,man
1294,Adolf Wallerius,h,Göteborgs och Bohus län,Andra kammaren,1929,1932,,man
1295,Adolf Wiklund,h,Västerbottens län,Andra kammaren,1929,1932,,man
1296,Agda Östlund,Socialdemokraterna,Stockholms stad,Andra kammaren,1929,1932,,
1297,Albert Johansson,h,Kalmar län,Andra kammaren,1929,1932,,man
1298,Albin Eriksson,bf,Hallands län,Andra kammaren,1929,1932,,man
1299,Albin Ström,Socialdemokraterna,Göteborgs stad,Andra kammaren,1929,1932,,man
1300,Alfred Werner,Socialdemokraterna,Kalmar län,Andra kammaren,1929,1932,,man
1301,Algot Törnkvist,Socialdemokraterna,Blekinge län,Andra kammaren,1929,1932,,man
1302,Allan Andersson,Socialdemokraterna,Stockholms län,Andra kammaren,1929,1932,,man
1303,Allan Vougt,Socialdemokraterna,Fyrstadskretsen,Andra kammaren,1929,1932,,man
1304,Anders Andersson i Råstock,Socialdemokraterna,Örebro län,Andra kammaren,1929,1932,,man
1305,Anders Birger Andersson,Socialdemokraterna,Hallands län,Andra kammaren,1929,1932,,man
1306,Anders Henriksson,h,Hallands län,Andra kammaren,1929,1932,,man
1307,Anders Hilding,f,Gävleborgs län,Andra kammaren,1929,1932,,man
1308,Anders Johan Johansson,bf,Västmanlands län,Andra kammaren,1929,1932,,man
1309,Anders Lindgren,bf,Älvsborgs läns norra,Andra kammaren,1929,1932,,man
1310,Anders Norsell,Socialdemokraterna,Värmlands län,Andra kammaren,1929,1932,,man
1311,Anders Olsson,f,Kopparbergs län,Andra kammaren,1929,1932,,man
1312,Anders Paulsen,Socialdemokraterna,Malmöhus län,Andra kammaren,1929,1932,,man
1313,Anton Eklund,Socialdemokraterna,Västmanlands län,Andra kammaren,1929,1932,,man
1314,Anton Svensson i Högsjöhult,bf,Jönköpings län,Andra kammaren,1929,1932,,man
1315,Anton Wikström,f,Västerbottens län,Andra kammaren,1929,1932,,man
1316,Arne Forssell,h,Stockholms stad,Andra kammaren,1929,1932,,man
1317,Arthur Engberg,Socialdemokraterna,Stockholms stad,Andra kammaren,1929,1932,,man
1318,Arthur Heiding,bf,Kalmar län,Andra kammaren,1929,1932,,man
1319,Arthur Thomson,Socialdemokraterna,Fyrstadskretsen,Andra kammaren,1929,1932,,man
1320,Arthur Wilhelm Gustafsson,h,Älvsborgs läns norra,Andra kammaren,1929,1932,,man
1321,Arvid Gardell,bf,Gotlands län,Andra kammaren,1929,1932,,man
1322,Arvid Lindman,h,Stockholms stad,Andra kammaren,1929,1932,,man
1323,August Ander,f,Västmanlands län,Andra kammaren,1929,1932,,man
1324,August Danielsson,bf,Älvsborgs läns norra,Andra kammaren,1929,1932,,man
1325,August Lundén,f,Skaraborgs län,Andra kammaren,1929,1932,,man
1326,August Spångberg,k,Värmlands län,Andra kammaren,1929,1932,,man
1327,August Sävström,Socialdemokraterna,Gävleborgs län,Andra kammaren,1929,1932,,man
1328,Axel Hansson,Socialdemokraterna,Älvsborgs läns norra,Andra kammaren,1929,1932,,man
1329,Axel Lindqvist,Socialdemokraterna,Hallands län,Andra kammaren,1929,1932,,man
1330,Axel Pehrsson,bf,Malmöhus län,Andra kammaren,1929,1932,,man
1331,Axel Wachtmeister,h,Blekinge län,Andra kammaren,1929,1932,,man
1332,Bernhard Eriksson,Socialdemokraterna,Kopparbergs län,Andra kammaren,1929,1932,,man
1333,Bertha Wellin,h,Stockholms stad,Andra kammaren,1929,1932,,
1334,Bertil Mogård,Socialdemokraterna,Örebro län,Andra kammaren,1929,1932,,man
1335,Birger Christenson,h,Stockholms län,Andra kammaren,1929,1932,,man
1336,Birger Petersson,h,Älvsborgs läns södra,Andra kammaren,1929,1932,,man
1337,Björn Frithiofsson Holmgren,h,Blekinge län,Andra kammaren,1929,1932,,man
1338,Björn Prytz,Liberalerna,Göteborgs stad,Andra kammaren,1929,1932,,man
1339,Bror Lundkvist,Socialdemokraterna,Södermanlands län,Andra kammaren,1929,1932,,man
1340,Carl Arvid Anderson,h,Skaraborgs län,Andra kammaren,1929,1932,,man
1341,Carl Björling,f,Värmlands län,Andra kammaren,1929,1932,,man
1342,Carl Brännberg,Socialdemokraterna,Göteborgs och Bohus län,Andra kammaren,1929,1932,,man
1343,Carl Gustaf Ekman,f,Stockholms stad,Andra kammaren,1929,1932,,man
1344,Carl Gustaf Olsson,bf,Uppsala län,Andra kammaren,1929,1932,,man
1345,Carl Jansson,f,Värmlands län,Andra kammaren,1929,1932,,man
1346,Carl Johan Högström,Socialdemokraterna,Gävleborgs län,Andra kammaren,1929,1932,,man
1347,Carl Johan Johansson i Uppmälby,Socialdemokraterna,Södermanlands län,Andra kammaren,1929,1932,,man
1348,Carl Larson,h,Hallands län,Andra kammaren,1929,1932,,man
1349,Carl Lovén,Socialdemokraterna,Fyrstadskretsen,Andra kammaren,1929,1932,,man
1350,Carl Oscar Johansson,Socialdemokraterna,Västernorrlands län,Andra kammaren,1929,1932,,man
1351,Carl Otto Vahlstedt,Socialdemokraterna,Skaraborgs län,Andra kammaren,1929,1932,,man
1352,Carl Petrus Olsson,Socialdemokraterna,Älvsborgs läns norra,Andra kammaren,1929,1932,,man
1353,Carl Ros,h,Värmlands län,Andra kammaren,1929,1932,,man
1354,Carl Sjögren,Socialdemokraterna,Östergötlands län,Andra kammaren,1929,1932,,man
1355,Carl Wilhelm Oskar Höglund,Socialdemokraterna,Göteborgs stad,Andra kammaren,1929,1932,,man
1356,Claes Lindskog,h,Fyrstadskretsen,Andra kammaren,1929,1932,,man
1357,Conrad Carleson,Liberalerna,Stockholms stad,Andra kammaren,1929,1932,,man
1358,Conrad Jonsson,Socialdemokraterna,Södermanlands län,Andra kammaren,1929,1932,,man
1359,Cornelius Olsson,h,Göteborgs och Bohus län,Andra kammaren,1929,1932,,man
1360,Curt Larsson,Socialdemokraterna,Göteborgs stad,Andra kammaren,1929,1932,,
1361,David Pettersson,h,Östergötlands län,Andra kammaren,1929,1932,,man
1362,Edoff Andersson,k,Stockholms stad,Andra kammaren,1929,1932,,
1363,Edvard Johansson,Socialdemokraterna,Stockholms stad,Andra kammaren,1929,1932,,man
1364,Edvard Lithander,h,Göteborgs stad,Andra kammaren,1929,1932,,man
1365,Edvard Uddenberg,Socialdemokraterna,Örebro län,Andra kammaren,1929,1932,,man
1366,Edvin Leffler,h,Älvsborgs läns södra,Andra kammaren,1929,1932,,man
1367,Einar Ahl,Socialdemokraterna,Stockholms län,Andra kammaren,1929,1932,,man
1368,Elof Hällgren,Socialdemokraterna,Blekinge län,Andra kammaren,1929,1932,,man
1369,Elof Lindberg,Socialdemokraterna,Västerbottens län,Andra kammaren,1929,1932,,man
1370,Emanuel Björck,h,Kristianstads län,Andra kammaren,1929,1932,,man
1371,Emil Bengtsson,h,Skaraborgs län,Andra kammaren,1929,1932,,man
1372,Emil Gustafson i Vimmerby,f,Kalmar län,Andra kammaren,1929,1932,,man
1373,Emil Hultman,bf,Gävleborgs län,Andra kammaren,1929,1932,,man
1374,Emil Olovson,Socialdemokraterna,Västmanlands län,Andra kammaren,1929,1932,,man
1375,Eric Björnberg,f,Uppsala län,Andra kammaren,1929,1932,,man
1376,Erik Eurén,h,Stockholms län,Andra kammaren,1929,1932,,man
1377,Erik Fast,Socialdemokraterna,Jönköpings län,Andra kammaren,1929,1932,,man
1378,Erik Gustaf Johansson,Socialdemokraterna,Östergötlands län,Andra kammaren,1929,1932,,man
1379,Erik Laurén,h,Södermanlands län,Andra kammaren,1929,1932,,man
1380,Erik Nordkvist,h,Skaraborgs län,Andra kammaren,1929,1932,,man
1381,Erik Nygren,h,Stockholms stad,Andra kammaren,1929,1932,,man
1382,Erik Nylander,h,Stockholms stad,Andra kammaren,1929,1932,,man
1383,Erik Olson,h,Göteborgs stad,Andra kammaren,1929,1932,,man
1384,Erik W. Ljung,h,Malmöhus län,Andra kammaren,1929,1932,,man
1385,Ernst Aronson,h,Kopparbergs län,Andra kammaren,1929,1932,,man
1386,Ernst Eriksson,Socialdemokraterna,Stockholms stad,Andra kammaren,1929,1932,,man
1387,Ernst Hage,Socialdemokraterna,Norrbottens län,Andra kammaren,1929,1932,,man
1388,Ernst Lindley,Socialdemokraterna,Gävleborgs län,Andra kammaren,1929,1932,,man
1389,Ernst Lundgren,f,Örebro län,Andra kammaren,1929,1932,,man
1390,Ernst Wigforss,Socialdemokraterna,Göteborgs stad,Andra kammaren,1929,1932,,man
1391,Evald Ericsson,Socialdemokraterna,Kopparbergs län,Andra kammaren,1929,1932,,man
1392,Evert Sandberg,f,Västerbottens län,Andra kammaren,1929,1932,,man
1393,Ewald Lindmark,h,Västerbottens län,Andra kammaren,1929,1932,,
1394,Fabian Lilliecreutz,h,Jönköpings län,Andra kammaren,1929,1932,,man
1395,Fabian Månsson,Socialdemokraterna,Gävleborgs län,Andra kammaren,1929,1932,,man
1396,Felix Hamrin,f,Jönköpings län,Andra kammaren,1929,1932,,man
1397,Frans Ericson,Socialdemokraterna,Östergötlands län,Andra kammaren,1929,1932,,man
1398,Fredrik Sandwall,h,Örebro län,Andra kammaren,1929,1932,,man
1399,Gerhard Strindlund,bf,Västernorrlands län,Andra kammaren,1929,1932,,man
1400,Gottfrid Karlsson,Socialdemokraterna,Östergötlands län,Andra kammaren,1929,1932,,man
1401,Gunnar Persson i Falla,h,Örebro län,Andra kammaren,1929,1932,,man
1402,Gustaf Adolf Björkman,h,Östergötlands län,Andra kammaren,1929,1932,,man
1403,Gustaf Andersson,f,Kopparbergs län,Andra kammaren,1929,1932,,man
1404,Gustaf Karlsson,Socialdemokraterna,Göteborgs och Bohus län,Andra kammaren,1929,1932,,man
1405,Gustaf Olson i Torsby,h,Värmlands län,Andra kammaren,1929,1932,,man
1406,Gustaf Olsson i Ramsta,f,Södermanlands län,Andra kammaren,1929,1932,,man
1407,Gustaf Pettersson (senare Hellbacken),Socialdemokraterna,Kopparbergs län,Andra kammaren,1929,1932,,man
1408,Gustaf Rosander,Socialdemokraterna,Kronobergs län,Andra kammaren,1929,1932,,man
1409,Gustaf Svedman,h,Gotlands län,Andra kammaren,1929,1932,,man
1410,Gustav Johanson i Hallagården,bf,Skaraborgs län,Andra kammaren,1929,1932,,man
1411,Gustav Mosesson,f,Stockholms län,Andra kammaren,1929,1932,,man
1412,Harald Andersson,bf,Södermanlands län,Andra kammaren,1929,1932,,man
1413,Harald Hallén,Socialdemokraterna,Värmlands län,Andra kammaren,1929,1932,,man
1414,Harald Laurin,bf,Stockholms län,Andra kammaren,1929,1932,,man
1415,Harald Lundström,h,Norrbottens län,Andra kammaren,1929,1932,,man
1416,Harry Weibull,h,Fyrstadskretsen,Andra kammaren,1929,1932,,man
1417,Helge Bäcklund,Socialdemokraterna,Skaraborgs län,Andra kammaren,1929,1932,,man
1418,Helmer Lagerkwist,Socialdemokraterna,Västernorrlands län,Andra kammaren,1929,1932,,man
1419,Helmer Molander,Socialdemokraterna,Västernorrlands län,Andra kammaren,1929,1932,,man
1420,Helmer Schött,h,Kalmar län,Andra kammaren,1929,1932,,man
1421,Herman Andersson,bf,Göteborgs och Bohus län,Andra kammaren,1929,1932,,man
1422,Herman Blomquist,Socialdemokraterna,Kronobergs län,Andra kammaren,1929,1932,,man
1423,Herman Lindqvist,Socialdemokraterna,Stockholms stad,Andra kammaren,1929,1932,,man
1424,Herman Norling,Socialdemokraterna,Värmlands län,Andra kammaren,1929,1932,,man
1425,Hjalmar Svensson,bf,Kronobergs län,Andra kammaren,1929,1932,,man
1426,Ivar Anderson,h,Östergötlands län,Andra kammaren,1929,1932,,man
1427,Janne Nilsson,bf,Malmöhus län,Andra kammaren,1929,1932,,
1428,Johan Albert Persson,Socialdemokraterna,Skaraborgs län,Andra kammaren,1929,1932,,man
1429,Johan Bernhard Wiklund,Socialdemokraterna,Västerbottens län,Andra kammaren,1929,1932,,man
1430,Johan Gustaf Svensson i Betingetorp,h,Kronobergs län,Andra kammaren,1929,1932,,man
1431,Johan Johnsson i Norrahammar,Socialdemokraterna,Jönköpings län,Andra kammaren,1929,1932,,man
1432,Johan Jönsson i Revinge,Liberalerna,Malmöhus län,Andra kammaren,1929,1932,,man
1433,Johan Olofsson i Digernäs,f,Jämtlands län,Andra kammaren,1929,1932,,man
1434,John Jönsson,h,Blekinge län,Andra kammaren,1929,1932,,man
1435,Jonas Dahlén,k,Norrbottens län,Andra kammaren,1929,1932,,man
1436,Jonas Nikolaus Svedberg,bf,Gävleborgs län,Andra kammaren,1929,1932,,man
1437,Jones Erik Andersson,bf,Kopparbergs län,Andra kammaren,1929,1932,,
1438,Josef Weijne,Socialdemokraterna,Älvsborgs läns södra,Andra kammaren,1929,1932,,man
1439,Jöran Grapenson,h,Norrbottens län,Andra kammaren,1929,1932,,
1440,Karl Andersson i Katrineholm,Socialdemokraterna,Södermanlands län,Andra kammaren,1929,1932,,man
1441,Karl Arthur Ryberg,bf,Älvsborgs läns södra,Andra kammaren,1929,1932,,man
1442,Karl August Olsson (Borg i Harnäs),Socialdemokraterna,Uppsala län,Andra kammaren,1929,1932,,man
1443,Karl Bergström,Socialdemokraterna,Fyrstadskretsen,Andra kammaren,1929,1932,,man
1444,Karl Kilbom,k,Stockholms stad,Andra kammaren,1929,1932,,man
1445,Karl Magnusson,Socialdemokraterna,Kalmar län,Andra kammaren,1929,1932,,man
1446,Karl Magnusson,h,Skaraborgs län,Andra kammaren,1929,1932,,man
1447,Karl Ward,Socialdemokraterna,Östergötlands län,Andra kammaren,1929,1932,,man
1448,Karl Wirsell,h,Kalmar län,Andra kammaren,1929,1932,,man
1449,Lars Anton Björklund,Socialdemokraterna,Kristianstads län,Andra kammaren,1929,1932,,man
1450,Lars Borggren,Socialdemokraterna,Kristianstads län,Andra kammaren,1929,1932,,man
1451,Lars Johan Carlsson-Frosterud,Socialdemokraterna,Värmlands län,Andra kammaren,1929,1932,,man
1452,Lennart Johansson i Fårekulla,h,Älvsborgs läns norra,Andra kammaren,1929,1932,,man
1453,Lucas Petersson,bf,Jönköpings län,Andra kammaren,1929,1932,,man
1454,Martin Andersson i Igelboda,Socialdemokraterna,Stockholms län,Andra kammaren,1929,1932,,man
1455,Martin Skoglund,h,Östergötlands län,Andra kammaren,1929,1932,,man
1456,Mauritz Västberg,Socialdemokraterna,Västernorrlands län,Andra kammaren,1929,1932,,man
1457,Nestor Hammarlund,bf,Kristianstads län,Andra kammaren,1929,1932,,
1458,Nils Björk,Socialdemokraterna,Kristianstads län,Andra kammaren,1929,1932,,man
1459,Nils Erik Nilsson,h,Norrbottens län,Andra kammaren,1929,1932,,man
1460,Nils Flyg,k,Stockholms län,Andra kammaren,1929,1932,,man
1461,Nils Holmström,h,Gävleborgs län,Andra kammaren,1929,1932,,man
1462,Nils Johansson,bf,Hallands län,Andra kammaren,1929,1932,,man
1463,Nils Månsson,h,Malmöhus län,Andra kammaren,1929,1932,,man
1464,Nils Olsson i Rödningsberg,Socialdemokraterna,Jämtlands län,Andra kammaren,1929,1932,,man
1465,Nils Persson i Grytterud,h,Värmlands län,Andra kammaren,1929,1932,,man
1466,Nils Sandström,h,Västernorrlands län,Andra kammaren,1929,1932,,man
1467,Nils Törnkvist,Socialdemokraterna,Malmöhus län,Andra kammaren,1929,1932,,man
1468,Nils Winkler,h,Fyrstadskretsen,Andra kammaren,1929,1932,,man
1469,Nils Wohlin,h,Uppsala län,Andra kammaren,1929,1932,,man
1470,Ola Jeppsson,f,Blekinge län,Andra kammaren,1929,1932,,man
1471,Olivia Nordgren,Socialdemokraterna,Malmöhus län,Andra kammaren,1929,1932,,woman
1472,Olof Andersson i Höör,Socialdemokraterna,Malmöhus län,Andra kammaren,1929,1932,,man
1473,Olof Andersson i Malmö,Socialdemokraterna,Fyrstadskretsen,Andra kammaren,1929,1932,,man
1474,Olof Johansson i Edsbyn,f,Gävleborgs län,Andra kammaren,1929,1932,,man
1475,Olof Nilsson i Örebro,Socialdemokraterna,Örebro län,Andra kammaren,1929,1932,,man
1476,Olof Olsson,bf,Malmöhus län,Andra kammaren,1929,1932,,man
1477,Oscar Carlström,f,Jönköpings län,Andra kammaren,1929,1932,,man
1478,Oscar Johanson,h,Jönköpings län,Andra kammaren,1929,1932,,man
1479,Oscar Jonsson,bf,Östergötlands län,Andra kammaren,1929,1932,,man
1480,Oscar Lövgren,Socialdemokraterna,Norrbottens län,Andra kammaren,1929,1932,,man
1481,Oscar Olsson,h,Göteborgs och Bohus län,Andra kammaren,1929,1932,,man
1482,Oscar Osberg,Liberalerna,Göteborgs och Bohus län,Andra kammaren,1929,1932,,man
1483,Oscar Öhman,k,Västernorrlands län,Andra kammaren,1929,1932,,man
1484,Otto Holmdahl,h,Stockholms stad,Andra kammaren,1929,1932,,man
1485,Otto Johansson,h,Älvsborgs läns södra,Andra kammaren,1929,1932,,man
1486,Otto Järte,h,Stockholms stad,Andra kammaren,1929,1932,,man
1487,Otto Magnusson,h,Kronobergs län,Andra kammaren,1929,1932,,man
1488,Per Albin Hansson,Socialdemokraterna,Stockholms stad,Andra kammaren,1929,1932,,man
1489,Per Edvin Sköld,Socialdemokraterna,Malmöhus län,Andra kammaren,1929,1932,,man
1490,Per Jonas Edberg,bf,Västernorrlands län,Andra kammaren,1929,1932,,man
1491,Per Nilsson i Bonarp,h,Kristianstads län,Andra kammaren,1929,1932,,man
1492,Per Näslund,f,Västerbottens län,Andra kammaren,1929,1932,,man
1493,Per Pehrsson,h,Göteborgs stad,Andra kammaren,1929,1932,,man
1494,Per Persson i Trången,bf,Jämtlands län,Andra kammaren,1929,1932,,man
1495,Per Rudén,h,Västernorrlands län,Andra kammaren,1929,1932,,man
1496,Peter Magnus Olsson,h,Kronobergs län,Andra kammaren,1929,1932,,man
1497,Petrus Bergström,f,Västernorrlands län,Andra kammaren,1929,1932,,
1498,Petrus Ödström,f,Örebro län,Andra kammaren,1929,1932,,
1499,Ragnar Lundqvist,h,Stockholms län,Andra kammaren,1929,1932,,man
1500,Raoul Hamilton,f,Kristianstads län,Andra kammaren,1929,1932,,man
1501,Reinhold Selberg,f,Norrbottens län,Andra kammaren,1929,1932,,man
1502,Rikard Olsson,h,Västmanlands län,Andra kammaren,1929,1932,,man
1503,Robert Jansson,Socialdemokraterna,Kopparbergs län,Andra kammaren,1929,1932,,man
1504,Samuel Hedlund,h,Jämtlands län,Andra kammaren,1929,1932,,man
1505,Sigurd Carlsson,h,Kalmar län,Andra kammaren,1929,1932,,man
1506,Sten Waldem,h,Kalmar län,Andra kammaren,1929,1932,,man
1507,Sven Bengtsson i Norup,f,Kristianstads län,Andra kammaren,1929,1932,,man
1508,Sven Hollertz,h,Östergötlands län,Andra kammaren,1929,1932,,man
1509,Sven Olsson i Labbemåla,f,Östergötlands län,Andra kammaren,1929,1932,,man
1510,Swen Persson i Fritorp,h,Kristianstads län,Andra kammaren,1929,1932,,
1511,Theodor Gardell,bf,Gotlands län,Andra kammaren,1929,1932,,man
1512,Thore Alströmer,h,Älvsborgs läns norra,Andra kammaren,1929,1932,,
1513,Verner Hedlund,Socialdemokraterna,Jämtlands län,Andra kammaren,1929,1932,,man
1514,Verner Karlsson,k,Kopparbergs län,Andra kammaren,1929,1932,,man
1515,Viktor Herou,k,Gävleborgs län,Andra kammaren,1929,1932,,man
1516,Viktor Larsson,Socialdemokraterna,Västmanlands län,Andra kammaren,1929,1932,,man
1517,Vilhelm Lundstedt,Socialdemokraterna,Uppsala län,Andra kammaren,1929,1932,,man
1518,Wiktor Mårtensson,Socialdemokraterna,Göteborgs och Bohus län,Andra kammaren,1929,1932,,man
1519,Wilhelm Källman,Socialdemokraterna,Stockholms län,Andra kammaren,1929,1932,,man
1520,Zeth Höglund,Socialdemokraterna,Stockholms stad,Andra kammaren,1929,1932,,
1521,A.W. Rydberg,h,Stockholms län och Uppsala län,Första kammaren,1930,1936,,
1522,Adolf Lindgren,h,Örebro län,Första kammaren,1930,1936,,man
1523,Albert Bergström,Socialdemokraterna,Östergötlands län med Norrköpings stad,Första kammaren,1930,1936,,man
1524,Albert Forslund,Socialdemokraterna,Stockholms län och Uppsala län,Första kammaren,1930,1936,,man
1525,Alexander Nilsson i Fredriksfält,bf,Blekinge län och Kristianstads län,Första kammaren,1930,1936,,man
1526,Anders Henriksson i Vinstorp,bf,Malmöhus län med Malmö stad och Helsingborgs stad,Första kammaren,1930,1936,,man
1527,Anders Johan Bärg,Socialdemokraterna,Södermanlands och Västmanlands län,Första kammaren,1930,1936,,man
1528,Anders Lindblad,Socialdemokraterna,Göteborgs stad,Första kammaren,1930,1936,,man
1529,Anders Olof Frändén,h,Västernorrlands län och Jämtlands län,Första kammaren,1930,1936,,man
1530,Anders Örne,Socialdemokraterna,Örebro län,Första kammaren,1930,1936,,man
1531,Anton Hjalmarsson,Socialdemokraterna,Malmöhus län med Malmö stad och Helsingborgs stad,Första kammaren,1930,1936,,man
1532,Anton Pettersson,bf,Blekinge län och Kristianstads län,Första kammaren,1930,1936,,man
1533,Arvid Thelin,h,Kronobergs och Hallands län,Första kammaren,1930,1936,,man
1534,Assar Emanuel Åkerman,Socialdemokraterna,Södermanlands och Västmanlands län,Första kammaren,1930,1936,,man
1535,August Ernfors (tidigare Eriksson),h,Kopparbergs län,Första kammaren,1930,1936,,man
1536,August Johansson i Lövholmen,f,Skaraborgs län,Första kammaren,1930,1936,,man
1537,Axel Fredrik Wennersten,h,Älvsborgs län,Första kammaren,1930,1936,,man
1538,Axel Löfvander,bf,Malmöhus län med Malmö stad och Helsingborgs stad,Första kammaren,1930,1936,,man
1539,Axel Nylander,h,Älvsborgs län,Första kammaren,1930,1936,,man
1540,Axel Sundberg,h,Göteborgs och Bohus län,Första kammaren,1930,1936,,man
1541,Bo von Stockenström,Liberalerna,Södermanlands och Västmanlands län,Första kammaren,1930,1936,,man
1542,Carl Albert Lindhagen,Socialdemokraterna,Västernorrlands län och Jämtlands län,Första kammaren,1930,1936,,man
1543,Carl Bengtsson,h,Älvsborgs län,Första kammaren,1930,1936,,man
1544,Carl Carlsson,f,Gävleborgs län med Gävle stad,Första kammaren,1930,1936,,man
1545,Carl Eriksson i Ljusdal,Socialdemokraterna,Gävleborgs län med Gävle stad,Första kammaren,1930,1936,,man
1546,Carl Forssell,h,Stockholms stad,Första kammaren,1930,1936,,man
1547,Carl Immanuel Asplund,Socialdemokraterna,Västerbottens län och Norrbottens län,Första kammaren,1930,1936,,man
1548,Carl Lindmark,h,Västerbottens län och Norrbottens län,Första kammaren,1930,1936,,man
1549,Carl Primus Wahlmark,Socialdemokraterna,Stockholms län och Uppsala län,Första kammaren,1930,1936,,man
1550,Carl Svensson,Socialdemokraterna,Södermanlands och Västmanlands län,Första kammaren,1930,1936,,man
1551,Carl Thorén,f,Kronobergs och Hallands län,Första kammaren,1930,1936,,man
1552,Carl-Axel Reuterskiöld,bf,Stockholms län och Uppsala län,Första kammaren,1930,1936,,
1553,Charles Lindley,Socialdemokraterna,Stockholms stad,Första kammaren,1930,1936,,man
1554,Daniel Alfred Petrén,Socialdemokraterna,Kopparbergs län,Första kammaren,1930,1936,,man
1555,David Hansén,f,Västerbottens län och Norrbottens län,Första kammaren,1930,1936,,man
1556,David Norman,Socialdemokraterna,Södermanlands och Västmanlands län,Första kammaren,1930,1936,,man
1557,David Pettersson i Bjälbo,h,Östergötlands län med Norrköpings stad,Första kammaren,1930,1936,,man
1558,Edgar Sjödahl,Socialdemokraterna,Göteborgs stad,Första kammaren,1930,1936,,man
1559,Edvard Björnsson,Socialdemokraterna,Älvsborgs län,Första kammaren,1930,1936,,man
1560,Edward Larson i Lerdala,f,Skaraborgs län,Första kammaren,1930,1936,,man
1561,Edwin Berling,Socialdemokraterna,Malmöhus län med Malmö stad och Helsingborgs stad,Första kammaren,1930,1936,,man
1562,Eliel Löfgren,Liberalerna,Stockholms stad,Första kammaren,1930,1936,,
1563,Elof Andersson i Fältenborg,Liberalerna,Blekinge län och Kristianstads län,Första kammaren,1930,1936,,man
1564,Emil Bjurström,f,Kopparbergs län,Första kammaren,1930,1936,,man
1565,Eric Hallin,h,Göteborgs och Bohus län,Första kammaren,1930,1936,,man
1566,Erik Anderson i Hägelåkra,h,Kalmar läns norra och södra landstingsområden samt Gotlands län,Första kammaren,1930,1936,,man
1567,Erik Dalberg,Socialdemokraterna,Kopparbergs län,Första kammaren,1930,1936,,man
1568,Erik Forssberg,h,Blekinge län och Kristianstads län,Första kammaren,1930,1936,,man
1569,Erik von Heland,h,Södermanlands och Västmanlands län,Första kammaren,1930,1936,,man
1570,Ernst Klefbeck,Socialdemokraterna,Stockholms stad,Första kammaren,1930,1936,,man
1571,Ernst Lundell,h,Skaraborgs län,Första kammaren,1930,1936,,man
1572,Ernst Svensson i Eskhult,bf,Skaraborgs län,Första kammaren,1930,1936,,man
1573,Ernst Trygger,h,Stockholms stad,Första kammaren,1930,1936,,man
1574,Ernst Åström,Socialdemokraterna,Kopparbergs län,Första kammaren,1930,1936,,man
1575,Fr. Julin,h,Värmlands län,Första kammaren,1930,1936,,
1576,Fredrik Ström,Socialdemokraterna,Stockholms stad,Första kammaren,1930,1936,,man
1577,Fritiof Gustafsson,h,Skaraborgs län,Första kammaren,1930,1936,,man
1578,Frits Gustav Möller,Socialdemokraterna,Stockholms län och Uppsala län,Första kammaren,1930,1936,,
1579,G.A. Larsén,Socialdemokraterna,Kronobergs och Hallands län,Första kammaren,1930,1936,,
1580,Georg Bissmark,h,Kronobergs och Hallands län,Första kammaren,1930,1936,,man
1581,Georg Branting,Socialdemokraterna,Stockholms stad,Första kammaren,1930,1936,,man
1582,Gottfrid Karlsson,Socialdemokraterna,Östergötlands län med Norrköpings stad,Första kammaren,1930,1936,,man
1583,Gottfrid Karlsson i Gillberga,f,Örebro län,Första kammaren,1930,1936,,man
1584,Gustaf Adolf Björkman,h,Östergötlands län med Norrköpings stad,Första kammaren,1930,1936,,man
1585,Gustaf Boman,h,Göteborgs stad,Första kammaren,1930,1936,,man
1586,Gustaf Ehrnberg,h,Blekinge län och Kristianstads län,Första kammaren,1930,1936,,man
1587,Gustaf Roos,h,Kalmar läns norra och södra landstingsområden samt Gotlands län,Första kammaren,1930,1936,,man
1588,Gustaf Sederholm,h,Södermanlands och Västmanlands län,Första kammaren,1930,1936,,man
1589,Gustaf Strömberg,Socialdemokraterna,Värmlands län,Första kammaren,1930,1936,,man
1590,Gustaf Tamm,h,Södermanlands och Västmanlands län,Första kammaren,1930,1936,,man
1591,Gustaf Velander,h,Västernorrlands län och Jämtlands län,Första kammaren,1930,1936,,man
1592,Gustav Rosén,f,Västerbottens län och Norrbottens län,Första kammaren,1930,1936,,man
1593,Gösta Bagge,h,Stockholms stad,Första kammaren,1930,1936,,man
1594,Harald Åkerberg,Socialdemokraterna,Örebro län,Första kammaren,1930,1936,,man
1595,Henrik Andersson i Boda,bf,Västernorrlands län och Jämtlands län,Första kammaren,1930,1936,,man
1596,Herman Kvarnzelius,Liberalerna,Kopparbergs län,Första kammaren,1930,1936,,man
1597,Hj. Halvarsson,,Gävleborgs län med Gävle stad,Första kammaren,1930,1936,,
1598,Hjalmar Hammarskjöld,h,Stockholms län och Uppsala län,Första kammaren,1930,1936,,man
1599,Hugo Höglund,Socialdemokraterna,Göteborgs stad,Första kammaren,1930,1936,,man
1600,Israel Holmgren,f,Göteborgs och Bohus län,Första kammaren,1930,1936,,man
1601,Israel Lagerfelt,h,Östergötlands län med Norrköpings stad,Första kammaren,1930,1936,,man
1602,Ivan Pauli,Socialdemokraterna,Jönköpings län,Första kammaren,1930,1936,,man
1603,Ivar Vennerström,Socialdemokraterna,Västernorrlands län och Jämtlands län,Första kammaren,1930,1936,,man
1604,Ivar Öhman,h,Malmöhus län med Malmö stad och Helsingborgs stad,Första kammaren,1930,1936,,man
1605,Jacob Spens,h,Jönköpings län,Första kammaren,1930,1936,,man
1606,Janne Walles,Socialdemokraterna,Västernorrlands län och Jämtlands län,Första kammaren,1930,1936,,
1607,Johan Bergman,f,Värmlands län,Första kammaren,1930,1936,,man
1608,Johan Bernhard Johansson,h,Kronobergs och Hallands län,Första kammaren,1930,1936,,man
1609,Johan Johansson i Friggeråker,bf,Älvsborgs län,Första kammaren,1930,1936,,man
1610,Johan Larsson,bf,Kronobergs och Hallands län,Första kammaren,1930,1936,,man
1611,Johan Larsson i Örbyhus,f,Stockholms län och Uppsala län,Första kammaren,1930,1936,,man
1612,Johan Nilsson i Malmö,Socialdemokraterna,Malmöhus län med Malmö stad och Helsingborgs stad,Första kammaren,1930,1936,,man
1613,Johan Nilsson i Skottlandshus,h,Blekinge län och Kristianstads län,Första kammaren,1930,1936,,man
1614,John Björck,f,Älvsborgs län,Första kammaren,1930,1936,,man
1615,John Sandén,Socialdemokraterna,Värmlands län,Första kammaren,1930,1936,,man
1616,Jöns Jönsson i Slätåker,h,Malmöhus län med Malmö stad och Helsingborgs stad,Första kammaren,1930,1936,,
1617,Jöns Pålsson,Liberalerna,Malmöhus län med Malmö stad och Helsingborgs stad,Första kammaren,1930,1936,,
1618,K.G. Westman,bf,Östergötlands län med Norrköpings stad,Första kammaren,1930,1936,,
1619,Karl Andersson,Liberalerna,Göteborgs och Bohus län,Första kammaren,1930,1936,,man
1620,Karl Johan Alfred Gustafsson,h,Jönköpings län,Första kammaren,1930,1936,,man
1621,Karl Johan Ekman,h,Jönköpings län,Första kammaren,1930,1936,,man
1622,Karl Johansson,Socialdemokraterna,Västerbottens län och Norrbottens län,Första kammaren,1930,1936,,man
1623,Karl Mellén,h,Älvsborgs län,Första kammaren,1930,1936,,man
1624,Karl Sandegård,Socialdemokraterna,Älvsborgs län,Första kammaren,1930,1936,,man
1625,Karl Schlyter,Socialdemokraterna,Värmlands län,Första kammaren,1930,1936,,man
1626,Kerstin Hesselgren,,Örebro län,Första kammaren,1930,1936,,woman
1627,Knut von Geijer,,Malmöhus län med Malmö stad och Helsingborgs stad,Första kammaren,1930,1936,,man
1628,Lars Borggren,Socialdemokraterna,Blekinge län och Kristianstads län,Första kammaren,1930,1936,,man
1629,Lars Gunnar Bodin,bf,Kalmar läns norra och södra landstingsområden samt Gotlands län,Första kammaren,1930,1936,,man
1630,Leonard Tjällgren,bf,Västernorrlands län och Jämtlands län,Första kammaren,1930,1936,,man
1631,Ludvig Widell,h,Göteborgs och Bohus län,Första kammaren,1930,1936,,man
1632,Martin Svensson i Kompersmåla,h,Kronobergs och Hallands län,Första kammaren,1930,1936,,man
1633,Mauritz Hellberg,Liberalerna,Värmlands län,Första kammaren,1930,1936,,man
1634,Mauritz Västberg,Socialdemokraterna,Västernorrlands län och Jämtlands län,Första kammaren,1930,1936,,man
1635,Nils Andersson i Östersund,Socialdemokraterna,Västernorrlands län och Jämtlands län,Första kammaren,1930,1936,,man
1636,Nils August Nilsson i Kabbarp,Socialdemokraterna,Malmöhus län med Malmö stad och Helsingborgs stad,Första kammaren,1930,1936,,man
1637,Nils Gabrielsson,h,Västerbottens län och Norrbottens län,Första kammaren,1930,1936,,man
1638,Nils Sigfrid Norling,Socialdemokraterna,Gävleborgs län med Gävle stad,Första kammaren,1930,1936,,man
1639,Nils Wohlin,h,Kalmar läns norra och södra landstingsområden samt Gotlands län,Första kammaren,1930,1936,,man
1640,Olof Bergqvist,h,Västerbottens län och Norrbottens län,Första kammaren,1930,1936,,man
1641,Olof Carlsson,Socialdemokraterna,Stockholms stad,Första kammaren,1930,1936,,man
1642,Olof Olsson,Socialdemokraterna,Malmöhus län med Malmö stad och Helsingborgs stad,Första kammaren,1930,1936,,man
1643,Oscar Ericson i Oberga,bf,Jönköpings län,Första kammaren,1930,1936,,man
1644,Oscar Olsson,Socialdemokraterna,Östergötlands län med Norrköpings stad,Första kammaren,1930,1936,,man
1645,Oskar Anshelm Nordborg,h,Göteborgs stad,Första kammaren,1930,1936,,man
1646,Oskar Hagman,Socialdemokraterna,Stockholms stad,Första kammaren,1930,1936,,man
1647,P. Sandström,h,Västerbottens län och Norrbottens län,Första kammaren,1930,1936,,
1648,P.E.A. Jonsson i Lycksele,f,Västerbottens län och Norrbottens län,Första kammaren,1930,1936,,
1649,Per Andersson i Koldemo,bf,Gävleborgs län med Gävle stad,Första kammaren,1930,1936,,man
1650,Per Granath,Socialdemokraterna,Gävleborgs län med Gävle stad,Första kammaren,1930,1936,,man
1651,Per Gustafsson i Benestad,bf,Kronobergs och Hallands län,Första kammaren,1930,1936,,man
1652,Petrus Nilsson i Gränebo,bf,Kalmar läns norra och södra landstingsområden samt Gotlands län,Första kammaren,1930,1936,,
1653,Rickard Lindström,Socialdemokraterna,Stockholms län och Uppsala län,Första kammaren,1930,1936,,man
1654,Rickard Sandler,Socialdemokraterna,Gävleborgs län med Gävle stad,Första kammaren,1930,1936,,man
1655,Robert Johansson-Dahr,för Jönköping,Jönköpings län,Första kammaren,1930,1936,,man
1656,Ruben Wagnsson,Socialdemokraterna,Kalmar läns norra och södra landstingsområden samt Gotlands län,Första kammaren,1930,1936,,man
1657,Sam Larsson,f,Västernorrlands län och Jämtlands län,Första kammaren,1930,1936,,man
1658,Sigfrid Hansson,Socialdemokraterna,Göteborgs och Bohus län,Första kammaren,1930,1936,,
1659,Sten Stendahl,h,Stockholms stad,Första kammaren,1930,1936,,man
1660,Sven Linders,Socialdemokraterna,Malmöhus län med Malmö stad och Helsingborgs stad,Första kammaren,1930,1936,,man
1661,Theodor Borell,h,Stockholms län och Uppsala län,Första kammaren,1930,1936,,man
1662,Theodor Östergren,Socialdemokraterna,Blekinge län och Kristianstads län,Första kammaren,1930,1936,,man
1663,Torsten Ström,Socialdemokraterna,Skaraborgs län,Första kammaren,1930,1936,,
1664,Ture Nerman,kk,Stockholms stad,Första kammaren,1930,1936,,man
1665,Uno Wijkström,h,Kalmar läns norra och södra landstingsområden samt Gotlands län,Första kammaren,1930,1936,,man
1666,Valfrid Eriksson,h,Värmlands län,Första kammaren,1930,1936,,man
1667,Viktor Larsson,Socialdemokraterna,Östergötlands län med Norrköpings stad,Första kammaren,1930,1936,,man
1668,Wilhelm Björck,Socialdemokraterna,Södermanlands och Västmanlands län,Första kammaren,1930,1936,,man
1669,Wilhelm Källman,Socialdemokraterna,Stockholms län och Uppsala län,Första kammaren,1930,1936,,man
1670,William Linder,Socialdemokraterna,Blekinge län och Kristianstads län,Första kammaren,1930,1936,,man
1671,Abel Andersson,Socialdemokraterna,Jönköpings län,Andra kammaren,1933,1936,,man
1672,Adolf Englund,Socialdemokraterna,Västernorrlands län,Andra kammaren,1933,1936,,man
1673,Adolf Norell,Folkpartiet Liberalerna,Skaraborgs län,Andra kammaren,1933,1936,,man
1674,Adolf Wallerius,h,Göteborgs och Bohus län,Andra kammaren,1933,1936,,man
1675,Adolv Olsson,Socialdemokraterna,Gävleborgs län,Andra kammaren,1933,1936,,
1676,Agda Östlund,Socialdemokraterna,Stockholms stad,Andra kammaren,1933,1936,,
1677,Albin Eriksson (senare Toftered),bf,Hallands län,Andra kammaren,1933,1936,,man
1678,Albin Ström,Socialdemokraterna,Göteborgs stad,Andra kammaren,1933,1936,,man
1679,Alf Meyerhöffer,h,Norrbottens län,Andra kammaren,1933,1936,,man
1680,Alfred Andersson,Socialdemokraterna,Kristianstads län,Andra kammaren,1933,1936,,man
1681,Alfred Nilsson,Folkpartiet Liberalerna,Malmöhus län,Andra kammaren,1933,1936,,man
1682,Alfred Petersson i Gärestad,h,Blekinge län,Andra kammaren,1933,1936,,man
1683,Alfred Werner,Socialdemokraterna,Kalmar län,Andra kammaren,1933,1936,,man
1684,Algot Törnkvist,Socialdemokraterna,Blekinge län,Andra kammaren,1933,1936,,man
1685,Allan Andersson,Socialdemokraterna,Stockholms län,Andra kammaren,1933,1936,,man
1686,Allan Vougt,Socialdemokraterna,Fyrstadskretsen,Andra kammaren,1933,1936,,man
1687,Anders Andersson,Socialdemokraterna,Hallands län,Andra kammaren,1933,1936,,man
1688,Anders Andersson (från 1938 Råstock),Socialdemokraterna,Örebro län,Andra kammaren,1933,1936,,man
1689,Anders Hansson i Trollhättan,Socialdemokraterna,Älvsborgs läns norra,Andra kammaren,1933,1936,,man
1690,Anders Hilding,,Gävleborgs län,Andra kammaren,1933,1936,,man
1691,Anders Johan Johansson,bf,Västmanlands län,Andra kammaren,1933,1936,,man
1692,Anders Norsell,Socialdemokraterna,Värmlands län,Andra kammaren,1933,1936,,man
1693,Anders Olsson i Mora huvudredaktör Mora Tidning,,Kopparbergs län,Andra kammaren,1933,1936,,man
1694,Anders Paulsen,Socialdemokraterna,Malmöhus län,Andra kammaren,1933,1936,,man
1695,Anders Pettersson,bf,Hallands län,Andra kammaren,1933,1936,,man
1696,Anton Björklund,Socialdemokraterna,Kristianstads län,Andra kammaren,1933,1936,,man
1697,Anton Eklund,Socialdemokraterna,Västmanlands län,Andra kammaren,1933,1936,,man
1698,Anton Wikström,,Västerbottens län,Andra kammaren,1933,1936,,man
1699,Aron Gustafsson,bf,Skaraborgs län,Andra kammaren,1933,1936,,man
1700,Arthur Elmroth,Socialdemokraterna,Uppsala län,Andra kammaren,1933,1936,,man
1701,Arthur Engberg,Socialdemokraterna,Stockholms stad,Andra kammaren,1933,1936,,man
1702,Arthur Heiding,bf,Kalmar län,Andra kammaren,1933,1936,,man
1703,Arthur Ryberg,bf,Älvsborgs läns södra,Andra kammaren,1933,1936,,man
1704,Arthur Thomson,Socialdemokraterna,Fyrstadskretsen,Andra kammaren,1933,1936,,man
1705,Arthur Wilhelm Gustafsson (från 1938 Casenberg),h,Älvsborgs läns norra,Andra kammaren,1933,1936,,man
1706,Arvid Gardell,bf,Gotlands län,Andra kammaren,1933,1936,,man
1707,Arvid Lindman,h,Stockholms stad,Andra kammaren,1933,1936,,man
1708,Arvid de Geer,bf,Kristianstads län,Andra kammaren,1933,1936,,man
1709,August Danielsson,,Älvsborgs läns norra,Andra kammaren,1933,1936,,man
1710,August Lundén,,Skaraborgs län,Andra kammaren,1933,1936,,man
1711,August Spångberg,k,Värmlands län,Andra kammaren,1933,1936,,man
1712,Axel Fält,Socialdemokraterna,Skaraborgs län,Andra kammaren,1933,1936,,man
1713,Axel Hansson (från 1943 Rubbestad),bf,Älvsborgs läns norra,Andra kammaren,1933,1936,,man
1714,Axel Johansson,Socialdemokraterna,Örebro län,Andra kammaren,1933,1936,,man
1715,Axel Landgren,Socialdemokraterna,Malmöhus län,Andra kammaren,1933,1936,,man
1716,Axel Lindqvist,Socialdemokraterna,Hallands län,Andra kammaren,1933,1936,,man
1717,Axel Pehrsson-Bramstorp,bf,Malmöhus län,Andra kammaren,1933,1936,,man
1718,Bernhard Eriksson,Socialdemokraterna,Kopparbergs län,Andra kammaren,1933,1936,,man
1719,Bernhard Nilsson,h,Jönköpings län,Andra kammaren,1933,1936,,man
1720,Bernhard Stark,Socialdemokraterna,Östergötlands län,Andra kammaren,1933,1936,,man
1721,Bertha Wellin,h,Stockholms stad,Andra kammaren,1933,1936,,
1722,Bertil Andersson,Socialdemokraterna,Västmanlands län,Andra kammaren,1933,1936,,man
1723,Birger Petersson,h,Älvsborgs läns södra,Andra kammaren,1933,1936,,man
1724,Björn Frithiofsson Holmgren,h,Blekinge län,Andra kammaren,1933,1936,,man
1725,Carl Björling,,Värmlands län,Andra kammaren,1933,1936,,man
1726,Carl Brännberg,Socialdemokraterna,Göteborgs och Bohus län,Andra kammaren,1933,1936,,man
1727,Carl Gustaf Olsson i Golvvasta (senare Närlinge),bf,Uppsala län,Andra kammaren,1933,1936,,man
1728,Carl Johan Högström,Socialdemokraterna,Gävleborgs län,Andra kammaren,1933,1936,,man
1729,Carl Johan Johansson i Uppmälby,Socialdemokraterna,Södermanlands län,Andra kammaren,1933,1936,,man
1730,Carl Lindberg,Socialdemokraterna,Stockholms stad,Andra kammaren,1933,1936,,man
1731,Carl Lovén,Socialdemokraterna,Fyrstadskretsen,Andra kammaren,1933,1936,,man
1732,Carl Olsson,Socialdemokraterna,Älvsborgs läns norra,Andra kammaren,1933,1936,,man
1733,Carl Oscar Johansson,Socialdemokraterna,Västernorrlands län,Andra kammaren,1933,1936,,man
1734,Carl Ossbahr,h,Stockholms stad,Andra kammaren,1933,1936,,man
1735,Carl Sjögren,Socialdemokraterna,Östergötlands län,Andra kammaren,1933,1936,,man
1736,Claes Lindskog,h,Fyrstadskretsen,Andra kammaren,1933,1936,,man
1737,Conrad Carleson,lib,Stockholms stad,Andra kammaren,1933,1936,,man
1738,Conrad Jonsson,Socialdemokraterna,Södermanlands län,Andra kammaren,1933,1936,,man
1739,David Gustavson (senare Hall),Socialdemokraterna,Västmanlands län,Andra kammaren,1933,1936,,man
1740,David Larsson i Sätila,h,Älvsborgs läns södra,Andra kammaren,1933,1936,,man
1741,Edoff Andersson,k,Stockholms stad,Andra kammaren,1933,1936,,
1742,Edvard Johanson,Socialdemokraterna,Stockholms stad,Andra kammaren,1933,1936,,man
1743,Edvard Lithander,h,Göteborgs stad,Andra kammaren,1933,1936,,man
1744,Edvard Petersson,h,Blekinge län,Andra kammaren,1933,1936,,man
1745,Edvard Thorell,h,Stockholms län,Andra kammaren,1933,1936,,man
1746,Edvard Uddenberg,Socialdemokraterna,Örebro län,Andra kammaren,1933,1936,,man
1747,Edvin Leffler,h,Älvsborgs läns södra,Andra kammaren,1933,1936,,man
1748,Edvin Svensson,Socialdemokraterna,Fyrstadskretsen,Andra kammaren,1933,1936,,man
1749,Einar Ahl,Socialdemokraterna,Stockholms län,Andra kammaren,1933,1936,,man
1750,Einar Jonsson,bf,Kalmar län,Andra kammaren,1933,1936,,man
1751,Elof Hällgren,Socialdemokraterna,Blekinge län,Andra kammaren,1933,1936,,man
1752,Elof Lindberg,Socialdemokraterna,Västerbottens län,Andra kammaren,1933,1936,,man
1753,Elof Ljunggren,,Örebro län,Andra kammaren,1933,1936,,man
1754,Emanuel Björck,h,Kristianstads län,Andra kammaren,1933,1936,,man
1755,Emil Andersson,Socialdemokraterna,Värmlands län,Andra kammaren,1933,1936,,man
1756,Emil Gustafson i Vimmerby,bf,Kalmar län,Andra kammaren,1933,1936,,man
1757,Emil Olovson,Socialdemokraterna,Västmanlands län,Andra kammaren,1933,1936,,man
1758,Eric Hansson,h,Västerbottens län,Andra kammaren,1933,1936,,man
1759,Erik Fast,Socialdemokraterna,Jönköpings län,Andra kammaren,1933,1936,,man
1760,Erik Hagberg,h,Fyrstadskretsen,Andra kammaren,1933,1936,,man
1761,Erik Laurén,h,Södermanlands län,Andra kammaren,1933,1936,,man
1762,Erik Lundbom,Socialdemokraterna,Södermanlands län,Andra kammaren,1933,1936,,man
1763,Erik Norén,Socialdemokraterna,Västernorrlands län,Andra kammaren,1933,1936,,man
1764,Erik Nylander,h,Stockholms stad,Andra kammaren,1933,1936,,man
1765,Ernst Aronson,h,Kopparbergs län,Andra kammaren,1933,1936,,man
1766,Ernst Berg,Socialdemokraterna,Västernorrlands län,Andra kammaren,1933,1936,,man
1767,Ernst Eriksson,Socialdemokraterna,Stockholms stad,Andra kammaren,1933,1936,,man
1768,Ernst Hage,Socialdemokraterna,Norrbottens län,Andra kammaren,1933,1936,,man
1769,Ernst Olsson (från 1939 Staxäng),h,Göteborgs och Bohus län,Andra kammaren,1933,1936,,man
1770,Ernst Wigforss,Socialdemokraterna,Göteborgs stad,Andra kammaren,1933,1936,,man
1771,Ernst Åqvist,,Örebro län,Andra kammaren,1933,1936,,man
1772,Eskil Eriksson,Socialdemokraterna,Stockholms län,Andra kammaren,1933,1936,,man
1773,Evald Ericsson,Socialdemokraterna,Kopparbergs län,Andra kammaren,1933,1936,,man
1774,Evert Frankenberg,Socialdemokraterna,Göteborgs stad,Andra kammaren,1933,1936,,man
1775,Evert Sandberg,,Västerbottens län,Andra kammaren,1933,1936,,man
1776,Fabian Månsson,Socialdemokraterna,Gävleborgs län,Andra kammaren,1933,1936,,man
1777,Felix Hamrin,f,Jönköpings län,Andra kammaren,1933,1936,,man
1778,Frans Ericson,Socialdemokraterna,Östergötlands län,Andra kammaren,1933,1936,,man
1779,Frans Hansson,h,Göteborgs och Bohus län,Andra kammaren,1933,1936,,man
1780,Frans Severin,Socialdemokraterna,Stockholms stad,Andra kammaren,1933,1936,,man
1781,Georg Nyblom,bf,Gävleborgs län,Andra kammaren,1933,1936,,man
1782,Gerhard Strindlund,bf,Västernorrlands län,Andra kammaren,1933,1936,,man
1783,Gillis Olsson i Kullenbergstorp,bf,Malmöhus län,Andra kammaren,1933,1936,,
1784,Gunnar Persson i Falla,h,Örebro län,Andra kammaren,1933,1936,,man
1785,Gustaf Andersson,,Kopparbergs län,Andra kammaren,1933,1936,,man
1786,Gustaf Arnemark,h,Stockholms stad,Andra kammaren,1933,1936,,man
1787,Gustaf Johnsson,Socialdemokraterna,Kalmar län,Andra kammaren,1933,1936,,man
1788,Gustaf Karlsson i Munkedal,Socialdemokraterna,Göteborgs och Bohus län,Andra kammaren,1933,1936,,man
1789,Gustaf Olsson i Ramsta,,Södermanlands län,Andra kammaren,1933,1936,,man
1790,Gustaf Pettersson (från 1945 Hellbacken),Socialdemokraterna,Kopparbergs län,Andra kammaren,1933,1936,,man
1791,Gustaf Rosander,Socialdemokraterna,Kronobergs län,Andra kammaren,1933,1936,,man
1792,Gustaf Svedman,h,Gotlands län,Andra kammaren,1933,1936,,man
1793,Gustav Andersson i Löbbo,bf,Jönköpings län,Andra kammaren,1933,1936,,man
1794,Gustav Hansson i Örebro,Socialdemokraterna,Örebro län,Andra kammaren,1933,1936,,man
1795,Gustav Johansson (från 1938 Hallagård),bf,Skaraborgs län,Andra kammaren,1933,1936,,man
1796,Gösta Jacobsson i Mjölby,h,Östergötlands län,Andra kammaren,1933,1936,,man
1797,Gösta Liedberg,h,Malmöhus län,Andra kammaren,1933,1936,,man
1798,Harald Andersson,bf,Södermanlands län,Andra kammaren,1933,1936,,man
1799,Harald Hallén,Socialdemokraterna,Värmlands län,Andra kammaren,1933,1936,,man
1800,Helge Bäcklund,Socialdemokraterna,Skaraborgs län,Andra kammaren,1933,1936,,man
1801,Helmer Molander,Socialdemokraterna,Västernorrlands län,Andra kammaren,1933,1936,,man
1802,Herman Andersson,bf,Göteborgs och Bohus län,Andra kammaren,1933,1936,,man
1803,Herman Blomquist,Socialdemokraterna,Kronobergs län,Andra kammaren,1933,1936,,man
1804,Herman Nordström,Socialdemokraterna,Värmlands län,Andra kammaren,1933,1936,,man
1805,Herman Norling,Socialdemokraterna,Värmlands län,Andra kammaren,1933,1936,,man
1806,Hilding Hagberg,k,Norrbottens län,Andra kammaren,1933,1936,,man
1807,Hjalmar Svensson,bf,Kronobergs län,Andra kammaren,1933,1936,,man
1808,Ivar Anderson,h,Östergötlands län,Andra kammaren,1933,1936,,man
1809,Ivar Pettersson,bf,Örebro län,Andra kammaren,1933,1936,,man
1810,Ivar Sefve,h,Göteborgs stad,Andra kammaren,1933,1936,,man
1811,Ivar Österström,,Västernorrlands län,Andra kammaren,1933,1936,,man
1812,Janne Nilsson,bf,Malmöhus län,Andra kammaren,1933,1936,,
1813,Johan Bernhard Wiklund,Socialdemokraterna,Västerbottens län,Andra kammaren,1933,1936,,man
1814,Johan Brädefors,k,Norrbottens län,Andra kammaren,1933,1936,,man
1815,Johan Johanson i Tväråselet,bf,Norrbottens län,Andra kammaren,1933,1936,,man
1816,Johan Johnsson,Socialdemokraterna,Jönköpings län,Andra kammaren,1933,1936,,man
1817,Johan Olofsson i Digernäs,,Jämtlands län,Andra kammaren,1933,1936,,man
1818,Johan Persson,Socialdemokraterna,Skaraborgs län,Andra kammaren,1933,1936,,man
1819,John Gustafsson,h,Kalmar län,Andra kammaren,1933,1936,,man
1820,John Jönsson,h,Blekinge län,Andra kammaren,1933,1936,,man
1821,Jonas Nikolaus Svedberg,bf,Gävleborgs län,Andra kammaren,1933,1936,,man
1822,Jones Erik Andersson,bf,Kopparbergs län,Andra kammaren,1933,1936,,
1823,Josef Ekman,,Göteborgs stad,Andra kammaren,1933,1936,,man
1824,Josef Hagman,h,Östergötlands län,Andra kammaren,1933,1936,,man
1825,Josef Weijne,Socialdemokraterna,Älvsborgs läns södra,Andra kammaren,1933,1936,,man
1826,Kalixtus Nordström,Socialdemokraterna,Värmlands län,Andra kammaren,1933,1936,,
1827,Karl Allan Westman,bf,Östergötlands län,Andra kammaren,1933,1936,,man
1828,Karl Bergström,Socialdemokraterna,Fyrstadskretsen,Andra kammaren,1933,1936,,man
1829,Karl Borg,Socialdemokraterna,Uppsala län,Andra kammaren,1933,1936,,man
1830,Karl Falk,Socialdemokraterna,Östergötlands län,Andra kammaren,1933,1936,,man
1831,Karl Hillgård,h,Hallands län,Andra kammaren,1933,1936,,man
1832,Karl Kilbom,k,Stockholms stad,Andra kammaren,1933,1936,,man
1833,Karl Magnusson,h,Skaraborgs län,Andra kammaren,1933,1936,,man
1834,Karl Magnusson i Kalmar,Socialdemokraterna,Kalmar län,Andra kammaren,1933,1936,,man
1835,Karl Ward,Socialdemokraterna,Östergötlands län,Andra kammaren,1933,1936,,man
1836,Knut Johansson,Socialdemokraterna,Södermanlands län,Andra kammaren,1933,1936,,man
1837,Lars Jonsson,Socialdemokraterna,Västernorrlands län,Andra kammaren,1933,1936,,man
1838,Linus Andersson,h,Hallands län,Andra kammaren,1933,1936,,man
1839,Lucas Petersson,bf,Jönköpings län,Andra kammaren,1933,1936,,man
1840,Ludwig Brännström,h,Västerbottens län,Andra kammaren,1933,1936,,man
1841,Magnus Pehrsson,bf,Malmöhus län,Andra kammaren,1933,1936,,man
1842,Martin Andersson i Igelboda,Socialdemokraterna,Stockholms län,Andra kammaren,1933,1936,,man
1843,Martin Skoglund,h,Östergötlands län,Andra kammaren,1933,1936,,man
1844,Nestor Hammarlund,bf,Kristianstads län,Andra kammaren,1933,1936,,
1845,Nils Björk,Socialdemokraterna,Kristianstads län,Andra kammaren,1933,1936,,man
1846,Nils Brännström,,Västerbottens län,Andra kammaren,1933,1936,,man
1847,Nils Christiernsson,h,Fyrstadskretsen,Andra kammaren,1933,1936,,man
1848,Nils Erik Nilsson i Antnäs,h,Norrbottens län,Andra kammaren,1933,1936,,man
1849,Nils Flyg,k,Stockholms län,Andra kammaren,1933,1936,,man
1850,Nils Holmström,h,Gävleborgs län,Andra kammaren,1933,1936,,man
1851,Nils Nilsson i Karlstad,h,Värmlands län,Andra kammaren,1933,1936,,man
1852,Nils Olsson i Rödningsberg,Socialdemokraterna,Jämtlands län,Andra kammaren,1933,1936,,man
1853,Nils Persson i Grytterud,h,Värmlands län,Andra kammaren,1933,1936,,man
1854,Nils Sandström,h,Västernorrlands län,Andra kammaren,1933,1936,,man
1855,Nils Törnkvist,Socialdemokraterna,Malmöhus län,Andra kammaren,1933,1936,,man
1856,Ola Isacsson,Socialdemokraterna,Kristianstads län,Andra kammaren,1933,1936,,man
1857,Ola Jeppsson,,Blekinge län,Andra kammaren,1933,1936,,man
1858,Olivia Nordgren,Socialdemokraterna,Malmöhus län,Andra kammaren,1933,1936,,woman
1859,Olof Andersson,Socialdemokraterna,Fyrstadskretsen,Andra kammaren,1933,1936,,man
1860,Olof Andersson i Höör,Socialdemokraterna,Malmöhus län,Andra kammaren,1933,1936,,man
1861,Olof Nilsson,Socialdemokraterna,Göteborgs stad,Andra kammaren,1933,1936,,man
1862,Olof Olsson i Kullenbergstorp,bf,Malmöhus län,Andra kammaren,1933,1936,,man
1863,Oscar Carlström,,Jönköpings län,Andra kammaren,1933,1936,,man
1864,Oscar Johanson,,Jönköpings län,Andra kammaren,1933,1936,,man
1865,Oscar Lundquist,h,Uppsala län,Andra kammaren,1933,1936,,man
1866,Oscar Lövgren,Socialdemokraterna,Norrbottens län,Andra kammaren,1933,1936,,man
1867,Oscar Osberg,,Göteborgs och Bohus län,Andra kammaren,1933,1936,,man
1868,Oscar Werner,bf,Värmlands län,Andra kammaren,1933,1936,,man
1869,Otto Holmdahl,h,Stockholms stad,Andra kammaren,1933,1936,,man
1870,Otto Magnusson,h,Kronobergs län,Andra kammaren,1933,1936,,man
1871,Otto Niklasson,bf,Älvsborgs läns norra,Andra kammaren,1933,1936,,man
1872,Otto Wallén,bf,Stockholms län,Andra kammaren,1933,1936,,man
1873,Per Albin Hansson,Socialdemokraterna,Stockholms stad,Andra kammaren,1933,1936,,man
1874,Per Edvin Sköld,Socialdemokraterna,Malmöhus län,Andra kammaren,1933,1936,,man
1875,Per Nilsson i Bonarp,h,Kristianstads län,Andra kammaren,1933,1936,,man
1876,Per Näslund,,Västerbottens län,Andra kammaren,1933,1936,,man
1877,Per Pehrsson,h,Göteborgs stad,Andra kammaren,1933,1936,,man
1878,Per Persson (från 1942 Orgård),Socialdemokraterna,Gävleborgs län,Andra kammaren,1933,1936,,man
1879,Per Persson i Trången,bf,Jämtlands län,Andra kammaren,1933,1936,,man
1880,Per Rudén,h,Västernorrlands län,Andra kammaren,1933,1936,,man
1881,Peter Magnus Olsson i Blädinge,h,Kronobergs län,Andra kammaren,1933,1936,,man
1882,Ragnar Lundqvist,h,Stockholms län,Andra kammaren,1933,1936,,man
1883,Rikard Westerdahl,h,Västmanlands län,Andra kammaren,1933,1936,,man
1884,Ruth Gustafson,Socialdemokraterna,Stockholms stad,Andra kammaren,1933,1936,,woman
1885,Samuel Hedlund,h,Jämtlands län,Andra kammaren,1933,1936,,man
1886,Sigfrid Linnér,h,Uppsala län,Andra kammaren,1933,1936,,
1887,Sigrid Gillner-Ringenson,Socialdemokraterna,Östergötlands län,Andra kammaren,1933,1936,,woman
1888,Sigurd Carlsson,h,Kalmar län,Andra kammaren,1933,1936,,man
1889,Sigvard Cruse,Socialdemokraterna,Stockholms stad,Andra kammaren,1933,1936,,man
1890,Sven Bengtsson,Folkpartiet Liberalerna,Kristianstads län,Andra kammaren,1933,1936,,man
1891,Sven Johansson,h,Kalmar län,Andra kammaren,1933,1936,,man
1892,Sven Olsson i Labbemåla,,Östergötlands län,Andra kammaren,1933,1936,,man
1893,Swen Persson,h,Kristianstads län,Andra kammaren,1933,1936,,
1894,Tage Erlander,Socialdemokraterna,Fyrstadskretsen,Andra kammaren,1933,1936,,man
1895,Theodor Gardell,bf,Gotlands län,Andra kammaren,1933,1936,,man
1896,Torgil von Seth,h,Jönköpings län,Andra kammaren,1933,1936,,
1897,Torsten Henrikson,Socialdemokraterna,Göteborgs stad,Andra kammaren,1933,1936,,
1898,Verner Hedlund,Socialdemokraterna,Jämtlands län,Andra kammaren,1933,1936,,man
1899,Verner Karlsson,k,Kopparbergs län,Andra kammaren,1933,1936,,man
1900,Victor Mattsson,bf,Kronobergs län,Andra kammaren,1933,1936,,man
1901,Viktor Herou,k,Gävleborgs län,Andra kammaren,1933,1936,,man
1902,Vilhelm Lundstedt,Socialdemokraterna,Uppsala län,Andra kammaren,1933,1936,,man
1903,Vira Eklund,bf,Stockholms län,Andra kammaren,1933,1936,,woman
1904,Wiktor Mårtensson,Socialdemokraterna,Göteborgs och Bohus län,Andra kammaren,1933,1936,,man
1905,Wilhelm Beck,bf,Skaraborgs län,Andra kammaren,1933,1936,,man
1906,Wilhelm Källman,Socialdemokraterna,Stockholms län,Andra kammaren,1933,1936,,man
1907,Zäta Höglund,Socialdemokraterna,Stockholms stad,Andra kammaren,1933,1936,,
1908,ersatt av: Gustaf Malmqvist,,Jönköpings län,Andra kammaren,1933,1936,,
1909,ersatt av: Per Westin,h,Västernorrlands län,Andra kammaren,1933,1936,,
1910,Adolf Lindgren,h,Örebro län,Första kammaren,1934,1940,,man
1911,Albert Bergström,Socialdemokraterna,Östergötlands län med Norrköpings stad,Första kammaren,1934,1940,,man
1912,Albert Forslund,Socialdemokraterna,Stockholms län och Uppsala län,Första kammaren,1934,1940,,man
1913,Alexander Nilsson i Fredriksfält,bf,Blekinge län och Kristianstads län,Första kammaren,1934,1940,,man
1914,Alfred Andersson i Bussjö,Socialdemokraterna,Malmöhus län,Första kammaren,1934,1940,,man
1915,Allan Holstensson,bf,Jönköpings län,Första kammaren,1934,1940,,man
1916,Anders Andersson i Markaryd,Socialdemokraterna,Kronobergs och Hallands län,Första kammaren,1934,1940,,man
1917,Anders Johan Bärg,Socialdemokraterna,Södermanlands och Västmanlands län,Första kammaren,1934,1940,,man
1918,Anders Olof Frändén,h,Västernorrlands län och Jämtlands län,Första kammaren,1934,1940,,man
1919,Anders Sundvik,Socialdemokraterna,Kopparbergs län,Första kammaren,1934,1940,,man
1920,Anton Pettersson,bf,Blekinge län och Kristianstads län,Första kammaren,1934,1940,,man
1921,Arthur Heiding,bf,Kalmar län och Gotlands län,Första kammaren,1934,1940,,man
1922,August Ernfors (tidigare Eriksson),h,Kopparbergs län,Första kammaren,1934,1940,,man
1923,August Wilhelm Rydberg,h,Stockholms län och Uppsala län,Första kammaren,1934,1940,,man
1924,Axel Leander,Socialdemokraterna,Malmöhus län,Första kammaren,1934,1940,,man
1925,Axel Löfvander,bf,Malmöhus län,Första kammaren,1934,1940,,man
1926,Axel Mannerskantz,h,Kalmar län och Gotlands län,Första kammaren,1934,1940,,man
1927,Axel Nylander,h,Älvsborgs län,Första kammaren,1934,1940,,man
1928,Axel Roos,f,Malmöhus län,Första kammaren,1934,1940,,man
1929,Bernhard Nilsson i Landeryd,h,Jönköpings län,Första kammaren,1934,1940,,man
1930,Bo von Stockenström,f,Södermanlands och Västmanlands län,Första kammaren,1934,1940,,man
1931,Carl Alger Härdin,Socialdemokraterna,Södermanlands och Västmanlands län,Första kammaren,1934,1940,,man
1932,Carl Bengtsson,h,Älvsborgs län,Första kammaren,1934,1940,,man
1933,Carl Dahlström,Socialdemokraterna,Södermanlands och Västmanlands län,Första kammaren,1934,1940,,man
1934,Carl Eriksson i Ljusdal,Socialdemokraterna,Gävleborgs län med Gävle stad,Första kammaren,1934,1940,,man
1935,Carl Forssell,h,Stockholms stad,Första kammaren,1934,1940,,man
1936,Carl Fredrik Carlström,h,Västerbottens län och Norrbottens län,Första kammaren,1934,1940,,man
1937,Carl Lindhagen,Socialdemokraterna,Västernorrlands län och Jämtlands län,Första kammaren,1934,1940,,man
1938,Carl Lindmark,h,Västerbottens län och Norrbottens län,Första kammaren,1934,1940,,man
1939,Carl Primus Wahlmark,Socialdemokraterna,Stockholms län och Uppsala län,Första kammaren,1934,1940,,man
1940,Carl-Axel Reuterskiöld,bf,Stockholms län och Uppsala län,Första kammaren,1934,1940,,
1941,Charles Lindley,Socialdemokraterna,Stockholms stad,Första kammaren,1934,1940,,man
1942,David Hansén,f,Västerbottens län och Norrbottens län,Första kammaren,1934,1940,,man
1943,David Norman,Socialdemokraterna,Södermanlands och Västmanlands län,Första kammaren,1934,1940,,man
1944,David Pettersson i Bjälbo,h,Östergötlands län med Norrköpings stad,Första kammaren,1934,1940,,man
1945,Edgar Sjödahl,Socialdemokraterna,Göteborgs stad,Första kammaren,1934,1940,,man
1946,Edvard Björnsson,Socialdemokraterna,Älvsborgs län,Första kammaren,1934,1940,,man
1947,Edwin Berling,Socialdemokraterna,Malmöhus län,Första kammaren,1934,1940,,man
1948,Eilif Sylwan,h,Malmöhus län,Första kammaren,1934,1940,,
1949,Ejnar Lindbärg,Socialdemokraterna,Kopparbergs län,Första kammaren,1934,1940,,
1950,Eliel Löfgren,f,Stockholms stad,Första kammaren,1934,1940,,
1951,Elof Andersson i Fältenborg,f,Blekinge län och Kristianstads län,Första kammaren,1934,1940,,man
1952,Elof Hagberth,h,Malmöhus län,Första kammaren,1934,1940,,man
1953,Elon Andersson,f,Gävleborgs län med Gävle stad,Första kammaren,1934,1940,,
1954,Emil Bjurström,f,Kopparbergs län,Första kammaren,1934,1940,,man
1955,Enar Berglund,Socialdemokraterna,Västernorrlands län och Jämtlands län,Första kammaren,1934,1940,,man
1956,Erik Anderson i Hägelåkra,h,Kalmar län och Gotlands län,Första kammaren,1934,1940,,man
1957,Erik von Heland,h,Södermanlands och Västmanlands län,Första kammaren,1934,1940,,man
1958,Ernst Klefbeck,Socialdemokraterna,Stockholms stad,Första kammaren,1934,1940,,man
1959,Ernst Svensson i Eskhult,bf,Skaraborgs län,Första kammaren,1934,1940,,man
1960,Ernst Trygger,h,Stockholms stad,Första kammaren,1934,1940,,man
1961,Evert Jonsson,f,Västerbottens län och Norrbottens län,Första kammaren,1934,1940,,man
1962,Felix Hamrin,f,Jönköpings län,Första kammaren,1934,1940,,man
1963,Fredrik Ström,Socialdemokraterna,Stockholms stad,Första kammaren,1934,1940,,man
1964,Fritiof Gustafsson,h,Skaraborgs län,Första kammaren,1934,1940,,man
1965,Fritjof Ekman,Socialdemokraterna,Örebro län,Första kammaren,1934,1940,,
1966,Georg Branting,Socialdemokraterna,Stockholms stad,Första kammaren,1934,1940,,man
1967,Gottfrid Karlsson,Socialdemokraterna,Östergötlands län med Norrköpings stad,Första kammaren,1934,1940,,man
1968,Gottfrid Karlsson i Gillberga,f,Örebro län,Första kammaren,1934,1940,,man
1969,Gunnar Myrdal,Socialdemokraterna,Kopparbergs län,Första kammaren,1934,1940,,man
1970,Gunnar Sanne,h,Göteborgs och Bohus län,Första kammaren,1934,1940,,man
1971,Gustaf Adolf Björkman,h,Östergötlands län med Norrköpings stad,Första kammaren,1934,1940,,man
1972,Gustaf Ehrnberg,h,Blekinge län och Kristianstads län,Första kammaren,1934,1940,,man
1973,Gustaf Heüman,Socialdemokraterna,Jönköpings län,Första kammaren,1934,1940,,man
1974,Gustaf Sederholm,h,Södermanlands och Västmanlands län,Första kammaren,1934,1940,,man
1975,Gustaf Strömberg,Socialdemokraterna,Värmlands län,Första kammaren,1934,1940,,man
1976,Gustaf Tamm,h,Södermanlands och Västmanlands län,Första kammaren,1934,1940,,man
1977,Gustav Björkman,h,Värmlands län,Första kammaren,1934,1940,,man
1978,Gustav Möller,Socialdemokraterna,Stockholms län och Uppsala län,Första kammaren,1934,1940,,man
1979,Gustav Velander,h,Västernorrlands län och Jämtlands län,Första kammaren,1934,1940,,man
1980,Gösta Rahmn,h,Göteborgs stad,Första kammaren,1934,1940,,man
1981,Hakon Sylvan,bf,Malmöhus län,Första kammaren,1934,1940,,man
1982,Harald Åkerberg,Socialdemokraterna,Örebro län,Första kammaren,1934,1940,,man
1983,Helge Bäcklund,Socialdemokraterna,Skaraborgs län,Första kammaren,1934,1940,,man
1984,Hemming Sten,Socialdemokraterna,Gävleborgs län med Gävle stad,Första kammaren,1934,1940,,man
1985,Herman Ericsson,Socialdemokraterna,Malmöhus län,Första kammaren,1934,1940,,man
1986,Hjalmar Hammarskjöld,h,Stockholms län och Uppsala län,Första kammaren,1934,1940,,man
1987,Israel Lagerfelt,h,Östergötlands län med Norrköpings stad,Första kammaren,1934,1940,,man
1988,Ivan Pauli,Socialdemokraterna,Jönköpings län,Första kammaren,1934,1940,,man
1989,Ivar Ekströmer,h,Kronobergs och Hallands län,Första kammaren,1934,1940,,man
1990,Ivar Englund,Socialdemokraterna,Kopparbergs län,Första kammaren,1934,1940,,man
1991,Jacob Hansson,Socialdemokraterna,Blekinge län och Kristianstads län,Första kammaren,1934,1940,,man
1992,Janne Walles,Socialdemokraterna,Västernorrlands län och Jämtlands län,Första kammaren,1934,1940,,
1993,Johan Bergman,f,Värmlands län,Första kammaren,1934,1940,,man
1994,Johan Bernhard Johansson,h,Kronobergs och Hallands län,Första kammaren,1934,1940,,man
1995,Johan Johansson i Friggeråker,bf,Älvsborgs län,Första kammaren,1934,1940,,man
1996,Johan Larsson i Örbyhus,f,Stockholms län och Uppsala län,Första kammaren,1934,1940,,man
1997,Johan Magnus Bäckström,f,Västerbottens län och Norrbottens län,Första kammaren,1934,1940,,man
1998,Johan Nilsson i Malmö,Socialdemokraterna,Malmöhus län,Första kammaren,1934,1940,,man
1999,Johan Nilsson i Skottlandshus,h,Blekinge län och Kristianstads län,Första kammaren,1934,1940,,man
2000,John Björck,f,Älvsborgs län,Första kammaren,1934,1940,,man
2001,John Gustavson,bf,Göteborgs och Bohus län,Första kammaren,1934,1940,,man
2002,John Sandén,Socialdemokraterna,Värmlands län,Första kammaren,1934,1940,,man
2003,K.G. Westman,bf,Östergötlands län med Norrköpings stad,Första kammaren,1934,1940,,
2004,Karl Ivar Sköldén,bf,Göteborgs och Bohus län,Första kammaren,1934,1940,,man
2005,Karl Johanson i Vännäs,Socialdemokraterna,Västerbottens län och Norrbottens län,Första kammaren,1934,1940,,man
2006,Karl Johansson,h,Skaraborgs län,Första kammaren,1934,1940,,man
2007,Karl Magnusson,Socialdemokraterna,Kalmar län och Gotlands län,Första kammaren,1934,1940,,man
2008,Karl Sandegård,Socialdemokraterna,Älvsborgs län,Första kammaren,1934,1940,,man
2009,Karl Schlyter,Socialdemokraterna,Värmlands län,Första kammaren,1934,1940,,man
2010,Karl Wilhelm Bodin,h,Värmlands län,Första kammaren,1934,1940,,man
2011,Karl Wistrand,h,Stockholms stad,Första kammaren,1934,1940,,man
2012,Knut Petersson,f,Göteborgs stad,Första kammaren,1934,1940,,man
2013,Lars Gunnar Bodin,bf,Kalmar län och Gotlands län,Första kammaren,1934,1940,,man
2014,Leonard Hagström,h,Västernorrlands län och Jämtlands län,Första kammaren,1934,1940,,man
2015,Leonard Tjällgren,bf,Västernorrlands län och Jämtlands län,Första kammaren,1934,1940,,man
2016,Manne Asplund,Socialdemokraterna,Västerbottens län och Norrbottens län,Första kammaren,1934,1940,,man
2017,Martin Svensson i Kompersmåla,h,Kronobergs och Hallands län,Första kammaren,1934,1940,,man
2018,Mauritz Västberg,Socialdemokraterna,Västernorrlands län och Jämtlands län,Första kammaren,1934,1940,,man
2019,Nils Andersson i Östersund,Socialdemokraterna,Västernorrlands län och Jämtlands län,Första kammaren,1934,1940,,man
2020,Nils Gabrielsson,h,Västerbottens län och Norrbottens län,Första kammaren,1934,1940,,man
2021,Nils Holmström,h,Gävleborgs län med Gävle stad,Första kammaren,1934,1940,,man
2022,Nils Hörstadius,h,Älvsborgs län,Första kammaren,1934,1940,,man
2023,Nils Swartling,,Blekinge län och Kristianstads län,Första kammaren,1934,1940,,man
2024,Nils Wohlin,bf,Örebro län,Första kammaren,1934,1940,,man
2025,Olof Bergqvist,h,Västerbottens län och Norrbottens län,Första kammaren,1934,1940,,man
2026,Olof Carlsson,Socialdemokraterna,Stockholms stad,Första kammaren,1934,1940,,man
2027,Olof Olsson,Socialdemokraterna,Malmöhus län,Första kammaren,1934,1940,,man
2028,Oscar Danielsson,Socialdemokraterna,Stockholms län och Uppsala län,Första kammaren,1934,1940,,man
2029,Oscar Ericson i Oberga,bf,Jönköpings län,Första kammaren,1934,1940,,man
2030,Oscar Olsson,Socialdemokraterna,Östergötlands län med Norrköpings stad,Första kammaren,1934,1940,,man
2031,Oskar Anshelm Nordborg,h,Göteborgs stad,Första kammaren,1934,1940,,man
2032,Oskar Hagman,Socialdemokraterna,Stockholms stad,Första kammaren,1934,1940,,man
2033,Otto Wangson,Socialdemokraterna,Göteborgs stad,Första kammaren,1934,1940,,man
2034,Per Andersson i Koldemo,bf,Gävleborgs län med Gävle stad,Första kammaren,1934,1940,,man
2035,Per Granath,Socialdemokraterna,Gävleborgs län med Gävle stad,Första kammaren,1934,1940,,man
2036,Per Gustafsson i Benestad,bf,Kronobergs och Hallands län,Första kammaren,1934,1940,,man
2037,Petrus Nilsson i Gränebo,bf,Kalmar län och Gotlands län,Första kammaren,1934,1940,,
2038,Pontus Sandström,h,Västerbottens län och Norrbottens län,Första kammaren,1934,1940,,man
2039,Rickard Lindström,Socialdemokraterna,Göteborgs stad,Första kammaren,1934,1940,,man
2040,Rickard Sandler,Socialdemokraterna,Gävleborgs län med Gävle stad,Första kammaren,1934,1940,,man
2041,Robert Berg,Socialdemokraterna,Blekinge län och Kristianstads län,Första kammaren,1934,1940,,man
2042,Ruben Wagnsson,Socialdemokraterna,Kalmar län och Gotlands län,Första kammaren,1934,1940,,man
2043,Rudolf Anderberg,Socialdemokraterna,Malmöhus län,Första kammaren,1934,1940,,man
2044,Sam Larsson,f,Västernorrlands län och Jämtlands län,Första kammaren,1934,1940,,man
2045,Sigfrid Hansson,Socialdemokraterna,Göteborgs och Bohus län,Första kammaren,1934,1940,,
2046,Sten Stendahl,h,Stockholms stad,Första kammaren,1934,1940,,man
2047,Sven Larsson,Socialdemokraterna,Kronobergs och Hallands län,Första kammaren,1934,1940,,man
2048,Theodor Borell,h,Stockholms län och Uppsala län,Första kammaren,1934,1940,,man
2049,Theodor Nilsson,Socialdemokraterna,Göteborgs och Bohus län,Första kammaren,1934,1940,,man
2050,Torsten Ström,Socialdemokraterna,Skaraborgs län,Första kammaren,1934,1940,,
2051,Ture Nerman,sp,Stockholms stad,Första kammaren,1934,1940,,man
2052,Tycho Colleen,h,Älvsborgs län,Första kammaren,1934,1940,,
2053,Verner Andersson,bf,Kronobergs och Hallands län,Första kammaren,1934,1940,,man
2054,Viktor Egnell,bf,Skaraborgs län,Första kammaren,1934,1940,,man
2055,Viktor Larsson,Socialdemokraterna,Östergötlands län med Norrköpings stad,Första kammaren,1934,1940,,man
2056,Wilhelm Björck,Socialdemokraterna,Södermanlands och Västmanlands län,Första kammaren,1934,1940,,man
2057,Wilhelm Källman,Socialdemokraterna,Stockholms län och Uppsala län,Första kammaren,1934,1940,,man
2058,William Linder,Socialdemokraterna,Blekinge län och Kristianstads län,Första kammaren,1934,1940,,man
2059,Östen Undén,Socialdemokraterna,Värmlands län,Första kammaren,1934,1940,,man
2060,Abel Andersson,Socialdemokraterna,Jönköpings län,Andra kammaren,1937,1940,,man
2061,Abel Sundberg,Socialdemokraterna,Göteborgs stad,Andra kammaren,1937,1940,,man
2062,Adolf Wallentheim,Socialdemokraterna,Stockholms län,Andra kammaren,1937,1940,,man
2063,Adolf Wallerius,h,Göteborgs och Bohus läns landstingsområde,Andra kammaren,1937,1940,,man
2064,Adolv Olsson,Socialdemokraterna,Gävleborgs län,Andra kammaren,1937,1940,,
2065,Agda Östlund,Socialdemokraterna,Stockholms stad,Andra kammaren,1937,1940,,
2066,Albert Hermansson,Socialdemokraterna,Östergötlands län,Andra kammaren,1937,1940,,man
2067,Albin Eriksson (senare Toftered),bf,Hallands län,Andra kammaren,1937,1940,,man
2068,Alfred Andersson,Socialdemokraterna,Kristianstads län,Andra kammaren,1937,1940,,man
2069,Alfred Nilsson,Folkpartiet Liberalerna,Malmöhus län,Andra kammaren,1937,1940,,man
2070,Alfred Werner,Socialdemokraterna,Kalmar län,Andra kammaren,1937,1940,,man
2071,Algot Törnkvist,Socialdemokraterna,Blekinge län,Andra kammaren,1937,1940,,man
2072,Allan Andersson,Socialdemokraterna,Stockholms län,Andra kammaren,1937,1940,,man
2073,Allan Vougt,Socialdemokraterna,Fyrstadskretsen,Andra kammaren,1937,1940,,man
2074,Anders Birger Andersson,Socialdemokraterna,Hallands län,Andra kammaren,1937,1940,,man
2075,Anders Hilding,Folkpartiet Liberalerna,Gävleborgs län,Andra kammaren,1937,1940,,man
2076,Anders Paulsen,Socialdemokraterna,Malmöhus län,Andra kammaren,1937,1940,,man
2077,Anders Pettersson,bf,Hallands län,Andra kammaren,1937,1940,,man
2078,Anders Råstock (tidigare Andersson),Socialdemokraterna,Örebro län,Andra kammaren,1937,1940,,man
2079,Anton Björklund,Socialdemokraterna,Kristianstads län,Andra kammaren,1937,1940,,man
2080,Anton Eklund,Socialdemokraterna,Västmanlands län,Andra kammaren,1937,1940,,man
2081,Aron Gustafsson,bf,Skaraborgs län,Andra kammaren,1937,1940,,man
2082,Arthur Ryberg,bf,Södra valkretsen,Andra kammaren,1937,1940,,man
2083,Arthur Wilhelm Gustafsson (från 1938 Casenberg),h,Norra valkretsen,Andra kammaren,1937,1940,,man
2084,Arvid Ernst Olsson,k,Stockholms stad,Andra kammaren,1937,1940,,man
2085,Arvid Hellberg,h,Göteborgs stad,Andra kammaren,1937,1940,,man
2086,Arvid Jonsson,bf,Kalmar län,Andra kammaren,1937,1940,,man
2087,Arvid Karlsson,h,Kristianstads län,Andra kammaren,1937,1940,,man
2088,Arvid de Geer,bf,Kristianstads län,Andra kammaren,1937,1940,,man
2089,August Danielsson,Folkpartiet Liberalerna,Norra valkretsen,Andra kammaren,1937,1940,,man
2090,August Spångberg,Socialdemokraterna,Värmlands län,Andra kammaren,1937,1940,,man
2091,August Sävström,Socialdemokraterna,Gävleborgs län,Andra kammaren,1937,1940,,man
2092,Axel Bæckström,Folkpartiet Liberalerna,Västerbottens län,Andra kammaren,1937,1940,,man
2093,Axel Fält,Socialdemokraterna,Skaraborgs län,Andra kammaren,1937,1940,,man
2094,Axel Johansson,Socialdemokraterna,Örebro län,Andra kammaren,1937,1940,,man
2095,Axel Landgren,Socialdemokraterna,Malmöhus län,Andra kammaren,1937,1940,,man
2096,Axel Lindqvist,Socialdemokraterna,Hallands län,Andra kammaren,1937,1940,,man
2097,Axel Nordström,k,Västernorrlands län,Andra kammaren,1937,1940,,man
2098,Axel Pehrsson-Bramstorp,bf,Malmöhus län,Andra kammaren,1937,1940,,man
2099,Axel Rubbestad,bf,Norra valkretsen,Andra kammaren,1937,1940,,man
2100,Bertil Andersson,Socialdemokraterna,Västmanlands län,Andra kammaren,1937,1940,,man
2101,Birger Gezelius,h,Kopparbergs län,Andra kammaren,1937,1940,,man
2102,Björn Frithiofsson Holmgren,h,Blekinge län,Andra kammaren,1937,1940,,man
2103,Blenda Björck,Socialdemokraterna,Kristianstads län,Andra kammaren,1937,1940,,woman
2104,Carl Björling,Folkpartiet Liberalerna,Värmlands län,Andra kammaren,1937,1940,,man
2105,Carl Gustaf Olsson (senare Närlinge),bf,Uppsala län,Andra kammaren,1937,1940,,man
2106,Carl Gustav Tengström,Folkpartiet Liberalerna,Göteborgs stad,Andra kammaren,1937,1940,,man
2107,Carl Hoppe,Socialdemokraterna,Östergötlands län,Andra kammaren,1937,1940,,man
2108,Carl Johan Johansson,Socialdemokraterna,Södermanlands län,Andra kammaren,1937,1940,,man
2109,Carl Lindberg,Socialdemokraterna,Stockholms stad,Andra kammaren,1937,1940,,man
2110,Carl Lovén,Socialdemokraterna,Fyrstadskretsen,Andra kammaren,1937,1940,,man
2111,Carl Petrus Olsson,Socialdemokraterna,Norra valkretsen,Andra kammaren,1937,1940,,man
2112,Claes Lindskog,h,Fyrstadskretsen,Andra kammaren,1937,1940,,man
2113,Conrad Jonsson,Socialdemokraterna,Södermanlands län,Andra kammaren,1937,1940,,man
2114,David Gustavson,Socialdemokraterna,Västmanlands län,Andra kammaren,1937,1940,,man
2115,David Larsson i Sätila,Socialdemokraterna,Södra valkretsen,Andra kammaren,1937,1940,,man
2116,Ebon Andersson,h,Stockholms stad,Andra kammaren,1937,1940,,
2117,Edvard Lithander,h,Göteborgs stad,Andra kammaren,1937,1940,,man
2118,Edvard Thorell,h,Stockholms län,Andra kammaren,1937,1940,,man
2119,Edvard Uddenberg,Socialdemokraterna,Örebro län,Andra kammaren,1937,1940,,man
2120,Edvin Gustafsson,Socialdemokraterna,Jönköpings län,Andra kammaren,1937,1940,,man
2121,Edvin Leffler,h,Södra valkretsen,Andra kammaren,1937,1940,,man
2122,Einar Sjögren,h,Uppsala län,Andra kammaren,1937,1940,,man
2123,Elof Hällgren,Socialdemokraterna,Blekinge län,Andra kammaren,1937,1940,,man
2124,Elof Lindberg,Socialdemokraterna,Västerbottens län,Andra kammaren,1937,1940,,man
2125,Elsa Johansson,Socialdemokraterna,Östergötlands län,Andra kammaren,1937,1940,,woman
2126,Emil Andersson,Socialdemokraterna,Värmlands län,Andra kammaren,1937,1940,,man
2127,Emil Gustafson i Vimmerby,bf,Kalmar län,Andra kammaren,1937,1940,,man
2128,Emil Näsström,Socialdemokraterna,Västernorrlands län,Andra kammaren,1937,1940,,man
2129,Emil Olovson,Socialdemokraterna,Västmanlands län,Andra kammaren,1937,1940,,man
2130,Eric Hansson,h,Västerbottens län,Andra kammaren,1937,1940,,man
2131,Erik Fast,Socialdemokraterna,Jönköpings län,Andra kammaren,1937,1940,,man
2132,Erik Hagberg,h,Fyrstadskretsen,Andra kammaren,1937,1940,,man
2133,Erik Johansson,Socialdemokraterna,Göteborgs och Bohus läns landstingsområde,Andra kammaren,1937,1940,,man
2134,Erik Larsson,Socialdemokraterna,Norra valkretsen,Andra kammaren,1937,1940,,man
2135,Erik Lundbom,Socialdemokraterna,Södermanlands län,Andra kammaren,1937,1940,,man
2136,Erik Norén,Socialdemokraterna,Västernorrlands län,Andra kammaren,1937,1940,,man
2137,Erik Nylander,h,Stockholms stad,Andra kammaren,1937,1940,,man
2138,Ernst Berg,Socialdemokraterna,Västernorrlands län,Andra kammaren,1937,1940,,man
2139,Ernst Eriksson,Socialdemokraterna,Stockholms stad,Andra kammaren,1937,1940,,man
2140,Ernst Hage,Socialdemokraterna,Norrbottens län,Andra kammaren,1937,1940,,man
2141,Ernst Staxäng (tidigare Olsson),h,Göteborgs och Bohus läns landstingsområde,Andra kammaren,1937,1940,,man
2142,Ernst Wigforss,Socialdemokraterna,Göteborgs stad,Andra kammaren,1937,1940,,man
2143,Ernst Åqvist,Folkpartiet Liberalerna,Örebro län,Andra kammaren,1937,1940,,man
2144,Eskil Eriksson,Socialdemokraterna,Stockholms län,Andra kammaren,1937,1940,,man
2145,Evald Ericsson,Socialdemokraterna,Kopparbergs län,Andra kammaren,1937,1940,,man
2146,Evert Frankenberg,Socialdemokraterna,Göteborgs stad,Andra kammaren,1937,1940,,man
2147,Evert Sandberg,Folkpartiet Liberalerna,Västerbottens län,Andra kammaren,1937,1940,,man
2148,Ewald Lindmark,h,Västerbottens län,Andra kammaren,1937,1940,,
2149,Fabian Månsson,Socialdemokraterna,Gävleborgs län,Andra kammaren,1937,1940,,man
2150,Folke Kyling,h,Skaraborgs län,Andra kammaren,1937,1940,,man
2151,Frans Ericson,Socialdemokraterna,Östergötlands län,Andra kammaren,1937,1940,,man
2152,Frans Severin,Socialdemokraterna,Stockholms stad,Andra kammaren,1937,1940,,man
2153,Fredrik Sundström,Socialdemokraterna,Kopparbergs län,Andra kammaren,1937,1940,,man
2154,Georg Nyblom,bf,Gävleborgs län,Andra kammaren,1937,1940,,man
2155,Gerhard Strindlund,bf,Västernorrlands län,Andra kammaren,1937,1940,,man
2156,Gillis Olsson i Kullenbergstorp,bf,Malmöhus län,Andra kammaren,1937,1940,,
2157,Gunnar Persson i Falla,h,Örebro län,Andra kammaren,1937,1940,,man
2158,Gustaf Andersson,Folkpartiet Liberalerna,Kopparbergs län,Andra kammaren,1937,1940,,man
2159,Gustaf Arnemark,h,Stockholms stad,Andra kammaren,1937,1940,,man
2160,Gustaf Karlsson,Socialdemokraterna,Göteborgs och Bohus läns landstingsområde,Andra kammaren,1937,1940,,man
2161,Gustaf Larsson,Socialdemokraterna,Södermanlands län,Andra kammaren,1937,1940,,man
2162,Gustaf Nilsson,Socialdemokraterna,Värmlands län,Andra kammaren,1937,1940,,man
2163,Gustaf Pettersson (från 1945 Hellbacken),Socialdemokraterna,Kopparbergs län,Andra kammaren,1937,1940,,man
2164,Gustaf Svedman,h,Gotlands län,Andra kammaren,1937,1940,,man
2165,Gustav Emil Andersson,bf,Jönköpings län,Andra kammaren,1937,1940,,man
2166,Gustav Hallagård (tidigare Johanson),bf,Skaraborgs län,Andra kammaren,1937,1940,,man
2167,Gustav Hansson i Örebro,Socialdemokraterna,Örebro län,Andra kammaren,1937,1940,,man
2168,Gustav Holm,Socialdemokraterna,Kalmar län,Andra kammaren,1937,1940,,man
2169,Gustav Mosesson,Folkpartiet Liberalerna,Stockholms län,Andra kammaren,1937,1940,,man
2170,Gösta Andersson,Socialdemokraterna,Göteborgs och Bohus läns landstingsområde,Andra kammaren,1937,1940,,man
2171,Gösta Bagge,h,Stockholms stad,Andra kammaren,1937,1940,,man
2172,Gösta Liedberg,h,Malmöhus län,Andra kammaren,1937,1940,,man
2173,Harald Andersson,,Södermanlands län,Andra kammaren,1937,1940,,man
2174,Harald Hallén,Socialdemokraterna,Värmlands län,Andra kammaren,1937,1940,,man
2175,Helmer Johansson,bf,Västerbottens län,Andra kammaren,1937,1940,,man
2176,Helmer Molander,Socialdemokraterna,Västernorrlands län,Andra kammaren,1937,1940,,man
2177,Henning Leo,Socialdemokraterna,Stockholms län,Andra kammaren,1937,1940,,man
2178,Herman Andersson,bf,Göteborgs och Bohus läns landstingsområde,Andra kammaren,1937,1940,,man
2179,Herman Blomquist,Socialdemokraterna,Kronobergs län,Andra kammaren,1937,1940,,man
2180,Herman Nordström,Socialdemokraterna,Värmlands län,Andra kammaren,1937,1940,,man
2181,Hilding Hagberg,k,Norrbottens län,Andra kammaren,1937,1940,,man
2182,Hildur Alvén,Socialdemokraterna,Kopparbergs län,Andra kammaren,1937,1940,,
2183,Hildur Humla,Socialdemokraterna,Värmlands län,Andra kammaren,1937,1940,,
2184,Hjalmar Gustafson,Socialdemokraterna,Kronobergs län,Andra kammaren,1937,1940,,man
2185,Hjalmar Svensson,bf,Kronobergs län,Andra kammaren,1937,1940,,man
2186,Ivar Anderson,h,Östergötlands län,Andra kammaren,1937,1940,,man
2187,Ivar Johansson,bf,Östergötlands län,Andra kammaren,1937,1940,,man
2188,Ivar Pettersson,bf,Örebro län,Andra kammaren,1937,1940,,man
2189,Ivar Österström,Folkpartiet Liberalerna,Västernorrlands län,Andra kammaren,1937,1940,,man
2190,Janne Nilsson,bf,Malmöhus län,Andra kammaren,1937,1940,,
2191,Johan Brädefors,k,Norrbottens län,Andra kammaren,1937,1940,,man
2192,Johan Johansson i Tväråselet,bf,Norrbottens län,Andra kammaren,1937,1940,,man
2193,Johan Nilson,Folkpartiet Liberalerna,Södermanlands län,Andra kammaren,1937,1940,,man
2194,Johan Persson i Tidaholm,Socialdemokraterna,Skaraborgs län,Andra kammaren,1937,1940,,man
2195,Johannes Onsjö (tidigare Johansson),bf,Skaraborgs län,Andra kammaren,1937,1940,,man
2196,John Bergvall,Folkpartiet Liberalerna,Stockholms stad,Andra kammaren,1937,1940,,man
2197,John Ericsson i Kinna,Socialdemokraterna,Södra valkretsen,Andra kammaren,1937,1940,,man
2198,John Gottfrid Hult,Socialdemokraterna,Norra valkretsen,Andra kammaren,1937,1940,,man
2199,John Gustaf Gerard de Geer,Folkpartiet Liberalerna,Värmlands län,Andra kammaren,1937,1940,,man
2200,John Pettersson,bf,Jönköpings län,Andra kammaren,1937,1940,,man
2201,Jonas Arthur Engberg,Socialdemokraterna,Stockholms stad,Andra kammaren,1937,1940,,man
2202,Jonas Eriksson,h,Gävleborgs län,Andra kammaren,1937,1940,,man
2203,Jones Erik Andersson,bf,Kopparbergs län,Andra kammaren,1937,1940,,
2204,Josef Weijne,Socialdemokraterna,Södra valkretsen,Andra kammaren,1937,1940,,man
2205,Karl Allan Westman,bf,Östergötlands län,Andra kammaren,1937,1940,,man
2206,Karl August Borg,Socialdemokraterna,Uppsala län,Andra kammaren,1937,1940,,man
2207,Karl Bergström,Socialdemokraterna,Fyrstadskretsen,Andra kammaren,1937,1940,,man
2208,Karl Falk,Socialdemokraterna,Östergötlands län,Andra kammaren,1937,1940,,man
2209,Karl Kilbom,k,Stockholms stad,Andra kammaren,1937,1940,,man
2210,Karl Magnusson i Skövde,h,Skaraborgs län,Andra kammaren,1937,1940,,man
2211,Karl Mäler,Socialdemokraterna,Västernorrlands län,Andra kammaren,1937,1940,,man
2212,Karl Nilsson,Socialdemokraterna,Fyrstadskretsen,Andra kammaren,1937,1940,,man
2213,Karl Söderdahl,Socialdemokraterna,Gotlands län,Andra kammaren,1937,1940,,man
2214,Karl Viklund,Socialdemokraterna,Norrbottens län,Andra kammaren,1937,1940,,man
2215,Karl Ward,Socialdemokraterna,Östergötlands län,Andra kammaren,1937,1940,,man
2216,Kerstin Hesselgren,Folkpartiet Liberalerna,Stockholms stad,Andra kammaren,1937,1940,,woman
2217,Knut Senander,k,Göteborgs stad,Andra kammaren,1937,1940,,man
2218,Lars Jonsson,Socialdemokraterna,Västernorrlands län,Andra kammaren,1937,1940,,man
2219,Lars Lindahl,Socialdemokraterna,Örebro län,Andra kammaren,1937,1940,,man
2220,Lars Lindén,Socialdemokraterna,Kalmar län,Andra kammaren,1937,1940,,man
2221,Linus Andersson,h,Hallands län,Andra kammaren,1937,1940,,man
2222,Martin Andersson i Igelboda,Socialdemokraterna,Stockholms län,Andra kammaren,1937,1940,,man
2223,Martin Skoglund,h,Östergötlands län,Andra kammaren,1937,1940,,man
2224,Nestor Hammarlund,bf,Kristianstads län,Andra kammaren,1937,1940,,
2225,Nils Erik Nilsson i Antnäs,h,Norrbottens län,Andra kammaren,1937,1940,,man
2226,Nils Flyg,k,Stockholms län,Andra kammaren,1937,1940,,man
2227,Nils Larsson,Socialdemokraterna,Jämtlands län,Andra kammaren,1937,1940,,man
2228,Nils Olsson i Rödningsberg,Socialdemokraterna,Jämtlands län,Andra kammaren,1937,1940,,man
2229,Nils Persson i Grytterud,h,Värmlands län,Andra kammaren,1937,1940,,man
2230,Ola Isacsson,Socialdemokraterna,Kristianstads län,Andra kammaren,1937,1940,,man
2231,Ola Jeppsson,Folkpartiet Liberalerna,Blekinge län,Andra kammaren,1937,1940,,man
2232,Olivia Nordgren,Socialdemokraterna,Malmöhus län,Andra kammaren,1937,1940,,woman
2233,Olof Andersson i Höör,Socialdemokraterna,Malmöhus län,Andra kammaren,1937,1940,,man
2234,Olof Andersson i Malmö,Socialdemokraterna,Fyrstadskretsen,Andra kammaren,1937,1940,,man
2235,Olof Nilsson i Göteborg,Socialdemokraterna,Göteborgs stad,Andra kammaren,1937,1940,,man
2236,Oscar Bæckman,Folkpartiet Liberalerna,Stockholms stad,Andra kammaren,1937,1940,,man
2237,Oscar Carlström,Folkpartiet Liberalerna,Jönköpings län,Andra kammaren,1937,1940,,man
2238,Oscar Dahlbäck,Folkpartiet Liberalerna,Jönköpings län,Andra kammaren,1937,1940,,man
2239,Oscar Johanson,Folkpartiet Liberalerna,Jönköpings län,Andra kammaren,1937,1940,,man
2240,Oscar Lövgren,Socialdemokraterna,Norrbottens län,Andra kammaren,1937,1940,,man
2241,Oscar Malmborg,Folkpartiet Liberalerna,Skaraborgs län,Andra kammaren,1937,1940,,man
2242,Oscar Nolin,h,Kronobergs län,Andra kammaren,1937,1940,,man
2243,Oscar Osberg,,Göteborgs och Bohus läns landstingsområde,Andra kammaren,1937,1940,,man
2244,Oscar Tornegård,bf,Kalmar län,Andra kammaren,1937,1940,,man
2245,Oscar Werner,bf,Värmlands län,Andra kammaren,1937,1940,,man
2246,Oscar Åkerström,Socialdemokraterna,Västerbottens län,Andra kammaren,1937,1940,,man
2247,Otto Holmdahl,h,Stockholms stad,Andra kammaren,1937,1940,,man
2248,Otto Magnusson,h,Kronobergs län,Andra kammaren,1937,1940,,man
2249,Otto Silfverbrand,h,Norrbottens län,Andra kammaren,1937,1940,,man
2250,Otto Wallén,bf,Stockholms län,Andra kammaren,1937,1940,,man
2251,Per Albin Hansson,Socialdemokraterna,Stockholms stad,Andra kammaren,1937,1940,,man
2252,Per Edvin Sköld,Socialdemokraterna,Malmöhus län,Andra kammaren,1937,1940,,man
2253,Per Leander Persson i Undersvik,Socialdemokraterna,Gävleborgs län,Andra kammaren,1937,1940,,man
2254,Per Persson i Norrby,bf,Gävleborgs län,Andra kammaren,1937,1940,,man
2255,Ragnar Barnekow,,Kristianstads län,Andra kammaren,1937,1940,,man
2256,Ragnar Lundqvist,h,Stockholms län,Andra kammaren,1937,1940,,man
2257,Ragnar Persson,Socialdemokraterna,Hallands län,Andra kammaren,1937,1940,,man
2258,Robert Jansson,Socialdemokraterna,Kopparbergs län,Andra kammaren,1937,1940,,man
2259,Ruth Gustafson,Socialdemokraterna,Stockholms stad,Andra kammaren,1937,1940,,woman
2260,Samuel Hedlund,h,Jämtlands län,Andra kammaren,1937,1940,,man
2261,Sigurd Lindholm,Socialdemokraterna,Gävleborgs län,Andra kammaren,1937,1940,,man
2262,Sigvard Cruse,Socialdemokraterna,Stockholms stad,Andra kammaren,1937,1940,,man
2263,Sigvard Ohlsson,Socialdemokraterna,Kalmar län,Andra kammaren,1937,1940,,man
2264,Solveig Rönn-Christiansson,k,Göteborgs stad,Andra kammaren,1937,1940,,woman
2265,Stig Janson,h,Södermanlands län,Andra kammaren,1937,1940,,man
2266,Sven Andersson i Vigelsbo,bf,Västmanlands län,Andra kammaren,1937,1940,,man
2267,Sven Johansson,h,Kalmar län,Andra kammaren,1937,1940,,man
2268,Sven Lundberg,h,Fyrstadskretsen,Andra kammaren,1937,1940,,man
2269,Sven Olsson i Labbemåla,Folkpartiet Liberalerna,Östergötlands län,Andra kammaren,1937,1940,,man
2270,Tage Erlander,Socialdemokraterna,Fyrstadskretsen,Andra kammaren,1937,1940,,man
2271,Theodor Gardell,bf,Gotlands län,Andra kammaren,1937,1940,,man
2272,Thorvald Ekdahl,Socialdemokraterna,Kristianstads län,Andra kammaren,1937,1940,,
2273,Thorwald Bergquist,Folkpartiet Liberalerna,Västmanlands län,Andra kammaren,1937,1940,,
2274,Tor Wolgast,bf,Blekinge län,Andra kammaren,1937,1940,,man
2275,Torgil von Seth,h,Jönköpings län,Andra kammaren,1937,1940,,
2276,Torsten Henriksson,h,Stockholms stad,Andra kammaren,1937,1940,,
2277,Torsten Lundell,h,Kalmar län,Andra kammaren,1937,1940,,
2278,Uddo Jacobson,Socialdemokraterna,Västerbottens län,Andra kammaren,1937,1940,,
2279,Verner Hedlund,Socialdemokraterna,Jämtlands län,Andra kammaren,1937,1940,,man
2280,Verner Karlsson,Socialdemokraterna,Kopparbergs län,Andra kammaren,1937,1940,,man
2281,Victor Mattsson,bf,Kronobergs län,Andra kammaren,1937,1940,,man
2282,Viktor Herou,k,Gävleborgs län,Andra kammaren,1937,1940,,man
2283,Viktor Sandström,h,Västernorrlands län,Andra kammaren,1937,1940,,man
2284,Vilhelm Lundstedt,Socialdemokraterna,Uppsala län,Andra kammaren,1937,1940,,man
2285,Walter Sundström,Socialdemokraterna,Skaraborgs län,Andra kammaren,1937,1940,,man
2286,Wiktor Mårtensson,Socialdemokraterna,Göteborgs och Bohus läns landstingsområde,Andra kammaren,1937,1940,,man
2287,Wilhelm Annér,Folkpartiet Liberalerna,Jämtlands län,Andra kammaren,1937,1940,,man
2288,Zäta Höglund,Socialdemokraterna,Stockholms stad,Andra kammaren,1937,1940,,
2289,ersatt av: Carl Evald Magnusson i Näsviken,Socialdemokraterna,Gävleborgs län,Andra kammaren,1937,1940,,
2290,ersatt av: Frans Hansson,h,Göteborgs och Bohus läns landstingsområde,Andra kammaren,1937,1940,,
2291,ersatt av: Gustaf Edvard Lundgren,bf,Malmöhus län,Andra kammaren,1937,1940,,
2292,ersatt av: Herbert Hermansson,bf,Göteborgs och Bohus läns landstingsområde,Andra kammaren,1937,1940,,
2293,ersatt av: Manfred Fredberg,Folkpartiet Liberalerna,Skaraborgs län,Andra kammaren,1937,1940,,
2294,ersatt av: Märta Öberg,Socialdemokraterna,Göteborgs stad,Andra kammaren,1937,1940,,
2295,ersatt av: Åke Olofsson,Socialdemokraterna,Malmöhus län,Andra kammaren,1937,1940,,
2296,ersatt av:Andreas Nilsson i Norrlångträsk,Folkpartiet Liberalerna,Västerbottens län,Andra kammaren,1937,1940,,
2297,Åke Holmbäck,Folkpartiet Liberalerna,Uppsala län,Andra kammaren,1937,1940,,man
2298,Albert Andersson,bf,Stockholms län och Uppsala län,Första kammaren,1938,1944,,man
2299,Albert Forslund,Socialdemokraterna,Stockholms län och Uppsala län,Första kammaren,1938,1944,,man
2300,Alfred Andersson i Bussjö,Socialdemokraterna,Malmöhus län,Första kammaren,1938,1944,,man
2301,Allan Holstensson,bf,Jönköpings län,Första kammaren,1938,1944,,man
2302,Anders Andersson i Markaryd,Socialdemokraterna,Kronobergs och Hallands län,Första kammaren,1938,1944,,man
2303,Anders Aronsson,bf,Stockholms län och Uppsala län,Första kammaren,1938,1944,,man
2304,Anders Johan Bärg,Socialdemokraterna,Södermanlands och Västmanlands län,Första kammaren,1938,1944,,man
2305,Anders Sundvik,Socialdemokraterna,Kopparbergs län,Första kammaren,1938,1944,,man
2306,Anselm Gillström,Socialdemokraterna,Västernorrlands län och Jämtlands län,Första kammaren,1938,1944,,man
2307,Anton Svensson,bf,Jönköpings län,Första kammaren,1938,1944,,man
2308,Arthur Engberg,Socialdemokraterna,Västernorrlands län och Jämtlands län,Första kammaren,1938,1944,,man
2309,Arthur Heiding,bf,Kalmar län och Gotlands län,Första kammaren,1938,1944,,man
2310,Arvid De Geer,bf,Blekinge län och Kristianstads län,Första kammaren,1938,1944,,man
2311,Axel Leander,Socialdemokraterna,Malmöhus län,Första kammaren,1938,1944,,man
2312,Axel Löfvander,bf,Malmöhus län,Första kammaren,1938,1944,,man
2313,Axel Mannerskantz,h,Kalmar län och Gotlands län,Första kammaren,1938,1944,,man
2314,Axel Roos,f,Malmöhus län,Första kammaren,1938,1944,,man
2315,Axel Strand,Socialdemokraterna,Stockholms stad,Första kammaren,1938,1944,,man
2316,Bengt Elmgren,Socialdemokraterna,Östergötlands län med Norrköpings stad,Första kammaren,1938,1944,,man
2317,Bernhard Nilsson i Landeryd,h,Jönköpings län,Första kammaren,1938,1944,,man
2318,Bertil Ohlin,f,Stockholms stad,Första kammaren,1938,1944,,man
2319,Bo von Stockenström,f,Södermanlands och Västmanlands län,Första kammaren,1938,1944,,man
2320,Bror Nilsson,bf,Älvsborgs län,Första kammaren,1938,1944,,man
2321,Carl Alger Härdin,Socialdemokraterna,Södermanlands och Västmanlands län,Första kammaren,1938,1944,,man
2322,Carl Beck-Friis,h,Stockholms län och Uppsala län,Första kammaren,1938,1944,,man
2323,Carl Bengtsson,h,Älvsborgs län,Första kammaren,1938,1944,,man
2324,Carl Dahlström,Socialdemokraterna,Södermanlands och Västmanlands län,Första kammaren,1938,1944,,man
2325,Carl Eriksson i Ljusdal,Socialdemokraterna,Gävleborgs län,Första kammaren,1938,1944,,man
2326,Carl Fredrik Carlström,h,Västerbottens län och Norrbottens län,Första kammaren,1938,1944,,man
2327,Carl Primus Wahlmark,Socialdemokraterna,Stockholms län och Uppsala län,Första kammaren,1938,1944,,man
2328,Carl Sundberg,h,Kalmar län och Gotlands län,Första kammaren,1938,1944,,man
2329,David Norman,Socialdemokraterna,Södermanlands och Västmanlands län,Första kammaren,1938,1944,,man
2330,Edgar Sjödahl,Socialdemokraterna,Göteborgs stad,Första kammaren,1938,1944,,man
2331,Edvard Björnsson,Socialdemokraterna,Älvsborgs län,Första kammaren,1938,1944,,man
2332,Edwin Berling,Socialdemokraterna,Malmöhus län,Första kammaren,1938,1944,,man
2333,Eilif Sylwan,h,Malmöhus län,Första kammaren,1938,1944,,
2334,Einar Thulin,Socialdemokraterna,Östergötlands län med Norrköpings stad,Första kammaren,1938,1944,,man
2335,Ejnar Lindbärg,Socialdemokraterna,Kopparbergs län,Första kammaren,1938,1944,,
2336,Elon Andersson,f,Gävleborgs län,Första kammaren,1938,1944,,
2337,Emil Andersson,h,Göteborgs och Bohus län,Första kammaren,1938,1944,,man
2338,Emil Näsström,Socialdemokraterna,Västernorrlands län och Jämtlands län,Första kammaren,1938,1944,,man
2339,Emil Petersson,Folkpartiet Liberalerna,Blekinge län och Kristianstads län,Första kammaren,1938,1944,,man
2340,Erik Brandt,Socialdemokraterna,Kopparbergs län,Första kammaren,1938,1944,,man
2341,Erik Lindblom,Folkpartiet Liberalerna,Kopparbergs län,Första kammaren,1938,1944,,man
2342,Erik von Heland,bf,Södermanlands och Västmanlands län,Första kammaren,1938,1944,,man
2343,Ernst Eskhult (tidigare Svensson),bf,Skaraborgs län,Första kammaren,1938,1944,,man
2344,Eskil Albertsson,f,Jönköpings län,Första kammaren,1938,1944,,man
2345,Frans Ericson,Socialdemokraterna,Östergötlands län med Norrköpings stad,Första kammaren,1938,1944,,man
2346,Fredrik Ström,Socialdemokraterna,Stockholms stad,Första kammaren,1938,1944,,man
2347,Fritiof Gustafsson,h,Skaraborgs län,Första kammaren,1938,1944,,man
2348,Fritjof Ekman,Socialdemokraterna,Örebro län,Första kammaren,1938,1944,,
2349,Georg Andrén,h,Älvsborgs län,Första kammaren,1938,1944,,man
2350,Georg Branting,Socialdemokraterna,Stockholms stad,Första kammaren,1938,1944,,man
2351,Gottfrid Karlsson,Socialdemokraterna,Östergötlands län med Norrköpings stad,Första kammaren,1938,1944,,man
2352,Gottfrid Karlsson i Gillberga,f,Örebro län,Första kammaren,1938,1944,,man
2353,Gustaf Elofsson,bf,Blekinge län och Kristianstads län,Första kammaren,1938,1944,,man
2354,Gustaf Heüman,Socialdemokraterna,Jönköpings län,Första kammaren,1938,1944,,man
2355,Gustaf Strömberg,Socialdemokraterna,Värmlands län,Första kammaren,1938,1944,,man
2356,Gustaf Tamm,h,Södermanlands och Västmanlands län,Första kammaren,1938,1944,,man
2357,Gustaf Velander,h,Västernorrlands län och Jämtlands län,Första kammaren,1938,1944,,man
2358,Gustav Björkman,h,Värmlands län,Första kammaren,1938,1944,,man
2359,Gustav Möller,Socialdemokraterna,Stockholms län och Uppsala län,Första kammaren,1938,1944,,man
2360,Harald Nordenson,h,Stockholms stad,Första kammaren,1938,1944,,man
2361,Harald Åkerberg,Socialdemokraterna,Örebro län,Första kammaren,1938,1944,,man
2362,Helge Bäcklund,Socialdemokraterna,Skaraborgs län,Första kammaren,1938,1944,,man
2363,Hemming Sten,Socialdemokraterna,Gävleborgs län,Första kammaren,1938,1944,,man
2364,Herman Ericsson,Socialdemokraterna,Malmöhus län,Första kammaren,1938,1944,,man
2365,Israel Lagerfelt,h,Östergötlands län med Norrköpings stad,Första kammaren,1938,1944,,man
2366,Ivan Pauli,Socialdemokraterna,Jönköpings län,Första kammaren,1938,1944,,man
2367,Ivar Anderson,h,Östergötlands län med Norrköpings stad,Första kammaren,1938,1944,,man
2368,Ivar Ekströmer,h,Kronobergs och Hallands län,Första kammaren,1938,1944,,man
2369,Ivar Persson,bf,Malmöhus län,Första kammaren,1938,1944,,man
2370,Iwar Anderson,Socialdemokraterna,Södermanlands och Västmanlands län,Första kammaren,1938,1944,,
2371,Jacob Hansson,Socialdemokraterna,Blekinge län och Kristianstads län,Första kammaren,1938,1944,,man
2372,Johan Bergman,f,Värmlands län,Första kammaren,1938,1944,,man
2373,Johan Bernhard Johansson,h,Kronobergs och Hallands län,Första kammaren,1938,1944,,man
2374,Johan Friggeråker (tidigare Johansson),bf,Älvsborgs län,Första kammaren,1938,1944,,man
2375,Johan Magnus Bäckström,f,Västerbottens län och Norrbottens län,Första kammaren,1938,1944,,man
2376,Johan Nilsson i Malmö,Socialdemokraterna,Malmöhus län,Första kammaren,1938,1944,,man
2377,Johan Nilsson i Skottlandshus,h,Blekinge län och Kristianstads län,Första kammaren,1938,1944,,man
2378,Johannes Pettersson,Socialdemokraterna,Värmlands län,Första kammaren,1938,1944,,man
2379,John Björck,f,Älvsborgs län,Första kammaren,1938,1944,,man
2380,John Gustavson,bf,Göteborgs och Bohus län,Första kammaren,1938,1944,,man
2381,John Sandén,,Värmlands län,Första kammaren,1938,1944,,man
2382,K.G. Westman,bf,Östergötlands län med Norrköpings stad,Första kammaren,1938,1944,,
2383,K.J. Olsson,Socialdemokraterna,Älvsborgs län,Första kammaren,1938,1944,,
2384,Karl Andersson i Rixö,Socialdemokraterna,Göteborgs och Bohus län,Första kammaren,1938,1944,,man
2385,Karl Emil Johansson,h,Skaraborgs län,Första kammaren,1938,1944,,man
2386,Karl Gustaf Sandström,h,Stockholms stad,Första kammaren,1938,1944,,man
2387,Karl Ivar Sköldén,bf,Göteborgs och Bohus län,Första kammaren,1938,1944,,man
2388,Karl Johanson i Vännäs,Socialdemokraterna,Västerbottens län och Norrbottens län,Första kammaren,1938,1944,,man
2389,Karl Karlsson i Stockholm,Socialdemokraterna,Stockholms stad,Första kammaren,1938,1944,,man
2390,Karl Magnusson,Socialdemokraterna,Kalmar län och Gotlands län,Första kammaren,1938,1944,,man
2391,Karl Sandegård,Socialdemokraterna,Älvsborgs län,Första kammaren,1938,1944,,man
2392,Karl Schlyter,Socialdemokraterna,Värmlands län,Första kammaren,1938,1944,,man
2393,Karl Wilhelm Bodin,h,Värmlands län,Första kammaren,1938,1944,,man
2394,Karl Wistrand,h,Stockholms stad,Första kammaren,1938,1944,,man
2395,Knut Ewerlöf,h,Stockholms stad,Första kammaren,1938,1944,,man
2396,Knut Petersson,f,Göteborgs stad,Första kammaren,1938,1944,,man
2397,Lage Svedberg,Socialdemokraterna,Västerbottens län och Norrbottens län,Första kammaren,1938,1944,,man
2398,Lars Gunnar Bodin,bf,Kalmar län och Gotlands län,Första kammaren,1938,1944,,man
2399,Laur Franzon,Socialdemokraterna,Stockholms län och Uppsala län,Första kammaren,1938,1944,,
2400,Lennart Bondeson,h,Malmöhus län,Första kammaren,1938,1944,,man
2401,Leonard Tjällgren,bf,Västernorrlands län och Jämtlands län,Första kammaren,1938,1944,,man
2402,Manne Asplund,Socialdemokraterna,Västerbottens län och Norrbottens län,Första kammaren,1938,1944,,man
2403,Martin Sandorf,h,Göteborgs stad,Första kammaren,1938,1944,,man
2404,Martin Svensson i Kompersmåla,h,Kronobergs och Hallands län,Första kammaren,1938,1944,,man
2405,Natanael Gärde,f,Stockholms stad,Första kammaren,1938,1944,,man
2406,Nils Elowsson,Socialdemokraterna,Blekinge län och Kristianstads län,Första kammaren,1938,1944,,man
2407,Nils Gabrielsson,h,Västerbottens län och Norrbottens län,Första kammaren,1938,1944,,man
2408,Nils Herlitz,h,Stockholms län och Uppsala län,Första kammaren,1938,1944,,man
2409,Nils Holmström,h,Gävleborgs län,Första kammaren,1938,1944,,man
2410,Nils Olsson i Rödningsberg,Socialdemokraterna,Västernorrlands län och Jämtlands län,Första kammaren,1938,1944,,man
2411,Nils Wohlin,bf,Örebro län,Första kammaren,1938,1944,,man
2412,Olof Berntson,Socialdemokraterna,Västernorrlands län och Jämtlands län,Första kammaren,1938,1944,,man
2413,Olof Carlsson,Socialdemokraterna,Stockholms stad,Första kammaren,1938,1944,,man
2414,Oscar Olsson,Socialdemokraterna,Östergötlands län med Norrköpings stad,Första kammaren,1938,1944,,man
2415,Oskar Anshelm Nordborg,h,Göteborgs stad,Första kammaren,1938,1944,,man
2416,Oskar Hagman,Socialdemokraterna,Stockholms stad,Första kammaren,1938,1944,,man
2417,Per Andersson i Koldemo,bf,Gävleborgs län,Första kammaren,1938,1944,,man
2418,Per Granath,Socialdemokraterna,Gävleborgs län,Första kammaren,1938,1944,,man
2419,Per Gustafsson i Benestad,bf,Kronobergs och Hallands län,Första kammaren,1938,1944,,man
2420,Per Näslund,f,Västerbottens län och Norrbottens län,Första kammaren,1938,1944,,man
2421,Petrus Nilsson i Gränebo,bf,Kalmar län och Gotlands län,Första kammaren,1938,1944,,
2422,Rickard Lindström,Socialdemokraterna,Göteborgs stad,Första kammaren,1938,1944,,man
2423,Rickard Sandler,Socialdemokraterna,Gävleborgs län,Första kammaren,1938,1944,,man
2424,Robert Berg,Socialdemokraterna,Blekinge län och Kristianstads län,Första kammaren,1938,1944,,man
2425,Robert von Horn,h,Örebro län,Första kammaren,1938,1944,,man
2426,Ruben Wagnsson,Socialdemokraterna,Kalmar län och Gotlands län,Första kammaren,1938,1944,,man
2427,Rudolf Anderberg,Socialdemokraterna,Malmöhus län,Första kammaren,1938,1944,,man
2428,Sam Larsson,f,Västernorrlands län och Jämtlands län,Första kammaren,1938,1944,,man
2429,Sigfrid Linnér,h,Stockholms län och Uppsala län,Första kammaren,1938,1944,,
2430,Sven Boman,Socialdemokraterna,Kopparbergs län,Första kammaren,1938,1944,,man
2431,Sven Edin,Socialdemokraterna,Västernorrlands län och Jämtlands län,Första kammaren,1938,1944,,man
2432,Sven Hansson i Svartbyn,Socialdemokraterna,Västerbottens län och Norrbottens län,Första kammaren,1938,1944,,man
2433,Sven Larsson,Socialdemokraterna,Kronobergs och Hallands län,Första kammaren,1938,1944,,man
2434,Sven Linderot,k,Västerbottens län och Norrbottens län,Första kammaren,1938,1944,,man
2435,Theodor Magnusson,Socialdemokraterna,Göteborgs stad,Första kammaren,1938,1944,,man
2436,Theodor Nilsson,Socialdemokraterna,Göteborgs och Bohus län,Första kammaren,1938,1944,,man
2437,Torsten Caap,h,Västerbottens län och Norrbottens län,Första kammaren,1938,1944,,
2438,Torsten Ström,Socialdemokraterna,Skaraborgs län,Första kammaren,1938,1944,,
2439,Verner Andersson,bf,Kronobergs och Hallands län,Första kammaren,1938,1944,,man
2440,Verner Söderkvist,Socialdemokraterna,Västernorrlands län och Jämtlands län,Första kammaren,1938,1944,,man
2441,Viktor Egnell,bf,Skaraborgs län,Första kammaren,1938,1944,,man
2442,Viktor Larsson,Socialdemokraterna,Södermanlands och Västmanlands län,Första kammaren,1938,1944,,man
2443,Viktor Thörnberg,Socialdemokraterna,Blekinge län och Kristianstads län,Första kammaren,1938,1944,,man
2444,Wilhelm Källman,Socialdemokraterna,Stockholms län och Uppsala län,Första kammaren,1938,1944,,man
2445,William Linder,Socialdemokraterna,Blekinge län och Kristianstads län,Första kammaren,1938,1944,,man
2446,William Nisser,h,Kopparbergs län,Första kammaren,1938,1944,,man
2447,Östen Undén,Socialdemokraterna,Värmlands län,Första kammaren,1938,1944,,man
2448,Abel Andersson,Socialdemokraterna,Jönköpings län,Andra kammaren,1941,1944,,man
2449,Abel Sundberg,Socialdemokraterna,Göteborgs stad,Andra kammaren,1941,1944,,man
2450,Adolf Wallentheim,Socialdemokraterna,Stockholms län,Andra kammaren,1941,1944,,man
2451,Adolv Olsson,Socialdemokraterna,Gävleborgs län,Andra kammaren,1941,1944,,
2452,Alarik Hagård,h,Södra valkretsen,Andra kammaren,1941,1944,,
2453,Albert Hermansson,Socialdemokraterna,Östergötlands län,Andra kammaren,1941,1944,,man
2454,Albert Larsson,h,Värmlands län,Andra kammaren,1941,1944,,man
2455,Alfred Andersson i Munka-Ljungby,Socialdemokraterna,Kristianstads län,Andra kammaren,1941,1944,,man
2456,Alfred Nilsson,Folkpartiet Liberalerna,Malmöhus län,Andra kammaren,1941,1944,,man
2457,Algot Törnkvist,Socialdemokraterna,Blekinge län,Andra kammaren,1941,1944,,man
2458,Allan Andersson,Socialdemokraterna,Stockholms län,Andra kammaren,1941,1944,,man
2459,Allan Vougt,Socialdemokraterna,Fyrstadskretsen,Andra kammaren,1941,1944,,man
2460,Anders Andersson,Socialdemokraterna,Hallands län,Andra kammaren,1941,1944,,man
2461,Anders Hilding,Folkpartiet Liberalerna,Gävleborgs län,Andra kammaren,1941,1944,,man
2462,Anders Paulsen,Socialdemokraterna,Malmöhus län,Andra kammaren,1941,1944,,man
2463,Anders Pettersson,bf,Hallands län,Andra kammaren,1941,1944,,man
2464,Andreas Nilsson i Norrlångträsk,Folkpartiet Liberalerna,Västerbottens län,Andra kammaren,1941,1944,,man
2465,Anna Lindqvist-Pettersson,Socialdemokraterna,Jämtlands län,Andra kammaren,1941,1944,,woman
2466,Anton Björklund,Socialdemokraterna,Kristianstads län,Andra kammaren,1941,1944,,man
2467,Aron Gustafsson,bf,Skaraborgs län,Andra kammaren,1941,1944,,man
2468,Arthur Ryberg,bf,Södra valkretsen,Andra kammaren,1941,1944,,man
2469,Arthur Sköldin,Socialdemokraterna,Stockholms län,Andra kammaren,1941,1944,,man
2470,Arvid Hallberg,Socialdemokraterna,Kopparbergs län,Andra kammaren,1941,1944,,man
2471,Arvid Jonsson,bf,Kalmar län,Andra kammaren,1941,1944,,man
2472,Arvid Karlsson,h,Kristianstads län,Andra kammaren,1941,1944,,man
2473,August Danielsson,Folkpartiet Liberalerna,Norra valkretsen,Andra kammaren,1941,1944,,man
2474,August Spångberg,Socialdemokraterna,Värmlands län,Andra kammaren,1941,1944,,man
2475,August Sävström,Socialdemokraterna,Gävleborgs län,Andra kammaren,1941,1944,,man
2476,Axel Fält,Socialdemokraterna,Skaraborgs län,Andra kammaren,1941,1944,,man
2477,Axel Hansson i Rubbestad,bf,Norra valkretsen,Andra kammaren,1941,1944,,man
2478,Axel Jansson,Socialdemokraterna,Örebro län,Andra kammaren,1941,1944,,man
2479,Axel Landgren,Socialdemokraterna,Malmöhus län,Andra kammaren,1941,1944,,man
2480,Axel Lindqvist,Socialdemokraterna,Hallands län,Andra kammaren,1941,1944,,man
2481,Axel Pehrsson-Bramstorp,bf,Malmöhus län,Andra kammaren,1941,1944,,man
2482,Bertil Andersson,Socialdemokraterna,Västmanlands län,Andra kammaren,1941,1944,,man
2483,Bertil von Friesen,Folkpartiet Liberalerna,Göteborgs stad,Andra kammaren,1941,1944,,man
2484,Birger Andersson,h,Kalmar län,Andra kammaren,1941,1944,,man
2485,Birger Gezelius,h,Kopparbergs län,Andra kammaren,1941,1944,,man
2486,Björn Frithiofsson Holmgren,h,Blekinge län,Andra kammaren,1941,1944,,man
2487,Blenda Björck,Socialdemokraterna,Kristianstads län,Andra kammaren,1941,1944,,woman
2488,Brynolf Stattin,h,Västernorrlands län,Andra kammaren,1941,1944,,man
2489,Carl Björling,Folkpartiet Liberalerna,Värmlands län,Andra kammaren,1941,1944,,man
2490,Carl Hoppe,Socialdemokraterna,Östergötlands län,Andra kammaren,1941,1944,,man
2491,Carl Lindberg,Socialdemokraterna,Stockholms stad,Andra kammaren,1941,1944,,man
2492,Carl Olof Carlsson,bf,Bohuslän,Andra kammaren,1941,1944,,man
2493,Carl Petrus Olsson,Socialdemokraterna,Norra valkretsen,Andra kammaren,1941,1944,,man
2494,Conrad Jonsson,Socialdemokraterna,Södermanlands län,Andra kammaren,1941,1944,,man
2495,David Gustavson,Socialdemokraterna,Västmanlands län,Andra kammaren,1941,1944,,man
2496,David Larsson i Sätila,h,Södra valkretsen,Andra kammaren,1941,1944,,man
2497,Disa Västberg,Socialdemokraterna,Stockholms stad,Andra kammaren,1941,1944,,woman
2498,Ebon Andersson,h,Stockholms stad,Andra kammaren,1941,1944,,
2499,Ebon Andersson,Socialdemokraterna,Fyrstadskretsen,Andra kammaren,1941,1944,,
2500,Edvard Thorell,h,Stockholms län,Andra kammaren,1941,1944,,man
2501,Edvin Gustafsson,,Jönköpings län,Andra kammaren,1941,1944,,man
2502,Einar Andersson,Socialdemokraterna,Södra valkretsen,Andra kammaren,1941,1944,,man
2503,Einar Johansson,Socialdemokraterna,Kalmar län,Andra kammaren,1941,1944,,man
2504,Einar Jonsson,Socialdemokraterna,Uppsala län,Andra kammaren,1941,1944,,man
2505,Einar Sjögren,h,Uppsala län,Andra kammaren,1941,1944,,man
2506,Elin Eriksson,Socialdemokraterna,Västmanlands län,Andra kammaren,1941,1944,,woman
2507,Ellen Svedberg,Socialdemokraterna,Södermanlands län,Andra kammaren,1941,1944,,woman
2508,Elof Ericsson,Folkpartiet Liberalerna,Östergötlands län,Andra kammaren,1941,1944,,man
2509,Elof Hällgren,Socialdemokraterna,Blekinge län,Andra kammaren,1941,1944,,man
2510,Elof Lindberg,Socialdemokraterna,Västerbottens län,Andra kammaren,1941,1944,,man
2511,Elsa Johansson,Socialdemokraterna,Östergötlands län,Andra kammaren,1941,1944,,woman
2512,Emanuel Birke,h,Stockholms län,Andra kammaren,1941,1944,,man
2513,Emil Andersson,Socialdemokraterna,Värmlands län,Andra kammaren,1941,1944,,man
2514,Emil Gustafson,bf,Kalmar län,Andra kammaren,1941,1944,,man
2515,Emil Olovson,Socialdemokraterna,Västmanlands län,Andra kammaren,1941,1944,,man
2516,Emil Petersson i Gäddvik,h,Norrbottens län,Andra kammaren,1941,1944,,man
2517,Eric Bladh,Socialdemokraterna,Fyrstadskretsen,Andra kammaren,1941,1944,,man
2518,Eric Hansson,h,Västerbottens län,Andra kammaren,1941,1944,,man
2519,Erik Brandt,Socialdemokraterna,Örebro län,Andra kammaren,1941,1944,,man
2520,Erik Fast,Socialdemokraterna,Jönköpings län,Andra kammaren,1941,1944,,man
2521,Erik Hagberg,h,Fyrstadskretsen,Andra kammaren,1941,1944,,man
2522,Erik Johansson,Socialdemokraterna,Bohuslän,Andra kammaren,1941,1944,,man
2523,Erik Larsson,Socialdemokraterna,Norra valkretsen,Andra kammaren,1941,1944,,man
2524,Erik Lundbom,Socialdemokraterna,Södermanlands län,Andra kammaren,1941,1944,,man
2525,Erik Norén,Socialdemokraterna,Västernorrlands län,Andra kammaren,1941,1944,,man
2526,Erik Nylander,h,Stockholms stad,Andra kammaren,1941,1944,,man
2527,Erik Olson,h,Göteborgs stad,Andra kammaren,1941,1944,,man
2528,Ernst Berg,Socialdemokraterna,Västernorrlands län,Andra kammaren,1941,1944,,man
2529,Ernst Eriksson,Socialdemokraterna,Stockholms stad,Andra kammaren,1941,1944,,man
2530,Ernst Hage,Socialdemokraterna,Norrbottens län,Andra kammaren,1941,1944,,man
2531,Ernst Staxäng (före 1939 Olsson),h,Bohuslän,Andra kammaren,1941,1944,,man
2532,Ernst Wigforss,Socialdemokraterna,Göteborgs stad,Andra kammaren,1941,1944,,man
2533,Ernst Åqvist,Folkpartiet Liberalerna,Örebro län,Andra kammaren,1941,1944,,man
2534,Eskil Eriksson,Socialdemokraterna,Stockholms län,Andra kammaren,1941,1944,,man
2535,Evald Ericsson,Socialdemokraterna,Kopparbergs län,Andra kammaren,1941,1944,,man
2536,Evert Sandberg,Folkpartiet Liberalerna,Västerbottens län,Andra kammaren,1941,1944,,man
2537,Ewald Lindmark,h,Västerbottens län,Andra kammaren,1941,1944,,
2538,Folke Kyling,h,Skaraborgs län,Andra kammaren,1941,1944,,man
2539,Frans Severin,Socialdemokraterna,Stockholms stad,Andra kammaren,1941,1944,,man
2540,Fredrik Sundström,Socialdemokraterna,Kopparbergs län,Andra kammaren,1941,1944,,man
2541,Fridolf Thapper,Socialdemokraterna,Östergötlands län,Andra kammaren,1941,1944,,man
2542,Fritz Persson,Socialdemokraterna,Kronobergs län,Andra kammaren,1941,1944,,man
2543,Gerard de Geer,Folkpartiet Liberalerna,Värmlands län,Andra kammaren,1941,1944,,
2544,Gerhard Strindlund,bf,Västernorrlands län,Andra kammaren,1941,1944,,man
2545,Gillis Olsson i Kullenbergstorp,bf,Malmöhus län,Andra kammaren,1941,1944,,
2546,Gunnar Persson i Falla,h,Örebro län,Andra kammaren,1941,1944,,man
2547,Gustaf Andersson,Socialdemokraterna,Södermanlands län,Andra kammaren,1941,1944,,man
2548,Gustaf Andersson,Folkpartiet Liberalerna,Kopparbergs län,Andra kammaren,1941,1944,,man
2549,Gustaf Arnemark,h,Stockholms stad,Andra kammaren,1941,1944,,man
2550,Gustaf Karlsson,Socialdemokraterna,Bohuslän,Andra kammaren,1941,1944,,man
2551,Gustaf Larsson,Socialdemokraterna,Södermanlands län,Andra kammaren,1941,1944,,man
2552,Gustaf Nilsson,Socialdemokraterna,Värmlands län,Andra kammaren,1941,1944,,man
2553,Gustaf Pettersson (från 1945 Hellbacken),Socialdemokraterna,Kopparbergs län,Andra kammaren,1941,1944,,man
2554,Gustaf Rosander,Socialdemokraterna,Kronobergs län,Andra kammaren,1941,1944,,man
2555,Gustaf Svedman,h,Gotlands län,Andra kammaren,1941,1944,,man
2556,Gustav Andersson i Löbbo,bf,Jönköpings län,Andra kammaren,1941,1944,,man
2557,Gustav Hallagård (tidigare Johanson),bf,Skaraborgs län,Andra kammaren,1941,1944,,man
2558,Gustav Holm,Socialdemokraterna,Kalmar län,Andra kammaren,1941,1944,,man
2559,Gustav Mosesson,Folkpartiet Liberalerna,Stockholms län,Andra kammaren,1941,1944,,man
2560,Gustav Nilsson,h,Hallands län,Andra kammaren,1941,1944,,man
2561,Göran Pettersson,Socialdemokraterna,Örebro län,Andra kammaren,1941,1944,,man
2562,Gösta Andersson,Socialdemokraterna,Bohuslän,Andra kammaren,1941,1944,,man
2563,Gösta Bagge,h,Stockholms stad,Andra kammaren,1941,1944,,man
2564,Gösta Liedberg,h,Malmöhus län,Andra kammaren,1941,1944,,man
2565,Gösta Skoglund,Socialdemokraterna,Västerbottens län,Andra kammaren,1941,1944,,man
2566,Göta Rosén,Socialdemokraterna,Örebro län,Andra kammaren,1941,1944,,
2567,Hans Levin,Socialdemokraterna,Malmöhus län,Andra kammaren,1941,1944,,man
2568,Harald Hallén,Socialdemokraterna,Värmlands län,Andra kammaren,1941,1944,,man
2569,Helmer Molander,Socialdemokraterna,Västernorrlands län,Andra kammaren,1941,1944,,man
2570,Herman Nordström,Socialdemokraterna,Värmlands län,Andra kammaren,1941,1944,,man
2571,Hilding Hagberg,k,Norrbottens län,Andra kammaren,1941,1944,,man
2572,Hildur Alvén,Socialdemokraterna,Kopparbergs län,Andra kammaren,1941,1944,,
2573,Hildur Humla,Socialdemokraterna,Värmlands län,Andra kammaren,1941,1944,,
2574,Hildur Nygren,Socialdemokraterna,Gävleborgs län,Andra kammaren,1941,1944,,
2575,Hjalmar Gustafson,Socialdemokraterna,Kronobergs län,Andra kammaren,1941,1944,,man
2576,Hjalmar Nilson,bf,Hallands län,Andra kammaren,1941,1944,,man
2577,Hjalmar Svensson,bf,Kronobergs län,Andra kammaren,1941,1944,,man
2578,Hugo Witzell,Socialdemokraterna,Blekinge län,Andra kammaren,1941,1944,,man
2579,Hulda Skoglund-Lindblom,Socialdemokraterna,Västernorrlands län,Andra kammaren,1941,1944,,woman
2580,Ivar Jansson,Socialdemokraterna,Norrbottens län,Andra kammaren,1941,1944,,man
2581,Ivar Pettersson,bf,Örebro län,Andra kammaren,1941,1944,,man
2582,Ivar Sefve,h,Göteborgs stad,Andra kammaren,1941,1944,,man
2583,Ivar Österström,Folkpartiet Liberalerna,Västernorrlands län,Andra kammaren,1941,1944,,man
2584,James Dickson,h,Norra valkretsen,Andra kammaren,1941,1944,,man
2585,Johan Nilson,Folkpartiet Liberalerna,Södermanlands län,Andra kammaren,1941,1944,,man
2586,Johan Persson,Socialdemokraterna,Skaraborgs län,Andra kammaren,1941,1944,,man
2587,John Andersson,Socialdemokraterna,Västernorrlands län,Andra kammaren,1941,1944,,man
2588,John Bergvall,Folkpartiet Liberalerna,Stockholms stad,Andra kammaren,1941,1944,,man
2589,John Ericsson i Kinna,Socialdemokraterna,Södra valkretsen,Andra kammaren,1941,1944,,man
2590,John Lundberg,Socialdemokraterna,Uppsala län,Andra kammaren,1941,1944,,man
2591,John Pettersson,bf,Jönköpings län,Andra kammaren,1941,1944,,man
2592,Jon Jonsson i Fjäle,Socialdemokraterna,Gävleborgs län,Andra kammaren,1941,1944,,man
2593,Jonas Eriksson,h,Gävleborgs län,Andra kammaren,1941,1944,,man
2594,Jones Erik Andersson,bf,Kopparbergs län,Andra kammaren,1941,1944,,
2595,Karl Allan Westman,bf,Östergötlands län,Andra kammaren,1941,1944,,man
2596,Karl Bergström,Socialdemokraterna,Fyrstadskretsen,Andra kammaren,1941,1944,,man
2597,Karl Emil Hansson,bf,Uppsala län,Andra kammaren,1941,1944,,man
2598,Karl Evald Magnusson i Näsviken,Socialdemokraterna,Gävleborgs län,Andra kammaren,1941,1944,,man
2599,Karl Falk,Socialdemokraterna,Östergötlands län,Andra kammaren,1941,1944,,man
2600,Karl Kilbom,Socialdemokraterna,Stockholms stad,Andra kammaren,1941,1944,,man
2601,Karl Magnusson,h,Skaraborgs län,Andra kammaren,1941,1944,,man
2602,Karl Mäler,Socialdemokraterna,Västernorrlands län,Andra kammaren,1941,1944,,man
2603,Karl Nilsson,Socialdemokraterna,Fyrstadskretsen,Andra kammaren,1941,1944,,man
2604,Karl Söderdahl,Socialdemokraterna,Gotlands län,Andra kammaren,1941,1944,,man
2605,Karl Viklund,Socialdemokraterna,Norrbottens län,Andra kammaren,1941,1944,,man
2606,Karl Ward,Socialdemokraterna,Östergötlands län,Andra kammaren,1941,1944,,man
2607,Kerstin Hesselgren,Folkpartiet Liberalerna,Stockholms stad,Andra kammaren,1941,1944,,woman
2608,Knut Senander,k,Göteborgs stad,Andra kammaren,1941,1944,,man
2609,Lars Andersson,bf,Norrbottens län,Andra kammaren,1941,1944,,man
2610,Lars Jonsson,Socialdemokraterna,Västernorrlands län,Andra kammaren,1941,1944,,man
2611,Lars Lindahl,Socialdemokraterna,Örebro län,Andra kammaren,1941,1944,,man
2612,Lars Lindén,Socialdemokraterna,Kalmar län,Andra kammaren,1941,1944,,man
2613,Martin Andersson i Igelboda,Socialdemokraterna,Stockholms län,Andra kammaren,1941,1944,,man
2614,Martin Forsberg,Socialdemokraterna,Jönköpings län,Andra kammaren,1941,1944,,man
2615,Martin Ljungberg,h,Östergötlands län,Andra kammaren,1941,1944,,man
2616,Martin Skoglund,h,Östergötlands län,Andra kammaren,1941,1944,,man
2617,Märta Öberg,Socialdemokraterna,Göteborgs stad,Andra kammaren,1941,1944,,woman
2618,Nestor Hammarlund,bf,Kristianstads län,Andra kammaren,1941,1944,,
2619,Nils Larsson i Östersund,Socialdemokraterna,Jämtlands län,Andra kammaren,1941,1944,,man
2620,Ola Isacsson,Socialdemokraterna,Kristianstads län,Andra kammaren,1941,1944,,man
2621,Olivia Nordgren,Socialdemokraterna,Malmöhus län,Andra kammaren,1941,1944,,woman
2622,Olof Andersson i Malmö,Socialdemokraterna,Fyrstadskretsen,Andra kammaren,1941,1944,,man
2623,Olof Gavelin,Socialdemokraterna,Norrbottens län,Andra kammaren,1941,1944,,man
2624,Olof Nilsson i Göteborg,Socialdemokraterna,Göteborgs stad,Andra kammaren,1941,1944,,man
2625,Oscar Carlström,Folkpartiet Liberalerna,Jönköpings län,Andra kammaren,1941,1944,,man
2626,Oscar Dahlbäck,Folkpartiet Liberalerna,Jönköpings län,Andra kammaren,1941,1944,,man
2627,Oscar Lövgren,Socialdemokraterna,Norrbottens län,Andra kammaren,1941,1944,,man
2628,Oscar Malmborg,Folkpartiet Liberalerna,Skaraborgs län,Andra kammaren,1941,1944,,man
2629,Oscar Nolin,h,Kronobergs län,Andra kammaren,1941,1944,,man
2630,Oscar Werner,bf,Värmlands län,Andra kammaren,1941,1944,,man
2631,Otto Holmdahl,h,Stockholms stad,Andra kammaren,1941,1944,,man
2632,Otto Wallén,bf,Stockholms län,Andra kammaren,1941,1944,,man
2633,Patrik Svensson,Socialdemokraterna,Norra valkretsen,Andra kammaren,1941,1944,,man
2634,Per Albin Hansson,Socialdemokraterna,Stockholms stad,Andra kammaren,1941,1944,,man
2635,Per Edvin Sköld,Socialdemokraterna,Malmöhus län,Andra kammaren,1941,1944,,man
2636,Per Johnsson,Folkpartiet Liberalerna,Blekinge län,Andra kammaren,1941,1944,,man
2637,Per Persson i Norrby,bf,Gävleborgs län,Andra kammaren,1941,1944,,man
2638,Per Persson i Undersvik,Socialdemokraterna,Gävleborgs län,Andra kammaren,1941,1944,,man
2639,Ragnar Barnekow,Folkpartiet Liberalerna,Kristianstads län,Andra kammaren,1941,1944,,man
2640,Rikard Westerdahl,h,Västmanlands län,Andra kammaren,1941,1944,,man
2641,Rolf Edberg,Socialdemokraterna,Östergötlands län,Andra kammaren,1941,1944,,man
2642,Ruth Gustafson,Socialdemokraterna,Stockholms stad,Andra kammaren,1941,1944,,woman
2643,Sam Norup,bf,Kristianstads län,Andra kammaren,1941,1944,,man
2644,Samuel Hedlund,h,Jämtlands län,Andra kammaren,1941,1944,,man
2645,Set Persson,k,Stockholms stad,Andra kammaren,1941,1944,,man
2646,Seth Molander,Socialdemokraterna,Stockholms stad,Andra kammaren,1941,1944,,man
2647,Sigfrid Jonsson,Socialdemokraterna,Jämtlands län,Andra kammaren,1941,1944,,
2648,Signe Linderoth-Andersson,Socialdemokraterna,Skaraborgs län,Andra kammaren,1941,1944,,woman
2649,Sigrid Ekendahl,Socialdemokraterna,Stockholms stad,Andra kammaren,1941,1944,,woman
2650,Sigurd Lindholm,Socialdemokraterna,Gävleborgs län,Andra kammaren,1941,1944,,man
2651,Sigvard Cruse,Socialdemokraterna,Stockholms stad,Andra kammaren,1941,1944,,man
2652,Sigvard Ohlsson,Socialdemokraterna,Kalmar län,Andra kammaren,1941,1944,,man
2653,Stig Janson,h,Södermanlands län,Andra kammaren,1941,1944,,man
2654,Sven Andersson,Socialdemokraterna,Göteborgs stad,Andra kammaren,1941,1944,,man
2655,Sven Andersson i Vigelsbo,bf,Västmanlands län,Andra kammaren,1941,1944,,man
2656,Sven Hedqvist,s k,Stockholms län,Andra kammaren,1941,1944,,man
2657,Sven Lundberg,h,Fyrstadskretsen,Andra kammaren,1941,1944,,man
2658,Sven Lundgren,Socialdemokraterna,Göteborgs stad,Andra kammaren,1941,1944,,man
2659,Tage Erlander,Socialdemokraterna,Fyrstadskretsen,Andra kammaren,1941,1944,,man
2660,Theodor Gardell,bf,Gotlands län,Andra kammaren,1941,1944,,man
2661,Thorvald Ekdahl,Socialdemokraterna,Kristianstads län,Andra kammaren,1941,1944,,
2662,Thorwald Bergquist,Folkpartiet Liberalerna,Stockholms stad,Andra kammaren,1941,1944,,
2663,Torgil von Seth,h,Jönköpings län,Andra kammaren,1941,1944,,
2664,Torsten Henriksson,h,Stockholms stad,Andra kammaren,1941,1944,,
2665,Torsten Nilsson,Socialdemokraterna,Stockholms stad,Andra kammaren,1941,1944,,
2666,Torsten Waldemar Lundell,h,Kalmar län,Andra kammaren,1941,1944,,
2667,Uddo Jacobson,Socialdemokraterna,Västerbottens län,Andra kammaren,1941,1944,,
2668,Verner Hedlund,Socialdemokraterna,Jämtlands län,Andra kammaren,1941,1944,,man
2669,Verner Karlsson,Socialdemokraterna,Kopparbergs län,Andra kammaren,1941,1944,,man
2670,Victor Mattsson,bf,Kronobergs län,Andra kammaren,1941,1944,,man
2671,Vilhelm Lundstedt,Socialdemokraterna,Uppsala län,Andra kammaren,1941,1944,,man
2672,Waldemar Svensson,Folkpartiet Liberalerna,Bohuslän,Andra kammaren,1941,1944,,man
2673,Walter Sundström,Socialdemokraterna,Skaraborgs län,Andra kammaren,1941,1944,,man
2674,Wiktor Mårtensson,Socialdemokraterna,Bohuslän,Andra kammaren,1941,1944,,man
2675,ersatt av: Hanna Rydh (1943–1944),ersatt av: Hanna Rydh,Stockholms stad,Andra kammaren,1941,1944,,
2676,Åke Wiberg,h,Fyrstadskretsen,Andra kammaren,1941,1944,,man
2677,Abel Andersson,Socialdemokraterna,Jönköpings län,Andra kammaren,1945,1948,,man
2678,Abel Sundberg,Socialdemokraterna,Göteborgs stad,Andra kammaren,1945,1948,,man
2679,Adolv Olsson,Socialdemokraterna,Gävleborgs län,Andra kammaren,1945,1948,,
2680,Alarik Hagård,h,Älvsborgs läns södra,Andra kammaren,1945,1948,,
2681,Albert Hermansson,Socialdemokraterna,Östergötlands län,Andra kammaren,1945,1948,,man
2682,Albert Larsson,h,Värmlands län,Andra kammaren,1945,1948,,man
2683,Alfred Andersson i Munka-Ljungby,Socialdemokraterna,Kristianstads län,Andra kammaren,1945,1948,,man
2684,Algot Törnkvist,Socialdemokraterna,Blekinge län,Andra kammaren,1945,1948,,man
2685,Allan Andersson,Socialdemokraterna,Stockholms län,Andra kammaren,1945,1948,,man
2686,Allan Vougt,Socialdemokraterna,Fyrstadskretsen,Andra kammaren,1945,1948,,man
2687,Anders Paulsen,Socialdemokraterna,Malmöhus län,Andra kammaren,1945,1948,,man
2688,Anders Pettersson,bf,Hallands län,Andra kammaren,1945,1948,,man
2689,Anders Stjärne,Folkpartiet Liberalerna,Östergötlands län,Andra kammaren,1945,1948,,man
2690,Andreas Andersson,h,Jämtlands län,Andra kammaren,1945,1948,,man
2691,Annie Wallentheim,Socialdemokraterna,Stockholms län,Andra kammaren,1945,1948,,woman
2692,Anton Björklund,Socialdemokraterna,Kristianstads län,Andra kammaren,1945,1948,,man
2693,Anton Bränholm,Folkpartiet Liberalerna,Värmlands län,Andra kammaren,1945,1948,,man
2694,Aron Gustafsson,bf,Skaraborgs län,Andra kammaren,1945,1948,,man
2695,Arthur Sköldin,Socialdemokraterna,Stockholms län,Andra kammaren,1945,1948,,man
2696,Artur Lundqvist,Socialdemokraterna,Älvsborgs läns norra,Andra kammaren,1945,1948,,man
2697,Arvid Hallberg,Socialdemokraterna,Kopparbergs län,Andra kammaren,1945,1948,,man
2698,Arvid Jonsson,bf,Kalmar län,Andra kammaren,1945,1948,,man
2699,Arvid Karlsson,h,Kristianstads län,Andra kammaren,1945,1948,,man
2700,August Danielsson,Folkpartiet Liberalerna,Älvsborgs läns norra,Andra kammaren,1945,1948,,man
2701,August Spångberg,Socialdemokraterna,Värmlands län,Andra kammaren,1945,1948,,man
2702,August Sävström,Socialdemokraterna,Gävleborgs län,Andra kammaren,1945,1948,,man
2703,Axel Landgren,Socialdemokraterna,Malmöhus län,Andra kammaren,1945,1948,,man
2704,Axel Lindqvist,Socialdemokraterna,Hallands län,Andra kammaren,1945,1948,,man
2705,Axel Nordström,k,Västernorrlands län,Andra kammaren,1945,1948,,man
2706,Axel Pehrsson-Bramstorp,bf,Malmöhus län,Andra kammaren,1945,1948,,man
2707,Axel Rubbestad,bf,Älvsborgs läns norra,Andra kammaren,1945,1948,,man
2708,Bertil Andersson,Socialdemokraterna,Västmanlands län,Andra kammaren,1945,1948,,man
2709,Bertil Ohlin,Folkpartiet Liberalerna,Stockholms stad,Andra kammaren,1945,1948,,man
2710,Bertil von Friesen,Folkpartiet Liberalerna,Göteborgs stad,Andra kammaren,1945,1948,,man
2711,Birger Gezelius,h,Kopparbergs län,Andra kammaren,1945,1948,,man
2712,Birger Utbult,Folkpartiet Liberalerna,Göteborgs och Bohus län,Andra kammaren,1945,1948,,man
2713,Blenda Björck,Socialdemokraterna,Kristianstads län,Andra kammaren,1945,1948,,woman
2714,Brynolf Stattin,h,Västernorrlands län,Andra kammaren,1945,1948,,man
2715,Carl Björling,Folkpartiet Liberalerna,Värmlands län,Andra kammaren,1945,1948,,man
2716,Carl Hoppe,Socialdemokraterna,Östergötlands län,Andra kammaren,1945,1948,,man
2717,Carl Lindberg,Socialdemokraterna,Stockholms stad,Andra kammaren,1945,1948,,man
2718,Carl Lindmark,h,Västerbottens län,Andra kammaren,1945,1948,,man
2719,Carl Olof Carlsson,bf,Göteborgs och Bohus län,Andra kammaren,1945,1948,,man
2720,Carl Petrus Olsson,Socialdemokraterna,Älvsborgs läns norra,Andra kammaren,1945,1948,,man
2721,David Boman,bf,Stockholms län,Andra kammaren,1945,1948,,man
2722,David Hall,Socialdemokraterna,Västmanlands län,Andra kammaren,1945,1948,,man
2723,Disa Västberg,Socialdemokraterna,Stockholms stad,Andra kammaren,1945,1948,,woman
2724,Ebon Andersson,h,Stockholms stad,Andra kammaren,1945,1948,,
2725,Edvard Thorell,h,Stockholms län,Andra kammaren,1945,1948,,man
2726,Edvin Gustafsson,Socialdemokraterna,Jönköpings län,Andra kammaren,1945,1948,,man
2727,Edvin Jacobsson,Folkpartiet Liberalerna,Uppsala län,Andra kammaren,1945,1948,,man
2728,Einar Andersson,Socialdemokraterna,Älvsborgs läns södra,Andra kammaren,1945,1948,,man
2729,Einar Haeggblom,h,Kalmar län,Andra kammaren,1945,1948,,man
2730,Einar Johansson,Socialdemokraterna,Kalmar län,Andra kammaren,1945,1948,,man
2731,Einar Jonsson,Socialdemokraterna,Uppsala län,Andra kammaren,1945,1948,,man
2732,Einar Osterman,Folkpartiet Liberalerna,Västernorrlands län,Andra kammaren,1945,1948,,man
2733,Elin Eriksson,Socialdemokraterna,Västmanlands län,Andra kammaren,1945,1948,,woman
2734,Elis Håstad,h,Stockholms stad,Andra kammaren,1945,1948,,man
2735,Ellen Svedberg,Socialdemokraterna,Södermanlands län,Andra kammaren,1945,1948,,woman
2736,Elof Hällgren,Socialdemokraterna,Blekinge län,Andra kammaren,1945,1948,,man
2737,Elsa Johansson,Socialdemokraterna,Östergötlands län,Andra kammaren,1945,1948,,woman
2738,Emanuel Birke,h,Stockholms län,Andra kammaren,1945,1948,,man
2739,Emil Gustafson,bf,Kalmar län,Andra kammaren,1945,1948,,man
2740,Emil Malmborg,Socialdemokraterna,Stockholms stad,Andra kammaren,1945,1948,,man
2741,Emil Olovson,Socialdemokraterna,Västmanlands län,Andra kammaren,1945,1948,,man
2742,Eric Bladh,Socialdemokraterna,Fyrstadskretsen,Andra kammaren,1945,1948,,man
2743,Erik Brandt,Socialdemokraterna,Örebro län,Andra kammaren,1945,1948,,man
2744,Erik Fast,Socialdemokraterna,Jönköpings län,Andra kammaren,1945,1948,,man
2745,Erik Hagberg,h,Fyrstadskretsen,Andra kammaren,1945,1948,,man
2746,Erik Jansson,k,Örebro län,Andra kammaren,1945,1948,,man
2747,Erik Johansson i Öckerö,Socialdemokraterna,Göteborgs och Bohus län,Andra kammaren,1945,1948,,man
2748,Erik Karlsson,k,Stockholms län,Andra kammaren,1945,1948,,man
2749,Erik Lundbom,Socialdemokraterna,Södermanlands län,Andra kammaren,1945,1948,,man
2750,Erik Norén,Socialdemokraterna,Västernorrlands län,Andra kammaren,1945,1948,,man
2751,Erik Olson,h,Göteborgs stad,Andra kammaren,1945,1948,,man
2752,Erik Pettersson i Ersbacken,bf,Kopparbergs län,Andra kammaren,1945,1948,,man
2753,Erik Severin,Socialdemokraterna,Gävleborgs län,Andra kammaren,1945,1948,,man
2754,Ernst Berg,Socialdemokraterna,Västernorrlands län,Andra kammaren,1945,1948,,man
2755,Ernst Eriksson,Socialdemokraterna,Stockholms stad,Andra kammaren,1945,1948,,man
2756,Ernst Staxäng (före 1939 Olsson),h,Göteborgs och Bohus län,Andra kammaren,1945,1948,,man
2757,Ernst Wigforss,Socialdemokraterna,Göteborgs stad,Andra kammaren,1945,1948,,man
2758,Eskil Eriksson,Socialdemokraterna,Stockholms län,Andra kammaren,1945,1948,,man
2759,Evald Ericsson,Socialdemokraterna,Kopparbergs län,Andra kammaren,1945,1948,,man
2760,Evert Sandberg,Folkpartiet Liberalerna,Västerbottens län,Andra kammaren,1945,1948,,man
2761,Filip Kristensson,Folkpartiet Liberalerna,Kristianstads län,Andra kammaren,1945,1948,,man
2762,Folke Jönsson,Socialdemokraterna,Fyrstadskretsen,Andra kammaren,1945,1948,,man
2763,Folke Kyling,h,Skaraborgs län,Andra kammaren,1945,1948,,man
2764,Frans Severin,Socialdemokraterna,Stockholms stad,Andra kammaren,1945,1948,,man
2765,Fredrik Sundström,Socialdemokraterna,Kopparbergs län,Andra kammaren,1945,1948,,man
2766,Fridolf Thapper,Socialdemokraterna,Östergötlands län,Andra kammaren,1945,1948,,man
2767,Fritz Persson,Socialdemokraterna,Kronobergs län,Andra kammaren,1945,1948,,man
2768,Georg Fahlman,h,Fyrstadskretsen,Andra kammaren,1945,1948,,man
2769,Gerda Linderot,k,Stockholms stad,Andra kammaren,1945,1948,,woman
2770,Gottfrid Fröderberg,Folkpartiet Liberalerna,Gävleborgs län,Andra kammaren,1945,1948,,man
2771,Greta Möller,h,Södermanlands län,Andra kammaren,1945,1948,,woman
2772,Gunnar Adolfsson,k,Fyrstadskretsen,Andra kammaren,1945,1948,,man
2773,Gunnar Dahlgren,k,Göteborgs stad,Andra kammaren,1945,1948,,man
2774,Gunnar Falla (tidigare Persson),h,Örebro län,Andra kammaren,1945,1948,,man
2775,Gunnar Hedlund,bf,Västernorrlands län,Andra kammaren,1945,1948,,man
2776,Gunnar Larsson,bf,Skaraborgs län,Andra kammaren,1945,1948,,man
2777,Gunnar Ljungqvist,h,Stockholms stad,Andra kammaren,1945,1948,,man
2778,Gunnel Olsson,Socialdemokraterna,Stockholms län,Andra kammaren,1945,1948,,
2779,Gustaf Andersson,Socialdemokraterna,Södermanlands län,Andra kammaren,1945,1948,,man
2780,Gustaf Andersson i Rasjön,Folkpartiet Liberalerna,Kopparbergs län,Andra kammaren,1945,1948,,man
2781,Gustaf Larsson,Socialdemokraterna,Södermanlands län,Andra kammaren,1945,1948,,man
2782,Gustaf Nilsson,h,Hallands län,Andra kammaren,1945,1948,,man
2783,Gustaf Nilsson,Socialdemokraterna,Värmlands län,Andra kammaren,1945,1948,,man
2784,Gustaf Pettersson (från 1945 Hellbacken),Socialdemokraterna,Kopparbergs län,Andra kammaren,1945,1948,,man
2785,Gustaf Svedman,h,Gotlands län,Andra kammaren,1945,1948,,man
2786,Gustaf Svensson i Vä,bf,Jönköpings län,Andra kammaren,1945,1948,,man
2787,Gustav Holm,Socialdemokraterna,Kalmar län,Andra kammaren,1945,1948,,man
2788,Gustav Johansson,k,Stockholms stad,Andra kammaren,1945,1948,,man
2789,Gustav Mosesson,Folkpartiet Liberalerna,Stockholms län,Andra kammaren,1945,1948,,man
2790,Göran Pettersson,Socialdemokraterna,Örebro län,Andra kammaren,1945,1948,,man
2791,Gösta Andersson i Mölndal,Socialdemokraterna,Göteborgs och Bohus län,Andra kammaren,1945,1948,,man
2792,Gösta Bagge,h,Stockholms stad,Andra kammaren,1945,1948,,man
2793,Gösta Kempe,k,Värmlands län,Andra kammaren,1945,1948,,man
2794,Gösta Liedberg,h,Malmöhus län,Andra kammaren,1945,1948,,man
2795,Gösta Skoglund,Socialdemokraterna,Västerbottens län,Andra kammaren,1945,1948,,man
2796,Harald Andersson,bf,Södermanlands län,Andra kammaren,1945,1948,,man
2797,Harald Hallén,Socialdemokraterna,Värmlands län,Andra kammaren,1945,1948,,man
2798,Harald Johansson,k,Östergötlands län,Andra kammaren,1945,1948,,man
2799,Harald Johnsson i Skoglösa,bf,Kristianstads län,Andra kammaren,1945,1948,,man
2800,Helmer Holmberg,k,Norrbottens län,Andra kammaren,1945,1948,,man
2801,Helmer Johansson,bf,Västerbottens län,Andra kammaren,1945,1948,,man
2802,Henry Allard,Socialdemokraterna,Örebro län,Andra kammaren,1945,1948,,man
2803,Herman Engström,Socialdemokraterna,Gotlands län,Andra kammaren,1945,1948,,man
2804,Herman Nordström,Socialdemokraterna,Värmlands län,Andra kammaren,1945,1948,,man
2805,Hilding Hagberg,k,Norrbottens län,Andra kammaren,1945,1948,,man
2806,Hildur Alvén,Socialdemokraterna,Kopparbergs län,Andra kammaren,1945,1948,,
2807,Hildur Humla,Socialdemokraterna,Värmlands län,Andra kammaren,1945,1948,,
2808,Hildur Nygren,Socialdemokraterna,Gävleborgs län,Andra kammaren,1945,1948,,
2809,Hjalmar Gustafson,Socialdemokraterna,Kronobergs län,Andra kammaren,1945,1948,,man
2810,Hjalmar Nilson,bf,Hallands län,Andra kammaren,1945,1948,,man
2811,Hjalmar Svensson,bf,Kronobergs län,Andra kammaren,1945,1948,,man
2812,Hugo Witzell,Socialdemokraterna,Blekinge län,Andra kammaren,1945,1948,,man
2813,Ivar Jansson,Socialdemokraterna,Norrbottens län,Andra kammaren,1945,1948,,man
2814,Ivar Johansson,bf,Östergötlands län,Andra kammaren,1945,1948,,man
2815,Ivar Pettersson,bf,Örebro län,Andra kammaren,1945,1948,,man
2816,Ivar Sefve,h,Göteborgs stad,Andra kammaren,1945,1948,,man
2817,James Dickson,h,Älvsborgs läns norra,Andra kammaren,1945,1948,,man
2818,Johan Johnsson,Folkpartiet Liberalerna,Stockholms stad,Andra kammaren,1945,1948,,man
2819,Johan Nilson,Folkpartiet Liberalerna,Södermanlands län,Andra kammaren,1945,1948,,man
2820,Johan Persson i Tidaholm,Socialdemokraterna,Skaraborgs län,Andra kammaren,1945,1948,,man
2821,Johan-Olof Gavelin,Socialdemokraterna,Norrbottens län,Andra kammaren,1945,1948,,
2822,Johannes Onsjö (tidigare Johansson),bf,Skaraborgs län,Andra kammaren,1945,1948,,man
2823,John Andersson,Socialdemokraterna,Västernorrlands län,Andra kammaren,1945,1948,,man
2824,John Bergvall,Folkpartiet Liberalerna,Stockholms stad,Andra kammaren,1945,1948,,man
2825,John Ericsson i Kinna,Socialdemokraterna,Älvsborgs läns södra,Andra kammaren,1945,1948,,man
2826,John Lundberg,Socialdemokraterna,Uppsala län,Andra kammaren,1945,1948,,man
2827,John Pettersson,bf,Jönköpings län,Andra kammaren,1945,1948,,man
2828,Karl Artur Ryberg,bf,Älvsborgs läns södra,Andra kammaren,1945,1948,,man
2829,Karl Bergström,Socialdemokraterna,Fyrstadskretsen,Andra kammaren,1945,1948,,man
2830,Karl Emil Hansson,bf,Uppsala län,Andra kammaren,1945,1948,,man
2831,Karl Falk,Socialdemokraterna,Östergötlands län,Andra kammaren,1945,1948,,man
2832,Karl Magnusson,h,Skaraborgs län,Andra kammaren,1945,1948,,man
2833,Karl Mäler,Socialdemokraterna,Västernorrlands län,Andra kammaren,1945,1948,,man
2834,Karl Nilsson,Socialdemokraterna,Fyrstadskretsen,Andra kammaren,1945,1948,,man
2835,Karl Viklund,Socialdemokraterna,Norrbottens län,Andra kammaren,1945,1948,,man
2836,Karl Ward,Socialdemokraterna,Östergötlands län,Andra kammaren,1945,1948,,man
2837,Knut Senander,k,Göteborgs stad,Andra kammaren,1945,1948,,man
2838,Lars Andersson,bf,Norrbottens län,Andra kammaren,1945,1948,,man
2839,Lars Jonsson,Socialdemokraterna,Västernorrlands län,Andra kammaren,1945,1948,,man
2840,Lars Lindahl,Socialdemokraterna,Örebro län,Andra kammaren,1945,1948,,man
2841,Lars-Olof Skantze,h,Blekinge län,Andra kammaren,1945,1948,,
2842,Magnus Nilsson,Socialdemokraterna,Västerbottens län,Andra kammaren,1945,1948,,man
2843,Manne Ståhl,Folkpartiet Liberalerna,Värmlands län,Andra kammaren,1945,1948,,man
2844,Martin Forsberg,Socialdemokraterna,Jönköpings län,Andra kammaren,1945,1948,,man
2845,Martin Ljungberg,h,Östergötlands län,Andra kammaren,1945,1948,,man
2846,Martin Skoglund,h,Östergötlands län,Andra kammaren,1945,1948,,man
2847,Märta Boman,h,Norrbottens län,Andra kammaren,1945,1948,,woman
2848,Märta Öberg,Socialdemokraterna,Göteborgs stad,Andra kammaren,1945,1948,,woman
2849,Nestor Hammarlund,bf,Kristianstads län,Andra kammaren,1945,1948,,
2850,Nils G. Hansson i Skegrie,bf,Malmöhus län,Andra kammaren,1945,1948,,man
2851,Nils Holmström,h,Gävleborgs län,Andra kammaren,1945,1948,,man
2852,Nils Jönsson i Rossbol,bf,Jämtlands län,Andra kammaren,1945,1948,,man
2853,Nils Larsson i Östersund,Socialdemokraterna,Jämtlands län,Andra kammaren,1945,1948,,man
2854,Nils Odhe,Socialdemokraterna,Skaraborgs län,Andra kammaren,1945,1948,,man
2855,Nils Persson,Folkpartiet Liberalerna,Malmöhus län,Andra kammaren,1945,1948,,man
2856,Ola Isacsson,Socialdemokraterna,Kristianstads län,Andra kammaren,1945,1948,,man
2857,Ola Persson,k,Gävleborgs län,Andra kammaren,1945,1948,,man
2858,Olivia Nordgren,Socialdemokraterna,Malmöhus län,Andra kammaren,1945,1948,,woman
2859,Olof Andersson i Malmö,Socialdemokraterna,Fyrstadskretsen,Andra kammaren,1945,1948,,man
2860,Olof Nilsson,Socialdemokraterna,Göteborgs stad,Andra kammaren,1945,1948,,man
2861,Olov Rylander,Folkpartiet Liberalerna,Västmanlands län,Andra kammaren,1945,1948,,man
2862,Oscar Carlström,Folkpartiet Liberalerna,Jönköpings län,Andra kammaren,1945,1948,,man
2863,Oscar Lövgren,Socialdemokraterna,Norrbottens län,Andra kammaren,1945,1948,,man
2864,Oscar Malmborg,Folkpartiet Liberalerna,Skaraborgs län,Andra kammaren,1945,1948,,man
2865,Oscar Nolin,h,Kronobergs län,Andra kammaren,1945,1948,,man
2866,Oscar Werner,bf,Värmlands län,Andra kammaren,1945,1948,,man
2867,Oskar Åkerström,Socialdemokraterna,Västerbottens län,Andra kammaren,1945,1948,,man
2868,Patrik Svensson,Socialdemokraterna,Älvsborgs läns norra,Andra kammaren,1945,1948,,man
2869,Pehr Johnsson i Kastanjegården,Folkpartiet Liberalerna,Blekinge län,Andra kammaren,1945,1948,,
2870,Per Albin Hansson,Socialdemokraterna,Stockholms stad,Andra kammaren,1945,1948,,man
2871,Per Edvin Sköld,Socialdemokraterna,Malmöhus län,Andra kammaren,1945,1948,,man
2872,Per Jonas Edberg,bf,Västernorrlands län,Andra kammaren,1945,1948,,man
2873,Per Jonsson,h,Kalmar län,Andra kammaren,1945,1948,,man
2874,Per Orgård (tidigare Persson),Socialdemokraterna,Gävleborgs län,Andra kammaren,1945,1948,,man
2875,Per Persson i Norrby,bf,Gävleborgs län,Andra kammaren,1945,1948,,man
2876,Per Svensson,bf,Gotlands län,Andra kammaren,1945,1948,,man
2877,Per-Hjalmar Fagerholm,h,Stockholms stad,Andra kammaren,1945,1948,,
2878,Ragnar Persson,Socialdemokraterna,Hallands län,Andra kammaren,1945,1948,,man
2879,Ragnar Sveningsson,h,Älvsborgs läns södra,Andra kammaren,1945,1948,,man
2880,Ragnhild Sandström,Folkpartiet Liberalerna,Västerbottens län,Andra kammaren,1945,1948,,
2881,Robert Jansson,bf,Kopparbergs län,Andra kammaren,1945,1948,,man
2882,Ruben Swedberg,Folkpartiet Liberalerna,Örebro län,Andra kammaren,1945,1948,,man
2883,Rudolf Boman,Folkpartiet Liberalerna,Jönköpings län,Andra kammaren,1945,1948,,man
2884,Ruth Gustafson,Socialdemokraterna,Stockholms stad,Andra kammaren,1945,1948,,woman
2885,Sam Norup,bf,Kristianstads län,Andra kammaren,1945,1948,,man
2886,Set Persson,k,Stockholms stad,Andra kammaren,1945,1948,,man
2887,Sigfrid Jonsson,Socialdemokraterna,Jämtlands län,Andra kammaren,1945,1948,,
2888,Sigrid Ekendahl,Socialdemokraterna,Stockholms stad,Andra kammaren,1945,1948,,woman
2889,Sigurd Lindholm,Socialdemokraterna,Gävleborgs län,Andra kammaren,1945,1948,,man
2890,Sigvard Cruse,Socialdemokraterna,Stockholms stad,Andra kammaren,1945,1948,,man
2891,Sigvard Ohlsson,Socialdemokraterna,Kalmar län,Andra kammaren,1945,1948,,man
2892,Solveig Rönn-Christiansson,k,Göteborgs stad,Andra kammaren,1945,1948,,woman
2893,Stig Janson,h,Södermanlands län,Andra kammaren,1945,1948,,man
2894,Sven Hedqvist,Socialdemokraterna,Stockholms län,Andra kammaren,1945,1948,,man
2895,Sven Vigelsbo,bf,Västmanlands län,Andra kammaren,1945,1948,,man
2896,Thorwald Ekdahl,Socialdemokraterna,Kristianstads län,Andra kammaren,1945,1948,,
2897,Torgil von Seth,h,Jönköpings län,Andra kammaren,1945,1948,,
2898,Torsten Henriksson,h,Stockholms stad,Andra kammaren,1945,1948,,
2899,Torsten Nilsson,Socialdemokraterna,Stockholms stad,Andra kammaren,1945,1948,,
2900,Uddo Jacobson,Socialdemokraterna,Västerbottens län,Andra kammaren,1945,1948,,
2901,Verner Hedlund,Socialdemokraterna,Jämtlands län,Andra kammaren,1945,1948,,man
2902,Verner Karlsson,Socialdemokraterna,Kopparbergs län,Andra kammaren,1945,1948,,man
2903,Victor Mattsson,bf,Kronobergs län,Andra kammaren,1945,1948,,man
2904,Vilhelm Lundstedt,Socialdemokraterna,Uppsala län,Andra kammaren,1945,1948,,man
2905,Waldemar Olsson,Socialdemokraterna,Kalmar län,Andra kammaren,1945,1948,,man
2906,Waldemar Svensson,Folkpartiet Liberalerna,Göteborgs och Bohus län,Andra kammaren,1945,1948,,man
2907,Walter Sundström,Socialdemokraterna,Skaraborgs län,Andra kammaren,1945,1948,,man
2908,Wiktor Mårtensson,Socialdemokraterna,Göteborgs och Bohus län,Andra kammaren,1945,1948,,man
2909,ersatt av Carl Östlund,h,Västerbottens län,Andra kammaren,1945,1948,,
2910,ersatt av: Carl Johansson,Socialdemokraterna,Göteborgs och Bohus län,Andra kammaren,1945,1948,,
2911,ersatt av: Elsa Ewerlöf,h,Stockholms stad,Andra kammaren,1945,1948,,
2912,ersatt av: Fritjof Lager,k,Stockholms stad,Andra kammaren,1945,1948,,
2913,ersatt av: Gunnar Sundqvist,h,Stockholms stad,Andra kammaren,1945,1948,,
2914,ersatt av: Gustaf Friberg,Folkpartiet Liberalerna,Södermanlands län,Andra kammaren,1945,1948,,
2915,ersatt av: Hildur Ericsson,Socialdemokraterna,Norrbottens län,Andra kammaren,1945,1948,,
2916,ersatt av: Jarl Hjalmarson,h,Stockholms stad,Andra kammaren,1945,1948,,
2917,ersatt av: Knut Stenvall,bf,Norrbottens län,Andra kammaren,1945,1948,,
2918,ersatt av: Lisa Johansson,Socialdemokraterna,Skaraborgs län,Andra kammaren,1945,1948,,
2919,ersatt av: Seth Molander,Socialdemokraterna,Stockholms stad,Andra kammaren,1945,1948,,
2920,ersatt av: Sonja Branting-Westerståhl,Socialdemokraterna,Stockholms stad,Andra kammaren,1945,1948,,
2921,ersatt av: Sven Antby,Folkpartiet Liberalerna,Älvsborgs läns norra,Andra kammaren,1945,1948,,
2922,ersatt av: Yngve Larsson,Folkpartiet Liberalerna,Stockholms stad,Andra kammaren,1945,1948,,
2923,Åke Olofsson,Socialdemokraterna,Malmöhus län,Andra kammaren,1945,1948,,man
2924,Åke Wiberg,h,Fyrstadskretsen,Andra kammaren,1945,1948,,man
2925,Albert Forslund,Socialdemokraterna,Stockholms län,Första kammaren,1946,1952,,man
2926,Albert Hermansson,Socialdemokraterna,Östergötlands län,Första kammaren,1946,1952,,man
2927,Albert Ramberg,Socialdemokraterna,Värmlands län,Första kammaren,1946,1952,,man
2928,Alfred Andersson,Socialdemokraterna,Malmöhus län,Första kammaren,1946,1952,,man
2929,Alfred Nilsson,Folkpartiet Liberalerna,Malmöhus län,Första kammaren,1946,1952,,man
2930,Anders Sundvik,Socialdemokraterna,Kopparbergs län,Första kammaren,1946,1952,,man
2931,Anna Sjöström-Bengtsson,Socialdemokraterna,Göteborg,Första kammaren,1946,1952,,woman
2932,Anselm Gillström,Socialdemokraterna,Västernorrlands och Jämtlands län,Första kammaren,1946,1952,,man
2933,Anton Norling,k,Göteborg,Första kammaren,1946,1952,,man
2934,Anton Sjö,Socialdemokraterna,Malmöhus län,Första kammaren,1946,1952,,man
2935,Arthur Heiding,bf,Kalmar och Gotlands län,Första kammaren,1946,1952,,man
2936,Axel Andersson,Folkpartiet Liberalerna,Västernorrlands och Jämtlands län,Första kammaren,1946,1952,,man
2937,Axel Gjöres,Socialdemokraterna,Kronobergs och Hallands län,Första kammaren,1946,1952,,man
2938,Axel Leander,Socialdemokraterna,Malmöhus län,Första kammaren,1946,1952,,man
2939,Axel Mannerskantz,h,Kalmar och Gotlands län,Första kammaren,1946,1952,,man
2940,Axel Strand,Socialdemokraterna,Stockholms stad,Första kammaren,1946,1952,,man
2941,Axel Uhlén,Socialdemokraterna,Malmöhus län,Första kammaren,1946,1952,,man
2942,Bengt Elmgren,Socialdemokraterna,Östergötlands län,Första kammaren,1946,1952,,man
2943,Bernhard Ekström,bf,Kronobergs och Hallands län,Första kammaren,1946,1952,,man
2944,Bernhard Näsgård,bf,Gävleborgs län,Första kammaren,1946,1952,,man
2945,Bertil Mogård,Socialdemokraterna,Stockholms stad,Första kammaren,1946,1952,,man
2946,Birger Andersson,Socialdemokraterna,Skaraborgs län,Första kammaren,1946,1952,,man
2947,Bror Nilsson,bf,Älvsborgs län,Första kammaren,1946,1952,,man
2948,Carl Eriksson,Socialdemokraterna,Gävleborgs län,Första kammaren,1946,1952,,man
2949,Carl Eskilsson,h,Östergötlands län,Första kammaren,1946,1952,,man
2950,Carl Sundberg,h,Kalmar och Gotlands län,Första kammaren,1946,1952,,man
2951,David Norman,Socialdemokraterna,Sörmlands och Västmanlands län,Första kammaren,1946,1952,,man
2952,Ebon Andersson,h,Stockholms stad,Första kammaren,1946,1952,,
2953,Edgar Sjödahl,Socialdemokraterna,Göteborg,Första kammaren,1946,1952,,man
2954,Edvard Björnsson,Socialdemokraterna,Älvsborgs län,Första kammaren,1946,1952,,man
2955,Edwin Berling,Socialdemokraterna,Malmöhus län,Första kammaren,1946,1952,,man
2956,Edwin Welander,Socialdemokraterna,Malmöhus län,Första kammaren,1946,1952,,man
2957,Einar Eriksson,Socialdemokraterna,Stockholms län,Första kammaren,1946,1952,,man
2958,Einar Persson,Socialdemokraterna,Kopparbergs län,Första kammaren,1946,1952,,man
2959,Elof Hällgren,Socialdemokraterna,Blekinge och Kristianstads län,Första kammaren,1946,1952,,man
2960,Elon Andersson,Folkpartiet Liberalerna,Gävleborgs län,Första kammaren,1946,1952,,
2961,Emil Ahlkvist,Socialdemokraterna,Malmöhus län,Första kammaren,1946,1952,,man
2962,Emil Näsström,Socialdemokraterna,Västernorrlands och Jämtlands län,Första kammaren,1946,1952,,man
2963,Emil Petersson,Folkpartiet Liberalerna,Blekinge och Kristianstads län,Första kammaren,1946,1952,,man
2964,Eric Ericson,Socialdemokraterna,Örebro län,Första kammaren,1946,1952,,man
2965,Eric Ericsson,h,Göteborg,Första kammaren,1946,1952,,man
2966,Erik Arrhén,h,Bohuslän,Första kammaren,1946,1952,,man
2967,Erik Englund,Folkpartiet Liberalerna,Stockholms stad,Första kammaren,1946,1952,,man
2968,Erik Lindblom,Folkpartiet Liberalerna,Kopparbergs län,Första kammaren,1946,1952,,man
2969,Erik von Heland,bf,Sörmlands och Västmanlands län,Första kammaren,1946,1952,,man
2970,Ernst Hage,Socialdemokraterna,Västerbottens och Norrbottens län,Första kammaren,1946,1952,,man
2971,Ernst Wehtje,h,Malmöhus län,Första kammaren,1946,1952,,man
2972,Ernst Wigforss,Socialdemokraterna,Blekinge och Kristianstads län,Första kammaren,1946,1952,,man
2973,Ewald Johannesson,Socialdemokraterna,Stockholms stad,Första kammaren,1946,1952,,
2974,Folke Petrén,Folkpartiet Liberalerna,Sörmlands och Västmanlands län,Första kammaren,1946,1952,,man
2975,Fritiof Domö,h,Skaraborgs län,Första kammaren,1946,1952,,man
2976,Fritjof Ekman,Socialdemokraterna,Örebro län,Första kammaren,1946,1952,,
2977,Fritjof Thun,Socialdemokraterna,Stockholms län,Första kammaren,1946,1952,,
2978,Georg Andrén,h,Älvsborgs län,Första kammaren,1946,1952,,man
2979,Georg Branting,Socialdemokraterna,Stockholms stad,Första kammaren,1946,1952,,man
2980,Georg Pettersson,Socialdemokraterna,Kalmar och Gotlands län,Första kammaren,1946,1952,,man
2981,Gottfrid Karlsson,Socialdemokraterna,Östergötlands län,Första kammaren,1946,1952,,man
2982,Gunnar Lodenius,bf,Stockholms län,Första kammaren,1946,1952,,man
2983,Gunnar Sträng,Socialdemokraterna,Älvsborgs län,Första kammaren,1946,1952,,man
2984,Gunnar Öhman,k,Stockholms stad,Första kammaren,1946,1952,,man
2985,Gustaf Andersson,Socialdemokraterna,Sörmlands och Västmanlands län,Första kammaren,1946,1952,,man
2986,Gustaf Elofsson,bf,Blekinge och Kristianstads län,Första kammaren,1946,1952,,man
2987,Gustaf Heüman,Socialdemokraterna,Jönköpings län,Första kammaren,1946,1952,,man
2988,Gustaf Karlsson,Socialdemokraterna,Bohuslän,Första kammaren,1946,1952,,man
2989,Gustaf Rosander,Socialdemokraterna,Kronobergs och Hallands län,Första kammaren,1946,1952,,man
2990,Gustaf Sundelin,Folkpartiet Liberalerna,Örebro län,Första kammaren,1946,1952,,man
2991,Gustaf Velander,h,Västernorrlands och Jämtlands län,Första kammaren,1946,1952,,man
2992,Gustaf Widner,Socialdemokraterna,Sörmlands och Västmanlands län,Första kammaren,1946,1952,,man
2993,Gustav Andersson,bf,Jönköpings län,Första kammaren,1946,1952,,man
2994,Gustav Björkman,h,Värmlands län,Första kammaren,1946,1952,,man
2995,Gustav Fahlander,Socialdemokraterna,Sörmlands och Västmanlands län,Första kammaren,1946,1952,,man
2996,Gustav Hallagård,bf,Skaraborgs län,Första kammaren,1946,1952,,man
2997,Gustav Möller,Socialdemokraterna,Stockholms län,Första kammaren,1946,1952,,man
2998,Gärda Svensson,bf,Kronobergs och Hallands län,Första kammaren,1946,1952,,
2999,Harald Nordenson,h,Stockholms stad,Första kammaren,1946,1952,,man
3000,Harald Åkerberg,Socialdemokraterna,Örebro län,Första kammaren,1946,1952,,man
3001,Hardy Göransson,Folkpartiet Liberalerna,Blekinge och Kristianstads län,Första kammaren,1946,1952,,
3002,Hemming Sten,Socialdemokraterna,Gävleborgs län,Första kammaren,1946,1952,,man
3003,Henry Johansson,Socialdemokraterna,Göteborg,Första kammaren,1946,1952,,man
3004,Hjalmar Nilsson,h,Malmöhus län,Första kammaren,1946,1952,,man
3005,Hjalmar Nilsson,Socialdemokraterna,Västernorrlands och Jämtlands län,Första kammaren,1946,1952,,man
3006,Hjalmar Weiland,Folkpartiet Liberalerna,Jönköpings län,Första kammaren,1946,1952,,man
3007,Hugo Osvald,Folkpartiet Liberalerna,Sörmlands och Västmanlands län,Första kammaren,1946,1952,,man
3008,Hugo Sundberg,Socialdemokraterna,Västerbottens och Norrbottens län,Första kammaren,1946,1952,,man
3009,Hulda Flood,Socialdemokraterna,Värmlands län,Första kammaren,1946,1952,,woman
3010,Ingrid Osvald,Folkpartiet Liberalerna,Stockholms län,Första kammaren,1946,1952,,woman
3011,Ivan Pauli,Socialdemokraterna,Jönköpings län,Första kammaren,1946,1952,,man
3012,Ivar Ekströmer,h,Kronobergs och Hallands län,Första kammaren,1946,1952,,man
3013,Ivar Nilzon,bf,Östergötlands län,Första kammaren,1946,1952,,man
3014,Ivar Persson,bf,Malmöhus län,Första kammaren,1946,1952,,man
3015,Iwar Andersson,Socialdemokraterna,Sörmlands och Västmanlands län,Första kammaren,1946,1952,,
3016,Jakob Grym,Socialdemokraterna,Västerbottens och Norrbottens län,Första kammaren,1946,1952,,man
3017,Johan Bernhard Johansson,h,Kronobergs och Hallands län,Första kammaren,1946,1952,,man
3018,Johan Nilsson,h,Blekinge och Kristianstads län,Första kammaren,1946,1952,,man
3019,Johan Sunne,Folkpartiet Liberalerna,Östergötlands län,Första kammaren,1946,1952,,man
3020,John Bergvall,Folkpartiet Liberalerna,Stockholms stad,Första kammaren,1946,1952,,man
3021,John Björk,Folkpartiet Liberalerna,Älvsborgs län,Första kammaren,1946,1952,,man
3022,John Gustavsson,bf,Bohuslän,Första kammaren,1946,1952,,man
3023,John Sandberg,Socialdemokraterna,Jönköpings län,Första kammaren,1946,1952,,man
3024,John W. Jonsson,Socialdemokraterna,Kalmar och Gotlands län,Första kammaren,1946,1952,,man
3025,Jon Jonsson i Fjäle,Socialdemokraterna,Gävleborgs län,Första kammaren,1946,1952,,man
3026,Jones Erik Andersson,bf,Kopparbergs län,Första kammaren,1946,1952,,
3027,Justus Lindgren,Socialdemokraterna,Skaraborgs län,Första kammaren,1946,1952,,man
3028,K.A. Johanson,Socialdemokraterna,Västerbottens och Norrbottens län,Första kammaren,1946,1952,,
3029,K.J. Olsson,Socialdemokraterna,Älvsborgs län,Första kammaren,1946,1952,,
3030,Karl Andersson i Rixö,Socialdemokraterna,Bohuslän,Första kammaren,1946,1952,,man
3031,Karl Damström,Socialdemokraterna,Kopparbergs län,Första kammaren,1946,1952,,man
3032,Karl Falk,Socialdemokraterna,Östergötlands län,Första kammaren,1946,1952,,man
3033,Karl Persson,bf,Blekinge och Kristianstads län,Första kammaren,1946,1952,,man
3034,Karl Schlyter,Socialdemokraterna,Värmlands län,Första kammaren,1946,1952,,man
3035,Karl Wistrand,h,Stockholms stad,Första kammaren,1946,1952,,man
3036,Knut Ewerlöf,h,Stockholms stad,Första kammaren,1946,1952,,man
3037,Knut Hesselbom,Socialdemokraterna,Älvsborgs län,Första kammaren,1946,1952,,man
3038,Lage Svedberg,Socialdemokraterna,Västerbottens och Norrbottens län,Första kammaren,1946,1952,,man
3039,Lars Andersson,bf,Västerbottens och Norrbottens län,Första kammaren,1946,1952,,man
3040,Lars Lindén,Socialdemokraterna,Kalmar och Gotlands län,Första kammaren,1946,1952,,man
3041,Laur Franzon,Socialdemokraterna,Stockholms län,Första kammaren,1946,1952,,
3042,Leonard Tjällgren,bf,Västernorrlands och Jämtlands län,Första kammaren,1946,1952,,man
3043,Nils A. Larsson,Socialdemokraterna,Västernorrlands och Jämtlands län,Första kammaren,1946,1952,,man
3044,Nils Elowsson,Socialdemokraterna,Blekinge och Kristianstads län,Första kammaren,1946,1952,,man
3045,Nils Herlitz,h,Stockholms län,Första kammaren,1946,1952,,man
3046,Olof Löthner,h,Jönköpings län,Första kammaren,1946,1952,,man
3047,Olof Pålsson,bf,Västernorrlands och Jämtlands län,Första kammaren,1946,1952,,man
3048,Oscar Mattsson,Socialdemokraterna,Bohuslän,Första kammaren,1946,1952,,man
3049,Otto Niklasson,bf,Älvsborgs län,Första kammaren,1946,1952,,man
3050,Per Lundgren,h,Västerbottens och Norrbottens län,Första kammaren,1946,1952,,man
3051,Per Näslund,Folkpartiet Liberalerna,Västerbottens och Norrbottens län,Första kammaren,1946,1952,,man
3052,Per Olofsson,Socialdemokraterna,Västernorrlands och Jämtlands län,Första kammaren,1946,1952,,man
3053,Petrus Gränebo,bf,Kalmar och Gotlands län,Första kammaren,1946,1952,,
3054,Primus Wahlmark,Socialdemokraterna,Stockholms län,Första kammaren,1946,1952,,
3055,Ragnar Bergh,h,Västerbottens och Norrbottens län,Första kammaren,1946,1952,,man
3056,Ragnar Lundquist,h,Stockholms län,Första kammaren,1946,1952,,man
3057,Ragnar Rosenberg,Socialdemokraterna,Blekinge och Kristianstads län,Första kammaren,1946,1952,,man
3058,Rickard Lindström,Socialdemokraterna,Göteborg,Första kammaren,1946,1952,,man
3059,Rickard Sandler,Socialdemokraterna,Gävleborgs län,Första kammaren,1946,1952,,man
3060,Robert Krügel,Socialdemokraterna,Örebro län,Första kammaren,1946,1952,,man
3061,Rudolf Anderberg,Socialdemokraterna,Malmöhus län,Första kammaren,1946,1952,,man
3062,Sten Wahlund,bf,Skaraborgs län,Första kammaren,1946,1952,,man
3063,Sven Andersson,Socialdemokraterna,Sörmlands och Västmanlands län,Första kammaren,1946,1952,,man
3064,Sven Boman,Socialdemokraterna,Kopparbergs län,Första kammaren,1946,1952,,man
3065,Sven Edin,Socialdemokraterna,Västernorrlands och Jämtlands län,Första kammaren,1946,1952,,man
3066,Sven Larsson,Socialdemokraterna,Kronobergs och Hallands län,Första kammaren,1946,1952,,man
3067,Sven Linderot,k,Västerbottens och Norrbottens län,Första kammaren,1946,1952,,man
3068,Sven Ohlon,Folkpartiet Liberalerna,Göteborg,Första kammaren,1946,1952,,man
3069,Torsten Isaksson,h,Skaraborgs län,Första kammaren,1946,1952,,
3070,Ture Nerman,Socialdemokraterna,Stockholms stad,Första kammaren,1946,1952,,man
3071,Ulla Lindström,Socialdemokraterna,Stockholms stad,Första kammaren,1946,1952,,
3072,Valter Åman,Socialdemokraterna,Stockholms stad,Första kammaren,1946,1952,,man
3073,Åke Holmbäck,Folkpartiet Liberalerna,Värmlands län,Första kammaren,1946,1952,,man
3074,Östen Undén,Socialdemokraterna,Värmlands län,Första kammaren,1946,1952,,man
3075,Abel Andersson,Socialdemokraterna,Jönköpings län,Andra kammaren,1949,1952,,man
3076,Adolf Wallentheim,Socialdemokraterna,Stockholms län,Andra kammaren,1949,1952,,man
3077,Adolv Olsson,Socialdemokraterna,Gävleborgs län,Andra kammaren,1949,1952,,
3078,Alarik Hagård,h,Älvsborgs läns södra,Andra kammaren,1949,1952,,
3079,Albert Larsson,h,Värmlands län,Andra kammaren,1949,1952,,man
3080,Alf Andersson,Socialdemokraterna,Västernorrlands län,Andra kammaren,1949,1952,,man
3081,Alfred Andersson i Munka-Ljungby,Socialdemokraterna,Kristianstads län,Andra kammaren,1949,1952,,man
3082,Algot Gunnarsson i Nälden,Folkpartiet Liberalerna,Jämtlands län,Andra kammaren,1949,1952,,man
3083,Algot Törnkvist,Socialdemokraterna,Blekinge län,Andra kammaren,1949,1952,,man
3084,Allan Andersson,Socialdemokraterna,Stockholms län,Andra kammaren,1949,1952,,man
3085,Anders Olsson,Folkpartiet Liberalerna,Kopparbergs län,Andra kammaren,1949,1952,,man
3086,Anders Pettersson i Dahl,bf,Hallands län,Andra kammaren,1949,1952,,man
3087,Anders Stjärne,Folkpartiet Liberalerna,Östergötlands län,Andra kammaren,1949,1952,,man
3088,Anton Björklund,Socialdemokraterna,Kristianstads län,Andra kammaren,1949,1952,,man
3089,Arthur Ryberg,bf,Älvsborgs läns södra,Andra kammaren,1949,1952,,man
3090,Arthur Sköldin,Socialdemokraterna,Stockholms län,Andra kammaren,1949,1952,,man
3091,Arthur Widén,Folkpartiet Liberalerna,Värmlands län,Andra kammaren,1949,1952,,man
3092,Arvid Andersson i Gunnarskog,Socialdemokraterna,Värmlands län,Andra kammaren,1949,1952,,man
3093,Arvid Hallberg,Socialdemokraterna,Kopparbergs län,Andra kammaren,1949,1952,,man
3094,Arvid Jonsson,bf,Kalmar län,Andra kammaren,1949,1952,,man
3095,August Spångberg,Socialdemokraterna,Värmlands län,Andra kammaren,1949,1952,,man
3096,August Sävström,Socialdemokraterna,Gävleborgs län,Andra kammaren,1949,1952,,man
3097,Axel Gustafsson,Folkpartiet Liberalerna,Älvsborgs läns södra,Andra kammaren,1949,1952,,man
3098,Axel Jansson,Socialdemokraterna,Örebro län,Andra kammaren,1949,1952,,man
3099,Axel Landgren,Socialdemokraterna,Malmöhus län,Andra kammaren,1949,1952,,man
3100,Axel Pehrsson-Bramstorp,bf,Malmöhus län,Andra kammaren,1949,1952,,man
3101,Axel Rubbestad,bf,Älvsborgs läns norra,Andra kammaren,1949,1952,,man
3102,Bengt Sjölin,Folkpartiet Liberalerna,Älvsborgs läns norra,Andra kammaren,1949,1952,,man
3103,Bertil Andersson,Socialdemokraterna,Västmanlands län,Andra kammaren,1949,1952,,man
3104,Bertil Ohlin,Folkpartiet Liberalerna,Stockholms stad,Andra kammaren,1949,1952,,man
3105,Bertil von Friesen,Folkpartiet Liberalerna,Göteborgs stad,Andra kammaren,1949,1952,,man
3106,Birger Utbult,Folkpartiet Liberalerna,Göteborgs och Bohus län,Andra kammaren,1949,1952,,man
3107,Brita Elmén,Folkpartiet Liberalerna,Göteborgs stad,Andra kammaren,1949,1952,,
3108,Bror Persson,Folkpartiet Liberalerna,Hallands län,Andra kammaren,1949,1952,,man
3109,Brynolf Stattin,h,Västernorrlands län,Andra kammaren,1949,1952,,man
3110,Carl Christenson,Folkpartiet Liberalerna,Fyrstadskretsen,Andra kammaren,1949,1952,,man
3111,Carl Hoppe,Socialdemokraterna,Östergötlands län,Andra kammaren,1949,1952,,man
3112,Carl Johansson,Socialdemokraterna,Göteborgs och Bohus län,Andra kammaren,1949,1952,,man
3113,Carl Lindberg,Socialdemokraterna,Stockholms stad,Andra kammaren,1949,1952,,man
3114,Carl Olof Carlsson,bf,Göteborgs och Bohus län,Andra kammaren,1949,1952,,man
3115,Carl Petrus Olsson,Socialdemokraterna,Älvsborgs läns norra,Andra kammaren,1949,1952,,man
3116,Carl Schmidt,Folkpartiet Liberalerna,Göteborgs stad,Andra kammaren,1949,1952,,man
3117,Carl Östlund,h,Västerbottens län,Andra kammaren,1949,1952,,man
3118,Daniel Wiklund,Folkpartiet Liberalerna,Stockholms stad,Andra kammaren,1949,1952,,man
3119,David Boman,bf,Stockholms län,Andra kammaren,1949,1952,,man
3120,David Hall,Socialdemokraterna,Västmanlands län,Andra kammaren,1949,1952,,man
3121,Disa Västberg,Socialdemokraterna,Stockholms stad,Andra kammaren,1949,1952,,woman
3122,Edith Liljedahl,Folkpartiet Liberalerna,Gävleborgs län,Andra kammaren,1949,1952,,woman
3123,Edvard Mårtensson,Folkpartiet Liberalerna,Kristianstads län,Andra kammaren,1949,1952,,man
3124,Edvin Bäckström,Folkpartiet Liberalerna,Västernorrlands län,Andra kammaren,1949,1952,,man
3125,Edvin Gustafsson,Socialdemokraterna,Jönköpings län,Andra kammaren,1949,1952,,man
3126,Edvin Jacobsson,Folkpartiet Liberalerna,Uppsala län,Andra kammaren,1949,1952,,man
3127,Einar Andersson i Hyssna,Socialdemokraterna,Älvsborgs läns södra,Andra kammaren,1949,1952,,man
3128,Einar Haeggblom,h,Kalmar län,Andra kammaren,1949,1952,,man
3129,Einar Johansson,Socialdemokraterna,Kalmar län,Andra kammaren,1949,1952,,man
3130,Einar Jonsson,Socialdemokraterna,Uppsala län,Andra kammaren,1949,1952,,man
3131,Elin Eriksson,Socialdemokraterna,Västmanlands län,Andra kammaren,1949,1952,,woman
3132,Elis Håstad,h,Stockholms stad,Andra kammaren,1949,1952,,man
3133,Ellen Svedberg,Socialdemokraterna,Södermanlands län,Andra kammaren,1949,1952,,woman
3134,Elsa Ewerlöf,h,Stockholms stad,Andra kammaren,1949,1952,,woman
3135,Elsa Johansson,Socialdemokraterna,Östergötlands län,Andra kammaren,1949,1952,,woman
3136,Elsa Lindskog,Socialdemokraterna,Kopparbergs län,Andra kammaren,1949,1952,,woman
3137,Emanuel Birke,h,Stockholms län,Andra kammaren,1949,1952,,man
3138,Emil Malmborg,Socialdemokraterna,Stockholms stad,Andra kammaren,1949,1952,,man
3139,Eric Bladh,Socialdemokraterna,Fyrstadskretsen,Andra kammaren,1949,1952,,man
3140,Eric Karlsson,Socialdemokraterna,Blekinge län,Andra kammaren,1949,1952,,man
3141,Eric Nilsson,h,Malmöhus län,Andra kammaren,1949,1952,,man
3142,Erik Brandt,Socialdemokraterna,Örebro län,Andra kammaren,1949,1952,,man
3143,Erik Fast,Socialdemokraterna,Jönköpings län,Andra kammaren,1949,1952,,man
3144,Erik Hagberg,h,Fyrstadskretsen,Andra kammaren,1949,1952,,man
3145,Erik Karlsson,k,Stockholms län,Andra kammaren,1949,1952,,man
3146,Erik Norén,Socialdemokraterna,Västernorrlands län,Andra kammaren,1949,1952,,man
3147,Erik Pettersson i Ersbacken,bf,Kopparbergs län,Andra kammaren,1949,1952,,man
3148,Erik Rosén i Götene,Folkpartiet Liberalerna,Skaraborgs län,Andra kammaren,1949,1952,,man
3149,Erik Strandh,Folkpartiet Liberalerna,Kronobergs län,Andra kammaren,1949,1952,,man
3150,Erik Östrand,Socialdemokraterna,Kopparbergs län,Andra kammaren,1949,1952,,man
3151,Ernst Staxäng (tidigare Olsson),h,Göteborgs och Bohus län,Andra kammaren,1949,1952,,man
3152,Eskil Eriksson,Socialdemokraterna,Stockholms län,Andra kammaren,1949,1952,,man
3153,Evald Ericsson,Socialdemokraterna,Kopparbergs län,Andra kammaren,1949,1952,,man
3154,Evert Sandberg,Folkpartiet Liberalerna,Västerbottens län,Andra kammaren,1949,1952,,man
3155,Filip Kristensson,Folkpartiet Liberalerna,Kristianstads län,Andra kammaren,1949,1952,,man
3156,Folke Jönsson,Socialdemokraterna,Fyrstadskretsen,Andra kammaren,1949,1952,,man
3157,Folke Kyling,h,Skaraborgs län,Andra kammaren,1949,1952,,man
3158,Folke Nihlfors,Folkpartiet Liberalerna,Stockholms stad,Andra kammaren,1949,1952,,man
3159,Frans Severin,Socialdemokraterna,Stockholms stad,Andra kammaren,1949,1952,,man
3160,Fridolf Thapper,Socialdemokraterna,Östergötlands län,Andra kammaren,1949,1952,,man
3161,Fritjof Lager,k,Stockholms stad,Andra kammaren,1949,1952,,
3162,Fritz Persson,Socialdemokraterna,Kronobergs län,Andra kammaren,1949,1952,,man
3163,Gerda Höjer,Folkpartiet Liberalerna,Stockholms stad,Andra kammaren,1949,1952,,woman
3164,Gottfrid Fröderberg,Folkpartiet Liberalerna,Gävleborgs län,Andra kammaren,1949,1952,,man
3165,Gunnar Dahlgren,k,Göteborgs stad,Andra kammaren,1949,1952,,man
3166,Gunnar Engkvist,Socialdemokraterna,Kristianstads län,Andra kammaren,1949,1952,,man
3167,Gunnar Ericsson,bf,Kalmar län,Andra kammaren,1949,1952,,man
3168,Gunnar Hedlund,bf,Västernorrlands län,Andra kammaren,1949,1952,,man
3169,Gunnar Larsson,bf,Skaraborgs län,Andra kammaren,1949,1952,,man
3170,Gustaf Kollberg,Folkpartiet Liberalerna,Stockholms stad,Andra kammaren,1949,1952,,man
3171,Gustaf Larsson,Socialdemokraterna,Södermanlands län,Andra kammaren,1949,1952,,man
3172,Gustaf Nilsson,Socialdemokraterna,Värmlands län,Andra kammaren,1949,1952,,man
3173,Gustaf Pettersson (från 1945 Hellbacken),Socialdemokraterna,Kopparbergs län,Andra kammaren,1949,1952,,man
3174,Gustaf Svensson i Vä,bf,Jönköpings län,Andra kammaren,1949,1952,,man
3175,Gustav Holm,Socialdemokraterna,Kalmar län,Andra kammaren,1949,1952,,man
3176,Gustav Johansson,k,Stockholms stad,Andra kammaren,1949,1952,,man
3177,Gustav Mosesson,Folkpartiet Liberalerna,Stockholms län,Andra kammaren,1949,1952,,man
3178,Göran Pettersson,Socialdemokraterna,Örebro län,Andra kammaren,1949,1952,,man
3179,Gösta Andersson,Socialdemokraterna,Göteborgs och Bohus län,Andra kammaren,1949,1952,,man
3180,Gösta Netzén,Socialdemokraterna,Fyrstadskretsen,Andra kammaren,1949,1952,,man
3181,Gösta Skoglund,Socialdemokraterna,Västerbottens län,Andra kammaren,1949,1952,,man
3182,Gösta Åqvist,Folkpartiet Liberalerna,Örebro län,Andra kammaren,1949,1952,,man
3183,Hans Gustafsson,Socialdemokraterna,Stockholms stad,Andra kammaren,1949,1952,,man
3184,Hans Levin,Socialdemokraterna,Malmöhus län,Andra kammaren,1949,1952,,man
3185,Harald Andersson,bf,Södermanlands län,Andra kammaren,1949,1952,,man
3186,Harald Hallén,Socialdemokraterna,Värmlands län,Andra kammaren,1949,1952,,man
3187,Harald Johnsson i Skoglösa,bf,Kristianstads län,Andra kammaren,1949,1952,,man
3188,Harald Kärrlander,Socialdemokraterna,Västernorrlands län,Andra kammaren,1949,1952,,man
3189,Helge Lindström,Socialdemokraterna,Jämtlands län,Andra kammaren,1949,1952,,man
3190,Helmer Holmberg,k,Norrbottens län,Andra kammaren,1949,1952,,man
3191,Helmer Johansson,bf,Västerbottens län,Andra kammaren,1949,1952,,man
3192,Henry Allard,Socialdemokraterna,Örebro län,Andra kammaren,1949,1952,,man
3193,Herman Engström,Socialdemokraterna,Gotlands län,Andra kammaren,1949,1952,,man
3194,Hernfrid Bark,Socialdemokraterna,Västmanlands län,Andra kammaren,1949,1952,,
3195,Hilding Hagberg,k,Norrbottens län,Andra kammaren,1949,1952,,man
3196,Hildur Ericsson,Socialdemokraterna,Norrbottens län,Andra kammaren,1949,1952,,
3197,Hildur Humla,Socialdemokraterna,Värmlands län,Andra kammaren,1949,1952,,
3198,Hildur Nygren,Socialdemokraterna,Gävleborgs län,Andra kammaren,1949,1952,,
3199,Hjalmar Gustafson,Socialdemokraterna,Kronobergs län,Andra kammaren,1949,1952,,man
3200,Hjalmar Nilson,bf,Hallands län,Andra kammaren,1949,1952,,man
3201,Hjalmar Svensson,bf,Kronobergs län,Andra kammaren,1949,1952,,man
3202,Hjalmar Åhman,Folkpartiet Liberalerna,Stockholms län,Andra kammaren,1949,1952,,man
3203,Ingemar Andersson,Socialdemokraterna,Östergötlands län,Andra kammaren,1949,1952,,man
3204,Ingrid Gärde Widemar,Folkpartiet Liberalerna,Stockholms stad,Andra kammaren,1949,1952,,woman
3205,Ivar Jansson,Socialdemokraterna,Norrbottens län,Andra kammaren,1949,1952,,man
3206,Ivar Johansson,bf,Östergötlands län,Andra kammaren,1949,1952,,man
3207,James Dickson,h,Älvsborgs läns norra,Andra kammaren,1949,1952,,man
3208,Jarl Hjalmarson,h,Stockholms stad,Andra kammaren,1949,1952,,man
3209,Jerker Svensson,Socialdemokraterna,Göteborgs stad,Andra kammaren,1949,1952,,
3210,Johan Ahlsten,Folkpartiet Liberalerna,Gotlands län,Andra kammaren,1949,1952,,man
3211,Johan Johnsson,Folkpartiet Liberalerna,Stockholms stad,Andra kammaren,1949,1952,,man
3212,Johannes Onsjö (tidigare Johansson),bf,Skaraborgs län,Andra kammaren,1949,1952,,man
3213,John Andersson,Socialdemokraterna,Västernorrlands län,Andra kammaren,1949,1952,,man
3214,John Ericsson i Kinna,Socialdemokraterna,Älvsborgs läns södra,Andra kammaren,1949,1952,,man
3215,John Lundberg,Socialdemokraterna,Uppsala län,Andra kammaren,1949,1952,,man
3216,John Löfroth,Folkpartiet Liberalerna,Norrbottens län,Andra kammaren,1949,1952,,man
3217,John Pettersson,bf,Jönköpings län,Andra kammaren,1949,1952,,man
3218,Jöns Nilsson,h,Kristianstads län,Andra kammaren,1949,1952,,
3219,Karl Andersson i Björkäng,bf,Örebro län,Andra kammaren,1949,1952,,man
3220,Karl Bergström,Socialdemokraterna,Fyrstadskretsen,Andra kammaren,1949,1952,,man
3221,Karl Emil Hansson,bf,Uppsala län,Andra kammaren,1949,1952,,man
3222,Karl Nilsson,Socialdemokraterna,Fyrstadskretsen,Andra kammaren,1949,1952,,man
3223,Karl Ward,Socialdemokraterna,Östergötlands län,Andra kammaren,1949,1952,,man
3224,Karl-Gustaf Wirtén,Folkpartiet Liberalerna,Södermanlands län,Andra kammaren,1949,1952,,
3225,Knut Senander,k,Göteborgs stad,Andra kammaren,1949,1952,,man
3226,Lars Jonsson,Socialdemokraterna,Västernorrlands län,Andra kammaren,1949,1952,,man
3227,Lars Lindahl,Socialdemokraterna,Örebro län,Andra kammaren,1949,1952,,man
3228,Lisa Johansson,Socialdemokraterna,Skaraborgs län,Andra kammaren,1949,1952,,woman
3229,Magnus Nilsson,Socialdemokraterna,Västerbottens län,Andra kammaren,1949,1952,,man
3230,Manne Ståhl,Folkpartiet Liberalerna,Värmlands län,Andra kammaren,1949,1952,,man
3231,Margit Vinge,Folkpartiet Liberalerna,Stockholms län,Andra kammaren,1949,1952,,
3232,Martin Forsberg,Socialdemokraterna,Jönköpings län,Andra kammaren,1949,1952,,man
3233,Martin Ljungberg,h,Östergötlands län,Andra kammaren,1949,1952,,man
3234,Martin Skoglund,h,Östergötlands län,Andra kammaren,1949,1952,,man
3235,Märta Boman,h,Norrbottens län,Andra kammaren,1949,1952,,woman
3236,Märta Öberg,Socialdemokraterna,Göteborgs stad,Andra kammaren,1949,1952,,woman
3237,Nancy Eriksson,Socialdemokraterna,Stockholms stad,Andra kammaren,1949,1952,,woman
3238,Nils G. Hansson i Skegrie,bf,Malmöhus län,Andra kammaren,1949,1952,,man
3239,Nils Jönsson i Rossbol,bf,Jämtlands län,Andra kammaren,1949,1952,,man
3240,Nils Odhe,Socialdemokraterna,Skaraborgs län,Andra kammaren,1949,1952,,man
3241,Nils Persson,Folkpartiet Liberalerna,Malmöhus län,Andra kammaren,1949,1952,,man
3242,Ola Persson,k,Gävleborgs län,Andra kammaren,1949,1952,,man
3243,Olaus Nyberg,Folkpartiet Liberalerna,Blekinge län,Andra kammaren,1949,1952,,man
3244,Olivia Nordgren,Socialdemokraterna,Malmöhus län,Andra kammaren,1949,1952,,woman
3245,Olof Andersson i Malmö,Socialdemokraterna,Fyrstadskretsen,Andra kammaren,1949,1952,,man
3246,Olof Gavelin,Socialdemokraterna,Norrbottens län,Andra kammaren,1949,1952,,man
3247,Olof Hammar,Folkpartiet Liberalerna,Kopparbergs län,Andra kammaren,1949,1952,,man
3248,Olof Nilsson i Göteborg,Socialdemokraterna,Göteborgs stad,Andra kammaren,1949,1952,,man
3249,Olof Wiklund,Socialdemokraterna,Norrbottens län,Andra kammaren,1949,1952,,man
3250,Olov Rylander,Folkpartiet Liberalerna,Västmanlands län,Andra kammaren,1949,1952,,man
3251,Oscar Andersson i Långviksmon,Folkpartiet Liberalerna,Västernorrlands län,Andra kammaren,1949,1952,,man
3252,Oscar Carlström,Folkpartiet Liberalerna,Jönköpings län,Andra kammaren,1949,1952,,man
3253,Oscar Malmborg,Folkpartiet Liberalerna,Skaraborgs län,Andra kammaren,1949,1952,,man
3254,Oscar Nolin,h,Kronobergs län,Andra kammaren,1949,1952,,man
3255,Oscar Werner,bf,Värmlands län,Andra kammaren,1949,1952,,man
3256,Oscar Åkerström,Socialdemokraterna,Västerbottens län,Andra kammaren,1949,1952,,man
3257,Ossian Sehlstedt,Socialdemokraterna,Södermanlands län,Andra kammaren,1949,1952,,man
3258,Patrik Svensson,Socialdemokraterna,Älvsborgs läns norra,Andra kammaren,1949,1952,,man
3259,Paul Bergstrand,Folkpartiet Liberalerna,Östergötlands län,Andra kammaren,1949,1952,,man
3260,Pehr Johnsson i Kastanjegården,Folkpartiet Liberalerna,Blekinge län,Andra kammaren,1949,1952,,
3261,Per Edvin Sköld,Socialdemokraterna,Malmöhus län,Andra kammaren,1949,1952,,man
3262,Per Orgård (tidigare Persson),Socialdemokraterna,Gävleborgs län,Andra kammaren,1949,1952,,man
3263,Per Persson i Norrby,bf,Gävleborgs län,Andra kammaren,1949,1952,,man
3264,Per Svensson,bf,Gotlands län,Andra kammaren,1949,1952,,man
3265,Per-Hjalmar Fagerholm,h,Stockholms stad,Andra kammaren,1949,1952,,
3266,Ragnar Edenman,Socialdemokraterna,Uppsala län,Andra kammaren,1949,1952,,man
3267,Ragnar Ekström,Socialdemokraterna,Södermanlands län,Andra kammaren,1949,1952,,man
3268,Ragnar Huss,Folkpartiet Liberalerna,Fyrstadskretsen,Andra kammaren,1949,1952,,man
3269,Ragnar Persson,Socialdemokraterna,Hallands län,Andra kammaren,1949,1952,,man
3270,Ragnhild Sandström,Folkpartiet Liberalerna,Västerbottens län,Andra kammaren,1949,1952,,
3271,Robert Jansson,bf,Kopparbergs län,Andra kammaren,1949,1952,,man
3272,Rolf Edberg,Socialdemokraterna,Göteborgs stad,Andra kammaren,1949,1952,,man
3273,Ruben Swedberg,Folkpartiet Liberalerna,Örebro län,Andra kammaren,1949,1952,,man
3274,Rudolf Boman,Folkpartiet Liberalerna,Jönköpings län,Andra kammaren,1949,1952,,man
3275,Ruth Ager,Folkpartiet Liberalerna,Stockholms stad,Andra kammaren,1949,1952,,woman
3276,Sam Norup,bf,Kristianstads län,Andra kammaren,1949,1952,,man
3277,Sigfrid Jonsson,Socialdemokraterna,Jämtlands län,Andra kammaren,1949,1952,,
3278,Sigfrid Nordkvist,Folkpartiet Liberalerna,Kalmar län,Andra kammaren,1949,1952,,
3279,Sigurd Lindholm,Socialdemokraterna,Gävleborgs län,Andra kammaren,1949,1952,,man
3280,Sigvard Ohlsson,Socialdemokraterna,Kalmar län,Andra kammaren,1949,1952,,man
3281,Sture Henriksson,Socialdemokraterna,Stockholms stad,Andra kammaren,1949,1952,,man
3282,Sven Antby,Folkpartiet Liberalerna,Älvsborgs läns norra,Andra kammaren,1949,1952,,man
3283,Sven Gustafson,Folkpartiet Liberalerna,Göteborgs stad,Andra kammaren,1949,1952,,man
3284,Sven Hedqvist,Socialdemokraterna,Stockholms län,Andra kammaren,1949,1952,,man
3285,Sven Persson i Appuna,Socialdemokraterna,Östergötlands län,Andra kammaren,1949,1952,,man
3286,Sven Vigelsbo,bf,Västmanlands län,Andra kammaren,1949,1952,,man
3287,Sven Wedén,Folkpartiet Liberalerna,Södermanlands län,Andra kammaren,1949,1952,,man
3288,Tage Erlander,Socialdemokraterna,Stockholms stad,Andra kammaren,1949,1952,,man
3289,Tekla Torbrink,Socialdemokraterna,Kalmar län,Andra kammaren,1949,1952,,woman
3290,Thorwald Ekdahl,Socialdemokraterna,Kristianstads län,Andra kammaren,1949,1952,,
3291,Thure Andersson,Socialdemokraterna,Blekinge län,Andra kammaren,1949,1952,,man
3292,Tore Bengtsson,Socialdemokraterna,Hallands län,Andra kammaren,1949,1952,,man
3293,Torgil von Seth,h,Jönköpings län,Andra kammaren,1949,1952,,
3294,Torsten Nilsson,Socialdemokraterna,Stockholms stad,Andra kammaren,1949,1952,,
3295,Uddo Jacobson,Socialdemokraterna,Västerbottens län,Andra kammaren,1949,1952,,
3296,Verner Hedlund,Socialdemokraterna,Jämtlands län,Andra kammaren,1949,1952,,man
3297,Waldemar Svensson,Folkpartiet Liberalerna,Göteborgs och Bohus län,Andra kammaren,1949,1952,,man
3298,Walter Edström,h,Göteborgs stad,Andra kammaren,1949,1952,,man
3299,Walter Sundström,Socialdemokraterna,Skaraborgs län,Andra kammaren,1949,1952,,man
3300,Wiktor Mårtensson,Socialdemokraterna,Göteborgs och Bohus län,Andra kammaren,1949,1952,,man
3301,Yngve Häckner,Folkpartiet Liberalerna,Stockholms län,Andra kammaren,1949,1952,,man
3302,Yngve Larsson,Folkpartiet Liberalerna,Stockholms stad,Andra kammaren,1949,1952,,man
3303,ersatt av: John Anderson i Sundsvall (från 1951),ersatt av: John Anderson i Sundsvall,Västernorrlands län,Andra kammaren,1949,1952,,
3304,Åke Olofsson,Socialdemokraterna,Malmöhus län,Andra kammaren,1949,1952,,man
3305,Åke Wiberg,h,Fyrstadskretsen,Andra kammaren,1949,1952,,man
3306,Abel Andersson,Socialdemokraterna,Jönköpings län,Andra kammaren,1953,1956,,man
3307,Adolf Wallentheim,Socialdemokraterna,Stockholms län,Andra kammaren,1953,1956,,man
3308,Adolv Olsson,Socialdemokraterna,Gävleborgs län,Andra kammaren,1953,1956,,
3309,Alarik Hagård,h,Älvsborgs läns södra,Andra kammaren,1953,1956,,
3310,Alf Andersson,Socialdemokraterna,Västernorrlands län,Andra kammaren,1953,1956,,man
3311,Algot Gunnarsson i Nälden,Folkpartiet Liberalerna,Jämtlands län,Andra kammaren,1953,1956,,man
3312,Anders Olsson,Folkpartiet Liberalerna,Kopparbergs län,Andra kammaren,1953,1956,,man
3313,Anders Pettersson,bf,Hallands län,Andra kammaren,1953,1956,,man
3314,Arthur Sköldin,Socialdemokraterna,Stockholms län,Andra kammaren,1953,1956,,man
3315,Arthur Widén,Folkpartiet Liberalerna,Värmlands län,Andra kammaren,1953,1956,,man
3316,Artur Lundqvist,Socialdemokraterna,Älvsborgs läns norra,Andra kammaren,1953,1956,,man
3317,Arvid Andersson,Socialdemokraterna,Värmlands län,Andra kammaren,1953,1956,,man
3318,Arvid Jonsson,bf,Kalmar län,Andra kammaren,1953,1956,,man
3319,August Spångberg,Socialdemokraterna,Värmlands län,Andra kammaren,1953,1956,,man
3320,Axel Gustafsson i Borås,Folkpartiet Liberalerna,Älvsborgs läns södra,Andra kammaren,1953,1956,,man
3321,Axel Jansson,Socialdemokraterna,Örebro län,Andra kammaren,1953,1956,,man
3322,Axel Landgren,Socialdemokraterna,Malmöhus län,Andra kammaren,1953,1956,,man
3323,Axel Rubbestad,bf,Älvsborgs läns norra,Andra kammaren,1953,1956,,man
3324,Bengt Arweson,Socialdemokraterna,Gotlands län,Andra kammaren,1953,1956,,man
3325,Bengt Sjölin,Folkpartiet Liberalerna,Älvsborgs läns norra,Andra kammaren,1953,1956,,man
3326,Bertil Ohlin,Folkpartiet Liberalerna,Stockholms stad,Andra kammaren,1953,1956,,man
3327,Bertil von Friesen,Folkpartiet Liberalerna,Göteborg,Andra kammaren,1953,1956,,man
3328,Birger Gezelius,h,Kopparbergs län,Andra kammaren,1953,1956,,man
3329,Birger Nilsson,Socialdemokraterna,Jämtlands län,Andra kammaren,1953,1956,,man
3330,Birger Utbult,Folkpartiet Liberalerna,Bohuslän,Andra kammaren,1953,1956,,man
3331,Brita Elmén,Folkpartiet Liberalerna,Göteborg,Andra kammaren,1953,1956,,
3332,C.W. Carlsson,Folkpartiet Liberalerna,Stockholms stad,Andra kammaren,1953,1956,,
3333,Carl Christenson,Folkpartiet Liberalerna,Fyrstadskretsen,Andra kammaren,1953,1956,,man
3334,Carl Hoppe,Socialdemokraterna,Östergötlands län,Andra kammaren,1953,1956,,man
3335,Carl Johansson,Socialdemokraterna,Bohuslän,Andra kammaren,1953,1956,,man
3336,Carl Lindberg,Socialdemokraterna,Stockholms stad,Andra kammaren,1953,1956,,man
3337,Carl Olof Carlsson,bf,Bohuslän,Andra kammaren,1953,1956,,man
3338,Carl Schmidt,Folkpartiet Liberalerna,Göteborg,Andra kammaren,1953,1956,,man
3339,Carl Östlund,h,Västerbottens län,Andra kammaren,1953,1956,,man
3340,Carl-Erik Johansson,Socialdemokraterna,Stockholms län,Andra kammaren,1953,1956,,
3341,David Hall,Socialdemokraterna,Västmanlands län,Andra kammaren,1953,1956,,man
3342,Disa Västberg,Socialdemokraterna,Stockholms stad,Andra kammaren,1953,1956,,woman
3343,Edith Liljedahl,Folkpartiet Liberalerna,Gävleborgs län,Andra kammaren,1953,1956,,woman
3344,Edvard Mårtensson,Folkpartiet Liberalerna,Kristianstads län,Andra kammaren,1953,1956,,man
3345,Edvin Gustafsson,Socialdemokraterna,Jönköpings län,Andra kammaren,1953,1956,,man
3346,Edvin Jacobsson,Folkpartiet Liberalerna,Uppsala län,Andra kammaren,1953,1956,,man
3347,Einar Andersson i Hyssna,Socialdemokraterna,Älvsborgs läns södra,Andra kammaren,1953,1956,,man
3348,Einar Asp,Socialdemokraterna,Gävleborgs län,Andra kammaren,1953,1956,,man
3349,Einar Haeggblom,h,Kalmar län,Andra kammaren,1953,1956,,man
3350,Einar Rimmerfors,Folkpartiet Liberalerna,Stockholms stad,Andra kammaren,1953,1956,,man
3351,Eivor Wallin,Socialdemokraterna,Uppsala län,Andra kammaren,1953,1956,,
3352,Ejnar Johanson,Socialdemokraterna,Kalmar län,Andra kammaren,1953,1956,,
3353,Elin Eriksson,Socialdemokraterna,Västmanlands län,Andra kammaren,1953,1956,,woman
3354,Elis Håstad,h,Stockholms stad,Andra kammaren,1953,1956,,man
3355,Ellen Svedberg,Socialdemokraterna,Södermanlands län,Andra kammaren,1953,1956,,woman
3356,Elsa Ewerlöf,h,Stockholms stad,Andra kammaren,1953,1956,,woman
3357,Elsa Johansson,Socialdemokraterna,Östergötlands län,Andra kammaren,1953,1956,,woman
3358,Elsa Lindskog,Socialdemokraterna,Kopparbergs län,Andra kammaren,1953,1956,,woman
3359,Emanuel Birke,h,Stockholms län,Andra kammaren,1953,1956,,man
3360,Emil Malmborg,Socialdemokraterna,Stockholms stad,Andra kammaren,1953,1956,,man
3361,Eric Johanson,Socialdemokraterna,Kalmar län,Andra kammaren,1953,1956,,man
3362,Eric Nelander,Folkpartiet Liberalerna,Malmöhus län,Andra kammaren,1953,1956,,man
3363,Eric Nilsson,h,Malmöhus län,Andra kammaren,1953,1956,,man
3364,Erik Adamsson,Socialdemokraterna,Fyrstadskretsen,Andra kammaren,1953,1956,,man
3365,Erik Brandt,Socialdemokraterna,Örebro län,Andra kammaren,1953,1956,,man
3366,Erik Fast,Socialdemokraterna,Jönköpings län,Andra kammaren,1953,1956,,man
3367,Erik Hagberg,h,Fyrstadskretsen,Andra kammaren,1953,1956,,man
3368,Erik Karlsson,Socialdemokraterna,Blekinge län,Andra kammaren,1953,1956,,man
3369,Erik Magnusson,h,Kronobergs län,Andra kammaren,1953,1956,,man
3370,Erik Norén,Socialdemokraterna,Västernorrlands län,Andra kammaren,1953,1956,,man
3371,Erik Nygren,h,Stockholms stad,Andra kammaren,1953,1956,,man
3372,Erik Severin,Socialdemokraterna,Gävleborgs län,Andra kammaren,1953,1956,,man
3373,Erik Strandh,Folkpartiet Liberalerna,Kronobergs län,Andra kammaren,1953,1956,,man
3374,Erik Östrand,Socialdemokraterna,Kopparbergs län,Andra kammaren,1953,1956,,man
3375,Ernst Jacobsson,Socialdemokraterna,Västmanlands län,Andra kammaren,1953,1956,,man
3376,Ernst Staxäng (tidigare Olsson),h,Bohuslän,Andra kammaren,1953,1956,,man
3377,Eskil Eriksson,Socialdemokraterna,Stockholms län,Andra kammaren,1953,1956,,man
3378,Etty Eriksson,Socialdemokraterna,Kristianstads län,Andra kammaren,1953,1956,,
3379,Eva Karlsson,h,Fyrstadskretsen,Andra kammaren,1953,1956,,woman
3380,Filip Kristensson,Folkpartiet Liberalerna,Kristianstads län,Andra kammaren,1953,1956,,man
3381,Folke Kyling,h,Stockholms stad,Andra kammaren,1953,1956,,man
3382,Folke Nihlfors,Folkpartiet Liberalerna,Stockholms stad,Andra kammaren,1953,1956,,man
3383,Frans Severin,Socialdemokraterna,Stockholms stad,Andra kammaren,1953,1956,,man
3384,Fridolf Jansson,bf,Kronobergs län,Andra kammaren,1953,1956,,man
3385,Fridolf Johansson,Folkpartiet Liberalerna,Västernorrlands län,Andra kammaren,1953,1956,,man
3386,Fridolf Thapper,Socialdemokraterna,Östergötlands län,Andra kammaren,1953,1956,,man
3387,Fritz Persson,Socialdemokraterna,Kronobergs län,Andra kammaren,1953,1956,,man
3388,Gerda Höjer,Folkpartiet Liberalerna,Stockholms stad,Andra kammaren,1953,1956,,woman
3389,Gerda Nilsson,k,Gävleborgs län,Andra kammaren,1953,1956,,woman
3390,Gunnar Engkvist,Socialdemokraterna,Kristianstads län,Andra kammaren,1953,1956,,man
3391,Gunnar Ericsson,bf,Kalmar län,Andra kammaren,1953,1956,,man
3392,Gunnar Hedlund,bf,Västernorrlands län,Andra kammaren,1953,1956,,man
3393,Gunnar Helén,Folkpartiet Liberalerna,Stockholms län,Andra kammaren,1953,1956,,man
3394,Gunnar Larsson,Centerpartiet,Skaraborgs län,Andra kammaren,1953,1956,,man
3395,Gunnel Olsson,Socialdemokraterna,Stockholms län,Andra kammaren,1953,1956,,
3396,Gustaf Kollberg,Folkpartiet Liberalerna,Stockholms stad,Andra kammaren,1953,1956,,man
3397,Gustaf Larsson,Socialdemokraterna,Södermanlands län,Andra kammaren,1953,1956,,man
3398,Gustaf Nilson,h,Hallands län,Andra kammaren,1953,1956,,man
3399,Gustaf Nilsson,Socialdemokraterna,Värmlands län,Andra kammaren,1953,1956,,man
3400,Gustaf Svensson i Vä,bf,Jönköpings län,Andra kammaren,1953,1956,,man
3401,Gustav Johansson,k,Stockholms stad,Andra kammaren,1953,1956,,man
3402,Gösta Andersson,Socialdemokraterna,Bohuslän,Andra kammaren,1953,1956,,man
3403,Gösta Netzén,Socialdemokraterna,Fyrstadskretsen,Andra kammaren,1953,1956,,man
3404,Gösta Skoglund,Socialdemokraterna,Västerbottens län,Andra kammaren,1953,1956,,man
3405,Gösta Åqvist,Folkpartiet Liberalerna,Örebro län,Andra kammaren,1953,1956,,man
3406,H. Nordqvist,h,Örebro län,Andra kammaren,1953,1956,,
3407,Hans Gustafsson,Socialdemokraterna,Stockholms stad,Andra kammaren,1953,1956,,man
3408,Hans Levin,Socialdemokraterna,Malmöhus län,Andra kammaren,1953,1956,,man
3409,Harald Almgren,Socialdemokraterna,Jönköpings län,Andra kammaren,1953,1956,,man
3410,Harald Andersson,bf,Södermanlands län,Andra kammaren,1953,1956,,man
3411,Harald Hallén,Socialdemokraterna,Värmlands län,Andra kammaren,1953,1956,,man
3412,Harald Kärrlander,Socialdemokraterna,Västernorrlands län,Andra kammaren,1953,1956,,man
3413,Harald Larsson,bf,Norrbottens län,Andra kammaren,1953,1956,,man
3414,Harry Carlsson,Folkpartiet Liberalerna,Skaraborgs län,Andra kammaren,1953,1956,,man
3415,Helga Sjöstrand,Folkpartiet Liberalerna,Jönköpings län,Andra kammaren,1953,1956,,woman
3416,Helge Lindström,Socialdemokraterna,Jämtlands län,Andra kammaren,1953,1956,,man
3417,Helmer Holmberg,k,Norrbottens län,Andra kammaren,1953,1956,,man
3418,Helmer Johansson,bf,Västerbottens län,Andra kammaren,1953,1956,,man
3419,Henning Gustafsson,Folkpartiet Liberalerna,Västerbottens län,Andra kammaren,1953,1956,,man
3420,Henrik Munktell,h,Uppsala län,Andra kammaren,1953,1956,,man
3421,Henry Allard,Socialdemokraterna,Örebro län,Andra kammaren,1953,1956,,man
3422,Hernfrid Bark,Socialdemokraterna,Västmanlands län,Andra kammaren,1953,1956,,
3423,Hilding Hagberg,k,Stockholms stad,Andra kammaren,1953,1956,,man
3424,Hildur Ericsson,Socialdemokraterna,Norrbottens län,Andra kammaren,1953,1956,,
3425,Hjalmar Gustafson,Socialdemokraterna,Kronobergs län,Andra kammaren,1953,1956,,man
3426,Hjalmar Åhman,Folkpartiet Liberalerna,Stockholms län,Andra kammaren,1953,1956,,man
3427,Holger Adolfsson,bf,Värmlands län,Andra kammaren,1953,1956,,man
3428,Ingemar Andersson,Socialdemokraterna,Östergötlands län,Andra kammaren,1953,1956,,man
3429,Ingemund Bengtsson,Socialdemokraterna,Hallands län,Andra kammaren,1953,1956,,man
3430,Ingrid Andrén,Folkpartiet Liberalerna,Västmanlands län,Andra kammaren,1953,1956,,woman
3431,Ivar Jansson,Socialdemokraterna,Norrbottens län,Andra kammaren,1953,1956,,man
3432,Ivar Johansson,bf,Östergötlands län,Andra kammaren,1953,1956,,man
3433,James Dickson,h,Älvsborgs läns norra,Andra kammaren,1953,1956,,man
3434,Jarl Hjalmarson,h,Stockholms län,Andra kammaren,1953,1956,,man
3435,Jean Braconier,h,Fyrstadskretsen,Andra kammaren,1953,1956,,
3436,Jerker Svensson,Socialdemokraterna,Göteborg,Andra kammaren,1953,1956,,
3437,Johan Ahlsten,Folkpartiet Liberalerna,Gotlands län,Andra kammaren,1953,1956,,man
3438,Johannes Blidfors,Socialdemokraterna,Fyrstadskretsen,Andra kammaren,1953,1956,,man
3439,Johannes Onsjö (tidigare Johansson),bf,Skaraborgs län,Andra kammaren,1953,1956,,man
3440,John Andersson,Socialdemokraterna,Västernorrlands län,Andra kammaren,1953,1956,,man
3441,John Ericsson i Kinna,Socialdemokraterna,Älvsborgs läns södra,Andra kammaren,1953,1956,,man
3442,John G. Löfroth,Folkpartiet Liberalerna,Norrbottens län,Andra kammaren,1953,1956,,man
3443,John Lundberg,Socialdemokraterna,Uppsala län,Andra kammaren,1953,1956,,man
3444,John Pettersson,bf,Jönköpings län,Andra kammaren,1953,1956,,man
3445,John R. Andersson i Sundsvall,Folkpartiet Liberalerna,Västernorrlands län,Andra kammaren,1953,1956,,man
3446,Jöns Nilsson,h,Kristianstads län,Andra kammaren,1953,1956,,
3447,Karin Wetterström,h,Östergötlands län,Andra kammaren,1953,1956,,woman
3448,Karl Andersson i Björkäng,Socialdemokraterna,Örebro län,Andra kammaren,1953,1956,,man
3449,Karl Bergström,Socialdemokraterna,Fyrstadskretsen,Andra kammaren,1953,1956,,man
3450,Karl Jönsson,Socialdemokraterna,Kristianstads län,Andra kammaren,1953,1956,,man
3451,Karl Kilsmo,Folkpartiet Liberalerna,Södermanlands län,Andra kammaren,1953,1956,,man
3452,Karl Nilsson,Socialdemokraterna,Fyrstadskretsen,Andra kammaren,1953,1956,,man
3453,Karl Ward,Socialdemokraterna,Östergötlands län,Andra kammaren,1953,1956,,man
3454,Knut Senander,k,Göteborg,Andra kammaren,1953,1956,,man
3455,Lars Jonsson,Socialdemokraterna,Västernorrlands län,Andra kammaren,1953,1956,,man
3456,Leif Cassel,h,Värmlands län,Andra kammaren,1953,1956,,man
3457,Lisa Johansson,Socialdemokraterna,Skaraborgs län,Andra kammaren,1953,1956,,woman
3458,Manne Ståhl,Folkpartiet Liberalerna,Värmlands län,Andra kammaren,1953,1956,,man
3459,Margit Vinge,Folkpartiet Liberalerna,Stockholms län,Andra kammaren,1953,1956,,
3460,Martin Larsson,Folkpartiet Liberalerna,Stockholms stad,Andra kammaren,1953,1956,,man
3461,Martin Skoglund,h,Östergötlands län,Andra kammaren,1953,1956,,man
3462,Märta Boman,h,Norrbottens län,Andra kammaren,1953,1956,,woman
3463,Märta Öberg,Socialdemokraterna,Göteborg,Andra kammaren,1953,1956,,woman
3464,Nancy Eriksson,Socialdemokraterna,Stockholms stad,Andra kammaren,1953,1956,,woman
3465,Nils Agerberg,h,Jämtlands län,Andra kammaren,1953,1956,,man
3466,Nils Fröding,h,Västernorrlands län,Andra kammaren,1953,1956,,man
3467,Nils G. Hansson i Skegrie,bf,Malmöhus län,Andra kammaren,1953,1956,,man
3468,Nils Nestrup,Folkpartiet Liberalerna,Hallands län,Andra kammaren,1953,1956,,man
3469,Nils Odhe,Socialdemokraterna,Skaraborgs län,Andra kammaren,1953,1956,,man
3470,Nils Stenberg,Folkpartiet Liberalerna,Gävleborgs län,Andra kammaren,1953,1956,,man
3471,Olaus Nyberg,Folkpartiet Liberalerna,Blekinge län,Andra kammaren,1953,1956,,man
3472,Olle Dahlén,Folkpartiet Liberalerna,Stockholms stad,Andra kammaren,1953,1956,,man
3473,Olof Andersson i Malmö,Socialdemokraterna,Fyrstadskretsen,Andra kammaren,1953,1956,,man
3474,Olof Andreasson,Socialdemokraterna,Göteborg,Andra kammaren,1953,1956,,man
3475,Olof Gavelin,Socialdemokraterna,Norrbottens län,Andra kammaren,1953,1956,,man
3476,Olof Hammar,Folkpartiet Liberalerna,Kopparbergs län,Andra kammaren,1953,1956,,man
3477,Olof Nilsson i Göteborg,Socialdemokraterna,Göteborg,Andra kammaren,1953,1956,,man
3478,Olof Persson,Socialdemokraterna,Kopparbergs län,Andra kammaren,1953,1956,,man
3479,Olof Wiklund,Socialdemokraterna,Norrbottens län,Andra kammaren,1953,1956,,man
3480,Olov Rylander,Folkpartiet Liberalerna,Västmanlands län,Andra kammaren,1953,1956,,man
3481,Oscar Malmborg,Folkpartiet Liberalerna,Skaraborgs län,Andra kammaren,1953,1956,,man
3482,Oskar Åkerström,Socialdemokraterna,Västerbottens län,Andra kammaren,1953,1956,,man
3483,Ossian Sehlstedt,Socialdemokraterna,Södermanlands län,Andra kammaren,1953,1956,,man
3484,Patrik Svensson,Socialdemokraterna,Älvsborgs läns norra,Andra kammaren,1953,1956,,man
3485,Paul Bergstrand,Folkpartiet Liberalerna,Östergötlands län,Andra kammaren,1953,1956,,man
3486,Pehr Johnsson i Kastanjegården,Folkpartiet Liberalerna,Blekinge län,Andra kammaren,1953,1956,,
3487,Per Edvin Sköld,Socialdemokraterna,Malmöhus län,Andra kammaren,1953,1956,,man
3488,Per Orgård (tidigare Persson),Socialdemokraterna,Gävleborgs län,Andra kammaren,1953,1956,,man
3489,Per Persson i Norrby,bf,Gävleborgs län,Andra kammaren,1953,1956,,man
3490,Per Svensson,bf,Gotlands län,Andra kammaren,1953,1956,,man
3491,Ragnar Edenman,Socialdemokraterna,Uppsala län,Andra kammaren,1953,1956,,man
3492,Ragnar Ekström,Socialdemokraterna,Södermanlands län,Andra kammaren,1953,1956,,man
3493,Ragnhild Sandström,Folkpartiet Liberalerna,Västerbottens län,Andra kammaren,1953,1956,,
3494,Robert Jansson,bf,Kopparbergs län,Andra kammaren,1953,1956,,man
3495,Rolf Edberg,Socialdemokraterna,Göteborg,Andra kammaren,1953,1956,,man
3496,Rolf Eliasson,h,Skaraborgs län,Andra kammaren,1953,1956,,man
3497,Ruben Swedberg,Folkpartiet Liberalerna,Örebro län,Andra kammaren,1953,1956,,man
3498,Ruth Ager,Folkpartiet Liberalerna,Stockholms stad,Andra kammaren,1953,1956,,woman
3499,Sam Norup,bf,Kristianstads län,Andra kammaren,1953,1956,,man
3500,Samuel Norrby,Folkpartiet Liberalerna,Stockholms län,Andra kammaren,1953,1956,,man
3501,Sigfrid Jonsson,Socialdemokraterna,Jämtlands län,Andra kammaren,1953,1956,,
3502,Sigfrid Löfgren,Folkpartiet Liberalerna,Fyrstadskretsen,Andra kammaren,1953,1956,,
3503,Sigfrid Nordkvist,Folkpartiet Liberalerna,Kalmar län,Andra kammaren,1953,1956,,
3504,Sigurd Lindholm,Socialdemokraterna,Gävleborgs län,Andra kammaren,1953,1956,,man
3505,Sigvard Rimås,Folkpartiet Liberalerna,Östergötlands län,Andra kammaren,1953,1956,,man
3506,Stig Hansson,bf,Malmöhus län,Andra kammaren,1953,1956,,man
3507,Sture Henriksson,Socialdemokraterna,Stockholms stad,Andra kammaren,1953,1956,,man
3508,Sven A. Svensson,h,Kalmar län,Andra kammaren,1953,1956,,man
3509,Sven Antby,Folkpartiet Liberalerna,Älvsborgs läns norra,Andra kammaren,1953,1956,,man
3510,Sven Gustafson,Folkpartiet Liberalerna,Göteborg,Andra kammaren,1953,1956,,man
3511,Sven Hedqvist,Socialdemokraterna,Stockholms län,Andra kammaren,1953,1956,,man
3512,Sven Mellqvist,Socialdemokraterna,Kopparbergs län,Andra kammaren,1953,1956,,man
3513,Sven Persson,Socialdemokraterna,Östergötlands län,Andra kammaren,1953,1956,,man
3514,Sven Vigelsbo,bf,Västmanlands län,Andra kammaren,1953,1956,,man
3515,Sven Wedén,Folkpartiet Liberalerna,Södermanlands län,Andra kammaren,1953,1956,,man
3516,Tage Erlander,Socialdemokraterna,Stockholms stad,Andra kammaren,1953,1956,,man
3517,Tekla Torbrink,Socialdemokraterna,Kalmar län,Andra kammaren,1953,1956,,woman
3518,Thorwald Ekdahl,Socialdemokraterna,Kristianstads län,Andra kammaren,1953,1956,,
3519,Thyra Löfqvist,Socialdemokraterna,Blekinge län,Andra kammaren,1953,1956,,woman
3520,Tore Bengtsson,Socialdemokraterna,Hallands län,Andra kammaren,1953,1956,,man
3521,Torgil von Seth,h,Jönköpings län,Andra kammaren,1953,1956,,
3522,Torsten Andersson,bf,Älvsborgs läns södra,Andra kammaren,1953,1956,,
3523,Torsten Fredriksson,Socialdemokraterna,Kopparbergs län,Andra kammaren,1953,1956,,
3524,Torsten Nilsson,Socialdemokraterna,Stockholms stad,Andra kammaren,1953,1956,,
3525,Ture Andersson,Socialdemokraterna,Blekinge län,Andra kammaren,1953,1956,,man
3526,Ture Königson,Folkpartiet Liberalerna,Göteborg,Andra kammaren,1953,1956,,man
3527,Uddo Jacobson,Socialdemokraterna,Västerbottens län,Andra kammaren,1953,1956,,
3528,Viola Sandell,Socialdemokraterna,Värmlands län,Andra kammaren,1953,1956,,woman
3529,Waldemar Svensson,Folkpartiet Liberalerna,Bohuslän,Andra kammaren,1953,1956,,man
3530,Walter Edström,h,Göteborg,Andra kammaren,1953,1956,,man
3531,Walter Sundström,Socialdemokraterna,Skaraborgs län,Andra kammaren,1953,1956,,man
3532,Wiktor Mårtensson,Socialdemokraterna,Bohuslän,Andra kammaren,1953,1956,,man
3533,Yngve Hamrin,Folkpartiet Liberalerna,Jönköpings län,Andra kammaren,1953,1956,,man
3534,ersatt av: Lena Renström-Ingenäs,Socialdemokraterna,Örebro län,Andra kammaren,1953,1956,,
3535,Åke Olofsson,Socialdemokraterna,Malmöhus län,Andra kammaren,1953,1956,,man
3536,Alfred Nilsson,Folkpartiet Liberalerna,Malmöhus län,Första kammaren,1954,1960,,man
3537,Allan Grönkvist,Socialdemokraterna,Värmlands län,Första kammaren,1954,1960,,man
3538,Alvar Andersson (politiker),bf,Kronobergs och Hallands län,Första kammaren,1954,1960,,man
3539,Alvar Mårtensson,Socialdemokraterna,Malmöhus län,Första kammaren,1954,1960,,man
3540,Anders Johansson,Folkpartiet Liberalerna,Älvsborgs län,Första kammaren,1954,1960,,man
3541,Anna Sjöström-Bengtsson,Socialdemokraterna,Göteborg,Första kammaren,1954,1960,,woman
3542,Annie Wallentheim,Socialdemokraterna,Stockholms län,Första kammaren,1954,1960,,woman
3543,Anselm Gillström,Socialdemokraterna,Västernorrlands och Jämtlands län,Första kammaren,1954,1960,,man
3544,Anton Norling,k,Göteborg,Första kammaren,1954,1960,,man
3545,Arne Geijer,Socialdemokraterna,Stockholms län,Första kammaren,1954,1960,,man
3546,Axel Andersson i Örnsköldsvik,Folkpartiet Liberalerna,Västernorrlands och Jämtlands län,Första kammaren,1954,1960,,man
3547,Axel E. Svensson,Socialdemokraterna,Malmöhus län,Första kammaren,1954,1960,,man
3548,Axel Jansson,Socialdemokraterna,Örebro län,Första kammaren,1954,1960,,man
3549,Axel Mannerskantz,h,Kalmar och Gotlands län,Första kammaren,1954,1960,,man
3550,Axel Strand,Socialdemokraterna,Stockholms stad,Första kammaren,1954,1960,,man
3551,Bengt Elmgren,Socialdemokraterna,Östergötlands län,Första kammaren,1954,1960,,man
3552,Bernhard Näsgård,bf,Gävleborgs län,Första kammaren,1954,1960,,man
3553,Bertil Andersson,Socialdemokraterna,Sörmlands och Västmanlands län,Första kammaren,1954,1960,,man
3554,Bertil Mogård,Socialdemokraterna,Stockholms stad,Första kammaren,1954,1960,,man
3555,Birger Andersson,Socialdemokraterna,Skaraborgs län,Första kammaren,1954,1960,,man
3556,Birger Lundström,Folkpartiet Liberalerna,Stockholms stad,Första kammaren,1954,1960,,man
3557,Carl Albert Anderson,Socialdemokraterna,Stockholms stad,Första kammaren,1954,1960,,man
3558,Carl Eskilsson,h,Östergötlands län,Första kammaren,1954,1960,,man
3559,Carl Olsén,Socialdemokraterna,Västernorrlands och Jämtlands län,Första kammaren,1954,1960,,man
3560,Dagmar Ranmark,Socialdemokraterna,Värmlands län,Första kammaren,1954,1960,,
3561,David Ollén,Folkpartiet Liberalerna,Stockholms stad,Första kammaren,1954,1960,,man
3562,Ebbe Ohlsson,h,Kronobergs och Hallands län,Första kammaren,1954,1960,,man
3563,Ebon Andersson,h,Stockholms stad,Första kammaren,1954,1960,,
3564,Edgar Sjödahl,Socialdemokraterna,Göteborg,Första kammaren,1954,1960,,man
3565,Edvin Thun,Socialdemokraterna,Stockholms län,Första kammaren,1954,1960,,man
3566,Einar Danmans,Folkpartiet Liberalerna,Gävleborgs län,Första kammaren,1954,1960,,man
3567,Einar Eriksson,Socialdemokraterna,Stockholms län,Första kammaren,1954,1960,,man
3568,Einar Persson,Socialdemokraterna,Kopparbergs län,Första kammaren,1954,1960,,man
3569,Emanuel Birke,h,Stockholms län,Första kammaren,1954,1960,,man
3570,Emil Ahlkvist,Socialdemokraterna,Malmöhus län,Första kammaren,1954,1960,,man
3571,Emil Näsström,Socialdemokraterna,Västernorrlands och Jämtlands län,Första kammaren,1954,1960,,man
3572,Eric Holmqvist,Socialdemokraterna,Malmöhus län,Första kammaren,1954,1960,,man
3573,Eric Mossberger,Socialdemokraterna,Kronobergs och Hallands län,Första kammaren,1954,1960,,man
3574,Erik Alexandersson,Folkpartiet Liberalerna,Stockholms län,Första kammaren,1954,1960,,man
3575,Erik Arrhén,h,Bohuslän,Första kammaren,1954,1960,,man
3576,Erik Englund,Folkpartiet Liberalerna,Stockholms stad,Första kammaren,1954,1960,,man
3577,Erik Hagberg,h,Malmöhus län,Första kammaren,1954,1960,,man
3578,Erik Jansson,Socialdemokraterna,Stockholms län,Första kammaren,1954,1960,,man
3579,Erik Lindblom,Folkpartiet Liberalerna,Kopparbergs län,Första kammaren,1954,1960,,man
3580,Erik Olsson i Krokom,Socialdemokraterna,Västernorrlands och Jämtlands län,Första kammaren,1954,1960,,man
3581,Erik Svedberg,Socialdemokraterna,Gävleborgs län,Första kammaren,1954,1960,,man
3582,Erik Wärnberg,Socialdemokraterna,Östergötlands län,Första kammaren,1954,1960,,man
3583,Fritiof Boo,Socialdemokraterna,Älvsborgs län,Första kammaren,1954,1960,,man
3584,Fritiof Domö,h,Skaraborgs län,Första kammaren,1954,1960,,man
3585,Fritiof Karlsson,bf,Kronobergs och Hallands län,Första kammaren,1954,1960,,man
3586,Georg Branting,Socialdemokraterna,Stockholms stad,Första kammaren,1954,1960,,man
3587,Georg Carlsson,bf,Sörmlands och Västmanlands län,Första kammaren,1954,1960,,man
3588,Georg Pettersson,Socialdemokraterna,Kalmar och Gotlands län,Första kammaren,1954,1960,,man
3589,Gerard de Geer,Folkpartiet Liberalerna,Värmlands län,Första kammaren,1954,1960,,
3590,Gunnar Berg,Socialdemokraterna,Blekinge och Kristianstads län,Första kammaren,1954,1960,,man
3591,Gunnar Lange,Socialdemokraterna,Malmöhus län,Första kammaren,1954,1960,,man
3592,Gunnar Lodenius,bf,Stockholms län,Första kammaren,1954,1960,,man
3593,Gunnar Spetz,Folkpartiet Liberalerna,Bohuslän,Första kammaren,1954,1960,,man
3594,Gunnar Sträng,Socialdemokraterna,Älvsborgs län,Första kammaren,1954,1960,,man
3595,Gunnar Svärd,h,Göteborg,Första kammaren,1954,1960,,man
3596,Gunnar Öhman,k,Göteborg,Första kammaren,1954,1960,,man
3597,Gustaf Andersson,Socialdemokraterna,Sörmlands och Västmanlands län,Första kammaren,1954,1960,,man
3598,Gustaf Elofsson,bf,Blekinge och Kristianstads län,Första kammaren,1954,1960,,man
3599,Gustaf Heüman,Socialdemokraterna,Jönköpings län,Första kammaren,1954,1960,,man
3600,Gustaf Karlsson,Socialdemokraterna,Bohuslän,Första kammaren,1954,1960,,man
3601,Gustaf Snygg,Socialdemokraterna,Kopparbergs län,Första kammaren,1954,1960,,man
3602,Gustaf Sundelin,Folkpartiet Liberalerna,Örebro län,Första kammaren,1954,1960,,man
3603,Gustav Fahlander,Socialdemokraterna,Sörmlands och Västmanlands län,Första kammaren,1954,1960,,man
3604,Gärda Svensson,bf,Kronobergs och Hallands län,Första kammaren,1954,1960,,
3605,Göran Karlsson,Socialdemokraterna,Jönköpings län,Första kammaren,1954,1960,,man
3606,Gösta Elfving,Socialdemokraterna,Stockholms stad,Första kammaren,1954,1960,,man
3607,Harry Apelqvist,Socialdemokraterna,Kalmar och Gotlands län,Första kammaren,1954,1960,,man
3608,Helmer Persson,k,Västerbottens och Norrbottens län,Första kammaren,1954,1960,,man
3609,Herbert Hermansson,bf,Bohuslän,Första kammaren,1954,1960,,man
3610,Hjalmar Nilsson,Socialdemokraterna,Västernorrlands och Jämtlands län,Första kammaren,1954,1960,,man
3611,Hjalmar Nyström,Socialdemokraterna,Västerbottens och Norrbottens län,Första kammaren,1954,1960,,man
3612,Hjalmar Weiland,Folkpartiet Liberalerna,Jönköpings län,Första kammaren,1954,1960,,man
3613,Hugo Osvald,Folkpartiet Liberalerna,Sörmlands och Västmanlands län,Första kammaren,1954,1960,,man
3614,Ingeborg Carlqvist,Socialdemokraterna,Malmöhus län,Första kammaren,1954,1960,,
3615,Ingrid Gärde Widemar,Folkpartiet Liberalerna,Stockholms stad,Första kammaren,1954,1960,,woman
3616,Ivar Johansson,bf,Östergötlands län,Första kammaren,1954,1960,,man
3617,Ivar Persson,bf,Malmöhus län,Första kammaren,1954,1960,,man
3618,Jakob Grym,Socialdemokraterna,Västerbottens och Norrbottens län,Första kammaren,1954,1960,,man
3619,Johan Kronstrand,Folkpartiet Liberalerna,Älvsborgs län,Första kammaren,1954,1960,,man
3620,Johan Persson,Folkpartiet Liberalerna,Sörmlands och Västmanlands län,Första kammaren,1954,1960,,man
3621,Johan Sunne,Folkpartiet Liberalerna,Östergötlands län,Första kammaren,1954,1960,,man
3622,John Bergvall,Folkpartiet Liberalerna,Stockholms stad,Första kammaren,1954,1960,,man
3623,John W. Jonsson,Socialdemokraterna,Kalmar och Gotlands län,Första kammaren,1954,1960,,man
3624,Jon Jonsson i Fjäle,Socialdemokraterna,Gävleborgs län,Första kammaren,1954,1960,,man
3625,Josef Nord,Folkpartiet Liberalerna,Skaraborgs län,Första kammaren,1954,1960,,man
3626,Justus Lindgren,Socialdemokraterna,Skaraborgs län,Första kammaren,1954,1960,,man
3627,Karl Andersson i Rixö,Socialdemokraterna,Bohuslän,Första kammaren,1954,1960,,man
3628,Karl Damström,Socialdemokraterna,Kopparbergs län,Första kammaren,1954,1960,,man
3629,Knut Ewerlöf,h,Stockholms stad,Första kammaren,1954,1960,,man
3630,Knut Hesselbom,Socialdemokraterna,Älvsborgs län,Första kammaren,1954,1960,,man
3631,Knut Johansson,Socialdemokraterna,Stockholms stad,Första kammaren,1954,1960,,man
3632,Lage Svedberg,Socialdemokraterna,Västerbottens och Norrbottens län,Första kammaren,1954,1960,,man
3633,Lars Eliasson,bf,Kopparbergs län,Första kammaren,1954,1960,,man
3634,Lars Larsson i Lotorp,Socialdemokraterna,Östergötlands län,Första kammaren,1954,1960,,man
3635,Lars Lindahl,Socialdemokraterna,Örebro län,Första kammaren,1954,1960,,man
3636,Laur Franzon,Socialdemokraterna,Stockholms län,Första kammaren,1954,1960,,
3637,Margret Nilsson,bf,Örebro län,Första kammaren,1954,1960,,
3638,Martin Söderquist,Folkpartiet Liberalerna,Stockholms län,Första kammaren,1954,1960,,man
3639,Nils Aastrup,Folkpartiet Liberalerna,Stockholms stad,Första kammaren,1954,1960,,man
3640,Nils B. Hansson,Folkpartiet Liberalerna,Blekinge och Kristianstads län,Första kammaren,1954,1960,,man
3641,Nils Elowsson,Socialdemokraterna,Blekinge och Kristianstads län,Första kammaren,1954,1960,,man
3642,Nils Franzén,bf,Kalmar och Gotlands län,Första kammaren,1954,1960,,man
3643,Nils Strandler,Socialdemokraterna,Östergötlands län,Första kammaren,1954,1960,,man
3644,Nils Ståhle,Socialdemokraterna,Sörmlands och Västmanlands län,Första kammaren,1954,1960,,man
3645,Nils Theodor Larsson,bf,Kalmar och Gotlands län,Första kammaren,1954,1960,,man
3646,Nils-Eric Gustafsson,bf,Västerbottens och Norrbottens län,Första kammaren,1954,1960,,
3647,Olof Pålsson,bf,Västernorrlands och Jämtlands län,Första kammaren,1954,1960,,man
3648,Oscar Carlsson,Socialdemokraterna,Värmlands län,Första kammaren,1954,1960,,man
3649,Oscar Werner,bf,Värmlands län,Första kammaren,1954,1960,,man
3650,Otto Niklasson,bf,Älvsborgs län,Första kammaren,1954,1960,,man
3651,Per Bergman,Socialdemokraterna,Göteborg,Första kammaren,1954,1960,,man
3652,Per Jacobsson,Folkpartiet Liberalerna,Västerbottens och Norrbottens län,Första kammaren,1954,1960,,man
3653,Per Olofsson,Socialdemokraterna,Västernorrlands och Jämtlands län,Första kammaren,1954,1960,,man
3654,Ragnar Bergh,h,Västerbottens och Norrbottens län,Första kammaren,1954,1960,,man
3655,Ragnar Huss,Folkpartiet Liberalerna,Malmöhus län,Första kammaren,1954,1960,,man
3656,Ragnar Persson,Socialdemokraterna,Kronobergs och Hallands län,Första kammaren,1954,1960,,man
3657,Ragnar Sveningsson,h,Älvsborgs län,Första kammaren,1954,1960,,man
3658,Rickard Sandler,Socialdemokraterna,Gävleborgs län,Första kammaren,1954,1960,,man
3659,Rikard Svensson,Socialdemokraterna,Blekinge och Kristianstads län,Första kammaren,1954,1960,,man
3660,Robert Krügel,Socialdemokraterna,Örebro län,Första kammaren,1954,1960,,man
3661,Rudolf Anderberg,Socialdemokraterna,Malmöhus län,Första kammaren,1954,1960,,man
3662,Rudolf Boman,Folkpartiet Liberalerna,Jönköpings län,Första kammaren,1954,1960,,man
3663,Rune B. Johansson,Socialdemokraterna,Kronobergs och Hallands län,Första kammaren,1954,1960,,man
3664,Ruth Hamrin-Thorell,,Stockholms län,Första kammaren,1954,1960,,woman
3665,Sigfrid Larsson i Svalöv,bf,Malmöhus län,Första kammaren,1954,1960,,
3666,Sten Söderberg,Socialdemokraterna,Sörmlands och Västmanlands län,Första kammaren,1954,1960,,man
3667,Sten Wahlund,bf,Skaraborgs län,Första kammaren,1954,1960,,man
3668,Sten Åkesson,Folkpartiet Liberalerna,Blekinge och Kristianstads län,Första kammaren,1954,1960,,man
3669,Svante Kristiansson,Socialdemokraterna,Blekinge och Kristianstads län,Första kammaren,1954,1960,,man
3670,Sven Andersson,Socialdemokraterna,Sörmlands och Västmanlands län,Första kammaren,1954,1960,,man
3671,Sven Aspling,Socialdemokraterna,Kopparbergs län,Första kammaren,1954,1960,,man
3672,Sven Ohlon,Folkpartiet Liberalerna,Göteborg,Första kammaren,1954,1960,,man
3673,Sven Sundin,bf,Västernorrlands och Jämtlands län,Första kammaren,1954,1960,,man
3674,Theodor Johansson,bf,Jönköpings län,Första kammaren,1954,1960,,man
3675,Thore Sörlin,Socialdemokraterna,Västerbottens och Norrbottens län,Första kammaren,1954,1960,,
3676,Tor Wolgast,bf,Blekinge och Kristianstads län,Första kammaren,1954,1960,,man
3677,Torsten Andersson,bf,Älvsborgs län,Första kammaren,1954,1960,,
3678,Torsten Bengtsson,bf,Jönköpings län,Första kammaren,1954,1960,,
3679,Ulla Lindström,Socialdemokraterna,Stockholms stad,Första kammaren,1954,1960,,
3680,Uno Hedström,Socialdemokraterna,Västerbottens och Norrbottens län,Första kammaren,1954,1960,,man
3681,Uno Olofsson,Folkpartiet Liberalerna,Västerbottens och Norrbottens län,Första kammaren,1954,1960,,man
3682,Valter Åman,Socialdemokraterna,Stockholms stad,Första kammaren,1954,1960,,man
3683,Yngve Möller,Socialdemokraterna,Gävleborgs län,Första kammaren,1954,1960,,man
3684,Yngve Nilsson,h,Blekinge och Kristianstads län,Första kammaren,1954,1960,,man
3685,Östen Undén,Socialdemokraterna,Värmlands län,Första kammaren,1954,1960,,man
3686,Alvar Mårtensson,Socialdemokraterna,(mandatperiod 1956-1963),Första kammaren,1956,1962,,man
3687,Anders Johansson,Folkpartiet Liberalerna,(mandatperiod 1954-1961),Första kammaren,1956,1962,,man
3688,Annie Wallentheim,Socialdemokraterna,(mandatperiod 1955-1962),Första kammaren,1956,1962,,woman
3689,Anselm Gillström,Socialdemokraterna,(mandatperiod 1957-1964),Första kammaren,1956,1962,,man
3690,Arne Geijer,Socialdemokraterna,(mandatperiod 1955-1962),Första kammaren,1956,1962,,man
3691,Arvid Hellebladh,Socialdemokraterna,(mandatperiod 1952-1959),Första kammaren,1956,1962,,man
3692,Axel Andersson i Örnsköldsvik,Folkpartiet Liberalerna,(mandatperiod 1957-1964),Första kammaren,1956,1962,,man
3693,Axel E. Andersson,Centerpartiet,(mandatperiod 1953-1960),Första kammaren,1956,1962,,man
3694,Axel E. Svensson,Socialdemokraterna,(mandatperiod 1956-1963),Första kammaren,1956,1962,,man
3695,Axel Mannerskantz,h,(mandatperiod 1952-1959),Första kammaren,1956,1962,,man
3696,Axel Strand,Socialdemokraterna,(mandatperiod 1954-1961),Första kammaren,1956,1962,,man
3697,Bengt Elmgren,Socialdemokraterna,(mandatperiod 1957-1964),Första kammaren,1956,1962,,man
3698,Bengt Gustavsson,Socialdemokraterna,(mandatperiod 1956-1963),Första kammaren,1956,1962,,man
3699,Bertil Andersson,Socialdemokraterna,(mandatperiod 1956-1963),Första kammaren,1956,1962,,man
3700,Bertil Jonasson,Centerpartiet,(mandatperiod 1958-1965),Första kammaren,1956,1962,,man
3701,Bertil Mogård,Socialdemokraterna,(mandatperiod 1954-1961),Första kammaren,1956,1962,,man
3702,Bertil Petersson,Socialdemokraterna,(mandatperiod 1952-1959),Första kammaren,1956,1962,,man
3703,Birger Andersson,Socialdemokraterna,(mandatperiod 1952-1959),Första kammaren,1956,1962,,man
3704,Birger Lundström,Folkpartiet Liberalerna,(mandatperiod 1954-1961),Första kammaren,1956,1962,,man
3705,Bo Siegbahn,Socialdemokraterna,(mandatperiod 1954-1961),Första kammaren,1956,1962,,man
3706,Carl Albert Andersson,Socialdemokraterna,(mandatperiod 1954-1961),Första kammaren,1956,1962,,man
3707,Carl Eskilsson,h,(mandatperiod 1957-1964),Första kammaren,1956,1962,,man
3708,Carl Olsén,Socialdemokraterna,(mandatperiod 1957-1964),Första kammaren,1956,1962,,man
3709,Carl Schmidt,Folkpartiet Liberalerna,(mandatperiod 1959-1966),Första kammaren,1956,1962,,man
3710,Dagmar Ranmark,Socialdemokraterna,(mandatperiod 1958-1965),Första kammaren,1956,1962,,
3711,David Ollén,Folkpartiet Liberalerna,(mandatperiod 1954-1961),Första kammaren,1956,1962,,man
3712,Ebbe Ohlsson,h,(mandatperiod 1959-1966),Första kammaren,1956,1962,,man
3713,Ebon Andersson,h,(mandatperiod 1954-1961),Första kammaren,1956,1962,,
3714,Edvin Thun,Socialdemokraterna,(mandatperiod 1955-1962),Första kammaren,1956,1962,,man
3715,Einar Dahl,Socialdemokraterna,(mandatperiod 1958-1965),Första kammaren,1956,1962,,man
3716,Einar Danmans,Folkpartiet Liberalerna,(mandatperiod 1953-1960),Första kammaren,1956,1962,,man
3717,Einar Eriksson,Socialdemokraterna,(mandatperiod 1955-1962),Första kammaren,1956,1962,,man
3718,Einar Persson,Socialdemokraterna,(mandatperiod 1952-1959),Första kammaren,1956,1962,,man
3719,Emanuel Birke,h,(mandatperiod 1955-1962),Första kammaren,1956,1962,,man
3720,Emil Ahlkvist,Socialdemokraterna,(mandatperiod 1956-1963),Första kammaren,1956,1962,,man
3721,Emil Näsström,Socialdemokraterna,(mandatperiod 1957-1964),Första kammaren,1956,1962,,man
3722,Eric Holmqvist,Socialdemokraterna,(mandatperiod 1956-1963),Första kammaren,1956,1962,,man
3723,Eric Källqvist,Folkpartiet Liberalerna,(mandatperiod 1958-1965),Första kammaren,1956,1962,,man
3724,Eric Mossberger,Socialdemokraterna,(mandatperiod 1959-1966),Första kammaren,1956,1962,,man
3725,Erik Alexandersson,Folkpartiet Liberalerna,(mandatperiod 1955-1962),Första kammaren,1956,1962,,man
3726,Erik Boheman,Socialdemokraterna,(mandatperiod 1959-1966),Första kammaren,1956,1962,,man
3727,Erik Carlsson,Centerpartiet,(mandatperiod 1952-1959),Första kammaren,1956,1962,,man
3728,Erik Hagberg,h,(mandatperiod 1956-1963),Första kammaren,1956,1962,,man
3729,Erik Jansson,Socialdemokraterna,(mandatperiod 1955-1962),Första kammaren,1956,1962,,man
3730,Erik Lindblom,Folkpartiet Liberalerna,(mandatperiod 1952-1959),Första kammaren,1956,1962,,man
3731,Erik Olsson i Krokom,Socialdemokraterna,(mandatperiod 1957-1964),Första kammaren,1956,1962,,man
3732,Erik Svedberg,Socialdemokraterna,(mandatperiod 1953-1960),Första kammaren,1956,1962,,man
3733,Erik Wärnberg,Socialdemokraterna,(mandatperiod 1957-1964),Första kammaren,1956,1962,,man
3734,Ferdinand Nilsson,Centerpartiet,(mandatperiod 1955-1962),Första kammaren,1956,1962,,man
3735,Fridolf Wirmark,Socialdemokraterna,(mandatperiod 1959-1966),Första kammaren,1956,1962,,man
3736,Fritiof Boo,Socialdemokraterna,(mandatperiod 1954-1961),Första kammaren,1956,1962,,man
3737,Fritiof Domö,h,(mandatperiod 1952-1959),Första kammaren,1956,1962,,man
3738,Georg Branting,Socialdemokraterna,(mandatperiod 1954-1961),Första kammaren,1956,1962,,man
3739,Georg Carlsson,Centerpartiet,(mandatperiod 1956-1963),Första kammaren,1956,1962,,man
3740,Georg Pettersson,Socialdemokraterna,(mandatperiod 1952-1959),Första kammaren,1956,1962,,man
3741,Gunnar Andersson i Gustavsberg,Socialdemokraterna,(mandatperiod 1955-1962),Första kammaren,1956,1962,,man
3742,Gunnar Berg,Socialdemokraterna,(mandatperiod 1956-1963),Första kammaren,1956,1962,,man
3743,Gunnar Edström,Folkpartiet Liberalerna,(mandatperiod 1956-1963),Första kammaren,1956,1962,,man
3744,Gunnar Lange,Socialdemokraterna,(mandatperiod 1956-1963),Första kammaren,1956,1962,,man
3745,Gunnar Lodenius,Centerpartiet,(mandatperiod 1955-1962),Första kammaren,1956,1962,,man
3746,Gunnar Pettersson,Folkpartiet Liberalerna,(mandatperiod 1959-1966),Första kammaren,1956,1962,,man
3747,Gunnar Spetz,Folkpartiet Liberalerna,(mandatperiod 1958-1965),Första kammaren,1956,1962,,man
3748,Gunnar Sträng,Socialdemokraterna,(mandatperiod 1954-1961),Första kammaren,1956,1962,,man
3749,Gunnar Svärd,h,(mandatperiod 1958-1965),Första kammaren,1956,1962,,man
3750,Gunnar Öhman,k,(mandatperiod 1959-1966),Första kammaren,1956,1962,,man
3751,Gustaf Elofsson,Centerpartiet,(mandatperiod 1956-1963),Första kammaren,1956,1962,,man
3752,Gustaf Snygg,Socialdemokraterna,(mandatperiod 1952-1959),Första kammaren,1956,1962,,man
3753,Gustaf Sundelin,Folkpartiet Liberalerna,(mandatperiod 1959-1966),Första kammaren,1956,1962,,man
3754,Gustav Fahlander,Socialdemokraterna,(mandatperiod 1956-1963),Första kammaren,1956,1962,,man
3755,Gärda Svensson,bf,(mandatperiod 1959-1966),Första kammaren,1956,1962,,
3756,Göran Karlsson,Socialdemokraterna,(mandatperiod 1958-1965),Första kammaren,1956,1962,,man
3757,Helmer Persson,k,(mandatperiod 1955-1962),Första kammaren,1956,1962,,man
3758,Henry Hansson,h,(mandatperiod 1959-1966),Första kammaren,1956,1962,,man
3759,Herbert Hermansson,bf,(mandatperiod 1958-1965),Första kammaren,1956,1962,,man
3760,Hjalmar Nilsson,Socialdemokraterna,(mandatperiod 1957-1964),Första kammaren,1956,1962,,man
3761,Hjalmar Nyström,Socialdemokraterna,(mandatperiod 1955-1962),Första kammaren,1956,1962,,man
3762,Hugo Osvald,Folkpartiet Liberalerna,(mandatperiod 1956-1963),Första kammaren,1956,1962,,man
3763,Ingeborg Carlqvist,Socialdemokraterna,(mandatperiod 1956-1963),Första kammaren,1956,1962,,
3764,Ingrid Gärde Widemar,Folkpartiet Liberalerna,(mandatperiod 1954-1961),Första kammaren,1956,1962,,woman
3765,Ingrid Segerstedt-Wiberg,Socialdemokraterna,(mandatperiod 1959-1966),Första kammaren,1956,1962,,woman
3766,Ivar Johansson,Centerpartiet,(mandatperiod 1957-1964),Första kammaren,1956,1962,,man
3767,Ivar Persson,Centerpartiet,(mandatperiod 1956-1963),Första kammaren,1956,1962,,man
3768,Jakob Grym,Socialdemokraterna,(mandatperiod 1955-1962),Första kammaren,1956,1962,,man
3769,Johan Kronstrand,Folkpartiet Liberalerna,(mandatperiod 1954-1961),Första kammaren,1956,1962,,man
3770,Johan Persson,Folkpartiet Liberalerna,(mandatperiod 1956-1963),Första kammaren,1956,1962,,man
3771,Johan Sunne,Folkpartiet Liberalerna,(mandatperiod 1957-1964),Första kammaren,1956,1962,,man
3772,John Bergvall,Folkpartiet Liberalerna,(mandatperiod 1954-1961),Första kammaren,1956,1962,,man
3773,John-Arvid Arvidson,h,(mandatperiod 1956-1963),Första kammaren,1956,1962,,
3774,Jon Jonsson i Fjäle,Socialdemokraterna,(mandatperiod 1953-1960),Första kammaren,1956,1962,,man
3775,Josef Nord,Folkpartiet Liberalerna,(mandatperiod 1952-1959),Första kammaren,1956,1962,,man
3776,Justus Lindgren,Socialdemokraterna,(mandatperiod 1952-1959),Första kammaren,1956,1962,,man
3777,Karl Damström,Socialdemokraterna,(mandatperiod 1952-1959),Första kammaren,1956,1962,,man
3778,Knut Ewerlöf,h,(mandatperiod 1954-1961),Första kammaren,1956,1962,,man
3779,Knut Hesselbom,Socialdemokraterna,(mandatperiod 1954-1961),Första kammaren,1956,1962,,man
3780,Knut Johansson,Socialdemokraterna,(mandatperiod 1954-1961),Första kammaren,1956,1962,,man
3781,Lage Svedberg,Socialdemokraterna,(mandatperiod 1955-1962),Första kammaren,1956,1962,,man
3782,Lars Larsson i Lotorp,Socialdemokraterna,(mandatperiod 1957-1964),Första kammaren,1956,1962,,man
3783,Lars Lindahl,Socialdemokraterna,(mandatperiod 1959-1966),Första kammaren,1956,1962,,man
3784,Lisa Mattsson,Socialdemokraterna,(mandatperiod 1959-1966),Första kammaren,1956,1962,,woman
3785,Martin Söderquist,Folkpartiet Liberalerna,(mandatperiod 1955-1962),Första kammaren,1956,1962,,man
3786,Nils Aastrup,Folkpartiet Liberalerna,(mandatperiod 1954-1961),Första kammaren,1956,1962,,man
3787,Nils Elowsson,Socialdemokraterna,(mandatperiod 1956-1963),Första kammaren,1956,1962,,man
3788,Nils Franzén,Centerpartiet,(mandatperiod 1952-1959),Första kammaren,1956,1962,,man
3789,Nils Hansson i Ronneby,Folkpartiet Liberalerna,(mandatperiod 1956-1963),Första kammaren,1956,1962,,man
3790,Nils Johansson,Centerpartiet,(mandatperiod 1952-1959),Första kammaren,1956,1962,,man
3791,Nils Magnusson,Socialdemokraterna,(mandatperiod 1958-1965),Första kammaren,1956,1962,,man
3792,Nils Nestrup,Folkpartiet Liberalerna,(mandatperiod 1959-1966),Första kammaren,1956,1962,,man
3793,Nils Strandler,Socialdemokraterna,(mandatperiod 1957-1964),Första kammaren,1956,1962,,man
3794,Nils Ståhle,Socialdemokraterna,(mandatperiod 1956-1963),Första kammaren,1956,1962,,man
3795,Nils Theodor Larsson,Centerpartiet,(mandatperiod 1952-1959),Första kammaren,1956,1962,,man
3796,Nils-Eric Gustafsson,Centerpartiet,(mandatperiod 1955-1962),Första kammaren,1956,1962,,
3797,Olof Palme,Socialdemokraterna,(mandatperiod 1958-1965),Första kammaren,1956,1962,,man
3798,Olof Pålsson,Centerpartiet,(mandatperiod 1957-1964),Första kammaren,1956,1962,,man
3799,Oscar Carlsson,Socialdemokraterna,(mandatperiod 1958-1965),Första kammaren,1956,1962,,man
3800,Per Bergman,Socialdemokraterna,(mandatperiod 1959-1966),Första kammaren,1956,1962,,man
3801,Per Jacobsson,Folkpartiet Liberalerna,(mandatperiod 1955-1962),Första kammaren,1956,1962,,man
3802,Per Olofsson,Socialdemokraterna,(mandatperiod 1957-1964),Första kammaren,1956,1962,,man
3803,Per-Eric Ringaby,h,(mandatperiod 1958-1965),Första kammaren,1956,1962,,
3804,Per-Olof Hansson,Folkpartiet Liberalerna,(mandatperiod 1954-1961),Första kammaren,1956,1962,,
3805,Ragnar Bergh,h,(mandatperiod 1955-1962),Första kammaren,1956,1962,,man
3806,Ragnar Persson,Socialdemokraterna,(mandatperiod 1959-1966),Första kammaren,1956,1962,,man
3807,Ragnar Sveningsson,h,(mandatperiod 1954-1961),Första kammaren,1956,1962,,man
3808,Rickard Sandler,Socialdemokraterna,(mandatperiod 1953-1960),Första kammaren,1956,1962,,man
3809,Rikard Svensson,Socialdemokraterna,(mandatperiod 1956-1963),Första kammaren,1956,1962,,man
3810,Robert Johansson,Centerpartiet,(mandatperiod 1954-1961),Första kammaren,1956,1962,,man
3811,Rolf Kaijser,h,(mandatperiod 1958-1965),Första kammaren,1956,1962,,man
3812,Rudolf Anderberg,Socialdemokraterna,(mandatperiod 1956-1963),Första kammaren,1956,1962,,man
3813,Rudolf Boman,Folkpartiet Liberalerna,(mandatperiod 1958-1965),Första kammaren,1956,1962,,man
3814,Rune Johansson,Socialdemokraterna,(mandatperiod 1959-1966),Första kammaren,1956,1962,,man
3815,Ruth Hamrin-Thorell,,(mandatperiod 1955-1962),Första kammaren,1956,1962,,woman
3816,Sigfrid Larsson i Svalöv,Centerpartiet,(mandatperiod 1956-1963),Första kammaren,1956,1962,,
3817,Sten Söderberg,Socialdemokraterna,(mandatperiod 1956-1963),Första kammaren,1956,1962,,man
3818,Sten Åkesson,Folkpartiet Liberalerna,(mandatperiod 1956-1963),Första kammaren,1956,1962,,man
3819,Svante Kristiansson,Socialdemokraterna,(mandatperiod 1956-1963),Första kammaren,1956,1962,,man
3820,Sven Andersson,Socialdemokraterna,(mandatperiod 1956-1963),Första kammaren,1956,1962,,man
3821,Sven Aspling,Socialdemokraterna,(mandatperiod 1959-1966),Första kammaren,1956,1962,,man
3822,Sven Aspling,Socialdemokraterna,(mandatperiod 1952-1959),Första kammaren,1956,1962,,man
3823,Sven Sundin,Centerpartiet,(mandatperiod 1957-1964),Första kammaren,1956,1962,,man
3824,Tage Johansson,Socialdemokraterna,(mandatperiod 1958-1965),Första kammaren,1956,1962,,man
3825,Thore Sörlin,Socialdemokraterna,(mandatperiod 1955-1962),Första kammaren,1956,1962,,
3826,Tor Wolgast,Centerpartiet,(mandatperiod 1956-1963),Första kammaren,1956,1962,,man
3827,Torsten Andersson,Centerpartiet,(mandatperiod 1954-1961),Första kammaren,1956,1962,,
3828,Torsten Bengtsson,Centerpartiet,(mandatperiod 1958-1965),Första kammaren,1956,1962,,
3829,Torsten Mattsson,Centerpartiet,(mandatperiod 1959-1966),Första kammaren,1956,1962,,
3830,Ulla Lindström,Socialdemokraterna,(mandatperiod 1954-1961),Första kammaren,1956,1962,,
3831,Uno Hedström,Socialdemokraterna,(mandatperiod 1955-1962),Första kammaren,1956,1962,,man
3832,Uno Olofsson,Folkpartiet Liberalerna,(mandatperiod 1955-1962),Första kammaren,1956,1962,,man
3833,Valter Åman,Socialdemokraterna,(mandatperiod 1954-1961),Första kammaren,1956,1962,,man
3834,Yngve Möller,Socialdemokraterna,(mandatperiod 1953-1960),Första kammaren,1956,1962,,man
3835,Yngve Nilsson,h,(mandatperiod 1956-1963),Första kammaren,1956,1962,,man
3836,Åke Larsson,Socialdemokraterna,(mandatperiod 1959-1966),Första kammaren,1956,1962,,man
3837,Östen Undén,Socialdemokraterna,(mandatperiod 1958-1965),Första kammaren,1956,1962,,man
3838,Adolv Olsson,Socialdemokraterna,Gävleborgs län,Andra kammaren,1957,1958,,
3839,Alf Andersson,Socialdemokraterna,Västernorrlands län,Andra kammaren,1957,1958,,man
3840,Anders Forsberg,Socialdemokraterna,Jönköpings län,Andra kammaren,1957,1958,,man
3841,Anders Pettersson,bf,Hallands län,Andra kammaren,1957,1958,,man
3842,Annie Jäderberg,Socialdemokraterna,Norrbottens län,Andra kammaren,1957,1958,,woman
3843,Arthur Sköldin,Socialdemokraterna,Stockholms län,Andra kammaren,1957,1958,,man
3844,Arthur Widén,Folkpartiet Liberalerna,Värmlands län,Andra kammaren,1957,1958,,man
3845,Artur Lundqvist,Socialdemokraterna,Älvsborgs läns norra,Andra kammaren,1957,1958,,man
3846,Arvid Andersson i Gunnarskog,Socialdemokraterna,Värmlands län,Andra kammaren,1957,1958,,man
3847,Arvid Nilsson,Folkpartiet Liberalerna,Kristianstads län,Andra kammaren,1957,1958,,man
3848,Astrid Bergegren,Socialdemokraterna,Östergötlands län,Andra kammaren,1957,1958,,woman
3849,August Spångberg,Socialdemokraterna,Värmlands län,Andra kammaren,1957,1958,,man
3850,Augustinus Keijer,Folkpartiet Liberalerna,Stockholms län,Andra kammaren,1957,1958,,
3851,Axel Gustafsson,Folkpartiet Liberalerna,Älvsborgs läns södra,Andra kammaren,1957,1958,,man
3852,Axel Landgren,Socialdemokraterna,Malmöhus län,Andra kammaren,1957,1958,,man
3853,Axel Rubbestad,bf,Älvsborgs läns norra,Andra kammaren,1957,1958,,man
3854,Bengt Arweson,Socialdemokraterna,Gotlands län,Andra kammaren,1957,1958,,man
3855,Bengt Bengtsson,h,Göteborg,Andra kammaren,1957,1958,,man
3856,Bengt Sjölin,Folkpartiet Liberalerna,Älvsborgs läns norra,Andra kammaren,1957,1958,,man
3857,Bernhard Sundelin,Socialdemokraterna,Västernorrlands län,Andra kammaren,1957,1958,,man
3858,Bertil Ohlin,Folkpartiet Liberalerna,Stockholms stad,Andra kammaren,1957,1958,,man
3859,Bertil von Friesen,Folkpartiet Liberalerna,Göteborg,Andra kammaren,1957,1958,,man
3860,Birger Gezelius,h,Kopparbergs län,Andra kammaren,1957,1958,,man
3861,Birger Nilsson,Socialdemokraterna,Jämtlands län,Andra kammaren,1957,1958,,man
3862,Brita Elmén,Folkpartiet Liberalerna,Göteborg,Andra kammaren,1957,1958,,
3863,Carl Christenson,Folkpartiet Liberalerna,Fyrstadskretsen,Andra kammaren,1957,1958,,man
3864,Carl Göran Regnéll,h,Fyrstadskretsen,Andra kammaren,1957,1958,,man
3865,Carl Johansson,Socialdemokraterna,Bohuslän,Andra kammaren,1957,1958,,man
3866,Carl Olof Carlsson,bf,Bohuslän,Andra kammaren,1957,1958,,man
3867,Carl Schmidt,Folkpartiet Liberalerna,Göteborg,Andra kammaren,1957,1958,,man
3868,Carl Östlund,h,Västerbottens län,Andra kammaren,1957,1958,,man
3869,Carl-Eric Hedin,h,Södermanlands län,Andra kammaren,1957,1958,,
3870,Carl-Erik Johansson,Socialdemokraterna,Stockholms län,Andra kammaren,1957,1958,,
3871,Carl-Wilhelm Lothigius,h,Jönköpings län,Andra kammaren,1957,1958,,
3872,Dag Edlund,h,Västmanlands län,Andra kammaren,1957,1958,,man
3873,David Hall,Socialdemokraterna,Västmanlands län,Andra kammaren,1957,1958,,man
3874,David Svenungsson,h,Stockholms stad,Andra kammaren,1957,1958,,man
3875,Edith Liljedahl,Folkpartiet Liberalerna,Gävleborgs län,Andra kammaren,1957,1958,,woman
3876,Edvin Jacobsson,Folkpartiet Liberalerna,Uppsala län,Andra kammaren,1957,1958,,man
3877,Einar Andersson i Hyssna,Socialdemokraterna,Älvsborgs läns södra,Andra kammaren,1957,1958,,man
3878,Einar Asp,Socialdemokraterna,Gävleborgs län,Andra kammaren,1957,1958,,man
3879,Einar Dahl,Socialdemokraterna,Bohuslän,Andra kammaren,1957,1958,,man
3880,Einar Gustafsson,bf,Östergötlands län,Andra kammaren,1957,1958,,man
3881,Einar Haeggblom,h,Kalmar län,Andra kammaren,1957,1958,,man
3882,Einar Henningsson,Socialdemokraterna,Fyrstadskretsen,Andra kammaren,1957,1958,,man
3883,Einar Rimmerfors,Folkpartiet Liberalerna,Stockholms stad,Andra kammaren,1957,1958,,man
3884,Einar Setterberg,h,Skaraborgs län,Andra kammaren,1957,1958,,man
3885,Eivor Wallin,Socialdemokraterna,Uppsala län,Andra kammaren,1957,1958,,
3886,Elias Jönsson,Folkpartiet Liberalerna,Jämtlands län,Andra kammaren,1957,1958,,man
3887,Elis Håstad,h,Stockholms stad,Andra kammaren,1957,1958,,man
3888,Elisabeth Sjövall,Socialdemokraterna,Göteborg,Andra kammaren,1957,1958,,woman
3889,Ellen Svedberg,Socialdemokraterna,Södermanlands län,Andra kammaren,1957,1958,,woman
3890,Elsa Ewerlöf,h,Stockholms stad,Andra kammaren,1957,1958,,woman
3891,Elsa Lindskog,Socialdemokraterna,Kopparbergs län,Andra kammaren,1957,1958,,woman
3892,Eric Johanson,Socialdemokraterna,Kalmar län,Andra kammaren,1957,1958,,man
3893,Eric Karlsson,Socialdemokraterna,Blekinge län,Andra kammaren,1957,1958,,man
3894,Eric Nelander,Folkpartiet Liberalerna,Malmöhus län,Andra kammaren,1957,1958,,man
3895,Eric Nilsson,h,Malmöhus län,Andra kammaren,1957,1958,,man
3896,Eric Svenning,Socialdemokraterna,Fyrstadskretsen,Andra kammaren,1957,1958,,man
3897,Erik Adamsson,Socialdemokraterna,Fyrstadskretsen,Andra kammaren,1957,1958,,man
3898,Erik Brandt,Socialdemokraterna,Örebro län,Andra kammaren,1957,1958,,man
3899,Erik Karlsson,k,Stockholms län,Andra kammaren,1957,1958,,man
3900,Erik Magnusson,h,Kronobergs län,Andra kammaren,1957,1958,,man
3901,Erik Norén,Socialdemokraterna,Västernorrlands län,Andra kammaren,1957,1958,,man
3902,Erik Severin,Socialdemokraterna,Gävleborgs län,Andra kammaren,1957,1958,,man
3903,Erik Strandh,Folkpartiet Liberalerna,Kronobergs län,Andra kammaren,1957,1958,,man
3904,Erik Östrand,Socialdemokraterna,Kopparbergs län,Andra kammaren,1957,1958,,man
3905,Ernst Ahlberg,h,Stockholms stad,Andra kammaren,1957,1958,,man
3906,Ernst Jacobsson,Socialdemokraterna,Västmanlands län,Andra kammaren,1957,1958,,man
3907,Ernst Staxäng (tidigare Olsson),h,Bohuslän,Andra kammaren,1957,1958,,man
3908,Eskil Eriksson,Socialdemokraterna,Stockholms län,Andra kammaren,1957,1958,,man
3909,Etty Eriksson,Socialdemokraterna,Kristianstads län,Andra kammaren,1957,1958,,
3910,Eva Karlsson politiker,h,Fyrstadskretsen,Andra kammaren,1957,1958,,woman
3911,Filip Kristensson,Folkpartiet Liberalerna,Kristianstads län,Andra kammaren,1957,1958,,man
3912,Folke Jönsson,Socialdemokraterna,Fyrstadskretsen,Andra kammaren,1957,1958,,man
3913,Folke Nihlfors,Folkpartiet Liberalerna,Stockholms stad,Andra kammaren,1957,1958,,man
3914,Fridolf Jansson,bf,Kronobergs län,Andra kammaren,1957,1958,,man
3915,Fridolf Thapper,Socialdemokraterna,Östergötlands län,Andra kammaren,1957,1958,,man
3916,Fritz Börjesson,bf,Kalmar län,Andra kammaren,1957,1958,,man
3917,Fritz Persson,Socialdemokraterna,Kronobergs län,Andra kammaren,1957,1958,,man
3918,Gerda Höjer,Folkpartiet Liberalerna,Stockholms stad,Andra kammaren,1957,1958,,woman
3919,Gerhard Nilsson,h,Gävleborgs län,Andra kammaren,1957,1958,,man
3920,Gunnar Engkvist,Socialdemokraterna,Kristianstads län,Andra kammaren,1957,1958,,man
3921,Gunnar Heckscher,h,Stockholms stad,Andra kammaren,1957,1958,,man
3922,Gunnar Hedlund,bf,Västernorrlands län,Andra kammaren,1957,1958,,man
3923,Gunnar Helén,Folkpartiet Liberalerna,Stockholms län,Andra kammaren,1957,1958,,man
3924,Gunnel Olsson,Socialdemokraterna,Stockholms län,Andra kammaren,1957,1958,,
3925,Gustaf Kollberg,Folkpartiet Liberalerna,Stockholms stad,Andra kammaren,1957,1958,,man
3926,Gustaf Larsson,Socialdemokraterna,Södermanlands län,Andra kammaren,1957,1958,,man
3927,Gustaf Nilson,h,Hallands län,Andra kammaren,1957,1958,,man
3928,Gustaf Nilsson,Socialdemokraterna,Värmlands län,Andra kammaren,1957,1958,,man
3929,Gustav Boija,Folkpartiet Liberalerna,Östergötlands län,Andra kammaren,1957,1958,,man
3930,Gustav Johansson,k,Stockholms stad,Andra kammaren,1957,1958,,man
3931,Göran Pettersson,Socialdemokraterna,Örebro län,Andra kammaren,1957,1958,,man
3932,Gösta Andersson,Socialdemokraterna,Bohuslän,Andra kammaren,1957,1958,,man
3933,Gösta Darlin,h,Kristianstads län,Andra kammaren,1957,1958,,man
3934,Gösta Netzén,Socialdemokraterna,Fyrstadskretsen,Andra kammaren,1957,1958,,man
3935,Gösta Skoglund,Socialdemokraterna,Västerbottens län,Andra kammaren,1957,1958,,man
3936,H. Nordqvist,h,Örebro län,Andra kammaren,1957,1958,,
3937,Hans Gustafsson,Socialdemokraterna,Stockholms stad,Andra kammaren,1957,1958,,man
3938,Hans Hagnell,Socialdemokraterna,Stockholms stad,Andra kammaren,1957,1958,,man
3939,Hans Levin,Socialdemokraterna,Malmöhus län,Andra kammaren,1957,1958,,man
3940,Hans Nyhage,h,Älvsborgs läns södra,Andra kammaren,1957,1958,,man
3941,Hans Wachtmeister,h,Blekinge län,Andra kammaren,1957,1958,,man
3942,Harald Almgren,Socialdemokraterna,Jönköpings län,Andra kammaren,1957,1958,,man
3943,Harald Hallén,Socialdemokraterna,Värmlands län,Andra kammaren,1957,1958,,man
3944,Harald Kärrlander,Socialdemokraterna,Västernorrlands län,Andra kammaren,1957,1958,,man
3945,Harald Larsson,bf,Norrbottens län,Andra kammaren,1957,1958,,man
3946,Harry Carlsson,Folkpartiet Liberalerna,Skaraborgs län,Andra kammaren,1957,1958,,man
3947,Harry Wahrendorff,bf,Värmlands län,Andra kammaren,1957,1958,,man
3948,Helge Lindström,Socialdemokraterna,Jämtlands län,Andra kammaren,1957,1958,,man
3949,Helmer Holmberg,k,Norrbottens län,Andra kammaren,1957,1958,,man
3950,Henning Carlsson,Socialdemokraterna,Jönköpings län,Andra kammaren,1957,1958,,man
3951,Henning Gustafsson,Folkpartiet Liberalerna,Västerbottens län,Andra kammaren,1957,1958,,man
3952,Henning Nilsson,k,Gävleborgs län,Andra kammaren,1957,1958,,man
3953,Henrik Munktell,h,Uppsala län,Andra kammaren,1957,1958,,man
3954,Henry Allard,Socialdemokraterna,Örebro län,Andra kammaren,1957,1958,,man
3955,Hernfrid Bark,Socialdemokraterna,Västmanlands län,Andra kammaren,1957,1958,,
3956,Hilding Hagberg,k,Stockholms stad,Andra kammaren,1957,1958,,man
3957,Hjalmar Gustafson,Socialdemokraterna,Kronobergs län,Andra kammaren,1957,1958,,man
3958,Hjalmar Åhman,Folkpartiet Liberalerna,Stockholms län,Andra kammaren,1957,1958,,man
3959,Hugo Bengtsson,Socialdemokraterna,Fyrstadskretsen,Andra kammaren,1957,1958,,man
3960,Inga Thorsson,Socialdemokraterna,Stockholms stad,Andra kammaren,1957,1958,,
3961,Ingemar Andersson,Socialdemokraterna,Östergötlands län,Andra kammaren,1957,1958,,man
3962,Ingemund Bengtsson,Socialdemokraterna,Hallands län,Andra kammaren,1957,1958,,man
3963,Ivar Jansson,Socialdemokraterna,Norrbottens län,Andra kammaren,1957,1958,,man
3964,James Dickson,h,Älvsborgs läns norra,Andra kammaren,1957,1958,,man
3965,Jan-Ivan Nilsson,Centerpartiet,Västerbottens län,Andra kammaren,1957,1958,,
3966,Jarl Hjalmarson,h,Stockholms län,Andra kammaren,1957,1958,,man
3967,Jean Braconier,h,Fyrstadskretsen,Andra kammaren,1957,1958,,
3968,Jerker Svensson,Socialdemokraterna,Göteborg,Andra kammaren,1957,1958,,
3969,Johan Ahlsten,Folkpartiet Liberalerna,Gotlands län,Andra kammaren,1957,1958,,man
3970,Johan Ågren,Folkpartiet Liberalerna,Kopparbergs län,Andra kammaren,1957,1958,,man
3971,Johannes Blidfors,Socialdemokraterna,Fyrstadskretsen,Andra kammaren,1957,1958,,man
3972,Johannes Onsjö (tidigare Johansson),bf,Skaraborgs län,Andra kammaren,1957,1958,,man
3973,John Ericsson i Kinna,Socialdemokraterna,Älvsborgs läns södra,Andra kammaren,1957,1958,,man
3974,John Eriksson,bf,Gävleborgs län,Andra kammaren,1957,1958,,man
3975,John Lundberg,Socialdemokraterna,Uppsala län,Andra kammaren,1957,1958,,man
3976,John Löfroth,Folkpartiet Liberalerna,Norrbottens län,Andra kammaren,1957,1958,,man
3977,John Pettersson,bf,Jönköpings län,Andra kammaren,1957,1958,,man
3978,John R. Andersson i Sundsvall,h,Västernorrlands län,Andra kammaren,1957,1958,,man
3979,Jöns Nilsson,h,Kristianstads län,Andra kammaren,1957,1958,,
3980,Karin Wetterström,h,Östergötlands län,Andra kammaren,1957,1958,,woman
3981,Karl Andersson i Björkäng,Socialdemokraterna,Örebro län,Andra kammaren,1957,1958,,man
3982,Karl Jönsson,Socialdemokraterna,Kristianstads län,Andra kammaren,1957,1958,,man
3983,Karl Kilsmo,Folkpartiet Liberalerna,Södermanlands län,Andra kammaren,1957,1958,,man
3984,Karl Rask,Socialdemokraterna,Jönköpings län,Andra kammaren,1957,1958,,man
3985,Knut Senander,k,Göteborg,Andra kammaren,1957,1958,,man
3986,Lars Jonsson,Socialdemokraterna,Västernorrlands län,Andra kammaren,1957,1958,,man
3987,Leif Cassel,h,Värmlands län,Andra kammaren,1957,1958,,man
3988,Lena Renström-Ingenäs,Socialdemokraterna,Örebro län,Andra kammaren,1957,1958,,woman
3989,Lennart Eliasson,Folkpartiet Liberalerna,Stockholms stad,Andra kammaren,1957,1958,,man
3990,Lennart Stiernstedt,h,Stockholms län,Andra kammaren,1957,1958,,man
3991,Lisa Johansson,Socialdemokraterna,Skaraborgs län,Andra kammaren,1957,1958,,woman
3992,Mac Hamrin,Folkpartiet Liberalerna,Kalmar län,Andra kammaren,1957,1958,,
3993,Manne Ståhl,Folkpartiet Liberalerna,Värmlands län,Andra kammaren,1957,1958,,man
3994,Margit Vinge,Folkpartiet Liberalerna,Stockholms län,Andra kammaren,1957,1958,,
3995,Martin Larsson,Folkpartiet Liberalerna,Stockholms stad,Andra kammaren,1957,1958,,man
3996,Martin Skoglund,h,Östergötlands län,Andra kammaren,1957,1958,,man
3997,Mary Holmqvist,Socialdemokraterna,Malmöhus län,Andra kammaren,1957,1958,,woman
3998,Märta Boman,h,Norrbottens län,Andra kammaren,1957,1958,,woman
3999,Nancy Eriksson,Socialdemokraterna,Stockholms stad,Andra kammaren,1957,1958,,woman
4000,Nils Agerberg,h,Jämtlands län,Andra kammaren,1957,1958,,man
4001,Nils Fröding,h,Västernorrlands län,Andra kammaren,1957,1958,,man
4002,Nils G. Hansson i Skegrie,bf,Malmöhus län,Andra kammaren,1957,1958,,man
4003,Nils Nestrup,Folkpartiet Liberalerna,Hallands län,Andra kammaren,1957,1958,,man
4004,Nils Odhe,Socialdemokraterna,Skaraborgs län,Andra kammaren,1957,1958,,man
4005,Nils Persson,Folkpartiet Liberalerna,Malmöhus län,Andra kammaren,1957,1958,,man
4006,Nils Stenberg,Folkpartiet Liberalerna,Gävleborgs län,Andra kammaren,1957,1958,,man
4007,Olle Dahlén,Folkpartiet Liberalerna,Stockholms stad,Andra kammaren,1957,1958,,man
4008,Olof Andreasson,Socialdemokraterna,Göteborg,Andra kammaren,1957,1958,,man
4009,Olof Hammar,Folkpartiet Liberalerna,Kopparbergs län,Andra kammaren,1957,1958,,man
4010,Olof Johansson,Folkpartiet Liberalerna,Bohuslän,Andra kammaren,1957,1958,,man
4011,Olof Nilsson,Socialdemokraterna,Göteborg,Andra kammaren,1957,1958,,man
4012,Olof Persson,Socialdemokraterna,Kopparbergs län,Andra kammaren,1957,1958,,man
4013,Olof Wiklund,Socialdemokraterna,Norrbottens län,Andra kammaren,1957,1958,,man
4014,Olov Rylander,Folkpartiet Liberalerna,Västmanlands län,Andra kammaren,1957,1958,,man
4015,Oscar Andersson i Långviksmon,Folkpartiet Liberalerna,Västernorrlands län,Andra kammaren,1957,1958,,man
4016,Oscar Franzén,Socialdemokraterna,Östergötlands län,Andra kammaren,1957,1958,,man
4017,Oscar Malmborg,Folkpartiet Liberalerna,Skaraborgs län,Andra kammaren,1957,1958,,man
4018,Oscar Åkerström,Socialdemokraterna,Västerbottens län,Andra kammaren,1957,1958,,man
4019,Ossian Sehlstedt,Socialdemokraterna,Södermanlands län,Andra kammaren,1957,1958,,man
4020,Patrik Svensson,Socialdemokraterna,Älvsborgs läns norra,Andra kammaren,1957,1958,,man
4021,Pehr Johnsson i Kastanjegården,Folkpartiet Liberalerna,Blekinge län,Andra kammaren,1957,1958,,
4022,Per Edvin Sköld,Socialdemokraterna,Malmöhus län,Andra kammaren,1957,1958,,man
4023,Per Svensson,bf,Gotlands län,Andra kammaren,1957,1958,,man
4024,Ragnar Edenman,Socialdemokraterna,Uppsala län,Andra kammaren,1957,1958,,man
4025,Ragnar Ekström,Socialdemokraterna,Södermanlands län,Andra kammaren,1957,1958,,man
4026,Ragnar Lassinantti,Socialdemokraterna,Norrbottens län,Andra kammaren,1957,1958,,man
4027,Ragnhild Sandström,Folkpartiet Liberalerna,Västerbottens län,Andra kammaren,1957,1958,,
4028,Robert Jansson,bf,Kopparbergs län,Andra kammaren,1957,1958,,man
4029,Rolf Eliasson,h,Skaraborgs län,Andra kammaren,1957,1958,,man
4030,Rosa Svensson,Socialdemokraterna,Västmanlands län,Andra kammaren,1957,1958,,woman
4031,Ruben Swedberg,Folkpartiet Liberalerna,Örebro län,Andra kammaren,1957,1958,,man
4032,Rune Johansson i Norrköping,Socialdemokraterna,Östergötlands län,Andra kammaren,1957,1958,,man
4033,Sam Norup,bf,Kristianstads län,Andra kammaren,1957,1958,,man
4034,Sigfrid Jonsson,Socialdemokraterna,Jämtlands län,Andra kammaren,1957,1958,,
4035,Sigfrid Löfgren,Folkpartiet Liberalerna,Fyrstadskretsen,Andra kammaren,1957,1958,,
4036,Sigrid Ekendahl,Socialdemokraterna,Stockholms stad,Andra kammaren,1957,1958,,woman
4037,Sigurd Lindholm,Socialdemokraterna,Gävleborgs län,Andra kammaren,1957,1958,,man
4038,Sigvard Rimås,Folkpartiet Liberalerna,Östergötlands län,Andra kammaren,1957,1958,,man
4039,Stellan Arvidsson,Socialdemokraterna,Stockholms stad,Andra kammaren,1957,1958,,man
4040,Stig Alemyr,Socialdemokraterna,Kalmar län,Andra kammaren,1957,1958,,man
4041,Stina Wallerius,h,Göteborg,Andra kammaren,1957,1958,,woman
4042,Sture Henriksson,Socialdemokraterna,Stockholms stad,Andra kammaren,1957,1958,,man
4043,Sven Antby,Folkpartiet Liberalerna,Älvsborgs läns norra,Andra kammaren,1957,1958,,man
4044,Sven Gustafson,Folkpartiet Liberalerna,Göteborg,Andra kammaren,1957,1958,,man
4045,Sven Hedqvist,Socialdemokraterna,Stockholms län,Andra kammaren,1957,1958,,man
4046,Sven Mellqvist,Socialdemokraterna,Kopparbergs län,Andra kammaren,1957,1958,,man
4047,Sven Persson,Socialdemokraterna,Östergötlands län,Andra kammaren,1957,1958,,man
4048,Sven Svensson,h,Kalmar län,Andra kammaren,1957,1958,,man
4049,Sven Vigelsbo,bf,Västmanlands län,Andra kammaren,1957,1958,,man
4050,Sven Wedén,Folkpartiet Liberalerna,Södermanlands län,Andra kammaren,1957,1958,,man
4051,Tage Erlander,Socialdemokraterna,Stockholms stad,Andra kammaren,1957,1958,,man
4052,Tage Magnusson,h,Älvsborgs läns södra,Andra kammaren,1957,1958,,man
4053,Tekla Torbrink,Socialdemokraterna,Kalmar län,Andra kammaren,1957,1958,,woman
4054,Thure Andersson,Socialdemokraterna,Blekinge län,Andra kammaren,1957,1958,,man
4055,Thyra Löfqvist,Socialdemokraterna,Blekinge län,Andra kammaren,1957,1958,,woman
4056,Tore Bengtsson,Socialdemokraterna,Hallands län,Andra kammaren,1957,1958,,man
4057,Torgil von Seth,h,Jönköpings län,Andra kammaren,1957,1958,,
4058,Torsten Fredriksson,Socialdemokraterna,Kopparbergs län,Andra kammaren,1957,1958,,
4059,Torsten Nilsson,Socialdemokraterna,Stockholms stad,Andra kammaren,1957,1958,,
4060,Ture Königson,Folkpartiet Liberalerna,Göteborg,Andra kammaren,1957,1958,,man
4061,Uddo Jacobson,Socialdemokraterna,Västerbottens län,Andra kammaren,1957,1958,,
4062,Ulla Lidman-Frostenson,h,Stockholms län,Andra kammaren,1957,1958,,
4063,Viola Sandell,Socialdemokraterna,Värmlands län,Andra kammaren,1957,1958,,woman
4064,Waldemar Svensson,Folkpartiet Liberalerna,Bohuslän,Andra kammaren,1957,1958,,man
4065,Walter Sundström,Socialdemokraterna,Skaraborgs län,Andra kammaren,1957,1958,,man
4066,Yngve Hamrin,Folkpartiet Liberalerna,Jönköpings län,Andra kammaren,1957,1958,,man
4067,Alf Andersson,Socialdemokraterna,Västernorrlands län,Andra kammaren,1958,1960,,man
4068,Anders Forsberg,Socialdemokraterna,Jönköpings län,Andra kammaren,1958,1960,,man
4069,Anders Haglund,Socialdemokraterna,Gävleborgs län,Andra kammaren,1958,1960,,man
4070,Anders Pettersson,Centerpartiet,Hallands län,Andra kammaren,1958,1960,,man
4071,Anna-Lisa Lewén-Eliasson,Socialdemokraterna,Stockholms län,Andra kammaren,1958,1960,,
4072,Annie Jäderberg,Socialdemokraterna,Norrbottens län,Andra kammaren,1958,1960,,woman
4073,Arendt de Jounge,h,Gotlands län,Andra kammaren,1958,1960,,
4074,Arthur Sköldin,Socialdemokraterna,Stockholms län,Andra kammaren,1958,1960,,man
4075,Artur Lundqvist,Socialdemokraterna,Älvsborgs läns norra,Andra kammaren,1958,1960,,man
4076,Arvid Andersson,Socialdemokraterna,Värmlands län,Andra kammaren,1958,1960,,man
4077,Arvid Nilsson i Lönsboda,Folkpartiet Liberalerna,Kristianstads län,Andra kammaren,1958,1960,,man
4078,Astrid Bergegren,Socialdemokraterna,Östergötlands län,Andra kammaren,1958,1960,,woman
4079,Astrid Kristensson,h,Stockholms stad,Andra kammaren,1958,1960,,woman
4080,August Spångberg,Socialdemokraterna,Värmlands län,Andra kammaren,1958,1960,,man
4081,Axel Gustafsson,Folkpartiet Liberalerna,Älvsborgs läns södra,Andra kammaren,1958,1960,,man
4082,Axel Landgren,Socialdemokraterna,Malmöhus län,Andra kammaren,1958,1960,,man
4083,Axel Rubbestad,Centerpartiet,Älvsborgs läns norra,Andra kammaren,1958,1960,,man
4084,Bengt Arweson,Socialdemokraterna,Gotlands län,Andra kammaren,1958,1960,,man
4085,Bengt Bengtsson,h,Göteborg,Andra kammaren,1958,1960,,man
4086,Bengt Fagerlund,Socialdemokraterna,Kronobergs län,Andra kammaren,1958,1960,,man
4087,Bernhard Sundelin,Socialdemokraterna,Västernorrlands län,Andra kammaren,1958,1960,,man
4088,Bertil Ohlin,Folkpartiet Liberalerna,Stockholms stad,Andra kammaren,1958,1960,,man
4089,Bertil von Friesen,Folkpartiet Liberalerna,Göteborg,Andra kammaren,1958,1960,,man
4090,Birger Gezelius,h,Kopparbergs län,Andra kammaren,1958,1960,,man
4091,Birger Nilsson,Socialdemokraterna,Jämtlands län,Andra kammaren,1958,1960,,man
4092,Birgitta Sjöqvist,h,Värmlands län,Andra kammaren,1958,1960,,
4093,Bo Turesson,h,Kopparbergs län,Andra kammaren,1958,1960,,man
4094,Brita Elmén,Folkpartiet Liberalerna,Göteborg,Andra kammaren,1958,1960,,
4095,Carl Christenson,Folkpartiet Liberalerna,Fyrstadskretsen,Andra kammaren,1958,1960,,man
4096,Carl E. Johansson,Socialdemokraterna,Göteborgs och Bohus läns landstingsområde,Andra kammaren,1958,1960,,man
4097,Carl Göran Regnéll,h,Fyrstadskretsen,Andra kammaren,1958,1960,,man
4098,Carl Olof Carlsson,Centerpartiet,Göteborgs och Bohus läns landstingsområde,Andra kammaren,1958,1960,,man
4099,Carl Östlund,h,Västerbottens län,Andra kammaren,1958,1960,,man
4100,Carl-Eric Hedin,h,Södermanlands län,Andra kammaren,1958,1960,,
4101,Carl-Erik Johansson,Socialdemokraterna,Stockholms län,Andra kammaren,1958,1960,,
4102,Carl-Wilhelm Lothigius,h,Jönköpings län,Andra kammaren,1958,1960,,
4103,Dag Edlund,h,Västmanlands län,Andra kammaren,1958,1960,,man
4104,David Svenungsson,h,Stockholms stad,Andra kammaren,1958,1960,,man
4105,Ebbe Rydén,Folkpartiet Liberalerna,Örebro län,Andra kammaren,1958,1960,,man
4106,Edvin Gustafsson,Socialdemokraterna,Jönköpings län,Andra kammaren,1958,1960,,man
4107,Edvin Jacobsson,Folkpartiet Liberalerna,Uppsala län,Andra kammaren,1958,1960,,man
4108,Einar Andersson i Hyssna,Socialdemokraterna,Älvsborgs läns södra,Andra kammaren,1958,1960,,man
4109,Einar Asp,Socialdemokraterna,Gävleborgs län,Andra kammaren,1958,1960,,man
4110,Einar Gustafsson,Centerpartiet,Östergötlands län,Andra kammaren,1958,1960,,man
4111,Einar Haeggblom,h,Kalmar län,Andra kammaren,1958,1960,,man
4112,Einar Henningsson,Socialdemokraterna,Fyrstadskretsen,Andra kammaren,1958,1960,,man
4113,Einar Rimmerfors,Folkpartiet Liberalerna,Stockholms stad,Andra kammaren,1958,1960,,man
4114,Einar Setterberg,h,Skaraborgs län,Andra kammaren,1958,1960,,man
4115,Elis Håstad,h,Stockholms stad,Andra kammaren,1958,1960,,man
4116,Elisabeth Sjövall,Socialdemokraterna,Göteborg,Andra kammaren,1958,1960,,woman
4117,Elsa Lindskog,Socialdemokraterna,Kopparbergs län,Andra kammaren,1958,1960,,woman
4118,Emil Elmvall,Centerpartiet,Södermanlands län,Andra kammaren,1958,1960,,man
4119,Eric Johanson,Socialdemokraterna,Kalmar län,Andra kammaren,1958,1960,,man
4120,Eric Karlsson,Socialdemokraterna,Blekinge län,Andra kammaren,1958,1960,,man
4121,Eric Nelander,Folkpartiet Liberalerna,Malmöhus län,Andra kammaren,1958,1960,,man
4122,Eric Nilsson,h,Malmöhus län,Andra kammaren,1958,1960,,man
4123,Eric R. Carlsson i Västerås,Socialdemokraterna,Västmanlands län,Andra kammaren,1958,1960,,man
4124,Eric Svenning,Socialdemokraterna,Fyrstadskretsen,Andra kammaren,1958,1960,,man
4125,Erik Adamsson,Socialdemokraterna,Fyrstadskretsen,Andra kammaren,1958,1960,,man
4126,Erik Brandt,Socialdemokraterna,Örebro län,Andra kammaren,1958,1960,,man
4127,Erik Grebäck,Centerpartiet,Stockholms län,Andra kammaren,1958,1960,,man
4128,Erik Larsson i Norderön,Centerpartiet,Jämtlands län,Andra kammaren,1958,1960,,man
4129,Erik Magnusson,h,Kronobergs län,Andra kammaren,1958,1960,,man
4130,Erik Norén,Socialdemokraterna,Västernorrlands län,Andra kammaren,1958,1960,,man
4131,Erik Östrand,Socialdemokraterna,Kopparbergs län,Andra kammaren,1958,1960,,man
4132,Erland Carbell,Socialdemokraterna,Stockholms stad,Andra kammaren,1958,1960,,man
4133,Ernst Jacobsson,Socialdemokraterna,Västmanlands län,Andra kammaren,1958,1960,,man
4134,Ernst Staxäng (tidigare Olsson),h,Göteborgs och Bohus läns landstingsområde,Andra kammaren,1958,1960,,man
4135,Essen Lindahl,Socialdemokraterna,Stockholms län,Andra kammaren,1958,1960,,
4136,Etty Eriksson,Socialdemokraterna,Kristianstads län,Andra kammaren,1958,1960,,
4137,Eva Karlsson,h,Fyrstadskretsen,Andra kammaren,1958,1960,,woman
4138,Evert Svensson i Kungälv,Socialdemokraterna,Göteborgs och Bohus läns landstingsområde,Andra kammaren,1958,1960,,man
4139,Folke Björkman,h,Stockholms stad,Andra kammaren,1958,1960,,man
4140,Folke Nihlfors,Folkpartiet Liberalerna,Stockholms stad,Andra kammaren,1958,1960,,man
4141,Fred Artur Henning Henningson,h,Gotlands län,Andra kammaren,1958,1960,,man
4142,Fredrik-Adolf Hamilton af Hageby,h,Örebro län,Andra kammaren,1958,1960,,
4143,Fridolf Jansson,Centerpartiet,Kronobergs län,Andra kammaren,1958,1960,,man
4144,Fridolf Thapper,Socialdemokraterna,Östergötlands län,Andra kammaren,1958,1960,,man
4145,Fritz Börjesson,Centerpartiet,Kalmar län,Andra kammaren,1958,1960,,man
4146,Fritz Persson,Socialdemokraterna,Kronobergs län,Andra kammaren,1958,1960,,man
4147,Gerda Höjer,Folkpartiet Liberalerna,Stockholms stad,Andra kammaren,1958,1960,,woman
4148,Gunbjörg Thunvall,Socialdemokraterna,Gävleborgs län,Andra kammaren,1958,1960,,
4149,Gunnar Carlsson,Socialdemokraterna,Göteborg,Andra kammaren,1958,1960,,man
4150,Gunnar Engkvist,Socialdemokraterna,Kristianstads län,Andra kammaren,1958,1960,,man
4151,Gunnar Gustafsson,Socialdemokraterna,Göteborgs och Bohus läns landstingsområde,Andra kammaren,1958,1960,,man
4152,Gunnar Heckscher,h,Stockholms stad,Andra kammaren,1958,1960,,man
4153,Gunnar Hedlund,Centerpartiet,Västernorrlands län,Andra kammaren,1958,1960,,man
4154,Gunnar Helén,Folkpartiet Liberalerna,Stockholms län,Andra kammaren,1958,1960,,man
4155,Gunnar Larsson,Centerpartiet,Skaraborgs län,Andra kammaren,1958,1960,,man
4156,Gunnar Lundmark,Socialdemokraterna,Västerbottens län,Andra kammaren,1958,1960,,man
4157,Gunnel Olsson,Socialdemokraterna,Stockholms län,Andra kammaren,1958,1960,,
4158,Gustaf Kollberg,Folkpartiet Liberalerna,Stockholms stad,Andra kammaren,1958,1960,,man
4159,Gustaf Larsson,Socialdemokraterna,Södermanlands län,Andra kammaren,1958,1960,,man
4160,Gustaf Nilson,h,Hallands län,Andra kammaren,1958,1960,,man
4161,Gustav Boija,Folkpartiet Liberalerna,Östergötlands län,Andra kammaren,1958,1960,,man
4162,Gustav Johansson,k,Stockholms stad,Andra kammaren,1958,1960,,man
4163,Gustav Svensson i Vä,Centerpartiet,Jönköpings län,Andra kammaren,1958,1960,,man
4164,Göran Pettersson,Socialdemokraterna,Örebro län,Andra kammaren,1958,1960,,man
4165,Gösta Andersson,Socialdemokraterna,Göteborgs och Bohus läns landstingsområde,Andra kammaren,1958,1960,,man
4166,Gösta Bohman,h,Stockholms stad,Andra kammaren,1958,1960,,man
4167,Gösta Darlin,h,Kristianstads län,Andra kammaren,1958,1960,,man
4168,Gösta Netzén,Socialdemokraterna,Fyrstadskretsen,Andra kammaren,1958,1960,,man
4169,Gösta Skoglund,Socialdemokraterna,Västerbottens län,Andra kammaren,1958,1960,,man
4170,Hans Gustafsson,Socialdemokraterna,Stockholms stad,Andra kammaren,1958,1960,,man
4171,Hans Hagnell,Socialdemokraterna,Stockholms stad,Andra kammaren,1958,1960,,man
4172,Hans Levin,Socialdemokraterna,Malmöhus län,Andra kammaren,1958,1960,,man
4173,Hans Nordgren,h,Gävleborgs län,Andra kammaren,1958,1960,,man
4174,Hans Wachtmeister,h,Blekinge län,Andra kammaren,1958,1960,,man
4175,Harald Almgren,Socialdemokraterna,Jönköpings län,Andra kammaren,1958,1960,,man
4176,Harald Hallén,Socialdemokraterna,Värmlands län,Andra kammaren,1958,1960,,man
4177,Harald Johnsson i Skoglösa,Centerpartiet,Kristianstads län,Andra kammaren,1958,1960,,man
4178,Harald Kärrlander,Socialdemokraterna,Västernorrlands län,Andra kammaren,1958,1960,,man
4179,Harald Larsson,Centerpartiet,Norrbottens län,Andra kammaren,1958,1960,,man
4180,Harry Wahrendorff,Centerpartiet,Värmlands län,Andra kammaren,1958,1960,,man
4181,Helge Lindström,Socialdemokraterna,Jämtlands län,Andra kammaren,1958,1960,,man
4182,Helmer Holmberg,k,Norrbottens län,Andra kammaren,1958,1960,,man
4183,Henning Carlsson,Socialdemokraterna,Jönköpings län,Andra kammaren,1958,1960,,man
4184,Henning Gustafsson,Folkpartiet Liberalerna,Västerbottens län,Andra kammaren,1958,1960,,man
4185,Henning Nilsson,k,Gävleborgs län,Andra kammaren,1958,1960,,man
4186,Henrik Munktell,h,Uppsala län,Andra kammaren,1958,1960,,man
4187,Henry Allard,Socialdemokraterna,Örebro län,Andra kammaren,1958,1960,,man
4188,Henry Brandt,Centerpartiet,Älvsborgs läns södra,Andra kammaren,1958,1960,,man
4189,Hernfrid Bark,Socialdemokraterna,Västmanlands län,Andra kammaren,1958,1960,,
4190,Hilding Hagberg,k,Stockholms stad,Andra kammaren,1958,1960,,man
4191,Hjalmar Gustafson,Socialdemokraterna,Kronobergs län,Andra kammaren,1958,1960,,man
4192,Hjalmar Åhman,Folkpartiet Liberalerna,Stockholms län,Andra kammaren,1958,1960,,man
4193,Hugo Bengtsson,Socialdemokraterna,Fyrstadskretsen,Andra kammaren,1958,1960,,man
4194,Ingemar Andersson,Socialdemokraterna,Östergötlands län,Andra kammaren,1958,1960,,man
4195,Ingemund Bengtsson,Socialdemokraterna,Hallands län,Andra kammaren,1958,1960,,man
4196,Ivar Jansson,Socialdemokraterna,Norrbottens län,Andra kammaren,1958,1960,,man
4197,James Dickson,h,Älvsborgs läns norra,Andra kammaren,1958,1960,,man
4198,Jan-Ivan Nilsson,Centerpartiet,Västerbottens län,Andra kammaren,1958,1960,,
4199,Jarl Hjalmarson,h,Stockholms län,Andra kammaren,1958,1960,,man
4200,Jean Braconier,h,Fyrstadskretsen,Andra kammaren,1958,1960,,
4201,Johan Ågren,Folkpartiet Liberalerna,Kopparbergs län,Andra kammaren,1958,1960,,man
4202,Johannes Antonsson,Centerpartiet,Hallands län,Andra kammaren,1958,1960,,man
4203,Johannes Blidfors,Socialdemokraterna,Fyrstadskretsen,Andra kammaren,1958,1960,,man
4204,Johannes Onsjö (tidigare Johansson),Centerpartiet,Skaraborgs län,Andra kammaren,1958,1960,,man
4205,John Andersson,Folkpartiet Liberalerna,Västernorrlands län,Andra kammaren,1958,1960,,man
4206,John Ericsson i Kinna,Socialdemokraterna,Älvsborgs läns södra,Andra kammaren,1958,1960,,man
4207,John Eriksson i Bäckmora,Centerpartiet,Gävleborgs län,Andra kammaren,1958,1960,,man
4208,John Johansson i Gränö,Centerpartiet,Kalmar län,Andra kammaren,1958,1960,,man
4209,John Lundberg,Socialdemokraterna,Uppsala län,Andra kammaren,1958,1960,,man
4210,John Pettersson,Centerpartiet,Jönköpings län,Andra kammaren,1958,1960,,man
4211,Jöns Nilsson,h,Kristianstads län,Andra kammaren,1958,1960,,
4212,Karin Wetterström,h,Östergötlands län,Andra kammaren,1958,1960,,woman
4213,Karl Andersson i Björkäng,Centerpartiet,Örebro län,Andra kammaren,1958,1960,,man
4214,Karl Jönsson,Socialdemokraterna,Kristianstads län,Andra kammaren,1958,1960,,man
4215,Karl-Gustav Andersson,Socialdemokraterna,Värmlands län,Andra kammaren,1958,1960,,
4216,Knut Senander,k,Göteborg,Andra kammaren,1958,1960,,man
4217,Lars Eliasson,Centerpartiet,Kopparbergs län,Andra kammaren,1958,1960,,man
4218,Lars Jonsson,Socialdemokraterna,Västernorrlands län,Andra kammaren,1958,1960,,man
4219,Leif Cassel,h,Värmlands län,Andra kammaren,1958,1960,,man
4220,Lena Renström-Ingenäs,Socialdemokraterna,Örebro län,Andra kammaren,1958,1960,,woman
4221,Lennart Stiernstedt,h,Stockholms län,Andra kammaren,1958,1960,,man
4222,Lisa Johansson,Socialdemokraterna,Skaraborgs län,Andra kammaren,1958,1960,,woman
4223,Manne Ståhl,Folkpartiet Liberalerna,Värmlands län,Andra kammaren,1958,1960,,man
4224,Margit Vinge,Folkpartiet Liberalerna,Stockholms län,Andra kammaren,1958,1960,,
4225,Marta Lindberg,Socialdemokraterna,Örebro län,Andra kammaren,1958,1960,,woman
4226,Martin Larsson,Folkpartiet Liberalerna,Stockholms stad,Andra kammaren,1958,1960,,man
4227,Martin Skoglund,h,Östergötlands län,Andra kammaren,1958,1960,,man
4228,Mary Holmqvist,Socialdemokraterna,Malmöhus län,Andra kammaren,1958,1960,,woman
4229,Matteus Berglund,Folkpartiet Liberalerna,Örebro län,Andra kammaren,1958,1960,,man
4230,Märta Boman,h,Norrbottens län,Andra kammaren,1958,1960,,woman
4231,Nancy Eriksson,Socialdemokraterna,Stockholms stad,Andra kammaren,1958,1960,,woman
4232,Nils Agerberg,h,Jämtlands län,Andra kammaren,1958,1960,,man
4233,Nils Fröding,h,Västernorrlands län,Andra kammaren,1958,1960,,man
4234,Nils G. Hansson i Skegrie,Centerpartiet,Malmöhus län,Andra kammaren,1958,1960,,man
4235,Nils Kellgren,Socialdemokraterna,Stockholms stad,Andra kammaren,1958,1960,,man
4236,Nils Odhe,Socialdemokraterna,Skaraborgs län,Andra kammaren,1958,1960,,man
4237,Nils Stenberg,Folkpartiet Liberalerna,Gävleborgs län,Andra kammaren,1958,1960,,man
4238,Olaus Nyberg,Folkpartiet Liberalerna,Blekinge län,Andra kammaren,1958,1960,,man
4239,Olof Andreasson,Socialdemokraterna,Göteborg,Andra kammaren,1958,1960,,man
4240,Olof Hammar,Folkpartiet Liberalerna,Kopparbergs län,Andra kammaren,1958,1960,,man
4241,Olof Johansson,Folkpartiet Liberalerna,Göteborgs och Bohus läns landstingsområde,Andra kammaren,1958,1960,,man
4242,Olof Nilsson i Göteborg,Socialdemokraterna,Göteborg,Andra kammaren,1958,1960,,man
4243,Olof Persson,Socialdemokraterna,Kopparbergs län,Andra kammaren,1958,1960,,man
4244,Olof Wiklund,Socialdemokraterna,Norrbottens län,Andra kammaren,1958,1960,,man
4245,Olov Rylander,Folkpartiet Liberalerna,Västmanlands län,Andra kammaren,1958,1960,,man
4246,Oscar Franzén,Socialdemokraterna,Östergötlands län,Andra kammaren,1958,1960,,man
4247,Oscar Malmborg,Folkpartiet Liberalerna,Skaraborgs län,Andra kammaren,1958,1960,,man
4248,Oskar Åkerström,Socialdemokraterna,Västerbottens län,Andra kammaren,1958,1960,,man
4249,Ossian Sehlstedt,Socialdemokraterna,Södermanlands län,Andra kammaren,1958,1960,,man
4250,Ove Gansmoe,h,Stockholms stad,Andra kammaren,1958,1960,,man
4251,Patrik Svensson,Socialdemokraterna,Älvsborgs läns norra,Andra kammaren,1958,1960,,man
4252,Per Edvin Sköld,Socialdemokraterna,Malmöhus län,Andra kammaren,1958,1960,,man
4253,Per Svensson,Centerpartiet,Gotlands län,Andra kammaren,1958,1960,,man
4254,Ragnar Edenman,Socialdemokraterna,Uppsala län,Andra kammaren,1958,1960,,man
4255,Ragnar Ekström,Socialdemokraterna,Södermanlands län,Andra kammaren,1958,1960,,man
4256,Ragnar Lassinantti,Socialdemokraterna,Norrbottens län,Andra kammaren,1958,1960,,man
4257,Ragnhild Sandström,Folkpartiet Liberalerna,Västerbottens län,Andra kammaren,1958,1960,,
4258,Rolf Eliasson,h,Skaraborgs län,Andra kammaren,1958,1960,,man
4259,Rosa Svensson i Kungsör,Socialdemokraterna,Västmanlands län,Andra kammaren,1958,1960,,woman
4260,Rune Carlstein,Socialdemokraterna,Älvsborgs läns södra,Andra kammaren,1958,1960,,man
4261,Rune Gustavsson,Centerpartiet,Kronobergs län,Andra kammaren,1958,1960,,man
4262,Rune Johansson i Norrköping,Socialdemokraterna,Östergötlands län,Andra kammaren,1958,1960,,man
4263,Sam Norup,Centerpartiet,Kristianstads län,Andra kammaren,1958,1960,,man
4264,Sigfrid Jonsson,Socialdemokraterna,Jämtlands län,Andra kammaren,1958,1960,,
4265,Sigfrid Löfgren,Folkpartiet Liberalerna,Fyrstadskretsen,Andra kammaren,1958,1960,,
4266,Sigrid Ekendahl,Socialdemokraterna,Stockholms stad,Andra kammaren,1958,1960,,woman
4267,Sigurd Lindholm,Socialdemokraterna,Gävleborgs län,Andra kammaren,1958,1960,,man
4268,Sigvard Rimås,Folkpartiet Liberalerna,Östergötlands län,Andra kammaren,1958,1960,,man
4269,Stellan Arvidsson,Socialdemokraterna,Stockholms stad,Andra kammaren,1958,1960,,man
4270,Sten Källenius,h,Stockholms stad,Andra kammaren,1958,1960,,man
4271,Sten Wahlund,Centerpartiet,Uppsala län,Andra kammaren,1958,1960,,man
4272,Stig Alemyr,Socialdemokraterna,Kalmar län,Andra kammaren,1958,1960,,man
4273,Stig F. Hansson,Centerpartiet,Malmöhus län,Andra kammaren,1958,1960,,man
4274,Stina Wallerius-Gunne,h,Göteborg,Andra kammaren,1958,1960,,woman
4275,Svante Lundkvist,Socialdemokraterna,Södermanlands län,Andra kammaren,1958,1960,,man
4276,Sven A. Svensson,h,Kalmar län,Andra kammaren,1958,1960,,man
4277,Sven Andersson i Billingsfors,Socialdemokraterna,Älvsborgs läns norra,Andra kammaren,1958,1960,,man
4278,Sven Antby,Folkpartiet Liberalerna,Älvsborgs läns norra,Andra kammaren,1958,1960,,man
4279,Sven Ekström,Socialdemokraterna,Gävleborgs län,Andra kammaren,1958,1960,,man
4280,Sven Gustafson,Folkpartiet Liberalerna,Göteborg,Andra kammaren,1958,1960,,man
4281,Sven Hedqvist,Socialdemokraterna,Stockholms län,Andra kammaren,1958,1960,,man
4282,Sven Mellqvist,Socialdemokraterna,Kopparbergs län,Andra kammaren,1958,1960,,man
4283,Sven Persson,Socialdemokraterna,Östergötlands län,Andra kammaren,1958,1960,,man
4284,Sven Vigelsbo,Centerpartiet,Västmanlands län,Andra kammaren,1958,1960,,man
4285,Sven Wedén,Folkpartiet Liberalerna,Södermanlands län,Andra kammaren,1958,1960,,man
4286,Tage Erlander,Socialdemokraterna,Stockholms stad,Andra kammaren,1958,1960,,man
4287,Tage Magnusson,h,Älvsborgs läns södra,Andra kammaren,1958,1960,,man
4288,Tekla Torbrink,Socialdemokraterna,Kalmar län,Andra kammaren,1958,1960,,woman
4289,Thorbjörn Fälldin,Centerpartiet,Västernorrlands län,Andra kammaren,1958,1960,,
4290,Thure Andersson,Socialdemokraterna,Blekinge län,Andra kammaren,1958,1960,,man
4291,Thyra Löfqvist,Socialdemokraterna,Blekinge län,Andra kammaren,1958,1960,,woman
4292,Tore Bengtsson,Socialdemokraterna,Hallands län,Andra kammaren,1958,1960,,man
4293,Torgil von Seth,h,Jönköpings län,Andra kammaren,1958,1960,,
4294,Torsten Fredriksson,Socialdemokraterna,Kopparbergs län,Andra kammaren,1958,1960,,
4295,Torsten Nilsson,Socialdemokraterna,Stockholms stad,Andra kammaren,1958,1960,,
4296,Ture Königson,Folkpartiet Liberalerna,Göteborg,Andra kammaren,1958,1960,,man
4297,Ulla Lidman-Frostenson,h,Stockholms län,Andra kammaren,1958,1960,,
4298,Valdemar Berglund,Socialdemokraterna,Norrbottens län,Andra kammaren,1958,1960,,man
4299,Valter Kristensson,Socialdemokraterna,Göteborg,Andra kammaren,1958,1960,,man
4300,Viola Sandell,Socialdemokraterna,Värmlands län,Andra kammaren,1958,1960,,woman
4301,Waldemar Svensson i Ljungskile,Folkpartiet Liberalerna,Göteborgs och Bohus läns landstingsområde,Andra kammaren,1958,1960,,man
4302,Walter Sundström,Socialdemokraterna,Skaraborgs län,Andra kammaren,1958,1960,,man
4303,Yngve Hamrin,Folkpartiet Liberalerna,Jönköpings län,Andra kammaren,1958,1960,,man
4304,Åke Zetterberg,Socialdemokraterna,Stockholms stad,Andra kammaren,1958,1960,,man
4305,Alvar Mårtensson,Socialdemokraterna,(mandatperiod 1961-1968),Första kammaren,1958,1964,,man
4306,Anders Johansson i Kråkered,Folkpartiet Liberalerna,(mandatperiod 1954-1961),Första kammaren,1958,1964,,man
4307,Annie Wallentheim,Socialdemokraterna,(mandatperiod 1955-1962),Första kammaren,1958,1964,,woman
4308,Anselm Gillström,Socialdemokraterna,(mandatperiod 1957-1964),Första kammaren,1958,1964,,man
4309,Anton Larsson,Centerpartiet,(mandatperiod 1954-1961),Första kammaren,1958,1964,,man
4310,Arne Geijer,Socialdemokraterna,(mandatperiod 1955-1962),Första kammaren,1958,1964,,man
4311,Arvid Hellebladh,Socialdemokraterna,(mandatperiod 1960-1967),Första kammaren,1958,1964,,man
4312,Axel Andersson i Örnsköldsvik,Folkpartiet Liberalerna,(mandatperiod 1957-1964),Första kammaren,1958,1964,,man
4313,Axel E. Andersson,Centerpartiet,(mandatperiod 1961-1968),Första kammaren,1958,1964,,man
4314,Axel E. Svensson,Socialdemokraterna,(mandatperiod 1961-1968),Första kammaren,1958,1964,,man
4315,Axel Strand,Socialdemokraterna,(mandatperiod 1954-1961),Första kammaren,1958,1964,,man
4316,Bengt Elmgren,Socialdemokraterna,(mandatperiod 1957-1964),Första kammaren,1958,1964,,man
4317,Bengt Gustavsson,Socialdemokraterna,(mandatperiod 1956-1963),Första kammaren,1958,1964,,man
4318,Bengt Sjönell,Folkpartiet Liberalerna,(mandatperiod 1954-1961),Första kammaren,1958,1964,,man
4319,Bertil Andersson,Socialdemokraterna,(mandatperiod 1956-1963),Första kammaren,1958,1964,,man
4320,Bertil Jonasson,Centerpartiet,(mandatperiod 1958-1965),Första kammaren,1958,1964,,man
4321,Bertil Mogård,Socialdemokraterna,(mandatperiod 1954-1961),Första kammaren,1958,1964,,man
4322,Bertil Petersson,Socialdemokraterna,(mandatperiod 1960-1967),Första kammaren,1958,1964,,man
4323,Birger Andersson,Socialdemokraterna,(mandatperiod 1960-1967),Första kammaren,1958,1964,,man
4324,Birger Gezelius,h,(mandatperiod 1960-1967),Första kammaren,1958,1964,,man
4325,Birger Lundström,Folkpartiet Liberalerna,(mandatperiod 1954-1961),Första kammaren,1958,1964,,man
4326,Bo Siegbahn,Socialdemokraterna,(mandatperiod 1954-1961),Första kammaren,1958,1964,,man
4327,Carl Albert Andersson,Socialdemokraterna,(mandatperiod 1954-1961),Första kammaren,1958,1964,,man
4328,Carl Eskilsson,h,(mandatperiod 1957-1964),Första kammaren,1958,1964,,man
4329,Carl Olsén,Socialdemokraterna,(mandatperiod 1957-1964),Första kammaren,1958,1964,,man
4330,Dagmar Ranmark,Socialdemokraterna,(mandatperiod 1958-1965),Första kammaren,1958,1964,,
4331,David Ollén,Folkpartiet Liberalerna,(mandatperiod 1954-1961),Första kammaren,1958,1964,,man
4332,Ebbe Ohlsson,h,(mandatperiod 1959-1966),Första kammaren,1958,1964,,man
4333,Ebon Andersson,h,(mandatperiod 1954-1961),Första kammaren,1958,1964,,
4334,Edvin Thun,Socialdemokraterna,(mandatperiod 1955-1962),Första kammaren,1958,1964,,man
4335,Einar Dahl,Socialdemokraterna,(mandatperiod 1958-1965),Första kammaren,1958,1964,,man
4336,Einar Eriksson,Socialdemokraterna,(mandatperiod 1955-1962),Första kammaren,1958,1964,,man
4337,Einar Persson,Socialdemokraterna,(mandatperiod 1960-1967),Första kammaren,1958,1964,,man
4338,Emanuel Birke,h,(mandatperiod 1955-1962),Första kammaren,1958,1964,,man
4339,Emil Ahlkvist,Socialdemokraterna,(mandatperiod 1961-1968),Första kammaren,1958,1964,,man
4340,Emil Näsström,Socialdemokraterna,(mandatperiod 1957-1964),Första kammaren,1958,1964,,man
4341,Eric Carlsson,Centerpartiet,(mandatperiod 1960-1967),Första kammaren,1958,1964,,man
4342,Eric Holmqvist,Socialdemokraterna,(mandatperiod 1961-1968),Första kammaren,1958,1964,,man
4343,Eric Källqvist,Folkpartiet Liberalerna,(mandatperiod 1958-1965),Första kammaren,1958,1964,,man
4344,Eric Mossberger,Socialdemokraterna,(mandatperiod 1959-1966),Första kammaren,1958,1964,,man
4345,Erik Alexandersson,Folkpartiet Liberalerna,(mandatperiod 1955-1962),Första kammaren,1958,1964,,man
4346,Erik Boheman,Folkpartiet Liberalerna,(mandatperiod 1959-1966),Första kammaren,1958,1964,,man
4347,Erik Hagberg,h,(mandatperiod 1961-1968),Första kammaren,1958,1964,,man
4348,Erik Jansson,Socialdemokraterna,(mandatperiod 1955-1962),Första kammaren,1958,1964,,man
4349,Erik Olsson i Krokom,Socialdemokraterna,(mandatperiod 1957-1964),Första kammaren,1958,1964,,man
4350,Erik Svedberg,Socialdemokraterna,(mandatperiod 1961-1968),Första kammaren,1958,1964,,man
4351,Erik Wärnberg,Socialdemokraterna,(mandatperiod 1957-1964),Första kammaren,1958,1964,,man
4352,Ernst Olsson,Centerpartiet,(mandatperiod 1956-1963),Första kammaren,1958,1964,,man
4353,Ferdinand Nilsson,Centerpartiet,(mandatperiod 1955-1962),Första kammaren,1958,1964,,man
4354,Fridolf Wirmark,Socialdemokraterna,(mandatperiod 1959-1966),Första kammaren,1958,1964,,man
4355,Fritz Persson,Socialdemokraterna,(mandatperiod 1959-1966),Första kammaren,1958,1964,,man
4356,Georg Branting,Socialdemokraterna,(mandatperiod 1954-1961),Första kammaren,1958,1964,,man
4357,Georg Carlsson,Centerpartiet,(mandatperiod 1956-1963),Första kammaren,1958,1964,,man
4358,Georg Pettersson,Socialdemokraterna,(mandatperiod 1960-1967),Första kammaren,1958,1964,,man
4359,Gunnar Berg,Socialdemokraterna,(mandatperiod 1956-1963),Första kammaren,1958,1964,,man
4360,Gunnar Edström,Folkpartiet Liberalerna,(mandatperiod 1961-1968),Första kammaren,1958,1964,,man
4361,Gunnar Lange,Socialdemokraterna,(mandatperiod 1961-1968),Första kammaren,1958,1964,,man
4362,Gunnar Pettersson,Folkpartiet Liberalerna,(mandatperiod 1959-1966),Första kammaren,1958,1964,,man
4363,Gunnar Spetz,Folkpartiet Liberalerna,(mandatperiod 1958-1965),Första kammaren,1958,1964,,man
4364,Gunnar Sträng,Socialdemokraterna,(mandatperiod 1954-1961),Första kammaren,1958,1964,,man
4365,Gunnar Svärd,h,(mandatperiod 1958-1965),Första kammaren,1958,1964,,man
4366,Gunnar Öhman,k,(mandatperiod 1959-1966),Första kammaren,1958,1964,,man
4367,Gustaf Elofsson,Centerpartiet,(mandatperiod 1956-1963),Första kammaren,1958,1964,,man
4368,Gustaf Sundelin,Folkpartiet Liberalerna,(mandatperiod 1959-1966),Första kammaren,1958,1964,,man
4369,Gustav Fahlander,Socialdemokraterna,(mandatperiod 1956-1963),Första kammaren,1958,1964,,man
4370,Gärda Svensson,bf,(mandatperiod 1959-1966),Första kammaren,1958,1964,,
4371,Göran Karlsson,Socialdemokraterna,(mandatperiod 1958-1965),Första kammaren,1958,1964,,man
4372,Gösta Jacobsson,h,(mandatperiod 1961-1968),Första kammaren,1958,1964,,man
4373,Harald Pettersson,Centerpartiet,(mandatperiod 1960-1967),Första kammaren,1958,1964,,man
4374,Helmer Persson,k,(mandatperiod 1955-1962),Första kammaren,1958,1964,,man
4375,Henry Hansson,h,(mandatperiod 1959-1966),Första kammaren,1958,1964,,man
4376,Herbert Hermansson,bf,(mandatperiod 1958-1965),Första kammaren,1958,1964,,man
4377,Herbert Larsson,Socialdemokraterna,(mandatperiod 1954-1961),Första kammaren,1958,1964,,man
4378,Hjalmar Nilsson,Socialdemokraterna,(mandatperiod 1957-1964),Första kammaren,1958,1964,,man
4379,Hjalmar Nyström,Socialdemokraterna,(mandatperiod 1955-1962),Första kammaren,1958,1964,,man
4380,Hugo Osvald,Folkpartiet Liberalerna,(mandatperiod 1956-1963),Första kammaren,1958,1964,,man
4381,Ingeborg Carlqvist,Socialdemokraterna,(mandatperiod 1961-1968),Första kammaren,1958,1964,,
4382,Ingrid Segerstedt-Wiberg,Folkpartiet Liberalerna,(mandatperiod 1959-1966),Första kammaren,1958,1964,,woman
4383,Ivan Svanström,Centerpartiet,(mandatperiod 1960-1967),Första kammaren,1958,1964,,man
4384,Ivar Johansson,Centerpartiet,(mandatperiod 1957-1964),Första kammaren,1958,1964,,man
4385,Ivar Virgin,h,(mandatperiod 1960-1967),Första kammaren,1958,1964,,man
4386,Jakob Grym,Socialdemokraterna,(mandatperiod 1955-1962),Första kammaren,1958,1964,,man
4387,Johan Kronstrand,Folkpartiet Liberalerna,(mandatperiod 1954-1961),Första kammaren,1958,1964,,man
4388,Johan Persson,Folkpartiet Liberalerna,(mandatperiod 1956-1963),Första kammaren,1958,1964,,man
4389,Johan Sunne,Folkpartiet Liberalerna,(mandatperiod 1957-1964),Första kammaren,1958,1964,,man
4390,John Ericsson i Kinna,Socialdemokraterna,(mandatperiod 1960-1967),Första kammaren,1958,1964,,man
4391,John-Arvid Arvidson,h,(mandatperiod 1961-1968),Första kammaren,1958,1964,,
4392,Jon Jonsson i Fjäle,Socialdemokraterna,(mandatperiod 1961-1968),Första kammaren,1958,1964,,man
4393,Josef Nord,Folkpartiet Liberalerna,(mandatperiod 1960-1967),Första kammaren,1958,1964,,man
4394,Karl Damström,Socialdemokraterna,(mandatperiod 1960-1967),Första kammaren,1958,1964,,man
4395,Knut Ewerlöf,h,(mandatperiod 1954-1961),Första kammaren,1958,1964,,man
4396,Knut Hesselbom,Socialdemokraterna,(mandatperiod 1954-1961),Första kammaren,1958,1964,,man
4397,Knut Johansson,Socialdemokraterna,(mandatperiod 1954-1961),Första kammaren,1958,1964,,man
4398,Lage Svedberg,Socialdemokraterna,(mandatperiod 1955-1962),Första kammaren,1958,1964,,man
4399,Lars Fagerström,Socialdemokraterna,(mandatperiod 1954-1961),Första kammaren,1958,1964,,man
4400,Lars Larsson i Lotorp,Socialdemokraterna,(mandatperiod 1957-1964),Första kammaren,1958,1964,,man
4401,Lars Lindahl,Socialdemokraterna,(mandatperiod 1959-1966),Första kammaren,1958,1964,,man
4402,Lars Schött,h,(mandatperiod 1960-1967),Första kammaren,1958,1964,,man
4403,Lisa Mattsson,Socialdemokraterna,(mandatperiod 1959-1966),Första kammaren,1958,1964,,woman
4404,Maja Nilsson,Socialdemokraterna,(mandatperiod 1960-1967),Första kammaren,1958,1964,,woman
4405,Margareta Nordström,Folkpartiet Liberalerna,(mandatperiod 1954-1961),Första kammaren,1958,1964,,
4406,Martin Söderquist,Folkpartiet Liberalerna,(mandatperiod 1955-1962),Första kammaren,1958,1964,,man
4407,Nils B. Hansson,Folkpartiet Liberalerna,(mandatperiod 1956-1963),Första kammaren,1958,1964,,man
4408,Nils Elowsson,Socialdemokraterna,(mandatperiod 1956-1963),Första kammaren,1958,1964,,man
4409,Nils G. Strandler,Socialdemokraterna,(mandatperiod 1957-1964),Första kammaren,1958,1964,,man
4410,Nils Magnusson,Socialdemokraterna,(mandatperiod 1958-1965),Första kammaren,1958,1964,,man
4411,Nils Nestrup,Folkpartiet Liberalerna,(mandatperiod 1959-1966),Första kammaren,1958,1964,,man
4412,Nils Ståhle,Socialdemokraterna,(mandatperiod 1956-1963),Första kammaren,1958,1964,,man
4413,Nils Theodor Larsson,Centerpartiet,(mandatperiod 1960-1967),Första kammaren,1958,1964,,man
4414,Nils-Eric Gustafsson,Centerpartiet,(mandatperiod 1955-1962),Första kammaren,1958,1964,,
4415,Olof Palme,Socialdemokraterna,(mandatperiod 1958-1965),Första kammaren,1958,1964,,man
4416,Olof Pålsson,Centerpartiet,(mandatperiod 1957-1964),Första kammaren,1958,1964,,man
4417,Oscar Carlsson,Socialdemokraterna,(mandatperiod 1958-1965),Första kammaren,1958,1964,,man
4418,Per Bergman,Socialdemokraterna,(mandatperiod 1959-1966),Första kammaren,1958,1964,,man
4419,Per Hilding,Folkpartiet Liberalerna,(mandatperiod 1961-1968),Första kammaren,1958,1964,,man
4420,Per Jacobsson i Vindeln,Folkpartiet Liberalerna,(mandatperiod 1955-1962),Första kammaren,1958,1964,,man
4421,Per Olofsson,Socialdemokraterna,(mandatperiod 1957-1964),Första kammaren,1958,1964,,man
4422,Per-Eric Ringaby,h,(mandatperiod 1958-1965),Första kammaren,1958,1964,,
4423,Per-Olof Hansson,Folkpartiet Liberalerna,(mandatperiod 1954-1961),Första kammaren,1958,1964,,
4424,Ragnar Bergh,h,(mandatperiod 1955-1962),Första kammaren,1958,1964,,man
4425,Ragnar Persson,Socialdemokraterna,(mandatperiod 1959-1966),Första kammaren,1958,1964,,man
4426,Ragnar Sveningsson,h,(mandatperiod 1954-1961),Första kammaren,1958,1964,,man
4427,Rickard Sandler,Socialdemokraterna,(mandatperiod 1961-1968),Första kammaren,1958,1964,,man
4428,Rikard Svensson,Socialdemokraterna,(mandatperiod 1956-1963),Första kammaren,1958,1964,,man
4429,Rolf Kaijser,h,(mandatperiod 1958-1965),Första kammaren,1958,1964,,man
4430,Rudolf Boman,Folkpartiet Liberalerna,(mandatperiod 1958-1965),Första kammaren,1958,1964,,man
4431,Ruth Hamrin-Thorell,,(mandatperiod 1955-1962),Första kammaren,1958,1964,,woman
4432,Staffan Hedblom,Folkpartiet Liberalerna,(mandatperiod 1954-1961),Första kammaren,1958,1964,,man
4433,Sten Söderberg,Socialdemokraterna,(mandatperiod 1956-1963),Första kammaren,1958,1964,,man
4434,Sten Åkesson,Folkpartiet Liberalerna,(mandatperiod 1956-1963),Första kammaren,1958,1964,,man
4435,Stig Gorthon,h,(mandatperiod 1961-1968),Första kammaren,1958,1964,,man
4436,Stig Stefanson,Folkpartiet Liberalerna,(mandatperiod 1960-1967),Första kammaren,1958,1964,,man
4437,Sture Palm,Socialdemokraterna,(mandatperiod 1955-1962),Första kammaren,1958,1964,,man
4438,Svante Kristiansson,Socialdemokraterna,(mandatperiod 1956-1963),Första kammaren,1958,1964,,man
4439,Sven Andersson,Socialdemokraterna,(mandatperiod 1956-1963),Första kammaren,1958,1964,,man
4440,Sven Aspling,k,(mandatperiod 1959-1966),Första kammaren,1958,1964,,man
4441,Sven Sundin,Centerpartiet,(mandatperiod 1957-1964),Första kammaren,1958,1964,,man
4442,Tage Johansson,Socialdemokraterna,(mandatperiod 1958-1965),Första kammaren,1958,1964,,man
4443,Thore Sörlin,Socialdemokraterna,(mandatperiod 1955-1962),Första kammaren,1958,1964,,
4444,Thorsten Larsson,Centerpartiet,(mandatperiod 1961-1968),Första kammaren,1958,1964,,
4445,Torsten Andersson i Brämhult,Centerpartiet,(mandatperiod 1954-1961),Första kammaren,1958,1964,,
4446,Torsten Bengtsson,Centerpartiet,(mandatperiod 1958-1965),Första kammaren,1958,1964,,
4447,Torsten Mattsson,Centerpartiet,(mandatperiod 1959-1966),Första kammaren,1958,1964,,
4448,Ulla Lindström,Socialdemokraterna,(mandatperiod 1954-1961),Första kammaren,1958,1964,,
4449,Uno Hedström,Socialdemokraterna,(mandatperiod 1955-1962),Första kammaren,1958,1964,,man
4450,Uno Olofsson,Folkpartiet Liberalerna,(mandatperiod 1955-1962),Första kammaren,1958,1964,,man
4451,Valter Åman,Socialdemokraterna,(mandatperiod 1954-1961),Första kammaren,1958,1964,,man
4452,Yngve Möller,Socialdemokraterna,(mandatperiod 1961-1968),Första kammaren,1958,1964,,man
4453,Yngve Nilsson,h,(mandatperiod 1956-1963),Första kammaren,1958,1964,,man
4454,Åke Larsson,Socialdemokraterna,(mandatperiod 1959-1966),Första kammaren,1958,1964,,man
4455,Östen Undén,Socialdemokraterna,(mandatperiod 1958-1965),Första kammaren,1958,1964,,man
4456,Alf Andersson,Socialdemokraterna,Västernorrlands län,Andra kammaren,1961,1964,,man
4457,Alf Wennerfors (12 september 1962–1964),h,Stockholms län,Andra kammaren,1961,1964,,man
4458,Alvar Andersson (politiker),Centerpartiet,Hallands län,Andra kammaren,1961,1964,,man
4459,Anders Forsberg,Socialdemokraterna,Jönköpings län,Andra kammaren,1961,1964,,man
4460,Anders Haglund,Socialdemokraterna,Gävleborgs län,Andra kammaren,1961,1964,,man
4461,Anders Pettersson,Centerpartiet,Hallands län,Andra kammaren,1961,1964,,man
4462,Anna-Lisa Lewén-Eliasson,Socialdemokraterna,Stockholms län,Andra kammaren,1961,1964,,
4463,Annie Jäderberg,Socialdemokraterna,Norrbottens län,Andra kammaren,1961,1964,,woman
4464,Arne Blomkvist,Socialdemokraterna,Skaraborgs län,Andra kammaren,1961,1964,,man
4465,Arthur Sköldin,Socialdemokraterna,Stockholms län,Andra kammaren,1961,1964,,man
4466,Arvid Andersson i Gunnarskog,Socialdemokraterna,Värmlands län,Andra kammaren,1961,1964,,man
4467,Arvid Eskel,Socialdemokraterna,Värmlands län,Andra kammaren,1961,1964,,man
4468,Arvid Nilsson i Lönsboda,Folkpartiet Liberalerna,Kristianstads län,Andra kammaren,1961,1964,,man
4469,Astrid Bergegren,Socialdemokraterna,Östergötlands län,Andra kammaren,1961,1964,,woman
4470,Astrid Kristensson,h,Stockholms stad,Andra kammaren,1961,1964,,woman
4471,Astrid Lindekvist,Socialdemokraterna,Västerbottens län,Andra kammaren,1961,1964,,woman
4472,August Spångberg,Socialdemokraterna,Värmlands län,Andra kammaren,1961,1964,,man
4473,Augustinus Keijer,Folkpartiet Liberalerna,Stockholms län,Andra kammaren,1961,1964,,
4474,Axel Gustafsson,Folkpartiet Liberalerna,Älvsborgs läns södra,Andra kammaren,1961,1964,,man
4475,Axel Landgren,Socialdemokraterna,Malmöhus län,Andra kammaren,1961,1964,,man
4476,Bengt Arweson,Socialdemokraterna,Gotlands län,Andra kammaren,1961,1964,,man
4477,Bengt Bengtsson,h,Göteborg,Andra kammaren,1961,1964,,man
4478,Bengt Börjesson,Centerpartiet,Skaraborgs län,Andra kammaren,1961,1964,,man
4479,Bengt Fagerlund,Socialdemokraterna,Kronobergs län,Andra kammaren,1961,1964,,man
4480,Bernhard Sundelin,Socialdemokraterna,Västernorrlands län,Andra kammaren,1961,1964,,man
4481,Bertil Ohlin,Folkpartiet Liberalerna,Stockholms stad,Andra kammaren,1961,1964,,man
4482,Bertil von Friesen,Folkpartiet Liberalerna,Göteborg,Andra kammaren,1961,1964,,man
4483,Birger Nilsson,Socialdemokraterna,Jämtlands län,Andra kammaren,1961,1964,,man
4484,Bo Martinsson,Socialdemokraterna,Västernorrlands län,Andra kammaren,1961,1964,,man
4485,Bo Turesson,h,Kopparbergs län,Andra kammaren,1961,1964,,man
4486,Brita Elmén,Folkpartiet Liberalerna,Göteborg,Andra kammaren,1961,1964,,
4487,Bror Nyström,Socialdemokraterna,Stockholms län,Andra kammaren,1961,1964,,man
4488,C.W. Carlsson,Folkpartiet Liberalerna,Stockholms stad,Andra kammaren,1961,1964,,
4489,Carl Christenson,Folkpartiet Liberalerna,Fyrstadskretsen,Andra kammaren,1961,1964,,man
4490,Carl E. Johansson,Socialdemokraterna,Bohuslän,Andra kammaren,1961,1964,,man
4491,Carl Göran Regnéll,h,Fyrstadskretsen,Andra kammaren,1961,1964,,man
4492,Carl Östlund,h,Västerbottens län,Andra kammaren,1961,1964,,man
4493,Carl-Eric Hedin,h,Södermanlands län,Andra kammaren,1961,1964,,
4494,Carl-Erik Johansson,Socialdemokraterna,Stockholms län,Andra kammaren,1961,1964,,
4495,Carl-Gustav Enskog,Folkpartiet Liberalerna,Västmanlands län,Andra kammaren,1961,1964,,
4496,Cecilia Nettelbrandt,Folkpartiet Liberalerna,Stockholms län,Andra kammaren,1961,1964,,woman
4497,Christian von Sydow,h,Östergötlands län,Andra kammaren,1961,1964,,man
4498,Dag Edlund,h,Västmanlands län,Andra kammaren,1961,1964,,man
4499,Daniel Wiklund,Folkpartiet Liberalerna,Stockholms stad,Andra kammaren,1961,1964,,man
4500,David Gomér,Centerpartiet,Östergötlands län,Andra kammaren,1961,1964,,man
4501,David Svenungsson,h,Stockholms stad,Andra kammaren,1961,1964,,man
4502,Ebbe Rydén,Folkpartiet Liberalerna,Örebro län,Andra kammaren,1961,1964,,man
4503,Einar Asp,Socialdemokraterna,Gävleborgs län,Andra kammaren,1961,1964,,man
4504,Einar Gustafsson,Centerpartiet,Östergötlands län,Andra kammaren,1961,1964,,man
4505,Einar Haeggblom,h,Kalmar län,Andra kammaren,1961,1964,,man
4506,Einar Henningsson,Socialdemokraterna,Fyrstadskretsen,Andra kammaren,1961,1964,,man
4507,Einar Larsson,Centerpartiet,Kristianstads län,Andra kammaren,1961,1964,,man
4508,Einar Rimmerfors,Folkpartiet Liberalerna,Stockholms stad,Andra kammaren,1961,1964,,man
4509,Elias Jönsson,Folkpartiet Liberalerna,Jämtlands län,Andra kammaren,1961,1964,,man
4510,Elisabeth Sjövall,Socialdemokraterna,Göteborg,Andra kammaren,1961,1964,,woman
4511,Elsa Lindskog,Socialdemokraterna,Kopparbergs län,Andra kammaren,1961,1964,,woman
4512,Elvira Holmberg,Socialdemokraterna,Västernorrlands län,Andra kammaren,1961,1964,,woman
4513,Emil Elmvall,Centerpartiet,Södermanlands län,Andra kammaren,1961,1964,,man
4514,Eric Carlsson,Socialdemokraterna,Västmanlands län,Andra kammaren,1961,1964,,man
4515,Eric Johanson,Socialdemokraterna,Kalmar län,Andra kammaren,1961,1964,,man
4516,Eric Karlsson,Socialdemokraterna,Blekinge län,Andra kammaren,1961,1964,,man
4517,Eric Nelander,Folkpartiet Liberalerna,Malmöhus län,Andra kammaren,1961,1964,,man
4518,Eric Nilsson,h,Malmöhus län,Andra kammaren,1961,1964,,man
4519,Eric Svenning,Socialdemokraterna,Fyrstadskretsen,Andra kammaren,1961,1964,,man
4520,Erik Adamsson,Socialdemokraterna,Fyrstadskretsen,Andra kammaren,1961,1964,,man
4521,Erik Anners,h,Uppsala län,Andra kammaren,1961,1964,,man
4522,Erik Brandt,Socialdemokraterna,Örebro län,Andra kammaren,1961,1964,,man
4523,Erik Grebäck,Centerpartiet,Stockholms län,Andra kammaren,1961,1964,,man
4524,Erik Larsson i Norderön,Centerpartiet,Jämtlands län,Andra kammaren,1961,1964,,man
4525,Erik Magnusson,h,Kronobergs län,Andra kammaren,1961,1964,,man
4526,Erik Tobé,Folkpartiet Liberalerna,Uppsala län,Andra kammaren,1961,1964,,man
4527,Erik Östrand,Socialdemokraterna,Kopparbergs län,Andra kammaren,1961,1964,,man
4528,Erland Carbell,Socialdemokraterna,Stockholms stad,Andra kammaren,1961,1964,,man
4529,Ernst Jacobsson,Socialdemokraterna,Västmanlands län,Andra kammaren,1961,1964,,man
4530,Ernst Staxäng (tidigare Olsson),h,Bohuslän,Andra kammaren,1961,1964,,man
4531,Essen Lindahl,Socialdemokraterna,Stockholms län,Andra kammaren,1961,1964,,
4532,Etty Eriksson,Socialdemokraterna,Kristianstads län,Andra kammaren,1961,1964,,
4533,Eva Karlsson,h,Fyrstadskretsen,Andra kammaren,1961,1964,,woman
4534,Evert Svensson,Socialdemokraterna,Bohuslän,Andra kammaren,1961,1964,,man
4535,Folke Björkman,h,Stockholms stad,Andra kammaren,1961,1964,,man
4536,Folke Trana,Socialdemokraterna,Stockholms län,Andra kammaren,1961,1964,,man
4537,Fredrik-Adolf Hamilton af Hageby,h,Örebro län,Andra kammaren,1961,1964,,
4538,Fridolf Jansson,Centerpartiet,Kronobergs län,Andra kammaren,1961,1964,,man
4539,Fridolf Thapper,Socialdemokraterna,Östergötlands län,Andra kammaren,1961,1964,,man
4540,Fritz Börjesson,Centerpartiet,Kalmar län,Andra kammaren,1961,1964,,man
4541,Gunbjörg Thunvall,Socialdemokraterna,Gävleborgs län,Andra kammaren,1961,1964,,
4542,Gunnar Carlsson,Socialdemokraterna,Göteborg,Andra kammaren,1961,1964,,man
4543,Gunnar Engkvist,Socialdemokraterna,Kristianstads län,Andra kammaren,1961,1964,,man
4544,Gunnar Eskilsson,Socialdemokraterna,Värmlands län,Andra kammaren,1961,1964,,man
4545,Gunnar Gustafsson,Socialdemokraterna,Bohuslän,Andra kammaren,1961,1964,,man
4546,Gunnar Heckscher,h,Stockholms stad,Andra kammaren,1961,1964,,man
4547,Gunnar Hedlund,Centerpartiet,Västernorrlands län,Andra kammaren,1961,1964,,man
4548,Gunnar Helén,Folkpartiet Liberalerna,Stockholms län,Andra kammaren,1961,1964,,man
4549,Gunnar Larsson,Centerpartiet,Skaraborgs län,Andra kammaren,1961,1964,,man
4550,Gunnar Lundmark,Socialdemokraterna,Västerbottens län,Andra kammaren,1961,1964,,man
4551,Gunnel Olsson,Socialdemokraterna,Stockholms län,Andra kammaren,1961,1964,,
4552,Gustaf Kollberg,Folkpartiet Liberalerna,Stockholms stad,Andra kammaren,1961,1964,,man
4553,Gustaf Nilson,h,Hallands län,Andra kammaren,1961,1964,,man
4554,Gustaf Svensson i Vä,Centerpartiet,Jönköpings län,Andra kammaren,1961,1964,,man
4555,Gustav Boija,Folkpartiet Liberalerna,Östergötlands län,Andra kammaren,1961,1964,,man
4556,Gustav Johansson,k,Stockholms stad,Andra kammaren,1961,1964,,man
4557,Göran Pettersson,Socialdemokraterna,Örebro län,Andra kammaren,1961,1964,,man
4558,Gördis Hörnlund,Socialdemokraterna,Älvsborgs läns södra,Andra kammaren,1961,1964,,
4559,Gösta Andersson,Socialdemokraterna,Bohuslän,Andra kammaren,1961,1964,,man
4560,Gösta Bohman,h,Stockholms stad,Andra kammaren,1961,1964,,man
4561,Gösta Darlin,h,Kristianstads län,Andra kammaren,1961,1964,,man
4562,Gösta Netzén,Socialdemokraterna,Fyrstadskretsen,Andra kammaren,1961,1964,,man
4563,Gösta Skoglund,Socialdemokraterna,Västerbottens län,Andra kammaren,1961,1964,,man
4564,Hans Gustafsson,Socialdemokraterna,Stockholms stad,Andra kammaren,1961,1964,,man
4565,Hans Hagnell,Socialdemokraterna,Stockholms stad,Andra kammaren,1961,1964,,man
4566,Hans Levin,Socialdemokraterna,Malmöhus län,Andra kammaren,1961,1964,,man
4567,Hans Nordgren,h,Gävleborgs län,Andra kammaren,1961,1964,,man
4568,Hans Wachtmeister,h,Blekinge län,Andra kammaren,1961,1964,,man
4569,Harald Almgren,Socialdemokraterna,Jönköpings län,Andra kammaren,1961,1964,,man
4570,Harald Johnsson i Skoglösa,Centerpartiet,Kristianstads län,Andra kammaren,1961,1964,,man
4571,Harald Kärrlander,Socialdemokraterna,Västernorrlands län,Andra kammaren,1961,1964,,man
4572,Harald Larsson,Centerpartiet,Norrbottens län,Andra kammaren,1961,1964,,man
4573,Harry Berg,Socialdemokraterna,Södermanlands län,Andra kammaren,1961,1964,,man
4574,Harry Carlsson,Folkpartiet Liberalerna,Skaraborgs län,Andra kammaren,1961,1964,,man
4575,Harry Wahrendorff,bf,Värmlands län,Andra kammaren,1961,1964,,man
4576,Helge Lindström,Socialdemokraterna,Jämtlands län,Andra kammaren,1961,1964,,man
4577,Helmer Holmberg,k,Norrbottens län,Andra kammaren,1961,1964,,man
4578,Henning Carlsson,Socialdemokraterna,Jönköpings län,Andra kammaren,1961,1964,,man
4579,Henning Gustafsson,Folkpartiet Liberalerna,Västerbottens län,Andra kammaren,1961,1964,,man
4580,Henning Nilsson,k,Gävleborgs län,Andra kammaren,1961,1964,,man
4581,Henrik Munktell,h,Uppsala län,Andra kammaren,1961,1964,,man
4582,Henry Allard,Socialdemokraterna,Örebro län,Andra kammaren,1961,1964,,man
4583,Henry Brandt,Centerpartiet,Älvsborgs läns södra,Andra kammaren,1961,1964,,man
4584,Hilding Hagberg,k,Stockholms stad,Andra kammaren,1961,1964,,man
4585,Hilding Johansson,Socialdemokraterna,Älvsborgs läns norra,Andra kammaren,1961,1964,,man
4586,Hjalmar Heidenberg,Socialdemokraterna,Gotlands län,Andra kammaren,1961,1964,,man
4587,Hugo Bengtsson,Socialdemokraterna,Fyrstadskretsen,Andra kammaren,1961,1964,,man
4588,Ingemar Andersson,Socialdemokraterna,Östergötlands län,Andra kammaren,1961,1964,,man
4589,Ingemund Bengtsson,Socialdemokraterna,Hallands län,Andra kammaren,1961,1964,,man
4590,Ingrid Gärde Widemar,Folkpartiet Liberalerna,Stockholms stad,Andra kammaren,1961,1964,,woman
4591,Ingvar Svanberg,Socialdemokraterna,Norrbottens län,Andra kammaren,1961,1964,,man
4592,James Dickson,h,Älvsborgs läns norra,Andra kammaren,1961,1964,,man
4593,Jan-Ivan Nilsson,Centerpartiet,Västerbottens län,Andra kammaren,1961,1964,,
4594,Jarl Hjalmarson,h,Stockholms län,Andra kammaren,1961,1964,,man
4595,Jean Braconier,h,Fyrstadskretsen,Andra kammaren,1961,1964,,
4596,Jerker Svensson,Socialdemokraterna,Göteborg,Andra kammaren,1961,1964,,
4597,Johannes Antonsson,Centerpartiet,Hallands län,Andra kammaren,1961,1964,,man
4598,Johannes Blidfors,Socialdemokraterna,Fyrstadskretsen,Andra kammaren,1961,1964,,man
4599,John Eriksson i Bäckmora,Centerpartiet,Gävleborgs län,Andra kammaren,1961,1964,,man
4600,John G. Löfroth,Folkpartiet Liberalerna,Norrbottens län,Andra kammaren,1961,1964,,man
4601,John Johansson i Gränö,Centerpartiet,Kalmar län,Andra kammaren,1961,1964,,man
4602,John Lundberg,Socialdemokraterna,Uppsala län,Andra kammaren,1961,1964,,man
4603,John R. Andersson,Folkpartiet Liberalerna,Västernorrlands län,Andra kammaren,1961,1964,,man
4604,Jöns Nilsson,h,Kristianstads län,Andra kammaren,1961,1964,,
4605,Karin Wetterström,h,Östergötlands län,Andra kammaren,1961,1964,,woman
4606,Karl Björkänge (tidigare Andersson),Centerpartiet,Örebro län,Andra kammaren,1961,1964,,man
4607,Karl Boo,Centerpartiet,Kopparbergs län,Andra kammaren,1961,1964,,man
4608,Karl Jönsson,Socialdemokraterna,Kristianstads län,Andra kammaren,1961,1964,,man
4609,Karl Rask,Socialdemokraterna,Jönköpings län,Andra kammaren,1961,1964,,man
4610,Karl-Gustav Andersson,Socialdemokraterna,Värmlands län,Andra kammaren,1961,1964,,
4611,Knut Senander,k,Göteborg,Andra kammaren,1961,1964,,man
4612,Lars Eliasson,Centerpartiet,Kopparbergs län,Andra kammaren,1961,1964,,man
4613,Leif Cassel,h,Värmlands län,Andra kammaren,1961,1964,,man
4614,Lena Renström-Ingenäs,Socialdemokraterna,Örebro län,Andra kammaren,1961,1964,,woman
4615,Lennart Mattsson,Centerpartiet,Bohuslän,Andra kammaren,1961,1964,,man
4616,Lennart Stiernstedt,h,Stockholms län,Andra kammaren,1961,1964,,man
4617,Lisa Johansson,Socialdemokraterna,Skaraborgs län,Andra kammaren,1961,1964,,woman
4618,Mac Hamrin,Folkpartiet Liberalerna,Kalmar län,Andra kammaren,1961,1964,,
4619,Manne Ståhl,Folkpartiet Liberalerna,Värmlands län,Andra kammaren,1961,1964,,man
4620,Mary Holmqvist,Socialdemokraterna,Malmöhus län,Andra kammaren,1961,1964,,woman
4621,Matteus Berglund,Folkpartiet Liberalerna,Örebro län,Andra kammaren,1961,1964,,man
4622,Märta Boman,h,Norrbottens län,Andra kammaren,1961,1964,,woman
4623,Nancy Eriksson,Socialdemokraterna,Stockholms stad,Andra kammaren,1961,1964,,woman
4624,Nils Fröding,h,Västernorrlands län,Andra kammaren,1961,1964,,man
4625,Nils G. Hansson i Skegrie,Centerpartiet,Malmöhus län,Andra kammaren,1961,1964,,man
4626,Nils Kellgren,Socialdemokraterna,Stockholms stad,Andra kammaren,1961,1964,,man
4627,Nils Odhe,Socialdemokraterna,Skaraborgs län,Andra kammaren,1961,1964,,man
4628,Nils Stenberg,Folkpartiet Liberalerna,Gävleborgs län,Andra kammaren,1961,1964,,man
4629,Olaus Nyberg,Folkpartiet Liberalerna,Blekinge län,Andra kammaren,1961,1964,,man
4630,Olof Andreasson,Socialdemokraterna,Göteborg,Andra kammaren,1961,1964,,man
4631,Olof Hammar,Folkpartiet Liberalerna,Kopparbergs län,Andra kammaren,1961,1964,,man
4632,Olof Johansson,Folkpartiet Liberalerna,Bohuslän,Andra kammaren,1961,1964,,man
4633,Olof Nilsson i Göteborg,Socialdemokraterna,Göteborg,Andra kammaren,1961,1964,,man
4634,Olof Persson,Socialdemokraterna,Kopparbergs län,Andra kammaren,1961,1964,,man
4635,Olof Wiklund,Socialdemokraterna,Norrbottens län,Andra kammaren,1961,1964,,man
4636,Oscar Franzén,Socialdemokraterna,Östergötlands län,Andra kammaren,1961,1964,,man
4637,Oscar Malmborg,Folkpartiet Liberalerna,Skaraborgs län,Andra kammaren,1961,1964,,man
4638,Oskar Lindkvist,Socialdemokraterna,Stockholms stad,Andra kammaren,1961,1964,,man
4639,Ove Nordstrandh,h,Göteborg,Andra kammaren,1961,1964,,man
4640,Per Edvin Sköld,Socialdemokraterna,Malmöhus län,Andra kammaren,1961,1964,,man
4641,Per Svensson,Centerpartiet,Gotlands län,Andra kammaren,1961,1964,,man
4642,Ragnar Edenman,Socialdemokraterna,Uppsala län,Andra kammaren,1961,1964,,man
4643,Ragnar Ekström,Socialdemokraterna,Södermanlands län,Andra kammaren,1961,1964,,man
4644,Ragnar Lassinantti,Socialdemokraterna,Norrbottens län,Andra kammaren,1961,1964,,man
4645,Ragnhild Sandström,,Västerbottens län,Andra kammaren,1961,1964,,
4646,Robert Johansson,Centerpartiet,Älvsborgs läns norra,Andra kammaren,1961,1964,,man
4647,Rolf Eliasson,h,Skaraborgs län,Andra kammaren,1961,1964,,man
4648,Rosa Andersson,Socialdemokraterna,Södermanlands län,Andra kammaren,1961,1964,,woman
4649,Rosa Svensson,Socialdemokraterna,Västmanlands län,Andra kammaren,1961,1964,,woman
4650,Rune Carlstein,Socialdemokraterna,Älvsborgs läns södra,Andra kammaren,1961,1964,,man
4651,Rune Gustavsson,Centerpartiet,Kronobergs län,Andra kammaren,1961,1964,,man
4652,Rune Johansson i Ljungby,Socialdemokraterna,Kronobergs län,Andra kammaren,1961,1964,,man
4653,Rune Johansson i Norrköping,Socialdemokraterna,Östergötlands län,Andra kammaren,1961,1964,,man
4654,Ruth Andersson,Socialdemokraterna,Älvsborgs läns norra,Andra kammaren,1961,1964,,woman
4655,Sigfrid Jonsson,Socialdemokraterna,Jämtlands län,Andra kammaren,1961,1964,,
4656,Sigrid Ekendahl,Socialdemokraterna,Stockholms stad,Andra kammaren,1961,1964,,woman
4657,Sigurd Lindholm,Socialdemokraterna,Gävleborgs län,Andra kammaren,1961,1964,,man
4658,Sixten Palm,h,Fyrstadskretsen,Andra kammaren,1961,1964,,man
4659,Stellan Arvidsson,Socialdemokraterna,Stockholms stad,Andra kammaren,1961,1964,,man
4660,Sten Källenius,h,Stockholms stad,Andra kammaren,1961,1964,,man
4661,Sten Wahlund,Centerpartiet,Uppsala län,Andra kammaren,1961,1964,,man
4662,Stig Alemyr,Socialdemokraterna,Kalmar län,Andra kammaren,1961,1964,,man
4663,Stig Hansson,Centerpartiet,Malmöhus län,Andra kammaren,1961,1964,,man
4664,Stina Wallerius-Gunne,h,Göteborg,Andra kammaren,1961,1964,,woman
4665,Svante Lundkvist,Socialdemokraterna,Södermanlands län,Andra kammaren,1961,1964,,man
4666,Sven Andersson i Billingsfors,Socialdemokraterna,Älvsborgs läns norra,Andra kammaren,1961,1964,,man
4667,Sven Antby,Folkpartiet Liberalerna,Älvsborgs läns norra,Andra kammaren,1961,1964,,man
4668,Sven Ekström,Socialdemokraterna,Gävleborgs län,Andra kammaren,1961,1964,,man
4669,Sven Gustafson,Folkpartiet Liberalerna,Göteborg,Andra kammaren,1961,1964,,man
4670,Sven Hammarberg,Socialdemokraterna,Västmanlands län,Andra kammaren,1961,1964,,man
4671,Sven Mellqvist,Socialdemokraterna,Kopparbergs län,Andra kammaren,1961,1964,,man
4672,Sven Persson,Socialdemokraterna,Östergötlands län,Andra kammaren,1961,1964,,man
4673,Sven Vigelsbo,bf,Västmanlands län,Andra kammaren,1961,1964,,man
4674,Sven Wedén,Folkpartiet Liberalerna,Södermanlands län,Andra kammaren,1961,1964,,man
4675,Tage Erlander,Socialdemokraterna,Stockholms stad,Andra kammaren,1961,1964,,man
4676,Tage Magnusson,h,Älvsborgs läns södra,Andra kammaren,1961,1964,,man
4677,Tekla Torbrink,Socialdemokraterna,Kalmar län,Andra kammaren,1961,1964,,woman
4678,Thorbjörn Fälldin,Centerpartiet,Västernorrlands län,Andra kammaren,1961,1964,,
4679,Thorvald Källstad,Folkpartiet Liberalerna,Göteborg,Andra kammaren,1961,1964,,
4680,Thure Andersson,Socialdemokraterna,Blekinge län,Andra kammaren,1961,1964,,man
4681,Thyra Löfqvist,Socialdemokraterna,Blekinge län,Andra kammaren,1961,1964,,woman
4682,Tore Bengtsson,Socialdemokraterna,Hallands län,Andra kammaren,1961,1964,,man
4683,Torgil von Seth,h,Jönköpings län,Andra kammaren,1961,1964,,
4684,Torsten Bengtsson,,Jönköpings län,Andra kammaren,1961,1964,,
4685,Torsten Fredriksson,Socialdemokraterna,Kopparbergs län,Andra kammaren,1961,1964,,
4686,Torsten Nilsson,Socialdemokraterna,Stockholms stad,Andra kammaren,1961,1964,,
4687,Ulla Lidman-Frostenson,h,Stockholms län,Andra kammaren,1961,1964,,
4688,Valter Kristensson,Socialdemokraterna,Göteborg,Andra kammaren,1961,1964,,man
4689,Viola Sandell,Socialdemokraterna,Värmlands län,Andra kammaren,1961,1964,,woman
4690,Waldemar Svensson,Folkpartiet Liberalerna,Bohuslän,Andra kammaren,1961,1964,,man
4691,Yngve Hamrin,Folkpartiet Liberalerna,Jönköpings län,Andra kammaren,1961,1964,,man
4692,ersatt av: Sigvard Larsson,Folkpartiet Liberalerna,Västerbottens län,Andra kammaren,1961,1964,,
4693,Åke Zetterberg,Socialdemokraterna,Stockholms stad,Andra kammaren,1961,1964,,man
4694,Alf Andersson,Socialdemokraterna,Västernorrlands län,Andra kammaren,1965,1968,,man
4695,Alf Wennerfors,h,Stockholms län,Andra kammaren,1965,1968,,man
4696,Allan Åkerlind,h,Stockholms län,Andra kammaren,1965,1968,,man
4697,Anders Dahlgren,Centerpartiet,Kalmar län,Andra kammaren,1965,1968,,man
4698,Anders Forsberg,Socialdemokraterna,Jönköpings län,Andra kammaren,1965,1968,,man
4699,Anders Haglund,Socialdemokraterna,Gävleborgs län,Andra kammaren,1965,1968,,man
4700,Anders Jonsson i Mora,Folkpartiet Liberalerna,Kopparbergs län,Andra kammaren,1965,1968,,man
4701,Anna-Greta Skantz,Socialdemokraterna,Fyrstadskretsen,Andra kammaren,1965,1968,,
4702,Anna-Lisa Lewén-Eliasson,Socialdemokraterna,Stockholms län,Andra kammaren,1965,1968,,
4703,Annie Jäderberg,Socialdemokraterna,Norrbottens län,Andra kammaren,1965,1968,,woman
4704,Arne Blomkvist,Socialdemokraterna,Skaraborgs län,Andra kammaren,1965,1968,,man
4705,Arne Lindberg,Centerpartiet,Norrbottens län,Andra kammaren,1965,1968,,man
4706,Arne Persson,Centerpartiet,Älvsborgs läns södra,Andra kammaren,1965,1968,,man
4707,Arvid Eskel,Socialdemokraterna,Värmlands län,Andra kammaren,1965,1968,,man
4708,Arvid Nilsson i Lönsboda,Folkpartiet Liberalerna,Kristianstads län,Andra kammaren,1965,1968,,man
4709,Astrid Bergegren,Socialdemokraterna,Östergötlands län,Andra kammaren,1965,1968,,woman
4710,Astrid Kristensson,h,Stockholms stad,Andra kammaren,1965,1968,,woman
4711,Astrid Lindekvist,Socialdemokraterna,Västerbottens län,Andra kammaren,1965,1968,,woman
4712,Augustinus Keijer,Folkpartiet Liberalerna,Stockholms län,Andra kammaren,1965,1968,,
4713,Axel Gustafsson,Folkpartiet Liberalerna,Älvsborgs läns södra,Andra kammaren,1965,1968,,man
4714,Axel Jansson,k,Stockholms stad,Andra kammaren,1965,1968,,man
4715,Bengt Arweson,Socialdemokraterna,Gotlands län,Andra kammaren,1965,1968,,man
4716,Bengt Bengtsson,h,Stockholms län,Andra kammaren,1965,1968,,man
4717,Bengt Börjesson,Centerpartiet,Skaraborgs län,Andra kammaren,1965,1968,,man
4718,Bengt Fagerlund,Socialdemokraterna,Kronobergs län,Andra kammaren,1965,1968,,man
4719,Bengt Junker,h,Stockholms stad,Andra kammaren,1965,1968,,man
4720,Bengt Sjönell,Centerpartiet,Stockholms stad,Andra kammaren,1965,1968,,man
4721,Bengt Wiklund,Socialdemokraterna,Västernorrlands län,Andra kammaren,1965,1968,,man
4722,Bengt-Olof Thylén,h,Göteborg,Andra kammaren,1965,1968,,
4723,Bernhard Sundelin,Socialdemokraterna,Västernorrlands län,Andra kammaren,1965,1968,,man
4724,Bertil Johansson,Centerpartiet,Kronobergs län,Andra kammaren,1965,1968,,man
4725,Bertil Jonasson,Centerpartiet,Värmlands län,Andra kammaren,1965,1968,,man
4726,Bertil Ohlin,Folkpartiet Liberalerna,Stockholms stad,Andra kammaren,1965,1968,,man
4727,Bertil Rubin,mbs,Fyrstadskretsen,Andra kammaren,1965,1968,,man
4728,Bertil von Friesen,Folkpartiet Liberalerna,Göteborg,Andra kammaren,1965,1968,,man
4729,Bertil Öhvall,Folkpartiet Liberalerna,Norrbottens län,Andra kammaren,1965,1968,,man
4730,Birger Nilsson,Socialdemokraterna,Jämtlands län,Andra kammaren,1965,1968,,man
4731,Blenda Ljungberg,h,Uppsala län,Andra kammaren,1965,1968,,woman
4732,Bo Martinsson,Socialdemokraterna,Västernorrlands län,Andra kammaren,1965,1968,,man
4733,Bo Turesson,h,Kopparbergs län,Andra kammaren,1965,1968,,man
4734,Brita Elmén,Folkpartiet Liberalerna,Göteborg,Andra kammaren,1965,1968,,
4735,Bror Nyström,Socialdemokraterna,Stockholms län,Andra kammaren,1965,1968,,man
4736,Börje Nilsson,Socialdemokraterna,Kristianstads län,Andra kammaren,1965,1968,,man
4737,C-H Hermansson,k,Stockholms stad,Andra kammaren,1965,1968,,
4738,Carl Christenson,Folkpartiet Liberalerna,Fyrstadskretsen,Andra kammaren,1965,1968,,man
4739,Carl Göran Regnéll,mbs,Fyrstadskretsen,Andra kammaren,1965,1968,,man
4740,Carl Johansson,Socialdemokraterna,Göteborgs och Bohus län,Andra kammaren,1965,1968,,man
4741,Carl-Eric Hedin,h,Södermanlands län,Andra kammaren,1965,1968,,
4742,Carl-Erik Johansson,Socialdemokraterna,Stockholms län,Andra kammaren,1965,1968,,
4743,Carl-Gustav Enskog,Folkpartiet Liberalerna,Västmanlands län,Andra kammaren,1965,1968,,
4744,Carl-Wilhelm Lothigius,h,Jönköpings län,Andra kammaren,1965,1968,,
4745,Cecilia Nettelbrandt,Folkpartiet Liberalerna,Stockholms län,Andra kammaren,1965,1968,,woman
4746,Christian von Sydow,h,Östergötlands län,Andra kammaren,1965,1968,,man
4747,Claes Elmstedt,h,Blekinge län,Andra kammaren,1965,1968,,man
4748,Dag Edlund,h,Västmanlands län,Andra kammaren,1965,1968,,man
4749,Dagmar Heurlin,h,Stockholms stad,Andra kammaren,1965,1968,,
4750,Daniel Wiklund i Bromma,Folkpartiet Liberalerna,Stockholms stad,Andra kammaren,1965,1968,,man
4751,David Gomér,Centerpartiet,Östergötlands län,Andra kammaren,1965,1968,,man
4752,Einar Asp,Socialdemokraterna,Gävleborgs län,Andra kammaren,1965,1968,,man
4753,Einar Gustafsson,Centerpartiet,Östergötlands län,Andra kammaren,1965,1968,,man
4754,Einar Henningsson,Socialdemokraterna,Fyrstadskretsen,Andra kammaren,1965,1968,,man
4755,Einar Larsson,Centerpartiet,Kristianstads län,Andra kammaren,1965,1968,,man
4756,Einar Rimmerfors,Folkpartiet Liberalerna,Stockholms stad,Andra kammaren,1965,1968,,man
4757,Elias Jönsson,Folkpartiet Liberalerna,Jämtlands län,Andra kammaren,1965,1968,,man
4758,Elisabet Johansson,Socialdemokraterna,Skaraborgs län,Andra kammaren,1965,1968,,woman
4759,Elisabeth Sjövall,Socialdemokraterna,Göteborg,Andra kammaren,1965,1968,,woman
4760,Elsa Lindskog,Socialdemokraterna,Kopparbergs län,Andra kammaren,1965,1968,,woman
4761,Elvira Holmberg,Socialdemokraterna,Västernorrlands län,Andra kammaren,1965,1968,,woman
4762,Emil Elmvall,Centerpartiet,Södermanlands län,Andra kammaren,1965,1968,,man
4763,Eric Carlsson,Socialdemokraterna,Västmanlands län,Andra kammaren,1965,1968,,man
4764,Eric Johanson,Socialdemokraterna,Kalmar län,Andra kammaren,1965,1968,,man
4765,Eric Jönsson,Socialdemokraterna,Fyrstadskretsen,Andra kammaren,1965,1968,,man
4766,Eric Karlsson,Socialdemokraterna,Blekinge län,Andra kammaren,1965,1968,,man
4767,Eric Krönmark,h,Kalmar län,Andra kammaren,1965,1968,,man
4768,Eric Nelander,Folkpartiet Liberalerna,Malmöhus län,Andra kammaren,1965,1968,,man
4769,Eric Nilsson,,Malmöhus län,Andra kammaren,1965,1968,,man
4770,Eric Svenning,Socialdemokraterna,Fyrstadskretsen,Andra kammaren,1965,1968,,man
4771,Erik Adamsson,Socialdemokraterna,Fyrstadskretsen,Andra kammaren,1965,1968,,man
4772,Erik Brandt,Socialdemokraterna,Örebro län,Andra kammaren,1965,1968,,man
4773,Erik Grebäck,Centerpartiet,Stockholms län,Andra kammaren,1965,1968,,man
4774,Erik Hammarsten,Socialdemokraterna,Norrbottens län,Andra kammaren,1965,1968,,man
4775,Erik Johansson i Simrishamn,Socialdemokraterna,Kristianstads län,Andra kammaren,1965,1968,,man
4776,Erik Karlsson,k,Stockholms län,Andra kammaren,1965,1968,,man
4777,Erik Larsson,Centerpartiet,Örebro län,Andra kammaren,1965,1968,,man
4778,Erik Larsson i Norderön,Centerpartiet,Jämtlands län,Andra kammaren,1965,1968,,man
4779,Erik Magnusson,h,Kronobergs län,Andra kammaren,1965,1968,,man
4780,Erik Tobé,Folkpartiet Liberalerna,Uppsala län,Andra kammaren,1965,1968,,man
4781,Erik Östrand,Socialdemokraterna,Kopparbergs län,Andra kammaren,1965,1968,,man
4782,Erland Carbell,Socialdemokraterna,Stockholms stad,Andra kammaren,1965,1968,,man
4783,Essen Lindahl,Socialdemokraterna,Stockholms län,Andra kammaren,1965,1968,,
4784,Evert Svensson,Socialdemokraterna,Göteborgs och Bohus län,Andra kammaren,1965,1968,,man
4785,Folke Björkman,h,Stockholms stad,Andra kammaren,1965,1968,,man
4786,Folke Nihlfors,Folkpartiet Liberalerna,Stockholms stad,Andra kammaren,1965,1968,,man
4787,Folke Trana,Socialdemokraterna,Stockholms län,Andra kammaren,1965,1968,,man
4788,Fridolf Thapper,Socialdemokraterna,Östergötlands län,Andra kammaren,1965,1968,,man
4789,Fritz Börjesson,Centerpartiet,Kalmar län,Andra kammaren,1965,1968,,man
4790,Gideon From,Centerpartiet,Skaraborgs län,Andra kammaren,1965,1968,,
4791,Gunbjörg Thunvall,Socialdemokraterna,Gävleborgs län,Andra kammaren,1965,1968,,
4792,Gunnar Carlsson,Socialdemokraterna,Göteborg,Andra kammaren,1965,1968,,man
4793,Gunnar Engkvist,Socialdemokraterna,Kristianstads län,Andra kammaren,1965,1968,,man
4794,Gunnar Eskilsson,Socialdemokraterna,Värmlands län,Andra kammaren,1965,1968,,man
4795,Gunnar Gustafsson,Socialdemokraterna,Göteborgs och Bohus län,Andra kammaren,1965,1968,,man
4796,Gunnar Heckscher,h,Stockholms stad,Andra kammaren,1965,1968,,man
4797,Gunnar Hedlund,Centerpartiet,Västernorrlands län,Andra kammaren,1965,1968,,man
4798,Gunnar Helén,Folkpartiet Liberalerna,Stockholms län,Andra kammaren,1965,1968,,man
4799,Gunnar Hyltander,Folkpartiet Liberalerna,Skaraborgs län,Andra kammaren,1965,1968,,man
4800,Gunnar Larsson,Centerpartiet,Skaraborgs län,Andra kammaren,1965,1968,,man
4801,Gunnar Lundmark,Socialdemokraterna,Västerbottens län,Andra kammaren,1965,1968,,man
4802,Gunnar Oscarsson,h,Hallands län,Andra kammaren,1965,1968,,man
4803,Gunnel Olsson,Socialdemokraterna,Stockholms län,Andra kammaren,1965,1968,,
4804,Gunvor Ryding,k,Göteborg,Andra kammaren,1965,1968,,
4805,Gustaf Svensson i Vä,Centerpartiet,Jönköpings län,Andra kammaren,1965,1968,,man
4806,Gustav Lorentzon,k,Västernorrlands län,Andra kammaren,1965,1968,,man
4807,Gusti Gustavsson,Socialdemokraterna,Kristianstads län,Andra kammaren,1965,1968,,
4808,Gördis Hörnlund,Socialdemokraterna,Älvsborgs läns södra,Andra kammaren,1965,1968,,
4809,Gösta Bohman,h,Stockholms stad,Andra kammaren,1965,1968,,man
4810,Gösta Josefsson,Socialdemokraterna,Hallands län,Andra kammaren,1965,1968,,man
4811,Gösta Skoglund,Socialdemokraterna,Västerbottens län,Andra kammaren,1965,1968,,man
4812,Gösta Sterne,Folkpartiet Liberalerna,Jönköpings län,Andra kammaren,1965,1968,,man
4813,Hans Gustafsson,Socialdemokraterna,Stockholms stad,Andra kammaren,1965,1968,,man
4814,Hans Hagnell,Socialdemokraterna,Stockholms stad,Andra kammaren,1965,1968,,man
4815,Hans Jönsson,Socialdemokraterna,Malmöhus län,Andra kammaren,1965,1968,,man
4816,Hans Levin,Socialdemokraterna,Malmöhus län,Andra kammaren,1965,1968,,man
4817,Hans Nordgren,h,Gävleborgs län,Andra kammaren,1965,1968,,man
4818,Harald Almgren,Socialdemokraterna,Jönköpings län,Andra kammaren,1965,1968,,man
4819,Harald Kärrlander,Socialdemokraterna,Västernorrlands län,Andra kammaren,1965,1968,,man
4820,Harald Larsson,Centerpartiet,Norrbottens län,Andra kammaren,1965,1968,,man
4821,Harald Skoglösa (tidigare Johnsson),Centerpartiet,Kristianstads län,Andra kammaren,1965,1968,,man
4822,Harry Berg,Socialdemokraterna,Södermanlands län,Andra kammaren,1965,1968,,man
4823,Helge Lindström,Socialdemokraterna,Jämtlands län,Andra kammaren,1965,1968,,man
4824,Helmer Holmberg,k,Norrbottens län,Andra kammaren,1965,1968,,man
4825,Henning Gustafsson,Folkpartiet Liberalerna,Västerbottens län,Andra kammaren,1965,1968,,man
4826,Henning Nilsson,k,Gävleborgs län,Andra kammaren,1965,1968,,man
4827,Henry Allard,Socialdemokraterna,Örebro län,Andra kammaren,1965,1968,,man
4828,Henry Berndtsson,Folkpartiet Liberalerna,Göteborgs och Bohus län,Andra kammaren,1965,1968,,man
4829,Hilding Johansson,Socialdemokraterna,Älvsborgs läns norra,Andra kammaren,1965,1968,,man
4830,Holger Mossberg,Socialdemokraterna,Värmlands län,Andra kammaren,1965,1968,,man
4831,Hugo Bengtsson,Socialdemokraterna,Fyrstadskretsen,Andra kammaren,1965,1968,,man
4832,Ingemar Mundebo,Folkpartiet Liberalerna,Stockholms län,Andra kammaren,1965,1968,,man
4833,Ingemund Bengtsson,Socialdemokraterna,Hallands län,Andra kammaren,1965,1968,,man
4834,Ingrid Gärde Widemar,Folkpartiet Liberalerna,Stockholms stad,Andra kammaren,1965,1968,,woman
4835,Ingrid Sundberg,h,Malmöhus län,Andra kammaren,1965,1968,,woman
4836,Ingvar Carlsson,Socialdemokraterna,Stockholms län,Andra kammaren,1965,1968,,man
4837,Ingvar Svanberg,Socialdemokraterna,Norrbottens län,Andra kammaren,1965,1968,,man
4838,Iris Ekroth,Socialdemokraterna,Jönköpings län,Andra kammaren,1965,1968,,woman
4839,James Dickson,h,Älvsborgs läns norra,Andra kammaren,1965,1968,,man
4840,Jan-Ivan Nilsson,Centerpartiet,Västerbottens län,Andra kammaren,1965,1968,,
4841,Johannes Antonsson,Centerpartiet,Hallands län,Andra kammaren,1965,1968,,man
4842,Johannes Blidfors,Socialdemokraterna,Fyrstadskretsen,Andra kammaren,1965,1968,,man
4843,John Andersson,Folkpartiet Liberalerna,Västernorrlands län,Andra kammaren,1965,1968,,man
4844,John Eriksson i Bäckmora,Centerpartiet,Gävleborgs län,Andra kammaren,1965,1968,,man
4845,John Lundberg,Socialdemokraterna,Uppsala län,Andra kammaren,1965,1968,,man
4846,Jöns Nilsson,h,Kristianstads län,Andra kammaren,1965,1968,,
4847,Kaj Björk,Socialdemokraterna,Göteborg,Andra kammaren,1965,1968,,man
4848,Karin Wetterström,h,Östergötlands län,Andra kammaren,1965,1968,,woman
4849,Karl Boo,Centerpartiet,Kopparbergs län,Andra kammaren,1965,1968,,man
4850,Karl Rask,Socialdemokraterna,Jönköpings län,Andra kammaren,1965,1968,,man
4851,Karl-Gustav Andersson,Socialdemokraterna,Värmlands län,Andra kammaren,1965,1968,,
4852,Kurt Söderström,h,Östergötlands län,Andra kammaren,1965,1968,,man
4853,Lars Eliasson,Centerpartiet,Kopparbergs län,Andra kammaren,1965,1968,,man
4854,Lars Henrikson,Socialdemokraterna,Östergötlands län,Andra kammaren,1965,1968,,man
4855,Leif Cassel,h,Värmlands län,Andra kammaren,1965,1968,,man
4856,Lena Renström-Ingenäs,Socialdemokraterna,Örebro län,Andra kammaren,1965,1968,,woman
4857,Lennart Mattsson,Centerpartiet,Göteborgs och Bohus län,Andra kammaren,1965,1968,,man
4858,Lennart Stiernstedt,h,Stockholms län,Andra kammaren,1965,1968,,man
4859,Mac Hamrin,Folkpartiet Liberalerna,Kalmar län,Andra kammaren,1965,1968,,
4860,Manne Ståhl,Folkpartiet Liberalerna,Värmlands län,Andra kammaren,1965,1968,,man
4861,Marta Lindberg,Socialdemokraterna,Örebro län,Andra kammaren,1965,1968,,woman
4862,Mary Holmqvist,Socialdemokraterna,Malmöhus län,Andra kammaren,1965,1968,,woman
4863,Matteus Berglund,Folkpartiet Liberalerna,Örebro län,Andra kammaren,1965,1968,,man
4864,Mårten Werner,h,Fyrstadskretsen,Andra kammaren,1965,1968,,man
4865,Nancy Eriksson,Socialdemokraterna,Stockholms stad,Andra kammaren,1965,1968,,woman
4866,Nils Carlshamre,h,Göteborgs och Bohus län,Andra kammaren,1965,1968,,man
4867,Nils Franzén,Centerpartiet,Gotlands län,Andra kammaren,1965,1968,,man
4868,Nils Fridolfsson,Socialdemokraterna,Blekinge län,Andra kammaren,1965,1968,,man
4869,Nils G. Hansson i Skegrie,Centerpartiet,Malmöhus län,Andra kammaren,1965,1968,,man
4870,Nils Kellgren,Socialdemokraterna,Stockholms stad,Andra kammaren,1965,1968,,man
4871,Nils Odhe,Socialdemokraterna,Skaraborgs län,Andra kammaren,1965,1968,,man
4872,Ola Ullsten,Folkpartiet Liberalerna,Stockholms stad,Andra kammaren,1965,1968,,man
4873,Olaus Nyberg,Folkpartiet Liberalerna,Blekinge län,Andra kammaren,1965,1968,,man
4874,Olle Göransson,Socialdemokraterna,Västmanlands län,Andra kammaren,1965,1968,,man
4875,Olle Westberg,Folkpartiet Liberalerna,Gävleborgs län,Andra kammaren,1965,1968,,man
4876,Olof Johansson,Folkpartiet Liberalerna,Göteborgs och Bohus län,Andra kammaren,1965,1968,,man
4877,Olof Persson,Socialdemokraterna,Kopparbergs län,Andra kammaren,1965,1968,,man
4878,Oscar Franzén,Socialdemokraterna,Östergötlands län,Andra kammaren,1965,1968,,man
4879,Oskar Lindkvist,Socialdemokraterna,Stockholms stad,Andra kammaren,1965,1968,,man
4880,Ove Nordstrandh,h,Göteborg,Andra kammaren,1965,1968,,man
4881,Per Bergman,Socialdemokraterna,Göteborg,Andra kammaren,1965,1968,,man
4882,Per Petersson i Gäddvik,h,Norrbottens län,Andra kammaren,1965,1968,,man
4883,Per-Eric Ringaby,h,Örebro län,Andra kammaren,1965,1968,,
4884,Ragnar Edenman,Socialdemokraterna,Uppsala län,Andra kammaren,1965,1968,,man
4885,Ragnar Ekström,Socialdemokraterna,Södermanlands län,Andra kammaren,1965,1968,,man
4886,Ragnar Lassinantti,Socialdemokraterna,Norrbottens län,Andra kammaren,1965,1968,,man
4887,Robert Johansson,Centerpartiet,Älvsborgs läns norra,Andra kammaren,1965,1968,,man
4888,Roland Lundberg,h,Fyrstadskretsen,Andra kammaren,1965,1968,,man
4889,Rolf Eliasson,h,Skaraborgs län,Andra kammaren,1965,1968,,man
4890,Rosa Andersson,Socialdemokraterna,Södermanlands län,Andra kammaren,1965,1968,,woman
4891,Rosa Svensson,Socialdemokraterna,Västmanlands län,Andra kammaren,1965,1968,,woman
4892,Rune Carlstein,Socialdemokraterna,Älvsborgs läns södra,Andra kammaren,1965,1968,,man
4893,Rune Gustavsson,Centerpartiet,Kronobergs län,Andra kammaren,1965,1968,,man
4894,Rune Johansson i Ljungby,Socialdemokraterna,Kronobergs län,Andra kammaren,1965,1968,,man
4895,Rune Johansson i Norrköping,Socialdemokraterna,Östergötlands län,Andra kammaren,1965,1968,,man
4896,Ruth Andersson,Socialdemokraterna,Älvsborgs läns norra,Andra kammaren,1965,1968,,woman
4897,Sigfrid Löfgren,Folkpartiet Liberalerna,Fyrstadskretsen,Andra kammaren,1965,1968,,
4898,Sigrid Ekendahl,Socialdemokraterna,Stockholms stad,Andra kammaren,1965,1968,,woman
4899,Sigurd Lindholm,Socialdemokraterna,Gävleborgs län,Andra kammaren,1965,1968,,man
4900,Sigvard Larsson,Folkpartiet Liberalerna,Västerbottens län,Andra kammaren,1965,1968,,man
4901,Sigvard Rimås,Folkpartiet Liberalerna,Östergötlands län,Andra kammaren,1965,1968,,man
4902,Stellan Arvidsson,Socialdemokraterna,Stockholms stad,Andra kammaren,1965,1968,,man
4903,Sten Sjöholm,mbs,Fyrstadskretsen,Andra kammaren,1965,1968,,man
4904,Sten Wahlund,Centerpartiet,Uppsala län,Andra kammaren,1965,1968,,man
4905,Stig Alemyr,Socialdemokraterna,Kalmar län,Andra kammaren,1965,1968,,man
4906,Stig Hansson,Centerpartiet,Malmöhus län,Andra kammaren,1965,1968,,man
4907,Stig Josefson,Centerpartiet,Malmöhus län,Andra kammaren,1965,1968,,man
4908,Svante Lundkvist,Socialdemokraterna,Södermanlands län,Andra kammaren,1965,1968,,man
4909,Sven Andersson,Socialdemokraterna,Älvsborgs läns norra,Andra kammaren,1965,1968,,man
4910,Sven Andersson i Örebro,Folkpartiet Liberalerna,Örebro län,Andra kammaren,1965,1968,,man
4911,Sven Antby,Folkpartiet Liberalerna,Älvsborgs läns norra,Andra kammaren,1965,1968,,man
4912,Sven Ekström,Socialdemokraterna,Gävleborgs län,Andra kammaren,1965,1968,,man
4913,Sven Gustafson,Folkpartiet Liberalerna,Göteborg,Andra kammaren,1965,1968,,man
4914,Sven Hammarberg,Socialdemokraterna,Västmanlands län,Andra kammaren,1965,1968,,man
4915,Sven Hector,k,Värmlands län,Andra kammaren,1965,1968,,man
4916,Sven Johansson,Centerpartiet,Jönköpings län,Andra kammaren,1965,1968,,man
4917,Sven Mellqvist,Socialdemokraterna,Kopparbergs län,Andra kammaren,1965,1968,,man
4918,Sven Persson i Appuna,Socialdemokraterna,Östergötlands län,Andra kammaren,1965,1968,,man
4919,Sven Vigelsbo,bf,Västmanlands län,Andra kammaren,1965,1968,,man
4920,Sven Wedén,Folkpartiet Liberalerna,Södermanlands län,Andra kammaren,1965,1968,,man
4921,Tage Erlander,Socialdemokraterna,Stockholms stad,Andra kammaren,1965,1968,,man
4922,Tage Magnusson,h,Älvsborgs läns södra,Andra kammaren,1965,1968,,man
4923,Tage Sundkvist,Centerpartiet,Södermanlands län,Andra kammaren,1965,1968,,man
4924,Tekla Torbrink,Socialdemokraterna,Kalmar län,Andra kammaren,1965,1968,,woman
4925,Thorvald Källstad,Folkpartiet Liberalerna,Göteborg,Andra kammaren,1965,1968,,
4926,Thyra Löfqvist,Socialdemokraterna,Blekinge län,Andra kammaren,1965,1968,,woman
4927,Tore Bengtsson,,Hallands län,Andra kammaren,1965,1968,,man
4928,Tore Nilsson,h,Västerbottens län,Andra kammaren,1965,1968,,man
4929,Torsten Fredriksson,Socialdemokraterna,Kopparbergs län,Andra kammaren,1965,1968,,
4930,Torsten Gustafsson,Centerpartiet,Gotlands län,Andra kammaren,1965,1968,,
4931,Torsten Nilsson,Socialdemokraterna,Stockholms stad,Andra kammaren,1965,1968,,
4932,Valfrid Wikner,Socialdemokraterna,Jämtlands län,Andra kammaren,1965,1968,,man
4933,Valter Kristensson,Socialdemokraterna,Göteborg,Andra kammaren,1965,1968,,man
4934,Viola Sandell,Socialdemokraterna,Värmlands län,Andra kammaren,1965,1968,,woman
4935,Wiking Werbro,Folkpartiet Liberalerna,Hallands län,Andra kammaren,1965,1968,,
4936,William Björk,Socialdemokraterna,Malmöhus län,Andra kammaren,1965,1968,,man
4937,Yngve Hamrin,Folkpartiet Liberalerna,Jönköpings län,Andra kammaren,1965,1968,,man
4938,ersatt av: Filip Fridolfsson,h,Stockholms stad,Andra kammaren,1965,1968,,
4939,Åke Zetterberg,Socialdemokraterna,Stockholms stad,Andra kammaren,1965,1968,,man
4940,Alice Lundbeck,h,Stockholms stad,Första kammaren,1966,1972,,woman
4941,Allan Hernelius,h,Stockholms stad,Första kammaren,1966,1972,,man
4942,Alva Myrdal,Socialdemokraterna,Stockholms stad,Första kammaren,1966,1972,,woman
4943,Alvar Mårtensson,Socialdemokraterna,Malmöhus län med Malmö stad,Första kammaren,1966,1972,,man
4944,Anders Axelson,Folkpartiet Liberalerna,Värmlands län,Första kammaren,1966,1972,,man
4945,Annie Wallentheim,Socialdemokraterna,Stockholms och Uppsala län,Första kammaren,1966,1972,,woman
4946,Arne Geijer,Socialdemokraterna,Stockholms och Uppsala län,Första kammaren,1966,1972,,man
4947,Arne Pettersson,Socialdemokraterna,Malmöhus län med Malmö stad,Första kammaren,1966,1972,,man
4948,Arne Svenungsson,h,Göteborgs och Bohus län,Första kammaren,1966,1972,,man
4949,Arvid Annerås,Folkpartiet Liberalerna,Kronobergs och Hallands län,Första kammaren,1966,1972,,man
4950,Axel Andersson i Örnsköldsvik,Folkpartiet Liberalerna,Västernorrlands och Jämtlands län,Första kammaren,1966,1972,,man
4951,Axel Kristiansson,Centerpartiet,Kronobergs och Hallands län,Första kammaren,1966,1972,,man
4952,Axel Strand,Socialdemokraterna,Stockholms stad,Första kammaren,1966,1972,,man
4953,Axel Wikberg,Centerpartiet,Västernorrlands och Jämtlands län,Första kammaren,1966,1972,,man
4954,Bengt Gustavsson,Socialdemokraterna,Södermlands och Västmanlands län,Första kammaren,1966,1972,,man
4955,Bertil Lidgard,h,Stockholms stad,Första kammaren,1966,1972,,man
4956,Bertil Petersson,Socialdemokraterna,Kalmar och Gotlands län,Första kammaren,1966,1972,,man
4957,Bertil Strandberg,h,Västerbottens och Norrbottens län,Första kammaren,1966,1972,,man
4958,Birger Andersson,Socialdemokraterna,Skaraborgs län,Första kammaren,1966,1972,,man
4959,Birger Lundström,Folkpartiet Liberalerna,Stockholms stad,Första kammaren,1966,1972,,man
4960,Bo Skårman,Folkpartiet Liberalerna,Älvsborgs län,Första kammaren,1966,1972,,man
4961,Carl Eskilsson,h,Östergötlands län med Norrköpings stad,Första kammaren,1966,1972,,man
4962,Dagmar Ranmark,Socialdemokraterna,Värmlands län,Första kammaren,1966,1972,,
4963,Ebbe Ohlsson,h,Kronobergs och Hallands län,Första kammaren,1966,1972,,man
4964,Egon Andreasson,Centerpartiet,Blekinge och Kristianstads län,Första kammaren,1966,1972,,man
4965,Einar Dahl,Socialdemokraterna,Göteborgs och Bohus län,Första kammaren,1966,1972,,man
4966,Einar Eriksson,Socialdemokraterna,Stockholms och Uppsala län,Första kammaren,1966,1972,,man
4967,Elvy Olsson,Centerpartiet,Södermlands och Västmanlands län,Första kammaren,1966,1972,,
4968,Eric Carlsson,Centerpartiet,Kopparbergs län,Första kammaren,1966,1972,,man
4969,Eric Holmqvist,Socialdemokraterna,Malmöhus län med Malmö stad,Första kammaren,1966,1972,,man
4970,Eric Mossberger,Socialdemokraterna,Kronobergs och Hallands län,Första kammaren,1966,1972,,man
4971,Eric Peterson,Folkpartiet Liberalerna,Östergötlands län med Norrköpings stad,Första kammaren,1966,1972,,man
4972,Erik Alexandersson,Folkpartiet Liberalerna,Stockholms och Uppsala län,Första kammaren,1966,1972,,man
4973,Erik Boheman,Folkpartiet Liberalerna,Göteborgs stad,Första kammaren,1966,1972,,man
4974,Erik Carlsson i Läperud,h,Älvsborgs län,Första kammaren,1966,1972,,man
4975,Erik Jansson,Socialdemokraterna,Stockholms och Uppsala län,Första kammaren,1966,1972,,man
4976,Erik Norberg i Timrå,Socialdemokraterna,Västernorrlands och Jämtlands län,Första kammaren,1966,1972,,man
4977,Erik Olsson i Krokom,Socialdemokraterna,Västernorrlands och Jämtlands län,Första kammaren,1966,1972,,man
4978,Erik Svedberg,Socialdemokraterna,Gävleborgs län,Första kammaren,1966,1972,,man
4979,Erik Svensson,Socialdemokraterna,Södermlands och Västmanlands län,Första kammaren,1966,1972,,man
4980,Erik Wärnberg,Socialdemokraterna,Östergötlands län med Norrköpings stad,Första kammaren,1966,1972,,man
4981,Ernst Olsson,Folkpartiet Liberalerna,Blekinge och Kristianstads län,Första kammaren,1966,1972,,man
4982,Eskil Tistad,Folkpartiet Liberalerna,Göteborgs och Bohus län,Första kammaren,1966,1972,,man
4983,Ferdinand Nilsson,Centerpartiet,Stockholms och Uppsala län,Första kammaren,1966,1972,,man
4984,Fridolf Wirmark,Socialdemokraterna,Örebro län,Första kammaren,1966,1972,,man
4985,Fritz Persson,Socialdemokraterna,Kronobergs och Hallands län,Första kammaren,1966,1972,,man
4986,Georg Pettersson,Socialdemokraterna,Kalmar och Gotlands län,Första kammaren,1966,1972,,man
4987,Georg Pettersson,Centerpartiet,Örebro län,Första kammaren,1966,1972,,man
4988,Gillis Augustsson,Socialdemokraterna,Östergötlands län med Norrköpings stad,Första kammaren,1966,1972,,
4989,Grethe Lundblad,Socialdemokraterna,Malmöhus län med Malmö stad,Första kammaren,1966,1972,,
4990,Gudmund Ernulf,Folkpartiet Liberalerna,Göteborgs stad,Första kammaren,1966,1972,,man
4991,Gunnar Edström,Folkpartiet Liberalerna,Malmöhus län med Malmö stad,Första kammaren,1966,1972,,man
4992,Gunnar Hübinette,h,Stockholms och Uppsala län,Första kammaren,1966,1972,,man
4993,Gunnar Lange,Socialdemokraterna,Malmöhus län med Malmö stad,Första kammaren,1966,1972,,man
4994,Gunnar Rönnberg,Socialdemokraterna,Västerbottens och Norrbottens län,Första kammaren,1966,1972,,man
4995,Gunnar Skagerlund,Folkpartiet Liberalerna,Örebro län,Första kammaren,1966,1972,,man
4996,Gunnar Sträng,Socialdemokraterna,Älvsborgs län,Första kammaren,1966,1972,,man
4997,Gunnar Wallmark,h,Stockholms och Uppsala län,Första kammaren,1966,1972,,man
4998,Gunvor Stenberg,h,Västerbottens och Norrbottens län,Första kammaren,1966,1972,,
4999,Göran Karlsson,Socialdemokraterna,Jönköpings län,Första kammaren,1966,1972,,man
5000,Gösta Jacobsson,h,Malmöhus län med Malmö stad,Första kammaren,1966,1972,,man
5001,Harald Pettersson,Centerpartiet,Skaraborgs län,Första kammaren,1966,1972,,man
5002,Helge Berglund,Socialdemokraterna,Stockholms stad,Första kammaren,1966,1972,,man
5003,Helge Karlsson,Socialdemokraterna,Blekinge och Kristianstads län,Första kammaren,1966,1972,,man
5004,Helge Ottosson,h,Jönköpings län,Första kammaren,1966,1972,,man
5005,Henrik Åkerlund,h,Stockholms och Uppsala län,Första kammaren,1966,1972,,man
5006,Herbert Hermansson,Centerpartiet,Göteborgs och Bohus län,Första kammaren,1966,1972,,man
5007,Herbert Larsson,Socialdemokraterna,Älvsborgs län,Första kammaren,1966,1972,,man
5008,Herman Kling,Socialdemokraterna,Gävleborgs län,Första kammaren,1966,1972,,man
5009,Ingrid Diesen,h,Stockholms stad,Första kammaren,1966,1972,,woman
5010,Ingrid Segerstedt-Wiberg,Folkpartiet Liberalerna,Göteborgs stad,Första kammaren,1966,1972,,woman
5011,Ivan Svanström,Centerpartiet,Kalmar och Gotlands län,Första kammaren,1966,1972,,man
5012,Ivar Andersson i Fredriksberg,Socialdemokraterna,Kopparbergs län,Första kammaren,1966,1972,,man
5013,Ivar Högström,Socialdemokraterna,Västernorrlands och Jämtlands län,Första kammaren,1966,1972,,man
5014,Ivar Johansson,Centerpartiet,Östergötlands län med Norrköpings stad,Första kammaren,1966,1972,,man
5015,Ivar Virgin,h,Skaraborgs län,Första kammaren,1966,1972,,man
5016,Joel Sörenson,Folkpartiet Liberalerna,Stockholms stad,Första kammaren,1966,1972,,man
5017,Johan A. Olsson,Centerpartiet,Gävleborgs län,Första kammaren,1966,1972,,man
5018,John Ericsson i Kinna,Socialdemokraterna,Älvsborgs län,Första kammaren,1966,1972,,man
5019,John-Arvid Arvidson,h,Malmöhus län med Malmö stad,Första kammaren,1966,1972,,
5020,Kaj Björk,Socialdemokraterna,Göteborgs stad,Första kammaren,1966,1972,,man
5021,Kaj Lokander,Socialdemokraterna,Värmlands län,Första kammaren,1966,1972,,man
5022,Karl Kilsmo,Folkpartiet Liberalerna,Södermlands och Västmanlands län,Första kammaren,1966,1972,,man
5023,Karl Pettersson,Socialdemokraterna,Örebro län,Första kammaren,1966,1972,,man
5024,Knut Johansson,Socialdemokraterna,Stockholms stad,Första kammaren,1966,1972,,man
5025,Krister Wickman,Socialdemokraterna,Kronobergs och Hallands län,Första kammaren,1966,1972,,man
5026,Lage Svedberg,Socialdemokraterna,Västerbottens och Norrbottens län,Första kammaren,1966,1972,,man
5027,Lars Larsson i Lotorp,Socialdemokraterna,Östergötlands län med Norrköpings stad,Första kammaren,1966,1972,,man
5028,Lars Schött,h,Kalmar och Gotlands län,Första kammaren,1966,1972,,man
5029,Lars Werner,vpk,Stockholms stad,Första kammaren,1966,1972,,man
5030,Lennart Blom,Folkpartiet Liberalerna,Skaraborgs län,Första kammaren,1966,1972,,man
5031,Lennart Geijer,Socialdemokraterna,Stockholms stad,Första kammaren,1966,1972,,man
5032,Lennart Wanhainen,Socialdemokraterna,Västerbottens och Norrbottens län,Första kammaren,1966,1972,,man
5033,Lilly Ohlsson,Socialdemokraterna,Malmöhus län med Malmö stad,Första kammaren,1966,1972,,woman
5034,Lisa Mattsson,Socialdemokraterna,Göteborgs stad,Första kammaren,1966,1972,,woman
5035,Maj-Lis Landberg,Socialdemokraterna,Östergötlands län med Norrköpings stad,Första kammaren,1966,1972,,
5036,Manne Olsson,Socialdemokraterna,Stockholms och Uppsala län,Första kammaren,1966,1972,,man
5037,Margit Lundblad,Socialdemokraterna,Malmöhus län med Malmö stad,Första kammaren,1966,1972,,
5038,Mary Hultell,h,Stockholms stad,Första kammaren,1966,1972,,woman
5039,Nils Erik Wååg,Socialdemokraterna,Blekinge och Kristianstads län,Första kammaren,1966,1972,,man
5040,Nils Hjort,Socialdemokraterna,Stockholms och Uppsala län,Första kammaren,1966,1972,,man
5041,Nils Magnusson,Socialdemokraterna,Göteborgs och Bohus län,Första kammaren,1966,1972,,man
5042,Nils Nilsson i Mora,Centerpartiet,Kopparbergs län,Första kammaren,1966,1972,,man
5043,Nils Ståhle,Socialdemokraterna,Södermlands och Västmanlands län,Första kammaren,1966,1972,,man
5044,Nils Theodor Larsson,Centerpartiet,Kalmar och Gotlands län,Första kammaren,1966,1972,,man
5045,Nils-Eric Gustafsson,Centerpartiet,Västerbottens och Norrbottens län,Första kammaren,1966,1972,,
5046,Olle Dahlén,Folkpartiet Liberalerna,Stockholms stad,Första kammaren,1966,1972,,man
5047,Oscar Carlsson,Socialdemokraterna,Värmlands län,Första kammaren,1966,1972,,man
5048,Otto Stadling,Socialdemokraterna,Västernorrlands och Jämtlands län,Första kammaren,1966,1972,,man
5049,Ove Karlsson,Socialdemokraterna,Kopparbergs län,Första kammaren,1966,1972,,man
5050,Paul Brundin,h,Göteborgs stad,Första kammaren,1966,1972,,man
5051,Paul Jansson,Socialdemokraterna,Skaraborgs län,Första kammaren,1966,1972,,man
5052,Per Blomquist,h,Malmöhus län med Malmö stad,Första kammaren,1966,1972,,man
5053,Per Hilding,Folkpartiet Liberalerna,Gävleborgs län,Första kammaren,1966,1972,,man
5054,Per Jacobsson i Vindeln,Folkpartiet Liberalerna,Västerbottens och Norrbottens län,Första kammaren,1966,1972,,man
5055,Ragnar Sveningsson,h,Älvsborgs län,Första kammaren,1966,1972,,man
5056,Rikard Svensson,Socialdemokraterna,Blekinge och Kristianstads län,Första kammaren,1966,1972,,man
5057,Roland Lundberg,h,Malmöhus län med Malmö stad,Första kammaren,1966,1972,,man
5058,Rolf Kaijser,h,Värmlands län,Första kammaren,1966,1972,,man
5059,Rolf Wirtén,Folkpartiet Liberalerna,Jönköpings län,Första kammaren,1966,1972,,man
5060,Rune Hedlund,Socialdemokraterna,Södermlands och Västmanlands län,Första kammaren,1966,1972,,man
5061,Rune Jonsson,Socialdemokraterna,Västernorrlands och Jämtlands län,Första kammaren,1966,1972,,man
5062,Ruth Hamrin-Thorell,,Stockholms och Uppsala län,Första kammaren,1966,1972,,woman
5063,Sigurd Lundin,Socialdemokraterna,Gävleborgs län,Första kammaren,1966,1972,,man
5064,Sten Andersson,Socialdemokraterna,Värmlands län,Första kammaren,1966,1972,,man
5065,Sten Åkesson,Folkpartiet Liberalerna,Blekinge och Kristianstads län,Första kammaren,1966,1972,,man
5066,Stig Stefanson,Folkpartiet Liberalerna,Kopparbergs län,Första kammaren,1966,1972,,man
5067,Sture Palm,Socialdemokraterna,Stockholms och Uppsala län,Första kammaren,1966,1972,,man
5068,Svante Kristiansson,Socialdemokraterna,Blekinge och Kristianstads län,Första kammaren,1966,1972,,man
5069,Sven Andersson,Socialdemokraterna,Södermlands och Västmanlands län,Första kammaren,1966,1972,,man
5070,Sven Aspling,Socialdemokraterna,Göteborgs stad,Första kammaren,1966,1972,,man
5071,Sven Nyman,Folkpartiet Liberalerna,Södermlands och Västmanlands län,Första kammaren,1966,1972,,man
5072,Sven Sundin,Centerpartiet,Västernorrlands och Jämtlands län,Första kammaren,1966,1972,,man
5073,Sven-Otto Österdahl,Folkpartiet Liberalerna,Kalmar och Gotlands län,Första kammaren,1966,1972,,
5074,Tage Johansson,Socialdemokraterna,Jönköpings län,Första kammaren,1966,1972,,man
5075,Tage Larfors,Socialdemokraterna,Södermlands och Västmanlands län,Första kammaren,1966,1972,,man
5076,Thore Sörlin,Socialdemokraterna,Västerbottens och Norrbottens län,Första kammaren,1966,1972,,
5077,Thorle Nilsson,Socialdemokraterna,Jönköpings län,Första kammaren,1966,1972,,
5078,Thorsten Larsson,Centerpartiet,Malmöhus län med Malmö stad,Första kammaren,1966,1972,,
5079,Thure Dahlberg,Socialdemokraterna,Västerbottens och Norrbottens län,Första kammaren,1966,1972,,man
5080,Torsten Andersson i Brämhult,Centerpartiet,Älvsborgs län,Första kammaren,1966,1972,,
5081,Torsten Bengtsson,Centerpartiet,Jönköpings län,Första kammaren,1966,1972,,
5082,Torsten Hansson,Socialdemokraterna,Göteborgs stad,Första kammaren,1966,1972,,
5083,Torsten Mattsson,Centerpartiet,Kronobergs och Hallands län,Första kammaren,1966,1972,,
5084,Ulla Lindström,Socialdemokraterna,Stockholms stad,Första kammaren,1966,1972,,
5085,Uno Hedström,Socialdemokraterna,Västerbottens och Norrbottens län,Första kammaren,1966,1972,,man
5086,Yngve Möller,Socialdemokraterna,Gävleborgs län,Första kammaren,1966,1972,,man
5087,Yngve Nilsson,h,Blekinge och Kristianstads län,Första kammaren,1966,1972,,man
5088,Yngve Nyquist,Socialdemokraterna,Kopparbergs län,Första kammaren,1966,1972,,man
5089,Yngve Persson,Socialdemokraterna,Stockholms stad,Första kammaren,1966,1972,,man
5090,Åke Larsson,Socialdemokraterna,Örebro län,Första kammaren,1966,1972,,man
5091,Alf Wennerfors,h,Stockholms län,Andra kammaren,1969,1970,,man
5092,Allan Åkerlind,h,Stockholms län,Andra kammaren,1969,1970,,man
5093,Alvar Andersson (politiker),Centerpartiet,Hallands län,Andra kammaren,1969,1970,,man
5094,Anders Björck,h,Jönköpings län,Andra kammaren,1969,1970,,man
5095,Anders Dahlgren,Centerpartiet,Kalmar län,Andra kammaren,1969,1970,,man
5096,Anders Haglund,Socialdemokraterna,Gävleborgs län,Andra kammaren,1969,1970,,man
5097,Anders Jonsson,Folkpartiet Liberalerna,Kopparbergs län,Andra kammaren,1969,1970,,man
5098,Anita Gradin,Socialdemokraterna,Stockholms stad,Andra kammaren,1969,1970,,woman
5099,Anna-Greta Skantz,Socialdemokraterna,"Malmö, Helsingborg, Landskrona och Lund",Andra kammaren,1969,1970,,
5100,Anna-Lisa Lewén-Eliasson,Socialdemokraterna,Stockholms län,Andra kammaren,1969,1970,,
5101,Anna-Lisa Nilsson,Centerpartiet,Kristianstads län,Andra kammaren,1969,1970,,
5102,Arne Blomkvist,Socialdemokraterna,Skaraborgs län,Andra kammaren,1969,1970,,man
5103,Arne Gadd,Socialdemokraterna,Uppsala län,Andra kammaren,1969,1970,,man
5104,Arne Magnusson,Centerpartiet,Jönköpings län,Andra kammaren,1969,1970,,man
5105,Arne Nygren,Socialdemokraterna,Västerbottens län,Andra kammaren,1969,1970,,man
5106,Arne Persson,Centerpartiet,Älvsborgs läns södra,Andra kammaren,1969,1970,,man
5107,Arvid Enarsson,h,Älvsborgs läns norra,Andra kammaren,1969,1970,,man
5108,Arvid Eskel,Socialdemokraterna,Värmlands län,Andra kammaren,1969,1970,,man
5109,Arvid Nilsson,Folkpartiet Liberalerna,Kristianstads län,Andra kammaren,1969,1970,,man
5110,Astrid Bergegren,Socialdemokraterna,Östergötlands län,Andra kammaren,1969,1970,,woman
5111,Astrid Kristensson,h,Stockholms stad,Andra kammaren,1969,1970,,woman
5112,Bengt Arweson,Socialdemokraterna,Gotlands län,Andra kammaren,1969,1970,,man
5113,Bengt Börjesson,Centerpartiet,Skaraborgs län,Andra kammaren,1969,1970,,man
5114,Bengt Fagerlund,Socialdemokraterna,Kronobergs län,Andra kammaren,1969,1970,,man
5115,Bengt Sjönell,Centerpartiet,Stockholms stad,Andra kammaren,1969,1970,,man
5116,Bengt Wiklund,Socialdemokraterna,Västernorrlands län,Andra kammaren,1969,1970,,man
5117,Bengt-Olof Thylén,h,Göteborg,Andra kammaren,1969,1970,,
5118,Bernhard Sundelin,Socialdemokraterna,Västernorrlands län,Andra kammaren,1969,1970,,man
5119,Bernt Ekvall,Socialdemokraterna,Älvsborgs läns södra,Andra kammaren,1969,1970,,man
5120,Bernt Nilsson,Socialdemokraterna,Kalmar län,Andra kammaren,1969,1970,,man
5121,Bertil Johansson,Centerpartiet,Kronobergs län,Andra kammaren,1969,1970,,man
5122,Bertil Jonasson,Centerpartiet,Värmlands län,Andra kammaren,1969,1970,,man
5123,Bertil Ohlin,Folkpartiet Liberalerna,Stockholms stad,Andra kammaren,1969,1970,,man
5124,Bertil Zachrisson,Socialdemokraterna,Stockholms stad,Andra kammaren,1969,1970,,man
5125,Bertil von Friesen,Folkpartiet Liberalerna,Göteborg,Andra kammaren,1969,1970,,man
5126,Birger Nilsson,Socialdemokraterna,Jämtlands län,Andra kammaren,1969,1970,,man
5127,Birger Rosqvist,Socialdemokraterna,Kalmar län,Andra kammaren,1969,1970,,man
5128,Birgitta Dahl,Socialdemokraterna,Uppsala län,Andra kammaren,1969,1970,,
5129,Blenda Ljungberg,h,Uppsala län,Andra kammaren,1969,1970,,woman
5130,Bo Martinsson,Socialdemokraterna,Västernorrlands län,Andra kammaren,1969,1970,,man
5131,Britt Mogård,h,Stockholms län,Andra kammaren,1969,1970,,
5132,Bror Nyström,Socialdemokraterna,Stockholms län,Andra kammaren,1969,1970,,man
5133,Börje Nilsson,Socialdemokraterna,Kristianstads län,Andra kammaren,1969,1970,,man
5134,C-H Hermansson,vpk,Stockholms stad,Andra kammaren,1969,1970,,
5135,Carl Göran Regnéll,h,"Malmö, Helsingborg, Landskrona och Lund",Andra kammaren,1969,1970,,man
5136,Carl-Eric Hedin,h,Södermanlands län,Andra kammaren,1969,1970,,
5137,Carl-Gustav Enskog,Folkpartiet Liberalerna,Västmanlands län,Andra kammaren,1969,1970,,
5138,Carl-Wilhelm Lothigius,h,Jönköpings län,Andra kammaren,1969,1970,,
5139,Cecilia Nettelbrandt,Folkpartiet Liberalerna,Stockholms län,Andra kammaren,1969,1970,,woman
5140,Claes Elmstedt,h,Blekinge län,Andra kammaren,1969,1970,,man
5141,Daniel Wiklund,Folkpartiet Liberalerna,Stockholms stad,Andra kammaren,1969,1970,,man
5142,Doris Håvik,Socialdemokraterna,Göteborg,Andra kammaren,1969,1970,,woman
5143,Einar Henningsson,Socialdemokraterna,"Malmö, Helsingborg, Landskrona och Lund",Andra kammaren,1969,1970,,man
5144,Einar Larsson,Centerpartiet,Kristianstads län,Andra kammaren,1969,1970,,man
5145,Eivor Marklund,vpk,Norrbottens län,Andra kammaren,1969,1970,,
5146,Elias Jönsson,Folkpartiet Liberalerna,Jämtlands län,Andra kammaren,1969,1970,,man
5147,Elvira Holmberg,Socialdemokraterna,Västernorrlands län,Andra kammaren,1969,1970,,woman
5148,Eric Johanson,Socialdemokraterna,Kalmar län,Andra kammaren,1969,1970,,man
5149,Eric Jönsson,Socialdemokraterna,"Malmö, Helsingborg, Landskrona och Lund",Andra kammaren,1969,1970,,man
5150,Eric Karlsson,Socialdemokraterna,Blekinge län,Andra kammaren,1969,1970,,man
5151,Eric Marcusson,Socialdemokraterna,Västmanlands län,Andra kammaren,1969,1970,,man
5152,Eric Nelander,Folkpartiet Liberalerna,Malmöhus län,Andra kammaren,1969,1970,,man
5153,Eric Svenning,Socialdemokraterna,"Malmö, Helsingborg, Landskrona och Lund",Andra kammaren,1969,1970,,man
5154,Erik Adamsson,Socialdemokraterna,"Malmö, Helsingborg, Landskrona och Lund",Andra kammaren,1969,1970,,man
5155,Erik Brandt,Socialdemokraterna,Örebro län,Andra kammaren,1969,1970,,man
5156,Erik Glimnér,Centerpartiet,Östergötlands län,Andra kammaren,1969,1970,,man
5157,Erik Grebäck,Centerpartiet,Stockholms län,Andra kammaren,1969,1970,,man
5158,Erik Hammarsten,Socialdemokraterna,Norrbottens län,Andra kammaren,1969,1970,,man
5159,Erik Hovhammar,h,Kronobergs län,Andra kammaren,1969,1970,,man
5160,Erik Johansson,Socialdemokraterna,Kristianstads län,Andra kammaren,1969,1970,,man
5161,Erik Krönmark,h,Kalmar län,Andra kammaren,1969,1970,,man
5162,Erik Larsson,Centerpartiet,Örebro län,Andra kammaren,1969,1970,,man
5163,Erik Larsson i Norderön,Centerpartiet,Jämtlands län,Andra kammaren,1969,1970,,man
5164,Erik Tobé,Folkpartiet Liberalerna,Uppsala län,Andra kammaren,1969,1970,,man
5165,Essen Lindahl,Socialdemokraterna,Stockholms län,Andra kammaren,1969,1970,,
5166,Eva Åsbrink,Socialdemokraterna,Skaraborgs län,Andra kammaren,1969,1970,,woman
5167,Evert Svensson,Socialdemokraterna,Göteborgs och Bohus län,Andra kammaren,1969,1970,,man
5168,Filip Fridolfsson,h,Stockholms stad,Andra kammaren,1969,1970,,man
5169,Folke Trana,Socialdemokraterna,Stockholms län,Andra kammaren,1969,1970,,man
5170,Frida Berglund,Socialdemokraterna,Norrbottens län,Andra kammaren,1969,1970,,woman
5171,Fritz Börjesson,Centerpartiet,Kalmar län,Andra kammaren,1969,1970,,man
5172,Gabriel Romanus,Folkpartiet Liberalerna,Stockholms län,Andra kammaren,1969,1970,,man
5173,Georg Åberg,Folkpartiet Liberalerna,Göteborgs och Bohus län,Andra kammaren,1969,1970,,man
5174,Gertrud Sigurdsen,Socialdemokraterna,Stockholms stad,Andra kammaren,1969,1970,,
5175,Gudrun Sundström,Socialdemokraterna,Kopparbergs län,Andra kammaren,1969,1970,,
5176,Gunbjörg Thunvall,Socialdemokraterna,Gävleborgs län,Andra kammaren,1969,1970,,
5177,Gunnar Engkvist,Socialdemokraterna,Kristianstads län,Andra kammaren,1969,1970,,man
5178,Gunnar Ericsson,Folkpartiet Liberalerna,Östergötlands län,Andra kammaren,1969,1970,,man
5179,Gunnar Eskilsson,Socialdemokraterna,Värmlands län,Andra kammaren,1969,1970,,man
5180,Gunnar Gustafsson,Socialdemokraterna,Göteborgs och Bohus län,Andra kammaren,1969,1970,,man
5181,Gunnar Hedlund,Centerpartiet,Västernorrlands län,Andra kammaren,1969,1970,,man
5182,Gunnar Hyltander,Folkpartiet Liberalerna,Skaraborgs län,Andra kammaren,1969,1970,,man
5183,Gunnar Larsson,Centerpartiet,Skaraborgs län,Andra kammaren,1969,1970,,man
5184,Gunnar Lundmark,Socialdemokraterna,Västerbottens län,Andra kammaren,1969,1970,,man
5185,Gunnar Oscarsson,h,Hallands län,Andra kammaren,1969,1970,,man
5186,Gunnel Jonäng,Centerpartiet,Gävleborgs län,Andra kammaren,1969,1970,,
5187,Gunvor Ryding,vpk,Göteborg,Andra kammaren,1969,1970,,
5188,Gusti Gustavsson,Socialdemokraterna,Kristianstads län,Andra kammaren,1969,1970,,
5189,Gördis Hörnlund,Socialdemokraterna,Älvsborgs läns södra,Andra kammaren,1969,1970,,
5190,Gösta Bohman,h,Stockholms stad,Andra kammaren,1969,1970,,man
5191,Gösta Josefsson,Socialdemokraterna,Hallands län,Andra kammaren,1969,1970,,man
5192,Gösta Skoglund,Socialdemokraterna,Västerbottens län,Andra kammaren,1969,1970,,man
5193,Hans Gustafsson,Socialdemokraterna,Stockholms stad,Andra kammaren,1969,1970,,man
5194,Hans Hagnell,Socialdemokraterna,Stockholms stad,Andra kammaren,1969,1970,,man
5195,Hans Jönsson,Socialdemokraterna,Malmöhus län,Andra kammaren,1969,1970,,man
5196,Hans Wachtmeister,h,Blekinge län,Andra kammaren,1969,1970,,man
5197,Harald Almgren,Socialdemokraterna,Jönköpings län,Andra kammaren,1969,1970,,man
5198,Henry Allard,Socialdemokraterna,Örebro län,Andra kammaren,1969,1970,,man
5199,Henry Berndtsson,Folkpartiet Liberalerna,Göteborgs och Bohus län,Andra kammaren,1969,1970,,man
5200,Hilding Johansson,Socialdemokraterna,Älvsborgs läns norra,Andra kammaren,1969,1970,,man
5201,Holger Mossberg,Socialdemokraterna,Värmlands län,Andra kammaren,1969,1970,,man
5202,Hugo Bengtsson,Socialdemokraterna,"Malmö, Helsingborg, Landskrona och Lund",Andra kammaren,1969,1970,,man
5203,Ingegärd Frænkel,Folkpartiet Liberalerna,Göteborg,Andra kammaren,1969,1970,,
5204,Ingemar Leander,Socialdemokraterna,Östergötlands län,Andra kammaren,1969,1970,,man
5205,Ingemar Mundebo,Folkpartiet Liberalerna,Stockholms län,Andra kammaren,1969,1970,,man
5206,Ingemund Bengtsson,Socialdemokraterna,Hallands län,Andra kammaren,1969,1970,,man
5207,Ingrid Bergman,Socialdemokraterna,Kopparbergs län,Andra kammaren,1969,1970,,woman
5208,Ingrid Ludvigsson,Socialdemokraterna,Södermanlands län,Andra kammaren,1969,1970,,woman
5209,Ingrid Sundberg,h,Malmöhus län,Andra kammaren,1969,1970,,woman
5210,Ingvar Carlsson,Socialdemokraterna,Stockholms län,Andra kammaren,1969,1970,,man
5211,Ingvar Svanberg,Socialdemokraterna,Norrbottens län,Andra kammaren,1969,1970,,man
5212,Iris Ekroth,Socialdemokraterna,Jönköpings län,Andra kammaren,1969,1970,,woman
5213,Ivar Nordberg,Socialdemokraterna,Stockholms län,Andra kammaren,1969,1970,,man
5214,Jan Bergqvist,Socialdemokraterna,Göteborg,Andra kammaren,1969,1970,,man
5215,Jan-Ivan Nilsson,Centerpartiet,Västerbottens län,Andra kammaren,1969,1970,,
5216,Johannes Antonsson,Centerpartiet,Hallands län,Andra kammaren,1969,1970,,man
5217,John Eriksson i Bäckmora,Centerpartiet,Gävleborgs län,Andra kammaren,1969,1970,,man
5218,John Johnsson,Socialdemokraterna,Malmöhus län,Andra kammaren,1969,1970,,man
5219,John Lundberg,Socialdemokraterna,Uppsala län,Andra kammaren,1969,1970,,man
5220,Jöns Nilsson,h,Kristianstads län,Andra kammaren,1969,1970,,
5221,Karin Wetterström,h,Östergötlands län,Andra kammaren,1969,1970,,woman
5222,Karl Boo,Centerpartiet,Kopparbergs län,Andra kammaren,1969,1970,,man
5223,Karl Erik Eriksson,Folkpartiet Liberalerna,Värmlands län,Andra kammaren,1969,1970,,man
5224,Karl Rask,Socialdemokraterna,Jönköpings län,Andra kammaren,1969,1970,,man
5225,Karl-Erik Häll,Socialdemokraterna,Norrbottens län,Andra kammaren,1969,1970,,
5226,Karl-Erik Strömberg,Socialdemokraterna,Stockholms län,Andra kammaren,1969,1970,,
5227,Karl-Gustav Andersson,Socialdemokraterna,Värmlands län,Andra kammaren,1969,1970,,
5228,Kerstin Anér,Folkpartiet Liberalerna,Stockholms stad,Andra kammaren,1969,1970,,woman
5229,Kurt Hugosson,Socialdemokraterna,Göteborg,Andra kammaren,1969,1970,,man
5230,Lars Eliasson,Centerpartiet,Kopparbergs län,Andra kammaren,1969,1970,,man
5231,Lars Gustafsson,Socialdemokraterna,Stockholms län,Andra kammaren,1969,1970,,man
5232,Lars-Ingvar Sörenson,Socialdemokraterna,Göteborg,Andra kammaren,1969,1970,,
5233,Leif Cassel,h,Värmlands län,Andra kammaren,1969,1970,,man
5234,Lena Hjelm-Wallén,Socialdemokraterna,Västmanlands län,Andra kammaren,1969,1970,,woman
5235,Lennart Andersson,Socialdemokraterna,Stockholms län,Andra kammaren,1969,1970,,man
5236,Lennart Mattsson,Centerpartiet,Göteborgs och Bohus län,Andra kammaren,1969,1970,,man
5237,Lennart Pettersson,Socialdemokraterna,"Malmö, Helsingborg, Landskrona och Lund",Andra kammaren,1969,1970,,man
5238,Lilly Bergander,Socialdemokraterna,Stockholms län,Andra kammaren,1969,1970,,woman
5239,Marta Lindberg,Socialdemokraterna,Örebro län,Andra kammaren,1969,1970,,woman
5240,Mary Holmqvist,Socialdemokraterna,Malmöhus län,Andra kammaren,1969,1970,,woman
5241,Mats Hellström,Socialdemokraterna,Stockholms stad,Andra kammaren,1969,1970,,man
5242,Mårten Werner,h,"Malmö, Helsingborg, Landskrona och Lund",Andra kammaren,1969,1970,,man
5243,Nancy Eriksson,Socialdemokraterna,Stockholms stad,Andra kammaren,1969,1970,,woman
5244,Nils Carlshamre,h,Göteborgs och Bohus län,Andra kammaren,1969,1970,,man
5245,Nils Franzén,Centerpartiet,Gotlands län,Andra kammaren,1969,1970,,man
5246,Nils Fridolfsson,Socialdemokraterna,Blekinge län,Andra kammaren,1969,1970,,man
5247,Nils G. Hansson i Skegrie,Centerpartiet,Malmöhus län,Andra kammaren,1969,1970,,man
5248,Nils Odhe,Socialdemokraterna,Skaraborgs län,Andra kammaren,1969,1970,,man
5249,Ola Ullsten,Folkpartiet Liberalerna,Stockholms stad,Andra kammaren,1969,1970,,man
5250,Olle Aldén,Socialdemokraterna,Örebro län,Andra kammaren,1969,1970,,man
5251,Olle Göransson,Socialdemokraterna,Västmanlands län,Andra kammaren,1969,1970,,man
5252,Olle Svensson,Socialdemokraterna,Södermanlands län,Andra kammaren,1969,1970,,man
5253,Olle Westberg,Socialdemokraterna,Gävleborgs län,Andra kammaren,1969,1970,,man
5254,Olle Östrand,Socialdemokraterna,Gävleborgs län,Andra kammaren,1969,1970,,man
5255,Olof Palme,Socialdemokraterna,Stockholms stad,Andra kammaren,1969,1970,,man
5256,Olof Westberg,Folkpartiet Liberalerna,Gävleborgs län,Andra kammaren,1969,1970,,man
5257,Oscar Franzén,Socialdemokraterna,Östergötlands län,Andra kammaren,1969,1970,,man
5258,Oskar Lindkvist,Socialdemokraterna,Stockholms stad,Andra kammaren,1969,1970,,man
5259,Ove Nordstrandh,h,Göteborg,Andra kammaren,1969,1970,,man
5260,Per Ahlmark,Folkpartiet Liberalerna,Stockholms stad,Andra kammaren,1969,1970,,man
5261,Per Bergman,Socialdemokraterna,Göteborg,Andra kammaren,1969,1970,,man
5262,Per Olof Sundman,Folkpartiet Liberalerna,Stockholms län,Andra kammaren,1969,1970,,man
5263,Per Petersson i Gäddvik,h,Norrbottens län,Andra kammaren,1969,1970,,man
5264,Per-Eric Ringaby,h,Örebro län,Andra kammaren,1969,1970,,
5265,Robert Dockered,Centerpartiet,Älvsborgs läns norra,Andra kammaren,1969,1970,,man
5266,Roland Brännström,Socialdemokraterna,Västerbottens län,Andra kammaren,1969,1970,,man
5267,Rolf Clarkson,h,"Malmö, Helsingborg, Landskrona och Lund",Andra kammaren,1969,1970,,man
5268,Rolf Eliasson,h,Skaraborgs län,Andra kammaren,1969,1970,,man
5269,Rolf Sellgren,Folkpartiet Liberalerna,Västernorrlands län,Andra kammaren,1969,1970,,man
5270,Rune Carlstein,Socialdemokraterna,Älvsborgs läns södra,Andra kammaren,1969,1970,,man
5271,Rune Gustavsson,Centerpartiet,Kronobergs län,Andra kammaren,1969,1970,,man
5272,Rune Johansson i Ljungby,Socialdemokraterna,Kronobergs län,Andra kammaren,1969,1970,,man
5273,Rune Johansson i Norrköping,Socialdemokraterna,Östergötlands län,Andra kammaren,1969,1970,,man
5274,Ruth Andersson,Socialdemokraterna,Älvsborgs läns norra,Andra kammaren,1969,1970,,woman
5275,Sigfrid Löfgren,Folkpartiet Liberalerna,"Malmö, Helsingborg, Landskrona och Lund",Andra kammaren,1969,1970,,
5276,Sigurd Lindholm,Socialdemokraterna,Gävleborgs län,Andra kammaren,1969,1970,,man
5277,Sigvard Larsson,Folkpartiet Liberalerna,Västerbottens län,Andra kammaren,1969,1970,,man
5278,Sigvard Rimås,Folkpartiet Liberalerna,Östergötlands län,Andra kammaren,1969,1970,,man
5279,Staffan Burenstam-Linder,h,Stockholms län,Andra kammaren,1969,1970,,man
5280,Sten Sjöholm,Folkpartiet Liberalerna,"Malmö, Helsingborg, Landskrona och Lund",Andra kammaren,1969,1970,,man
5281,Sten Wahlund,Centerpartiet,Uppsala län,Andra kammaren,1969,1970,,man
5282,Stig Alemyr,Socialdemokraterna,Kalmar län,Andra kammaren,1969,1970,,man
5283,Stig Josefson,Centerpartiet,Malmöhus län,Andra kammaren,1969,1970,,man
5284,Stig Olsson,Socialdemokraterna,Västernorrlands län,Andra kammaren,1969,1970,,man
5285,Sture Ericson,Socialdemokraterna,Örebro län,Andra kammaren,1969,1970,,man
5286,Svante Lundkvist,Socialdemokraterna,Södermanlands län,Andra kammaren,1969,1970,,man
5287,Sven Andersson,Socialdemokraterna,Älvsborgs läns norra,Andra kammaren,1969,1970,,man
5288,Sven Andersson i Örebro,Folkpartiet Liberalerna,Örebro län,Andra kammaren,1969,1970,,man
5289,Sven Antby,Folkpartiet Liberalerna,Älvsborgs läns norra,Andra kammaren,1969,1970,,man
5290,Sven Ekström,Socialdemokraterna,Gävleborgs län,Andra kammaren,1969,1970,,man
5291,Sven Gustafson,Folkpartiet Liberalerna,Göteborg,Andra kammaren,1969,1970,,man
5292,Sven Hammarberg,Socialdemokraterna,Västmanlands län,Andra kammaren,1969,1970,,man
5293,Sven Johansson,Centerpartiet,Jönköpings län,Andra kammaren,1969,1970,,man
5294,Sven Lindberg,Socialdemokraterna,Jämtlands län,Andra kammaren,1969,1970,,man
5295,Sven Mellqvist,Socialdemokraterna,Kopparbergs län,Andra kammaren,1969,1970,,man
5296,Sven Olsson,Socialdemokraterna,Göteborgs och Bohus län,Andra kammaren,1969,1970,,man
5297,Sven Persson,Socialdemokraterna,Östergötlands län,Andra kammaren,1969,1970,,man
5298,Sven Vigelsbo,Centerpartiet,Västmanlands län,Andra kammaren,1969,1970,,man
5299,Sven Wedén,Folkpartiet Liberalerna,Södermanlands län,Andra kammaren,1969,1970,,man
5300,Sven Zetterström,Socialdemokraterna,Södermanlands län,Andra kammaren,1969,1970,,man
5301,Tage Erlander,Socialdemokraterna,Stockholms stad,Andra kammaren,1969,1970,,man
5302,Tage Hansson,Socialdemokraterna,Norrbottens län,Andra kammaren,1969,1970,,man
5303,Tage Magnusson,h,Älvsborgs läns södra,Andra kammaren,1969,1970,,man
5304,Tage Sundkvist,Centerpartiet,Södermanlands län,Andra kammaren,1969,1970,,man
5305,Thorbjörn Fälldin,Centerpartiet,Västernorrlands län,Andra kammaren,1969,1970,,
5306,Thorvald Källstad,Folkpartiet Liberalerna,Göteborg,Andra kammaren,1969,1970,,
5307,Thure Jadestig,Socialdemokraterna,Västmanlands län,Andra kammaren,1969,1970,,man
5308,Thyra Löfqvist,Socialdemokraterna,Blekinge län,Andra kammaren,1969,1970,,woman
5309,Tore Nilsson,h,Västerbottens län,Andra kammaren,1969,1970,,man
5310,Torsten Fredriksson,Socialdemokraterna,Kopparbergs län,Andra kammaren,1969,1970,,
5311,Torsten Gustafsson,Centerpartiet,Gotlands län,Andra kammaren,1969,1970,,
5312,Torsten Nilsson,Socialdemokraterna,Stockholms stad,Andra kammaren,1969,1970,,
5313,Torsten Stridsman,Centerpartiet,Norrbottens län,Andra kammaren,1969,1970,,
5314,Valfrid Wikner,Socialdemokraterna,Jämtlands län,Andra kammaren,1969,1970,,man
5315,Valter Kristensson,Socialdemokraterna,Göteborg,Andra kammaren,1969,1970,,man
5316,Viola Sandell,Socialdemokraterna,Värmlands län,Andra kammaren,1969,1970,,woman
5317,William Björk,Socialdemokraterna,Malmöhus län,Andra kammaren,1969,1970,,man
5318,Yngve Hamrin,Folkpartiet Liberalerna,Jönköpings län,Andra kammaren,1969,1970,,man
5319,Yngve Holmberg,h,Stockholms stad,Andra kammaren,1969,1970,,man
5320,Åke Green,Socialdemokraterna,Kopparbergs län,Andra kammaren,1969,1970,,man
5321,Åke Gustafsson,Socialdemokraterna,Jönköpings län,Andra kammaren,1969,1970,,man
5322,Åke Polstam,Centerpartiet,Östergötlands län,Andra kammaren,1969,1970,,man
5323,Alf Pettersson,Socialdemokraterna,Fyrstadskretsen,Enkammarriksdagen,1971,1973,ombudsman,man
5324,Alf Wennerfors,Moderata samlingspartiet,Stockholms län,Enkammarriksdagen,1971,1973,utbildningschef,man
5325,Alfred Håkansson,Centerpartiet,Fyrstadskretsen,Enkammarriksdagen,1971,1973,lantbrukare,man
5326,Allan Gustafsson,Centerpartiet,Värmlands län,Enkammarriksdagen,1971,1973,hönseriägare,man
5327,Allan Hernelius,Moderata samlingspartiet,Stockholms kommun,Enkammarriksdagen,1971,1973,f.d. chefredaktör,man
5328,Allan Åkerlind,Moderata samlingspartiet,Stockholms län,Enkammarriksdagen,1971,1973,byggnadsarbetare,man
5329,Alma Olsson,Centerpartiet,Fyrstadskretsen,Enkammarriksdagen,1971,1973,fru,woman
5330,Alvar Andersson (politiker),Centerpartiet,Hallands län,Enkammarriksdagen,1971,1973,lantbrukare,man
5331,Alvar Mårtensson,Socialdemokraterna,Malmöhus län,Enkammarriksdagen,1971,1973,telearbetare,man
5332,Anders Björck,Moderata samlingspartiet,Jönköpings län,Enkammarriksdagen,1971,1973,förbundsordförande,man
5333,Anders Dahlgren,Centerpartiet,Östergötlands län,Enkammarriksdagen,1971,1973,lantbrukare,man
5334,Anders Gernandt,Centerpartiet,Västmanlands län,Enkammarriksdagen,1971,1973,ingenjör,man
5335,Anders Haglund,Socialdemokraterna,Gävleborgs län,Enkammarriksdagen,1971,1973,ombudsman,man
5336,Anders Jonsson i Mora,Folkpartiet,Kopparbergs län,Enkammarriksdagen,1971,1973,möbelhandlare,man
5337,Anders Wijkman,Moderata samlingspartiet,Stockholms kommun,Enkammarriksdagen,1971,1973,sekreterare,man
5338,Anita Gradin,Socialdemokraterna,Stockholms kommun,Enkammarriksdagen,1971,1973,departementssekreterare,woman
5339,Anna-Greta Skantz,Socialdemokraterna,Fyrstadskretsen,Enkammarriksdagen,1971,1973,ombudsman,
5340,Anna-Lisa Lewén-Eliasson,Socialdemokraterna,Stockholms län,Enkammarriksdagen,1971,1973,fru,
5341,Anna-Lisa Nilsson,Centerpartiet,Kristianstads län,Enkammarriksdagen,1971,1973,handelsträdgårdsmästare,
5342,Anton Fågelsbo,Centerpartiet,Västmanlands län,Enkammarriksdagen,1971,1973,lantbrukare,man
5343,Arne Blomkvist,Socialdemokraterna,Skaraborgs län,Enkammarriksdagen,1971,1973,porslinsarbetare,man
5344,Arne Fransson,Centerpartiet,Jönköpings län,Enkammarriksdagen,1971,1973,kamrer,man
5345,Arne Gadd,Socialdemokraterna,Uppsala län,Enkammarriksdagen,1971,1973,revisionsdirektör,man
5346,Arne Geijer,Socialdemokraterna,Stockholms län,Enkammarriksdagen,1971,1973,LO:s ordförande,man
5347,Arne Magnusson,Centerpartiet,Jönköpings län,Enkammarriksdagen,1971,1973,lantbrukare,man
5348,Arne Nygren,Socialdemokraterna,Västerbottens län,Enkammarriksdagen,1971,1973,redaktör,man
5349,Arne Persson,Centerpartiet,Älvsborgs läns södra,Enkammarriksdagen,1971,1973,lantbrukare,man
5350,Arne Pettersson,Socialdemokraterna,Fyrstadskretsen,Enkammarriksdagen,1971,1973,sekreterare,man
5351,Arvid Annerås,Folkpartiet,Göteborgs och Bohus län,Enkammarriksdagen,1971,1973,köpman,man
5352,Arvid Enarsson,Moderata samlingspartiet,Älvsborgs läns norra,Enkammarriksdagen,1971,1973,skogsbruksägare,man
5353,Arvid Eskel,Socialdemokraterna,Värmlands län,Enkammarriksdagen,1971,1973,länsarbetsdirektör,man
5354,Astrid Bergegren,Socialdemokraterna,Östergötlands län,Enkammarriksdagen,1971,1973,kontorist,woman
5355,Astrid Kristensson,Moderata samlingspartiet,Stockholms kommun,Enkammarriksdagen,1971,1973,direktör,woman
5356,Axel Kristiansson,Centerpartiet,Hallands län,Enkammarriksdagen,1971,1973,lantbrukare,man
5357,"Bengt Bengtsson, f. 1920",Centerpartiet,Göteborg stad,Enkammarriksdagen,1971,1973,partiombudsman,man
5358,Bengt Börjesson,Centerpartiet,Skaraborgs län,Enkammarriksdagen,1971,1973,kamrer,man
5359,Bengt Fagerlund,Socialdemokraterna,Kronobergs län,Enkammarriksdagen,1971,1973,försäljningsassistent,man
5360,Bengt Gustavsson,Socialdemokraterna,Södermanlands län,Enkammarriksdagen,1971,1973,ombudsman,man
5361,Bengt Norling,Socialdemokraterna,Norrbottens län,Enkammarriksdagen,1971,1973,statsråd,man
5362,Bengt Sjönell,Centerpartiet,Stockholms kommun,Enkammarriksdagen,1971,1973,direktör,man
5363,Bengt Wiklund,Socialdemokraterna,Västernorrlands län,Enkammarriksdagen,1971,1973,journalist,man
5364,Bernhard Sundelin,Socialdemokraterna,Västernorrlands län,Enkammarriksdagen,1971,1973,åkeriägare,man
5365,Bernt Ekinge,Folkpartiet,Södermanlands län,Enkammarriksdagen,1971,1973,ombudsman,man
5366,Bernt Nilsson,Socialdemokraterna,Kalmar län,Enkammarriksdagen,1971,1973,ombudsman,man
5367,Bert Stålhammar,Folkpartiet,Örebro län,Enkammarriksdagen,1971,1973,rektor,man
5368,Bertil Fiskesjö,Centerpartiet,Fyrstadskretsen,Enkammarriksdagen,1971,1973,universitetslektor,man
5369,Bertil Johansson,Centerpartiet,Kronobergs län,Enkammarriksdagen,1971,1973,lantbrukare,man
5370,Bertil Jonasson,Centerpartiet,Värmlands län,Enkammarriksdagen,1971,1973,småbrukare,man
5371,Bertil Lidgard,Moderata samlingspartiet,Stockholms kommun,Enkammarriksdagen,1971,1973,direktör,man
5372,Bertil Löfberg,Socialdemokraterna,Gävleborgs län,Enkammarriksdagen,1971,1973,statsråd,man
5373,Bertil Måbrink,Vänsterpartiet kommunisterna,Gävleborgs län,Enkammarriksdagen,1971,1973,,man
5374,Bertil Peterson,Socialdemokraterna,Kalmar län,Enkammarriksdagen,1971,1973,ombudsman,man
5375,Bertil Zachrisson,Socialdemokraterna,Stockholms kommun,Enkammarriksdagen,1971,1973,chefredaktör,man
5376,Bertil Öhvall,Folkpartiet,Norrbottens län,Enkammarriksdagen,1971,1973,ekonomikonsulent,man
5377,Billy Olsson,Folkpartiet,Värmlands län,Enkammarriksdagen,1971,1973,filosofie student,man
5378,Birger Möller,Folkpartiet,Göteborg stad,Enkammarriksdagen,1971,1973,universitetslärare,man
5379,Birger Nilsson,Socialdemokraterna,Jämtlands län,Enkammarriksdagen,1971,1973,ombudsman,man
5380,Birger Rosqvist,Socialdemokraterna,Kalmar län,Enkammarriksdagen,1971,1973,lots,man
5381,Birgitta Dahl,Socialdemokraterna,Uppsala län,Enkammarriksdagen,1971,1973,förste byråsekreterare,
5382,Björn Molin,Folkpartiet,Göteborg stad,Enkammarriksdagen,1971,1973,docent,man
5383,Blenda Ljungberg,Moderata samlingspartiet,Uppsala län,Enkammarriksdagen,1971,1973,läroverksadjunkt,woman
5384,Bo Martinsson,Socialdemokraterna,Västernorrlands län,Enkammarriksdagen,1971,1973,advokat,man
5385,Bo Turesson,Moderata samlingspartiet,Kopparbergs län,Enkammarriksdagen,1971,1973,distriktslantmätare,man
5386,Britt Mogård,Moderata samlingspartiet,Stockholms län,Enkammarriksdagen,1971,1973,ämneslärare,
5387,Britta Bergström,Folkpartiet,Fyrstadskretsen,Enkammarriksdagen,1971,1973,e. universitetslektor,woman
5388,Bror Engström,Vänsterpartiet kommunisterna,Stockholms län,Enkammarriksdagen,1971,1973,ombudsman,man
5389,C-H Hermansson,Vänsterpartiet kommunisterna,Stockholms kommun,Enkammarriksdagen,1971,1973,partiordförande,
5390,Carl Göran Regnéll,Moderata samlingspartiet,Fyrstadskretsen,Enkammarriksdagen,1971,1973,bankdirektör,man
5391,Carl-Eric Hedin,Moderata samlingspartiet,Södermanlands län,Enkammarriksdagen,1971,1973,lantbrukare,
5392,Carl-Gustav Enskog,Folkpartiet,Västmanlands län,Enkammarriksdagen,1971,1973,linjeingenjör,
5393,Carl-Wilhelm Lothigius,Moderata samlingspartiet,Jönköpings län,Enkammarriksdagen,1971,1973,direktör,
5394,Cecilia Nettelbrandt,Folkpartiet,Stockholms län,Enkammarriksdagen,1971,1973,förbundsjurist,woman
5395,Claes Elmstedt,Moderata samlingspartiet,Blekinge län,Enkammarriksdagen,1971,1973,lantbrukare,man
5396,Daniel Wiklund,Folkpartiet,Stockholms kommun,Enkammarriksdagen,1971,1973,avdelningsdirektör,man
5397,David Wirmark,Folkpartiet,Stockholms län,Enkammarriksdagen,1971,1973,partisekreterare,man
5398,Doris Håvik,Socialdemokraterna,Göteborg stad,Enkammarriksdagen,1971,1973,assistent,woman
5399,Egon Andreasson,Centerpartiet,Kristianstads län,Enkammarriksdagen,1971,1973,lantbrukare,man
5400,Einar Henningsson,Socialdemokraterna,Fyrstadskretsen,Enkammarriksdagen,1971,1973,ombudsman,man
5401,Einar Larsson,Centerpartiet,Kristianstads län,Enkammarriksdagen,1971,1973,lantbrukare,man
5402,Eivor Marklund,Vänsterpartiet kommunisterna,Norrbottens län,Enkammarriksdagen,1971,1973,fru,
5403,Elver Jonsson,Folkpartiet,Älvsborgs läns norra,Enkammarriksdagen,1971,1973,1:e postiljon,
5404,Elvy Nilsson,Socialdemokraterna,Värmlands län,Enkammarriksdagen,1971,1973,fru,
5405,Elvy Olsson,Centerpartiet,Stockholms län,Enkammarriksdagen,1971,1973,fru,
5406,Eric Enlund,Folkpartiet,Västmanlands län,Enkammarriksdagen,1971,1973,lantbrukare,man
5407,Eric Holmqvist,Socialdemokraterna,Fyrstadskretsen,Enkammarriksdagen,1971,1973,statsråd,man
5408,Eric Johansson,Socialdemokraterna,Kalmar län,Enkammarriksdagen,1971,1973,typograf,man
5409,Eric Jönsson,Socialdemokraterna,Fyrstadskretsen,Enkammarriksdagen,1971,1973,ombudsman,man
5410,Eric Marcusson,Socialdemokraterna,Västmanlands län,Enkammarriksdagen,1971,1973,ombudsman,man
5411,Eric Nelander,Folkpartiet,Malmöhus län,Enkammarriksdagen,1971,1973,underinspektör,man
5412,Erik Adamsson,Socialdemokraterna,Fyrstadskretsen,Enkammarriksdagen,1971,1973,expeditör,man
5413,Erik Brandt,Socialdemokraterna,Örebro län,Enkammarriksdagen,1971,1973,pappersbruksarbetare,man
5414,Erik Carlsson,Centerpartiet,Kopparbergs län,Enkammarriksdagen,1971,1973,bonde,man
5415,Erik Glimnér,Centerpartiet,Östergötlands län,Enkammarriksdagen,1971,1973,lantbrukare,man
5416,Erik Grebäck,Centerpartiet,Stockholms län,Enkammarriksdagen,1971,1973,agronom,man
5417,Erik Hovhammar,Moderata samlingspartiet,Kronobergs län,Enkammarriksdagen,1971,1973,bruksdiponent,man
5418,Erik Johansson,Socialdemokraterna,Kristianstads län,Enkammarriksdagen,1971,1973,arbetsförmedlingsföreståndare,man
5419,Erik Krönmark,Moderata samlingspartiet,Kalmar län,Enkammarriksdagen,1971,1973,lantbrukare,man
5420,Erik Larsson,Centerpartiet,Örebro län,Enkammarriksdagen,1971,1973,lantbrukare,man
5421,Erik Mossberger,Socialdemokraterna,Hallands län,Enkammarriksdagen,1971,1973,ombudsman,man
5422,Erik Svedberg,Socialdemokraterna,Gävleborgs län,Enkammarriksdagen,1971,1973,hemmansägare,man
5423,Erik Tobé,Folkpartiet,Uppsala län,Enkammarriksdagen,1971,1973,överlantmätare,man
5424,Erik Wärnberg,Socialdemokraterna,Östergötlands län,Enkammarriksdagen,1971,1973,trävaruhandlare,man
5425,Essen Lindahl,Socialdemokraterna,Stockholms län,Enkammarriksdagen,1971,1973,direktör,
5426,Eva Åsbrink,Socialdemokraterna,Skaraborgs län,Enkammarriksdagen,1971,1973,rektor,woman
5427,Evert Svensson,Socialdemokraterna,Göteborgs och Bohus län,Enkammarriksdagen,1971,1973,socionom,man
5428,Filip Johansson,Centerpartiet,Norrbottens län,Enkammarriksdagen,1971,1973,lantbrukare,man
5429,Frida Berglund,Socialdemokraterna,Norrbottens län,Enkammarriksdagen,1971,1973,skolsköterska,woman
5430,Fritz Börjesson,Centerpartiet,Kalmar län,Enkammarriksdagen,1971,1973,lantbrukare,man
5431,Gabriel Romanus,Folkpartiet,Stockholms län,Enkammarriksdagen,1971,1973,redaktör,man
5432,Georg Andersson,Socialdemokraterna,Västerbottens län,Enkammarriksdagen,1971,1973,rektor,man
5433,Georg Pettersson,Socialdemokraterna,Gotlands län,Enkammarriksdagen,1971,1973,skyddsombud,man
5434,Georg Pettersson,Centerpartiet,Örebro län,Enkammarriksdagen,1971,1973,partiombudsman,man
5435,Georg Åberg,Folkpartiet,Göteborgs och Bohus län,Enkammarriksdagen,1971,1973,fiskeriombudsman,man
5436,Gertrud Sigurdsen,Socialdemokraterna,Stockholms kommun,Enkammarriksdagen,1971,1973,sekreterare,
5437,Gillis Augustsson,Socialdemokraterna,Östergötlands län,Enkammarriksdagen,1971,1973,järnbruksarbetare,
5438,Grethe Lundblad,Socialdemokraterna,Fyrstadskretsen,Enkammarriksdagen,1971,1973,socialvårdsinspektör,
5439,Gudmund Ernulf,Folkpartiet,Älvsborgs läns södra,Enkammarriksdagen,1971,1973,borgmästare,man
5440,Gudrun Sundström,Socialdemokraterna,Kopparbergs län,Enkammarriksdagen,1971,1973,fru,
5441,Gunbjörg Thunvall,Socialdemokraterna,Gävleborgs län,Enkammarriksdagen,1971,1973,fru,
5442,Gunnar Björk,Centerpartiet,Gävleborgs län,Enkammarriksdagen,1971,1973,bankkonsulent,man
5443,Gunnar Engkvist,Socialdemokraterna,Kristianstads län,Enkammarriksdagen,1971,1973,målarmästare,man
5444,Gunnar Ericsson,Folkpartiet,Östergötlands län,Enkammarriksdagen,1971,1973,direktör,man
5445,Gunnar Gustafsson,Socialdemokraterna,Göteborgs och Bohus län,Enkammarriksdagen,1971,1973,ombudsman,man
5446,Gunnar Hedlund,Centerpartiet,Västernorrlands län,Enkammarriksdagen,1971,1973,f.d. statsråd,man
5447,Gunnar Helén,Folkpartiet,Stockholms kommun,Enkammarriksdagen,1971,1973,landshövding,man
5448,Gunnar Hyltander,Folkpartiet,Skaraborgs län,Enkammarriksdagen,1971,1973,köpman,man
5449,Gunnar Lange,Socialdemokraterna,Malmöhus län,Enkammarriksdagen,1971,1973,statsråd,man
5450,Gunnar Larsson,Centerpartiet,Skaraborgs län,Enkammarriksdagen,1971,1973,lantbrukare,man
5451,Gunnar Oscarsson,Moderata samlingspartiet,Hallands län,Enkammarriksdagen,1971,1973,kapten,man
5452,Gunnar Richardsson,Folkpartiet,Skaraborgs län,Enkammarriksdagen,1971,1973,docent,man
5453,Gunnar Sträng,Socialdemokraterna,Älvsborgs läns södra,Enkammarriksdagen,1971,1973,statsråd,man
5454,Gunnel Jonäng,Centerpartiet,Gävleborgs län,Enkammarriksdagen,1971,1973,fru,
5455,Gunvor Ryding,Vänsterpartiet kommunisterna,Göteborg stad,Enkammarriksdagen,1971,1973,industritjänsteman,
5456,Gustav Lorentzon,Vänsterpartiet kommunisterna,Västernorrlands län,Enkammarriksdagen,1971,1973,ombudsman,man
5457,Gusti Gustavsson,Socialdemokraterna,Kristianstads län,Enkammarriksdagen,1971,1973,elinstallatör,
5458,Göran Karlsson,Socialdemokraterna,Jönköpings län,Enkammarriksdagen,1971,1973,redaktör,man
5459,Gördis Hörnlund,Socialdemokraterna,Älvsborgs läns södra,Enkammarriksdagen,1971,1973,fru,
5460,Gösta Andersson,Centerpartiet,Kalmar län,Enkammarriksdagen,1971,1973,skogsarbetare,man
5461,Gösta Bohman,Moderata samlingspartiet,Stockholms kommun,Enkammarriksdagen,1971,1973,direktör,man
5462,Gösta Carlsson,Centerpartiet,Södermanlands län,Enkammarriksdagen,1971,1973,rektor,man
5463,Gösta Josefsson,Socialdemokraterna,Hallands län,Enkammarriksdagen,1971,1973,förste inspektör,man
5464,Gösta Sterne,Folkpartiet,Jönköpings län,Enkammarriksdagen,1971,1973,disponent,man
5465,Göte Peterson,Socialdemokraterna,Blekinge län,Enkammarriksdagen,1971,1973,direktör,man
5466,Hagar Normark,Socialdemokraterna,Västerbottens län,Enkammarriksdagen,1971,1973,fru,
5467,Hans Hagnell,Socialdemokraterna,Stockholms kommun,Enkammarriksdagen,1971,1973,"fil. lic., pol mag.",man
5468,Hans Jönsson,Socialdemokraterna,Malmöhus län,Enkammarriksdagen,1971,1973,ombudsman,man
5469,Hans Nordgren,Moderata samlingspartiet,Gävleborgs län,Enkammarriksdagen,1971,1973,skräddarmästare,man
5470,Hans Pettersson,Folkpartiet,Malmöhus län,Enkammarriksdagen,1971,1973,folkskollärare,man
5471,Harald Almgren,Socialdemokraterna,Jönköpings län,Enkammarriksdagen,1971,1973,metallarbetare,man
5472,Harald Pettersson,Centerpartiet,Skaraborgs län,Enkammarriksdagen,1971,1973,lantbrukare,man
5473,Helge Karlsson,Socialdemokraterna,Blekinge län,Enkammarriksdagen,1971,1973,metallarbetare,man
5474,Henry Allard,Socialdemokraterna,Örebro län,Enkammarriksdagen,1971,1973,f.d. försäljningschef,man
5475,Henry Berndtsson,Folkpartiet,Göteborgs och Bohus län,Enkammarriksdagen,1971,1973,lantbrukare,man
5476,Herbert Larsson,Socialdemokraterna,Älvsborgs läns norra,Enkammarriksdagen,1971,1973,redaktör,man
5477,Hilding Johansson,Socialdemokraterna,Älvsborgs läns norra,Enkammarriksdagen,1971,1973,fil. dr,man
5478,Holger Mossberg,Socialdemokraterna,Värmlands län,Enkammarriksdagen,1971,1973,järnbruksarbetare,man
5479,Hugo Bengtsson,Socialdemokraterna,Fyrstadskretsen,Enkammarriksdagen,1971,1973,plåtslagare,man
5480,Håkan Winberg,Moderata samlingspartiet,Västernorrlands län,Enkammarriksdagen,1971,1973,hovrättspresident,man
5481,Inga Thorsson,Socialdemokraterna,Stockholms kommun,Enkammarriksdagen,1971,1973,ambassadör,
5482,Ingegärd Fraenkel,Folkpartiet,Göteborg stad,Enkammarriksdagen,1971,1973,studierektor,
5483,Ingemar Leander,Socialdemokraterna,Östergötlands län,Enkammarriksdagen,1971,1973,folkskollärare,man
5484,Ingemar Mundebo,Folkpartiet,Stockholms län,Enkammarriksdagen,1971,1973,avdelningsdirektör,man
5485,Ingemund Bengtsson,Socialdemokraterna,Hallands län,Enkammarriksdagen,1971,1973,statsråd,man
5486,Ingrid Ludvigsson,Socialdemokraterna,Södermanlands län,Enkammarriksdagen,1971,1973,kontorist,woman
5487,Ingrid Sundberg,Moderata samlingspartiet,Malmöhus län,Enkammarriksdagen,1971,1973,fru,woman
5488,Ingvar Carlsson,Socialdemokraterna,Stockholms län,Enkammarriksdagen,1971,1973,statsråd,man
5489,Ingvar Svanberg,Socialdemokraterna,Norrbottens län,Enkammarriksdagen,1971,1973,rektor,man
5490,Ivan Svanström,Centerpartiet,Kalmar län,Enkammarriksdagen,1971,1973,lantbrukare,man
5491,Ivar Hermansson,Vänsterpartiet kommunisterna,Norrbottens län,Enkammarriksdagen,1971,1973,gruvarbetare,man
5492,Ivar Högström,Socialdemokraterna,Västernorrlands län,Enkammarriksdagen,1971,1973,bostadsdirektör,man
5493,Ivar Nordberg,Socialdemokraterna,Stockholms län,Enkammarriksdagen,1971,1973,ombudsman,man
5494,Ivar Virgin,Moderata samlingspartiet,Skaraborgs län,Enkammarriksdagen,1971,1973,kapten,man
5495,Jan Bergqvist,Socialdemokraterna,Göteborg stad,Enkammarriksdagen,1971,1973,universitetslärare,man
5496,Jan-Erik Wikström,Folkpartiet,Stockholms kommun,Enkammarriksdagen,1971,1973,förlagschef,
5497,Jan-Ivan Nilsson,Centerpartiet,Västerbottens län,Enkammarriksdagen,1971,1973,lantbrukare,
5498,Johannes Antonsson,Centerpartiet,Hallands län,Enkammarriksdagen,1971,1973,hemmansägare,man
5499,John Eriksson i Bäckmora,Centerpartiet,Gävleborgs län,Enkammarriksdagen,1971,1973,f.d. ombudsman,man
5500,John Lundberg,Socialdemokraterna,Uppsala län,Enkammarriksdagen,1971,1973,ombudsman,man
5501,John Magnusson,Vänsterpartiet kommunisterna,Värmlands län,Enkammarriksdagen,1971,1973,konduktör,man
5502,John Takman,Vänsterpartiet kommunisterna,Stockholms kommun,Enkammarriksdagen,1971,1973,överläkare,man
5503,Jörn Svensson,Vänsterpartiet kommunisterna,Fyrstadskretsen,Enkammarriksdagen,1971,1973,planeringsdirektör,
5504,Kaj Björk,Socialdemokraterna,Göteborg stad,Enkammarriksdagen,1971,1973,redaktör,man
5505,Karin Andersson,Centerpartiet,Stockholms kommun,Enkammarriksdagen,1971,1973,socionom,woman
5506,Karin Nordlander,Vänsterpartiet kommunisterna,Stockholms kommun,Enkammarriksdagen,1971,1973,föreståndare,woman
5507,Karin Söder,Centerpartiet,Stockholms län,Enkammarriksdagen,1971,1973,folkskollärare,woman
5508,Karl Axel Levin,Folkpartiet,Fyrstadskretsen,Enkammarriksdagen,1971,1973,direktör,man
5509,Karl Bengtsson,Folkpartiet,Hallands län,Enkammarriksdagen,1971,1973,verkmästare,man
5510,Karl Boo,Centerpartiet,Kopparbergs län,Enkammarriksdagen,1971,1973,kontrollasistent,man
5511,Karl Hallgren,Vänsterpartiet kommunisterna,Göteborg stad,Enkammarriksdagen,1971,1973,ombudsman,man
5512,Karl Leuchovius,Moderata samlingspartiet,Skaraborgs län,Enkammarriksdagen,1971,1973,lantbrukare,man
5513,Karl Rask,Socialdemokraterna,Jönköpings län,Enkammarriksdagen,1971,1973,fabrikör,man
5514,Karl-Eric Norrby,Centerpartiet,Värmlands län,Enkammarriksdagen,1971,1973,lantbrukare,
5515,Karl-Erik Eriksson,Folkpartiet,Värmlands län,Enkammarriksdagen,1971,1973,lantbrukare,
5516,Karl-Erik Häll,Socialdemokraterna,Norrbottens län,Enkammarriksdagen,1971,1973,ombudsman,
5517,Karl-Erik Strömberg,Folkpartiet,Stockholms län,Enkammarriksdagen,1971,1973,skoldirektör,
5518,Karl-Gustav Andersson,Socialdemokraterna,Värmlands län,Enkammarriksdagen,1971,1973,rörverksarbetare,
5519,Kerstin Anér,Folkpartiet,Stockholms kommun,Enkammarriksdagen,1971,1973,radioproducent,woman
5520,Kjell A. Mattsson,Centerpartiet,Göteborgs och Bohus län,Enkammarriksdagen,1971,1973,lantbrukare,man
5521,Kjell Nilsson,Socialdemokraterna,Kronobergs län,Enkammarriksdagen,1971,1973,metallarbetare,man
5522,Kjell-Olof Feldt,Socialdemokraterna,Kopparbergs län,Enkammarriksdagen,1971,1973,statssekreterare,
5523,Knut Johansson,Socialdemokraterna,Stockholms kommun,Enkammarriksdagen,1971,1973,förbundsombud,man
5524,Krister Wickman,Socialdemokraterna,Stockholms län,Enkammarriksdagen,1971,1973,statsråd,man
5525,Kurt Hugosson,Socialdemokraterna,Göteborg stad,Enkammarriksdagen,1971,1973,byråchef,man
5526,Kurt Söderström,Moderata samlingspartiet,Östergötlands län,Enkammarriksdagen,1971,1973,ingenjör,man
5527,Lars Eliasson,Centerpartiet,Kopparbergs län,Enkammarriksdagen,1971,1973,lantbrukare,man
5528,Lars Gustafsson,Socialdemokraterna,Stockholms län,Enkammarriksdagen,1971,1973,lektor,man
5529,Lars Henrikson,Socialdemokraterna,Östergötlands län,Enkammarriksdagen,1971,1973,ombudsman,man
5530,Lars Larsson i Lotorp,Socialdemokraterna,Östergötlands län,Enkammarriksdagen,1971,1973,typograf,man
5531,Lars Schött,Moderata samlingspartiet,Kalmar län,Enkammarriksdagen,1971,1973,fögderidirektör,man
5532,Lars Werner,Vänsterpartiet kommunisterna,Stockholms län,Enkammarriksdagen,1971,1973,ombudsman,man
5533,Lars-Ove Hagberg,Vänsterpartiet kommunisterna,Kopparbergs län,Enkammarriksdagen,1971,1973,järnbruksarbetare,
5534,Lena Hjelm-Wallén,Socialdemokraterna,Västmanlands län,Enkammarriksdagen,1971,1973,statsråd,woman
5535,Lennart Andersson,Socialdemokraterna,Stockholms län,Enkammarriksdagen,1971,1973,ombudsman,man
5536,Lennart Geijer,Socialdemokraterna,Stockholms kommun,Enkammarriksdagen,1971,1973,statsråd,man
5537,Lennart Mattsson,Centerpartiet,Göteborgs och Bohus län,Enkammarriksdagen,1971,1973,studieledare,man
5538,Lennart Pettersson,Socialdemokraterna,Fyrstadskretsen,Enkammarriksdagen,1971,1973,universitetslärare,man
5539,Lilly Bergander,Socialdemokraterna,Stockholms län,Enkammarriksdagen,1971,1973,kontorist,woman
5540,Lilly Hansson,Socialdemokraterna,Västerbottens län,Enkammarriksdagen,1971,1973,sjukvårdare,woman
5541,Lisa Mattsson,Socialdemokraterna,Göteborg stad,Enkammarriksdagen,1971,1973,redaktör,woman
5542,Mac Hamrin,Folkpartiet,Kalmar län,Enkammarriksdagen,1971,1973,överlantmätare,
5543,Magnus Persson,Socialdemokraterna,Värmlands län,Enkammarriksdagen,1971,1973,ombudsman,man
5544,Magnus Taube,Folkpartiet,Kristianstads län,Enkammarriksdagen,1971,1973,disponent,man
5545,Maj Pehrsson,Centerpartiet,Älvsborgs läns södra,Enkammarriksdagen,1971,1973,kassör,woman
5546,Maj-Britt Theorin,Socialdemokraterna,Stockholms kommun,Enkammarriksdagen,1971,1973,sekreterare,
5547,Marta Lindberg,Socialdemokraterna,Örebro län,Enkammarriksdagen,1971,1973,fru,woman
5548,Martin Henmark,Folkpartiet,Kristianstads län,Enkammarriksdagen,1971,1973,beredningsråd,man
5549,Martin Olsson (centerpartist),Centerpartiet,Västernorrlands län,Enkammarriksdagen,1971,1973,bankkamrer,man
5550,Mary Holmqvist,Socialdemokraterna,Malmöhus län,Enkammarriksdagen,1971,1973,fru,woman
5551,Mats Hellström,Socialdemokraterna,Stockholms kommun,Enkammarriksdagen,1971,1973,sekreterare,man
5552,Mats Olsson,Socialdemokraterna,Blekinge län,Enkammarriksdagen,1971,1973,sparbankskonsulent,man
5553,Mårten Werner,Moderata samlingspartiet,Fyrstadskretsen,Enkammarriksdagen,1971,1973,komminister,man
5554,Nancy Eriksson,Socialdemokraterna,Stockholms kommun,Enkammarriksdagen,1971,1973,fru,woman
5555,Nils Berndtson,Vänsterpartiet kommunisterna,Östergötlands län,Enkammarriksdagen,1971,1973,partiombudsman,man
5556,Nils Carlshamre,Moderata samlingspartiet,Göteborgs och Bohus län,Enkammarriksdagen,1971,1973,lektor,man
5557,Nils Erik Wååg,Socialdemokraterna,Kristianstads län,Enkammarriksdagen,1971,1973,byggnadsingenjör,man
5558,Nils Fridolfsson,Socialdemokraterna,Blekinge län,Enkammarriksdagen,1971,1973,ombudsman,man
5559,Nils G. Hansson i Skegrie,Centerpartiet,Malmöhus län,Enkammarriksdagen,1971,1973,lantbrukare,man
5560,Nils Hjorth,Socialdemokraterna,Uppsala län,Enkammarriksdagen,1971,1973,förrådsförvaltare,man
5561,Nils Hörberg,Folkpartiet,Göteborg stad,Enkammarriksdagen,1971,1973,försäkringstjänsteman,man
5562,Nils Magnusson,Socialdemokraterna,Göteborgs och Bohus län,Enkammarriksdagen,1971,1973,lantbrukare,man
5563,Nils Åsling,Centerpartiet,Jämtlands län,Enkammarriksdagen,1971,1973,lantbrukare,man
5564,Nils-Eric Gustafsson,Centerpartiet,Västerbottens län,Enkammarriksdagen,1971,1973,lantbrukare,
5565,Ola Ullsten,Folkpartiet,Stockholms kommun,Enkammarriksdagen,1971,1973,socionom,man
5566,Olle Dahlén,Folkpartiet,Stockholms kommun,Enkammarriksdagen,1971,1973,pol. mag.,man
5567,Olle Eriksson,Centerpartiet,Älvsborgs läns norra,Enkammarriksdagen,1971,1973,entreprenör,man
5568,Olle Göransson,Socialdemokraterna,Västmanlands län,Enkammarriksdagen,1971,1973,verkmästare,man
5569,Olle Svensson,Socialdemokraterna,Södermanlands län,Enkammarriksdagen,1971,1973,chefredaktör,man
5570,Olle Westberg,Socialdemokraterna,Gävleborgs län,Enkammarriksdagen,1971,1973,svarvare,man
5571,Olof Johansson,Centerpartiet,Stockholms kommun,Enkammarriksdagen,1971,1973,förbundsordförande,man
5572,Olof Palme,Socialdemokraterna,Stockholms kommun,Enkammarriksdagen,1971,1973,statsminister,man
5573,Olof Westberg,Folkpartiet,Gävleborgs län,Enkammarriksdagen,1971,1973,rektor,man
5574,Oscar Franzén,Socialdemokraterna,Östergötlands län,Enkammarriksdagen,1971,1973,metallarbetare,man
5575,Oskar Lindkvist,Socialdemokraterna,Stockholms kommun,Enkammarriksdagen,1971,1973,ombudsman,man
5576,Otto Stadling,Socialdemokraterna,Västernorrlands län,Enkammarriksdagen,1971,1973,hemmansägare,man
5577,Ove Karlsson,Socialdemokraterna,Kopparbergs län,Enkammarriksdagen,1971,1973,arbetsledare,man
5578,Ove Nordstrandh,Moderata samlingspartiet,Göteborg stad,Enkammarriksdagen,1971,1973,lektor,man
5579,Paul Brundin,Moderata samlingspartiet,Göteborg stad,Enkammarriksdagen,1971,1973,direktör,man
5580,Paul Grabö,Centerpartiet,Stockholms kommun,Enkammarriksdagen,1971,1973,direktör,man
5581,Paul Jansson,Socialdemokraterna,Skaraborgs län,Enkammarriksdagen,1971,1973,elektriker,man
5582,Per Ahlmark,Folkpartiet,Stockholms kommun,Enkammarriksdagen,1971,1973,fil. kand.,man
5583,Per Bergman,Socialdemokraterna,Göteborg stad,Enkammarriksdagen,1971,1973,direktör,man
5584,Per Israelsson,Vänsterpartiet kommunisterna,Örebro län,Enkammarriksdagen,1971,1973,apparatskötare,man
5585,Per Olof Sundman,Centerpartiet,Stockholms län,Enkammarriksdagen,1971,1973,författare,man
5586,Per Petersson i Gäddvik,Moderata samlingspartiet,Norrbottens län,Enkammarriksdagen,1971,1973,hemmansägare,man
5587,Per Stjernström,Centerpartiet,Jämtlands län,Enkammarriksdagen,1971,1973,lantbrukare,man
5588,Per-Eric Ringaby,Moderata samlingspartiet,Örebro län,Enkammarriksdagen,1971,1973,godsägare,
5589,Per-Erik Nisser,Moderata samlingspartiet,Värmlands län,Enkammarriksdagen,1971,1973,lantbrukare,
5590,Per-Olof Strindberg,Moderata samlingspartiet,Östergötlands län,Enkammarriksdagen,1971,1973,ombudsman,
5591,Robert Dockered,Centerpartiet,Älvsborgs läns norra,Enkammarriksdagen,1971,1973,lantbrukare,man
5592,Roland Brännström,Socialdemokraterna,Västerbottens län,Enkammarriksdagen,1971,1973,verkmästare,man
5593,Roland Sundgren,Socialdemokraterna,Västmanlands län,Enkammarriksdagen,1971,1973,ombudsman,man
5594,Rolf Clarkson,Moderata samlingspartiet,Fyrstadskretsen,Enkammarriksdagen,1971,1973,direktör,man
5595,Rolf Sellgren,Folkpartiet,Västernorrlands län,Enkammarriksdagen,1971,1973,föreståndare,man
5596,Rolf Wirtén,Folkpartiet,Jönköpings län,Enkammarriksdagen,1971,1973,folkskollärare,man
5597,Rune Carlstein,Socialdemokraterna,Älvsborgs läns södra,Enkammarriksdagen,1971,1973,stadskassör,man
5598,Rune Gustavsson,Centerpartiet,Kronobergs län,Enkammarriksdagen,1971,1973,socionom,man
5599,Rune Johansson i Ljungby,Socialdemokraterna,Kronobergs län,Enkammarriksdagen,1971,1973,f.d. statsråd,man
5600,Rune Johansson i Norrköping,Socialdemokraterna,Östergötlands län,Enkammarriksdagen,1971,1973,ombudsman,man
5601,Rune Jonsson,Socialdemokraterna,Västernorrlands län,Enkammarriksdagen,1971,1973,elektriker,man
5602,Rune Rydén,Folkpartiet,Kronobergs län,Enkammarriksdagen,1971,1973,köpman,man
5603,Rune Torwald,Centerpartiet,Göteborg stad,Enkammarriksdagen,1971,1973,personalchef,man
5604,Rune Ångström,Folkpartiet,Västerbottens län,Enkammarriksdagen,1971,1973,direktör,man
5605,Ruth Andersson,Socialdemokraterna,Älvsborgs läns norra,Enkammarriksdagen,1971,1973,kurator,woman
5606,Sigfrid Löfgren,Folkpartiet,Fyrstadskretsen,Enkammarriksdagen,1971,1973,disponent,
5607,Sigvard Larsson,Folkpartiet,Västerbottens län,Enkammarriksdagen,1971,1973,direktör,man
5608,Sigvard Rimås,Folkpartiet,Östergötlands län,Enkammarriksdagen,1971,1973,lantbrukare,man
5609,Staffan Burenstam Linder,Moderata samlingspartiet,Stockholms län,Enkammarriksdagen,1971,1973,docent,man
5610,Sten Andersson,Socialdemokraterna,Stockholms kommun,Enkammarriksdagen,1971,1973,partisekreterare,man
5611,Sten Sjöholm,Folkpartiet,Fyrstadskretsen,Enkammarriksdagen,1971,1973,kronofogde,man
5612,Stig Alemyr,Socialdemokraterna,Kalmar län,Enkammarriksdagen,1971,1973,rektor,man
5613,Stig Josefson,Centerpartiet,Malmöhus län,Enkammarriksdagen,1971,1973,lantbrukare,man
5614,Stig Olsson,Socialdemokraterna,Västernorrlands län,Enkammarriksdagen,1971,1973,ombudsman,man
5615,Sture Ericson,Socialdemokraterna,Örebro län,Enkammarriksdagen,1971,1973,chefredaktör,man
5616,Sture Korpås,Centerpartiet,Uppsala län,Enkammarriksdagen,1971,1973,folkhögskolerektor,man
5617,Sture Palm,Socialdemokraterna,Stockholms län,Enkammarriksdagen,1971,1973,redaktör,man
5618,Sune Olsson,Vänsterpartiet kommunisterna,Stockholms kommun,Enkammarriksdagen,1971,1973,betongarbetare,man
5619,Svante Kristiansson,Socialdemokraterna,Kristianstads län,Enkammarriksdagen,1971,1973,fotograf,man
5620,Svante Lundkvist,Socialdemokraterna,Södermanlands län,Enkammarriksdagen,1971,1973,statsråd,man
5621,Sven Andersson,Socialdemokraterna,Södermanlands län,Enkammarriksdagen,1971,1973,statsråd,man
5622,Sven Andersson i Billingsfors,Socialdemokraterna,Älvsborgs läns norra,Enkammarriksdagen,1971,1973,pappersbruksarbetare,man
5623,Sven Andersson i Örebro,Folkpartiet,Örebro län,Enkammarriksdagen,1971,1973,frisörmästare,man
5624,Sven Antby,Folkpartiet,Älvsborgs läns norra,Enkammarriksdagen,1971,1973,lantbrukare,man
5625,Sven Aspling,Socialdemokraterna,Värmlands län,Enkammarriksdagen,1971,1973,statsråd,man
5626,Sven Ekström,Socialdemokraterna,Gävleborgs län,Enkammarriksdagen,1971,1973,kommunalkamrer,man
5627,Sven Gustafson,Folkpartiet,Göteborg stad,Enkammarriksdagen,1971,1973,bankkamrer,man
5628,Sven Hammarberg,Socialdemokraterna,Västmanlands län,Enkammarriksdagen,1971,1973,järnbruksarbetare,man
5629,Sven Johansson,Centerpartiet,Jönköpings län,Enkammarriksdagen,1971,1973,pastor,man
5630,Sven Lindberg,Socialdemokraterna,Jämtlands län,Enkammarriksdagen,1971,1973,ombudsman,man
5631,Sven Mellqvist,Socialdemokraterna,Kopparbergs län,Enkammarriksdagen,1971,1973,expeditör,man
5632,Sven Moberg,Socialdemokraterna,Örebro län,Enkammarriksdagen,1971,1973,statsråd,man
5633,Sven Persson i Appuna,Socialdemokraterna,Östergötlands län,Enkammarriksdagen,1971,1973,lantarbetare,man
5634,Sven Wedén,Folkpartiet,Södermanlands län,Enkammarriksdagen,1971,1973,disponent,man
5635,Sven Åkerfeldt,Centerpartiet,Uppsala län,Enkammarriksdagen,1971,1973,lantbrukare,man
5636,Sven-Göran Olhede,Socialdemokraterna,Göteborgs och Bohus län,Enkammarriksdagen,1971,1973,statssekreterare,
5637,Sven-Gösta Signell,Socialdemokraterna,Skaraborgs län,Enkammarriksdagen,1971,1973,ombudsman,
5638,Sören Norrby,Folkpartiet,Stockholms län,Enkammarriksdagen,1971,1973,ingenjör,man
5639,Tage Adolfsson,Moderata samlingspartiet,Västmanlands län,Enkammarriksdagen,1971,1973,lantbrukare,man
5640,Tage Erlander,Socialdemokraterna,Göteborg stad,Enkammarriksdagen,1971,1973,f.d. statsminister,man
5641,Tage Johansson,Socialdemokraterna,Jönköpings län,Enkammarriksdagen,1971,1973,assistent,man
5642,Tage Larfors,Socialdemokraterna,Södermanlands län,Enkammarriksdagen,1971,1973,direktör,man
5643,Tage Magnusson,Moderata samlingspartiet,Älvsborgs läns södra,Enkammarriksdagen,1971,1973,disponent,man
5644,Tage Sundkvist,Centerpartiet,Södermanlands län,Enkammarriksdagen,1971,1973,lantbrukare,man
5645,Thage Peterson,Socialdemokraterna,Stockholms län,Enkammarriksdagen,1971,1973,folketshuschef,
5646,Thorbjörn Fälldin,Centerpartiet,Västernorrlands län,Enkammarriksdagen,1971,1973,lantbrukare,
5647,Thorsten Larsson,Centerpartiet,Malmöhus län,Enkammarriksdagen,1971,1973,lantbrukare,
5648,Thorvald Källstad,Folkpartiet,Göteborg stad,Enkammarriksdagen,1971,1973,rektor,
5649,Thure Dahlberg,Socialdemokraterna,Norrbottens län,Enkammarriksdagen,1971,1973,ombudsman,man
5650,Thure Jadestig,Socialdemokraterna,Västmanlands län,Enkammarriksdagen,1971,1973,föreståndare,man
5651,Tore Nilsson,Moderata samlingspartiet,Västerbottens län,Enkammarriksdagen,1971,1973,predikant,man
5652,Torsten Bengtson,Centerpartiet,Jönköpings län,Enkammarriksdagen,1971,1973,redaktör,
5653,Torsten Fredriksson,Socialdemokraterna,Kopparbergs län,Enkammarriksdagen,1971,1973,gruvarbetare,
5654,Torsten Gustafsson,Centerpartiet,Gotlands län,Enkammarriksdagen,1971,1973,lantbrukare,
5655,Torsten Nilsson,Socialdemokraterna,Stockholms kommun,Enkammarriksdagen,1971,1973,utrikesminister,
5656,Torsten Stridsman,Centerpartiet,Norrbottens län,Enkammarriksdagen,1971,1973,ombudsman,
5657,Uno Hedström,Socialdemokraterna,Norrbottens län,Enkammarriksdagen,1971,1973,hemmansägare,man
5658,Valdo Carlström,Folkpartiet,Blekinge län,Enkammarriksdagen,1971,1973,direktör,
5659,Valfrid Wikner,Socialdemokraterna,Jämtlands län,Enkammarriksdagen,1971,1973,länsskogvaktmästare,man
5660,Valter Kristensson,Socialdemokraterna,Göteborg stad,Enkammarriksdagen,1971,1973,metallarbetare,man
5661,Viola Sandell,Socialdemokraterna,Värmlands län,Enkammarriksdagen,1971,1973,fröken,woman
5662,Wiggo Komstedt,Moderata samlingspartiet,Kristianstads län,Enkammarriksdagen,1971,1973,köpman,
5663,William Björk,Socialdemokraterna,Malmöhus län,Enkammarriksdagen,1971,1973,trädgårdsmästare,man
5664,Yngve Holmberg,Moderata samlingspartiet,Stockholms kommun,Enkammarriksdagen,1971,1973,direktör,man
5665,Yngve Möller,Socialdemokraterna,Gävleborgs län,Enkammarriksdagen,1971,1973,chefredaktör,man
5666,Yngve Nilsson,Moderata samlingspartiet,Kristianstads län,Enkammarriksdagen,1971,1973,lantbrukare,man
5667,Yngve Persson,Socialdemokraterna,Stockholms kommun,Enkammarriksdagen,1971,1973,förbundsombud,man
5668,Åke Green,Socialdemokraterna,Kopparbergs län,Enkammarriksdagen,1971,1973,studieombudsman,man
5669,Åke Gustavsson,Socialdemokraterna,Jönköpings län,Enkammarriksdagen,1971,1973,redaktör,man
5670,Åke Larsson,Socialdemokraterna,Örebro län,Enkammarriksdagen,1971,1973,arbetsförmedlingsföreståndare,man
5671,Åke Polstam,Centerpartiet,Östergötlands län,Enkammarriksdagen,1971,1973,polisinspektör,man
5672,Åke Wictorsson,Socialdemokraterna,Stockholms län,Enkammarriksdagen,1971,1973,planeringschef,man
5673,Alf Lövenborg,Vänsterpartiet kommunisterna,Norrbottens län,Enkammarriksdagen,1974,1976,redaktör,man
5674,Alf Pettersson,Socialdemokraterna,Fyrstadskretsen,Enkammarriksdagen,1974,1976,ombudsman,man
5675,Alf Wennerfors,Moderata samlingspartiet,Stockholms län,Enkammarriksdagen,1974,1976,utbildningschef,man
5676,Alfred Håkansson,Centerpartiet,Fyrstadskretsen,Enkammarriksdagen,1974,1976,lantbrukare,man
5677,Allan Gustafsson,Centerpartiet,Värmlands län,Enkammarriksdagen,1974,1976,hönseriägare,man
5678,Allan Hernelius,Moderata samlingspartiet,Stockholms kommun,Enkammarriksdagen,1974,1976,f.d. chefredaktör,man
5679,Allan Åkerlind,Moderata samlingspartiet,Stockholms län,Enkammarriksdagen,1974,1976,byggnadsarbetare,man
5680,Alma Olsson,Centerpartiet,Fyrstadskretsen,Enkammarriksdagen,1974,1976,fru,woman
5681,Alvar Andersson (politiker),Centerpartiet,Hallands län,Enkammarriksdagen,1974,1976,lantbrukare,man
5682,Anders Björck,Moderata samlingspartiet,Jönköpings län,Enkammarriksdagen,1974,1976,redaktör,man
5683,Anders Dahlgren,Centerpartiet,Östergötlands län,Enkammarriksdagen,1974,1976,lantbrukare,man
5684,Anders Gernandt,Centerpartiet,Västmanlands län,Enkammarriksdagen,1974,1976,ingenjör,man
5685,Anders Haglund,Socialdemokraterna,Gävleborgs län,Enkammarriksdagen,1974,1976,f.d. förvaltningschef,man
5686,Anders Jonsson,Folkpartiet,Kopparbergs län,Enkammarriksdagen,1974,1976,möbelhandlare,man
5687,Anders Wijkman,Moderata samlingspartiet,Stockholms kommun,Enkammarriksdagen,1974,1976,fil. kand.,man
5688,Anita Gradin,Socialdemokraterna,Stockholms kommun,Enkammarriksdagen,1974,1976,departementssekreterare,woman
5689,Ann Mari Laag,Socialdemokraterna,Västernorrlands län,Enkammarriksdagen,1974,1976,småskollärare,
5690,Anna Eliasson,Centerpartiet,Stockholms kommun,Enkammarriksdagen,1974,1976,fil. mag.,woman
5691,Anna-Greta Leijon,Socialdemokraterna,Stockholms län,Enkammarriksdagen,1974,1976,sekreterare,
5692,Anna-Greta Skantz,Socialdemokraterna,Fyrstadskretsen,Enkammarriksdagen,1974,1976,ombudsman,
5693,Anna-Lisa Lewén-Eliasson,Socialdemokraterna,Stockholms län,Enkammarriksdagen,1974,1976,fru,
5694,Anna-Lisa Nilsson,Centerpartiet,Kristianstads län,Enkammarriksdagen,1974,1976,handelsträdgårdsmästare,
5695,Anton Fågelsbo,Centerpartiet,Västmanlands län,Enkammarriksdagen,1974,1976,lantbrukare,man
5696,Arne Andersson,Socialdemokraterna,Kalmar län,Enkammarriksdagen,1974,1976,kommunalråd,man
5697,Arne Andersson,Moderata samlingspartiet,Älvsborgs läns norra,Enkammarriksdagen,1974,1976,lantbrukare,man
5698,Arne Blomkvist,Socialdemokraterna,Skaraborgs län,Enkammarriksdagen,1974,1976,porslinsarbetare,man
5699,Arne Fransson,Centerpartiet,Jönköpings län,Enkammarriksdagen,1974,1976,kamrer,man
5700,Arne Gadd,Socialdemokraterna,Uppsala län,Enkammarriksdagen,1974,1976,revisionsdirektör,man
5701,Arne Geijer,Socialdemokraterna,Stockholms län,Enkammarriksdagen,1974,1976,f.d. LO-ordförande,man
5702,Arne Magnusson,Centerpartiet,Jönköpings län,Enkammarriksdagen,1974,1976,lantbrukare,man
5703,Arne Nygren,Socialdemokraterna,Västebottens län,Enkammarriksdagen,1974,1976,redaktör,man
5704,Arne Persson,Centerpartiet,Älvsborgs läns södra,Enkammarriksdagen,1974,1976,lantbrukare,man
5705,Arne Pettersson,Socialdemokraterna,Fyrstadskretsen,Enkammarriksdagen,1974,1976,sekreterare,man
5706,Astrid Kristensson,Moderata samlingspartiet,Stockholms kommun,Enkammarriksdagen,1974,1976,direktör,woman
5707,Axel Kristiansson,Centerpartiet,Hallands län,Enkammarriksdagen,1974,1976,lantbrukare,man
5708,"Bengt Bengtsson, f. 1920",Centerpartiet,Göteborg kommun,Enkammarriksdagen,1974,1976,partiombudsman,man
5709,Bengt Börjesson,Centerpartiet,Skaraborgs län,Enkammarriksdagen,1974,1976,kamrer,man
5710,Bengt Fagerlund,Socialdemokraterna,Kronobergs län,Enkammarriksdagen,1974,1976,försäljningsassistent,man
5711,Bengt Gustavsson,Socialdemokraterna,Södermanlands län,Enkammarriksdagen,1974,1976,ombudsman,man
5712,Bengt Norling,Socialdemokraterna,Norrbottens län,Enkammarriksdagen,1974,1976,statsråd,man
5713,Bengt Sjönell,Centerpartiet,Stockholms kommun,Enkammarriksdagen,1974,1976,direktör,man
5714,Bengt Wiklund,Socialdemokraterna,Västernorrlands län,Enkammarriksdagen,1974,1976,journalist,man
5715,Bernhard Sundelin,Socialdemokraterna,Västernorrlands län,Enkammarriksdagen,1974,1976,åkeriägare,man
5716,Bernt Ekinge,Folkpartiet,Södermanlands län,Enkammarriksdagen,1974,1976,ombudsman,man
5717,Bernt Nilsson,Socialdemokraterna,Kalmar län,Enkammarriksdagen,1974,1976,ombudsman,man
5718,Bertil Fiskesjö,Centerpartiet,Fyrstadskretsen,Enkammarriksdagen,1974,1976,universitetslektor,man
5719,Bertil Johansson,Centerpartiet,Kronobergs län,Enkammarriksdagen,1974,1976,lantbrukare,man
5720,Bertil Jonasson,Centerpartiet,Värmlands län,Enkammarriksdagen,1974,1976,småbrukare,man
5721,Bertil Lidgard,Moderata samlingspartiet,Stockholms kommun,Enkammarriksdagen,1974,1976,konsult,man
5722,Bertil Löfberg,Socialdemokraterna,Gävleborgs län,Enkammarriksdagen,1974,1976,statsråd,man
5723,Bertil Måbrink,Vänsterpartiet kommunisterna,Gävleborgs län,Enkammarriksdagen,1974,1976,ombudsman,man
5724,Bertil Peterson,Socialdemokraterna,Kalmar län,Enkammarriksdagen,1974,1976,ombudsman,man
5725,Bertil Zachrisson,Socialdemokraterna,Stockholms kommun,Enkammarriksdagen,1974,1976,chefredaktör,man
5726,Bertil af Ugglas,Moderata samlingspartiet,Stockholms län,Enkammarriksdagen,1974,1976,civilekonom,man
5727,Birger Nilsson,Socialdemokraterna,Jämtlands län,Enkammarriksdagen,1974,1976,ombudsman,man
5728,Birger Rosqvist,Socialdemokraterna,Kalmar län,Enkammarriksdagen,1974,1976,mästerlots,man
5729,Birgitta Dahl,Socialdemokraterna,Uppsala län,Enkammarriksdagen,1974,1976,fru,
5730,Birgitta Hambraeus,Centerpartiet,Kopparbergs län,Enkammarriksdagen,1974,1976,fru,
5731,Björn Molin,Folkpartiet,Göteborg kommun,Enkammarriksdagen,1974,1976,docent,man
5732,Bo Siegbahn,Moderata samlingspartiet,Göteborg kommun,Enkammarriksdagen,1974,1976,ambassadör,man
5733,Bo Turesson,Moderata samlingspartiet,Kopparbergs län,Enkammarriksdagen,1974,1976,distriktslantmätare,man
5734,Britt Mogård,Moderata samlingspartiet,Stockholms län,Enkammarriksdagen,1974,1976,ämneslärare,
5735,Britt Wigenfeldt,Centerpartiet,Uppsala län,Enkammarriksdagen,1974,1976,fru,
5736,Börje Nilsson,Socialdemokraterna,Kristianstads län,Enkammarriksdagen,1974,1976,socionom,man
5737,C-H Hermansson,Vänsterpartiet kommunisterna,Stockholms kommun,Enkammarriksdagen,1974,1976,partiordförande,
5738,Carl Göran Regnéll,Moderata samlingspartiet,Fyrstadskretsen,Enkammarriksdagen,1974,1976,bankdirektör,man
5739,Carl Lidbom,Socialdemokraterna,Östergötlands län,Enkammarriksdagen,1974,1976,statsråd,man
5740,Carl-Wilhelm Lothigius,Moderata samlingspartiet,Jönköpings län,Enkammarriksdagen,1974,1976,hemmansägare,
5741,Cecilia Nettelbrandt,Folkpartiet,Stockholms län,Enkammarriksdagen,1974,1976,förbundsjurist,woman
5742,Christer Nilsson,Socialdemokraterna,Östergötlands län,Enkammarriksdagen,1974,1976,socionom,
5743,Christina Rogestam,Centerpartiet,Göteborg kommun,Enkammarriksdagen,1974,1976,avdelningschef,woman
5744,Claes Elmstedt,Moderata samlingspartiet,Blekinge län,Enkammarriksdagen,1974,1976,lantbrukare,man
5745,Doris Håvik,Socialdemokraterna,Göteborg kommun,Enkammarriksdagen,1974,1976,assistent,woman
5746,Egon Andreasson,Centerpartiet,Kristianstads län,Enkammarriksdagen,1974,1976,lantbrukare,man
5747,Einar Larsson,Centerpartiet,Kristianstads län,Enkammarriksdagen,1974,1976,lantbrukare,man
5748,Eivor Marklund,Vänsterpartiet kommunisterna,Norrbottens län,Enkammarriksdagen,1974,1976,fru,
5749,Elis Andersson,Centerpartiet,Stockholms län,Enkammarriksdagen,1974,1976,byggnadsarbetare,man
5750,Elver Jonsson,Folkpartiet,Älvsborgs läns norra,Enkammarriksdagen,1974,1976,postiljon,
5751,Elvy Nilsson,Socialdemokraterna,Värmlands län,Enkammarriksdagen,1974,1976,fru,
5752,Elvy Olsson,Centerpartiet,Stockholms län,Enkammarriksdagen,1974,1976,fru,
5753,Eric Enlund,Folkpartiet,Västmanlands län,Enkammarriksdagen,1974,1976,lantbrukare,man
5754,Eric Holmqvist,Socialdemokraterna,Fyrstadskretsen,Enkammarriksdagen,1974,1976,statsråd,man
5755,Eric Jönsson,Socialdemokraterna,Fyrstadskretsen,Enkammarriksdagen,1974,1976,ombudsman,man
5756,Eric Marcusson,Socialdemokraterna,Västmanlands län,Enkammarriksdagen,1974,1976,ombudsman,man
5757,Erik Adamsson,Socialdemokraterna,Fyrstadskretsen,Enkammarriksdagen,1974,1976,expeditör,man
5758,Erik Carlsson,Centerpartiet,Kopparbergs län,Enkammarriksdagen,1974,1976,bonde,man
5759,Erik Glimnér,Centerpartiet,Östergötlands län,Enkammarriksdagen,1974,1976,lantbrukare,man
5760,Erik Hovhammar,Moderata samlingspartiet,Kronobergs län,Enkammarriksdagen,1974,1976,bruksdiponent,man
5761,Erik Johansson,Centerpartiet,Stockholms län,Enkammarriksdagen,1974,1976,lantbrukare,man
5762,Erik Johansson,Socialdemokraterna,Kristianstads län,Enkammarriksdagen,1974,1976,arbetsförmedlingsföreståndare,man
5763,Erik Krönmark,Moderata samlingspartiet,Kalmar län,Enkammarriksdagen,1974,1976,lantbrukare,man
5764,Erik Larsson,Centerpartiet,Örebro län,Enkammarriksdagen,1974,1976,lantbrukare,man
5765,Erik Wärnberg,Socialdemokraterna,Östergötlands län,Enkammarriksdagen,1974,1976,trävaruhandlare,man
5766,Essen Lindahl,Socialdemokraterna,Stockholms län,Enkammarriksdagen,1974,1976,direktör,
5767,Eva Åsbrink,Socialdemokraterna,Skaraborgs län,Enkammarriksdagen,1974,1976,rektor,woman
5768,Evert Hedberg,Socialdemokraterna,Hallands län,Enkammarriksdagen,1974,1976,ombudsman,man
5769,Evert Svensson,Socialdemokraterna,Göteborgs och Bohus län,Enkammarriksdagen,1974,1976,socionom,man
5770,Filip Fridolfsson,Moderata samlingspartiet,Stockholms kommun,Enkammarriksdagen,1974,1976,fabrikör,man
5771,Filip Johansson,Centerpartiet,Norrbottens län,Enkammarriksdagen,1974,1976,lantbrukare,man
5772,Frida Berglund,Socialdemokraterna,Norrbottens län,Enkammarriksdagen,1974,1976,skolsköterska,woman
5773,Fritz Börjesson,Centerpartiet,Kalmar län,Enkammarriksdagen,1974,1976,lantbrukare,man
5774,Gabriel Romanus,Folkpartiet,Stockholms län,Enkammarriksdagen,1974,1976,redaktör,man
5775,Georg Andersson,Socialdemokraterna,Västebottens län,Enkammarriksdagen,1974,1976,rektor,man
5776,Georg Danell,Moderata samlingspartiet,Stockholms län,Enkammarriksdagen,1974,1976,jur. kand.,man
5777,Georg Pettersson,Centerpartiet,Örebro län,Enkammarriksdagen,1974,1976,partiombudsman,man
5778,Georg Åberg,Folkpartiet,Göteborgs och Bohus län,Enkammarriksdagen,1974,1976,fiskeriombudsman,man
5779,Gertrud Sigurdsen,Socialdemokraterna,Stockholms kommun,Enkammarriksdagen,1974,1976,ombudsman,
5780,Gillis Augustsson,Socialdemokraterna,Östergötlands län,Enkammarriksdagen,1974,1976,järnbruksarbetare,
5781,Grethe Lundblad,Socialdemokraterna,Fyrstadskretsen,Enkammarriksdagen,1974,1976,socialinspektör,
5782,Gudrun Sundström,Socialdemokraterna,Kopparbergs län,Enkammarriksdagen,1974,1976,fru,
5783,Gunbjörg Thunvall,Socialdemokraterna,Gävleborgs län,Enkammarriksdagen,1974,1976,fru,
5784,Gunde Raneskog,Centerpartiet,Älvsborgs läns norra,Enkammarriksdagen,1974,1976,lantbrukare,
5785,Gunilla André,Centerpartiet,Skaraborgs län,Enkammarriksdagen,1974,1976,fru,
5786,Gunnar Björk,Centerpartiet,Gävleborgs län,Enkammarriksdagen,1974,1976,förbundsordförande,man
5787,Gunnar Gustafsson,Socialdemokraterna,Göteborgs och Bohus län,Enkammarriksdagen,1974,1976,socionom,man
5788,Gunnar Hedlund,Centerpartiet,Stockholms kommun,Enkammarriksdagen,1974,1976,"jur. dr, f.d. statsråd",man
5789,Gunnar Helén,Folkpartiet,Stockholms kommun,Enkammarriksdagen,1974,1976,"f.d. landshövding, partiledare",man
5790,Gunnar Hyltander,Folkpartiet,Skaraborgs län,Enkammarriksdagen,1974,1976,köpman,man
5791,Gunnar Johansson,Moderata samlingspartiet,Göteborgs och Bohus län,Enkammarriksdagen,1974,1976,lantbrukare,man
5792,Gunnar Lange,Socialdemokraterna,Malmöhus län,Enkammarriksdagen,1974,1976,förutvarande statsråd,man
5793,Gunnar Oscarsson,Moderata samlingspartiet,Hallands län,Enkammarriksdagen,1974,1976,kapten,man
5794,Gunnar Sträng,Socialdemokraterna,Älvsborgs läns södra,Enkammarriksdagen,1974,1976,statsråd,man
5795,Gunnel Jonäng,Centerpartiet,Gävleborgs län,Enkammarriksdagen,1974,1976,fru,
5796,Gunvor Ryding,Vänsterpartiet kommunisterna,Göteborg kommun,Enkammarriksdagen,1974,1976,industritjänsteman,
5797,Gustaf Jonnergård,Centerpartiet,Stockholms län,Enkammarriksdagen,1974,1976,partisekreterare,man
5798,Gustav Lorentzon,Vänsterpartiet kommunisterna,Västernorrlands län,Enkammarriksdagen,1974,1976,ombudsman,man
5799,Gusti Gustavsson,Socialdemokraterna,Kristianstads län,Enkammarriksdagen,1974,1976,elinstallatör,
5800,Göran Karlsson,Socialdemokraterna,Jönköpings län,Enkammarriksdagen,1974,1976,redaktör,man
5801,Gördis Hörnlund,Socialdemokraterna,Älvsborgs läns södra,Enkammarriksdagen,1974,1976,fru,
5802,Gösta Andersson,Centerpartiet,Kalmar län,Enkammarriksdagen,1974,1976,skogsarbetare,man
5803,Gösta Bohman,Moderata samlingspartiet,Stockholms kommun,Enkammarriksdagen,1974,1976,partiledare,man
5804,Gösta Gustafsson,Socialdemokraterna,Göteborg kommun,Enkammarriksdagen,1974,1976,mätningsföreståndare,man
5805,Gösta Karlsson,Centerpartiet,Södermanlands län,Enkammarriksdagen,1974,1976,rektor,man
5806,Hagar Normark,Socialdemokraterna,Västebottens län,Enkammarriksdagen,1974,1976,fru,
5807,Hans Alsén,Socialdemokraterna,Uppsala län,Enkammarriksdagen,1974,1976,kommunalråd,man
5808,Hans Jönsson,Socialdemokraterna,Malmöhus län,Enkammarriksdagen,1974,1976,ombudsman,man
5809,Hans Nordgren,Moderata samlingspartiet,Gävleborgs län,Enkammarriksdagen,1974,1976,skräddarmästare,man
5810,Hans Nyhage,Moderata samlingspartiet,Älvsborgs läns södra,Enkammarriksdagen,1974,1976,rektor,man
5811,Hans Petersson i Röstånga,Folkpartiet,Malmöhus län,Enkammarriksdagen,1974,1976,folkskollärare,man
5812,Hans Pettersson,Socialdemokraterna,Fyrstadskretsen,Enkammarriksdagen,1974,1976,ombudsman,man
5813,Hans Wachtmeister,Moderata samlingspartiet,Blekinge län,Enkammarriksdagen,1974,1976,godsägare,man
5814,Harald Pettersson,Centerpartiet,Skaraborgs län,Enkammarriksdagen,1974,1976,lantbrukare,man
5815,Helge Karlsson,Socialdemokraterna,Blekinge län,Enkammarriksdagen,1974,1976,metallarbetare,man
5816,Henry Allard,Socialdemokraterna,Örebro län,Enkammarriksdagen,1974,1976,f.d. försäljningschef,man
5817,Hilding Johansson,Socialdemokraterna,Älvsborgs läns norra,Enkammarriksdagen,1974,1976,fil. dr,man
5818,Holger Mossberg,Socialdemokraterna,Värmlands län,Enkammarriksdagen,1974,1976,fabriksarbetare,man
5819,Hugo Bengtsson,Socialdemokraterna,Fyrstadskretsen,Enkammarriksdagen,1974,1976,plåtslagare,man
5820,Håkan Winberg,Moderata samlingspartiet,Västernorrlands län,Enkammarriksdagen,1974,1976,hovrättsassistent,man
5821,Inga Lantz,Vänsterpartiet kommunisterna,Stockholms län,Enkammarriksdagen,1974,1976,tjänsteman,
5822,Inga Thorsson,Socialdemokraterna,Stockholms kommun,Enkammarriksdagen,1974,1976,FN-ambassadör,
5823,Ingegerd Troedsson,Moderata samlingspartiet,Uppsala län,Enkammarriksdagen,1974,1976,pol.mag.,
5824,Ingegärd Fraenkel,Folkpartiet,Göteborg kommun,Enkammarriksdagen,1974,1976,studierektor,
5825,Ingegärd Oskarsson,Centerpartiet,Kronobergs län,Enkammarriksdagen,1974,1976,fru,
5826,Ingemar Hallenius,Centerpartiet,Skaraborgs län,Enkammarriksdagen,1974,1976,lantbrukare,man
5827,Ingemar Konradsson,Socialdemokraterna,Örebro län,Enkammarriksdagen,1974,1976,kommunalråd,man
5828,Ingemar Leander,Socialdemokraterna,Östergötlands län,Enkammarriksdagen,1974,1976,folkskollärare,man
5829,Ingemar Mundebo,Folkpartiet,Stockholms län,Enkammarriksdagen,1974,1976,avdelningsdirektör,man
5830,Ingemund Bengtsson,Socialdemokraterna,Hallands län,Enkammarriksdagen,1974,1976,statsråd,man
5831,Inger Ingvar-Svensson,Centerpartiet,Malmöhus län,Enkammarriksdagen,1974,1976,fru,
5832,Inger Lindquist,Moderata samlingspartiet,Göteborg kommun,Enkammarriksdagen,1974,1976,rådman,
5833,Ingrid Diesen,Moderata samlingspartiet,Stockholms kommun,Enkammarriksdagen,1974,1976,fil. mag.,woman
5834,Ingrid Ludvigsson,Socialdemokraterna,Södermanlands län,Enkammarriksdagen,1974,1976,kontorist,woman
5835,Ingrid Sundberg,Moderata samlingspartiet,Malmöhus län,Enkammarriksdagen,1974,1976,fru,woman
5836,Ingvar Carlsson,Socialdemokraterna,Stockholms län,Enkammarriksdagen,1974,1976,statsråd,man
5837,Ingvar Svanberg,Socialdemokraterna,Norrbottens län,Enkammarriksdagen,1974,1976,skoldirektör,man
5838,Ivan Svanström,Centerpartiet,Kalmar län,Enkammarriksdagen,1974,1976,lantbrukare,man
5839,Ivar Högström,Socialdemokraterna,Västernorrlands län,Enkammarriksdagen,1974,1976,bostadsdirektör,man
5840,Ivar Nordberg,Socialdemokraterna,Stockholms län,Enkammarriksdagen,1974,1976,organisationssekreterare,man
5841,Ivar Virgin,Moderata samlingspartiet,Skaraborgs län,Enkammarriksdagen,1974,1976,kapten,man
5842,Jan Bergqvist,Socialdemokraterna,Göteborg kommun,Enkammarriksdagen,1974,1976,pol. mag.,man
5843,Jan-Ivan Nilsson,Centerpartiet,Västebottens län,Enkammarriksdagen,1974,1976,lantbrukare,
5844,Johannes Antonsson,Centerpartiet,Hallands län,Enkammarriksdagen,1974,1976,hemmansägare,man
5845,John Eriksson i Bäckmora,Centerpartiet,Gävleborgs län,Enkammarriksdagen,1974,1976,f.d. ombudsman,man
5846,John Johnsson,Socialdemokraterna,Malmöhus län,Enkammarriksdagen,1974,1976,ombudsman,man
5847,John Magnusson,Vänsterpartiet kommunisterna,Värmlands län,Enkammarriksdagen,1974,1976,konduktör,man
5848,John Takman,Vänsterpartiet kommunisterna,Stockholms kommun,Enkammarriksdagen,1974,1976,överläkare,man
5849,Jörn Svensson,Vänsterpartiet kommunisterna,Fyrstadskretsen,Enkammarriksdagen,1974,1976,planeringsdirektör,
5850,Karin Andersson,Centerpartiet,Stockholms kommun,Enkammarriksdagen,1974,1976,socionom,woman
5851,Karin Nordlander,Vänsterpartiet kommunisterna,Stockholms kommun,Enkammarriksdagen,1974,1976,föreståndare,woman
5852,Karin Söder,Centerpartiet,Stockholms län,Enkammarriksdagen,1974,1976,yrkesvalslärare,woman
5853,Karl Bengtsson,Folkpartiet,Hallands län,Enkammarriksdagen,1974,1976,verkmästare,man
5854,Karl Boo,Centerpartiet,Kopparbergs län,Enkammarriksdagen,1974,1976,kontrollasistent,man
5855,Karl Hallgren,Vänsterpartiet kommunisterna,Göteborg kommun,Enkammarriksdagen,1974,1976,stuveriarbetare,man
5856,Karl Leuchovius,Moderata samlingspartiet,Skaraborgs län,Enkammarriksdagen,1974,1976,lantbrukare,man
5857,Karl Rask,Socialdemokraterna,Jönköpings län,Enkammarriksdagen,1974,1976,fabrikör,man
5858,Karl-Anders Petersson,Centerpartiet,Blekinge län,Enkammarriksdagen,1974,1976,lantbrukare,
5859,Karl-Eric Norrby,Centerpartiet,Värmlands län,Enkammarriksdagen,1974,1976,lantbrukare,
5860,Karl-Erik Eriksson,Folkpartiet,Värmlands län,Enkammarriksdagen,1974,1976,lantbrukare,
5861,Karl-Erik Häll,Socialdemokraterna,Norrbottens län,Enkammarriksdagen,1974,1976,ombudsman,
5862,Karl-Erik Strömberg,Folkpartiet,Stockholms län,Enkammarriksdagen,1974,1976,skoldirektör,
5863,Karl-Gustav Andersson,Socialdemokraterna,Värmlands län,Enkammarriksdagen,1974,1976,rörverksarbetare,
5864,Kersti Swartz,Folkpartiet,Östergötlands län,Enkammarriksdagen,1974,1976,fru,
5865,Kerstin Andersson,Centerpartiet,Älvsborgs läns norra,Enkammarriksdagen,1974,1976,folkskollärare,woman
5866,Kerstin Andersson,Socialdemokraterna,Örebro län,Enkammarriksdagen,1974,1976,barbiträde,woman
5867,Kerstin Anér,Folkpartiet,Stockholms kommun,Enkammarriksdagen,1974,1976,fil. dr,woman
5868,Kerstin Göthberg,Centerpartiet,Västmanlands län,Enkammarriksdagen,1974,1976,fru,woman
5869,Kjell A. Mattsson,Centerpartiet,Göteborgs och Bohus län,Enkammarriksdagen,1974,1976,lantbrukare,man
5870,Kjell Nilsson,Socialdemokraterna,Kronobergs län,Enkammarriksdagen,1974,1976,metallarbetare,man
5871,Kjell-Olof Feldt,Socialdemokraterna,Kopparbergs län,Enkammarriksdagen,1974,1976,statssekreterare,
5872,Knut Johansson,Socialdemokraterna,Stockholms kommun,Enkammarriksdagen,1974,1976,förbundsordförande,man
5873,Knut Wachtmeister,Moderata samlingspartiet,Malmöhus län,Enkammarriksdagen,1974,1976,godsägare,man
5874,Krister Wickman,Socialdemokraterna,Stockholms län,Enkammarriksdagen,1974,1976,utrikesminister,man
5875,Kurt Hugosson,Socialdemokraterna,Göteborg kommun,Enkammarriksdagen,1974,1976,byråchef,man
5876,Kurt Söderström,Moderata samlingspartiet,Östergötlands län,Enkammarriksdagen,1974,1976,ingenjör,man
5877,Lars Gustafsson,Socialdemokraterna,Stockholms län,Enkammarriksdagen,1974,1976,universitetslektor,man
5878,Lars Henrikson,Socialdemokraterna,Östergötlands län,Enkammarriksdagen,1974,1976,ombudsman,man
5879,Lars Schött,Moderata samlingspartiet,Kalmar län,Enkammarriksdagen,1974,1976,fögderidirektör,man
5880,Lars Werner,Vänsterpartiet kommunisterna,Stockholms län,Enkammarriksdagen,1974,1976,ombudsman,man
5881,Lars-Ingvar Sörenson,Socialdemokraterna,Göteborg kommun,Enkammarriksdagen,1974,1976,lokförare,
5882,Lars-Ove Hagberg,Vänsterpartiet kommunisterna,Kopparbergs län,Enkammarriksdagen,1974,1976,järnbruksarbetare,
5883,Lars-Åke Larsson,Socialdemokraterna,Älvsborgs läns norra,Enkammarriksdagen,1974,1976,ombudsman,
5884,Lena Hjelm-Wallén,Socialdemokraterna,Västmanlands län,Enkammarriksdagen,1974,1976,adjunkt,woman
5885,Lennart Andersson,Socialdemokraterna,Stockholms län,Enkammarriksdagen,1974,1976,studieombudsman,man
5886,Lennart Bladh,Socialdemokraterna,Kristianstads län,Enkammarriksdagen,1974,1976,yrkesvalslärare,man
5887,Lennart Geijer,Socialdemokraterna,Stockholms kommun,Enkammarriksdagen,1974,1976,statsråd och chef för justitiedepartementet,man
5888,Lennart Mattsson,Centerpartiet,Göteborgs och Bohus län,Enkammarriksdagen,1974,1976,studieledare,man
5889,Lennart Pettersson,Socialdemokraterna,Fyrstadskretsen,Enkammarriksdagen,1974,1976,universitetslärare,man
5890,Lilly Hansson,Socialdemokraterna,Västebottens län,Enkammarriksdagen,1974,1976,sjukvårdare,woman
5891,Linnea Hörlén,Folkpartiet,Jönköpings län,Enkammarriksdagen,1974,1976,adjunkt,woman
5892,Lisa Mattsson,Socialdemokraterna,Göteborg kommun,Enkammarriksdagen,1974,1976,redaktör,woman
5893,Magnus Persson,Socialdemokraterna,Värmlands län,Enkammarriksdagen,1974,1976,ombudsman,man
5894,Maj Pehrsson,Centerpartiet,Älvsborgs läns södra,Enkammarriksdagen,1974,1976,kassör,woman
5895,Maj-Britt Theorin,Socialdemokraterna,Stockholms kommun,Enkammarriksdagen,1974,1976,sekreterare,
5896,Maj-Lis Landberg,Socialdemokraterna,Östergötlands län,Enkammarriksdagen,1974,1976,överförmyndare,
5897,Margaretha af Ugglas,Moderata samlingspartiet,Stockholms kommun,Enkammarriksdagen,1974,1976,redaktör,
5898,Marianne Karlsson,Centerpartiet,Östergötlands län,Enkammarriksdagen,1974,1976,fru,
5899,Martin Henmark,Folkpartiet,Kristianstads län,Enkammarriksdagen,1974,1976,major,man
5900,Martin Olsson,Centerpartiet,Västernorrlands län,Enkammarriksdagen,1974,1976,bankkamrer,man
5901,Mary Holmqvist,Socialdemokraterna,Malmöhus län,Enkammarriksdagen,1974,1976,barnavårdsman,woman
5902,Mats Hellström,Socialdemokraterna,Stockholms kommun,Enkammarriksdagen,1974,1976,sekreterare,man
5903,Mats Olsson,Socialdemokraterna,Blekinge län,Enkammarriksdagen,1974,1976,sparbankskonsulent,man
5904,Märta Fredrikson,Centerpartiet,Göteborgs och Bohus län,Enkammarriksdagen,1974,1976,verksamhetsledare,woman
5905,Mårten Werner,Moderata samlingspartiet,Fyrstadskretsen,Enkammarriksdagen,1974,1976,komminister,man
5906,Nils Berndtson,Vänsterpartiet kommunisterna,Östergötlands län,Enkammarriksdagen,1974,1976,partiombudsman,man
5907,Nils Carlshamre,Moderata samlingspartiet,Göteborgs och Bohus län,Enkammarriksdagen,1974,1976,lektor,man
5908,Nils Erik Wååg,Socialdemokraterna,Kristianstads län,Enkammarriksdagen,1974,1976,byggnadsingenjör,man
5909,Nils Hjorth,Socialdemokraterna,Uppsala län,Enkammarriksdagen,1974,1976,förrådsförvaltare,man
5910,Nils Hörberg,Folkpartiet,Göteborg kommun,Enkammarriksdagen,1974,1976,försäkringstjänsteman,man
5911,Nils Magnusson,Socialdemokraterna,Göteborgs och Bohus län,Enkammarriksdagen,1974,1976,lantbrukare,man
5912,Nils Åsling,Centerpartiet,Jämtlands län,Enkammarriksdagen,1974,1976,lantbrukare,man
5913,Nils-Eric Gustafsson,Centerpartiet,Västebottens län,Enkammarriksdagen,1974,1976,småbrukare,
5914,Ola Nyquist,Folkpartiet,Uppsala län,Enkammarriksdagen,1974,1976,kommunalråd,man
5915,Olle Dahlén,Folkpartiet,Stockholms kommun,Enkammarriksdagen,1974,1976,pol. mag.,man
5916,Olle Eriksson,Centerpartiet,Älvsborgs läns norra,Enkammarriksdagen,1974,1976,entreprenör,man
5917,Olle Göransson,Socialdemokraterna,Västmanlands län,Enkammarriksdagen,1974,1976,verkmästare,man
5918,Olle Westberg i Hofors,Socialdemokraterna,Gävleborgs län,Enkammarriksdagen,1974,1976,svarvare,man
5919,Olle Westberg i Ljusdal,Folkpartiet,Gävleborgs län,Enkammarriksdagen,1974,1976,rektor,man
5920,Olof Johansson,Centerpartiet,Stockholms kommun,Enkammarriksdagen,1974,1976,f.d. förbundsordförande,man
5921,Olof Palme,Socialdemokraterna,Stockholms kommun,Enkammarriksdagen,1974,1976,statsminister,man
5922,Olov Östrand,Socialdemokraterna,Gävleborgs län,Enkammarriksdagen,1974,1976,mätningsföreståndare,man
5923,Oscar Franzén,Socialdemokraterna,Östergötlands län,Enkammarriksdagen,1974,1976,metallarbetare,man
5924,Oskar Lindkvist,Socialdemokraterna,Stockholms kommun,Enkammarriksdagen,1974,1976,ombudsman,man
5925,Otto Stadling,Socialdemokraterna,Västernorrlands län,Enkammarriksdagen,1974,1976,hemmansägare,man
5926,Ove Karlsson,Socialdemokraterna,Kopparbergs län,Enkammarriksdagen,1974,1976,arbetsledare,man
5927,Ove Nordstrandh,Moderata samlingspartiet,Göteborg kommun,Enkammarriksdagen,1974,1976,lektor,man
5928,Owe Andréasson,Socialdemokraterna,Hallands län,Enkammarriksdagen,1974,1976,verktygsmakare,
5929,Paul Jansson,Socialdemokraterna,Skaraborgs län,Enkammarriksdagen,1974,1976,elektriker,man
5930,Per Ahlmark,Folkpartiet,Stockholms kommun,Enkammarriksdagen,1974,1976,fil. kand.,man
5931,Per Bergman,Socialdemokraterna,Göteborg kommun,Enkammarriksdagen,1974,1976,direktör,man
5932,Per Israelsson,Vänsterpartiet kommunisterna,Örebro län,Enkammarriksdagen,1974,1976,apparatskötare,man
5933,Per Olof Håkansson,Socialdemokraterna,Malmöhus län,Enkammarriksdagen,1974,1976,byggnadsingenjör,man
5934,Per Olof Sundman,Centerpartiet,Stockholms län,Enkammarriksdagen,1974,1976,författare,man
5935,Per Petersson i Gäddvik,Moderata samlingspartiet,Norrbottens län,Enkammarriksdagen,1974,1976,hemmansägare,man
5936,Per Stjernström,Centerpartiet,Jämtlands län,Enkammarriksdagen,1974,1976,lantbrukare,man
5937,Per-Axel Nilsson,Socialdemokraterna,Gotlands län,Enkammarriksdagen,1974,1976,avdelningschef,
5938,Per-Eric Ringaby,Moderata samlingspartiet,Örebro län,Enkammarriksdagen,1974,1976,godsägare,
5939,Per-Erik Nisser,Moderata samlingspartiet,Värmlands län,Enkammarriksdagen,1974,1976,lantbrukare,
5940,Per-Olof Strindberg,Moderata samlingspartiet,Östergötlands län,Enkammarriksdagen,1974,1976,ombudsman,
5941,Pär Granstedt,Centerpartiet,Stockholms län,Enkammarriksdagen,1974,1976,sekreterare,man
5942,Ralf Lindström,Socialdemokraterna,Blekinge län,Enkammarriksdagen,1974,1976,ombudsman,man
5943,Roland Brännström,Socialdemokraterna,Västebottens län,Enkammarriksdagen,1974,1976,verkmästare,man
5944,Roland Sundgren,Socialdemokraterna,Västmanlands län,Enkammarriksdagen,1974,1976,ombudsman,man
5945,Rolf Clarkson,Moderata samlingspartiet,Fyrstadskretsen,Enkammarriksdagen,1974,1976,direktör,man
5946,Rolf Rämgård,Centerpartiet,Kopparbergs län,Enkammarriksdagen,1974,1976,köpman,man
5947,Rolf Sellgren,Folkpartiet,Västernorrlands län,Enkammarriksdagen,1974,1976,transportplaneringschef,man
5948,Rolf Wirtén,Folkpartiet,Jönköpings län,Enkammarriksdagen,1974,1976,folkskollärare,man
5949,Rune Carlstein,Socialdemokraterna,Älvsborgs läns södra,Enkammarriksdagen,1974,1976,stadskassör,man
5950,Rune Gustavsson,Centerpartiet,Kronobergs län,Enkammarriksdagen,1974,1976,socionom,man
5951,Rune Johansson i Ljungby,Socialdemokraterna,Kronobergs län,Enkammarriksdagen,1974,1976,statsråd och chef för inrikesdepartementet,man
5952,"Rune Johansson, f. 1930",Socialdemokraterna,Älvsborgs läns norra,Enkammarriksdagen,1974,1976,verkstadsarbetare,man
5953,Rune Pettersson,Vänsterpartiet kommunisterna,Västmanlands län,Enkammarriksdagen,1974,1976,ombudsman,man
5954,Rune Torwald,Centerpartiet,Göteborg kommun,Enkammarriksdagen,1974,1976,personalchef,man
5955,Rune Ångström,Folkpartiet,Västebottens län,Enkammarriksdagen,1974,1976,direktör,man
5956,Sigfrid Löfgren,Folkpartiet,Fyrstadskretsen,Enkammarriksdagen,1974,1976,disponent,
5957,Sigvard Karlehagen,Centerpartiet,Örebro län,Enkammarriksdagen,1974,1976,läkare,man
5958,Sonja Fredgardh-Svensson,Centerpartiet,Malmöhus län,Enkammarriksdagen,1974,1976,redaktör,woman
5959,Staffan Burenstam Linder,Moderata samlingspartiet,Stockholms län,Enkammarriksdagen,1974,1976,docent,man
5960,Sten Andersson,Socialdemokraterna,Stockholms kommun,Enkammarriksdagen,1974,1976,partisekreterare,man
5961,Sten Sjöholm,Folkpartiet,Fyrstadskretsen,Enkammarriksdagen,1974,1976,kronofogde,man
5962,Stig Alemyr,Socialdemokraterna,Kalmar län,Enkammarriksdagen,1974,1976,rektor,man
5963,Stig Josefson,Centerpartiet,Malmöhus län,Enkammarriksdagen,1974,1976,lantbrukare,man
5964,Stig Olsson,Socialdemokraterna,Västernorrlands län,Enkammarriksdagen,1974,1976,mätningsman,man
5965,Sture Ericson,Socialdemokraterna,Örebro län,Enkammarriksdagen,1974,1976,chefredaktör,man
5966,Sture Korpås,Centerpartiet,Uppsala län,Enkammarriksdagen,1974,1976,folkhögskolerektor,man
5967,Sture Palm,Socialdemokraterna,Stockholms län,Enkammarriksdagen,1974,1976,redaktör,man
5968,Sune Olsson,Vänsterpartiet kommunisterna,Stockholms kommun,Enkammarriksdagen,1974,1976,byggnadsarbetare,man
5969,Svante Lundkvist,Socialdemokraterna,Södermanlands län,Enkammarriksdagen,1974,1976,statsråd,man
5970,Svea Wiklund,Centerpartiet,Västebottens län,Enkammarriksdagen,1974,1976,kommunalstämmoordförande,woman
5971,Sven Andersson,Socialdemokraterna,Södermanlands län,Enkammarriksdagen,1974,1976,statsråd,man
5972,Sven Andersson i Örebro,Folkpartiet,Örebro län,Enkammarriksdagen,1974,1976,frisörmästare,man
5973,Sven Aspling,Socialdemokraterna,Värmlands län,Enkammarriksdagen,1974,1976,statsråd,man
5974,Sven Ekström,Socialdemokraterna,Gävleborgs län,Enkammarriksdagen,1974,1976,kommunalkamrer,man
5975,Sven Eric Åkerfeldt,Centerpartiet,Uppsala län,Enkammarriksdagen,1974,1976,lantbrukare,man
5976,Sven Erik Nordin,Centerpartiet,Västernorrlands län,Enkammarriksdagen,1974,1976,lantbrukare,man
5977,Sven Gustafson,Folkpartiet,Göteborg kommun,Enkammarriksdagen,1974,1976,bankkamrer,man
5978,Sven Hammarberg,Socialdemokraterna,Västmanlands län,Enkammarriksdagen,1974,1976,ombudsman,man
5979,Sven Johansson,Centerpartiet,Jönköpings län,Enkammarriksdagen,1974,1976,pastor,man
5980,Sven Lindberg,Socialdemokraterna,Jämtlands län,Enkammarriksdagen,1974,1976,ombudsman,man
5981,Sven Mellqvist,Socialdemokraterna,Kopparbergs län,Enkammarriksdagen,1974,1976,expeditör,man
5982,Sven Moberg,Socialdemokraterna,Örebro län,Enkammarriksdagen,1974,1976,statsråd,man
5983,Sven-Gösta Signell,Socialdemokraterna,Skaraborgs län,Enkammarriksdagen,1974,1976,ombudsman,
5984,Sven-Olov Träff,Moderata samlingspartiet,Södermanlands län,Enkammarriksdagen,1974,1976,direktör,
5985,Tage Adolfsson,Moderata samlingspartiet,Västmanlands län,Enkammarriksdagen,1974,1976,företagare,man
5986,Tage Johansson,Socialdemokraterna,Jönköpings län,Enkammarriksdagen,1974,1976,assistent,man
5987,Tage Larfors,Socialdemokraterna,Södermanlands län,Enkammarriksdagen,1974,1976,direktör,man
5988,Tage Magnusson,Moderata samlingspartiet,Älvsborgs läns södra,Enkammarriksdagen,1974,1976,disponent,man
5989,Tage Sundkvist,Centerpartiet,Södermanlands län,Enkammarriksdagen,1974,1976,lantbrukare,man
5990,Thage Peterson,Socialdemokraterna,Stockholms län,Enkammarriksdagen,1974,1976,statssekreterare,
5991,Thorbjörn Fälldin,Centerpartiet,Västernorrlands län,Enkammarriksdagen,1974,1976,lantbrukare,
5992,Thorsten Larsson,Centerpartiet,Malmöhus län,Enkammarriksdagen,1974,1976,lantbrukare,
5993,Thure Dahlberg,Socialdemokraterna,Norrbottens län,Enkammarriksdagen,1974,1976,ombudsman,man
5994,Thure Jadestig,Socialdemokraterna,Västmanlands län,Enkammarriksdagen,1974,1976,föreståndare,man
5995,Tore Claeson,Vänsterpartiet kommunisterna,Stockholms län,Enkammarriksdagen,1974,1976,hyresgästombudsman,man
5996,Tore Nilsson,Moderata samlingspartiet,Västebottens län,Enkammarriksdagen,1974,1976,predikant,man
5997,Torkel Lindahl,Folkpartiet,Göteborgs och Bohus län,Enkammarriksdagen,1974,1976,segelmakare,man
5998,Torsten Bengtsson,Centerpartiet,Jönköpings län,Enkammarriksdagen,1974,1976,"redaktör, förste vice tlaman",
5999,Torsten Fredriksson,Socialdemokraterna,Kopparbergs län,Enkammarriksdagen,1974,1976,gruvarbetare,
6000,Torsten Gustafsson,Centerpartiet,Gotlands län,Enkammarriksdagen,1974,1976,lantbrukare,
6001,Torsten Nilsson,Socialdemokraterna,Stockholms kommun,Enkammarriksdagen,1974,1976,utrikesminister,
6002,Torsten Stridsman,Centerpartiet,Norrbottens län,Enkammarriksdagen,1974,1976,ombudsman,
6003,Tyra Johansson,Socialdemokraterna,Göteborgs och Bohus län,Enkammarriksdagen,1974,1976,kontorist,woman
6004,Ulla Ekelund,Centerpartiet,Kristianstads län,Enkammarriksdagen,1974,1976,tillsynslärare,
6005,Ulla Jacobsson,Moderata samlingspartiet,Fyrstadskretsen,Enkammarriksdagen,1974,1976,bitr. prof.,
6006,Ulla Tillander,Centerpartiet,Fyrstadskretsen,Enkammarriksdagen,1974,1976,ämneslärare,
6007,Uno Hedström,Socialdemokraterna,Norrbottens län,Enkammarriksdagen,1974,1976,hemmansägare,man
6008,Valdo Carlström,Folkpartiet,Blekinge län,Enkammarriksdagen,1974,1976,direktör,
6009,Valfrid Wikner,Socialdemokraterna,Jämtlands län,Enkammarriksdagen,1974,1976,länsskogvaktmästare,man
6010,Valter Kristensson,Socialdemokraterna,Göteborg kommun,Enkammarriksdagen,1974,1976,metallarbetare,man
6011,Viola Sandell,Socialdemokraterna,Värmlands län,Enkammarriksdagen,1974,1976,fröken,woman
6012,Wiggo Komstedt,Moderata samlingspartiet,Kristianstads län,Enkammarriksdagen,1974,1976,disponent,
6013,Wivi-Anne Radesjö,Socialdemokraterna,Älvsborgs läns norra,Enkammarriksdagen,1974,1976,fru,
6014,Yngve Nilsson,Moderata samlingspartiet,Kristianstads län,Enkammarriksdagen,1974,1976,lantbrukare,man
6015,Åke Gillström,Socialdemokraterna,Gävleborgs län,Enkammarriksdagen,1974,1976,rektor,man
6016,Åke Green,Socialdemokraterna,Kopparbergs län,Enkammarriksdagen,1974,1976,studieombudsman,man
6017,Åke Gustavsson,Socialdemokraterna,Jönköpings län,Enkammarriksdagen,1974,1976,redaktör,man
6018,Åke Larsson,Socialdemokraterna,Örebro län,Enkammarriksdagen,1974,1976,arbetsförmedlingsföreståndare,man
6019,Åke Polstam,Centerpartiet,Östergötlands län,Enkammarriksdagen,1974,1976,kriminalinspektör,man
6020,Åke Wictorsson,Socialdemokraterna,Stockholms län,Enkammarriksdagen,1974,1976,planeringschef,man
6021,Alf Lövenborg,Vänsterpartiet kommunisterna,Norrbottens län,Enkammarriksdagen,1976,1979,redaktör,man
6022,Alf Wennerfors,Moderata samlingspartiet,Stockholms län,Enkammarriksdagen,1976,1979,informationschef,man
6023,Alfred Håkansson,Centerpartiet,Fyrstadskretsen,Enkammarriksdagen,1976,1979,lantbrukare,man
6024,Allan Gustafsson,Centerpartiet,Värmlands län,Enkammarriksdagen,1976,1979,,man
6025,Allan Hernelius,Moderata samlingspartiet,Stockholms kommun,Enkammarriksdagen,1976,1979,bankofullmäktig,man
6026,Allan Åkerlind,Moderata samlingspartiet,Stockholms län,Enkammarriksdagen,1976,1979,byggnadsarbetare,man
6027,Alvar Andersson (politiker),Centerpartiet,Hallands län,Enkammarriksdagen,1976,1979,lantbrukare,man
6028,Anders Björck,Moderata samlingspartiet,Jönköpings län,Enkammarriksdagen,1976,1979,redaktör,man
6029,Anders Dahlgren,Centerpartiet,Östergötlands län,Enkammarriksdagen,1976,1979,lantbrukare,man
6030,Anders Wijkman,Moderata samlingspartiet,Stockholms kommun,Enkammarriksdagen,1976,1979,fil. kand.,man
6031,Anita Gradin,Socialdemokraterna,Stockholms kommun,Enkammarriksdagen,1976,1979,departementssekreterare,woman
6032,Anna Eliasson,Centerpartiet,Stockholms kommun,Enkammarriksdagen,1976,1979,fil. mag.,woman
6033,Anna-Greta Leijon,Socialdemokraterna,Stockholms län,Enkammarriksdagen,1976,1979,f.d. statsråd,
6034,Anna-Greta Skantz,Socialdemokraterna,Fyrstadskretsen,Enkammarriksdagen,1976,1979,ombudsman,
6035,Anna-Lisa Lewén-Eliasson,Socialdemokraterna,Stockholms län,Enkammarriksdagen,1976,1979,fru,
6036,Anna-Lisa Nilsson,Centerpartiet,Kristianstads län,Enkammarriksdagen,1976,1979,handelsträdgårdsmästare,
6037,Anton E. Fågelsbo,Centerpartiet,Västmanlands län,Enkammarriksdagen,1976,1979,lantbrukare,man
6038,Arne Andersson,Socialdemokraterna,Kalmar län,Enkammarriksdagen,1976,1979,inspektör,man
6039,Arne Andersson,Moderata samlingspartiet,Älvsborgs läns norra,Enkammarriksdagen,1976,1979,lantbrukare,man
6040,Arne Blomkvist,Socialdemokraterna,Skaraborgs län,Enkammarriksdagen,1976,1979,porslinsarbetare,man
6041,Arne Fransson,Centerpartiet,Jönköpings län,Enkammarriksdagen,1976,1979,kamrer,man
6042,Arne Gadd,Socialdemokraterna,Uppsala län,Enkammarriksdagen,1976,1979,revisionsdirektör,man
6043,Arne Magnusson,Centerpartiet,Jönköpings län,Enkammarriksdagen,1976,1979,lantbrukare,man
6044,Arne Nygren,Socialdemokraterna,Västerbottens län,Enkammarriksdagen,1976,1979,redaktör,man
6045,Arne Persson,Centerpartiet,Älvsborgs läns södra,Enkammarriksdagen,1976,1979,lantbrukare,man
6046,Arne Pettersson,Socialdemokraterna,Fyrstadskretsen,Enkammarriksdagen,1976,1979,sekreterare,man
6047,Astrid Kristensson,Moderata samlingspartiet,Stockholms kommun,Enkammarriksdagen,1976,1979,jur. kand.,woman
6048,Axel Andersson,Socialdemokraterna,Gävleborgs län,Enkammarriksdagen,1976,1979,ombudsman,man
6049,Barbro Engman,Socialdemokraterna,Stockholms kommun,Enkammarriksdagen,1976,1979,avdelningsordförande,
6050,Bengt Bengtsson,Centerpartiet,Göteborgs kommun,Enkammarriksdagen,1976,1979,ombudsman,man
6051,Bengt Börjesson,Centerpartiet,Skaraborgs län,Enkammarriksdagen,1976,1979,kamrer,man
6052,Bengt Fagerlund,Socialdemokraterna,Kronobergs län,Enkammarriksdagen,1976,1979,assistent,man
6053,Bengt Gustavsson,Socialdemokraterna,Södermanlands län,Enkammarriksdagen,1976,1979,ombudsman,man
6054,Bengt Kindblom,Centerpartiet,Skaraborgs län,Enkammarriksdagen,1976,1979,sekreterare,man
6055,Bengt Norling,Socialdemokraterna,Norrbottens län,Enkammarriksdagen,1976,1979,f.d. statsråd,man
6056,Bengt Silfverstrand,Socialdemokraterna,Malmöhus län,Enkammarriksdagen,1976,1979,företagsekonom,man
6057,Bengt Sjönell,Centerpartiet,Stockholms kommun,Enkammarriksdagen,1976,1979,direktör,man
6058,Bengt Wiklund,Socialdemokraterna,Västernorrlands län,Enkammarriksdagen,1976,1979,journalist,man
6059,Bernt Ekinge,Folkpartiet,Södermanlands län,Enkammarriksdagen,1976,1979,ombudsman,man
6060,Bernt Nilsson,Socialdemokraterna,Kalmar län,Enkammarriksdagen,1976,1979,ombudsman,man
6061,Bertil Dahlén,Folkpartiet,Kopparbergs län,Enkammarriksdagen,1976,1979,avdelningschef,man
6062,Bertil Fiskesjö,Centerpartiet,Fyrstadskretsen,Enkammarriksdagen,1976,1979,universitetslektor,man
6063,Bertil Johansson,Centerpartiet,Kronobergs län,Enkammarriksdagen,1976,1979,lantbrukare,man
6064,Bertil Jonasson,Centerpartiet,Värmlands län,Enkammarriksdagen,1976,1979,lantbrukare,man
6065,Bertil Lidgard,Moderata samlingspartiet,Stockholms kommun,Enkammarriksdagen,1976,1979,jur. kand.,man
6066,Bertil Måbrink,Vänsterpartiet kommunisterna,Gävleborgs län,Enkammarriksdagen,1976,1979,ombudsman,man
6067,Bertil Zachrisson,Socialdemokraterna,Stockholms kommun,Enkammarriksdagen,1976,1979,f.d. statsråd,man
6068,Bertil af Ugglas,Moderata samlingspartiet,Stockholms län,Enkammarriksdagen,1976,1979,civilekonom,man
6069,Birger Nilsson,Socialdemokraterna,Jämtlands län,Enkammarriksdagen,1976,1979,ombudsman,man
6070,Birger Rosqvist,Socialdemokraterna,Kalmar län,Enkammarriksdagen,1976,1979,mästerlots,man
6071,Birgitta Dahl,Socialdemokraterna,Uppsala län,Enkammarriksdagen,1976,1979,fru,
6072,Birgitta Hambraeus,Centerpartiet,Kopparbergs län,Enkammarriksdagen,1976,1979,fil. kand.,
6073,Birgitta Johansson,Socialdemokraterna,Skaraborgs län,Enkammarriksdagen,1976,1979,metallarbetare,
6074,Björn Molin,Folkpartiet,Göteborgs kommun,Enkammarriksdagen,1976,1979,docent,man
6075,Bo Forslund,Socialdemokraterna,Västernorrlands län,Enkammarriksdagen,1976,1979,ombudsman,man
6076,Bo Lundgren,Moderata samlingspartiet,Kristianstads län,Enkammarriksdagen,1976,1979,civilekonom,man
6077,Bo Siegbahn,Moderata samlingspartiet,Göteborgs kommun,Enkammarriksdagen,1976,1979,ambassadör,man
6078,Bo Turesson,Moderata samlingspartiet,Kopparbergs län,Enkammarriksdagen,1976,1979,överlantmätare,man
6079,Britt Mogård,Moderata samlingspartiet,Stockholms län,Enkammarriksdagen,1976,1979,fru,
6080,Britt Wigenfeldt,Centerpartiet,Uppsala län,Enkammarriksdagen,1976,1979,fru,
6081,Britta Bergström,Folkpartiet,Fyrstadskretsen,Enkammarriksdagen,1976,1979,universitetslektor,woman
6082,Britta Hammarbacken,Centerpartiet,Örebro län,Enkammarriksdagen,1976,1979,sjuksköterska,woman
6083,Börje Hörnlund,Centerpartiet,Västerbottens län,Enkammarriksdagen,1976,1979,landstingsråd,man
6084,Börje Nilsson,Socialdemokraterna,Kristianstads län,Enkammarriksdagen,1976,1979,förbundsordförande,man
6085,Börje Stensson,Folkpartiet,Östergötlands län,Enkammarriksdagen,1976,1979,skolchef,man
6086,C.-H. Hermansson,Vänsterpartiet kommunisterna,Stockholms kommun,Enkammarriksdagen,1976,1979,f.d. chefredaktör,
6087,Carl Lidbom,Socialdemokraterna,Östergötlands län,Enkammarriksdagen,1976,1979,f.d. statsråd,man
6088,Carl-Wilhelm Lothigius,Moderata samlingspartiet,Jönköpings län,Enkammarriksdagen,1976,1979,skogsbrukare,
6089,Catarina Rönnung,Socialdemokraterna,Jönköpings län,Enkammarriksdagen,1976,1979,fru,
6090,Christer Nilsson,Socialdemokraterna,Östergötlands län,Enkammarriksdagen,1976,1979,socionom,
6091,Christina Rogestam,Centerpartiet,Göteborgs kommun,Enkammarriksdagen,1976,1979,avdelningschef,woman
6092,Claes Elmstedt,Centerpartiet,Blekinge län,Enkammarriksdagen,1976,1979,lantbrukare,man
6093,Curt Boström,Socialdemokraterna,Norrbottens län,Enkammarriksdagen,1976,1979,kamrer,
6094,Daniel Tarschys,Folkpartiet,Stockholms län,Enkammarriksdagen,1976,1979,docent,man
6095,Doris Håvik,Socialdemokraterna,Göteborgs kommun,Enkammarriksdagen,1976,1979,fru,woman
6096,Einar Larsson,Centerpartiet,Kristianstads län,Enkammarriksdagen,1976,1979,lantbrukare,man
6097,Eivor Marklund,Vänsterpartiet kommunisterna,Norrbottens län,Enkammarriksdagen,1976,1979,fru,
6098,Elis Andersson,Centerpartiet,Stockholms län,Enkammarriksdagen,1976,1979,byggnadsarbetare,man
6099,Ella Johnsson,Centerpartiet,Hallands län,Enkammarriksdagen,1976,1979,fru,woman
6100,Elver Jonsson,Folkpartiet,Älvsborgs läns norra,Enkammarriksdagen,1976,1979,postiljon,
6101,Elvy Nilsson,Socialdemokraterna,Värmlands län,Enkammarriksdagen,1976,1979,fru,
6102,Elvy Olsson,Centerpartiet,Stockholms län,Enkammarriksdagen,1976,1979,fru,
6103,Eric Carlsson,Centerpartiet,Kopparbergs län,Enkammarriksdagen,1976,1979,bonde,man
6104,Eric Enlund,Centerpartiet,Västmanlands län,Enkammarriksdagen,1976,1979,lantbrukare,man
6105,Eric Holmqvist,Socialdemokraterna,Fyrstadskretsen,Enkammarriksdagen,1976,1979,f.d. statsråd,man
6106,Eric Jönsson,Socialdemokraterna,Fyrstadskretsen,Enkammarriksdagen,1976,1979,ombudsman,man
6107,Eric Krönmark,Moderata samlingspartiet,Kalmar län,Enkammarriksdagen,1976,1979,lantbrukare,man
6108,Eric Marcusson,Socialdemokraterna,Västmanlands län,Enkammarriksdagen,1976,1979,ombudsman,man
6109,Eric Rejdnell,Folkpartiet,Kalmar län,Enkammarriksdagen,1976,1979,kamrer,man
6110,Erik Adamsson,Socialdemokraterna,Fyrstadskretsen,Enkammarriksdagen,1976,1979,riksgäldsfullmäktig,man
6111,Erik Glimnér,Centerpartiet,Östergötlands län,Enkammarriksdagen,1976,1979,hemmansägare,man
6112,Erik Hovhammar,Moderata samlingspartiet,Kronobergs län,Enkammarriksdagen,1976,1979,bruksdisponent,man
6113,Erik Johansson,Centerpartiet,Stockholms län,Enkammarriksdagen,1976,1979,lantbrukare,man
6114,Erik Johansson,Socialdemokraterna,Kristianstads län,Enkammarriksdagen,1976,1979,arbetsförmedlingsföreståndare,man
6115,Erik Larsson,Centerpartiet,Örebro län,Enkammarriksdagen,1976,1979,lantbrukare,man
6116,Erik Wärnberg,Socialdemokraterna,Östergötlands län,Enkammarriksdagen,1976,1979,bankofullmäktig,man
6117,Essen Lindahl,Socialdemokraterna,Stockholms län,Enkammarriksdagen,1976,1979,direktör,
6118,Eva Hjelmström,Vänsterpartiet kommunisterna,Stockholms kommun,Enkammarriksdagen,1976,1979,tjänsteman,woman
6119,Eva Winther,Folkpartiet,Norrbottens län,Enkammarriksdagen,1976,1979,sjuksköterska,woman
6120,Evert Hedberg,Socialdemokraterna,Hallands län,Enkammarriksdagen,1976,1979,ombudsman,man
6121,Evert Svensson,Socialdemokraterna,Göteborgs och Bohus län,Enkammarriksdagen,1976,1979,förbundsordförande,man
6122,Filip Fridolfsson,Moderata samlingspartiet,Stockholms kommun,Enkammarriksdagen,1976,1979,fabrikör,man
6123,Filip Johansson,Centerpartiet,Norrbottens län,Enkammarriksdagen,1976,1979,lantbrukare,man
6124,Frida Berglund,Socialdemokraterna,Norrbottens län,Enkammarriksdagen,1976,1979,skolsköterska,woman
6125,Fritz Börjesson,Centerpartiet,Kalmar län,Enkammarriksdagen,1976,1979,lantbrukare,man
6126,Gabriel Romanus,Folkpartiet,Stockholms län,Enkammarriksdagen,1976,1979,redaktör,man
6127,Georg Andersson,Socialdemokraterna,Västerbottens län,Enkammarriksdagen,1976,1979,rektor,man
6128,Georg Danell,Moderata samlingspartiet,Stockholms län,Enkammarriksdagen,1976,1979,jur. kand.,man
6129,Georg Pettersson,Centerpartiet,Örebro län,Enkammarriksdagen,1976,1979,ombudsman,man
6130,Georg Åberg,Folkpartiet,Göteborgs och Bohus län,Enkammarriksdagen,1976,1979,fiskeriombudsman,man
6131,Gertrud Sigurdsen,Socialdemokraterna,Stockholms kommun,Enkammarriksdagen,1976,1979,f.d. statsråd,
6132,Gillis Augustsson,Socialdemokraterna,Östergötlands län,Enkammarriksdagen,1976,1979,järnbruksarbetare,
6133,Grethe Lundblad,Socialdemokraterna,Fyrstadskretsen,Enkammarriksdagen,1976,1979,socialinspektör,
6134,Gudrun Sundström,Socialdemokraterna,Kopparbergs län,Enkammarriksdagen,1976,1979,fru,
6135,Gunde Raneskog,Centerpartiet,Älvsborgs läns norra,Enkammarriksdagen,1976,1979,distriktsföreståndare,
6136,Gunilla André,Centerpartiet,Skaraborgs län,Enkammarriksdagen,1976,1979,fru,
6137,Gunnar Biörck,Moderata samlingspartiet,Stockholms län,Enkammarriksdagen,1976,1979,professor,man
6138,Gunnar Björk,Centerpartiet,Gävleborgs län,Enkammarriksdagen,1976,1979,bankkonsulent,man
6139,Gunnar Johansson,Moderata samlingspartiet,Göteborgs och Bohus län,Enkammarriksdagen,1976,1979,häradsdomare,man
6140,Gunnar Nilsson,Socialdemokraterna,Stockholms län,Enkammarriksdagen,1976,1979,LO-ordförande,man
6141,Gunnar Olsson,Socialdemokraterna,Värmlands län,Enkammarriksdagen,1976,1979,journalist,man
6142,Gunnar Oskarsson,Moderata samlingspartiet,Hallands län,Enkammarriksdagen,1976,1979,major,man
6143,Gunnar Richardson,Folkpartiet,Skaraborgs län,Enkammarriksdagen,1976,1979,docent,man
6144,Gunnar Sträng,Socialdemokraterna,Älvsborgs läns södra,Enkammarriksdagen,1976,1979,f.d. statsråd,man
6145,Gunnel Jonäng,Centerpartiet,Gävleborgs län,Enkammarriksdagen,1976,1979,studieinstruktör,
6146,Gustav Lorentzon,Vänsterpartiet kommunisterna,Västernorrlands län,Enkammarriksdagen,1976,1979,ombudsman,man
6147,Göran Karlsson,Socialdemokraterna,Jönköpings län,Enkammarriksdagen,1976,1979,redaktör,man
6148,Gördis Hörnlund,Socialdemokraterna,Älvsborgs läns södra,Enkammarriksdagen,1976,1979,fru,
6149,Gösta Andersson,Centerpartiet,Kalmar län,Enkammarriksdagen,1976,1979,skogsbrukare,man
6150,Gösta Bohman,Moderata samlingspartiet,Stockholms kommun,Enkammarriksdagen,1976,1979,partiledare,man
6151,Gösta Karlsson,Centerpartiet,Södermanlands län,Enkammarriksdagen,1976,1979,folkhögskolerektör,man
6152,Göthe Knutson,Moderata samlingspartiet,Värmlands län,Enkammarriksdagen,1976,1979,redaktör,
6153,Hagar Normark,Socialdemokraterna,Västerbottens län,Enkammarriksdagen,1976,1979,fru,
6154,Hans Alsén,Socialdemokraterna,Uppsala län,Enkammarriksdagen,1976,1979,ombudsman,man
6155,Hans Gustafsson,Socialdemokraterna,Blekinge län,Enkammarriksdagen,1976,1979,f.d. statsråd,man
6156,Hans Jönsson,Socialdemokraterna,Malmöhus län,Enkammarriksdagen,1976,1979,ombudsman,man
6157,Hans Lindblad,Folkpartiet,Gävleborgs län,Enkammarriksdagen,1976,1979,redaktör,man
6158,Hans Nyhage,Moderata samlingspartiet,Älvsborgs läns södra,Enkammarriksdagen,1976,1979,rektor,man
6159,Hans Petersson i Röstånga,Folkpartiet,Malmöhus län,Enkammarriksdagen,1976,1979,folkskollärare,man
6160,Hans Pettersson,Socialdemokraterna,Fyrstadskretsen,Enkammarriksdagen,1976,1979,kranmaskinist,man
6161,Hans Wachtmeister,Moderata samlingspartiet,Blekinge län,Enkammarriksdagen,1976,1979,civiljägmästare,man
6162,Helge Hagberg,Socialdemokraterna,Örebro län,Enkammarriksdagen,1976,1979,,man
6163,Helge Karlsson,Socialdemokraterna,Blekinge län,Enkammarriksdagen,1976,1979,metallarbetare,man
6164,Helge Klöver,Socialdemokraterna,Jönköpings län,Enkammarriksdagen,1976,1979,järnvägsexpeditör,man
6165,Henry Allard,Socialdemokraterna,Örebro län,Enkammarriksdagen,1976,1979,talman,man
6166,Hilding Johansson,Socialdemokraterna,Älvsborgs läns norra,Enkammarriksdagen,1976,1979,fil. dr,man
6167,Holger Bergqvist,Folkpartiet,Göteborgs kommun,Enkammarriksdagen,1976,1979,kommunalråd,man
6168,Holger Mossberg,Socialdemokraterna,Värmlands län,Enkammarriksdagen,1976,1979,fabriksarbetare,man
6169,Hugo Bengtsson,Socialdemokraterna,Fyrstadskretsen,Enkammarriksdagen,1976,1979,plåtslagare,man
6170,Håkan Strömberg,Socialdemokraterna,Örebro län,Enkammarriksdagen,1976,1979,metallarbetare,man
6171,Håkan Winberg,Moderata samlingspartiet,Västernorrlands län,Enkammarriksdagen,1976,1979,hovrättsråd,man
6172,Inga Lantz,Vänsterpartiet kommunisterna,Stockholms län,Enkammarriksdagen,1976,1979,industritjänsteman,
6173,Inga Thorsson,Socialdemokraterna,Stockholms kommun,Enkammarriksdagen,1976,1979,statssekreterare,
6174,Ingegerd Troedsson,Moderata samlingspartiet,Uppsala län,Enkammarriksdagen,1976,1979,pol. mag.,
6175,Ingegärd Frænkel,Folkpartiet,Göteborgs kommun,Enkammarriksdagen,1976,1979,studierektor,
6176,Ingegärd Oskarsson,Centerpartiet,Kronobergs län,Enkammarriksdagen,1976,1979,fru,
6177,Ingemar Hallenius,Centerpartiet,Skaraborgs län,Enkammarriksdagen,1976,1979,lantbrukare,man
6178,Ingemar Konradsson,Socialdemokraterna,Örebro län,Enkammarriksdagen,1976,1979,inspektör,man
6179,Ingemar Leander,Socialdemokraterna,Östergötlands län,Enkammarriksdagen,1976,1979,folkskollärare,man
6180,Ingemar Mundebo,Folkpartiet,Stockholms län,Enkammarriksdagen,1976,1979,avdelningsdirektör,man
6181,Ingemund Bengtsson,Socialdemokraterna,Hallands län,Enkammarriksdagen,1976,1979,f.d. statsråd,man
6182,Inger Lindquist,Moderata samlingspartiet,Göteborgs kommun,Enkammarriksdagen,1976,1979,rådman,
6183,Ingrid Diesen,Moderata samlingspartiet,Stockholms kommun,Enkammarriksdagen,1976,1979,fil. mag.,woman
6184,Ingrid Ludvigsson,Socialdemokraterna,Södermanlands län,Enkammarriksdagen,1976,1979,fru,woman
6185,Ingrid Sundberg,Moderata samlingspartiet,Malmöhus län,Enkammarriksdagen,1976,1979,fil. kand.,woman
6186,Ingvar Carlsson,Socialdemokraterna,Stockholms län,Enkammarriksdagen,1976,1979,f.d. statsråd,man
6187,Ingvar Svanberg,Socialdemokraterna,Norrbottens län,Enkammarriksdagen,1976,1979,skoldirektör,man
6188,Iris Mårtensson,Socialdemokraterna,Gävleborgs län,Enkammarriksdagen,1976,1979,studieombudsman,woman
6189,Ivan Svanström,Centerpartiet,Kalmar län,Enkammarriksdagen,1976,1979,lantbrukare,man
6190,Ivar Högström,Socialdemokraterna,Västernorrlands län,Enkammarriksdagen,1976,1979,bostadsdirektör,man
6191,Ivar Nordberg,Socialdemokraterna,Stockholms län,Enkammarriksdagen,1976,1979,organisationssekreterare,man
6192,Jan Bergqvist,Socialdemokraterna,Göteborgs kommun,Enkammarriksdagen,1976,1979,sekreterare,man
6193,Jan-Erik Wikström,Folkpartiet,Stockholms kommun,Enkammarriksdagen,1976,1979,förlagschef,
6194,Jan-Ivan Nilsson,Centerpartiet,Västerbottens län,Enkammarriksdagen,1976,1979,lantbrukare,
6195,Joakim Ollén,Moderata samlingspartiet,Fyrstadskretsen,Enkammarriksdagen,1976,1979,sekreterare,man
6196,Johan A. Olsson,Centerpartiet,Gävleborgs län,Enkammarriksdagen,1976,1979,fabrikör,man
6197,Johannes Antonsson,Centerpartiet,Hallands län,Enkammarriksdagen,1976,1979,lantbrukare,man
6198,John Johnsson,Socialdemokraterna,Malmöhus län,Enkammarriksdagen,1976,1979,ombudsman,man
6199,Jörgen Ullenhag,Folkpartiet,Uppsala län,Enkammarriksdagen,1976,1979,fil. dr,man
6200,Jörn Svensson,Vänsterpartiet kommunisterna,Fyrstadskretsen,Enkammarriksdagen,1976,1979,planeringsdirektör,
6201,Karin Ahrland,Folkpartiet,Stockholms kommun,Enkammarriksdagen,1976,1979,förste länsassessor,woman
6202,Karin Andersson,Centerpartiet,Stockholms kommun,Enkammarriksdagen,1976,1979,förbundssekreterare,woman
6203,Karin Nordlander,Vänsterpartiet kommunisterna,Stockholms kommun,Enkammarriksdagen,1976,1979,fru,woman
6204,Karin Söder,Centerpartiet,Stockholms län,Enkammarriksdagen,1976,1979,yrkesvalslärare,woman
6205,Karl Bengtsson,Folkpartiet,Hallands län,Enkammarriksdagen,1976,1979,verkmästare,man
6206,Karl Boo,Centerpartiet,Kopparbergs län,Enkammarriksdagen,1976,1979,kontrollassistent,man
6207,Karl Erik Eriksson,Folkpartiet,Värmlands län,Enkammarriksdagen,1976,1979,lantbrukare,man
6208,Karl Erik Olsson,Centerpartiet,Kristianstads län,Enkammarriksdagen,1976,1979,lantbrukare,man
6209,Karl Hallgren,Vänsterpartiet kommunisterna,Göteborgs kommun,Enkammarriksdagen,1976,1979,stuveriarbetare,man
6210,Karl Leuchovius,Moderata samlingspartiet,Skaraborgs län,Enkammarriksdagen,1976,1979,lantbrukare,man
6211,Karl-Anders Petersson,Centerpartiet,Blekinge län,Enkammarriksdagen,1976,1979,bankkamrer,
6212,Karl-Eric Norrby,Centerpartiet,Värmlands län,Enkammarriksdagen,1976,1979,lantbrukare,
6213,Karl-Erik Häll,Socialdemokraterna,Norrbottens län,Enkammarriksdagen,1976,1979,ombudsman,
6214,Karl-Erik Strömberg,Folkpartiet,Stockholms län,Enkammarriksdagen,1976,1979,skoldirektör,
6215,Karl-Erik Svartberg,Socialdemokraterna,Göteborgs och Bohus län,Enkammarriksdagen,1976,1979,rektor,
6216,Kersti Swartz,Folkpartiet,Östergötlands län,Enkammarriksdagen,1976,1979,fru,
6217,Kerstin Andersson,Centerpartiet,Älvsborgs läns norra,Enkammarriksdagen,1976,1979,folkskollärare,woman
6218,Kerstin Andersson,Socialdemokraterna,Örebro län,Enkammarriksdagen,1976,1979,fru,woman
6219,Kerstin Anér,Folkpartiet,Stockholms län,Enkammarriksdagen,1976,1979,fil. dr,woman
6220,Kerstin Göthberg,Centerpartiet,Västmanlands län,Enkammarriksdagen,1976,1979,fru,woman
6221,Kerstin Nilsson,Socialdemokraterna,Norrbottens län,Enkammarriksdagen,1976,1979,folkhögskollärare,woman
6222,Kjell A. Mattsson,Centerpartiet,Göteborgs och Bohus län,Enkammarriksdagen,1976,1979,lantbrukare,man
6223,Kjell Nilsson,Socialdemokraterna,Kronobergs län,Enkammarriksdagen,1976,1979,metallarbetare,man
6224,Kjell-Olof Feldt,Socialdemokraterna,Kopparbergs län,Enkammarriksdagen,1976,1979,f.d. statsråd,
6225,Knut Johansson,Socialdemokraterna,Stockholms kommun,Enkammarriksdagen,1976,1979,f.d. förbundsordförande,man
6226,Knut Wachtmeister,Moderata samlingspartiet,Malmöhus län,Enkammarriksdagen,1976,1979,lantmätare,man
6227,Kurt Hugosson,Socialdemokraterna,Göteborgs kommun,Enkammarriksdagen,1976,1979,byråchef,man
6228,Kurt Söderström,Moderata samlingspartiet,Östergötlands län,Enkammarriksdagen,1976,1979,ingenjör,man
6229,Lars Gustafsson,Socialdemokraterna,Stockholms län,Enkammarriksdagen,1976,1979,universitetslektor,man
6230,Lars Henrikson,Socialdemokraterna,Östergötlands län,Enkammarriksdagen,1976,1979,ombudsman,man
6231,Lars Schött,Moderata samlingspartiet,Kalmar län,Enkammarriksdagen,1976,1979,fögderidirektör,man
6232,Lars Werner,Vänsterpartiet kommunisterna,Stockholms län,Enkammarriksdagen,1976,1979,"ombudsman, partiledare",man
6233,Lars-Ingvar Sörenson,Socialdemokraterna,Göteborgs kommun,Enkammarriksdagen,1976,1979,lokförare,
6234,Lars-Ove Hagberg,Vänsterpartiet kommunisterna,Kopparbergs län,Enkammarriksdagen,1976,1979,järnbruksarbetare,
6235,Lars-Åke Larsson,Socialdemokraterna,Älvsborgs läns norra,Enkammarriksdagen,1976,1979,ombudsman,
6236,Lena Hjelm-Wallén,Socialdemokraterna,Västmanlands län,Enkammarriksdagen,1976,1979,f.d. statsråd,woman
6237,Lena Öhrsvik,Socialdemokraterna,Kalmar län,Enkammarriksdagen,1976,1979,kurator,woman
6238,Lennart Andersson,Socialdemokraterna,Stockholms län,Enkammarriksdagen,1976,1979,studieombudsman,man
6239,Lennart Bladh,Socialdemokraterna,Kristianstads län,Enkammarriksdagen,1976,1979,yrkesvalslärare,man
6240,Lennart Nilsson,Socialdemokraterna,Göteborgs och Bohus län,Enkammarriksdagen,1976,1979,ombudsman,man
6241,Lennart Pettersson,Socialdemokraterna,Fyrstadskretsen,Enkammarriksdagen,1976,1979,fil. kand.,man
6242,Lilly Bergander,Socialdemokraterna,Stockholms län,Enkammarriksdagen,1976,1979,fru,woman
6243,Lilly Hansson,Socialdemokraterna,Västerbottens län,Enkammarriksdagen,1976,1979,sjukskötare,woman
6244,Linnea Hörlén,Folkpartiet,Jönköpings län,Enkammarriksdagen,1976,1979,fröken,woman
6245,Lisa Mattson,Socialdemokraterna,Göteborgs kommun,Enkammarriksdagen,1976,1979,förbundsordförande,woman
6246,Magnus Persson,Socialdemokraterna,Värmlands län,Enkammarriksdagen,1976,1979,ombudsman,man
6247,Maj Britt Theorin,Socialdemokraterna,Stockholms kommun,Enkammarriksdagen,1976,1979,sekreterare,woman
6248,Maj Pehrsson,Centerpartiet,Älvsborgs läns södra,Enkammarriksdagen,1976,1979,kassör,woman
6249,Maj-Lis Landberg,Socialdemokraterna,Östergötlands län,Enkammarriksdagen,1976,1979,fru,
6250,Margaretha af Ugglas,Moderata samlingspartiet,Stockholms kommun,Enkammarriksdagen,1976,1979,civilekonom,
6251,Margit Odelsparr,Centerpartiet,Västernorrlands län,Enkammarriksdagen,1976,1979,jur. kand.,
6252,Margit Sandéhn,Socialdemokraterna,Malmöhus län,Enkammarriksdagen,1976,1979,textillärare,
6253,Margot Håkansson,Folkpartiet,Blekinge län,Enkammarriksdagen,1976,1979,skolsköterska,
6254,Marianne Karlsson,Centerpartiet,Östergötlands län,Enkammarriksdagen,1976,1979,fru,
6255,Marianne Stålberg,Socialdemokraterna,Jämtlands län,Enkammarriksdagen,1976,1979,skolkurator,
6256,Martin Henmark,Folkpartiet,Kristianstads län,Enkammarriksdagen,1976,1979,major,man
6257,Martin Olsson,Centerpartiet,Västernorrlands län,Enkammarriksdagen,1976,1979,bankkamrer,man
6258,Martin Segerstedt,Socialdemokraterna,Västernorrlands län,Enkammarriksdagen,1976,1979,arbetsförmedlingsföreståndare,man
6259,Mats Hellström,Socialdemokraterna,Stockholms kommun,Enkammarriksdagen,1976,1979,sekreterare,man
6260,Märta Fredrikson,Centerpartiet,Göteborgs och Bohus län,Enkammarriksdagen,1976,1979,fru,woman
6261,Nils Berndtson,Vänsterpartiet kommunisterna,Östergötlands län,Enkammarriksdagen,1976,1979,ombudsman,man
6262,Nils Carlshamre,Moderata samlingspartiet,Göteborgs och Bohus län,Enkammarriksdagen,1976,1979,lektor,man
6263,Nils Erik Wååg,Socialdemokraterna,Kristianstads län,Enkammarriksdagen,1976,1979,byggnadsingenjör,man
6264,Nils Hjorth,Socialdemokraterna,Uppsala län,Enkammarriksdagen,1976,1979,förrådsförvaltare,man
6265,Nils Hörberg,Folkpartiet,Göteborgs kommun,Enkammarriksdagen,1976,1979,försäkringstjänsteman,man
6266,Nils Åsling,Centerpartiet,Jämtlands län,Enkammarriksdagen,1976,1979,lantbrukare,man
6267,Ola Ullsten,Folkpartiet,Stockholms kommun,Enkammarriksdagen,1976,1979,socionom,man
6268,Olle Aulin,Moderata samlingspartiet,Fyrstadskretsen,Enkammarriksdagen,1976,1979,överstelöjtnant,man
6269,Olle Eriksson,Centerpartiet,Älvsborgs läns norra,Enkammarriksdagen,1976,1979,entreprenör,man
6270,Olle Göransson,Socialdemokraterna,Västmanlands län,Enkammarriksdagen,1976,1979,verkmästare,man
6271,Olle Svensson,Socialdemokraterna,Södermanlands län,Enkammarriksdagen,1976,1979,chefredaktör,man
6272,Olle Westberg,Socialdemokraterna,Gävleborgs län,Enkammarriksdagen,1976,1979,svarvare,man
6273,Olle Östrand,Socialdemokraterna,Gävleborgs län,Enkammarriksdagen,1976,1979,mätningsföreståndare,man
6274,Olof Johansson,Centerpartiet,Stockholms kommun,Enkammarriksdagen,1976,1979,f.d. förbundsordförande,man
6275,Olof Palme,Socialdemokraterna,Stockholms kommun,Enkammarriksdagen,1976,1979,f.d. statsminister,man
6276,Oskar Lindkvist,Socialdemokraterna,Stockholms kommun,Enkammarriksdagen,1976,1979,organisationschef,man
6277,Oswald Söderqvist,Vänsterpartiet kommunisterna,Uppsala län,Enkammarriksdagen,1976,1979,byråinspektör,
6278,Ove Karlsson (politiker),Socialdemokraterna,Kopparbergs län,Enkammarriksdagen,1976,1979,skogsarbetare,man
6279,Ove Nordstrandh,Moderata samlingspartiet,Göteborgs kommun,Enkammarriksdagen,1976,1979,teol. dr,man
6280,Owe Andréasson,Socialdemokraterna,Hallands län,Enkammarriksdagen,1976,1979,verktygsmakare,
6281,Paul Jansson,Socialdemokraterna,Skaraborgs län,Enkammarriksdagen,1976,1979,elektriker,man
6282,Per Ahlmark,Folkpartiet,Stockholms kommun,Enkammarriksdagen,1976,1979,partiordförande,man
6283,Per Bergman,Socialdemokraterna,Göteborgs kommun,Enkammarriksdagen,1976,1979,,man
6284,Per Gahrton,Folkpartiet,Fyrstadskretsen,Enkammarriksdagen,1976,1979,författare,man
6285,Per Olof Håkansson,Socialdemokraterna,Malmöhus län,Enkammarriksdagen,1976,1979,byggnadsingenjör,man
6286,Per Olof Sundman,Centerpartiet,Stockholms län,Enkammarriksdagen,1976,1979,författare,man
6287,Per Petersson i Gäddvik,Moderata samlingspartiet,Norrbottens län,Enkammarriksdagen,1976,1979,hemmansägare,man
6288,Per Stjernström,Centerpartiet,Jämtlands län,Enkammarriksdagen,1976,1979,lantbrukare,man
6289,Per Unckel,Moderata samlingspartiet,Östergötlands län,Enkammarriksdagen,1976,1979,förbundsordförande,man
6290,Per-Axel Nilsson,Socialdemokraterna,Gotlands län,Enkammarriksdagen,1976,1979,avdelningschef,
6291,Per-Eric Ringaby,Moderata samlingspartiet,Örebro län,Enkammarriksdagen,1976,1979,f.d. godsägare,
6292,Per-Erik Nisser,Moderata samlingspartiet,Värmlands län,Enkammarriksdagen,1976,1979,lantmästare,
6293,Per-Olof Strindberg,Moderata samlingspartiet,Östergötlands län,Enkammarriksdagen,1976,1979,länsombudsman,
6294,Pär Granstedt,Centerpartiet,Stockholms län,Enkammarriksdagen,1976,1979,sekreterare,man
6295,Ralf Lindström,Socialdemokraterna,Blekinge län,Enkammarriksdagen,1976,1979,ombudsman,man
6296,Roland Brännström,Socialdemokraterna,Västerbottens län,Enkammarriksdagen,1976,1979,verkmästare,man
6297,Roland Sundgren,Socialdemokraterna,Västmanlands län,Enkammarriksdagen,1976,1979,ombudsman,man
6298,Rolf Clarkson,Moderata samlingspartiet,Fyrstadskretsen,Enkammarriksdagen,1976,1979,direktör,man
6299,Rolf Dahlberg,Moderata samlingspartiet,Gävleborgs län,Enkammarriksdagen,1976,1979,yrkesvalslärare,man
6300,Rolf Hagel,Vänsterpartiet kommunisterna,Göteborgs kommun,Enkammarriksdagen,1976,1979,elektriker,man
6301,Rolf Rämgård,Centerpartiet,Kopparbergs län,Enkammarriksdagen,1976,1979,köpman,man
6302,Rolf Sellgren,Folkpartiet,Västernorrlands län,Enkammarriksdagen,1976,1979,transportchef,man
6303,Rolf Wirtén,Folkpartiet,Jönköpings län,Enkammarriksdagen,1976,1979,folkskollärare,man
6304,Rune B. Johansson,Socialdemokraterna,Kronobergs län,Enkammarriksdagen,1976,1979,f.d. statsråd,man
6305,Rune Carlstein,Socialdemokraterna,Älvsborgs läns södra,Enkammarriksdagen,1976,1979,stadskassör,man
6306,Rune Gustavsson,Centerpartiet,Kronobergs län,Enkammarriksdagen,1976,1979,socionom,man
6307,Rune Johansson,Socialdemokraterna,Älvsborgs läns norra,Enkammarriksdagen,1976,1979,verkmästare,man
6308,Rune Johnsson,Centerpartiet,Göteborgs och Bohus län,Enkammarriksdagen,1976,1979,ombudsman,man
6309,Rune Jonsson,Socialdemokraterna,Västernorrlands län,Enkammarriksdagen,1976,1979,elektriker,man
6310,Rune Rydén,Moderata samlingspartiet,Fyrstadskretsen,Enkammarriksdagen,1976,1979,fil. lic.,man
6311,Rune Torwald,Centerpartiet,Göteborgs kommun,Enkammarriksdagen,1976,1979,utredningssekreterare,man
6312,Rune Ångström,Folkpartiet,Västerbottens län,Enkammarriksdagen,1976,1979,direktör,man
6313,Sivert Andersson,Socialdemokraterna,Stockholms kommun,Enkammarriksdagen,1976,1979,avdelningsordförande,man
6314,Sonja Fredgardh,Centerpartiet,Malmöhus län,Enkammarriksdagen,1976,1979,redaktör,woman
6315,Staffan Burenstam Linder,Moderata samlingspartiet,Stockholms län,Enkammarriksdagen,1976,1979,professor,man
6316,Sten Andersson,Socialdemokraterna,Stockholms kommun,Enkammarriksdagen,1976,1979,partisekreterare,man
6317,Sten Svensson,Moderata samlingspartiet,Skaraborgs län,Enkammarriksdagen,1976,1979,informationschef,man
6318,Stig Alemyr,Socialdemokraterna,Kalmar län,Enkammarriksdagen,1976,1979,folkhögskolerektor,man
6319,Stig Alftin,Socialdemokraterna,Gävleborgs län,Enkammarriksdagen,1976,1979,metallarbetare,man
6320,Stig Josefson,Centerpartiet,Malmöhus län,Enkammarriksdagen,1976,1979,lantbrukare,man
6321,Stig Olsson,Socialdemokraterna,Västernorrlands län,Enkammarriksdagen,1976,1979,mätningsman,man
6322,Sture Ericson,Socialdemokraterna,Örebro län,Enkammarriksdagen,1976,1979,redaktör,man
6323,Sture Korpås,Centerpartiet,Uppsala län,Enkammarriksdagen,1976,1979,rektor,man
6324,Sture Palm,Socialdemokraterna,Stockholms län,Enkammarriksdagen,1976,1979,redaktör,man
6325,Sune Johansson,Socialdemokraterna,Värmlands län,Enkammarriksdagen,1976,1979,ombudsman,man
6326,Svante Lundkvist,Socialdemokraterna,Södermanlands län,Enkammarriksdagen,1976,1979,f.d. statsråd,man
6327,Svea Wiklund,Centerpartiet,Västerbottens län,Enkammarriksdagen,1976,1979,fru,woman
6328,Sven Andersson,Socialdemokraterna,Södermanlands län,Enkammarriksdagen,1976,1979,f.d. statsråd,man
6329,Sven Aspling,Socialdemokraterna,Värmlands län,Enkammarriksdagen,1976,1979,f.d. statsråd,man
6330,Sven Eric Lorentzon,Moderata samlingspartiet,Hallands län,Enkammarriksdagen,1976,1979,lantbrukare,man
6331,Sven Eric Åkerfeldt,Centerpartiet,Uppsala län,Enkammarriksdagen,1976,1979,lantbrukare,man
6332,Sven G. Andersson,Folkpartiet,Örebro län,Enkammarriksdagen,1976,1979,frisörmästare,man
6333,Sven Johansson,Centerpartiet,Jönköpings län,Enkammarriksdagen,1976,1979,pastor,man
6334,Sven Lindberg,Socialdemokraterna,Jämtlands län,Enkammarriksdagen,1976,1979,ombudsman,man
6335,Sven Mellqvist,Socialdemokraterna,Kopparbergs län,Enkammarriksdagen,1976,1979,expeditör,man
6336,Sven-Erik Nordin,Centerpartiet,Västernorrlands län,Enkammarriksdagen,1976,1979,lantbrukare,
6337,Sven-Gösta Signell,Socialdemokraterna,Skaraborgs län,Enkammarriksdagen,1976,1979,f.d. ombudsman,
6338,Sven-Olov Träff,Moderata samlingspartiet,Södermanlands län,Enkammarriksdagen,1976,1979,direktör,
6339,Tage Adolfsson,Moderata samlingspartiet,Västmanlands län,Enkammarriksdagen,1976,1979,företagare,man
6340,Tage Johansson,Socialdemokraterna,Jönköpings län,Enkammarriksdagen,1976,1979,assistent,man
6341,Tage Magnusson,Moderata samlingspartiet,Älvsborgs läns södra,Enkammarriksdagen,1976,1979,disponent,man
6342,Tage Sundkvist,Centerpartiet,Södermanlands län,Enkammarriksdagen,1976,1979,lantbrukare,man
6343,Thage Peterson,Socialdemokraterna,Stockholms län,Enkammarriksdagen,1976,1979,f.d. statsråd,
6344,Thorbjörn Fälldin,Centerpartiet,Västernorrlands län,Enkammarriksdagen,1976,1979,lantbrukare,
6345,Thorsten Larsson,Centerpartiet,Malmöhus län,Enkammarriksdagen,1976,1979,lantbrukare,
6346,Thure Jadestig,Socialdemokraterna,Västmanlands län,Enkammarriksdagen,1976,1979,föreståndare,man
6347,Tommy Franzén,Vänsterpartiet kommunisterna,Stockholms kommun,Enkammarriksdagen,1976,1979,elektriker,man
6348,Tore Claeson,Vänsterpartiet kommunisterna,Stockholms län,Enkammarriksdagen,1976,1979,hyresgästombudsman,man
6349,Tore Nilsson,Moderata samlingspartiet,Västerbottens län,Enkammarriksdagen,1976,1979,predikant,man
6350,Torkel Lindahl,Folkpartiet,Göteborgs och Bohus län,Enkammarriksdagen,1976,1979,segelmakare,man
6351,Torsten A. Karlsson,Socialdemokraterna,Östergötlands län,Enkammarriksdagen,1976,1979,metallarbetare,
6352,Torsten Bengtsson,Centerpartiet,Jönköpings län,Enkammarriksdagen,1976,1979,redaktör,
6353,Torsten Gustafsson,Centerpartiet,Gotlands län,Enkammarriksdagen,1976,1979,lantbrukare,
6354,Torsten Stridsman,Centerpartiet,Norrbottens län,Enkammarriksdagen,1976,1979,ombudsman,
6355,Tyra Johansson,Socialdemokraterna,Göteborgs och Bohus län,Enkammarriksdagen,1976,1979,kontorist,woman
6356,Ulla Ekelund,Centerpartiet,Kristianstads län,Enkammarriksdagen,1976,1979,tillsynslärare,
6357,Ulla Tillander,Centerpartiet,Fyrstadskretsen,Enkammarriksdagen,1976,1979,ämneslärare,
6358,Valter Kristenson,Socialdemokraterna,Göteborgs kommun,Enkammarriksdagen,1976,1979,metallarbetare,man
6359,Wiggo Komstedt,Moderata samlingspartiet,Kristianstads län,Enkammarriksdagen,1976,1979,direktör,
6360,Wilhelm Gustafsson,Folkpartiet,Älvsborgs läns södra,Enkammarriksdagen,1976,1979,kommunalråd,man
6361,Wivi-Anne Cederqvist,Socialdemokraterna,Gävleborgs län,Enkammarriksdagen,1976,1979,arbetsförmedlare,
6362,Wivi-Anne Radesjö,Socialdemokraterna,Älvsborgs läns norra,Enkammarriksdagen,1976,1979,företagare,
6363,Yngve Nyquist,Socialdemokraterna,Kopparbergs län,Enkammarriksdagen,1976,1979,länsbostadsdirektör,man
6364,Åke Gillström,Socialdemokraterna,Gävleborgs län,Enkammarriksdagen,1976,1979,rektor,man
6365,Åke Green,Socialdemokraterna,Kopparbergs län,Enkammarriksdagen,1976,1979,studieombudsman,man
6366,Åke Gustavsson,Socialdemokraterna,Jönköpings län,Enkammarriksdagen,1976,1979,redaktör,man
6367,Åke Polstam,Centerpartiet,Östergötlands län,Enkammarriksdagen,1976,1979,poliskommissarie,man
6368,Åke Wictorsson,Socialdemokraterna,Stockholms län,Enkammarriksdagen,1976,1979,planeringschef,man
6369,Alexander Chrisopoulos,Vänsterpartiet kommunisterna,Göteborgs kommun,Enkammarriksdagen,1979,1982,,man
6370,Alf Wennerfors,Moderata samlingspartiet,Stockholms län,Enkammarriksdagen,1979,1982,informationschef,man
6371,Allan Hernelius,Moderata samlingspartiet,Stockholms kommun,Enkammarriksdagen,1979,1982,bankofullmäktig,man
6372,Allan Åkerlind,Moderata samlingspartiet,Stockholms län,Enkammarriksdagen,1979,1982,byggnadsarbetare,man
6373,Anders Björck,Moderata samlingspartiet,Jönköpings län,Enkammarriksdagen,1979,1982,,man
6374,Anders Dahlgren,Centerpartiet,Östergötlands län,Enkammarriksdagen,1979,1982,statsråd,man
6375,Anders Gernandt,Centerpartiet,Västmanlands län,Enkammarriksdagen,1979,1982,ingenjör,man
6376,Anders Högmark,Moderata samlingspartiet,Kronobergs län,Enkammarriksdagen,1979,1982,civilekonom,man
6377,Anita Bråkenhielm,Moderata samlingspartiet,Jönköpings län,Enkammarriksdagen,1979,1982,överläkare,woman
6378,Anita Gradin,Socialdemokraterna,Stockholms kommun,Enkammarriksdagen,1979,1982,departementssekreterare,woman
6379,Anita Johansson,Socialdemokraterna,Stockholms län,Enkammarriksdagen,1979,1982,undersköterska,woman
6380,Anita Persson,Socialdemokraterna,Södermanlands län,Enkammarriksdagen,1979,1982,socialkamrer,woman
6381,Ann-Cathrine Haglund,Moderata samlingspartiet,Örebro län,Enkammarriksdagen,1979,1982,adjunkt,
6382,Anna Eliasson,Centerpartiet,Stockholms kommun,Enkammarriksdagen,1979,1982,fil. mag.,woman
6383,Anna-Greta Leijon,Socialdemokraterna,Stockholms län,Enkammarriksdagen,1979,1982,f.d. statsråd,
6384,Anna-Greta Skantz,Socialdemokraterna,Fyrstadskretsen,Enkammarriksdagen,1979,1982,ombudsman,
6385,Arne Andersson,Socialdemokraterna,Kalmar län,Enkammarriksdagen,1979,1982,inspektör,man
6386,Arne Andersson,Moderata samlingspartiet,Älvsborgs läns norra,Enkammarriksdagen,1979,1982,lantbrukare,man
6387,Arne Fransson,Centerpartiet,Jönköpings län,Enkammarriksdagen,1979,1982,kamrer,man
6388,Arne Gadd,Socialdemokraterna,Uppsala län,Enkammarriksdagen,1979,1982,revisionsdirektör,man
6389,Arne Lindberg,Centerpartiet,Norrbottens län,Enkammarriksdagen,1979,1982,kontraktsprost,man
6390,Arne Nygren,Socialdemokraterna,Västerbottens län,Enkammarriksdagen,1979,1982,redaktör,man
6391,Arne Svensson,Moderata samlingspartiet,Älvsborgs läns södra,Enkammarriksdagen,1979,1982,"lantbrukare, f. 1923",man
6392,Axel Andersson,Socialdemokraterna,Gävleborgs län,Enkammarriksdagen,1979,1982,ombudsman,man
6393,Bengt Gustavsson,Socialdemokraterna,Södermanlands län,Enkammarriksdagen,1979,1982,landshövding,man
6394,Bengt Kindblom,Centerpartiet,Skaraborgs län,Enkammarriksdagen,1979,1982,sekreterare,man
6395,Bengt Silfverstrand,Socialdemokraterna,Malmöhus län,Enkammarriksdagen,1979,1982,företagsekonom,man
6396,Bengt Wiklund,Socialdemokraterna,Västernorrlands län,Enkammarriksdagen,1979,1982,journalist,man
6397,Bengt Wittbom,Moderata samlingspartiet,Örebro län,Enkammarriksdagen,1979,1982,platschef,man
6398,Bernt Ekinge,Folkpartiet,Södermanlands län,Enkammarriksdagen,1979,1982,ombudsman,man
6399,Bernt Nilsson,Socialdemokraterna,Kalmar län,Enkammarriksdagen,1979,1982,,man
6400,Bertil Dahlén,Folkpartiet,Kopparbergs län,Enkammarriksdagen,1979,1982,avdelningschef,man
6401,Bertil Danielsson,Moderata samlingspartiet,Kalmar län,Enkammarriksdagen,1979,1982,lantbrukare,man
6402,Bertil Fiskesjö,Centerpartiet,Fyrstadskretsen,Enkammarriksdagen,1979,1982,universitetslektor,man
6403,Bertil Hansson,Folkpartiet,Göteborgs kommun,Enkammarriksdagen,1979,1982,"lektor, f.d. statsråd",man
6404,Bertil Jonasson,Centerpartiet,Värmlands län,Enkammarriksdagen,1979,1982,,man
6405,Bertil Lidgard,Moderata samlingspartiet,Stockholms kommun,Enkammarriksdagen,1979,1982,jur. kand.,man
6406,Bertil Måbrink,Vänsterpartiet kommunisterna,Gävleborgs län,Enkammarriksdagen,1979,1982,ombudsman,man
6407,Bertil Zachrisson,Socialdemokraterna,Stockholms kommun,Enkammarriksdagen,1979,1982,f.d. statsråd,man
6408,Birger Rosqvist,Socialdemokraterna,Kalmar län,Enkammarriksdagen,1979,1982,mästerlots,man
6409,Birgit Friggebo,Folkpartiet,Stockholms kommun,Enkammarriksdagen,1979,1982,statsråd,
6410,Birgitta Dahl,Socialdemokraterna,Uppsala län,Enkammarriksdagen,1979,1982,,
6411,Birgitta Hambraeus,Centerpartiet,Kopparbergs län,Enkammarriksdagen,1979,1982,fil. kand.,
6412,Birgitta Johansson,Socialdemokraterna,Skaraborgs län,Enkammarriksdagen,1979,1982,metallarbetare,
6413,Birgitta Rydle,Moderata samlingspartiet,Stockholms län,Enkammarriksdagen,1979,1982,ämneslärare,
6414,Björn Körlof,Moderata samlingspartiet,Kopparbergs län,Enkammarriksdagen,1979,1982,departementssekreterare,man
6415,Björn Molin,Folkpartiet,Göteborgs kommun,Enkammarriksdagen,1979,1982,"universitetslektor, Folkpartiets gruppledare",man
6416,Blenda Littmarck,Moderata samlingspartiet,Stockholms kommun,Enkammarriksdagen,1979,1982,,woman
6417,Bo Forslund,Socialdemokraterna,Västernorrlands län,Enkammarriksdagen,1979,1982,,man
6418,Bo Lundgren,Moderata samlingspartiet,Kristianstads län,Enkammarriksdagen,1979,1982,civilekonom,man
6419,Bo Siegbahn,Moderata samlingspartiet,Göteborgs kommun,Enkammarriksdagen,1979,1982,ambassadör,man
6420,Bo Södersten,Socialdemokraterna,Kopparbergs län,Enkammarriksdagen,1979,1982,professor,man
6421,Britt Mogård,Moderata samlingspartiet,Stockholms län,Enkammarriksdagen,1979,1982,statsråd,
6422,Britta Hammarbacken,Centerpartiet,Örebro län,Enkammarriksdagen,1979,1982,sjuksköterska,woman
6423,Börje Hörnlund,Centerpartiet,Västerbottens län,Enkammarriksdagen,1979,1982,skogsmästare,man
6424,Börje Nilsson,Socialdemokraterna,Kristianstads län,Enkammarriksdagen,1979,1982,socionom,man
6425,Börje Stensson,Folkpartiet,Östergötlands län,Enkammarriksdagen,1979,1982,skolchef,man
6426,C.-H. Hermansson,Vänsterpartiet kommunisterna,Stockholms kommun,Enkammarriksdagen,1979,1982,f.d. chefredaktör,
6427,Carl Bildt,Moderata samlingspartiet,Stockholms kommun,Enkammarriksdagen,1979,1982,statssekreterare,man
6428,Carl Lidbom,Socialdemokraterna,Östergötlands län,Enkammarriksdagen,1979,1982,"f.d. statsråd, hovrättsråd",man
6429,Catarina Rönnung,Socialdemokraterna,Jönköpings län,Enkammarriksdagen,1979,1982,,
6430,Christer Eirefelt,Folkpartiet,Hallands län,Enkammarriksdagen,1979,1982,byggnadstekniker,
6431,Christer Nilsson,Socialdemokraterna,Östergötlands län,Enkammarriksdagen,1979,1982,socionom,
6432,Christina Rogestam,Centerpartiet,Göteborgs kommun,Enkammarriksdagen,1979,1982,avdelningschef,woman
6433,Claes Elmstedt,Centerpartiet,Blekinge län,Enkammarriksdagen,1979,1982,lantbrukare,man
6434,Curt Boström,Socialdemokraterna,Norrbottens län,Enkammarriksdagen,1979,1982,kamrer,
6435,Doris Håvik,Socialdemokraterna,Göteborgs kommun,Enkammarriksdagen,1979,1982,assistent,woman
6436,Egon Jacobsson,Socialdemokraterna,Malmöhus län,Enkammarriksdagen,1979,1982,ombudsman,man
6437,Einar Larsson,Centerpartiet,Kristianstads län,Enkammarriksdagen,1979,1982,lantbrukare,man
6438,Eivor Marklund,Vänsterpartiet kommunisterna,Norrbottens län,Enkammarriksdagen,1979,1982,,
6439,Elis Andersson,Centerpartiet,Stockholms län,Enkammarriksdagen,1979,1982,byggnadsarbetare,man
6440,Elisabeth Fleetwood,Moderata samlingspartiet,Stockholms kommun,Enkammarriksdagen,1979,1982,fil. mag.,woman
6441,Ella Johnsson,Centerpartiet,Hallands län,Enkammarriksdagen,1979,1982,,woman
6442,Elver Jonsson,Folkpartiet,Älvsborgs läns norra,Enkammarriksdagen,1979,1982,postiljon,
6443,Elvy Nilsson,Socialdemokraterna,Värmlands län,Enkammarriksdagen,1979,1982,fru,
6444,Elvy Olsson,Centerpartiet,Stockholms län,Enkammarriksdagen,1979,1982,f.d. statsråd,
6445,Eric Enlund,Folkpartiet,Västmanlands län,Enkammarriksdagen,1979,1982,f.d. statsråd,man
6446,Eric Holmqvist,Socialdemokraterna,Fyrstadskretsen,Enkammarriksdagen,1979,1982,f.d. statsråd,man
6447,Eric Hägelmark,Folkpartiet,Kristianstads län,Enkammarriksdagen,1979,1982,kapten,man
6448,Eric Jönsson,Socialdemokraterna,Fyrstadskretsen,Enkammarriksdagen,1979,1982,ombudsman,man
6449,Eric Krönmark,Moderata samlingspartiet,Kalmar län,Enkammarriksdagen,1979,1982,statsråd,man
6450,Eric Rejdnell,Folkpartiet,Kalmar län,Enkammarriksdagen,1979,1982,kamrer,man
6451,Erik Hovhammar,Moderata samlingspartiet,Kronobergs län,Enkammarriksdagen,1979,1982,bruksdisponent,man
6452,Erik Johansson i Simrishamn,Socialdemokraterna,Kristianstads län,Enkammarriksdagen,1979,1982,arbetsförmedlingsföreståndare,man
6453,Erik Larsson,Centerpartiet,Örebro län,Enkammarriksdagen,1979,1982,lantbrukare,man
6454,Erik Wärnberg,Socialdemokraterna,Östergötlands län,Enkammarriksdagen,1979,1982,bankofullmäktig,man
6455,Essen Lindahl,Socialdemokraterna,Stockholms län,Enkammarriksdagen,1979,1982,direktör,
6456,Eva Hjelmström,Vänsterpartiet kommunisterna,Stockholms kommun,Enkammarriksdagen,1979,1982,"civilekonom, tjänsteman",woman
6457,Eva Winther,Folkpartiet,Norrbottens län,Enkammarriksdagen,1979,1982,"sjuksköterska, f.d. statsråd",woman
6458,Evert Hedberg,Socialdemokraterna,Hallands län,Enkammarriksdagen,1979,1982,ombudsman,man
6459,Evert Svensson,Socialdemokraterna,Göteborgs och Bohus län,Enkammarriksdagen,1979,1982,"socionom, förbundsordförande",man
6460,Filip Johansson,Centerpartiet,Norrbottens län,Enkammarriksdagen,1979,1982,lantbrukare,man
6461,Frida Berglund,Socialdemokraterna,Norrbottens län,Enkammarriksdagen,1979,1982,skolsköterska,woman
6462,Gabriel Romanus,Folkpartiet,Stockholms län,Enkammarriksdagen,1979,1982,f.d. statsråd,man
6463,Georg Andersson,Socialdemokraterna,Västerbottens län,Enkammarriksdagen,1979,1982,rektor,man
6464,Georg Danell,Moderata samlingspartiet,Stockholms län,Enkammarriksdagen,1979,1982,statsråd,man
6465,Georg Åberg,Folkpartiet,Göteborgs och Bohus län,Enkammarriksdagen,1979,1982,fiskeriombudsman,man
6466,Gertrud Sigurdsen,Socialdemokraterna,Stockholms kommun,Enkammarriksdagen,1979,1982,"f.d. statsråd, ombudsman",
6467,Grethe Lundblad,Socialdemokraterna,Fyrstadskretsen,Enkammarriksdagen,1979,1982,socialinspektör,
6468,Gudrun Sundström,Socialdemokraterna,Kopparbergs län,Enkammarriksdagen,1979,1982,,
6469,Gullan Lindblad,Moderata samlingspartiet,Värmlands län,Enkammarriksdagen,1979,1982,,
6470,Gunilla André,Centerpartiet,Skaraborgs län,Enkammarriksdagen,1979,1982,,
6471,Gunnar Biörck,Moderata samlingspartiet,Stockholms län,Enkammarriksdagen,1979,1982,professor,man
6472,Gunnar Björk,Centerpartiet,Gävleborgs län,Enkammarriksdagen,1979,1982,bankkonsulent,man
6473,Gunnar Nilsson,Socialdemokraterna,Stockholms län,Enkammarriksdagen,1979,1982,LO-ordförande,man
6474,Gunnar Olsson,Socialdemokraterna,Värmlands län,Enkammarriksdagen,1979,1982,,man
6475,Gunnar Oskarsson,Moderata samlingspartiet,Hallands län,Enkammarriksdagen,1979,1982,major,man
6476,Gunnar Sträng,Socialdemokraterna,Älvsborgs läns södra,Enkammarriksdagen,1979,1982,"f.d. statsråd, bankofullmäktig",man
6477,Gunnel Jonäng,Centerpartiet,Gävleborgs län,Enkammarriksdagen,1979,1982,studieinstruktör,
6478,Gunnel Liljegren,Moderata samlingspartiet,Stockholms län,Enkammarriksdagen,1979,1982,adjunkt,
6479,Göran Allmér,Moderata samlingspartiet,Södermanlands län,Enkammarriksdagen,1979,1982,rektor,man
6480,Göran Karlsson,Socialdemokraterna,Jönköpings län,Enkammarriksdagen,1979,1982,redaktör,man
6481,Göran Persson,Socialdemokraterna,Södermanlands län,Enkammarriksdagen,1979,1982,kommunalråd,man
6482,Gösta Andersson,Centerpartiet,Kalmar län,Enkammarriksdagen,1979,1982,skogsbrukare,man
6483,Gösta Bohman,Moderata samlingspartiet,Stockholms kommun,Enkammarriksdagen,1979,1982,statsråd,man
6484,Göte Jonsson,Moderata samlingspartiet,Jönköpings län,Enkammarriksdagen,1979,1982,kriminalinspektör,man
6485,Göthe Knutson,Moderata samlingspartiet,Värmlands län,Enkammarriksdagen,1979,1982,redaktör,
6486,Hagar Normark,Socialdemokraterna,Västerbottens län,Enkammarriksdagen,1979,1982,,
6487,Hans Alsén,Socialdemokraterna,Uppsala län,Enkammarriksdagen,1979,1982,,man
6488,Hans Gustafsson,Socialdemokraterna,Blekinge län,Enkammarriksdagen,1979,1982,"socionom, f.d. statsråd, stadsdirektör",man
6489,Hans Lindblad,Folkpartiet,Gävleborgs län,Enkammarriksdagen,1979,1982,redaktör,man
6490,Hans Nyhage,Moderata samlingspartiet,Älvsborgs läns södra,Enkammarriksdagen,1979,1982,rektor,man
6491,Hans Petersson,Vänsterpartiet kommunisterna,Västmanlands län,Enkammarriksdagen,1979,1982,"ombudsman, f. 1942",man
6492,Hans Petersson i Röstånga,Folkpartiet,Malmöhus län,Enkammarriksdagen,1979,1982,folkskollärare,man
6493,Hans Pettersson,Socialdemokraterna,Fyrstadskretsen,Enkammarriksdagen,1979,1982,kranmaskinist,man
6494,Hans Wachtmeister,Moderata samlingspartiet,Blekinge län,Enkammarriksdagen,1979,1982,"civiljägmästare, godsägare",man
6495,Helge Hagberg,Socialdemokraterna,Örebro län,Enkammarriksdagen,1979,1982,f.d. kommunalråd,man
6496,Helge Karlsson,Socialdemokraterna,Blekinge län,Enkammarriksdagen,1979,1982,metallarbetare,man
6497,Helge Klöver,Socialdemokraterna,Jönköpings län,Enkammarriksdagen,1979,1982,järnvägsexpeditör,man
6498,Hilding Johansson,Socialdemokraterna,Älvsborgs läns norra,Enkammarriksdagen,1979,1982,"fil. dr, konstitutionsutskottets vice ordförande",man
6499,Hugo Bengtsson,Socialdemokraterna,Fyrstadskretsen,Enkammarriksdagen,1979,1982,plåtslagare,man
6500,Håkan Strömberg,Socialdemokraterna,Örebro län,Enkammarriksdagen,1979,1982,metallarbetare,man
6501,Håkan Winberg,Moderata samlingspartiet,Västernorrlands län,Enkammarriksdagen,1979,1982,statsråd,man
6502,Ing-Marie Hansson,Socialdemokraterna,Gävleborgs län,Enkammarriksdagen,1979,1982,sjuksköterska,
6503,Inga Lantz,Vänsterpartiet kommunisterna,Stockholms län,Enkammarriksdagen,1979,1982,industritjänsteman,
6504,Ingegerd Elm,Socialdemokraterna,Jönköpings län,Enkammarriksdagen,1979,1982,kontorist,
6505,Ingegerd Troedsson,Moderata samlingspartiet,Uppsala län,Enkammarriksdagen,1979,1982,"f.d. statsråd, förste vice talman",
6506,Ingegärd Oskarsson,Centerpartiet,Kronobergs län,Enkammarriksdagen,1979,1982,,
6507,Ingemar Hallenius,Centerpartiet,Skaraborgs län,Enkammarriksdagen,1979,1982,lantbrukare,man
6508,Ingemar Konradsson,Socialdemokraterna,Örebro län,Enkammarriksdagen,1979,1982,inspektör,man
6509,Ingemar Mundebo,Folkpartiet,Stockholms län,Enkammarriksdagen,1979,1982,statsråd,man
6510,Ingemund Bengtsson,Socialdemokraterna,Hallands län,Enkammarriksdagen,1979,1982,"f.d. statsråd, talman",man
6511,Inger Lindquist,Moderata samlingspartiet,Göteborgs kommun,Enkammarriksdagen,1979,1982,rådman,
6512,Ingrid Segerström,Socialdemokraterna,Stockholms kommun,Enkammarriksdagen,1979,1982,,woman
6513,Ingrid Sundberg,Moderata samlingspartiet,Malmöhus län,Enkammarriksdagen,1979,1982,fil. kand.,woman
6514,Ingvar Carlsson,Socialdemokraterna,Stockholms län,Enkammarriksdagen,1979,1982,f.d. statsråd,man
6515,Ingvar Eriksson,Moderata samlingspartiet,Kristianstads län,Enkammarriksdagen,1979,1982,lantbrukare,man
6516,Ingvar Svanberg,Socialdemokraterna,Norrbottens län,Enkammarriksdagen,1979,1982,"skoldirektör, näringsutskottets ordförande",man
6517,Iris Mårtensson,Socialdemokraterna,Gävleborgs län,Enkammarriksdagen,1979,1982,studieombudsman,woman
6518,Ivan Svanström,Centerpartiet,Kalmar län,Enkammarriksdagen,1979,1982,lantbrukare,man
6519,Ivar Franzén,Centerpartiet,Hallands län,Enkammarriksdagen,1979,1982,lantmästare,man
6520,Ivar Nordberg,Socialdemokraterna,Stockholms län,Enkammarriksdagen,1979,1982,organisationssekreterare,man
6521,Jan Bergqvist,Socialdemokraterna,Göteborgs kommun,Enkammarriksdagen,1979,1982,sekreterare,man
6522,Jan Fransson,Socialdemokraterna,Skaraborgs län,Enkammarriksdagen,1979,1982,,man
6523,Jan Prytz,Moderata samlingspartiet,Göteborgs kommun,Enkammarriksdagen,1979,1982,redaktör,man
6524,Jan-Erik Wikström,Folkpartiet,Stockholms kommun,Enkammarriksdagen,1979,1982,statsråd,
6525,Jens Eriksson,Moderata samlingspartiet,Göteborgs och Bohus län,Enkammarriksdagen,1979,1982,ombudsman,man
6526,Joakim Ollén,Moderata samlingspartiet,Fyrstadskretsen,Enkammarriksdagen,1979,1982,sekreterare,man
6527,Johan A. Olsson,Centerpartiet,Gävleborgs län,Enkammarriksdagen,1979,1982,näringsutskottets vice ordförande,man
6528,John Andersson,Vänsterpartiet kommunisterna,Västerbottens län,Enkammarriksdagen,1979,1982,skogsarbetare,man
6529,John Johnsson,Socialdemokraterna,Malmöhus län,Enkammarriksdagen,1979,1982,ombudsman,man
6530,Jörgen Ullenhag,Folkpartiet,Uppsala län,Enkammarriksdagen,1979,1982,fil. dr,man
6531,Jörn Svensson,Vänsterpartiet kommunisterna,Fyrstadskretsen,Enkammarriksdagen,1979,1982,planeringsdirektör,
6532,Karin Ahrland,Folkpartiet,Fyrstadskretsen,Enkammarriksdagen,1979,1982,förste länsassessor,woman
6533,Karin Andersson,Centerpartiet,Stockholms kommun,Enkammarriksdagen,1979,1982,statsråd,woman
6534,Karin Flodström,Socialdemokraterna,Örebro län,Enkammarriksdagen,1979,1982,lågstadielärare,woman
6535,Karin Israelsson,Centerpartiet,Västerbottens län,Enkammarriksdagen,1979,1982,distriktssköterska,woman
6536,Karin Nordlander,Vänsterpartiet kommunisterna,Stockholms kommun,Enkammarriksdagen,1979,1982,,woman
6537,Karin Söder,Centerpartiet,Stockholms län,Enkammarriksdagen,1979,1982,statsråd,woman
6538,Karl Björzén,Moderata samlingspartiet,Västmanlands län,Enkammarriksdagen,1979,1982,bergsingenjör,man
6539,Karl Boo,Centerpartiet,Kopparbergs län,Enkammarriksdagen,1979,1982,kontrollassistent,man
6540,Karl Erik Eriksson,Folkpartiet,Värmlands län,Enkammarriksdagen,1979,1982,"lantbrukare, tredje vice talman",man
6541,Karl Leuchovius,Moderata samlingspartiet,Skaraborgs län,Enkammarriksdagen,1979,1982,lantbrukare,man
6542,Karl-Eric Norrby,Centerpartiet,Värmlands län,Enkammarriksdagen,1979,1982,lantbrukare,
6543,Karl-Erik Häll,Socialdemokraterna,Norrbottens län,Enkammarriksdagen,1979,1982,ombudsman,
6544,Karl-Erik Svartberg,Socialdemokraterna,Göteborgs och Bohus län,Enkammarriksdagen,1979,1982,rektor,
6545,Karl-Gustaf Mathsson,Socialdemokraterna,Västmanlands län,Enkammarriksdagen,1979,1982,ombudsman,
6546,Kersti Swartz,Folkpartiet,Östergötlands län,Enkammarriksdagen,1979,1982,,
6547,Kerstin Andersson,Centerpartiet,Älvsborgs läns norra,Enkammarriksdagen,1979,1982,folkskollärare,woman
6548,Kerstin Andersson,Socialdemokraterna,Örebro län,Enkammarriksdagen,1979,1982,fru,woman
6549,Kerstin Anér,Folkpartiet,Stockholms län,Enkammarriksdagen,1979,1982,statssekreterare,woman
6550,Kerstin Ekman,Folkpartiet,Göteborgs kommun,Enkammarriksdagen,1979,1982,ingenjör,woman
6551,Kerstin Göthberg,Centerpartiet,Västmanlands län,Enkammarriksdagen,1979,1982,fru,woman
6552,Kerstin Nilsson,Socialdemokraterna,Norrbottens län,Enkammarriksdagen,1979,1982,folkhögskollärare,woman
6553,Kjell A. Mattsson,Centerpartiet,Göteborgs och Bohus län,Enkammarriksdagen,1979,1982,civilutskottets ordförande,man
6554,Kjell Nilsson,Socialdemokraterna,Kronobergs län,Enkammarriksdagen,1979,1982,metallarbetare,man
6555,Kjell-Olof Feldt,Socialdemokraterna,Kopparbergs län,Enkammarriksdagen,1979,1982,f.d. statsråd,
6556,Knut Billing,Moderata samlingspartiet,Stockholms län,Enkammarriksdagen,1979,1982,pol. sekr.,man
6557,Knut Wachtmeister,Moderata samlingspartiet,Malmöhus län,Enkammarriksdagen,1979,1982,lantmästare,man
6558,Kurt Hugosson,Socialdemokraterna,Göteborgs kommun,Enkammarriksdagen,1979,1982,byråchef,man
6559,Kurt Ove Johansson,Socialdemokraterna,Fyrstadskretsen,Enkammarriksdagen,1979,1982,ombudsman,man
6560,Lahja Exner,Socialdemokraterna,Älvsborgs läns södra,Enkammarriksdagen,1979,1982,textilarbeterska,
6561,Lars Ahlmark,Moderata samlingspartiet,Uppsala län,Enkammarriksdagen,1979,1982,avdelningschef,man
6562,Lars Gustafsson,Socialdemokraterna,Stockholms län,Enkammarriksdagen,1979,1982,universitetslektor,man
6563,Lars Hedfors,Socialdemokraterna,Kronobergs län,Enkammarriksdagen,1979,1982,studierektor,man
6564,Lars Henrikson,Socialdemokraterna,Östergötlands län,Enkammarriksdagen,1979,1982,ombudsman,man
6565,Lars Tobisson,Moderata samlingspartiet,Göteborgs kommun,Enkammarriksdagen,1979,1982,,man
6566,Lars Ulander,Socialdemokraterna,Stockholms kommun,Enkammarriksdagen,1979,1982,ombudsman,man
6567,Lars Werner,Vänsterpartiet kommunisterna,Stockholms län,Enkammarriksdagen,1979,1982,ombudsman,man
6568,Lars-Erik Lövdén,Socialdemokraterna,Fyrstadskretsen,Enkammarriksdagen,1979,1982,riksgäldsfullmäktig,
6569,Lars-Ingvar Sörenson,Socialdemokraterna,Göteborgs kommun,Enkammarriksdagen,1979,1982,lokförare,
6570,Lars-Ove Hagberg,Vänsterpartiet kommunisterna,Kopparbergs län,Enkammarriksdagen,1979,1982,järnbruksarbetare,
6571,Lars-Åke Larsson,Socialdemokraterna,Älvsborgs läns norra,Enkammarriksdagen,1979,1982,ombudsman,
6572,Larz Johansson,Centerpartiet,Södermanlands län,Enkammarriksdagen,1979,1982,,
6573,Lena Hjelm-Wallén,Socialdemokraterna,Västmanlands län,Enkammarriksdagen,1979,1982,f.d. statsråd,woman
6574,Lena Öhrsvik,Socialdemokraterna,Kalmar län,Enkammarriksdagen,1979,1982,kurator,woman
6575,Lennart Andersson,Socialdemokraterna,Stockholms län,Enkammarriksdagen,1979,1982,studieombudsman,man
6576,Lennart Bladh,Socialdemokraterna,Kristianstads län,Enkammarriksdagen,1979,1982,yrkesvalslärare,man
6577,Lennart Blom i Stockholm,Moderata samlingspartiet,Stockholms kommun,Enkammarriksdagen,1979,1982,jur. kand.,man
6578,Lennart Brunander,Centerpartiet,Älvsborgs läns södra,Enkammarriksdagen,1979,1982,,man
6579,Lennart Nilsson,Socialdemokraterna,Göteborgs och Bohus län,Enkammarriksdagen,1979,1982,byggnadssnickare,man
6580,Lennart Pettersson,Socialdemokraterna,Fyrstadskretsen,Enkammarriksdagen,1979,1982,fil. kand.,man
6581,Lilly Bergander,Socialdemokraterna,Stockholms län,Enkammarriksdagen,1979,1982,,woman
6582,Lilly Hansson,Socialdemokraterna,Västerbottens län,Enkammarriksdagen,1979,1982,mentalskötare,woman
6583,Linnea Hörlén,Folkpartiet,Jönköpings län,Enkammarriksdagen,1979,1982,adjunkt,woman
6584,Lisa Mattson,Socialdemokraterna,Göteborgs kommun,Enkammarriksdagen,1979,1982,förbundsordförande,woman
6585,Magnus Persson,Socialdemokraterna,Värmlands län,Enkammarriksdagen,1979,1982,,man
6586,Maj Britt Theorin,Socialdemokraterna,Stockholms kommun,Enkammarriksdagen,1979,1982,sekreterare,woman
6587,Maj Pehrsson,Centerpartiet,Älvsborgs läns södra,Enkammarriksdagen,1979,1982,,woman
6588,Maj-Lis Landberg,Socialdemokraterna,Östergötlands län,Enkammarriksdagen,1979,1982,,
6589,Maj-Lis Lööw,Socialdemokraterna,Södermanlands län,Enkammarriksdagen,1979,1982,arbetsförmedlare,
6590,Maja Bäckström,Socialdemokraterna,Kristianstads län,Enkammarriksdagen,1979,1982,undersköterska,woman
6591,Maja Ohlin,Socialdemokraterna,Hallands län,Enkammarriksdagen,1979,1982,skolkanslist,woman
6592,Margareta Gard,Moderata samlingspartiet,Kopparbergs län,Enkammarriksdagen,1979,1982,överlantmätare,
6593,Margareta Palmqvist,Socialdemokraterna,Stockholms län,Enkammarriksdagen,1979,1982,barnmorska,
6594,Margaretha af Ugglas,Moderata samlingspartiet,Stockholms kommun,Enkammarriksdagen,1979,1982,civilekonom,
6595,Margit Sandéhn,Socialdemokraterna,Malmöhus län,Enkammarriksdagen,1979,1982,textillärare,
6596,Margot Håkansson,Folkpartiet,Blekinge län,Enkammarriksdagen,1979,1982,sjuksköterska,
6597,Margot Wallström,Socialdemokraterna,Värmlands län,Enkammarriksdagen,1979,1982,banktjänsteman,
6598,Maria Lagergren,Socialdemokraterna,Östergötlands län,Enkammarriksdagen,1979,1982,receptionist,woman
6599,Marianne Karlsson,Centerpartiet,Östergötlands län,Enkammarriksdagen,1979,1982,,
6600,Marianne Stålberg,Socialdemokraterna,Jämtlands län,Enkammarriksdagen,1979,1982,,
6601,Marianne Wahlberg,Folkpartiet,Stockholms län,Enkammarriksdagen,1979,1982,"f.d. statsråd, avdelningschef",
6602,Marie-Ann Johansson,Vänsterpartiet kommunisterna,Göteborgs kommun,Enkammarriksdagen,1979,1982,programmerare,
6603,Martin Olsson,Centerpartiet,Västernorrlands län,Enkammarriksdagen,1979,1982,bankkamrer,man
6604,Martin Segerstedt,Socialdemokraterna,Västernorrlands län,Enkammarriksdagen,1979,1982,arbetsförmedlare,man
6605,Mats Hellström,Socialdemokraterna,Stockholms kommun,Enkammarriksdagen,1979,1982,,man
6606,Mona Saint Cyr,Moderata samlingspartiet,Östergötlands län,Enkammarriksdagen,1979,1982,,woman
6607,Märta Fredrikson,Centerpartiet,Göteborgs och Bohus län,Enkammarriksdagen,1979,1982,,woman
6608,Mårten Werner,Moderata samlingspartiet,Fyrstadskretsen,Enkammarriksdagen,1979,1982,kyrkoherde,man
6609,Nils Berndtson,Vänsterpartiet kommunisterna,Östergötlands län,Enkammarriksdagen,1979,1982,ombudsman,man
6610,Nils Carlshamre,Moderata samlingspartiet,Göteborgs och Bohus län,Enkammarriksdagen,1979,1982,"lektor, socialförsäkringsutskottets vice ordförande",man
6611,Nils Erik Wååg,Socialdemokraterna,Kristianstads län,Enkammarriksdagen,1979,1982,byggnadsingenjör,man
6612,Nils Hjorth,Socialdemokraterna,Uppsala län,Enkammarriksdagen,1979,1982,förrådsförvaltare,man
6613,Nils Åsling,Centerpartiet,Jämtlands län,Enkammarriksdagen,1979,1982,statsråd,man
6614,Nils-Olof Grönhagen,Socialdemokraterna,Västernorrlands län,Enkammarriksdagen,1979,1982,,
6615,Nils-Olof Gustafsson,Socialdemokraterna,Jämtlands län,Enkammarriksdagen,1979,1982,ombudsman,
6616,Ola Ullsten,Folkpartiet,Stockholms kommun,Enkammarriksdagen,1979,1982,statsråd,man
6617,Olle Aulin,Moderata samlingspartiet,Fyrstadskretsen,Enkammarriksdagen,1979,1982,överstelöjtnant,man
6618,Olle Eriksson,Centerpartiet,Älvsborgs läns norra,Enkammarriksdagen,1979,1982,entreprenör,man
6619,Olle Grahn,Folkpartiet,Skaraborgs län,Enkammarriksdagen,1979,1982,fabrikör,man
6620,Olle Göransson,Socialdemokraterna,Västmanlands län,Enkammarriksdagen,1979,1982,verkmästare,man
6621,Olle Svensson,Socialdemokraterna,Södermanlands län,Enkammarriksdagen,1979,1982,redaktör,man
6622,Olle Westberg,Socialdemokraterna,Gävleborgs län,Enkammarriksdagen,1979,1982,svarvare,man
6623,Olle Wästberg,Folkpartiet,Stockholms kommun,Enkammarriksdagen,1979,1982,fil. kand.,man
6624,Olle Östrand,Socialdemokraterna,Gävleborgs län,Enkammarriksdagen,1979,1982,mätningsföreståndare,man
6625,Olof Johansson,Centerpartiet,Stockholms kommun,Enkammarriksdagen,1979,1982,f.d. statsråd,man
6626,Olof Palme,Socialdemokraterna,Stockholms kommun,Enkammarriksdagen,1979,1982,f.d. statsminister,man
6627,Oskar Lindkvist,Socialdemokraterna,Stockholms kommun,Enkammarriksdagen,1979,1982,organisationschef,man
6628,Oswald Söderqvist,Vänsterpartiet kommunisterna,Uppsala län,Enkammarriksdagen,1979,1982,byråsekreterare,
6629,Ove Karlsson (politiker),Socialdemokraterna,Kopparbergs län,Enkammarriksdagen,1979,1982,skogsarbetare,man
6630,Owe Andréasson,Socialdemokraterna,Hallands län,Enkammarriksdagen,1979,1982,verktygsmakare,
6631,Paul Jansson,Socialdemokraterna,Skaraborgs län,Enkammarriksdagen,1979,1982,elektriker,man
6632,Per Bergman,Socialdemokraterna,Göteborgs kommun,Enkammarriksdagen,1979,1982,civilutskottets vice ordförande,man
6633,Per Israelsson,Vänsterpartiet kommunisterna,Örebro län,Enkammarriksdagen,1979,1982,krutbruksarbetare,man
6634,Per Olof Håkansson,Socialdemokraterna,Malmöhus län,Enkammarriksdagen,1979,1982,byggnadsingenjör,man
6635,Per Petersson i Gäddvik,Moderata samlingspartiet,Norrbottens län,Enkammarriksdagen,1979,1982,"hemmansägare, försvarsutskottets ordförande",man
6636,Per Stenmarck,Moderata samlingspartiet,Malmöhus län,Enkammarriksdagen,1979,1982,tjänsteman,man
6637,Per Unckel,Moderata samlingspartiet,Östergötlands län,Enkammarriksdagen,1979,1982,förbundsordförande,man
6638,Per Westerberg,Moderata samlingspartiet,Södermanlands län,Enkammarriksdagen,1979,1982,civilekonom,man
6639,Per-Axel Nilsson,Socialdemokraterna,Gotlands län,Enkammarriksdagen,1979,1982,avdelningschef,
6640,Per-Olof Strindberg,Moderata samlingspartiet,Östergötlands län,Enkammarriksdagen,1979,1982,länsombudsman,
6641,Pär Granstedt,Centerpartiet,Stockholms län,Enkammarriksdagen,1979,1982,,man
6642,Ralf Lindström,Socialdemokraterna,Blekinge län,Enkammarriksdagen,1979,1982,ombudsman,man
6643,Raul Blücher,Vänsterpartiet kommunisterna,Värmlands län,Enkammarriksdagen,1979,1982,,
6644,Roland Brännström,Socialdemokraterna,Västerbottens län,Enkammarriksdagen,1979,1982,verkmästare,man
6645,Roland Sundgren,Socialdemokraterna,Västmanlands län,Enkammarriksdagen,1979,1982,ombudsman,man
6646,Rolf Andersson,Centerpartiet,Hallands län,Enkammarriksdagen,1979,1982,,man
6647,Rolf Clarkson,Moderata samlingspartiet,Fyrstadskretsen,Enkammarriksdagen,1979,1982,direktör,man
6648,Rolf Dahlberg,Moderata samlingspartiet,Gävleborgs län,Enkammarriksdagen,1979,1982,yrkesvalslärare,man
6649,Rolf Rämgård,Centerpartiet,Kopparbergs län,Enkammarriksdagen,1979,1982,,man
6650,Rolf Sellgren,Folkpartiet,Västernorrlands län,Enkammarriksdagen,1979,1982,transportchef,man
6651,Rolf Wirtén,Folkpartiet,Jönköpings län,Enkammarriksdagen,1979,1982,folkskollärare,man
6652,Rune Carlstein,Socialdemokraterna,Älvsborgs läns södra,Enkammarriksdagen,1979,1982,stadskassör,man
6653,Rune Gustavsson,Centerpartiet,Kronobergs län,Enkammarriksdagen,1979,1982,"socionom, f.d. statsråd",man
6654,Rune Johansson,Socialdemokraterna,Älvsborgs läns norra,Enkammarriksdagen,1979,1982,verkmästare,man
6655,Rune Jonsson,Socialdemokraterna,Västernorrlands län,Enkammarriksdagen,1979,1982,elektriker,man
6656,Rune Rydén,Moderata samlingspartiet,Fyrstadskretsen,Enkammarriksdagen,1979,1982,fil. lic.,man
6657,Rune Torwald,Centerpartiet,Göteborgs kommun,Enkammarriksdagen,1979,1982,utredningssekreterare,man
6658,Rune Ångström,Folkpartiet,Västerbottens län,Enkammarriksdagen,1979,1982,direktör,man
6659,Siri Häggmark,Moderata samlingspartiet,Göteborgs och Bohus län,Enkammarriksdagen,1979,1982,distriktssköterska,woman
6660,Sivert Andersson,Socialdemokraterna,Stockholms kommun,Enkammarriksdagen,1979,1982,avdelningsordförande,man
6661,Sixten Pettersson,Moderata samlingspartiet,Stockholms kommun,Enkammarriksdagen,1979,1982,chaufför,man
6662,Sonja Rembo,Moderata samlingspartiet,Göteborgs kommun,Enkammarriksdagen,1979,1982,sekreterare,woman
6663,Staffan Burenstam Linder,Moderata samlingspartiet,Stockholms län,Enkammarriksdagen,1979,1982,professor,man
6664,Sten Andersson,Socialdemokraterna,Stockholms kommun,Enkammarriksdagen,1979,1982,partisekreterare,man
6665,Sten Sture Patersson,Moderata samlingspartiet,Älvsborgs läns norra,Enkammarriksdagen,1979,1982,fil. dr,man
6666,Sten Svensson,Moderata samlingspartiet,Skaraborgs län,Enkammarriksdagen,1979,1982,informationschef,man
6667,Sten-Ove Sundström,Socialdemokraterna,Norrbottens län,Enkammarriksdagen,1979,1982,järnverksarbetare,
6668,Stig Alemyr,Socialdemokraterna,Kalmar län,Enkammarriksdagen,1979,1982,folkhögskolerektor,man
6669,Stig Alftin,Socialdemokraterna,Gävleborgs län,Enkammarriksdagen,1979,1982,,man
6670,Stig Josefson,Centerpartiet,Malmöhus län,Enkammarriksdagen,1979,1982,lantbrukare,man
6671,Stig Olsson,Socialdemokraterna,Västernorrlands län,Enkammarriksdagen,1979,1982,,man
6672,Stina Eliasson,Centerpartiet,Jämtlands län,Enkammarriksdagen,1979,1982,ämneslärare,woman
6673,Sture Ericson,Socialdemokraterna,Örebro län,Enkammarriksdagen,1979,1982,redaktör,man
6674,Sture Korpås,Centerpartiet,Uppsala län,Enkammarriksdagen,1979,1982,rektor,man
6675,Sture Palm,Socialdemokraterna,Stockholms län,Enkammarriksdagen,1979,1982,redaktör,man
6676,Sture Thun,Socialdemokraterna,Östergötlands län,Enkammarriksdagen,1979,1982,,man
6677,Sune Johansson,Socialdemokraterna,Värmlands län,Enkammarriksdagen,1979,1982,ombudsman,man
6678,Svante Lundkvist,Socialdemokraterna,Södermanlands län,Enkammarriksdagen,1979,1982,f.d. statsråd,man
6679,Sven Aspling,Socialdemokraterna,Värmlands län,Enkammarriksdagen,1979,1982,"f.d. statsråd, socialförsäkringsutskottets ordförande",man
6680,Sven Eric Lorentzon,Moderata samlingspartiet,Hallands län,Enkammarriksdagen,1979,1982,lantbrukare,man
6681,Sven Eric Åkerfeldt,Centerpartiet,Uppsala län,Enkammarriksdagen,1979,1982,lantbrukare,man
6682,Sven G. Andersson,Folkpartiet,Örebro län,Enkammarriksdagen,1979,1982,frisörmästare,man
6683,Sven Henricsson,Vänsterpartiet kommunisterna,Västernorrlands län,Enkammarriksdagen,1979,1982,förste järnvägsexpeditör,man
6684,Sven Johansson,Centerpartiet,Jönköpings län,Enkammarriksdagen,1979,1982,pastor,man
6685,Sven Lindberg,Socialdemokraterna,Jämtlands län,Enkammarriksdagen,1979,1982,ombudsman,man
6686,Sven Munke,Moderata samlingspartiet,Fyrstadskretsen,Enkammarriksdagen,1979,1982,redaktör,man
6687,Sven-Erik Nordin,Centerpartiet,Västernorrlands län,Enkammarriksdagen,1979,1982,lantbrukare,
6688,Sven-Gösta Signell,Socialdemokraterna,Skaraborgs län,Enkammarriksdagen,1979,1982,f.d. ombudsman,
6689,Tage Adolfsson,Moderata samlingspartiet,Västmanlands län,Enkammarriksdagen,1979,1982,företagare,man
6690,Tage Sundkvist,Centerpartiet,Södermanlands län,Enkammarriksdagen,1979,1982,lantbrukare,man
6691,Thage Peterson,Socialdemokraterna,Stockholms län,Enkammarriksdagen,1979,1982,"f.d. statsråd, bankofullmäktig",
6692,Thorbjörn Fälldin,Centerpartiet,Västernorrlands län,Enkammarriksdagen,1979,1982,statsminister,
6693,Thorsten Larsson,Centerpartiet,Malmöhus län,Enkammarriksdagen,1979,1982,"lantbrukare, andre vice talman",
6694,Thure Jadestig,Socialdemokraterna,Västmanlands län,Enkammarriksdagen,1979,1982,,man
6695,Tommy Franzén,Vänsterpartiet kommunisterna,Stockholms kommun,Enkammarriksdagen,1979,1982,elektriker,man
6696,Tore Claeson,Vänsterpartiet kommunisterna,Stockholms län,Enkammarriksdagen,1979,1982,hyresgästombudsman,man
6697,Tore Nilsson,Moderata samlingspartiet,Västerbottens län,Enkammarriksdagen,1979,1982,predikant,man
6698,Torkel Lindahl,Folkpartiet,Göteborgs och Bohus län,Enkammarriksdagen,1979,1982,segelmakare,man
6699,Torsten A. Karlsson,Socialdemokraterna,Östergötlands län,Enkammarriksdagen,1979,1982,,
6700,Torsten Bengtsson,Centerpartiet,Jönköpings län,Enkammarriksdagen,1979,1982,redaktör,
6701,Torsten Gustafsson,Centerpartiet,Gotlands län,Enkammarriksdagen,1979,1982,lantbrukare,
6702,Tyra Johansson,Socialdemokraterna,Göteborgs och Bohus län,Enkammarriksdagen,1979,1982,kontorist,woman
6703,Ulla Ekelund,Centerpartiet,Kristianstads län,Enkammarriksdagen,1979,1982,tillsynslärare,
6704,Ulla Johansson,Socialdemokraterna,Kronobergs län,Enkammarriksdagen,1979,1982,lågstadielärare,
6705,Ulla Tillander,Centerpartiet,Fyrstadskretsen,Enkammarriksdagen,1979,1982,ämneslärare,
6706,Valter Kristenson,Socialdemokraterna,Göteborgs kommun,Enkammarriksdagen,1979,1982,"metallarbetare, riksgäldsfullmäktig",man
6707,Wiggo Komstedt,Moderata samlingspartiet,Kristianstads län,Enkammarriksdagen,1979,1982,direktör,
6708,Wilhelm Gustafsson,Folkpartiet,Älvsborgs läns södra,Enkammarriksdagen,1979,1982,rektor,man
6709,Wivi-Anne Cederqvist,Socialdemokraterna,Gävleborgs län,Enkammarriksdagen,1979,1982,arbetsförmedlare,
6710,Wivi-Anne Radesjö,Socialdemokraterna,Älvsborgs läns norra,Enkammarriksdagen,1979,1982,,
6711,Yngve Nyquist,Socialdemokraterna,Kopparbergs län,Enkammarriksdagen,1979,1982,länsbostadsdirektör,man
6712,Åke Green,Socialdemokraterna,Kopparbergs län,Enkammarriksdagen,1979,1982,studieombudsman,man
6713,Åke Gustavsson,Socialdemokraterna,Jönköpings län,Enkammarriksdagen,1979,1982,redaktör,man
6714,Åke Persson,Folkpartiet,Fyrstadskretsen,Enkammarriksdagen,1979,1982,,man
6715,Åke Persson,Folkpartiet,Fyrstadskretsen,Enkammarriksdagen,1979,1982,kamrer,man
6716,Åke Polstam,Centerpartiet,Östergötlands län,Enkammarriksdagen,1979,1982,poliskommissarie,man
6717,Åke Wictorsson,Socialdemokraterna,Stockholms län,Enkammarriksdagen,1979,1982,,man
6718,Agne Hansson,Centerpartiet,Kalmar län,Enkammarriksdagen,1982,1985,lärare,
6719,Aina Westin,Socialdemokraterna,Stockholms län,Enkammarriksdagen,1982,1985,ombudsman,woman
6720,Alexander Chrisopoulos,Vänsterpartiet kommunisterna,Göteborgs kommun,Enkammarriksdagen,1982,1985,truckförare,man
6721,Alf Wennerfors,Moderata samlingspartiet,Stockholms län,Enkammarriksdagen,1982,1985,informationschef,man
6722,Allan Ekström,Moderata samlingspartiet,Stockholms län,Enkammarriksdagen,1982,1985,hovrättsråd,man
6723,Allan Åkerlind,Moderata samlingspartiet,Stockholms län,Enkammarriksdagen,1982,1985,byggnadsarbetare,man
6724,Anders Björck,Moderata samlingspartiet,Jönköpings län,Enkammarriksdagen,1982,1985,politiker,man
6725,Anders Dahlgren,Centerpartiet,Östergötlands län,Enkammarriksdagen,1982,1985,f.d. statsråd,man
6726,Anders G. Högmark,Moderata samlingspartiet,Kronobergs län,Enkammarriksdagen,1982,1985,civilekonom,man
6727,Anders Nilsson,Socialdemokraterna,Skaraborgs län,Enkammarriksdagen,1982,1985,arbetsförmedlare,man
6728,Anders Svärd,Centerpartiet,Örebro län,Enkammarriksdagen,1982,1985,vägmästare,man
6729,Anita Bråkenhielm,Moderata samlingspartiet,Jönköpings län,Enkammarriksdagen,1982,1985,läkare,woman
6730,Anita Gradin,Socialdemokraterna,Stockholms kommun,Enkammarriksdagen,1982,1985,statsråd,woman
6731,Anita Johansson,Socialdemokraterna,Stockholms län,Enkammarriksdagen,1982,1985,undersköterska,woman
6732,Anita Modin,Socialdemokraterna,Stockholms kommun,Enkammarriksdagen,1982,1985,förbundskassör,woman
6733,Anita Persson,Socialdemokraterna,Södermanlands län,Enkammarriksdagen,1982,1985,socialkamrer,woman
6734,Ann-Cathrine Haglund,Moderata samlingspartiet,Örebro län,Enkammarriksdagen,1982,1985,adjunkt,
6735,Anna Wohlin-Andersson,Centerpartiet,Östergötlands län,Enkammarriksdagen,1982,1985,lantbrukare,woman
6736,Anna-Greta Leijon,Socialdemokraterna,Stockholms län,Enkammarriksdagen,1982,1985,statsråd,
6737,Arne Andersson,Socialdemokraterna,Kalmar län,Enkammarriksdagen,1982,1985,inspektör,man
6738,Arne Andersson,Moderata samlingspartiet,Älvsborgs läns norra,Enkammarriksdagen,1982,1985,lantbrukare,man
6739,Arne Fransson,Centerpartiet,Jönköpings län,Enkammarriksdagen,1982,1985,personalchef,man
6740,Arne Gadd,Socialdemokraterna,Uppsala län,Enkammarriksdagen,1982,1985,revisionsdirektör,man
6741,Arne Nygren,Socialdemokraterna,Västerbottens län,Enkammarriksdagen,1982,1985,journalist,man
6742,Arne Svensson,Moderata samlingspartiet,Älvsborgs läns södra,Enkammarriksdagen,1982,1985,lantbrukare,man
6743,Axel Andersson,Socialdemokraterna,Gävleborgs län,Enkammarriksdagen,1982,1985,kronojägare,man
6744,Barbro Nilsson,Moderata samlingspartiet,Stockholms kommun,Enkammarriksdagen,1982,1985,,
6745,Barbro Nilsson,Socialdemokraterna,Västernorrlands län,Enkammarriksdagen,1982,1985,ämneslärare,
6746,Bengt Kindbom,Centerpartiet,Skaraborgs län,Enkammarriksdagen,1982,1985,sekreterare,man
6747,Bengt Kronblad,Socialdemokraterna,Kalmar län,Enkammarriksdagen,1982,1985,ombudsman,man
6748,Bengt Silfverstrand,Socialdemokraterna,Malmöhus län,Enkammarriksdagen,1982,1985,företagsekonom,man
6749,Bengt Wiklund,Socialdemokraterna,Västernorrlands län,Enkammarriksdagen,1982,1985,journalist,man
6750,Bengt Wittbom,Moderata samlingspartiet,Örebro län,Enkammarriksdagen,1982,1985,platschef,man
6751,Berit Oscarsson,Socialdemokraterna,Västmanlands län,Enkammarriksdagen,1982,1985,studiesekreterare,
6752,Bertil Danielsson,Moderata samlingspartiet,Kalmar län,Enkammarriksdagen,1982,1985,lantbrukare,man
6753,Bertil Fiskesjö,Centerpartiet,Malmöhus län,Enkammarriksdagen,1982,1985,universitetslektor,man
6754,Bertil Jonasson,Centerpartiet,Värmlands län,Enkammarriksdagen,1982,1985,småbrukare,man
6755,Bertil Lidgard,Moderata samlingspartiet,Stockholms kommun,Enkammarriksdagen,1982,1985,ombudsman,man
6756,Bertil Måbrink,Vänsterpartiet kommunisterna,Gävleborgs län,Enkammarriksdagen,1982,1985,ombudsman,man
6757,Bertil Zachrisson,Socialdemokraterna,Stockholms kommun,Enkammarriksdagen,1982,1985,politiker,man
6758,Birger Hagård,Moderata samlingspartiet,Östergötlands län,Enkammarriksdagen,1982,1985,universitetslektor,man
6759,Birger Rosqvist,Socialdemokraterna,Kalmar län,Enkammarriksdagen,1982,1985,mästerlots,man
6760,Birgitta Dahl,Socialdemokraterna,Uppsala län,Enkammarriksdagen,1982,1985,statsråd,
6761,Birgitta Hambraeus,Centerpartiet,Kopparbergs län,Enkammarriksdagen,1982,1985,filosofie kandidat,
6762,Birgitta Johansson,Socialdemokraterna,Skaraborgs län,Enkammarriksdagen,1982,1985,metallarbetare,
6763,Birgitta Rydle,Moderata samlingspartiet,Stockholms län,Enkammarriksdagen,1982,1985,ämneslärare,
6764,Birthe Sörestedt,Socialdemokraterna,Fyrstadskretsen,Enkammarriksdagen,1982,1985,socionom,
6765,Björn Körlof,Moderata samlingspartiet,Kopparbergs län,Enkammarriksdagen,1982,1985,departementssekreterare,man
6766,Björn Molin,Folkpartiet,Göteborgs kommun,Enkammarriksdagen,1982,1985,f.d. statsråd,man
6767,Björn Samuelson,Vänsterpartiet kommunisterna,Värmlands län,Enkammarriksdagen,1982,1985,lärare,man
6768,Blenda Littmarck,Moderata samlingspartiet,Stockholms kommun,Enkammarriksdagen,1982,1985,politiker,woman
6769,Bo Arvidson,Moderata samlingspartiet,Malmöhus län,Enkammarriksdagen,1982,1985,lantbrukare,man
6770,Bo Finnkvist,Socialdemokraterna,Värmlands län,Enkammarriksdagen,1982,1985,järnbruksarbetare,man
6771,Bo Forslund,Socialdemokraterna,Västernorrlands län,Enkammarriksdagen,1982,1985,ombudsman,man
6772,Bo Lundgren,Moderata samlingspartiet,Kristianstads län,Enkammarriksdagen,1982,1985,civilekonom,man
6773,Bo Nilsson,Socialdemokraterna,Fyrstadskretsen,Enkammarriksdagen,1982,1985,kommunalråd,man
6774,Bo Södersten,Socialdemokraterna,Kopparbergs län,Enkammarriksdagen,1982,1985,professor,man
6775,Britt Mogård,Moderata samlingspartiet,Stockholms län,Enkammarriksdagen,1982,1985,f.d. statsråd,
6776,Britta Hammarbacken,Centerpartiet,Örebro län,Enkammarriksdagen,1982,1985,leg. sjuksköterska,woman
6777,Börje Hörnlund,Centerpartiet,Västerbottens län,Enkammarriksdagen,1982,1985,skogsmästare,man
6778,Börje Nilsson,Socialdemokraterna,Kristianstads län,Enkammarriksdagen,1982,1985,socionom,man
6779,Börje Stensson,Folkpartiet,Östergötlands län,Enkammarriksdagen,1982,1985,rektor,man
6780,Carl Bildt,Moderata samlingspartiet,Stockholms kommun,Enkammarriksdagen,1982,1985,politiker,man
6781,Carl Henrik Hermansson,Vänsterpartiet kommunisterna,Stockholms kommun,Enkammarriksdagen,1982,1985,chefredaktör,man
6782,Catarina Rönnung,Socialdemokraterna,Jönköpings län,Enkammarriksdagen,1982,1985,folkhögskollärare,
6783,Christer Eirefelt,Folkpartiet,Hallands län,Enkammarriksdagen,1982,1985,byggnadstekniker,
6784,Christer Nilsson,Socialdemokraterna,Östergötlands län,Enkammarriksdagen,1982,1985,socionom,
6785,Claes Elmstedt,Centerpartiet,Blekinge län,Enkammarriksdagen,1982,1985,lantbrukare,man
6786,Curt Boström,Socialdemokraterna,Norrbottens län,Enkammarriksdagen,1982,1985,kamrer,
6787,Doris Håvik,Socialdemokraterna,Göteborgs kommun,Enkammarriksdagen,1982,1985,assistent,woman
6788,Egon Jacobsson,Socialdemokraterna,Malmöhus län,Enkammarriksdagen,1982,1985,ombudsman,man
6789,Einar Larsson,Centerpartiet,Kristianstads län,Enkammarriksdagen,1982,1985,lantbrukare,man
6790,Elis Andersson,Centerpartiet,Stockholms län,Enkammarriksdagen,1982,1985,byggnadsarbetare,man
6791,Elisabeth Fleetwood,Moderata samlingspartiet,Stockholms kommun,Enkammarriksdagen,1982,1985,adjunkt,woman
6792,Elver Jonsson,Folkpartiet,Älvsborgs läns norra,Enkammarriksdagen,1982,1985,brevbärare,
6793,Elving Andersson,Centerpartiet,Bohuslän,Enkammarriksdagen,1982,1985,ombudsman,
6794,Elvy Nilsson,Socialdemokraterna,Värmlands län,Enkammarriksdagen,1982,1985,fru,
6795,Eric Hägelmark,Folkpartiet,Kristianstads län,Enkammarriksdagen,1982,1985,kapten,man
6796,Eric Jönsson,Socialdemokraterna,Fyrstadskretsen,Enkammarriksdagen,1982,1985,ombudsman,man
6797,Erik Hovhammar,Moderata samlingspartiet,Kronobergs län,Enkammarriksdagen,1982,1985,riksgäldsfullmäktig,man
6798,Erik Johansson,Socialdemokraterna,Kristianstads län,Enkammarriksdagen,1982,1985,arbetsförmedlingsföreståndare,man
6799,Erik Olsson,Moderata samlingspartiet,Västernorrlands län,Enkammarriksdagen,1982,1985,köpman,man
6800,Erik Wärnberg,Socialdemokraterna,Östergötlands län,Enkammarriksdagen,1982,1985,trävaruhandlare,man
6801,Eva Hjelmström,Vänsterpartiet kommunisterna,Stockholms kommun,Enkammarriksdagen,1982,1985,civilekonom,woman
6802,Evert Hedberg,Socialdemokraterna,Hallands län,Enkammarriksdagen,1982,1985,ombudsman,man
6803,Evert Svensson,Socialdemokraterna,Bohuslän,Enkammarriksdagen,1982,1985,socionom,man
6804,Ewy Möller,Moderata samlingspartiet,Kalmar län,Enkammarriksdagen,1982,1985,,
6805,Filip Fridolfsson,Moderata samlingspartiet,Stockholms kommun,Enkammarriksdagen,1982,1985,fabrikör,man
6806,Frida Berglund,Socialdemokraterna,Norrbottens län,Enkammarriksdagen,1982,1985,skolsköterska,woman
6807,Georg Andersson,Socialdemokraterna,Västerbottens län,Enkammarriksdagen,1982,1985,rektor,man
6808,Gertrud Sigurdsen,Socialdemokraterna,Stockholms kommun,Enkammarriksdagen,1982,1985,statsråd,
6809,Grethe Lundblad,Socialdemokraterna,Fyrstadskretsen,Enkammarriksdagen,1982,1985,socialvårdsinspektör,
6810,Gullan Lindblad,Moderata samlingspartiet,Värmlands län,Enkammarriksdagen,1982,1985,sjuksköterska,
6811,Gunhild Bolander,Centerpartiet,Gotlands län,Enkammarriksdagen,1982,1985,ombudsman,
6812,Gunilla André,Centerpartiet,Skaraborgs län,Enkammarriksdagen,1982,1985,politiker,
6813,Gunnar Biörck,Moderata samlingspartiet,Stockholms län,Enkammarriksdagen,1982,1985,professor emeritus,man
6814,Gunnar Björk,Centerpartiet,Gävleborgs län,Enkammarriksdagen,1982,1985,bankkonsulent,man
6815,Gunnar Hökmark,Moderata samlingspartiet,Stockholms län,Enkammarriksdagen,1982,1985,civilekonom,man
6816,Gunnar Nilsson,Socialdemokraterna,Stockholms län,Enkammarriksdagen,1982,1985,LO:s f.d. ordförande,man
6817,Gunnar Nilsson,Socialdemokraterna,Malmöhus län,Enkammarriksdagen,1982,1985,politiker,man
6818,Gunnar Olsson,Socialdemokraterna,Värmlands län,Enkammarriksdagen,1982,1985,journalist,man
6819,Gunnar Sträng,Socialdemokraterna,Älvsborgs läns södra,Enkammarriksdagen,1982,1985,f.d. statsråd,man
6820,Gunnar Ström,Socialdemokraterna,Örebro län,Enkammarriksdagen,1982,1985,metallarbetare,man
6821,Gunnar Thollander,Socialdemokraterna,Uppsala län,Enkammarriksdagen,1982,1985,instruktör,man
6822,Gunnel Jonäng,Centerpartiet,Gävleborgs län,Enkammarriksdagen,1982,1985,studieinstruktör,
6823,Gunnel Liljegren,Moderata samlingspartiet,Stockholms län,Enkammarriksdagen,1982,1985,adjunkt,
6824,Gustav Persson,Socialdemokraterna,Uppsala län,Enkammarriksdagen,1982,1985,,man
6825,Göran Allmér,Moderata samlingspartiet,Södermanlands län,Enkammarriksdagen,1982,1985,rektor,man
6826,Göran Ericsson,Moderata samlingspartiet,Stockholms kommun,Enkammarriksdagen,1982,1985,kriminalinspektör,man
6827,Göran Persson,Socialdemokraterna,Södermanlands län,Enkammarriksdagen,1982,1985,politiker,man
6828,Göran Riegnell,Moderata samlingspartiet,Göteborgs kommun,Enkammarriksdagen,1982,1985,civilekonom,man
6829,Görel Bohlin,Moderata samlingspartiet,Stockholms län,Enkammarriksdagen,1982,1985,filosofie kandidat,
6830,Gösta Andersson,Centerpartiet,Kalmar län,Enkammarriksdagen,1982,1985,skogsbrukare,man
6831,Gösta Bohman,Moderata samlingspartiet,Stockholms kommun,Enkammarriksdagen,1982,1985,f.d. statsråd,man
6832,Göte Jonsson,Moderata samlingspartiet,Jönköpings län,Enkammarriksdagen,1982,1985,kriminalinspektör,man
6833,Göthe Knutson,Moderata samlingspartiet,Värmlands län,Enkammarriksdagen,1982,1985,redaktör,
6834,Hagar Normark,Socialdemokraterna,Västerbottens län,Enkammarriksdagen,1982,1985,politiker,
6835,Hans Gustafsson,Socialdemokraterna,Blekinge län,Enkammarriksdagen,1982,1985,statsråd,man
6836,Hans Nyhage,Moderata samlingspartiet,Älvsborgs läns södra,Enkammarriksdagen,1982,1985,rektor,man
6837,Hans Petersson,Folkpartiet,Malmöhus län,Enkammarriksdagen,1982,1985,folkskollärare,man
6838,Hans Petersson,Vänsterpartiet kommunisterna,Västmanlands län,Enkammarriksdagen,1982,1985,ombudsman,man
6839,Hans Pettersson,Socialdemokraterna,Fyrstadskretsen,Enkammarriksdagen,1982,1985,kranmaskinist,man
6840,Hans Wachtmeister,Moderata samlingspartiet,Blekinge län,Enkammarriksdagen,1982,1985,godsägare,man
6841,Helge Hagberg,Socialdemokraterna,Örebro län,Enkammarriksdagen,1982,1985,f.d. kommunalråd,man
6842,Helge Klöver,Socialdemokraterna,Jönköpings län,Enkammarriksdagen,1982,1985,järnvägsexpeditör,man
6843,Holger Bergman,Socialdemokraterna,Södermanlands län,Enkammarriksdagen,1982,1985,ombudsman,man
6844,Hugo Bergdahl,Folkpartiet,Västmanlands län,Enkammarriksdagen,1982,1985,flottiljpolis,man
6845,Hugo Hegeland,Moderata samlingspartiet,Göteborgs kommun,Enkammarriksdagen,1982,1985,f.d. professor,man
6846,Håkan Stjernlöf,Moderata samlingspartiet,Gävleborgs län,Enkammarriksdagen,1982,1985,boktryckare,man
6847,Håkan Strömberg,Socialdemokraterna,Örebro län,Enkammarriksdagen,1982,1985,metallarbetare,man
6848,Ing-Marie Hansson,Socialdemokraterna,Gävleborgs län,Enkammarriksdagen,1982,1985,sjuksköterska,
6849,Inga Lantz,Vänsterpartiet kommunisterna,Stockholms län,Enkammarriksdagen,1982,1985,industritjänsteman,
6850,Inga-Britt Johansson,Socialdemokraterna,Göteborgs kommun,Enkammarriksdagen,1982,1985,inspektör,
6851,Inge Carlsson,Socialdemokraterna,Östergötlands län,Enkammarriksdagen,1982,1985,metallarbetare,
6852,Ingegerd Elm,Socialdemokraterna,Jönköpings län,Enkammarriksdagen,1982,1985,politiker,
6853,Ingegerd Troedsson,Moderata samlingspartiet,Uppsala län,Enkammarriksdagen,1982,1985,f.d. statsråd,
6854,Ingemar Eliasson,Folkpartiet,Stockholms län,Enkammarriksdagen,1982,1985,f.d. statsråd,man
6855,Ingemar Hallenius,Centerpartiet,Skaraborgs län,Enkammarriksdagen,1982,1985,lantbrukare,man
6856,Ingemar Konradsson,Socialdemokraterna,Örebro län,Enkammarriksdagen,1982,1985,inspektör,man
6857,Ingemund Bengtsson,Socialdemokraterna,Hallands län,Enkammarriksdagen,1982,1985,f.d. statsråd,man
6858,Inger Hestvik,Socialdemokraterna,Kopparbergs län,Enkammarriksdagen,1982,1985,rektor,
6859,Inger Josefsson,Centerpartiet,Älvsborgs läns södra,Enkammarriksdagen,1982,1985,lågstadielärare,
6860,Inger Wickzén,Moderata samlingspartiet,Hallands län,Enkammarriksdagen,1982,1985,,
6861,Ingrid Andersson,Socialdemokraterna,Uppsala län,Enkammarriksdagen,1982,1985,sjuksköterska,woman
6862,Ingrid Hemmingsson,Moderata samlingspartiet,Jämtlands län,Enkammarriksdagen,1982,1985,hushållslärare,woman
6863,Ingrid Sundberg,Moderata samlingspartiet,Malmöhus län,Enkammarriksdagen,1982,1985,filosofie kandidat,woman
6864,Ingvar Björk,Socialdemokraterna,Östergötlands län,Enkammarriksdagen,1982,1985,folkhögskollärare,man
6865,Ingvar Carlsson,Socialdemokraterna,Stockholms län,Enkammarriksdagen,1982,1985,statsråd,man
6866,Ingvar Eriksson,Moderata samlingspartiet,Kristianstads län,Enkammarriksdagen,1982,1985,lantbrukare,man
6867,Ingvar Johnsson,Socialdemokraterna,Älvsborgs läns norra,Enkammarriksdagen,1982,1985,studiesekreterare,man
6868,Ingvar Karlsson i Bengtsfors,Centerpartiet,Älvsborgs läns norra,Enkammarriksdagen,1982,1985,fabriksarbetare,man
6869,Iris Mårtensson,Socialdemokraterna,Gävleborgs län,Enkammarriksdagen,1982,1985,studieombudsman,woman
6870,Iréne Vestlund,Socialdemokraterna,Kopparbergs län,Enkammarriksdagen,1982,1985,sjukvårdslärare,
6871,Ivar Franzén,Centerpartiet,Hallands län,Enkammarriksdagen,1982,1985,lantmästare,man
6872,Ivar Nordberg,Socialdemokraterna,Stockholms län,Enkammarriksdagen,1982,1985,ombudsman,man
6873,Ivar Virgin,Moderata samlingspartiet,Skaraborgs län,Enkammarriksdagen,1982,1985,civilekonom,man
6874,Jan Bergqvist,Socialdemokraterna,Göteborgs kommun,Enkammarriksdagen,1982,1985,sekreterare,man
6875,Jan Fransson,Socialdemokraterna,Skaraborgs län,Enkammarriksdagen,1982,1985,byrådirektör,man
6876,Jan-Eric Virgin,Moderata samlingspartiet,Stockholms län,Enkammarriksdagen,1982,1985,lantbrukare,
6877,Jan-Erik Wikström,Folkpartiet,Stockholms kommun,Enkammarriksdagen,1982,1985,f.d. statsråd,
6878,Jens Eriksson,Moderata samlingspartiet,Bohuslän,Enkammarriksdagen,1982,1985,ombudsman,man
6879,Joakim Ollén,Moderata samlingspartiet,Fyrstadskretsen,Enkammarriksdagen,1982,1985,juris kandidat,man
6880,John Andersson,Vänsterpartiet kommunisterna,Västerbottens län,Enkammarriksdagen,1982,1985,skogsarbetare,man
6881,John Johnsson,Socialdemokraterna,Malmöhus län,Enkammarriksdagen,1982,1985,ombudsman,man
6882,Jörgen Ullenhag,Folkpartiet,Uppsala län,Enkammarriksdagen,1982,1985,byråchef,man
6883,Jörn Svensson,Vänsterpartiet kommunisterna,Fyrstadskretsen,Enkammarriksdagen,1982,1985,författare,
6884,Karin Ahrland,Folkpartiet,Fyrstadskretsen,Enkammarriksdagen,1982,1985,f.d. statsråd,woman
6885,Karin Andersson,Centerpartiet,Stockholms kommun,Enkammarriksdagen,1982,1985,f.d. statsråd,woman
6886,Karin Flodström,Socialdemokraterna,Örebro län,Enkammarriksdagen,1982,1985,lågstadielärare,woman
6887,Karin Israelsson,Centerpartiet,Västerbottens län,Enkammarriksdagen,1982,1985,distriktssköterska,woman
6888,Karin Nordlander,Vänsterpartiet kommunisterna,Stockholms kommun,Enkammarriksdagen,1982,1985,politiker,woman
6889,Karin Söder,Centerpartiet,Stockholms län,Enkammarriksdagen,1982,1985,f.d. statsråd,woman
6890,Karl Björzén,Moderata samlingspartiet,Västmanlands län,Enkammarriksdagen,1982,1985,bergsingenjör,man
6891,Karl Boo,Centerpartiet,Kopparbergs län,Enkammarriksdagen,1982,1985,f.d. statsråd,man
6892,Karl Erik Eriksson,Folkpartiet,Värmlands län,Enkammarriksdagen,1982,1985,lantbrukare,man
6893,Karl-Eric Norrby,Centerpartiet,Värmlands län,Enkammarriksdagen,1982,1985,lantbrukare,
6894,Karl-Erik Häll,Socialdemokraterna,Norrbottens län,Enkammarriksdagen,1982,1985,ombudsman,
6895,Karl-Erik Svartberg,Socialdemokraterna,Bohuslän,Enkammarriksdagen,1982,1985,rektor,
6896,Karl-Gustaf Mathsson,Socialdemokraterna,Västmanlands län,Enkammarriksdagen,1982,1985,ombudsman,
6897,Kenth Skårvik,Folkpartiet,Bohuslän,Enkammarriksdagen,1982,1985,distriktschef,
6898,Kersti Johansson,Centerpartiet,Jönköpings län,Enkammarriksdagen,1982,1985,lantbrukare,
6899,Kerstin Andersson,Centerpartiet,Älvsborgs läns norra,Enkammarriksdagen,1982,1985,folkskollärare,woman
6900,Kerstin Anér,Folkpartiet,Stockholms län,Enkammarriksdagen,1982,1985,författare,woman
6901,Kerstin Ekman,Folkpartiet,Göteborgs kommun,Enkammarriksdagen,1982,1985,ingenjör,woman
6902,Kerstin Göthberg,Centerpartiet,Västmanlands län,Enkammarriksdagen,1982,1985,fru,woman
6903,Kerstin Nilsson,Socialdemokraterna,Norrbottens län,Enkammarriksdagen,1982,1985,folkhögskollärare,woman
6904,Kjell A. Mattsson,Centerpartiet,Bohuslän,Enkammarriksdagen,1982,1985,politiker,man
6905,Kjell Johansson,Folkpartiet,Södermanlands län,Enkammarriksdagen,1982,1985,fabrikör,man
6906,Kjell Nilsson,Socialdemokraterna,Kronobergs län,Enkammarriksdagen,1982,1985,metallarbetare,man
6907,Kjell-Olof Feldt,Socialdemokraterna,Kopparbergs län,Enkammarriksdagen,1982,1985,statsråd,
6908,Knut Billing,Moderata samlingspartiet,Stockholms län,Enkammarriksdagen,1982,1985,pol. sekreterare,man
6909,Knut Wachtmeister,Moderata samlingspartiet,Malmöhus län,Enkammarriksdagen,1982,1985,lantmästare,man
6910,Kurt Hugosson,Socialdemokraterna,Göteborgs kommun,Enkammarriksdagen,1982,1985,avdelningschef,man
6911,Kurt Ove Johansson,Socialdemokraterna,Fyrstadskretsen,Enkammarriksdagen,1982,1985,ombudsman,man
6912,Lahja Exner,Socialdemokraterna,Älvsborgs läns södra,Enkammarriksdagen,1982,1985,textilarbeterska,
6913,Lars Ahlmark,Moderata samlingspartiet,Uppsala län,Enkammarriksdagen,1982,1985,avdelningschef,man
6914,Lars Ahlström,Moderata samlingspartiet,Göteborgs kommun,Enkammarriksdagen,1982,1985,konditor,man
6915,Lars Ernestam,Folkpartiet,Örebro län,Enkammarriksdagen,1982,1985,kulturchef,man
6916,Lars Gustafsson,Socialdemokraterna,Stockholms län,Enkammarriksdagen,1982,1985,universitetslektor,man
6917,Lars Hedfors,Socialdemokraterna,Kronobergs län,Enkammarriksdagen,1982,1985,politiker,man
6918,Lars Hjertén,Moderata samlingspartiet,Skaraborgs län,Enkammarriksdagen,1982,1985,folkhögskolerektor,man
6919,Lars Svensson,Socialdemokraterna,Hallands län,Enkammarriksdagen,1982,1985,kontorsföreståndare,man
6920,Lars Tobisson,Moderata samlingspartiet,Göteborgs kommun,Enkammarriksdagen,1982,1985,filosofie doktor,man
6921,Lars Ulander,Socialdemokraterna,Stockholms kommun,Enkammarriksdagen,1982,1985,ombudsman,man
6922,Lars Werner,Vänsterpartiet kommunisterna,Stockholms län,Enkammarriksdagen,1982,1985,ombudsman,man
6923,Lars-Erik Lövdén,Socialdemokraterna,Fyrstadskretsen,Enkammarriksdagen,1982,1985,sekreterare,
6924,Lars-Ingvar Sörenson,Socialdemokraterna,Göteborgs kommun,Enkammarriksdagen,1982,1985,lokförare,
6925,Lars-Ove Hagberg,Vänsterpartiet kommunisterna,Kopparbergs län,Enkammarriksdagen,1982,1985,järnbruksarbetare,
6926,Lars-Åke Larsson,Socialdemokraterna,Älvsborgs läns norra,Enkammarriksdagen,1982,1985,ombudsman,
6927,Larz Johansson,Centerpartiet,Södermanlands län,Enkammarriksdagen,1982,1985,lantbrukare,
6928,Lena Hjelm-Wallén,Socialdemokraterna,Västmanlands län,Enkammarriksdagen,1982,1985,statsråd,woman
6929,Lena Öhrsvik,Socialdemokraterna,Kalmar län,Enkammarriksdagen,1982,1985,kurator,woman
6930,Lennart Andersson,Socialdemokraterna,Stockholms län,Enkammarriksdagen,1982,1985,studieombudsman,man
6931,Lennart Bladh,Socialdemokraterna,Kristianstads län,Enkammarriksdagen,1982,1985,yrkesvalslärare,man
6932,Lennart Blom,Moderata samlingspartiet,Stockholms kommun,Enkammarriksdagen,1982,1985,juris kandidatexamen,man
6933,Lennart Brunander,Centerpartiet,Älvsborgs läns södra,Enkammarriksdagen,1982,1985,lantbrukare,man
6934,Lennart Nilsson,Socialdemokraterna,Bohuslän,Enkammarriksdagen,1982,1985,byggnadssnickare,man
6935,Lennart Pettersson,Socialdemokraterna,Fyrstadskretsen,Enkammarriksdagen,1982,1985,civilekonom,man
6936,Lilly Bergander,Socialdemokraterna,Stockholms län,Enkammarriksdagen,1982,1985,kontorist,woman
6937,Lilly Hansson,Socialdemokraterna,Västerbottens län,Enkammarriksdagen,1982,1985,mentalsköterska,woman
6938,Lisa Mattsson,Socialdemokraterna,Göteborgs kommun,Enkammarriksdagen,1982,1985,förbundsordförande,woman
6939,Lisbet Calner,Socialdemokraterna,Bohuslän,Enkammarriksdagen,1982,1985,postexpeditör,
6940,Magnus Persson,Socialdemokraterna,Värmlands län,Enkammarriksdagen,1982,1985,ombudsman,man
6941,Maj Britt Theorin,Socialdemokraterna,Stockholms kommun,Enkammarriksdagen,1982,1985,ambassadör,woman
6942,Maj-Lis Landberg,Socialdemokraterna,Östergötlands län,Enkammarriksdagen,1982,1985,riksgäldsfullmäktig,
6943,Maj-Lis Lööw,Socialdemokraterna,Södermanlands län,Enkammarriksdagen,1982,1985,arbetsförmedlare,
6944,Maja Bäckström,Socialdemokraterna,Kristianstads län,Enkammarriksdagen,1982,1985,politiker,woman
6945,Margareta Gard,Moderata samlingspartiet,Kopparbergs län,Enkammarriksdagen,1982,1985,politiker,
6946,Margareta Palmqvist,Socialdemokraterna,Stockholms län,Enkammarriksdagen,1982,1985,barnmorska,
6947,Margareta Winberg,Socialdemokraterna,Jämtlands län,Enkammarriksdagen,1982,1985,lärare,
6948,Margaretha af Ugglas,Moderata samlingspartiet,Stockholms kommun,Enkammarriksdagen,1982,1985,civilekonom,
6949,Margit Gennser,Moderata samlingspartiet,Fyrstadskretsen,Enkammarriksdagen,1982,1985,civilekonom,
6950,Margit Sandéhn,Socialdemokraterna,Malmöhus län,Enkammarriksdagen,1982,1985,textillärare,
6951,Margot Wallström,Socialdemokraterna,Värmlands län,Enkammarriksdagen,1982,1985,banktjänsteman,
6952,Maria Lagergren,Socialdemokraterna,Östergötlands län,Enkammarriksdagen,1982,1985,receptionist,woman
6953,Marianne Karlsson,Centerpartiet,Östergötlands län,Enkammarriksdagen,1982,1985,politiker,
6954,Marianne Stålberg,Socialdemokraterna,Jämtlands län,Enkammarriksdagen,1982,1985,skolkurator,
6955,Marie-Ann Johansson,Vänsterpartiet kommunisterna,Göteborgs kommun,Enkammarriksdagen,1982,1985,programmerare,
6956,Martin Olsson,Centerpartiet,Västernorrlands län,Enkammarriksdagen,1982,1985,bankkamrer,man
6957,Martin Segerstedt,Socialdemokraterna,Västernorrlands län,Enkammarriksdagen,1982,1985,arbetsförmedlare,man
6958,Mats Hellström,Socialdemokraterna,Stockholms kommun,Enkammarriksdagen,1982,1985,sekreterare,man
6959,Mats Olsson,Socialdemokraterna,Blekinge län,Enkammarriksdagen,1982,1985,bankman,man
6960,Mona Sahlin,Socialdemokraterna,Stockholms län,Enkammarriksdagen,1982,1985,sekreterare,woman
6961,Mona Saint Cyr,Moderata samlingspartiet,Östergötlands län,Enkammarriksdagen,1982,1985,planeringssekreterare,woman
6962,Nic Grönvall,Moderata samlingspartiet,Hallands län,Enkammarriksdagen,1982,1985,advokat,
6963,Nils Berndtson,Vänsterpartiet kommunisterna,Östergötlands län,Enkammarriksdagen,1982,1985,ombudsman,man
6964,Nils Carlshamre,Moderata samlingspartiet,Bohuslän,Enkammarriksdagen,1982,1985,lektor,man
6965,Nils Erik Wååg,Socialdemokraterna,Kristianstads län,Enkammarriksdagen,1982,1985,byggnadsingenjör,man
6966,Nils Nordh,Socialdemokraterna,Jönköpings län,Enkammarriksdagen,1982,1985,metallarbetare,man
6967,Nils T. Svensson,Socialdemokraterna,Fyrstadskretsen,Enkammarriksdagen,1982,1985,ombudsman,man
6968,Nils Åsling,Centerpartiet,Jämtlands län,Enkammarriksdagen,1982,1985,f.d. statsråd,man
6969,Nils-Olof Grönhagen,Socialdemokraterna,Västernorrlands län,Enkammarriksdagen,1982,1985,järnvägsexpeditör,
6970,Nils-Olof Gustafsson,Socialdemokraterna,Jämtlands län,Enkammarriksdagen,1982,1985,ombudsman,
6971,Ola Ullsten,Folkpartiet,Stockholms kommun,Enkammarriksdagen,1982,1985,socionom,man
6972,Olle Aulin,Moderata samlingspartiet,Fyrstadskretsen,Enkammarriksdagen,1982,1985,försvarsdirektör,man
6973,Olle Grahn,Folkpartiet,Skaraborgs län,Enkammarriksdagen,1982,1985,fabrikör,man
6974,Olle Göransson,Socialdemokraterna,Västmanlands län,Enkammarriksdagen,1982,1985,verkmästare,man
6975,Olle Svensson,Socialdemokraterna,Södermanlands län,Enkammarriksdagen,1982,1985,chefredaktör,man
6976,Olle Westberg,Socialdemokraterna,Gävleborgs län,Enkammarriksdagen,1982,1985,svarvare,man
6977,Olle Östrand,Socialdemokraterna,Gävleborgs län,Enkammarriksdagen,1982,1985,mätningsföreståndare,man
6978,Olof Johansson,Centerpartiet,Stockholms kommun,Enkammarriksdagen,1982,1985,f.d. statsråd,man
6979,Olof Palme,Socialdemokraterna,Stockholms kommun,Enkammarriksdagen,1982,1985,statsminister,man
6980,Oskar Lindkvist,Socialdemokraterna,Stockholms kommun,Enkammarriksdagen,1982,1985,organisationschef,man
6981,Oswald Söderqvist,Vänsterpartiet kommunisterna,Uppsala län,Enkammarriksdagen,1982,1985,byråsekreterare,
6982,Ove Eriksson,Moderata samlingspartiet,Värmlands län,Enkammarriksdagen,1982,1985,adjunkt,man
6983,Ove Karlsson,Socialdemokraterna,Kopparbergs län,Enkammarriksdagen,1982,1985,skogsarbetare,man
6984,Owe Andréasson,Socialdemokraterna,Hallands län,Enkammarriksdagen,1982,1985,verktygsmakare,
6985,Paul Jansson,Socialdemokraterna,Skaraborgs län,Enkammarriksdagen,1982,1985,elektriker,man
6986,Paul Lestander,Vänsterpartiet kommunisterna,Norrbottens län,Enkammarriksdagen,1982,1985,skogsarbetare,man
6987,Per Israelsson,Vänsterpartiet kommunisterna,Örebro län,Enkammarriksdagen,1982,1985,krutbruksarbetare,man
6988,Per Olof Håkansson,Socialdemokraterna,Malmöhus län,Enkammarriksdagen,1982,1985,byggnadsingenjör,man
6989,Per Petersson,Moderata samlingspartiet,Norrbottens län,Enkammarriksdagen,1982,1985,lantbrukare,man
6990,Per Stenmarck,Moderata samlingspartiet,Malmöhus län,Enkammarriksdagen,1982,1985,tjänsteman,man
6991,Per Unckel,Moderata samlingspartiet,Östergötlands län,Enkammarriksdagen,1982,1985,politiker,man
6992,Per Westerberg,Moderata samlingspartiet,Södermanlands län,Enkammarriksdagen,1982,1985,civilekonom,man
6993,Per-Axel Nilsson,Socialdemokraterna,Gotlands län,Enkammarriksdagen,1982,1985,avdelningschef,
6994,Per-Ola Eriksson,Centerpartiet,Norrbottens län,Enkammarriksdagen,1982,1985,ombudsman,
6995,Per-Olof Strindberg,Moderata samlingspartiet,Östergötlands län,Enkammarriksdagen,1982,1985,länsombudsman,
6996,Per-Richard Molén,Moderata samlingspartiet,Västernorrlands län,Enkammarriksdagen,1982,1985,företagare,
6997,Pär Granstedt,Centerpartiet,Stockholms län,Enkammarriksdagen,1982,1985,filosofie kandidat,man
6998,Ralf Lindström,Socialdemokraterna,Blekinge län,Enkammarriksdagen,1982,1985,ombudsman,man
6999,Roland Brännström,Socialdemokraterna,Västerbottens län,Enkammarriksdagen,1982,1985,verkmästare,man
7000,Roland Sundgren,Socialdemokraterna,Västmanlands län,Enkammarriksdagen,1982,1985,ombudsman,man
7001,Rolf Andersson,Centerpartiet,Hallands län,Enkammarriksdagen,1982,1985,,man
7002,Rolf Clarkson,Moderata samlingspartiet,Fyrstadskretsen,Enkammarriksdagen,1982,1985,direktör,man
7003,Rolf Dahlberg,Moderata samlingspartiet,Gävleborgs län,Enkammarriksdagen,1982,1985,yrkesvalslärare,man
7004,Rolf Rämgård,Centerpartiet,Kopparbergs län,Enkammarriksdagen,1982,1985,f.d. längdåkare,man
7005,Rolf Wirtén,Folkpartiet,Jönköpings län,Enkammarriksdagen,1982,1985,lärare,man
7006,Rosa Östh,Centerpartiet,Uppsala län,Enkammarriksdagen,1982,1985,lantbrukare,woman
7007,Rune Backlund,Centerpartiet,Jönköpings län,Enkammarriksdagen,1982,1985,ombudsman,man
7008,Rune Carlstein,Socialdemokraterna,Älvsborgs läns södra,Enkammarriksdagen,1982,1985,stadskassör,man
7009,Rune Evensson,Socialdemokraterna,Älvsborgs läns norra,Enkammarriksdagen,1982,1985,ombudsman,man
7010,Rune Gustavsson,Centerpartiet,Kronobergs län,Enkammarriksdagen,1982,1985,f.d. statsråd,man
7011,Rune Johansson,Socialdemokraterna,Älvsborgs läns norra,Enkammarriksdagen,1982,1985,verkmästare,man
7012,Rune Jonsson,Socialdemokraterna,Västernorrlands län,Enkammarriksdagen,1982,1985,elektriker,man
7013,Rune Rydén,Moderata samlingspartiet,Fyrstadskretsen,Enkammarriksdagen,1982,1985,filosofie licentiat,man
7014,Rune Torwald,Centerpartiet,Göteborgs kommun,Enkammarriksdagen,1982,1985,utredningssekreterare,man
7015,Rune Ångström,Folkpartiet,Västerbottens län,Enkammarriksdagen,1982,1985,direktör,man
7016,Sigvard Persson,Centerpartiet,Fyrstadskretsen,Enkammarriksdagen,1982,1985,,man
7017,Siri Häggmark,Moderata samlingspartiet,Bohuslän,Enkammarriksdagen,1982,1985,distriktssköterska,woman
7018,Sivert Andersson,Socialdemokraterna,Stockholms kommun,Enkammarriksdagen,1982,1985,bitr. förbundsordförande,man
7019,Sonja Rembo,Moderata samlingspartiet,Göteborgs kommun,Enkammarriksdagen,1982,1985,sekreterare,woman
7020,Staffan Burenstam Linder,Moderata samlingspartiet,Stockholms län,Enkammarriksdagen,1982,1985,bankofullmäktig,man
7021,Sten Andersson,Socialdemokraterna,Stockholms kommun,Enkammarriksdagen,1982,1985,statsråd,man
7022,Sten Sture Paterson,Moderata samlingspartiet,Älvsborgs läns norra,Enkammarriksdagen,1982,1985,filosofie doktor,man
7023,Sten Svensson,Moderata samlingspartiet,Skaraborgs län,Enkammarriksdagen,1982,1985,informationschef,man
7024,Sten Östlund,Socialdemokraterna,Göteborgs kommun,Enkammarriksdagen,1982,1985,metallarbetare,man
7025,Sten-Ove Sundström,Socialdemokraterna,Norrbottens län,Enkammarriksdagen,1982,1985,järnverksarbetare,
7026,Stig Alemyr,Socialdemokraterna,Kalmar län,Enkammarriksdagen,1982,1985,rektor,man
7027,Stig Alftin,Socialdemokraterna,Gävleborgs län,Enkammarriksdagen,1982,1985,metallarbetare,man
7028,Stig Gustafsson,Socialdemokraterna,Stockholms kommun,Enkammarriksdagen,1982,1985,förbundsjurist,man
7029,Stig Josefson,Centerpartiet,Malmöhus län,Enkammarriksdagen,1982,1985,lantbrukare,man
7030,Stig Olsson,Socialdemokraterna,Västernorrlands län,Enkammarriksdagen,1982,1985,uppmätningsman,man
7031,Stina Gustavsson,Centerpartiet,Kronobergs län,Enkammarriksdagen,1982,1985,hushållslärare,woman
7032,Sture Ericson,Socialdemokraterna,Örebro län,Enkammarriksdagen,1982,1985,redaktör,man
7033,Sture Korpås,Centerpartiet,Uppsala län,Enkammarriksdagen,1982,1985,rektor,man
7034,Sture Palm,Socialdemokraterna,Stockholms län,Enkammarriksdagen,1982,1985,redaktör,man
7035,Sture Thun,Socialdemokraterna,Östergötlands län,Enkammarriksdagen,1982,1985,elmästare,man
7036,Svante Lundkvist,Socialdemokraterna,Södermanlands län,Enkammarriksdagen,1982,1985,statsråd,man
7037,Sven Aspling,Socialdemokraterna,Värmlands län,Enkammarriksdagen,1982,1985,f.d. statsråd,man
7038,Sven Eric Lorentzon,Moderata samlingspartiet,Hallands län,Enkammarriksdagen,1982,1985,lantbrukare,man
7039,Sven Henricsson,Vänsterpartiet kommunisterna,Västernorrlands län,Enkammarriksdagen,1982,1985,,man
7040,Sven Munke,Moderata samlingspartiet,Fyrstadskretsen,Enkammarriksdagen,1982,1985,lantbrukare,man
7041,Sven-Erik Nordin,Centerpartiet,Västernorrlands län,Enkammarriksdagen,1982,1985,lantbrukare,
7042,Sven-Gösta Signell,Socialdemokraterna,Skaraborgs län,Enkammarriksdagen,1982,1985,ombudsman,
7043,Sören Häggroth,Socialdemokraterna,Norrbottens län,Enkammarriksdagen,1982,1985,folkhögskolelärare,man
7044,Tage Adolfsson,Moderata samlingspartiet,Västmanlands län,Enkammarriksdagen,1982,1985,företagare,man
7045,Tage Sundkvist,Centerpartiet,Södermanlands län,Enkammarriksdagen,1982,1985,riksgäldsfullmäktig,man
7046,Thage G. Peterson,Socialdemokraterna,Stockholms län,Enkammarriksdagen,1982,1985,statsråd,
7047,Thorbjörn Fälldin,Centerpartiet,Västernorrlands län,Enkammarriksdagen,1982,1985,lantbrukare,
7048,Thure Jadestig,Socialdemokraterna,Västmanlands län,Enkammarriksdagen,1982,1985,författare,man
7049,Tommy Franzén,Vänsterpartiet kommunisterna,Stockholms kommun,Enkammarriksdagen,1982,1985,elektriker,man
7050,Tore Claeson,Vänsterpartiet kommunisterna,Stockholms län,Enkammarriksdagen,1982,1985,hyresgästombudsman,man
7051,Tore Nilsson,Moderata samlingspartiet,Västerbottens län,Enkammarriksdagen,1982,1985,predikant,man
7052,Torsten Karlsson,Socialdemokraterna,Östergötlands län,Enkammarriksdagen,1982,1985,metallarbetare,
7053,Tyra Johansson,Socialdemokraterna,Bohuslän,Enkammarriksdagen,1982,1985,kontorist,woman
7054,Ulf Adelsohn,Moderata samlingspartiet,Stockholms kommun,Enkammarriksdagen,1982,1985,f.d. statsråd,man
7055,Ulla Ekelund,Centerpartiet,Kristianstads län,Enkammarriksdagen,1982,1985,tillsynslärare,
7056,Ulla Johansson,Socialdemokraterna,Kronobergs län,Enkammarriksdagen,1982,1985,lågstadielärare,
7057,Ulla Tillander,Centerpartiet,Fyrstadskretsen,Enkammarriksdagen,1982,1985,f.d. statsråd,
7058,Valter Kristensson,Socialdemokraterna,Göteborgs kommun,Enkammarriksdagen,1982,1985,metallarbetare,man
7059,Wiggo Komstedt,Moderata samlingspartiet,Kristianstads län,Enkammarriksdagen,1982,1985,försäljningschef,
7060,Wivi-Anne Cederqvist,Socialdemokraterna,Gävleborgs län,Enkammarriksdagen,1982,1985,arbetsförmedlare,
7061,Wivi-Anne Radesjö,Socialdemokraterna,Älvsborgs läns norra,Enkammarriksdagen,1982,1985,företagare,
7062,Yngve Nyquist,Socialdemokraterna,Kopparbergs län,Enkammarriksdagen,1982,1985,personalintendent,man
7063,Yvonne Sandberg-Fries,Socialdemokraterna,Blekinge län,Enkammarriksdagen,1982,1985,avdelningschef,
7064,Åke Gustavsson,Socialdemokraterna,Jönköpings län,Enkammarriksdagen,1982,1985,redaktör,man
7065,Åke Selberg,Socialdemokraterna,Norrbottens län,Enkammarriksdagen,1982,1985,hemmansägare,man
7066,Åke Wictorsson,Socialdemokraterna,Stockholms län,Enkammarriksdagen,1982,1985,politiker,man
7067,Agne Hansson,Centern,Kalmar län,Enkammarriksdagen,1985,1988,ämneslärare,
7068,Aina Westin,Socialdemokraterna,Stockholms län,Enkammarriksdagen,1985,1988,ombudsman,woman
7069,Alexander Chrisopoulos,Vänsterpartiet kommunisterna,Göteborgs kommun,Enkammarriksdagen,1985,1988,truckförare,man
7070,Alf Svensson,Centern [1],Jönköpings län,Enkammarriksdagen,1985,1988,adjunkt,man
7071,Alf Wennerfors,Moderata samlingspartiet,Stockholms län,Enkammarriksdagen,1985,1988,informationschef,man
7072,Allan Ekström,Moderata samlingspartiet,Stockholms län,Enkammarriksdagen,1985,1988,hovrättsråd,man
7073,Allan Åkerlind,Moderata samlingspartiet,Stockholms län,Enkammarriksdagen,1985,1988,byggnadsarbetare,man
7074,Anders Andersson,Moderata samlingspartiet,Västmanlands län,Enkammarriksdagen,1985,1988,,man
7075,Anders Björck,Moderata samlingspartiet,Jönköpings län,Enkammarriksdagen,1985,1988,politiker,man
7076,Anders Dahlgren,Centern,Östergötlands län,Enkammarriksdagen,1985,1988,f.d. statsråd,man
7077,Anders Högmark,Moderata samlingspartiet,Kronobergs län,Enkammarriksdagen,1985,1988,civilekonom,man
7078,Anders Nilsson,Socialdemokraterna,Skaraborgs län,Enkammarriksdagen,1985,1988,arbetsförmedlare,man
7079,Anita Bråkenhielm,Moderata samlingspartiet,Jönköpings län,Enkammarriksdagen,1985,1988,läkare,woman
7080,Anita Gradin,Socialdemokraterna,Stockholms kommun,Enkammarriksdagen,1985,1988,statsråd,woman
7081,Anita Johansson,Socialdemokraterna,Stockholms län,Enkammarriksdagen,1985,1988,undersköterska,woman
7082,Anita Modin,Socialdemokraterna,Stockholms kommun,Enkammarriksdagen,1985,1988,förbundskassör,woman
7083,Anita Persson,Socialdemokraterna,Södermanlands län,Enkammarriksdagen,1985,1988,socialkamrer,woman
7084,Ann-Cathrine Haglund,Moderata samlingspartiet,Örebro län,Enkammarriksdagen,1985,1988,adjunkt,
7085,Anna-Greta Leijon,Socialdemokraterna,Stockholms län,Enkammarriksdagen,1985,1988,statsråd,
7086,Anne Wibble,Folkpartiet,Stockholms län,Enkammarriksdagen,1985,1988,bankofullmäktig,
7087,Arne Andersson,Socialdemokraterna,Kalmar län,Enkammarriksdagen,1985,1988,inspektör,man
7088,Arne Andersson,Moderata samlingspartiet,Älvsborgs läns norra,Enkammarriksdagen,1985,1988,lantbrukare,man
7089,Arne Gadd,Socialdemokraterna,Uppsala län,Enkammarriksdagen,1985,1988,revisionsdirektör,man
7090,Arne Kjörnsberg,Socialdemokraterna,Älvsborgs läns södra,Enkammarriksdagen,1985,1988,ombudsman,man
7091,Arne Nygren,Socialdemokraterna,Västerbottens län,Enkammarriksdagen,1985,1988,journalist,man
7092,Arne Svensson,Moderata samlingspartiet,Älvsborgs läns södra,Enkammarriksdagen,1985,1988,lantbrukare,man
7093,Axel Andersson,Socialdemokraterna,Gävleborgs län,Enkammarriksdagen,1985,1988,kronojägare,man
7094,Barbro Sandberg,Folkpartiet,Uppsala län,Enkammarriksdagen,1985,1988,lärare,
7095,Bengt Göransson,Socialdemokraterna,Göteborgs kommun,Enkammarriksdagen,1985,1988,statsråd,man
7096,Bengt Harding Olson,Folkpartiet,Kristianstads län,Enkammarriksdagen,1985,1988,åklagare,man
7097,Bengt Kindbom,Centern,Skaraborgs län,Enkammarriksdagen,1985,1988,sekreterare,man
7098,Bengt Kronblad,Socialdemokraterna,Kalmar län,Enkammarriksdagen,1985,1988,ombudsman,man
7099,Bengt Rosén,Folkpartiet,Skaraborgs län,Enkammarriksdagen,1985,1988,företagare,man
7100,Bengt Silfverstrand,Socialdemokraterna,Malmöhus län,Enkammarriksdagen,1985,1988,företagsekonom,man
7101,Bengt Westerberg,Folkpartiet,Stockholms län,Enkammarriksdagen,1985,1988,partiordförande,man
7102,Bengt Wittbom,Moderata samlingspartiet,Örebro län,Enkammarriksdagen,1985,1988,platschef,man
7103,Berit Löfstedt,Socialdemokraterna,Östergötlands län,Enkammarriksdagen,1985,1988,ombudsman,
7104,Berit Oscarsson,Socialdemokraterna,Västmanlands län,Enkammarriksdagen,1985,1988,studiesekreterare,
7105,Berndt Ekholm,Socialdemokraterna,Älvsborgs läns södra,Enkammarriksdagen,1985,1988,arkitekt,
7106,Bertil Danielsson,Moderata samlingspartiet,Kalmar län,Enkammarriksdagen,1985,1988,lantbrukare,man
7107,Bertil Fiskesjö,Centern,Malmöhus län,Enkammarriksdagen,1985,1988,högskolelektor,man
7108,Bertil Jonasson,Centern,Värmlands län,Enkammarriksdagen,1985,1988,småbrukare,man
7109,Bertil Måbrink,Vänsterpartiet kommunisterna,Gävleborgs län,Enkammarriksdagen,1985,1988,ombudsman,man
7110,Birger Hagård,Moderata samlingspartiet,Östergötlands län,Enkammarriksdagen,1985,1988,universitetslektor,man
7111,Birger Rosqvist,Socialdemokraterna,Kalmar län,Enkammarriksdagen,1985,1988,mästerlots,man
7112,Birgit Friggebo,Folkpartiet,Stockholms kommun,Enkammarriksdagen,1985,1988,riksgäldsfullmäktig,
7113,Birgitta Dahl,Socialdemokraterna,Uppsala län,Enkammarriksdagen,1985,1988,statsråd,
7114,Birgitta Hambraeus,Centern,Kopparbergs län,Enkammarriksdagen,1985,1988,filosofie kandidat,
7115,Birgitta Johansson,Socialdemokraterna,Skaraborgs län,Enkammarriksdagen,1985,1988,metallarbetare,
7116,Birgitta Rydle,Moderata samlingspartiet,Stockholms län,Enkammarriksdagen,1985,1988,ämneslärare,
7117,Birthe Sörestedt,Socialdemokraterna,Fyrstadskretsen,Enkammarriksdagen,1985,1988,socionom,
7118,Björn Körlof,Moderata samlingspartiet,Kopparbergs län,Enkammarriksdagen,1985,1988,departementssekr.,man
7119,Björn Molin,Folkpartiet,Göteborgs kommun,Enkammarriksdagen,1985,1988,f.d. statsråd,man
7120,Björn Samuelson,Vänsterpartiet kommunisterna,Värmlands län,Enkammarriksdagen,1985,1988,lärare,man
7121,Blenda Littmarck,Moderata samlingspartiet,Stockholms kommun,Enkammarriksdagen,1985,1988,politiker,woman
7122,Bo Finnkvist,Socialdemokraterna,Värmlands län,Enkammarriksdagen,1985,1988,järnbruksarbetare,man
7123,Bo Forslund,Socialdemokraterna,Västernorrlands län,Enkammarriksdagen,1985,1988,ombudsman,man
7124,Bo Hammar,Vänsterpartiet kommunisterna,Stockholms kommun,Enkammarriksdagen,1985,1988,redaktör,man
7125,Bo Holmberg,Socialdemokraterna,Västernorrlands län,Enkammarriksdagen,1985,1988,statsråd,man
7126,Bo Lundgren,Moderata samlingspartiet,Kristianstads län,Enkammarriksdagen,1985,1988,civilekonom,man
7127,Bo Nilsson,Socialdemokraterna,Fyrstadskretsen,Enkammarriksdagen,1985,1988,kommunalråd,man
7128,Bo Södersten,Socialdemokraterna,Kopparbergs län,Enkammarriksdagen,1985,1988,professor,man
7129,Britta Bjelle,Folkpartiet,Norrbottens län,Enkammarriksdagen,1985,1988,distriktsåklagare,woman
7130,Britta Hammarbacken,Centern,Örebro län,Enkammarriksdagen,1985,1988,leg. sjuksköterska,woman
7131,Britta Sundin,Socialdemokraterna,Västernorrlands län,Enkammarriksdagen,1985,1988,kontorist,woman
7132,Bruno Poromaa,Socialdemokraterna,Norrbottens län,Enkammarriksdagen,1985,1988,gruvarbetare,man
7133,Börje Hörnlund,Centern,Västerbottens län,Enkammarriksdagen,1985,1988,skogsmästare,man
7134,Börje Nilsson,Socialdemokraterna,Kristianstads län,Enkammarriksdagen,1985,1988,socionom,man
7135,Börje Stensson,Folkpartiet,Östergötlands län,Enkammarriksdagen,1985,1988,rektor,man
7136,Carl Bildt,Moderata samlingspartiet,Stockholms kommun,Enkammarriksdagen,1985,1988,politiker,man
7137,Carl-Johan Wilson,Folkpartiet,Jönköpings län,Enkammarriksdagen,1985,1988,förlagsredaktör,man
7138,Catarina Rönnung,Socialdemokraterna,Jönköpings län,Enkammarriksdagen,1985,1988,folkhögskollärare,
7139,Charlotte Branting,Folkpartiet,Kronobergs län,Enkammarriksdagen,1985,1988,lärare,woman
7140,Christer Eirefelt,Folkpartiet,Hallands län,Enkammarriksdagen,1985,1988,byggnadstekniker,
7141,Christer Nilsson,Socialdemokraterna,Östergötlands län,Enkammarriksdagen,1985,1988,socionom,
7142,Christina Flink,Socialdemokraterna,Västerbottens län,Enkammarriksdagen,1985,1988,,woman
7143,Daniel Tarschys,Folkpartiet,Stockholms län,Enkammarriksdagen,1985,1988,professor,man
7144,Doris Håvik,Socialdemokraterna,Göteborgs kommun,Enkammarriksdagen,1985,1988,assistent,woman
7145,Egon Jacobsson,Socialdemokraterna,Malmöhus län,Enkammarriksdagen,1985,1988,ombudsman,man
7146,Elisabeth Fleetwood,Moderata samlingspartiet,Stockholms kommun,Enkammarriksdagen,1985,1988,adjunkt,woman
7147,Elver Jonsson,Folkpartiet,Älvsborgs läns norra,Enkammarriksdagen,1985,1988,brevbärare,
7148,Elving Andersson,Centern,Bohuslän,Enkammarriksdagen,1985,1988,ombudsman,
7149,Erik Holmkvist,Moderata samlingspartiet,Norrbottens län,Enkammarriksdagen,1985,1988,företagare,man
7150,Erik Hovhammar,Moderata samlingspartiet,Kronobergs län,Enkammarriksdagen,1985,1988,riksgäldsfullmäktig,man
7151,Erik Jansson,Socialdemokraterna,Värmlands län,Enkammarriksdagen,1985,1988,landstingsdirektör,man
7152,Erling Bager,Folkpartiet,Göteborgs kommun,Enkammarriksdagen,1985,1988,ingenjör,man
7153,Evert Hedberg,Socialdemokraterna,Hallands län,Enkammarriksdagen,1985,1988,ombudsman,man
7154,Evert Svensson,Socialdemokraterna,Bohuslän,Enkammarriksdagen,1985,1988,socionom,man
7155,Ewa Hedkvist Petersen,Socialdemokraterna,Norrbottens län,Enkammarriksdagen,1985,1988,familjerättssekreterare,
7156,Ewy Möller,Moderata samlingspartiet,Kalmar län,Enkammarriksdagen,1985,1988,,
7157,Filip Fridolfsson,Moderata samlingspartiet,Stockholms kommun,Enkammarriksdagen,1985,1988,fabrikör,man
7158,Georg Andersson,Socialdemokraterna,Västerbottens län,Enkammarriksdagen,1985,1988,rektor,man
7159,Gertrud Sigurdsen,Socialdemokraterna,Stockholms kommun,Enkammarriksdagen,1985,1988,statsråd,
7160,Grethe Lundblad,Socialdemokraterna,Fyrstadskretsen,Enkammarriksdagen,1985,1988,socialinspektör,
7161,Gudrun Norberg,Folkpartiet,Örebro län,Enkammarriksdagen,1985,1988,kommunalråd,
7162,Gullan Lindblad,Moderata samlingspartiet,Värmlands län,Enkammarriksdagen,1985,1988,sjuksköterska,
7163,Gunhild Bolander,Centern,Gotlands län,Enkammarriksdagen,1985,1988,ombudsman,
7164,Gunilla André,Centern,Skaraborgs län,Enkammarriksdagen,1985,1988,politiker,
7165,Gunnar Biörck,Moderata samlingspartiet,Stockholms län,Enkammarriksdagen,1985,1988,professor,man
7166,Gunnar Björk,Centern,Gävleborgs län,Enkammarriksdagen,1985,1988,bankkonsulent,man
7167,Gunnar Hökmark,Moderata samlingspartiet,Stockholms län,Enkammarriksdagen,1985,1988,civilekonom,man
7168,Gunnar Ström,Socialdemokraterna,Örebro län,Enkammarriksdagen,1985,1988,metallarbetare,man
7169,Gunnar Thollander,Socialdemokraterna,Uppsala län,Enkammarriksdagen,1985,1988,instruktör,man
7170,Gunnel Jonäng,Centern,Gävleborgs län,Enkammarriksdagen,1985,1988,studieinstruktör,
7171,Gunnel Liljegren,Moderata samlingspartiet,Stockholms län,Enkammarriksdagen,1985,1988,adjunkt,
7172,Gustav Persson,Socialdemokraterna,Uppsala län,Enkammarriksdagen,1985,1988,,man
7173,Göran Allmér,Moderata samlingspartiet,Södermanlands län,Enkammarriksdagen,1985,1988,rektor,man
7174,Göran Ericsson,Moderata samlingspartiet,Stockholms kommun,Enkammarriksdagen,1985,1988,kriminalinspektör,man
7175,Göran Magnusson,Socialdemokraterna,Västmanlands län,Enkammarriksdagen,1985,1988,kommunalråd,man
7176,Görel Bohlin,Moderata samlingspartiet,Stockholms län,Enkammarriksdagen,1985,1988,filosofie kandidat,
7177,Gösta Andersson,Centern,Kalmar län,Enkammarriksdagen,1985,1988,skogsbrukare,man
7178,Gösta Bohman,Moderata samlingspartiet,Stockholms kommun,Enkammarriksdagen,1985,1988,f.d. statsråd,man
7179,Göte Jonsson,Moderata samlingspartiet,Jönköpings län,Enkammarriksdagen,1985,1988,kriminalinspektör,man
7180,Göthe Knutson,Moderata samlingspartiet,Värmlands län,Enkammarriksdagen,1985,1988,redaktör,
7181,Hadar Cars,Folkpartiet,Stockholms kommun,Enkammarriksdagen,1985,1988,f.d. statsråd,
7182,Hans Dau,Moderata samlingspartiet,Västerbottens län,Enkammarriksdagen,1985,1988,hemmansägare,man
7183,Hans Gustafsson,Socialdemokraterna,Blekinge län,Enkammarriksdagen,1985,1988,statsråd,man
7184,Hans Göran Franck,Socialdemokraterna,Stockholms län,Enkammarriksdagen,1985,1988,advokat,man
7185,Hans Lindblad,Folkpartiet,Gävleborgs län,Enkammarriksdagen,1985,1988,redaktör,man
7186,Hans Nyhage,Moderata samlingspartiet,Älvsborgs läns södra,Enkammarriksdagen,1985,1988,rektor,man
7187,Hans Petersson,Folkpartiet,Malmöhus län,Enkammarriksdagen,1985,1988,folkskollärare,man
7188,Hans Petersson,Vänsterpartiet kommunisterna,Västmanlands län,Enkammarriksdagen,1985,1988,ombudsman,man
7189,Hans Pettersson,Socialdemokraterna,Fyrstadskretsen,Enkammarriksdagen,1985,1988,kranmaskinist,man
7190,Hans Rosengren,Socialdemokraterna,Värmlands län,Enkammarriksdagen,1985,1988,ombudsman,man
7191,Helge Hagberg,Socialdemokraterna,Örebro län,Enkammarriksdagen,1985,1988,kommunalråd,man
7192,Helge Klöver,Socialdemokraterna,Jönköpings län,Enkammarriksdagen,1985,1988,järnvägsexpeditör,man
7193,Hugo Bergdahl,Folkpartiet,Västmanlands län,Enkammarriksdagen,1985,1988,polis,man
7194,Hugo Hegeland,Moderata samlingspartiet,Göteborgs kommun,Enkammarriksdagen,1985,1988,f.d. professor,man
7195,Håkan Stjernlöf,Moderata samlingspartiet,Gävleborgs län,Enkammarriksdagen,1985,1988,boktryckare,man
7196,Håkan Strömberg,Socialdemokraterna,Örebro län,Enkammarriksdagen,1985,1988,metallarbetare,man
7197,Ing-Marie Hansson,Socialdemokraterna,Gävleborgs län,Enkammarriksdagen,1985,1988,sjuksköterska,
7198,Inga Lantz,Vänsterpartiet kommunisterna,Stockholms län,Enkammarriksdagen,1985,1988,industritjänsteman,
7199,Inga-Britt Johansson,Socialdemokraterna,Göteborgs kommun,Enkammarriksdagen,1985,1988,inspektör,
7200,Ingbritt Irhammar,Centern,Kristianstads län,Enkammarriksdagen,1985,1988,lågstadielärare,
7201,Inge Carlsson,Socialdemokraterna,Östergötlands län,Enkammarriksdagen,1985,1988,metallarbetare,
7202,Ingegerd Anderlund,Socialdemokraterna,Fyrstadskretsen,Enkammarriksdagen,1985,1988,vårdbiträde,
7203,Ingegerd Elm,Socialdemokraterna,Jönköpings län,Enkammarriksdagen,1985,1988,politiker,
7204,Ingegerd Troedsson,Moderata samlingspartiet,Uppsala län,Enkammarriksdagen,1985,1988,f.d. statsråd,
7205,Ingemar Eliasson,Folkpartiet,Stockholms län,Enkammarriksdagen,1985,1988,f.d. statsråd,man
7206,Ingemar Konradsson,Socialdemokraterna,Örebro län,Enkammarriksdagen,1985,1988,,man
7207,Ingemund Bengtsson,Socialdemokraterna,Hallands län,Enkammarriksdagen,1985,1988,f.d. statsråd,man
7208,Inger Hestvik,Socialdemokraterna,Kopparbergs län,Enkammarriksdagen,1985,1988,studierektor,
7209,Ingrid Andersson,Socialdemokraterna,Uppsala län,Enkammarriksdagen,1985,1988,sjuksköterska,woman
7210,Ingrid Hasselström Nyvall,Folkpartiet,Kalmar län,Enkammarriksdagen,1985,1988,civilekonom,woman
7211,Ingrid Hemmingsson,Moderata samlingspartiet,Jämtlands län,Enkammarriksdagen,1985,1988,hushållslärare,woman
7212,Ingrid Ronne-Björkqvist,Folkpartiet,Jönköpings län,Enkammarriksdagen,1985,1988,läkare,woman
7213,Ingrid Sundberg,Moderata samlingspartiet,Malmöhus län,Enkammarriksdagen,1985,1988,filosofie kandidat,woman
7214,Ingvar Björk,Socialdemokraterna,Östergötlands län,Enkammarriksdagen,1985,1988,folkhögskollärare,man
7215,Ingvar Carlsson,Socialdemokraterna,Stockholms län,Enkammarriksdagen,1985,1988,statsråd,man
7216,Ingvar Eriksson,Moderata samlingspartiet,Kristianstads län,Enkammarriksdagen,1985,1988,lantbrukare,man
7217,Ingvar Johnsson,Socialdemokraterna,Älvsborgs läns norra,Enkammarriksdagen,1985,1988,studiesekreterare,man
7218,Ingvar Karlsson,Centern,Älvsborgs läns norra,Enkammarriksdagen,1985,1988,fabriksarbetare,man
7219,Iris Mårtensson,Socialdemokraterna,Gävleborgs län,Enkammarriksdagen,1985,1988,studieombudsman,woman
7220,Iréne Vestlund,Socialdemokraterna,Kopparbergs län,Enkammarriksdagen,1985,1988,sjukvårdslärare,
7221,Ivar Franzén,Centern,Hallands län,Enkammarriksdagen,1985,1988,lantmästare,man
7222,Ivar Nordberg,Socialdemokraterna,Stockholms län,Enkammarriksdagen,1985,1988,byggnadssnickare,man
7223,Ivar Virgin,Moderata samlingspartiet,Skaraborgs län,Enkammarriksdagen,1985,1988,civilekonom,man
7224,Jan Bergqvist,Socialdemokraterna,Göteborgs kommun,Enkammarriksdagen,1985,1988,sekreterare,man
7225,Jan Fransson,Socialdemokraterna,Skaraborgs län,Enkammarriksdagen,1985,1988,byrådirektör,man
7226,Jan Hyttring,Centern,Värmlands län,Enkammarriksdagen,1985,1988,ingenjör,man
7227,Jan-Erik Wikström,Folkpartiet,Stockholms kommun,Enkammarriksdagen,1985,1988,f.d. statsråd,
7228,Jens Eriksson,Moderata samlingspartiet,Bohuslän,Enkammarriksdagen,1985,1988,ombudsman,man
7229,John Andersson,Vänsterpartiet kommunisterna,Västerbottens län,Enkammarriksdagen,1985,1988,skogsarbetare,man
7230,John Johnsson,Socialdemokraterna,Malmöhus län,Enkammarriksdagen,1985,1988,ombudsman,man
7231,Johnny Ahlqvist,Socialdemokraterna,Kristianstads län,Enkammarriksdagen,1985,1988,ombudsman,man
7232,Jörgen Ullenhag,Folkpartiet,Uppsala län,Enkammarriksdagen,1985,1988,byråchef,man
7233,Jörn Svensson,Vänsterpartiet kommunisterna,Fyrstadskretsen,Enkammarriksdagen,1985,1988,författare,
7234,Kaj Larsson,Socialdemokraterna,Kristianstads län,Enkammarriksdagen,1985,1988,inköpare,man
7235,Karin Ahrland,Folkpartiet,Fyrstadskretsen,Enkammarriksdagen,1985,1988,f.d. statsråd,woman
7236,Karin Israelsson,Centern,Västerbottens län,Enkammarriksdagen,1985,1988,distriktssköterska,woman
7237,Karin Söder,Centern,Stockholms län,Enkammarriksdagen,1985,1988,f.d. statsråd,woman
7238,Karl Björzén,Moderata samlingspartiet,Västmanlands län,Enkammarriksdagen,1985,1988,bergsingenjör,man
7239,Karl Boo,Centern,Kopparbergs län,Enkammarriksdagen,1985,1988,f.d. statsråd,man
7240,Karl Erik Eriksson,Folkpartiet,Värmlands län,Enkammarriksdagen,1985,1988,lantbrukare,man
7241,Karl Erik Olsson,Centern,Kristianstads län,Enkammarriksdagen,1985,1988,lantbrukare,man
7242,Karl-Anders Petersson,Centern,Blekinge län,Enkammarriksdagen,1985,1988,bankkamrer,
7243,Karl-Erik Persson,Vänsterpartiet kommunisterna,Örebro län,Enkammarriksdagen,1985,1988,politiker,
7244,Karl-Erik Svartberg,Socialdemokraterna,Bohuslän,Enkammarriksdagen,1985,1988,rektor,
7245,Karl-Göran Biörsmark,Folkpartiet,Östergötlands län,Enkammarriksdagen,1985,1988,adjunkt,
7246,Karl-Gösta Svenson,Moderata samlingspartiet,Blekinge län,Enkammarriksdagen,1985,1988,skattedirektör,
7247,Kenth Skårvik,Folkpartiet,Bohuslän,Enkammarriksdagen,1985,1988,distriktschef,
7248,Kersti Johansson,Centern,Jönköpings län,Enkammarriksdagen,1985,1988,lantbrukare,
7249,Kerstin Ekman,Folkpartiet,Göteborgs kommun,Enkammarriksdagen,1985,1988,ingenjör,woman
7250,Kerstin Gellerman,Folkpartiet,Älvsborgs läns norra,Enkammarriksdagen,1985,1988,farmaceut,woman
7251,Kerstin Göthberg,Centern,Västmanlands län,Enkammarriksdagen,1985,1988,lantbrukare,woman
7252,Kjell A. Mattsson,Centern,Bohuslän,Enkammarriksdagen,1985,1988,politiker,man
7253,Kjell Johansson,Folkpartiet,Södermanlands län,Enkammarriksdagen,1985,1988,fabrikör,man
7254,Kjell Nilsson,Socialdemokraterna,Kronobergs län,Enkammarriksdagen,1985,1988,metallarbetare,man
7255,Kjell Nordström,Socialdemokraterna,Skaraborgs län,Enkammarriksdagen,1985,1988,metallarbetare,man
7256,Kjell-Arne Welin,Folkpartiet,Fyrstadskretsen,Enkammarriksdagen,1985,1988,arbetsförmedlare,
7257,Kjell-Olof Feldt,Socialdemokraterna,Kopparbergs län,Enkammarriksdagen,1985,1988,statsråd,
7258,Knut Billing,Moderata samlingspartiet,Stockholms län,Enkammarriksdagen,1985,1988,politisk sekreterare,man
7259,Knut Wachtmeister,Moderata samlingspartiet,Malmöhus län,Enkammarriksdagen,1985,1988,lantmästare,man
7260,Kristina Svensson,Socialdemokraterna,Värmlands län,Enkammarriksdagen,1985,1988,rektor,woman
7261,Kurt Hugosson,Socialdemokraterna,Göteborgs kommun,Enkammarriksdagen,1985,1988,avdelningschef,man
7262,Kurt Ove Johansson,Socialdemokraterna,Fyrstadskretsen,Enkammarriksdagen,1985,1988,ombudsman,man
7263,Lahja Exner,Socialdemokraterna,Älvsborgs läns södra,Enkammarriksdagen,1985,1988,textilarbeterska,
7264,Lars Ahlmark,Moderata samlingspartiet,Uppsala län,Enkammarriksdagen,1985,1988,styrelseledamot,man
7265,Lars Ahlström,Moderata samlingspartiet,Göteborgs kommun,Enkammarriksdagen,1985,1988,konditor,man
7266,Lars De Geer,Folkpartiet,Kopparbergs län,Enkammarriksdagen,1985,1988,f.d. statsråd,man
7267,Lars Ernestam,Folkpartiet,Örebro län,Enkammarriksdagen,1985,1988,kulturchef,man
7268,Lars Gustafsson,Socialdemokraterna,Stockholms län,Enkammarriksdagen,1985,1988,sociolog,man
7269,Lars Hedfors,Socialdemokraterna,Kronobergs län,Enkammarriksdagen,1985,1988,politiker,man
7270,Lars Leijonborg,Folkpartiet,Stockholms län,Enkammarriksdagen,1985,1988,konsult,man
7271,Lars Nordström,Folkpartiet,Göteborgs kommun,Enkammarriksdagen,1985,1988,politiker,man
7272,Lars Sundin,Folkpartiet,Älvsborgs läns södra,Enkammarriksdagen,1985,1988,adjunkt,man
7273,Lars Svensson,Socialdemokraterna,Hallands län,Enkammarriksdagen,1985,1988,kontorsföreståndare,man
7274,Lars Tobisson,Moderata samlingspartiet,Göteborgs kommun,Enkammarriksdagen,1985,1988,filosofie doktor,man
7275,Lars Ulander,Socialdemokraterna,Stockholms kommun,Enkammarriksdagen,1985,1988,ombudsman,man
7276,Lars Werner,Vänsterpartiet kommunisterna,Stockholms kommun,Enkammarriksdagen,1985,1988,ombudsman,man
7277,Lars-Erik Lövdén,Socialdemokraterna,Fyrstadskretsen,Enkammarriksdagen,1985,1988,sekreterare,
7278,Lars-Ove Hagberg,Vänsterpartiet kommunisterna,Kopparbergs län,Enkammarriksdagen,1985,1988,järnbruksarbetare,
7279,Larz Johansson,Centern,Södermanlands län,Enkammarriksdagen,1985,1988,lantbrukare,
7280,Leif Marklund,Socialdemokraterna,Norrbottens län,Enkammarriksdagen,1985,1988,ombudsman,man
7281,Leif Olsson,Folkpartiet,Bohuslän,Enkammarriksdagen,1985,1988,bankkamrer,man
7282,Lena Hjelm-Wallén,Socialdemokraterna,Västmanlands län,Enkammarriksdagen,1985,1988,statsråd,woman
7283,Lena Öhrsvik,Socialdemokraterna,Kalmar län,Enkammarriksdagen,1985,1988,kurator,woman
7284,Lennart Alsén,Folkpartiet,Blekinge län,Enkammarriksdagen,1985,1988,skolledare,man
7285,Lennart Andersson,Socialdemokraterna,Stockholms län,Enkammarriksdagen,1985,1988,studieombudsman,man
7286,Lennart Blom,Moderata samlingspartiet,Stockholms kommun,Enkammarriksdagen,1985,1988,juris kandidatexamen,man
7287,Lennart Brunander,Centern,Älvsborgs läns södra,Enkammarriksdagen,1985,1988,lantbrukare,man
7288,Lennart Holmsten,Socialdemokraterna,Gävleborgs län,Enkammarriksdagen,1985,1988,kommunalråd,man
7289,Lennart Nilsson,Socialdemokraterna,Bohuslän,Enkammarriksdagen,1985,1988,byggnadssnickare,man
7290,Lennart Pettersson,Socialdemokraterna,Fyrstadskretsen,Enkammarriksdagen,1985,1988,civilekonom,man
7291,Lilly Hansson,Socialdemokraterna,Västerbottens län,Enkammarriksdagen,1985,1988,sjukvårdare,woman
7292,Lisbet Calner,Socialdemokraterna,Bohuslän,Enkammarriksdagen,1985,1988,postexpeditör,
7293,Magnus Persson,Socialdemokraterna,Värmlands län,Enkammarriksdagen,1985,1988,ombudsman,man
7294,Maj Britt Theorin,Socialdemokraterna,Stockholms kommun,Enkammarriksdagen,1985,1988,ambassadör,woman
7295,Maj-Lis Landberg,Socialdemokraterna,Östergötlands län,Enkammarriksdagen,1985,1988,riksgäldsfullmäktig,
7296,Maj-Lis Lööw,Socialdemokraterna,Södermanlands län,Enkammarriksdagen,1985,1988,arbetsförmedlare,
7297,Maja Bäckström,Socialdemokraterna,Kristianstads län,Enkammarriksdagen,1985,1988,politiker,woman
7298,Margareta Andrén,Folkpartiet,Stockholms kommun,Enkammarriksdagen,1985,1988,kurator,
7299,Margareta Fogelberg,Folkpartiet,Hallands län,Enkammarriksdagen,1985,1988,inredningsarkitekt,
7300,Margareta Gard,Moderata samlingspartiet,Kopparbergs län,Enkammarriksdagen,1985,1988,politiker,
7301,Margareta Hemmingsson,Socialdemokraterna,Västmanlands län,Enkammarriksdagen,1985,1988,lågstadielärare,
7302,Margareta Mörck,Folkpartiet,Kristianstads län,Enkammarriksdagen,1985,1988,bibliotekarie,
7303,Margareta Palmqvist,Socialdemokraterna,Stockholms län,Enkammarriksdagen,1985,1988,barnmorska,
7304,Margareta Winberg,Socialdemokraterna,Jämtlands län,Enkammarriksdagen,1985,1988,lärare,
7305,Margaretha af Ugglas,Moderata samlingspartiet,Stockholms kommun,Enkammarriksdagen,1985,1988,civilekonom,
7306,Margit Gennser,Moderata samlingspartiet,Fyrstadskretsen,Enkammarriksdagen,1985,1988,civilekonom,
7307,Margit Sandéhn,Socialdemokraterna,Malmöhus län,Enkammarriksdagen,1985,1988,textillärare,
7308,Margitta Edgren,Folkpartiet,Fyrstadskretsen,Enkammarriksdagen,1985,1988,förlagschef,
7309,Margó Ingvardsson,Vänsterpartiet kommunisterna,Stockholms kommun,Enkammarriksdagen,1985,1988,sjukgymnast,
7310,Maria Leissner,Folkpartiet,Stockholms kommun,Enkammarriksdagen,1985,1988,sekreterare,woman
7311,Marianne Andersson,Centern,Älvsborgs läns norra,Enkammarriksdagen,1985,1988,ekonom,
7312,Marianne Karlsson,Centern,Östergötlands län,Enkammarriksdagen,1985,1988,politiker,
7313,Marianne Stålberg,Socialdemokraterna,Jämtlands län,Enkammarriksdagen,1985,1988,skolkurator,
7314,Marita Bengtsson,Socialdemokraterna,Södermanlands län,Enkammarriksdagen,1985,1988,inspektör,
7315,Martin Olsson,Centern,Västernorrlands län,Enkammarriksdagen,1985,1988,bankkamrer,man
7316,Martin Segerstedt,Socialdemokraterna,Västernorrlands län,Enkammarriksdagen,1985,1988,arbetsförmedlare,man
7317,Mats Hellström,Socialdemokraterna,Stockholms kommun,Enkammarriksdagen,1985,1988,statsråd,man
7318,Maud Björnemalm,Socialdemokraterna,Örebro län,Enkammarriksdagen,1985,1988,kommunalråd,
7319,Mona Sahlin,Socialdemokraterna,Stockholms län,Enkammarriksdagen,1985,1988,sekreterare,woman
7320,Monica Andersson,Socialdemokraterna,Stockholms kommun,Enkammarriksdagen,1985,1988,statssekreterare,
7321,Monica Öhman,Socialdemokraterna,Norrbottens län,Enkammarriksdagen,1985,1988,undersköterska,
7322,Nic Grönvall,Moderata samlingspartiet,Hallands län,Enkammarriksdagen,1985,1988,advokat,
7323,Nils Berndtson,Vänsterpartiet kommunisterna,Östergötlands län,Enkammarriksdagen,1985,1988,ombudsman,man
7324,Nils Carlshamre,Moderata samlingspartiet,Bohuslän,Enkammarriksdagen,1985,1988,lektor,man
7325,Nils Erik Wååg,Socialdemokraterna,Kristianstads län,Enkammarriksdagen,1985,1988,byggnadsingenjör,man
7326,Nils Nordh,Socialdemokraterna,Jönköpings län,Enkammarriksdagen,1985,1988,metallarbetare,man
7327,Nils T. Svensson,Socialdemokraterna,Fyrstadskretsen,Enkammarriksdagen,1985,1988,ombudsman,man
7328,Nils Åsling,Centern,Jämtlands län,Enkammarriksdagen,1985,1988,f.d. statsråd,man
7329,Nils-Olof Gustafsson,Socialdemokraterna,Jämtlands län,Enkammarriksdagen,1985,1988,ombudsman,
7330,Olle Aulin,Moderata samlingspartiet,Fyrstadskretsen,Enkammarriksdagen,1985,1988,försvarsdirektör,man
7331,Olle Grahn,Folkpartiet,Skaraborgs län,Enkammarriksdagen,1985,1988,fabrikör,man
7332,Olle Göransson,Socialdemokraterna,Västmanlands län,Enkammarriksdagen,1985,1988,verkmästare,man
7333,Olle Svensson,Socialdemokraterna,Södermanlands län,Enkammarriksdagen,1985,1988,chefredaktör,man
7334,Olle Westberg,Socialdemokraterna,Gävleborgs län,Enkammarriksdagen,1985,1988,svarvare,man
7335,Olle Östrand,Socialdemokraterna,Gävleborgs län,Enkammarriksdagen,1985,1988,mätningsföreståndare,man
7336,Olof Johansson,Centern,Stockholms kommun,Enkammarriksdagen,1985,1988,f.d. statsråd,man
7337,Olof Palme,Socialdemokraterna,Stockholms kommun,Enkammarriksdagen,1985,1988,statsråd,man
7338,Oskar Lindkvist,Socialdemokraterna,Stockholms kommun,Enkammarriksdagen,1985,1988,organisationschef,man
7339,Oswald Söderqvist,Vänsterpartiet kommunisterna,Uppsala län,Enkammarriksdagen,1985,1988,byråsekreterare,
7340,Ove Karlsson,Socialdemokraterna,Kopparbergs län,Enkammarriksdagen,1985,1988,skogsarbetare,man
7341,Owe Andréasson,Socialdemokraterna,Hallands län,Enkammarriksdagen,1985,1988,verktygsmakare,
7342,Paul Lestander,Vänsterpartiet kommunisterna,Norrbottens län,Enkammarriksdagen,1985,1988,skogsarbetare,man
7343,Per Olof Håkansson,Socialdemokraterna,Malmöhus län,Enkammarriksdagen,1985,1988,byggnadsingenjör,man
7344,Per Stenmarck,Moderata samlingspartiet,Malmöhus län,Enkammarriksdagen,1985,1988,tjänsteman,man
7345,Per Unckel,Moderata samlingspartiet,Östergötlands län,Enkammarriksdagen,1985,1988,politiker,man
7346,Per Westerberg,Moderata samlingspartiet,Södermanlands län,Enkammarriksdagen,1985,1988,civilekonom,man
7347,Per-Ola Eriksson,Centern,Norrbottens län,Enkammarriksdagen,1985,1988,ombudsman,
7348,Per-Olof Strindberg,Moderata samlingspartiet,Östergötlands län,Enkammarriksdagen,1985,1988,länsombudsman,
7349,Per-Richard Molén,Moderata samlingspartiet,Västernorrlands län,Enkammarriksdagen,1985,1988,företagare,
7350,Pär Granstedt,Centern,Stockholms län,Enkammarriksdagen,1985,1988,filosofie kandidat,man
7351,Ralf Lindström,Socialdemokraterna,Blekinge län,Enkammarriksdagen,1985,1988,ombudsman,man
7352,Roine Carlsson,Socialdemokraterna,Värmlands län,Enkammarriksdagen,1985,1988,statsråd,
7353,Roland Brännström,Socialdemokraterna,Västerbottens län,Enkammarriksdagen,1985,1988,verkmästare,man
7354,Roland Sundgren,Socialdemokraterna,Västmanlands län,Enkammarriksdagen,1985,1988,ombudsman,man
7355,Rolf Clarkson,Moderata samlingspartiet,Fyrstadskretsen,Enkammarriksdagen,1985,1988,direktör,man
7356,Rolf Dahlberg,Moderata samlingspartiet,Gävleborgs län,Enkammarriksdagen,1985,1988,yrkesvalslärare,man
7357,Rolf Kenneryd,Centern,Hallands län,Enkammarriksdagen,1985,1988,skogsinspektor,man
7358,Rosa Östh,Centern,Uppsala län,Enkammarriksdagen,1985,1988,lantbrukare,woman
7359,Rune Backlund,Centern,Jönköpings län,Enkammarriksdagen,1985,1988,ombudsman,man
7360,Rune Evensson,Socialdemokraterna,Älvsborgs läns norra,Enkammarriksdagen,1985,1988,politiker,man
7361,Rune Gustavsson,Centern,Kronobergs län,Enkammarriksdagen,1985,1988,f.d. statsråd,man
7362,Rune Johansson,Socialdemokraterna,Älvsborgs läns norra,Enkammarriksdagen,1985,1988,verkmästare,man
7363,Rune Jonsson,Socialdemokraterna,Västernorrlands län,Enkammarriksdagen,1985,1988,elektriker,man
7364,Rune Rydén,Moderata samlingspartiet,Fyrstadskretsen,Enkammarriksdagen,1985,1988,filosofie licentiat,man
7365,Rune Thorén,Centern,Göteborgs kommun,Enkammarriksdagen,1985,1988,socionom,man
7366,Rune Ångström,Folkpartiet,Västerbottens län,Enkammarriksdagen,1985,1988,direktör,man
7367,Sigge Godin,Folkpartiet,Västernorrlands län,Enkammarriksdagen,1985,1988,förste inspektör,man
7368,Siri Häggmark,Moderata samlingspartiet,Bohuslän,Enkammarriksdagen,1985,1988,distriktssköterska,woman
7369,Sivert Andersson,Socialdemokraterna,Stockholms kommun,Enkammarriksdagen,1985,1988,metallarbetare,man
7370,Siw Persson,Folkpartiet,Malmöhus län,Enkammarriksdagen,1985,1988,gymnasieekonom,
7371,Sonja Rembo,Moderata samlingspartiet,Göteborgs kommun,Enkammarriksdagen,1985,1988,sekreterare,woman
7372,Staffan Burenstam Linder,Moderata samlingspartiet,Stockholms län,Enkammarriksdagen,1985,1988,ekonom,man
7373,Sten Andersson,Socialdemokraterna,Stockholms kommun,Enkammarriksdagen,1985,1988,statsråd,man
7374,Sten Andersson,Moderata samlingspartiet,Fyrstadskretsen,Enkammarriksdagen,1985,1988,varvsarbetare,man
7375,Sten Sture Paterson,Moderata samlingspartiet,Älvsborgs läns norra,Enkammarriksdagen,1985,1988,filosofie doktor,man
7376,Sten Svensson,Moderata samlingspartiet,Skaraborgs län,Enkammarriksdagen,1985,1988,informationschef,man
7377,Sten Östlund,Socialdemokraterna,Göteborgs kommun,Enkammarriksdagen,1985,1988,metallarbetare,man
7378,Sten-Ove Sundström,Socialdemokraterna,Norrbottens län,Enkammarriksdagen,1985,1988,järnverksarbetare,
7379,Stig Alemyr,Socialdemokraterna,Kalmar län,Enkammarriksdagen,1985,1988,rektor,man
7380,Stig Josefsson,Centern,Malmöhus län,Enkammarriksdagen,1985,1988,lantbrukare,man
7381,Stig Rindborg,Moderata samlingspartiet,Stockholms län,Enkammarriksdagen,1985,1988,advokat,man
7382,Sture Ericson,Socialdemokraterna,Örebro län,Enkammarriksdagen,1985,1988,redaktör,man
7383,Sture Thun,Socialdemokraterna,Östergötlands län,Enkammarriksdagen,1985,1988,elmästare,man
7384,Svante Lundkvist,Socialdemokraterna,Södermanlands län,Enkammarriksdagen,1985,1988,statsråd,man
7385,Sven Eric Lorentzon,Moderata samlingspartiet,Hallands län,Enkammarriksdagen,1985,1988,lantbrukare,man
7386,Sven Henricsson,Vänsterpartiet kommunisterna,Västernorrlands län,Enkammarriksdagen,1985,1988,,man
7387,Sven Hulterström,Socialdemokraterna,Göteborgs kommun,Enkammarriksdagen,1985,1988,statsråd,man
7388,Sven Lundberg,Socialdemokraterna,Västernorrlands län,Enkammarriksdagen,1985,1988,ombudsman,man
7389,Sven Munke,Moderata samlingspartiet,Fyrstadskretsen,Enkammarriksdagen,1985,1988,lantbrukare,man
7390,Sven-Gösta Signell,Socialdemokraterna,Skaraborgs län,Enkammarriksdagen,1985,1988,ombudsman,
7391,Sverre Palm,Socialdemokraterna,Bohuslän,Enkammarriksdagen,1985,1988,järnvägstjänsteman,
7392,Sylvia Pettersson,Socialdemokraterna,Stockholms län,Enkammarriksdagen,1985,1988,kontorist,
7393,Sören Lekberg,Socialdemokraterna,Stockholms län,Enkammarriksdagen,1985,1988,ombudsman,man
7394,Thage G. Peterson,Socialdemokraterna,Stockholms län,Enkammarriksdagen,1985,1988,statsråd,
7395,Thorbjörn Fälldin,Centern,Västernorrlands län,Enkammarriksdagen,1985,1988,lantbrukare,
7396,Tommy Franzén,Vänsterpartiet kommunisterna,Stockholms län,Enkammarriksdagen,1985,1988,elektriker,man
7397,Tore Claeson,Vänsterpartiet kommunisterna,Stockholms län,Enkammarriksdagen,1985,1988,hyresgästombudsman,man
7398,Torsten Karlsson,Socialdemokraterna,Östergötlands län,Enkammarriksdagen,1985,1988,metallarbetare,
7399,Ulf Adelsohn,Moderata samlingspartiet,Stockholms kommun,Enkammarriksdagen,1985,1988,f.d. statsråd,man
7400,Ulf Lönnqvist,Socialdemokraterna,Stockholms län,Enkammarriksdagen,1985,1988,statssekreterare,man
7401,Ulla Johansson,Socialdemokraterna,Kronobergs län,Enkammarriksdagen,1985,1988,lågstadielärare,
7402,Ulla Orring,Folkpartiet,Västerbottens län,Enkammarriksdagen,1985,1988,fru,
7403,Ulla Pettersson,Socialdemokraterna,Gotlands län,Enkammarriksdagen,1985,1988,socialsekreterare,
7404,Ulla Tillander,Centern,Fyrstadskretsen,Enkammarriksdagen,1985,1988,ämneslärare,
7405,Viola Claesson,Vänsterpartiet kommunisterna,Göteborgs kommun,Enkammarriksdagen,1985,1988,bibliotekarie,woman
7406,Viola Furubjelke,Socialdemokraterna,Östergötlands län,Enkammarriksdagen,1985,1988,utredningssekreterare,woman
7407,Wiggo Komstedt,Moderata samlingspartiet,Kristianstads län,Enkammarriksdagen,1985,1988,försäljningschef,
7408,Wivi-Anne Cederqvist,Socialdemokraterna,Gävleborgs län,Enkammarriksdagen,1985,1988,arbetsförmedlare,
7409,Wivi-Anne Radesjö,Socialdemokraterna,Älvsborgs läns norra,Enkammarriksdagen,1985,1988,,
7410,Ylva Annerstedt,Folkpartiet,Stockholms län,Enkammarriksdagen,1985,1988,lärare,woman
7411,Yngve Nyquist,Socialdemokraterna,Kopparbergs län,Enkammarriksdagen,1985,1988,personalintendent,man
7412,Yvonne Sandberg-Fries,Socialdemokraterna,Blekinge län,Enkammarriksdagen,1985,1988,avdelningschef,
7413,Åke Gustavsson,Socialdemokraterna,Jönköpings län,Enkammarriksdagen,1985,1988,redaktör,man
7414,Åke Selberg,Socialdemokraterna,Norrbottens län,Enkammarriksdagen,1985,1988,hemmansägare,man
7415,Åsa Strömbäck-Norrman,Socialdemokraterna,Norrbottens län,Enkammarriksdagen,1985,1988,,woman
7416,Agne Hansson,Centerpartiet,Kalmar län,Enkammarriksdagen,1988,1991,ämneslärare,
7417,Aina Westin,Socialdemokraterna,Stockholms län,Enkammarriksdagen,1988,1991,ombudsman,woman
7418,Alexander Chrisopoulos,Vänsterpartiet kommunisterna,Göteborgs kommun,Enkammarriksdagen,1988,1991,truckförare,man
7419,Alf Wennerfors,Moderata samlingspartiet,Stockholms län,Enkammarriksdagen,1988,1991,fondsekreterare,man
7420,Allan Ekström,Moderata samlingspartiet,Stockholms län,Enkammarriksdagen,1988,1991,hovrättsråd,man
7421,Anders Andersson,Moderata samlingspartiet,Västmanlands län,Enkammarriksdagen,1988,1991,,man
7422,Anders Björck,Moderata samlingspartiet,Jönköpings län,Enkammarriksdagen,1988,1991,vice ordförande i KU,man
7423,Anders Castberger,Folkpartiet,Älvsborgs läns norra,Enkammarriksdagen,1988,1991,riksombudsman,man
7424,Anders Högmark,Moderata samlingspartiet,Kronobergs län,Enkammarriksdagen,1988,1991,civilekonom,man
7425,Anders Nilsson,Socialdemokraterna,Skaraborgs län,Enkammarriksdagen,1988,1991,arbetsförmedlare,man
7426,Anders Svärd,Centerpartiet,Örebro län,Enkammarriksdagen,1988,1991,vägmästare,man
7427,Anita Gradin,Socialdemokraterna,Stockholms kommun,Enkammarriksdagen,1988,1991,statsråd,woman
7428,Anita Johansson,Socialdemokraterna,Stockholms län,Enkammarriksdagen,1988,1991,undersköterska,woman
7429,Anita Jönsson,Socialdemokraterna,Malmöhus län,Enkammarriksdagen,1988,1991,lågstadielärare,woman
7430,Anita Modin,Socialdemokraterna,Stockholms kommun,Enkammarriksdagen,1988,1991,förbundssekreterare,woman
7431,Anita Persson,Socialdemokraterna,Södermanlands län,Enkammarriksdagen,1988,1991,socialkamrer,woman
7432,Anita Stenberg,Miljöpartiet de Gröna,Fyrstadskretsen,Enkammarriksdagen,1988,1991,tandläkare,woman
7433,Ann-Cathrine Haglund,Moderata samlingspartiet,Örebro län,Enkammarriksdagen,1988,1991,adjunkt,
7434,Anna Horn af Rantzien,Miljöpartiet de Gröna,Stockholms län,Enkammarriksdagen,1988,1991,författare,woman
7435,Anna Wohlin-Andersson,Centerpartiet,Östergötlands län,Enkammarriksdagen,1988,1991,lantbrukare,woman
7436,Anna-Greta Leijon,Socialdemokraterna,Stockholms län,Enkammarriksdagen,1988,1991,f.d. statsråd,
7437,Anne Wibble,Folkpartiet,Stockholms län,Enkammarriksdagen,1988,1991,riksgäldsfullmäktig,
7438,Annika Åhnberg,Vänsterpartiet kommunisterna,Stockholms län,Enkammarriksdagen,1988,1991,socionom,woman
7439,Arne Andersson,Socialdemokraterna,Kalmar län,Enkammarriksdagen,1988,1991,inspektör,man
7440,Arne Andersson,Moderata samlingspartiet,Älvsborgs läns norra,Enkammarriksdagen,1988,1991,lantbrukare,man
7441,Arne Gadd,Socialdemokraterna,Uppsala län,Enkammarriksdagen,1988,1991,revisionsdirektör,man
7442,Arne Kjörnsberg,Socialdemokraterna,Älvsborgs läns södra,Enkammarriksdagen,1988,1991,ombudsman,man
7443,Arne Mellqvist,Socialdemokraterna,Kopparbergs län,Enkammarriksdagen,1988,1991,kanslichef,man
7444,Axel Andersson,Socialdemokraterna,Gävleborgs län,Enkammarriksdagen,1988,1991,kronojägare,man
7445,Barbro Sandberg,Folkpartiet,Uppsala län,Enkammarriksdagen,1988,1991,lärare,
7446,Barbro Westerholm,Folkpartiet,Stockholms kommun,Enkammarriksdagen,1988,1991,f.d. generaldirektör,
7447,Beatrice Ask,Moderata samlingspartiet,Stockholms kommun,Enkammarriksdagen,1988,1991,ordförande MUF,woman
7448,Bengt Göransson,Socialdemokraterna,Göteborgs kommun,Enkammarriksdagen,1988,1991,statsråd,man
7449,Bengt Harding Olson,Folkpartiet,Kristianstads län,Enkammarriksdagen,1988,1991,chefsåklagare,man
7450,Bengt Kindbom,Centerpartiet,Skaraborgs län,Enkammarriksdagen,1988,1991,sekreterare,man
7451,Bengt Kronblad,Socialdemokraterna,Kalmar län,Enkammarriksdagen,1988,1991,ombudsman,man
7452,Bengt Lindqvist,Socialdemokraterna,Stockholms kommun,Enkammarriksdagen,1988,1991,statsråd,man
7453,Bengt Rosén,Folkpartiet,Skaraborgs län,Enkammarriksdagen,1988,1991,företagare,man
7454,Bengt Silfverstrand,Socialdemokraterna,Malmöhus län,Enkammarriksdagen,1988,1991,företagsekonom,man
7455,Bengt Westerberg,Folkpartiet,Stockholms län,Enkammarriksdagen,1988,1991,partiordförande,man
7456,Bengt-Ola Ryttar,Socialdemokraterna,Kopparbergs län,Enkammarriksdagen,1988,1991,ombudsman,
7457,Berit Löfstedt,Socialdemokraterna,Östergötlands län,Enkammarriksdagen,1988,1991,ombudsman,
7458,Berit Oscarsson,Socialdemokraterna,Västmanlands län,Enkammarriksdagen,1988,1991,studiesekreterare,
7459,Berith Eriksson,Vänsterpartiet kommunisterna,Uppsala län,Enkammarriksdagen,1988,1991,förskollärare,
7460,Berndt Ekholm,Socialdemokraterna,Älvsborgs läns södra,Enkammarriksdagen,1988,1991,planeringssekreterare,
7461,Bertil Danielsson,Moderata samlingspartiet,Kalmar län,Enkammarriksdagen,1988,1991,lantbrukare,man
7462,Bertil Fiskesjö,Centerpartiet,Malmöhus län,Enkammarriksdagen,1988,1991,högskolelektor,man
7463,Bertil Måbrink,Vänsterpartiet kommunisterna,Gävleborgs län,Enkammarriksdagen,1988,1991,ombudsman,man
7464,Bertil Persson,Moderata samlingspartiet,Fyrstadskretsen,Enkammarriksdagen,1988,1991,biträdande överläkare,man
7465,Birger Andersson,Centerpartiet,Västmanlands län,Enkammarriksdagen,1988,1991,rektor,man
7466,Birger Hagård,Moderata samlingspartiet,Östergötlands län,Enkammarriksdagen,1988,1991,högskolelektor,man
7467,Birger Rosqvist,Socialdemokraterna,Kalmar län,Enkammarriksdagen,1988,1991,mästerlots,man
7468,Birgit Friggebo,Folkpartiet,Stockholms kommun,Enkammarriksdagen,1988,1991,f.d. statsråd,
7469,Birgitta Dahl,Socialdemokraterna,Uppsala län,Enkammarriksdagen,1988,1991,statsråd,
7470,Birgitta Hambraeus,Centerpartiet,Kopparbergs län,Enkammarriksdagen,1988,1991,filosofie kandidat,
7471,Birgitta Johansson,Socialdemokraterna,Skaraborgs län,Enkammarriksdagen,1988,1991,metallarbetare,
7472,Birthe Sörestedt,Socialdemokraterna,Fyrstadskretsen,Enkammarriksdagen,1988,1991,socionom,
7473,Björn Körlof,Moderata samlingspartiet,Kopparbergs län,Enkammarriksdagen,1988,1991,departementssekr.,man
7474,Björn Samuelson,Vänsterpartiet kommunisterna,Värmlands län,Enkammarriksdagen,1988,1991,maskinist,man
7475,Bo Finnkvist,Socialdemokraterna,Värmlands län,Enkammarriksdagen,1988,1991,järnbruksarbetare,man
7476,Bo Forslund,Socialdemokraterna,Västernorrlands län,Enkammarriksdagen,1988,1991,ombudsman,man
7477,Bo Hammar,Vänsterpartiet kommunisterna,Stockholms kommun,Enkammarriksdagen,1988,1991,redaktör,man
7478,Bo Holmberg,Socialdemokraterna,Västernorrlands län,Enkammarriksdagen,1988,1991,statsråd[2],man
7479,Bo Lundgren,Moderata samlingspartiet,Kristianstads län,Enkammarriksdagen,1988,1991,civilekonom,man
7480,Bo Nilsson,Socialdemokraterna,Fyrstadskretsen,Enkammarriksdagen,1988,1991,kommunalråd,man
7481,Britt Bohlin,Socialdemokraterna,Älvsborgs läns norra,Enkammarriksdagen,1988,1991,vårdare,
7482,Britta Bjelle,Folkpartiet,Norrbottens län,Enkammarriksdagen,1988,1991,distriktsåklagare,woman
7483,Britta Sundin,Socialdemokraterna,Västernorrlands län,Enkammarriksdagen,1988,1991,kontorist,woman
7484,Bruno Poromaa,Socialdemokraterna,Norrbottens län,Enkammarriksdagen,1988,1991,gruvarbetare,man
7485,Börje Hörnlund,Centerpartiet,Västerbottens län,Enkammarriksdagen,1988,1991,skogsmästare,man
7486,Börje Nilsson,Socialdemokraterna,Kristianstads län,Enkammarriksdagen,1988,1991,socionom,man
7487,Carl Bildt,Moderata samlingspartiet,Stockholms kommun,Enkammarriksdagen,1988,1991,partiordförande,man
7488,Carl Frick,Miljöpartiet de Gröna,Skaraborgs län,Enkammarriksdagen,1988,1991,bergsingenjör,man
7489,Carl G. Nilsson,Moderata samlingspartiet,Östergötlands län,Enkammarriksdagen,1988,1991,lantbrukare,man
7490,Carl-Johan Wilson,Folkpartiet,Jönköpings län,Enkammarriksdagen,1988,1991,förlagsredaktör,man
7491,Catarina Rönnung,Socialdemokraterna,Jönköpings län,Enkammarriksdagen,1988,1991,folkhögskollärare,
7492,Charlotte Branting,Folkpartiet,Kronobergs län,Enkammarriksdagen,1988,1991,hushållslärare,woman
7493,Charlotte Cederschiöld,Moderata samlingspartiet,Stockholms kommun,Enkammarriksdagen,1988,1991,näringspolitisk sekr.,woman
7494,Christer Eirefelt,Folkpartiet,Hallands län,Enkammarriksdagen,1988,1991,byggnadstekniker,
7495,Christer Nilsson,Socialdemokraterna,Östergötlands län,Enkammarriksdagen,1988,1991,socionom,
7496,Christer Skoog,Socialdemokraterna,Blekinge län,Enkammarriksdagen,1988,1991,plåtslagare,
7497,Claes Roxbergh,Miljöpartiet de Gröna,Göteborgs kommun,Enkammarriksdagen,1988,1991,filosofie licentiat,man
7498,Daniel Tarschys,Folkpartiet,Stockholms län,Enkammarriksdagen,1988,1991,professor,man
7499,Doris Håvik,Socialdemokraterna,Göteborgs kommun,Enkammarriksdagen,1988,1991,assistent,woman
7500,Elisabet Franzén,Miljöpartiet de Gröna,Göteborgs kommun,Enkammarriksdagen,1988,1991,,woman
7501,Elisabeth Fleetwood,Moderata samlingspartiet,Stockholms kommun,Enkammarriksdagen,1988,1991,adjunkt,woman
7502,Elisabeth Persson,Vänsterpartiet kommunisterna,Östergötlands län,Enkammarriksdagen,1988,1991,,woman
7503,Elver Jonsson,Folkpartiet,Älvsborgs läns norra,Enkammarriksdagen,1988,1991,postiljon,
7504,Elving Andersson,Centerpartiet,Bohuslän,Enkammarriksdagen,1988,1991,ombudsman,
7505,Erik Holmkvist,Moderata samlingspartiet,Norrbottens län,Enkammarriksdagen,1988,1991,företagare,man
7506,Erling Bager,Folkpartiet,Göteborgs kommun,Enkammarriksdagen,1988,1991,ingenjör,man
7507,Eva Björne,Moderata samlingspartiet,Västernorrlands län,Enkammarriksdagen,1988,1991,filosofie magister,woman
7508,Eva Goës,Miljöpartiet de Gröna,Stockholms län,Enkammarriksdagen,1988,1991,agronom,woman
7509,Eva Johansson,Socialdemokraterna,Stockholms län,Enkammarriksdagen,1988,1991,ombudsman,woman
7510,Evert Svensson,Socialdemokraterna,Bohuslän,Enkammarriksdagen,1988,1991,socionom,man
7511,Ewa Hedkvist Petersen,Socialdemokraterna,Norrbottens län,Enkammarriksdagen,1988,1991,familjerättssekreterare,
7512,Ewy Möller,Moderata samlingspartiet,Kalmar län,Enkammarriksdagen,1988,1991,,
7513,Filip Fridolfsson,Moderata samlingspartiet,Stockholms kommun,Enkammarriksdagen,1988,1991,fabrikör,man
7514,Georg Andersson,Socialdemokraterna,Västerbottens län,Enkammarriksdagen,1988,1991,rektor,man
7515,Gertrud Sigurdsen,Socialdemokraterna,Stockholms kommun,Enkammarriksdagen,1988,1991,statsråd,
7516,Grethe Lundblad,Socialdemokraterna,Fyrstadskretsen,Enkammarriksdagen,1988,1991,socialinspektör,
7517,Gudrun Norberg,Folkpartiet,Örebro län,Enkammarriksdagen,1988,1991,kommunalråd,
7518,Gudrun Schyman,Vänsterpartiet kommunisterna,Stockholms län,Enkammarriksdagen,1988,1991,socionom,
7519,Gullan Lindblad,Moderata samlingspartiet,Värmlands län,Enkammarriksdagen,1988,1991,sjuksköterska,
7520,Gunhild Bolander,Centerpartiet,Gotlands län,Enkammarriksdagen,1988,1991,ombudsman,
7521,Gunilla André,Centerpartiet,Skaraborgs län,Enkammarriksdagen,1988,1991,politiker,
7522,Gunnar Björk,Centerpartiet,Gävleborgs län,Enkammarriksdagen,1988,1991,bankkonsulent,man
7523,Gunnar Hökmark,Moderata samlingspartiet,Stockholms län,Enkammarriksdagen,1988,1991,civilekonom,man
7524,Gunnar Nilsson,Socialdemokraterna,Malmöhus län,Enkammarriksdagen,1988,1991,ombudsman,man
7525,Gunnar Thollander,Socialdemokraterna,Uppsala län,Enkammarriksdagen,1988,1991,förrådsförvaltare,man
7526,Gustav Persson,Socialdemokraterna,Uppsala län,Enkammarriksdagen,1988,1991,,man
7527,Göran Allmér,Moderata samlingspartiet,Södermanlands län,Enkammarriksdagen,1988,1991,rektor,man
7528,Göran Engström,Centerpartiet,Kopparbergs län,Enkammarriksdagen,1988,1991,skogsbrukare,man
7529,Göran Magnusson,Socialdemokraterna,Västmanlands län,Enkammarriksdagen,1988,1991,kommunalråd,man
7530,Göran Åstrand,Moderata samlingspartiet,Stockholms kommun,Enkammarriksdagen,1988,1991,konsulent,man
7531,Görel Bohlin,Moderata samlingspartiet,Stockholms län,Enkammarriksdagen,1988,1991,filosofie kandidat,
7532,Görel Thurdin,Centerpartiet,Västernorrlands län,Enkammarriksdagen,1988,1991,politices magister,
7533,Gösta Bohman,Moderata samlingspartiet,Stockholms kommun,Enkammarriksdagen,1988,1991,f.d. statsråd,man
7534,Gösta Lyngå,Miljöpartiet de Gröna,Malmöhus län,Enkammarriksdagen,1988,1991,docent,man
7535,Göthe Knutson,Moderata samlingspartiet,Värmlands län,Enkammarriksdagen,1988,1991,redaktör,
7536,Hadar Cars,Folkpartiet,Stockholms kommun,Enkammarriksdagen,1988,1991,f.d. statsråd,
7537,Hans Dau,Moderata samlingspartiet,Västerbottens län,Enkammarriksdagen,1988,1991,hemmansägare,man
7538,Hans Gustafsson,Socialdemokraterna,Blekinge län,Enkammarriksdagen,1988,1991,statsråd[1],man
7539,Hans Göran Franck,Socialdemokraterna,Stockholms län,Enkammarriksdagen,1988,1991,advokat,man
7540,Hans Leghammar,Miljöpartiet de Gröna,Hallands län,Enkammarriksdagen,1988,1991,slöjdlärare,man
7541,Hans Lindblad,Folkpartiet,Gävleborgs län,Enkammarriksdagen,1988,1991,redaktör,man
7542,Hans Nyhage,Moderata samlingspartiet,Älvsborgs läns södra,Enkammarriksdagen,1988,1991,rektor,man
7543,Hans Petersson,Vänsterpartiet kommunisterna,Västmanlands län,Enkammarriksdagen,1988,1991,ombudsman,man
7544,Hans Rosengren,Socialdemokraterna,Värmlands län,Enkammarriksdagen,1988,1991,ombudsman,man
7545,Helge Hagberg,Socialdemokraterna,Örebro län,Enkammarriksdagen,1988,1991,kommunalråd,man
7546,Hugo Bergdahl,Folkpartiet,Västmanlands län,Enkammarriksdagen,1988,1991,flottiljpolis,man
7547,Hugo Hegeland,Moderata samlingspartiet,Göteborgs kommun,Enkammarriksdagen,1988,1991,f.d. professor,man
7548,Håkan Hansson,Centerpartiet,Malmöhus län,Enkammarriksdagen,1988,1991,marknadsdirektör,man
7549,Håkan Holmberg,Folkpartiet,Uppsala län,Enkammarriksdagen,1988,1991,journalist,man
7550,Håkan Strömberg,Socialdemokraterna,Örebro län,Enkammarriksdagen,1988,1991,metallarbetare,man
7551,Ing-Britt Nygren,Moderata samlingspartiet,Bohuslän,Enkammarriksdagen,1988,1991,,
7552,Inga-Britt Johansson,Socialdemokraterna,Göteborgs kommun,Enkammarriksdagen,1988,1991,inspektör,
7553,Ingbritt Irhammar,Centerpartiet,Kristianstads län,Enkammarriksdagen,1988,1991,lågstadielärare,
7554,Inge Carlsson,Socialdemokraterna,Östergötlands län,Enkammarriksdagen,1988,1991,metallarbetare,
7555,Ingegerd Anderlund,Socialdemokraterna,Fyrstadskretsen,Enkammarriksdagen,1988,1991,vårdbiträde,
7556,Ingegerd Elm,Socialdemokraterna,Jönköpings län,Enkammarriksdagen,1988,1991,kontorist,
7557,Ingegerd Sahlström,Socialdemokraterna,Hallands län,Enkammarriksdagen,1988,1991,rektor,
7558,Ingegerd Troedsson,Moderata samlingspartiet,Uppsala län,Enkammarriksdagen,1988,1991,f.d. statsråd,
7559,Ingegerd Wärnersson,Socialdemokraterna,Kristianstads län,Enkammarriksdagen,1988,1991,lågstadielärare,
7560,Ingela Gardner,Moderata samlingspartiet,Stockholms län,Enkammarriksdagen,1988,1991,departementssekr.,
7561,Ingela Mårtensson,Folkpartiet,Göteborgs kommun,Enkammarriksdagen,1988,1991,utredningssekreterare,
7562,Ingela Thalén,Socialdemokraterna,Stockholms län,Enkammarriksdagen,1988,1991,statsråd,
7563,Ingemar Eliasson,Folkpartiet,Stockholms län,Enkammarriksdagen,1988,1991,civilekonom,man
7564,Inger Hestvik,Socialdemokraterna,Kopparbergs län,Enkammarriksdagen,1988,1991,studierektor,
7565,Inger Koch,Moderata samlingspartiet,Stockholms län,Enkammarriksdagen,1988,1991,laboratorieassistent,
7566,Inger Schörling,Miljöpartiet de Gröna,Gävleborgs län,Enkammarriksdagen,1988,1991,kulturgeograf,
7567,Ingrid Andersson,Socialdemokraterna,Uppsala län,Enkammarriksdagen,1988,1991,sjuksköterska,woman
7568,Ingrid Hasselström-Nyvall,Folkpartiet,Kalmar län,Enkammarriksdagen,1988,1991,civilekonom,woman
7569,Ingrid Hemmingsson,Moderata samlingspartiet,Jämtlands län,Enkammarriksdagen,1988,1991,hushållslärare,woman
7570,Ingrid Ronne-Björkqvist,Folkpartiet,Jönköpings län,Enkammarriksdagen,1988,1991,barnläkare,woman
7571,Ingrid Sundberg,Moderata samlingspartiet,Malmöhus län,Enkammarriksdagen,1988,1991,filosofie kandidat,woman
7572,Ingvar Björk,Socialdemokraterna,Östergötlands län,Enkammarriksdagen,1988,1991,folkhögskollärare,man
7573,Ingvar Carlsson,Socialdemokraterna,Stockholms län,Enkammarriksdagen,1988,1991,statsminister,man
7574,Ingvar Eriksson,Moderata samlingspartiet,Kristianstads län,Enkammarriksdagen,1988,1991,lantbrukare,man
7575,Ingvar Johnsson,Socialdemokraterna,Älvsborgs läns norra,Enkammarriksdagen,1988,1991,studiesekreterare,man
7576,Ingvar Karlsson,Centerpartiet,Älvsborgs läns norra,Enkammarriksdagen,1988,1991,arbetsledare,man
7577,Iris Mårtensson,Socialdemokraterna,Gävleborgs län,Enkammarriksdagen,1988,1991,studieombudsman,woman
7578,Iréne Vestlund,Socialdemokraterna,Kopparbergs län,Enkammarriksdagen,1988,1991,sjukvårdslärare,
7579,Isa Halvarsson,Folkpartiet,Värmlands län,Enkammarriksdagen,1988,1991,tandläkare,woman
7580,Ivar Franzén,Centerpartiet,Hallands län,Enkammarriksdagen,1988,1991,lantmästare,man
7581,Ivar Nordberg,Socialdemokraterna,Stockholms län,Enkammarriksdagen,1988,1991,statsråd,man
7582,Ivar Virgin,Moderata samlingspartiet,Skaraborgs län,Enkammarriksdagen,1988,1991,civilekonom,man
7583,Jan Andersson,Socialdemokraterna,Fyrstadskretsen,Enkammarriksdagen,1988,1991,lärare,man
7584,Jan Bergqvist,Socialdemokraterna,Göteborgs kommun,Enkammarriksdagen,1988,1991,sekreterare,man
7585,Jan Björkman,Socialdemokraterna,Blekinge län,Enkammarriksdagen,1988,1991,studieombudsman,man
7586,Jan Fransson,Socialdemokraterna,Skaraborgs län,Enkammarriksdagen,1988,1991,byrådirektör,man
7587,Jan Hyttring,Centerpartiet,Värmlands län,Enkammarriksdagen,1988,1991,ingenjör,man
7588,Jan Jennehag,Vänsterpartiet kommunisterna,Västernorrlands län,Enkammarriksdagen,1988,1991,sekreterare,man
7589,Jan Sandberg,Moderata samlingspartiet,Stockholms län,Enkammarriksdagen,1988,1991,politisk sekreterare,man
7590,Jan Strömdahl,Vänsterpartiet kommunisterna,Stockholms län,Enkammarriksdagen,1988,1991,enhetschef,man
7591,Jan-Erik Wikström,Folkpartiet,Stockholms kommun,Enkammarriksdagen,1988,1991,f.d. statsråd,
7592,Jarl Lander,Socialdemokraterna,Värmlands län,Enkammarriksdagen,1988,1991,tekniker,man
7593,Jens Eriksson,Moderata samlingspartiet,Bohuslän,Enkammarriksdagen,1988,1991,fiskare,man
7594,Jerry Martinger,Moderata samlingspartiet,Stockholms län,Enkammarriksdagen,1988,1991,distriktsåklagare,man
7595,Jill Lindgren,Miljöpartiet de Gröna,Stockholms kommun,Enkammarriksdagen,1988,1991,informationssekr.,woman
7596,Johnny Ahlqvist,Socialdemokraterna,Kristianstads län,Enkammarriksdagen,1988,1991,ombudsman,man
7597,Kaj Larsson,Socialdemokraterna,Kristianstads län,Enkammarriksdagen,1988,1991,inköpare,man
7598,Kaj Nilsson,Miljöpartiet de Gröna,Kristianstads län,Enkammarriksdagen,1988,1991,ämneslärare,man
7599,Karin Ahrland,Folkpartiet,Fyrstadskretsen,Enkammarriksdagen,1988,1991,förste länsassessor,woman
7600,Karin Falkmer,Moderata samlingspartiet,Västmanlands län,Enkammarriksdagen,1988,1991,gymnastikdirektör,woman
7601,Karin Israelsson,Centerpartiet,Västerbottens län,Enkammarriksdagen,1988,1991,distriktssköterska,woman
7602,Karin Starrin,Centerpartiet,Gävleborgs län,Enkammarriksdagen,1988,1991,ekonom,woman
7603,Karin Söder,Centerpartiet,Stockholms län,Enkammarriksdagen,1988,1991,f.d. statsråd,woman
7604,Karin Wegestål,Socialdemokraterna,Malmöhus län,Enkammarriksdagen,1988,1991,socialsekreterare,woman
7605,Karl Erik Olsson,Centerpartiet,Kristianstads län,Enkammarriksdagen,1988,1991,lantbrukare,man
7606,Karl Hagström,Socialdemokraterna,Gävleborgs län,Enkammarriksdagen,1988,1991,ombudsman,man
7607,Karl-Erik Persson,Vänsterpartiet kommunisterna,Örebro län,Enkammarriksdagen,1988,1991,politiker,
7608,Karl-Erik Svartberg,Socialdemokraterna,Bohuslän,Enkammarriksdagen,1988,1991,rektor,
7609,Karl-Göran Biörsmark,Folkpartiet,Östergötlands län,Enkammarriksdagen,1988,1991,adjunkt,
7610,Karl-Gösta Svenson,Moderata samlingspartiet,Blekinge län,Enkammarriksdagen,1988,1991,byråchef,
7611,Kent Lundgren,Miljöpartiet de Gröna,Bohuslän,Enkammarriksdagen,1988,1991,systemanalytiker,man
7612,Kenth Skårvik,Folkpartiet,Bohuslän,Enkammarriksdagen,1988,1991,distriktschef,
7613,Kersti Johansson,Centerpartiet,Jönköpings län,Enkammarriksdagen,1988,1991,lantbrukare,
7614,Kerstin Ekman,Folkpartiet,Göteborgs kommun,Enkammarriksdagen,1988,1991,ingenjör,woman
7615,Kjell Dahlström,Miljöpartiet de Gröna,Fyrstadskretsen,Enkammarriksdagen,1988,1991,teknologie doktor,man
7616,Kjell Ericsson,Centerpartiet,Värmlands län,Enkammarriksdagen,1988,1991,kommunalråd,man
7617,Kjell Johansson,Folkpartiet,Södermanlands län,Enkammarriksdagen,1988,1991,fabrikör,man
7618,Kjell Nilsson,Socialdemokraterna,Kronobergs län,Enkammarriksdagen,1988,1991,metallarbetare,man
7619,Kjell Nordström,Socialdemokraterna,Skaraborgs län,Enkammarriksdagen,1988,1991,metallarbetare,man
7620,Kjell-Arne Welin,Folkpartiet,Fyrstadskretsen,Enkammarriksdagen,1988,1991,arbetsförmedlare,
7621,Kjell-Olof Feldt,Socialdemokraterna,Kopparbergs län,Enkammarriksdagen,1988,1991,statsråd,
7622,Knut Billing,Moderata samlingspartiet,Stockholms län,Enkammarriksdagen,1988,1991,politisk sekreterare,man
7623,Knut Wachtmeister,Moderata samlingspartiet,Malmöhus län,Enkammarriksdagen,1988,1991,lantmästare,man
7624,Kristina Svensson,Socialdemokraterna,Värmlands län,Enkammarriksdagen,1988,1991,rektor,woman
7625,Kurt Ove Johansson,Socialdemokraterna,Fyrstadskretsen,Enkammarriksdagen,1988,1991,ombudsman,man
7626,Lahja Exner,Socialdemokraterna,Älvsborgs läns södra,Enkammarriksdagen,1988,1991,textilarbeterska,
7627,Lars Ahlmark,Moderata samlingspartiet,Uppsala län,Enkammarriksdagen,1988,1991,avdelningschef,man
7628,Lars Ahlström,Moderata samlingspartiet,Göteborgs kommun,Enkammarriksdagen,1988,1991,konditor,man
7629,Lars Bäckström,Vänsterpartiet kommunisterna,Bohuslän,Enkammarriksdagen,1988,1991,lärare,man
7630,Lars De Geer,Folkpartiet,Kopparbergs län,Enkammarriksdagen,1988,1991,f.d. statsråd,man
7631,Lars Ernestam,Folkpartiet,Örebro län,Enkammarriksdagen,1988,1991,kulturchef,man
7632,Lars Hedfors,Socialdemokraterna,Kronobergs län,Enkammarriksdagen,1988,1991,studierektor,man
7633,Lars Leijonborg,Folkpartiet,Stockholms län,Enkammarriksdagen,1988,1991,projektledare,man
7634,Lars Norberg,Miljöpartiet de Gröna,Östergötlands län,Enkammarriksdagen,1988,1991,civilingenjör,man
7635,Lars Sundin,Folkpartiet,Älvsborgs läns södra,Enkammarriksdagen,1988,1991,adjunkt,man
7636,Lars Svensson,Socialdemokraterna,Hallands län,Enkammarriksdagen,1988,1991,kontorsföreståndare,man
7637,Lars Tobisson,Moderata samlingspartiet,Stockholms län,Enkammarriksdagen,1988,1991,riksgäldsfullmäktig,man
7638,Lars Ulander,Socialdemokraterna,Stockholms kommun,Enkammarriksdagen,1988,1991,ombudsman,man
7639,Lars Werner,Vänsterpartiet kommunisterna,Stockholms kommun,Enkammarriksdagen,1988,1991,ombudsman,man
7640,Lars-Erik Lövdén,Socialdemokraterna,Fyrstadskretsen,Enkammarriksdagen,1988,1991,sekreterare,
7641,Lars-Ove Hagberg,Vänsterpartiet kommunisterna,Kopparbergs län,Enkammarriksdagen,1988,1991,järnbruksarbetare,
7642,Larz Johansson,Centerpartiet,Södermanlands län,Enkammarriksdagen,1988,1991,lantbrukare,
7643,Leif Marklund,Socialdemokraterna,Norrbottens län,Enkammarriksdagen,1988,1991,ombudsman,man
7644,Leif Olsson,Folkpartiet,Bohuslän,Enkammarriksdagen,1988,1991,bankkamrer,man
7645,Lena Boström,Socialdemokraterna,Västerbottens län,Enkammarriksdagen,1988,1991,sekreterare,woman
7646,Lena Hjelm-Wallén,Socialdemokraterna,Västmanlands län,Enkammarriksdagen,1988,1991,statsråd,woman
7647,Lena Öhrsvik,Socialdemokraterna,Kalmar län,Enkammarriksdagen,1988,1991,kurator,woman
7648,Lennart Andersson,Socialdemokraterna,Stockholms län,Enkammarriksdagen,1988,1991,studieombudsman,man
7649,Lennart Brunander,Centerpartiet,Älvsborgs läns södra,Enkammarriksdagen,1988,1991,lantbrukare,man
7650,Lennart Nilsson,Socialdemokraterna,Bohuslän,Enkammarriksdagen,1988,1991,byggnadssnickare,man
7651,Lennart Pettersson,Socialdemokraterna,Fyrstadskretsen,Enkammarriksdagen,1988,1991,civilekonom,man
7652,Lisbet Calner,Socialdemokraterna,Bohuslän,Enkammarriksdagen,1988,1991,postexpeditör,
7653,Lola Björkquist,Folkpartiet,Östergötlands län,Enkammarriksdagen,1988,1991,sjuksköterska,woman
7654,Maggi Mikaelsson,Vänsterpartiet kommunisterna,Västerbottens län,Enkammarriksdagen,1988,1991,barnomsorgsassistent,
7655,Magnus Persson,Socialdemokraterna,Värmlands län,Enkammarriksdagen,1988,1991,ombudsman,man
7656,Maj Britt Theorin,Socialdemokraterna,Stockholms kommun,Enkammarriksdagen,1988,1991,ambassadör,woman
7657,Maj-Inger Klingvall,Socialdemokraterna,Östergötlands län,Enkammarriksdagen,1988,1991,politices magister,
7658,Maj-Lis Lööw,Socialdemokraterna,Södermanlands län,Enkammarriksdagen,1988,1991,arbetsförmedlare,
7659,Maja Bäckström,Socialdemokraterna,Kristianstads län,Enkammarriksdagen,1988,1991,undersköterska,woman
7660,Margareta Fogelberg,Folkpartiet,Hallands län,Enkammarriksdagen,1988,1991,inredningsarkitekt,
7661,Margareta Hemmingsson,Socialdemokraterna,Västmanlands län,Enkammarriksdagen,1988,1991,lågstadielärare,
7662,Margareta Winberg,Socialdemokraterna,Jämtlands län,Enkammarriksdagen,1988,1991,lärare,
7663,Margaretha af Ugglas,Moderata samlingspartiet,Stockholms kommun,Enkammarriksdagen,1988,1991,civilekonom,
7664,Margit Gennser,Moderata samlingspartiet,Fyrstadskretsen,Enkammarriksdagen,1988,1991,civilekonom,
7665,Margit Sandéhn,Socialdemokraterna,Malmöhus län,Enkammarriksdagen,1988,1991,textillärare,
7666,Margó Ingvardsson,Vänsterpartiet kommunisterna,Stockholms kommun,Enkammarriksdagen,1988,1991,sjukgymnast,
7667,Maria Leissner,Folkpartiet,Stockholms kommun,Enkammarriksdagen,1988,1991,sekreterare,woman
7668,Marianne Andersson,Centerpartiet,Älvsborgs läns norra,Enkammarriksdagen,1988,1991,ekonom,
7669,Marianne Jönsson,Centerpartiet,Kalmar län,Enkammarriksdagen,1988,1991,adjunkt,
7670,Marianne Samuelsson,Miljöpartiet de Gröna,Älvsborgs läns norra,Enkammarriksdagen,1988,1991,hemvårdare,
7671,Marianne Stålberg,Socialdemokraterna,Jämtlands län,Enkammarriksdagen,1988,1991,skolkurator,
7672,Marita Bengtsson,Socialdemokraterna,Södermanlands län,Enkammarriksdagen,1988,1991,inspektör,
7673,Martin Olsson,Centerpartiet,Västernorrlands län,Enkammarriksdagen,1988,1991,bankkamrer,man
7674,Martin Segerstedt,Socialdemokraterna,Västernorrlands län,Enkammarriksdagen,1988,1991,arbetsförmedlare,man
7675,Mats Hellström,Socialdemokraterna,Stockholms kommun,Enkammarriksdagen,1988,1991,statsråd,man
7676,Mats Lindberg,Socialdemokraterna,Västerbottens län,Enkammarriksdagen,1988,1991,ombudsman,man
7677,Maud Björnemalm,Socialdemokraterna,Örebro län,Enkammarriksdagen,1988,1991,kommunalråd,
7678,Mona Sahlin,Socialdemokraterna,Stockholms län,Enkammarriksdagen,1988,1991,sekreterare,woman
7679,Mona Saint Cyr,Moderata samlingspartiet,Östergötlands län,Enkammarriksdagen,1988,1991,kommunsekreterare,woman
7680,Monica Andersson,Socialdemokraterna,Stockholms kommun,Enkammarriksdagen,1988,1991,statssekreterare,
7681,Monica Öhman,Socialdemokraterna,Norrbottens län,Enkammarriksdagen,1988,1991,undersköterska,
7682,Nic Grönvall,Moderata samlingspartiet,Hallands län,Enkammarriksdagen,1988,1991,advokat,
7683,Nils Nordh,Socialdemokraterna,Jönköpings län,Enkammarriksdagen,1988,1991,metallarbetare,man
7684,Nils T. Svensson,Socialdemokraterna,Fyrstadskretsen,Enkammarriksdagen,1988,1991,ombudsman,man
7685,Nils-Olof Gustafsson,Socialdemokraterna,Jämtlands län,Enkammarriksdagen,1988,1991,ombudsman,
7686,Olle Svensson,Socialdemokraterna,Södermanlands län,Enkammarriksdagen,1988,1991,redaktör,man
7687,Olle Östrand,Socialdemokraterna,Gävleborgs län,Enkammarriksdagen,1988,1991,mätningsföreståndare,man
7688,Olof Johansson,Centerpartiet,Stockholms län,Enkammarriksdagen,1988,1991,f.d. statsråd,man
7689,Oskar Lindkvist,Socialdemokraterna,Stockholms kommun,Enkammarriksdagen,1988,1991,organisationschef,man
7690,Ove Karlsson,Socialdemokraterna,Kopparbergs län,Enkammarriksdagen,1988,1991,skogsarbetare,man
7691,Owe Andréasson,Socialdemokraterna,Hallands län,Enkammarriksdagen,1988,1991,verktygsmakare,
7692,Paul Ciszuk,Miljöpartiet de Gröna,Uppsala län,Enkammarriksdagen,1988,1991,docent,man
7693,Paul Lestander,Vänsterpartiet kommunisterna,Norrbottens län,Enkammarriksdagen,1988,1991,skogsarbetare,man
7694,Per Gahrton,Miljöpartiet de Gröna,Stockholms län,Enkammarriksdagen,1988,1991,sociolog,man
7695,Per Olof Håkansson,Socialdemokraterna,Malmöhus län,Enkammarriksdagen,1988,1991,byggnadsingenjör,man
7696,Per Stenmarck,Moderata samlingspartiet,Malmöhus län,Enkammarriksdagen,1988,1991,tjänsteman,man
7697,Per Westerberg,Moderata samlingspartiet,Södermanlands län,Enkammarriksdagen,1988,1991,civilekonom,man
7698,Per-Ola Eriksson,Centerpartiet,Norrbottens län,Enkammarriksdagen,1988,1991,ombudsman,
7699,Pär Granstedt,Centerpartiet,Stockholms kommun,Enkammarriksdagen,1988,1991,filosofie kandidat,man
7700,Ragnhild Pohanka,Miljöpartiet de Gröna,Kopparbergs län,Enkammarriksdagen,1988,1991,lärare,
7701,Reynoldh Furustrand,Socialdemokraterna,Södermanlands län,Enkammarriksdagen,1988,1991,ombudsman,
7702,Rinaldo Karlsson,Socialdemokraterna,Västerbottens län,Enkammarriksdagen,1988,1991,metallarbetare,
7703,Roine Carlsson,Socialdemokraterna,Värmlands län,Enkammarriksdagen,1988,1991,statsråd,
7704,Roland Brännström,Socialdemokraterna,Västerbottens län,Enkammarriksdagen,1988,1991,verkmästare,man
7705,Roland Larsson,Centerpartiet,Östergötlands län,Enkammarriksdagen,1988,1991,kommunalråd,man
7706,Roland Sundgren,Socialdemokraterna,Västmanlands län,Enkammarriksdagen,1988,1991,ombudsman,man
7707,Rolf Clarkson,Moderata samlingspartiet,Fyrstadskretsen,Enkammarriksdagen,1988,1991,direktör,man
7708,Rolf Dahlberg,Moderata samlingspartiet,Gävleborgs län,Enkammarriksdagen,1988,1991,yrkesvalslärare,man
7709,Rolf Kenneryd,Centerpartiet,Hallands län,Enkammarriksdagen,1988,1991,skogsinspektor,man
7710,Rolf Nilson,Vänsterpartiet kommunisterna,Fyrstadskretsen,Enkammarriksdagen,1988,1991,personalkonsulent,man
7711,Rosa Östh,Centerpartiet,Uppsala län,Enkammarriksdagen,1988,1991,lantbrukare,woman
7712,Rosa-Lill Wåhlstedt,Socialdemokraterna,Örebro län,Enkammarriksdagen,1988,1991,,
7713,Roy Ottosson,Miljöpartiet de Gröna,Västernorrlands län,Enkammarriksdagen,1988,1991,biolog,man
7714,Rune Backlund,Centerpartiet,Jönköpings län,Enkammarriksdagen,1988,1991,ombudsman,man
7715,Rune Evensson,Socialdemokraterna,Älvsborgs läns norra,Enkammarriksdagen,1988,1991,ombudsman,man
7716,Rune Johansson,Socialdemokraterna,Älvsborgs läns norra,Enkammarriksdagen,1988,1991,förste verkmästare,man
7717,Rune Jonsson,Socialdemokraterna,Västernorrlands län,Enkammarriksdagen,1988,1991,elektriker,man
7718,Rune Rydén,Moderata samlingspartiet,Fyrstadskretsen,Enkammarriksdagen,1988,1991,filosofie licentiat,man
7719,Rune Thorén,Centerpartiet,Göteborgs kommun,Enkammarriksdagen,1988,1991,socionom,man
7720,Sigge Godin,Folkpartiet,Västernorrlands län,Enkammarriksdagen,1988,1991,förste inspektör,man
7721,Sigrid Bolkéus,Socialdemokraterna,Gävleborgs län,Enkammarriksdagen,1988,1991,lågstadielärare,woman
7722,Sinikka Bohlin,Socialdemokraterna,Gävleborgs län,Enkammarriksdagen,1988,1991,hemspråkslärare,
7723,Siw Persson,Folkpartiet,Malmöhus län,Enkammarriksdagen,1988,1991,gymnasieekonom,
7724,Sonja Rembo,Moderata samlingspartiet,Göteborgs kommun,Enkammarriksdagen,1988,1991,sekreterare,woman
7725,Sten Andersson,Socialdemokraterna,Stockholms kommun,Enkammarriksdagen,1988,1991,statsråd,man
7726,Sten Andersson,Moderata samlingspartiet,Fyrstadskretsen,Enkammarriksdagen,1988,1991,varvsarbetare,man
7727,Sten Svensson,Moderata samlingspartiet,Skaraborgs län,Enkammarriksdagen,1988,1991,informationschef,man
7728,Sten Östlund,Socialdemokraterna,Göteborgs kommun,Enkammarriksdagen,1988,1991,metallarbetare,man
7729,Sten-Ove Sundström,Socialdemokraterna,Norrbottens län,Enkammarriksdagen,1988,1991,järnverksarbetare,
7730,Stig Alemyr,Socialdemokraterna,Kalmar län,Enkammarriksdagen,1988,1991,folkhögskolerektor,man
7731,Stig Bertilsson,Moderata samlingspartiet,Älvsborgs läns norra,Enkammarriksdagen,1988,1991,redaktör,man
7732,Stina Eliasson,Centerpartiet,Jämtlands län,Enkammarriksdagen,1988,1991,ämneslärare,woman
7733,Stina Gustavsson,Centerpartiet,Kronobergs län,Enkammarriksdagen,1988,1991,hushållslärare,woman
7734,Sture Ericson,Socialdemokraterna,Örebro län,Enkammarriksdagen,1988,1991,redaktör,man
7735,Sture Thun,Socialdemokraterna,Östergötlands län,Enkammarriksdagen,1988,1991,kommunsekreterare,man
7736,Sven Eric Lorentzon,Moderata samlingspartiet,Hallands län,Enkammarriksdagen,1988,1991,lantbrukare,man
7737,Sven Hulterström,Socialdemokraterna,Göteborgs kommun,Enkammarriksdagen,1988,1991,statsråd,man
7738,Sven Lundberg,Socialdemokraterna,Västernorrlands län,Enkammarriksdagen,1988,1991,journalist,man
7739,Sven-Erik Alkemark,Socialdemokraterna,Jönköpings län,Enkammarriksdagen,1988,1991,fastighetsförvaltare,
7740,Sven-Gösta Signell,Socialdemokraterna,Skaraborgs län,Enkammarriksdagen,1988,1991,ombudsman,
7741,Sven-Olof Petersson,Centerpartiet,Blekinge län,Enkammarriksdagen,1988,1991,byggnadsingenjör,
7742,Sverre Palm,Socialdemokraterna,Bohuslän,Enkammarriksdagen,1988,1991,järnvägstjänsteman,
7743,Sören Lekberg,Socialdemokraterna,Stockholms län,Enkammarriksdagen,1988,1991,ombudsman,man
7744,Thage Peterson,Socialdemokraterna,Stockholms län,Enkammarriksdagen,1988,1991,socionom,
7745,Tom Heyman,Moderata samlingspartiet,Göteborgs kommun,Enkammarriksdagen,1988,1991,styrman,man
7746,Torgny Larsson,Socialdemokraterna,Göteborgs kommun,Enkammarriksdagen,1988,1991,kyrkoherde,man
7747,Torsten A. Karlsson,Socialdemokraterna,Östergötlands län,Enkammarriksdagen,1988,1991,metallarbetare,
7748,Ulf Lönnqvist,Socialdemokraterna,Stockholms län,Enkammarriksdagen,1988,1991,statsråd,man
7749,Ulf Melin,Moderata samlingspartiet,Jönköpings län,Enkammarriksdagen,1988,1991,kommunalråd,man
7750,Ulla Johansson,Socialdemokraterna,Kronobergs län,Enkammarriksdagen,1988,1991,lågstadielärare,
7751,Ulla Orring,Folkpartiet,Västerbottens län,Enkammarriksdagen,1988,1991,fru,
7752,Ulla Pettersson,Socialdemokraterna,Gotlands län,Enkammarriksdagen,1988,1991,socialsekreterare,
7753,Ulla Samuelsson,Socialdemokraterna,Örebro län,Enkammarriksdagen,1988,1991,,
7754,Ulla Tillander,Centerpartiet,Fyrstadskretsen,Enkammarriksdagen,1988,1991,ämneslärare,
7755,Ulla-Britt Åbark,Socialdemokraterna,Hallands län,Enkammarriksdagen,1988,1991,socionom,
7756,Viola Claesson,Vänsterpartiet kommunisterna,Göteborgs kommun,Enkammarriksdagen,1988,1991,bibliotekarie,woman
7757,Viola Furubjelke,Socialdemokraterna,Östergötlands län,Enkammarriksdagen,1988,1991,utredningssekreterare,woman
7758,Wiggo Komstedt,Moderata samlingspartiet,Kristianstads län,Enkammarriksdagen,1988,1991,försäljningschef,
7759,Ylva Annerstedt,Folkpartiet,Stockholms län,Enkammarriksdagen,1988,1991,småföretagare,woman
7760,Ylva Johansson,Vänsterpartiet kommunisterna,Stockholms kommun,Enkammarriksdagen,1988,1991,lärare,woman
7761,Yvonne Sandberg-Fries,Socialdemokraterna,Blekinge län,Enkammarriksdagen,1988,1991,avdelningschef,
7762,Åke Gustavsson,Socialdemokraterna,Jönköpings län,Enkammarriksdagen,1988,1991,redaktör,man
7763,Åke Selberg,Socialdemokraterna,Norrbottens län,Enkammarriksdagen,1988,1991,hemmansägare,man
7764,Åsa Domeij,Miljöpartiet de Gröna,Stockholms kommun,Enkammarriksdagen,1988,1991,agronom,woman
7765,Agne Hansson,Centerpartiet,Kalmar län,Enkammarriksdagen,1991,1994,,
7766,Alf Egnerfors,Socialdemokraterna,Södermanlands län,Enkammarriksdagen,1991,1994,,man
7767,Alf Svensson,Kristdemokraterna,Jönköpings län,Enkammarriksdagen,1991,1994,,man
7768,Alf Wennerfors,Moderata samlingspartiet,Stockholms län,Enkammarriksdagen,1991,1994,,man
7769,Allan Larsson,Socialdemokraterna,Jönköpings län,Enkammarriksdagen,1991,1994,,man
7770,Alwa Wennerlund,Kristdemokraterna,Malmöhus län,Enkammarriksdagen,1991,1994,,woman
7771,Anders Björck,Moderata samlingspartiet,Jönköpings län,Enkammarriksdagen,1991,1994,,man
7772,Anders G. Högmark,Moderata samlingspartiet,Kronobergs län,Enkammarriksdagen,1991,1994,,man
7773,Anders Nilsson,Socialdemokraterna,Skaraborgs län,Enkammarriksdagen,1991,1994,,man
7774,Anders Svärd,Centerpartiet,Örebro län,Enkammarriksdagen,1991,1994,,man
7775,Anita Gradin,Socialdemokraterna,Stockholms kommun,Enkammarriksdagen,1991,1994,,woman
7776,Anita Johansson,Socialdemokraterna,Stockholms län,Enkammarriksdagen,1991,1994,,woman
7777,Anita Jönsson,Socialdemokraterna,Malmöhus län,Enkammarriksdagen,1991,1994,,woman
7778,Anita Modin,Socialdemokraterna,Stockholms kommun,Enkammarriksdagen,1991,1994,,woman
7779,Anita Persson,Socialdemokraterna,Södermanlands län,Enkammarriksdagen,1991,1994,,woman
7780,Ann-Cathrine Haglund,Moderata samlingspartiet,Örebro län,Enkammarriksdagen,1991,1994,,
7781,Anne Rhenman,Ny demokrati,Södermanlands län,Enkammarriksdagen,1991,1994,,
7782,Anne Wibble,Folkpartiet liberalerna,Stockholms län,Enkammarriksdagen,1991,1994,,
7783,Annika Åhnberg,Vänsterpartiet,Stockholms län,Enkammarriksdagen,1991,1994,,woman
7784,Arne Andersson,Moderata samlingspartiet,Älvsborgs läns norra,Enkammarriksdagen,1991,1994,,man
7785,Arne Kjörnsberg,Socialdemokraterna,Älvsborgs läns södra,Enkammarriksdagen,1991,1994,,man
7786,Axel Andersson,Socialdemokraterna,Gävleborgs län,Enkammarriksdagen,1991,1994,,man
7787,Barbro Palmerlund,Socialdemokraterna,Stockholms kommun,Enkammarriksdagen,1991,1994,,
7788,Barbro Westerholm,Folkpartiet liberalerna,Stockholms kommun,Enkammarriksdagen,1991,1994,,
7789,Bengt Dalström,Ny demokrati,Hallands län,Enkammarriksdagen,1991,1994,,man
7790,Bengt Harding Olson,Folkpartiet liberalerna,Kristianstads län,Enkammarriksdagen,1991,1994,,man
7791,Bengt Hurtig,Vänsterpartiet,Norrbottens län,Enkammarriksdagen,1991,1994,,man
7792,Bengt Kindbom,Centerpartiet,Skaraborgs län,Enkammarriksdagen,1991,1994,,man
7793,Bengt Kronblad,Socialdemokraterna,Kalmar län,Enkammarriksdagen,1991,1994,,man
7794,Bengt Rosén,Folkpartiet liberalerna,Skaraborgs län,Enkammarriksdagen,1991,1994,,man
7795,Bengt Silfverstrand,Socialdemokraterna,Malmöhus län,Enkammarriksdagen,1991,1994,,man
7796,Bengt Westerberg,Folkpartiet liberalerna,Stockholms län,Enkammarriksdagen,1991,1994,,man
7797,Bengt Wittbom,Moderata samlingspartiet,Örebro län,Enkammarriksdagen,1991,1994,,man
7798,Bengt-Ola Ryttar,Socialdemokraterna,Kopparbergs län,Enkammarriksdagen,1991,1994,,
7799,Berit Andnor,Socialdemokraterna,Jämtlands län,Enkammarriksdagen,1991,1994,,
7800,Berit Löfstedt,Socialdemokraterna,Östergötlands län,Enkammarriksdagen,1991,1994,,
7801,Berit Oscarsson,Socialdemokraterna,Västmanlands län,Enkammarriksdagen,1991,1994,,
7802,Berith Eriksson,Vänsterpartiet,Uppsala län,Enkammarriksdagen,1991,1994,,
7803,Berndt Ekholm,Socialdemokraterna,Älvsborgs läns södra,Enkammarriksdagen,1991,1994,,
7804,Bert Karlsson,Ny demokrati,Östergötlands län,Enkammarriksdagen,1991,1994,,man
7805,Bertil Danielsson,Moderata samlingspartiet,Kalmar län,Enkammarriksdagen,1991,1994,,man
7806,Bertil Fiskesjö,Centerpartiet,Malmöhus län,Enkammarriksdagen,1991,1994,,man
7807,Bertil Måbrink,Vänsterpartiet,Gävleborgs län,Enkammarriksdagen,1991,1994,,man
7808,Bertil Persson,Moderata samlingspartiet,Fyrstadskretsen,Enkammarriksdagen,1991,1994,,man
7809,Birger Andersson,Centerpartiet,Västmanlands län,Enkammarriksdagen,1991,1994,,man
7810,Birger Hagård,Moderata samlingspartiet,Östergötlands län,Enkammarriksdagen,1991,1994,,man
7811,Birger Rosqvist,Socialdemokraterna,Kalmar län,Enkammarriksdagen,1991,1994,,man
7812,Birgit Friggebo,Folkpartiet liberalerna,Stockholms kommun,Enkammarriksdagen,1991,1994,,
7813,Birgit Henriksson,Moderata samlingspartiet,Västmanlands län,Enkammarriksdagen,1991,1994,,
7814,Birgitta Carlsson,Centerpartiet,Skaraborgs län,Enkammarriksdagen,1991,1994,,
7815,Birgitta Dahl,Socialdemokraterna,Uppsala län,Enkammarriksdagen,1991,1994,,
7816,Birgitta Hambraeus,Centerpartiet,Kopparbergs län,Enkammarriksdagen,1991,1994,,
7817,Birgitta Johansson,Socialdemokraterna,Skaraborgs län,Enkammarriksdagen,1991,1994,,
7818,Birgitta Wistrand,Moderata samlingspartiet,Stockholms kommun,Enkammarriksdagen,1991,1994,,
7819,Birthe Sörestedt,Socialdemokraterna,Fyrstadskretsen,Enkammarriksdagen,1991,1994,,
7820,Björn Kaaling,Socialdemokraterna,Uppsala län,Enkammarriksdagen,1991,1994,,man
7821,Björn Samuelson,Vänsterpartiet,Värmlands län,Enkammarriksdagen,1991,1994,,man
7822,Bo Arvidson,Moderata samlingspartiet,Malmöhus län,Enkammarriksdagen,1991,1994,,man
7823,Bo Bernhardsson,Socialdemokraterna,Fyrstadskretsen,Enkammarriksdagen,1991,1994,,man
7824,Bo Finnkvist,Socialdemokraterna,Värmlands län,Enkammarriksdagen,1991,1994,,man
7825,Bo Forslund,Socialdemokraterna,Västernorrlands län,Enkammarriksdagen,1991,1994,,man
7826,Bo Frank,Moderata samlingspartiet,Kronobergs län,Enkammarriksdagen,1991,1994,,man
7827,Bo G. Jenevall,Ny demokrati,Stockholms kommun,Enkammarriksdagen,1991,1994,,man
7828,Bo Holmberg,Socialdemokraterna,Västernorrlands län,Enkammarriksdagen,1991,1994,,man
7829,Bo Könberg,Folkpartiet liberalerna,Stockholms kommuns valkrets,Enkammarriksdagen,1991,1994,,man
7830,Bo Lundgren,Moderata samlingspartiet,Kristianstads län,Enkammarriksdagen,1991,1994,,man
7831,Bo Nilsson,Socialdemokraterna,Fyrstadskretsen,Enkammarriksdagen,1991,1994,,man
7832,Britt Bohlin Olsson,Socialdemokraterna,Älvsborgs läns norra,Enkammarriksdagen,1991,1994,,
7833,Britta Bjelle,Folkpartiet liberalerna,Norrbottens län,Enkammarriksdagen,1991,1994,,woman
7834,Britta Sundin,Socialdemokraterna,Västernorrlands län,Enkammarriksdagen,1991,1994,,woman
7835,Bruno Poromaa,Socialdemokraterna,Norrbottens län,Enkammarriksdagen,1991,1994,,man
7836,Börje Hörnlund,Centerpartiet,Västerbottens län,Enkammarriksdagen,1991,1994,,man
7837,Börje Nilsson,Socialdemokraterna,Kristianstads län,Enkammarriksdagen,1991,1994,,man
7838,Carin Lundberg,Socialdemokraterna,Västerbottens län,Enkammarriksdagen,1991,1994,,
7839,Carl Bildt,Moderata samlingspartiet,Stockholms kommun,Enkammarriksdagen,1991,1994,,man
7840,Carl Fredrik Graf,Moderata samlingspartiet,Hallands län,Enkammarriksdagen,1991,1994,,man
7841,Carl G. Nilsson,Moderata samlingspartiet,Östergötlands län,Enkammarriksdagen,1991,1994,,man
7842,Carl Olov Persson,Kristdemokraterna,Västmanlands län,Enkammarriksdagen,1991,1994,,man
7843,Carl-Johan Wilson,Folkpartiet liberalerna,Jönköpings län,Enkammarriksdagen,1991,1994,,man
7844,Catarina Rönnung,Socialdemokraterna,Jönköpings län,Enkammarriksdagen,1991,1994,,
7845,Charlotte Branting,Folkpartiet liberalerna,Kronobergs län,Enkammarriksdagen,1991,1994,,woman
7846,Charlotte Cederschiöld,Moderata samlingspartiet,Stockholms kommun,Enkammarriksdagen,1991,1994,,woman
7847,Chatrine Pålsson Ahlgren,Kristdemokraterna,Kalmar län,Enkammarriksdagen,1991,1994,,
7848,Chris Heister,Moderata samlingspartiet,Stockholms län,Enkammarriksdagen,1991,1994,,man
7849,Christel Anderberg,Moderata samlingspartiet,Kopparbergs län,Enkammarriksdagen,1991,1994,,
7850,Christer Eirefelt,Folkpartiet liberalerna,Hallands län,Enkammarriksdagen,1991,1994,,
7851,Christer Lindblom,Folkpartiet liberalerna,Kalmar län,Enkammarriksdagen,1991,1994,,
7852,Christer Skoog,Socialdemokraterna,Blekinge län,Enkammarriksdagen,1991,1994,,
7853,Christer Windén,Ny demokrati,Kalmar län,Enkammarriksdagen,1991,1994,,
7854,Claus Zaar,Ny demokrati,Malmöhus län,Enkammarriksdagen,1991,1994,,
7855,Dan Ericsson,Kristdemokraterna,Östergötlands län,Enkammarriksdagen,1991,1994,,man
7856,Dan Eriksson,Ny demokrati,Stockholms kommun,Enkammarriksdagen,1991,1994,,man
7857,Daniel Tarschys,Folkpartiet liberalerna,Stockholms län,Enkammarriksdagen,1991,1994,,man
7858,Doris Håvik,Socialdemokraterna,Göteborgs kommun,Enkammarriksdagen,1991,1994,,woman
7859,Elisabeth Fleetwood,Moderata samlingspartiet,Stockholms kommun,Enkammarriksdagen,1991,1994,,woman
7860,Elisabeth Persson,Vänsterpartiet,Östergötlands län,Enkammarriksdagen,1991,1994,,woman
7861,Elver Jonsson,Folkpartiet liberalerna,Älvsborgs läns norra,Enkammarriksdagen,1991,1994,,
7862,Elving Andersson,Centerpartiet,Bohuslän,Enkammarriksdagen,1991,1994,,
7863,Elvy Söderström,Socialdemokraterna,Västernorrlands län,Enkammarriksdagen,1991,1994,,
7864,Erling Bager,Folkpartiet liberalerna,Göteborgs kommun,Enkammarriksdagen,1991,1994,,man
7865,Eva Johansson,Socialdemokraterna,Stockholms län,Enkammarriksdagen,1991,1994,,woman
7866,Eva Zetterberg,Vänsterpartiet,Stockholms kommun,Enkammarriksdagen,1991,1994,,woman
7867,Ewa Hedkvist Petersen,Socialdemokraterna,Norrbottens län,Enkammarriksdagen,1991,1994,,
7868,Fanny Rizell,Kristdemokraterna,Älvsborgs läns norra,Enkammarriksdagen,1991,1994,,woman
7869,Filip Fridolfsson,Moderata samlingspartiet,Stockholms kommun,Enkammarriksdagen,1991,1994,,man
7870,Fredrik Reinfeldt,Moderata samlingspartiet,Stockholms län,Enkammarriksdagen,1991,1994,,man
7871,Georg Andersson,Socialdemokraterna,Västerbottens län,Enkammarriksdagen,1991,1994,,man
7872,Gudrun Norberg,Folkpartiet liberalerna,Örebro län,Enkammarriksdagen,1991,1994,,
7873,Gudrun Schyman,Vänsterpartiet,Stockholms län,Enkammarriksdagen,1991,1994,,
7874,Gullan Lindblad,Moderata samlingspartiet,Värmlands län,Enkammarriksdagen,1991,1994,,
7875,Gunhild Bolander,Centerpartiet,Gotlands län,Enkammarriksdagen,1991,1994,,
7876,Gunnar Björk,Centerpartiet,Gävleborgs län,Enkammarriksdagen,1991,1994,,man
7877,Gunnar Hökmark,Moderata samlingspartiet,Stockholms län,Enkammarriksdagen,1991,1994,,man
7878,Gunnar Nilsson,Socialdemokraterna,Malmöhus län,Enkammarriksdagen,1991,1994,,man
7879,Gunnar Thollander,Socialdemokraterna,Uppsala län,Enkammarriksdagen,1991,1994,,man
7880,Gustaf von Essen,Moderata samlingspartiet,Uppsala län,Enkammarriksdagen,1991,1994,,man
7881,Göran Hägglund,Kristdemokraterna,Jönköpings län,Enkammarriksdagen,1991,1994,,man
7882,Göran Lennmarker,Moderata samlingspartiet,Stockholms län,Enkammarriksdagen,1991,1994,,man
7883,Göran Magnusson,Socialdemokraterna,Västmanlands län,Enkammarriksdagen,1991,1994,,man
7884,Göran Persson,Socialdemokraterna,Södermanlands län,Enkammarriksdagen,1991,1994,,man
7885,Göran Åstrand,Moderata samlingspartiet,Stockholms kommun,Enkammarriksdagen,1991,1994,,man
7886,Görel Bohlin,Moderata samlingspartiet,Stockholms län,Enkammarriksdagen,1991,1994,,
7887,Görel Thurdin,Centerpartiet,Västernorrlands län,Enkammarriksdagen,1991,1994,,
7888,Göte Jonsson,Moderata samlingspartiet,Jönköpings län,Enkammarriksdagen,1991,1994,,man
7889,Göthe Knutson,Moderata samlingspartiet,Värmlands län,Enkammarriksdagen,1991,1994,,
7890,Hans Dau,Moderata samlingspartiet,Västerbottens län,Enkammarriksdagen,1991,1994,,man
7891,Hans Gustafsson,Socialdemokraterna,Blekinge län,Enkammarriksdagen,1991,1994,,man
7892,Hans Göran Franck,Socialdemokraterna,Stockholms län,Enkammarriksdagen,1991,1994,,man
7893,Hans Karlsson,Socialdemokraterna,Örebro län,Enkammarriksdagen,1991,1994,,man
7894,Hans Lindblad,Folkpartiet liberalerna,Gävleborgs län,Enkammarriksdagen,1991,1994,,man
7895,Hans Nyhage,Moderata samlingspartiet,Älvsborgs läns södra,Enkammarriksdagen,1991,1994,,man
7896,Hans Stenberg,Socialdemokraterna,Västernorrlands län,Enkammarriksdagen,1991,1994,,man
7897,Harald Bergström,Kristdemokraterna,Kronobergs län,Enkammarriksdagen,1991,1994,,man
7898,Harriet Colliander,Ny demokrati,Stockholms län,Enkammarriksdagen,1991,1994,,woman
7899,Harry Staaf,Kristdemokraterna,Hallands län,Enkammarriksdagen,1991,1994,,man
7900,Henrik Landerholm,Moderata samlingspartiet,Södermanlands län,Enkammarriksdagen,1991,1994,,man
7901,Henrik S. Järrel,Moderata samlingspartiet,Stockholms kommun,Enkammarriksdagen,1991,1994,,man
7902,Holger Gustafsson,Kristdemokraterna,Skaraborgs län,Enkammarriksdagen,1991,1994,,man
7903,Hugo Bergdahl,Folkpartiet liberalerna,Västmanlands län,Enkammarriksdagen,1991,1994,,man
7904,Hugo Hegeland,Moderata samlingspartiet,Göteborgs kommun,Enkammarriksdagen,1991,1994,,man
7905,Håkan Holmberg,Folkpartiet liberalerna,Uppsala län,Enkammarriksdagen,1991,1994,,man
7906,Håkan Strömberg,Socialdemokraterna,Örebro län,Enkammarriksdagen,1991,1994,,man
7907,Ian Wachtmeister,Ny demokrati,Stockholms län,Enkammarriksdagen,1991,1994,,man
7908,Ines Uusmann,Socialdemokraterna,Stockholms län,Enkammarriksdagen,1991,1994,,woman
7909,Inga Berggren,Moderata samlingspartiet,Malmöhus län,Enkammarriksdagen,1991,1994,,
7910,Inga-Britt Johansson,Socialdemokraterna,Göteborgs kommun,Enkammarriksdagen,1991,1994,,
7911,Inge Carlsson,Socialdemokraterna,Östergötlands län,Enkammarriksdagen,1991,1994,,
7912,Ingegerd Elm,Socialdemokraterna,Jönköpings län,Enkammarriksdagen,1991,1994,,
7913,Ingegerd Sahlström,Socialdemokraterna,Hallands län,Enkammarriksdagen,1991,1994,,
7914,Ingegerd Troedsson,Moderata samlingspartiet,Uppsala län,Enkammarriksdagen,1991,1994,,
7915,Ingela Mårtensson,Folkpartiet liberalerna,Göteborgs kommun,Enkammarriksdagen,1991,1994,,
7916,Ingela Thalén,Socialdemokraterna,Stockholms län,Enkammarriksdagen,1991,1994,,
7917,Inger Davidson,Kristdemokraterna,Stockholms län,Enkammarriksdagen,1991,1994,,
7918,Inger Hestvik,Socialdemokraterna,Kopparbergs län,Enkammarriksdagen,1991,1994,,
7919,Inger Koch,Moderata samlingspartiet,Stockholms län,Enkammarriksdagen,1991,1994,,
7920,Inger Lundberg,Socialdemokraterna,Örebro län,Enkammarriksdagen,1991,1994,,
7921,Inger René,Moderata samlingspartiet,Bohuslän,Enkammarriksdagen,1991,1994,,
7922,Ingrid Andersson,Socialdemokraterna,Uppsala län,Enkammarriksdagen,1991,1994,,woman
7923,Ingrid Hemmingsson,Moderata samlingspartiet,Jämtlands län,Enkammarriksdagen,1991,1994,,woman
7924,Ingrid Näslund,Kristdemokraterna,Göteborgs kommun,Enkammarriksdagen,1991,1994,,woman
7925,Ingvar Björk,Socialdemokraterna,Östergötlands län,Enkammarriksdagen,1991,1994,,man
7926,Ingvar Carlsson,Socialdemokraterna,Stockholms län,Enkammarriksdagen,1991,1994,,man
7927,Ingvar Eriksson,Moderata samlingspartiet,Kristianstads län,Enkammarriksdagen,1991,1994,,man
7928,Ingvar Johnsson,Socialdemokraterna,Älvsborgs läns norra,Enkammarriksdagen,1991,1994,,man
7929,Iréne Vestlund,Socialdemokraterna,Kopparbergs län,Enkammarriksdagen,1991,1994,,
7930,Isa Halvarsson,Folkpartiet liberalerna,Värmlands län,Enkammarriksdagen,1991,1994,,woman
7931,Ivar Franzén,Centerpartiet,Hallands län,Enkammarriksdagen,1991,1994,,man
7932,Ivar Virgin,Moderata samlingspartiet,Skaraborgs län,Enkammarriksdagen,1991,1994,,man
7933,Jan Andersson,Socialdemokraterna,Fyrstadskretsen,Enkammarriksdagen,1991,1994,,man
7934,Jan Backman,Moderata samlingspartiet,Fyrstadskretsen,Enkammarriksdagen,1991,1994,,man
7935,Jan Bergqvist,Socialdemokraterna,Göteborgs kommun,Enkammarriksdagen,1991,1994,,man
7936,Jan Björkman,Socialdemokraterna,Blekinge län,Enkammarriksdagen,1991,1994,,man
7937,Jan Erik Ågren,Kristdemokraterna,Västernorrlands län,Enkammarriksdagen,1991,1994,,man
7938,Jan Fransson,Socialdemokraterna,Skaraborgs län,Enkammarriksdagen,1991,1994,,man
7939,Jan Jennehag,Vänsterpartiet,Västernorrlands län,Enkammarriksdagen,1991,1994,,man
7940,Jan Sandberg,Moderata samlingspartiet,Stockholms län,Enkammarriksdagen,1991,1994,,man
7941,Jan-Erik Wikström,Folkpartiet liberalerna,Stockholms kommun,Enkammarriksdagen,1991,1994,,
7942,Jerry Martinger,Moderata samlingspartiet,Stockholms län,Enkammarriksdagen,1991,1994,,man
7943,Jerzy Einhorn,Kristdemokraterna,Stockholms kommun,Enkammarriksdagen,1991,1994,,
7944,Johan Brohult,Ny demokrati,Göteborgs kommun,Enkammarriksdagen,1991,1994,,man
7945,Johan Lönnroth,Vänsterpartiet,Göteborgs kommun,Enkammarriksdagen,1991,1994,,man
7946,John Andersson,Vänsterpartiet,Västerbottens län,Enkammarriksdagen,1991,1994,,man
7947,John Bouvin,Ny demokrati,Stockholms län,Enkammarriksdagen,1991,1994,,man
7948,Johnny Ahlqvist,Socialdemokraterna,Kristianstads län,Enkammarriksdagen,1991,1994,,man
7949,Jon Peter Wieselgren,Ny demokrati,Värmlands län,Enkammarriksdagen,1991,1994,,man
7950,Kaj Larsson,Socialdemokraterna,Kristianstads län,Enkammarriksdagen,1991,1994,,man
7951,Karin Falkmer,Moderata samlingspartiet,Västmanlands län,Enkammarriksdagen,1991,1994,,woman
7952,Karin Wegestål,Socialdemokraterna,Malmöhus län,Enkammarriksdagen,1991,1994,,woman
7953,Karl Erik Olsson,Centerpartiet,Kristianstads län,Enkammarriksdagen,1991,1994,,man
7954,Karl Gustaf Sjödin,Ny demokrati,Västernorrlands län,Enkammarriksdagen,1991,1994,,man
7955,Karl Hagström,Socialdemokraterna,Gävleborgs län,Enkammarriksdagen,1991,1994,,man
7956,Karl-Erik Persson,Vänsterpartiet,Örebro län,Enkammarriksdagen,1991,1994,,
7957,Karl-Erik Svartberg,Socialdemokraterna,Bohuslän,Enkammarriksdagen,1991,1994,,
7958,Karl-Göran Biörsmark,Folkpartiet liberalerna,Östergötlands län,Enkammarriksdagen,1991,1994,,
7959,Karl-Gösta Svenson,Moderata samlingspartiet,Blekinge län,Enkammarriksdagen,1991,1994,,
7960,Kenneth Attefors,Ny demokrati,Kristianstads län,Enkammarriksdagen,1991,1994,,man
7961,Kenneth Lantz,Kristdemokraterna,Fyrstadskretsen,Enkammarriksdagen,1991,1994,,man
7962,Kent Carlsson,Socialdemokraterna,Stockholms kommun,Enkammarriksdagen,1991,1994,,man
7963,Kent Olsson,Moderata samlingspartiet,Bohuslän,Enkammarriksdagen,1991,1994,,man
7964,Kenth Skårvik,Folkpartiet liberalerna,Bohuslän,Enkammarriksdagen,1991,1994,,
7965,Kjell Eldensjö,Kristdemokraterna,Älvsborgs läns södra,Enkammarriksdagen,1991,1994,,man
7966,Kjell Ericsson,Centerpartiet,Värmlands län,Enkammarriksdagen,1991,1994,,man
7967,Kjell Johansson,Folkpartiet liberalerna,Södermanlands län,Enkammarriksdagen,1991,1994,,man
7968,Kjell Nilsson,Socialdemokraterna,Kronobergs län,Enkammarriksdagen,1991,1994,,man
7969,Knut Billing,Moderata samlingspartiet,Stockholms län,Enkammarriksdagen,1991,1994,,man
7970,Knut Wachtmeister,Moderata samlingspartiet,Malmöhus län,Enkammarriksdagen,1991,1994,,man
7971,Kristina Svensson,Socialdemokraterna,Värmlands län,Enkammarriksdagen,1991,1994,,woman
7972,Kurt Ove Johansson,Socialdemokraterna,Fyrstadskretsen,Enkammarriksdagen,1991,1994,,man
7973,Lahja Exner,Socialdemokraterna,Älvsborgs läns södra,Enkammarriksdagen,1991,1994,,
7974,Laila Jansson,Ny demokrati,Älvsborgs läns norra,Enkammarriksdagen,1991,1994,,woman
7975,Lars Andersson,Ny demokrati,Örebro län,Enkammarriksdagen,1991,1994,,man
7976,Lars Björkman,Moderata samlingspartiet,Älvsborgs läns södra,Enkammarriksdagen,1991,1994,,man
7977,Lars Bäckström,Vänsterpartiet,Bohuslän,Enkammarriksdagen,1991,1994,,man
7978,Lars Hedfors,Socialdemokraterna,Kronobergs län,Enkammarriksdagen,1991,1994,,man
7979,Lars Leijonborg,Folkpartiet liberalerna,Stockholms län,Enkammarriksdagen,1991,1994,,man
7980,Lars Moquist,Ny demokrati,Skaraborgs län,Enkammarriksdagen,1991,1994,,man
7981,Lars Stjernkvist,Socialdemokraterna,Östergötlands län,Enkammarriksdagen,1991,1994,,man
7982,Lars Sundin,Folkpartiet liberalerna,Älvsborgs läns södra,Enkammarriksdagen,1991,1994,,man
7983,Lars Svensk,Kristdemokraterna,Uppsala län,Enkammarriksdagen,1991,1994,,man
7984,Lars Tobisson,Moderata samlingspartiet,Stockholms län,Enkammarriksdagen,1991,1994,,man
7985,Lars Werner,Vänsterpartiet,Stockholms kommun,Enkammarriksdagen,1991,1994,,man
7986,Lars-Erik Lövdén,Socialdemokraterna,Fyrstadskretsen,Enkammarriksdagen,1991,1994,,
7987,Lars-Ove Hagberg,Vänsterpartiet,Kopparbergs län,Enkammarriksdagen,1991,1994,,
7988,Larz Johansson,Centerpartiet,Södermanlands län,Enkammarriksdagen,1991,1994,,
7989,Leif Bergdahl,Ny demokrati,Bohuslän,Enkammarriksdagen,1991,1994,,man
7990,Leif Carlson,Moderata samlingspartiet,Kalmar län,Enkammarriksdagen,1991,1994,,man
7991,Leif Marklund,Socialdemokraterna,Norrbottens län,Enkammarriksdagen,1991,1994,,man
7992,Lena Boström,Socialdemokraterna,Västerbottens län,Enkammarriksdagen,1991,1994,,woman
7993,Lena Hjelm-Wallén,Socialdemokraterna,Västmanlands län,Enkammarriksdagen,1991,1994,,woman
7994,Lena Klevenås,Socialdemokraterna,Älvsborgs läns norra,Enkammarriksdagen,1991,1994,,woman
7995,Lena Öhrsvik,Socialdemokraterna,Kalmar län,Enkammarriksdagen,1991,1994,,woman
7996,Lennart Brunander,Centerpartiet,Älvsborgs läns södra,Enkammarriksdagen,1991,1994,,man
7997,Lennart Daléus,Centerpartiet,Stockholms län,Enkammarriksdagen,1991,1994,,man
7998,Lennart Fremling,Folkpartiet liberalerna,Kopparbergs län,Enkammarriksdagen,1991,1994,,man
7999,Lennart Fridén,Moderata samlingspartiet,Göteborgs kommun,Enkammarriksdagen,1991,1994,,man
8000,Lennart Nilsson,Socialdemokraterna,Bohuslän,Enkammarriksdagen,1991,1994,,man
8001,Leo Persson,Socialdemokraterna,Kopparbergs län,Enkammarriksdagen,1991,1994,,man
8002,Liisa Rulander,Kristdemokraterna,Södermanlands län,Enkammarriksdagen,1991,1994,,
8003,Lisbet Calner,Socialdemokraterna,Bohuslän,Enkammarriksdagen,1991,1994,,
8004,Lisbeth Staaf-Igelström,Socialdemokraterna,Värmlands län,Enkammarriksdagen,1991,1994,,
8005,Liselotte Wågö,Moderata samlingspartiet,Hallands län,Enkammarriksdagen,1991,1994,,
8006,Magnus Persson,Socialdemokraterna,Värmlands län,Enkammarriksdagen,1991,1994,,man
8007,Maj Britt Theorin,Socialdemokraterna,Stockholms kommun,Enkammarriksdagen,1991,1994,,woman
8008,Maj-Inger Klingvall,Socialdemokraterna,Östergötlands län,Enkammarriksdagen,1991,1994,,
8009,Maj-Lis Lööw,Socialdemokraterna,Södermanlands län,Enkammarriksdagen,1991,1994,,
8010,Maja Bäckström,Socialdemokraterna,Kristianstads län,Enkammarriksdagen,1991,1994,,woman
8011,Margareta Gard,Moderata samlingspartiet,Kopparbergs län,Enkammarriksdagen,1991,1994,,
8012,Margareta Israelsson,Socialdemokraterna,Västmanlands län,Enkammarriksdagen,1991,1994,,
8013,Margareta Winberg,Socialdemokraterna,Jämtlands län,Enkammarriksdagen,1991,1994,,
8014,Margaretha af Ugglas,Moderata samlingspartiet,Stockholms kommun,Enkammarriksdagen,1991,1994,,
8015,Margit Gennser,Moderata samlingspartiet,Fyrstadskretsen,Enkammarriksdagen,1991,1994,,
8016,Margitta Edgren,Folkpartiet liberalerna,Fyrstadskretsen,Enkammarriksdagen,1991,1994,,
8017,Marianne Andersson,Centerpartiet,Älvsborgs läns norra,Enkammarriksdagen,1991,1994,,
8018,Marianne Carlström,Socialdemokraterna,Göteborgs kommun,Enkammarriksdagen,1991,1994,,
8019,Marianne Jönsson,Centerpartiet,Kalmar län,Enkammarriksdagen,1991,1994,,
8020,Mats Hellström,Socialdemokraterna,Stockholms kommun,Enkammarriksdagen,1991,1994,,man
8021,Mats Lindberg,Socialdemokraterna,Västerbottens län,Enkammarriksdagen,1991,1994,,man
8022,Mats Odell,Kristdemokraterna,Stockholms län,Enkammarriksdagen,1991,1994,,man
8023,Maud Björnemalm,Socialdemokraterna,Örebro län,Enkammarriksdagen,1991,1994,,
8024,Max Montalvo,Ny demokrati,Västmanlands län,Enkammarriksdagen,1991,1994,,man
8025,Mikael Odenberg,Moderata samlingspartiet,Stockholms kommun,Enkammarriksdagen,1991,1994,,man
8026,Mona Sahlin,Socialdemokraterna,Stockholms län,Enkammarriksdagen,1991,1994,,woman
8027,Mona Saint Cyr,Moderata samlingspartiet,Östergötlands län,Enkammarriksdagen,1991,1994,,woman
8028,Monica Widnemark,Socialdemokraterna,Kronobergs län,Enkammarriksdagen,1991,1994,,
8029,Monica Öhman,Socialdemokraterna,Norrbottens län,Enkammarriksdagen,1991,1994,,
8030,My Persson,Moderata samlingspartiet,Göteborgs kommun,Enkammarriksdagen,1991,1994,,woman
8031,Nic Grönvall,Moderata samlingspartiet,Hallands län,Enkammarriksdagen,1991,1994,,
8032,Nils Nordh,Socialdemokraterna,Jönköpings län,Enkammarriksdagen,1991,1994,,man
8033,Nils T. Svensson,Socialdemokraterna,Fyrstadskretsen,Enkammarriksdagen,1991,1994,,man
8034,Nils-Olof Gustafsson,Socialdemokraterna,Jämtlands län,Enkammarriksdagen,1991,1994,,
8035,Odd Engström,Socialdemokraterna,Kopparbergs län,Enkammarriksdagen,1991,1994,,
8036,Olle Lindström,Moderata samlingspartiet,Norrbottens län,Enkammarriksdagen,1991,1994,,man
8037,Olle Schmidt,Folkpartiet liberalerna,Fyrstadskretsen,Enkammarriksdagen,1991,1994,,man
8038,Olof Johansson,Centerpartiet,Stockholms kommun,Enkammarriksdagen,1991,1994,,man
8039,Oskar Lindkvist,Socialdemokraterna,Stockholms kommun,Enkammarriksdagen,1991,1994,,man
8040,Owe Andréasson,Socialdemokraterna,Hallands län,Enkammarriksdagen,1991,1994,,
8041,Patrik Norinder,Moderata samlingspartiet,Gävleborgs län,Enkammarriksdagen,1991,1994,,man
8042,Pehr Löfgreen,Moderata samlingspartiet,Östergötlands län,Enkammarriksdagen,1991,1994,,
8043,Per Olof Håkansson,Socialdemokraterna,Malmöhus län,Enkammarriksdagen,1991,1994,,man
8044,Per Stenmarck,Moderata samlingspartiet,Malmöhus län,Enkammarriksdagen,1991,1994,,man
8045,Per Westerberg,Moderata samlingspartiet,Södermanlands län,Enkammarriksdagen,1991,1994,,man
8046,Per-Ola Eriksson,Centerpartiet,Norrbottens län,Enkammarriksdagen,1991,1994,,
8047,Per-Richard Molén,Moderata samlingspartiet,Västernorrlands län,Enkammarriksdagen,1991,1994,,
8048,Peter Kling,Ny demokrati,Fyrstadskretsen,Enkammarriksdagen,1991,1994,,man
8049,Pierre Schori,Socialdemokraterna,Stockholms län,Enkammarriksdagen,1991,1994,,man
8050,Pontus Wiklund,Kristdemokraterna,Gävleborgs län,Enkammarriksdagen,1991,1994,,man
8051,Pär Granstedt,Centerpartiet,Stockholms län,Enkammarriksdagen,1991,1994,,man
8052,Reynoldh Furustrand,Socialdemokraterna,Södermanlands län,Enkammarriksdagen,1991,1994,,
8053,Richard Ulfvengren,Ny demokrati,Jönköpings län,Enkammarriksdagen,1991,1994,,man
8054,Rinaldo Karlsson,Socialdemokraterna,Västerbottens län,Enkammarriksdagen,1991,1994,,
8055,Robert Jousma,Ny demokrati,Uppsala län,Enkammarriksdagen,1991,1994,,man
8056,Roine Carlsson,Socialdemokraterna,Värmlands län,Enkammarriksdagen,1991,1994,,
8057,Roland Larsson,Centerpartiet,Östergötlands län,Enkammarriksdagen,1991,1994,,man
8058,Roland Lében,Kristdemokraterna,Värmlands län,Enkammarriksdagen,1991,1994,,man
8059,Roland Sundgren,Socialdemokraterna,Västmanlands län,Enkammarriksdagen,1991,1994,,man
8060,Rolf Clarkson,Moderata samlingspartiet,Fyrstadskretsen,Enkammarriksdagen,1991,1994,,man
8061,Rolf Dahlberg,Moderata samlingspartiet,Gävleborgs län,Enkammarriksdagen,1991,1994,,man
8062,Rolf L. Nilson,Vänsterpartiet,Fyrstadskretsen,Enkammarriksdagen,1991,1994,,man
8063,Rosa Östh,Centerpartiet,Uppsala län,Enkammarriksdagen,1991,1994,,woman
8064,Rose-Marie Frebran,Kristdemokraterna,Örebro län,Enkammarriksdagen,1991,1994,,
8065,Rune Backlund,Centerpartiet,Jönköpings län,Enkammarriksdagen,1991,1994,,man
8066,Rune Evensson,Socialdemokraterna,Älvsborgs läns norra,Enkammarriksdagen,1991,1994,,man
8067,Rune Rydén,Moderata samlingspartiet,Fyrstadskretsen,Enkammarriksdagen,1991,1994,,man
8068,Rune Thorén,Centerpartiet,Göteborgs kommun,Enkammarriksdagen,1991,1994,,man
8069,Sigge Godin,Folkpartiet liberalerna,Västernorrlands län,Enkammarriksdagen,1991,1994,,man
8070,Sigrid Bolkéus,Socialdemokraterna,Gävleborgs län,Enkammarriksdagen,1991,1994,,woman
8071,Sinikka Bohlin,Socialdemokraterna,Gävleborgs län,Enkammarriksdagen,1991,1994,,
8072,Siw Persson,Folkpartiet liberalerna,Malmöhus län,Enkammarriksdagen,1991,1994,,
8073,Sonia Karlsson,Socialdemokraterna,Östergötlands län,Enkammarriksdagen,1991,1994,,woman
8074,Sonja Rembo,Moderata samlingspartiet,Göteborgs kommun,Enkammarriksdagen,1991,1994,,woman
8075,Stefan Attefall,Kristdemokraterna,Västerbottens län,Enkammarriksdagen,1991,1994,,man
8076,Stefan Kihlberg,Ny demokrati,Kopparbergs län,Enkammarriksdagen,1991,1994,,man
8077,Sten Andersson,Socialdemokraterna,Stockholms kommun,Enkammarriksdagen,1991,1994,,man
8078,Sten Andersson,Moderata samlingspartiet,Fyrstadskretsen,Enkammarriksdagen,1991,1994,,man
8079,Sten Svensson,Moderata samlingspartiet,Skaraborgs län,Enkammarriksdagen,1991,1994,,man
8080,Sten Söderberg,Ny demokrati,Kronobergs län,Enkammarriksdagen,1991,1994,,man
8081,Sten Östlund,Socialdemokraterna,Göteborgs kommun,Enkammarriksdagen,1991,1994,,man
8082,Sten-Ove Sundström,Socialdemokraterna,Norrbottens län,Enkammarriksdagen,1991,1994,,
8083,Stig Alemyr,Socialdemokraterna,Kalmar län,Enkammarriksdagen,1991,1994,,man
8084,Stig Bertilsson,Moderata samlingspartiet,Älvsborgs läns norra,Enkammarriksdagen,1991,1994,,man
8085,Stig Grauers,Moderata samlingspartiet,Bohuslän,Enkammarriksdagen,1991,1994,,man
8086,Stig Rindborg,Moderata samlingspartiet,Stockholms län,Enkammarriksdagen,1991,1994,,man
8087,Stina Eliasson,Centerpartiet,Jämtlands län,Enkammarriksdagen,1991,1994,,woman
8088,Stina Gustavsson,Centerpartiet,Kronobergs län,Enkammarriksdagen,1991,1994,,woman
8089,Sture Ericson,Socialdemokraterna,Örebro län,Enkammarriksdagen,1991,1994,,man
8090,Sven Lundberg,Socialdemokraterna,Västernorrlands län,Enkammarriksdagen,1991,1994,,man
8091,Sven-Gösta Signell,Socialdemokraterna,Skaraborgs län,Enkammarriksdagen,1991,1994,,
8092,Sven-Olof Petersson,Centerpartiet,Blekinge län,Enkammarriksdagen,1991,1994,,
8093,Sverre Palm,Socialdemokraterna,Bohuslän,Enkammarriksdagen,1991,1994,,
8094,Sören Lekberg,Socialdemokraterna,Stockholms län,Enkammarriksdagen,1991,1994,,man
8095,Thage G. Peterson,Socialdemokraterna,Stockholms län,Enkammarriksdagen,1991,1994,,
8096,Tom Heyman,Moderata samlingspartiet,Göteborgs kommun,Enkammarriksdagen,1991,1994,,man
8097,Torgny Larsson,Socialdemokraterna,Göteborgs kommun,Enkammarriksdagen,1991,1994,,man
8098,Tuve Skånberg,Kristdemokraterna,Kristianstads län,Enkammarriksdagen,1991,1994,,
8099,Ulf Björklund,Kristdemokraterna,Kopparbergs län,Enkammarriksdagen,1991,1994,,man
8100,Ulf Eriksson,Ny demokrati,Gävleborgs län,Enkammarriksdagen,1991,1994,,man
8101,Ulf Lönnqvist,Socialdemokraterna,Stockholms län,Enkammarriksdagen,1991,1994,,man
8102,Ulla Orring,Folkpartiet liberalerna,Västerbottens län,Enkammarriksdagen,1991,1994,,
8103,Ulla Pettersson,Socialdemokraterna,Gotlands län,Enkammarriksdagen,1991,1994,,
8104,Ulla-Britt Åbark,Socialdemokraterna,Hallands län,Enkammarriksdagen,1991,1994,,
8105,Ulrica Messing,Socialdemokraterna,Gävleborgs län,Enkammarriksdagen,1991,1994,,
8106,Viola Furubjelke,Socialdemokraterna,Östergötlands län,Enkammarriksdagen,1991,1994,,woman
8107,Widar Andersson,Socialdemokraterna,Gävleborgs län,Enkammarriksdagen,1991,1994,,
8108,Wiggo Komstedt,Moderata samlingspartiet,Kristianstads län,Enkammarriksdagen,1991,1994,,
8109,Ylva Annerstedt,Folkpartiet liberalerna,Stockholms län,Enkammarriksdagen,1991,1994,,woman
8110,Yvonne Sandberg-Fries,Socialdemokraterna,Blekinge län,Enkammarriksdagen,1991,1994,,
8111,Åke Carnerö,Kristdemokraterna,Bohuslän,Enkammarriksdagen,1991,1994,,man
8112,Åke Gustavsson,Socialdemokraterna,Jönköpings län,Enkammarriksdagen,1991,1994,,man
8113,Åke Selberg,Socialdemokraterna,Norrbottens län,Enkammarriksdagen,1991,1994,,man
8114,Agne Hansson,Centerpartiet,,Enkammarriksdagen,1994,1998,,
8115,Agneta Lundberg,Socialdemokraterna,,Enkammarriksdagen,1994,1998,,
8116,Agneta Ringman,Socialdemokraterna,,Enkammarriksdagen,1994,1998,,
8117,Alf Eriksson,Socialdemokraterna,,Enkammarriksdagen,1994,1998,,man
8118,Alf Svensson,Kristdemokraterna,,Enkammarriksdagen,1994,1998,,man
8119,Alice Åström,Vänsterpartiet,,Enkammarriksdagen,1994,1998,,woman
8120,Anders Björck,Moderata samlingspartiet,,Enkammarriksdagen,1994,1998,,man
8121,Anders G Högmark,Moderata samlingspartiet,,Enkammarriksdagen,1994,1998,,man
8122,Anders Nilsson,Socialdemokraterna,,Enkammarriksdagen,1994,1998,,man
8123,Anders Svärd,Centerpartiet,,Enkammarriksdagen,1994,1998,,man
8124,Anders Ygeman,Socialdemokraterna,,Enkammarriksdagen,1994,1998,,man
8125,Andreas Carlgren,Centerpartiet,,Enkammarriksdagen,1994,1998,,man
8126,Anita Johansson,Socialdemokraterna,,Enkammarriksdagen,1994,1998,,woman
8127,Anita Jönsson,Socialdemokraterna,,Enkammarriksdagen,1994,1998,,woman
8128,Anita Persson,Socialdemokraterna,,Enkammarriksdagen,1994,1998,,woman
8129,Ann-Kristine Johansson,Socialdemokraterna,,Enkammarriksdagen,1994,1998,,
8130,Ann-Marie Fagerström,Socialdemokraterna,,Enkammarriksdagen,1994,1998,,
8131,Anna Åkerhielm,Moderata samlingspartiet,,Enkammarriksdagen,1994,1998,,woman
8132,Anne Wibble,Folkpartiet liberalerna,,Enkammarriksdagen,1994,1998,,
8133,Annika Jonsell,Moderata samlingspartiet,,Enkammarriksdagen,1994,1998,,woman
8134,Annika Nilsson,Socialdemokraterna,,Enkammarriksdagen,1994,1998,,woman
8135,Annika Nordgren Christensen,Miljöpartiet de Gröna,,Enkammarriksdagen,1994,1998,,woman
8136,Arne Andersson,Moderata samlingspartiet,,Enkammarriksdagen,1994,1998,,man
8137,Arne Kjörnsberg,Socialdemokraterna,,Enkammarriksdagen,1994,1998,,man
8138,Axel Andersson,Socialdemokraterna,,Enkammarriksdagen,1994,1998,,man
8139,Barbro Andersson Öhrn,Socialdemokraterna,,Enkammarriksdagen,1994,1998,,
8140,Barbro Hietala Nordlund,Socialdemokraterna,,Enkammarriksdagen,1994,1998,,
8141,Barbro Johansson,Miljöpartiet de Gröna,,Enkammarriksdagen,1994,1998,,
8142,Barbro Westerholm,Folkpartiet liberalerna,,Enkammarriksdagen,1994,1998,,
8143,Beatrice Ask,Moderata samlingspartiet,,Enkammarriksdagen,1994,1998,,woman
8144,Bengt Harding Olson,Folkpartiet liberalerna,,Enkammarriksdagen,1994,1998,,man
8145,Bengt Hurtig,Vänsterpartiet,,Enkammarriksdagen,1994,1998,,man
8146,Bengt Kronblad,Socialdemokraterna,,Enkammarriksdagen,1994,1998,,man
8147,Bengt Silfverstrand,Socialdemokraterna,,Enkammarriksdagen,1994,1998,,man
8148,Bengt-Ola Ryttar,Socialdemokraterna,,Enkammarriksdagen,1994,1998,,
8149,Berit Andnor,Socialdemokraterna,,Enkammarriksdagen,1994,1998,,
8150,Berit Löfstedt,Socialdemokraterna,,Enkammarriksdagen,1994,1998,,
8151,Berit Oscarsson,Socialdemokraterna,,Enkammarriksdagen,1994,1998,,
8152,Berndt Ekholm,Socialdemokraterna,,Enkammarriksdagen,1994,1998,,
8153,Bertil Persson,Moderata samlingspartiet,,Enkammarriksdagen,1994,1998,,man
8154,Birger Hagård,Moderata samlingspartiet,,Enkammarriksdagen,1994,1998,,man
8155,Birger Schlaug,Miljöpartiet de Gröna,,Enkammarriksdagen,1994,1998,,man
8156,Birgit Friggebo,Folkpartiet liberalerna,,Enkammarriksdagen,1994,1998,,
8157,Birgitta Carlsson,Centerpartiet,,Enkammarriksdagen,1994,1998,,
8158,Birgitta Dahl,Socialdemokraterna,,Enkammarriksdagen,1994,1998,,
8159,Birgitta Gidblom,Socialdemokraterna,,Enkammarriksdagen,1994,1998,,
8160,Birgitta Hambraeus,Centerpartiet,,Enkammarriksdagen,1994,1998,,
8161,Birgitta Johansson,Socialdemokraterna,,Enkammarriksdagen,1994,1998,,
8162,Birgitta Wichne,Moderata samlingspartiet,,Enkammarriksdagen,1994,1998,,
8163,Birgitta Wistrand,Moderata samlingspartiet,,Enkammarriksdagen,1994,1998,,
8164,Birthe Sörestedt,Socialdemokraterna,,Enkammarriksdagen,1994,1998,,
8165,Björn Kaaling,Socialdemokraterna,,Enkammarriksdagen,1994,1998,,man
8166,Björn von Sydow,Socialdemokraterna,,Enkammarriksdagen,1994,1998,,man
8167,Bo Finnkvist,Socialdemokraterna,,Enkammarriksdagen,1994,1998,,man
8168,Bo Könberg,Folkpartiet liberalerna,,Enkammarriksdagen,1994,1998,,man
8169,Bo Lundgren,Moderata samlingspartiet,,Enkammarriksdagen,1994,1998,,man
8170,Bo Nilsson,Socialdemokraterna,,Enkammarriksdagen,1994,1998,,man
8171,Bodil Francke Ohlsson,Miljöpartiet de Gröna,,Enkammarriksdagen,1994,1998,,woman
8172,Britt Bohlin,Socialdemokraterna,,Enkammarriksdagen,1994,1998,,
8173,Britt-Marie Danestig-Olofsson,Vänsterpartiet,,Enkammarriksdagen,1994,1998,,
8174,Britta Sundin,Socialdemokraterna,,Enkammarriksdagen,1994,1998,,woman
8175,Börje Nilsson,Socialdemokraterna,,Enkammarriksdagen,1994,1998,,man
8176,Carin Lundberg,Socialdemokraterna,,Enkammarriksdagen,1994,1998,,
8177,Carina Hägg,Socialdemokraterna,,Enkammarriksdagen,1994,1998,,
8178,Carina Moberg,Socialdemokraterna,,Enkammarriksdagen,1994,1998,,
8179,Carl Bildt,Moderata samlingspartiet,,Enkammarriksdagen,1994,1998,,man
8180,Carl Erik Hedlund,Moderata samlingspartiet,,Enkammarriksdagen,1994,1998,,man
8181,Carl Fredrik Graf,Moderata samlingspartiet,,Enkammarriksdagen,1994,1998,,man
8182,Carl G. Nilsson,Moderata samlingspartiet,,Enkammarriksdagen,1994,1998,,man
8183,Carl-Johan Wilson,Folkpartiet liberalerna,,Enkammarriksdagen,1994,1998,,man
8184,Catarina Rönnung,Socialdemokraterna,,Enkammarriksdagen,1994,1998,,
8185,Catherine Persson,Socialdemokraterna,,Enkammarriksdagen,1994,1998,,
8186,Charlotta L. Bjälkebring,Vänsterpartiet,,Enkammarriksdagen,1994,1998,,woman
8187,Chatrine Pålsson,Kristdemokraterna,,Enkammarriksdagen,1994,1998,,
8188,Chris Heister,Moderata samlingspartiet,,Enkammarriksdagen,1994,1998,,man
8189,Christel Anderberg,Moderata samlingspartiet,,Enkammarriksdagen,1994,1998,,
8190,Christer Eirefelt,Folkpartiet liberalerna,,Enkammarriksdagen,1994,1998,,
8191,Christer Skoog,Socialdemokraterna,,Enkammarriksdagen,1994,1998,,
8192,Christin Nilsson,Socialdemokraterna,,Enkammarriksdagen,1994,1998,,
8193,Christina Pettersson,Socialdemokraterna,,Enkammarriksdagen,1994,1998,,woman
8194,Claes-Göran Brandin,Socialdemokraterna,,Enkammarriksdagen,1994,1998,,
8195,Conny Öhman,Socialdemokraterna,,Enkammarriksdagen,1994,1998,,man
8196,Dag Ericson,Socialdemokraterna,,Enkammarriksdagen,1994,1998,,man
8197,Dan Ericsson,Kristdemokraterna,,Enkammarriksdagen,1994,1998,,man
8198,Elisa Abascal Reyes,Miljöpartiet de Gröna,,Enkammarriksdagen,1994,1998,,woman
8199,Elisabeth Fleetwood,Moderata samlingspartiet,,Enkammarriksdagen,1994,1998,,woman
8200,Elizabeth Nyström,Moderata samlingspartiet,,Enkammarriksdagen,1994,1998,,woman
8201,Elver Jonsson,Folkpartiet liberalerna,,Enkammarriksdagen,1994,1998,,
8202,Elving Andersson,Centerpartiet,,Enkammarriksdagen,1994,1998,,
8203,Erik Arthur Egervärn,Centerpartiet,,Enkammarriksdagen,1994,1998,,man
8204,Erling Bager,Folkpartiet liberalerna,,Enkammarriksdagen,1994,1998,,man
8205,Eskil Erlandsson,Centerpartiet,,Enkammarriksdagen,1994,1998,,man
8206,Eva Arvidsson,Socialdemokraterna,,Enkammarriksdagen,1994,1998,,woman
8207,Eva Björne,Moderata samlingspartiet,,Enkammarriksdagen,1994,1998,,woman
8208,Eva Eriksson,Folkpartiet liberalerna,,Enkammarriksdagen,1994,1998,,woman
8209,Eva Flyborg,Folkpartiet liberalerna,,Enkammarriksdagen,1994,1998,,woman
8210,Eva Goës,Miljöpartiet de Gröna,,Enkammarriksdagen,1994,1998,,woman
8211,Eva Johansson,Socialdemokraterna,,Enkammarriksdagen,1994,1998,,woman
8212,Eva Persson Sellin,Socialdemokraterna,,Enkammarriksdagen,1994,1998,,woman
8213,Eva Zetterberg,Vänsterpartiet,,Enkammarriksdagen,1994,1998,,woman
8214,Ewa Larsson,Miljöpartiet de Gröna,,Enkammarriksdagen,1994,1998,,
8215,Fanny Rizell,Kristdemokraterna,,Enkammarriksdagen,1994,1998,,woman
8216,Frank Lassen,Socialdemokraterna,,Enkammarriksdagen,1994,1998,,man
8217,Fredrik Reinfeldt,Moderata samlingspartiet,,Enkammarriksdagen,1994,1998,,man
8218,Gudrun Lindvall,Miljöpartiet de Gröna,,Enkammarriksdagen,1994,1998,,
8219,Gudrun Schyman,Vänsterpartiet,,Enkammarriksdagen,1994,1998,,
8220,Gullan Lindblad,Moderata samlingspartiet,,Enkammarriksdagen,1994,1998,,
8221,Gun Hellsvik,Moderata samlingspartiet,,Enkammarriksdagen,1994,1998,,
8222,Gunnar Goude,Miljöpartiet de Gröna,,Enkammarriksdagen,1994,1998,,man
8223,Gunnar Hökmark,Moderata samlingspartiet,,Enkammarriksdagen,1994,1998,,man
8224,Gustaf von Essen,Moderata samlingspartiet,,Enkammarriksdagen,1994,1998,,man
8225,Göran Hägglund,Kristdemokraterna,,Enkammarriksdagen,1994,1998,,man
8226,Göran Lennmarker,Moderata samlingspartiet,,Enkammarriksdagen,1994,1998,,man
8227,Göran Magnusson,Socialdemokraterna,,Enkammarriksdagen,1994,1998,,man
8228,Göran Persson,Socialdemokraterna,,Enkammarriksdagen,1994,1998,,man
8229,Görel Thurdin,Centerpartiet,,Enkammarriksdagen,1994,1998,,
8230,Göte Jonsson,Moderata samlingspartiet,,Enkammarriksdagen,1994,1998,,man
8231,Göthe Knutson,Moderata samlingspartiet,,Enkammarriksdagen,1994,1998,,
8232,Hanna Zetterberg,Vänsterpartiet,,Enkammarriksdagen,1994,1998,,woman
8233,Hans Andersson,Vänsterpartiet,,Enkammarriksdagen,1994,1998,,man
8234,Hans Hjortzberg-Nordlund,Moderata samlingspartiet,,Enkammarriksdagen,1994,1998,,man
8235,Hans Karlsson,Socialdemokraterna,,Enkammarriksdagen,1994,1998,,man
8236,Hans Stenberg,Socialdemokraterna,,Enkammarriksdagen,1994,1998,,man
8237,Helena Frisk,Socialdemokraterna,,Enkammarriksdagen,1994,1998,,woman
8238,Helena Nilsson,Centerpartiet,,Enkammarriksdagen,1994,1998,,woman
8239,Henrik Landerholm,Moderata samlingspartiet,,Enkammarriksdagen,1994,1998,,man
8240,Henrik S. Järrel,Moderata samlingspartiet,,Enkammarriksdagen,1994,1998,,man
8241,Holger Gustafsson,Kristdemokraterna,,Enkammarriksdagen,1994,1998,,man
8242,Håkan Holmberg,Folkpartiet liberalerna,,Enkammarriksdagen,1994,1998,,man
8243,Håkan Juholt,Socialdemokraterna,,Enkammarriksdagen,1994,1998,,man
8244,Håkan Strömberg,Socialdemokraterna,,Enkammarriksdagen,1994,1998,,man
8245,Ines Uusmann,Socialdemokraterna,,Enkammarriksdagen,1994,1998,,woman
8246,Inga Berggren,Moderata samlingspartiet,,Enkammarriksdagen,1994,1998,,
8247,Inga-Britt Johansson,Socialdemokraterna,,Enkammarriksdagen,1994,1998,,
8248,Ingbritt Irhammar,Centerpartiet,,Enkammarriksdagen,1994,1998,,
8249,Inge Carlsson,Socialdemokraterna,,Enkammarriksdagen,1994,1998,,
8250,Ingegerd Sahlström,Socialdemokraterna,,Enkammarriksdagen,1994,1998,,
8251,Ingegerd Wärnersson,Socialdemokraterna,,Enkammarriksdagen,1994,1998,,
8252,Ingela Thalén,Socialdemokraterna,,Enkammarriksdagen,1994,1998,,
8253,Ingemar Josefsson,Socialdemokraterna,,Enkammarriksdagen,1994,1998,,man
8254,Inger Davidson,Kristdemokraterna,,Enkammarriksdagen,1994,1998,,
8255,Inger Koch,Moderata samlingspartiet,,Enkammarriksdagen,1994,1998,,
8256,Inger Lundberg,Socialdemokraterna,,Enkammarriksdagen,1994,1998,,
8257,Inger René,Moderata samlingspartiet,,Enkammarriksdagen,1994,1998,,
8258,Inger Segelström,Socialdemokraterna,,Enkammarriksdagen,1994,1998,,
8259,Ingibjörg Sigurdsdóttir,Socialdemokraterna,,Enkammarriksdagen,1994,1998,,
8260,Ingrid Andersson,Socialdemokraterna,,Enkammarriksdagen,1994,1998,,woman
8261,Ingrid Burman,Vänsterpartiet,,Enkammarriksdagen,1994,1998,,woman
8262,Ingrid Näslund,Kristdemokraterna,,Enkammarriksdagen,1994,1998,,woman
8263,Ingrid Skeppstedt,Centerpartiet,,Enkammarriksdagen,1994,1998,,woman
8264,Ingvar Eriksson,Moderata samlingspartiet,,Enkammarriksdagen,1994,1998,,man
8265,Ingvar Johnsson,Socialdemokraterna,,Enkammarriksdagen,1994,1998,,man
8266,Iréne Vestlund,Socialdemokraterna,,Enkammarriksdagen,1994,1998,,
8267,Isa Halvarsson,Folkpartiet liberalerna,,Enkammarriksdagen,1994,1998,,woman
8268,Jan Backman,Moderata samlingspartiet,,Enkammarriksdagen,1994,1998,,man
8269,Jan Bergqvist,Socialdemokraterna,,Enkammarriksdagen,1994,1998,,man
8270,Jan Björkman,Socialdemokraterna,,Enkammarriksdagen,1994,1998,,man
8271,Jan Jennehag,Vänsterpartiet,,Enkammarriksdagen,1994,1998,,man
8272,Jan-Olof Franzén,Moderata samlingspartiet,,Enkammarriksdagen,1994,1998,,
8273,Jarl Lander,Socialdemokraterna,,Enkammarriksdagen,1994,1998,,man
8274,Jeppe Johnsson,Moderata samlingspartiet,,Enkammarriksdagen,1994,1998,,
8275,Jerry Martinger,Moderata samlingspartiet,,Enkammarriksdagen,1994,1998,,man
8276,Johan Lönnroth,Vänsterpartiet,,Enkammarriksdagen,1994,1998,,man
8277,Johnny Ahlqvist,Socialdemokraterna,,Enkammarriksdagen,1994,1998,,man
8278,Juan Fonseca,Socialdemokraterna,,Enkammarriksdagen,1994,1998,,
8279,Kaj Larsson,Socialdemokraterna,,Enkammarriksdagen,1994,1998,,man
8280,Karin Falkmer,Moderata samlingspartiet,,Enkammarriksdagen,1994,1998,,woman
8281,Karin Israelsson,Centerpartiet,,Enkammarriksdagen,1994,1998,,woman
8282,Karin Olsson,Socialdemokraterna,,Enkammarriksdagen,1994,1998,,woman
8283,Karin Pilsäter,Folkpartiet liberalerna,,Enkammarriksdagen,1994,1998,,woman
8284,Karin Starrin,Centerpartiet,,Enkammarriksdagen,1994,1998,,woman
8285,Karin Wegestål,Socialdemokraterna,,Enkammarriksdagen,1994,1998,,woman
8286,Karl Hagström,Socialdemokraterna,,Enkammarriksdagen,1994,1998,,man
8287,Karl-Erik Persson,Vänsterpartiet,,Enkammarriksdagen,1994,1998,,
8288,Karl-Göran Biörsmark,Folkpartiet liberalerna,,Enkammarriksdagen,1994,1998,,
8289,Karl-Gösta Svenson,Moderata samlingspartiet,,Enkammarriksdagen,1994,1998,,
8290,Kenneth Kvist,Vänsterpartiet,,Enkammarriksdagen,1994,1998,,man
8291,Kent Olsson,Moderata samlingspartiet,,Enkammarriksdagen,1994,1998,,man
8292,Kenth Skårvik,Folkpartiet liberalerna,,Enkammarriksdagen,1994,1998,,
8293,Kerstin Heinemann,Folkpartiet liberalerna,,Enkammarriksdagen,1994,1998,,woman
8294,Kerstin Kristiansson Karlstedt,Socialdemokraterna,,Enkammarriksdagen,1994,1998,,woman
8295,Kerstin Warnerbring,Centerpartiet,,Enkammarriksdagen,1994,1998,,woman
8296,Kia Andreasson,Miljöpartiet de Gröna,,Enkammarriksdagen,1994,1998,,
8297,Kjell Ericsson,Centerpartiet,,Enkammarriksdagen,1994,1998,,man
8298,Kjell Nordström,Socialdemokraterna,,Enkammarriksdagen,1994,1998,,man
8299,Knut Billing,Moderata samlingspartiet,,Enkammarriksdagen,1994,1998,,man
8300,Krister Örnfjäder,Socialdemokraterna,,Enkammarriksdagen,1994,1998,,man
8301,Kristina Nordström,Socialdemokraterna,,Enkammarriksdagen,1994,1998,,woman
8302,Kristina Zakrisson,Socialdemokraterna,,Enkammarriksdagen,1994,1998,,woman
8303,Kurt Ove Johansson,Socialdemokraterna,,Enkammarriksdagen,1994,1998,,man
8304,Laila Bjurling,Socialdemokraterna,,Enkammarriksdagen,1994,1998,,woman
8305,Laila Bäck,Socialdemokraterna,,Enkammarriksdagen,1994,1998,,woman
8306,Lars Björkman,Moderata samlingspartiet,,Enkammarriksdagen,1994,1998,,man
8307,Lars Bäckström,Vänsterpartiet,,Enkammarriksdagen,1994,1998,,man
8308,Lars Hedfors,Socialdemokraterna,,Enkammarriksdagen,1994,1998,,man
8309,Lars Hjertén,Moderata samlingspartiet,,Enkammarriksdagen,1994,1998,,man
8310,Lars Leijonborg,Folkpartiet liberalerna,,Enkammarriksdagen,1994,1998,,man
8311,Lars Lilja,Socialdemokraterna,,Enkammarriksdagen,1994,1998,,man
8312,Lars Stjernkvist,Socialdemokraterna,,Enkammarriksdagen,1994,1998,,man
8313,Lars Tobisson,Moderata samlingspartiet,,Enkammarriksdagen,1994,1998,,man
8314,Lars U. Granberg,Socialdemokraterna,,Enkammarriksdagen,1994,1998,,man
8315,Lars-Erik Lövdén,Socialdemokraterna,,Enkammarriksdagen,1994,1998,,
8316,Leif Carlson,Moderata samlingspartiet,,Enkammarriksdagen,1994,1998,,man
8317,Leif Marklund,Socialdemokraterna,,Enkammarriksdagen,1994,1998,,man
8318,Lena Hjelm-Wallén,Socialdemokraterna,,Enkammarriksdagen,1994,1998,,woman
8319,Lena Klevenås,Socialdemokraterna,,Enkammarriksdagen,1994,1998,,woman
8320,Lena Larsson,Socialdemokraterna,,Enkammarriksdagen,1994,1998,,woman
8321,Lena Sandlin-Hedman,Socialdemokraterna,,Enkammarriksdagen,1994,1998,,woman
8322,Lennart Beijer,Vänsterpartiet,,Enkammarriksdagen,1994,1998,,man
8323,Lennart Brunander,Centerpartiet,,Enkammarriksdagen,1994,1998,,man
8324,Lennart Daléus,Centerpartiet,,Enkammarriksdagen,1994,1998,,man
8325,Lennart Fremling,Folkpartiet liberalerna,,Enkammarriksdagen,1994,1998,,man
8326,Lennart Fridén,Moderata samlingspartiet,,Enkammarriksdagen,1994,1998,,man
8327,Lennart Hedquist,Moderata samlingspartiet,,Enkammarriksdagen,1994,1998,,man
8328,Lennart Klockare,Socialdemokraterna,,Enkammarriksdagen,1994,1998,,man
8329,Lennart Nilsson,Socialdemokraterna,,Enkammarriksdagen,1994,1998,,man
8330,Lennart Rohdin,Folkpartiet liberalerna,,Enkammarriksdagen,1994,1998,,man
8331,Leo Persson,Socialdemokraterna,,Enkammarriksdagen,1994,1998,,man
8332,Lilian Virgin,Socialdemokraterna,,Enkammarriksdagen,1994,1998,,woman
8333,Lisbet Calner,Socialdemokraterna,,Enkammarriksdagen,1994,1998,,
8334,Lisbeth Staaf-Igelström,Socialdemokraterna,,Enkammarriksdagen,1994,1998,,
8335,Liselotte Wågö,Moderata samlingspartiet,,Enkammarriksdagen,1994,1998,,
8336,Maggi Mikaelsson,Vänsterpartiet,,Enkammarriksdagen,1994,1998,,
8337,Magnus Johansson,Socialdemokraterna,,Enkammarriksdagen,1994,1998,,man
8338,Maj-Inger Klingvall,Socialdemokraterna,,Enkammarriksdagen,1994,1998,,
8339,Majléne Westerlund Panke,Socialdemokraterna,,Enkammarriksdagen,1994,1998,,
8340,Margareta Andersson,Centerpartiet,,Enkammarriksdagen,1994,1998,,
8341,Margareta E. Nordenvall,Moderata samlingspartiet,,Enkammarriksdagen,1994,1998,,
8342,Margareta Israelsson,Socialdemokraterna,,Enkammarriksdagen,1994,1998,,
8343,Margareta Sandgren,Socialdemokraterna,,Enkammarriksdagen,1994,1998,,
8344,Margareta Winberg,Socialdemokraterna,,Enkammarriksdagen,1994,1998,,
8345,Margit Gennser,Moderata samlingspartiet,,Enkammarriksdagen,1994,1998,,
8346,Margitta Edgren,Folkpartiet liberalerna,,Enkammarriksdagen,1994,1998,,
8347,Marianne Andersson,Centerpartiet,,Enkammarriksdagen,1994,1998,,
8348,Marianne Carlström,Socialdemokraterna,,Enkammarriksdagen,1994,1998,,
8349,Marianne Jönsson,Socialdemokraterna,,Enkammarriksdagen,1994,1998,,
8350,Marianne Samuelsson,Miljöpartiet de Gröna,,Enkammarriksdagen,1994,1998,,
8351,Marie Engström,Vänsterpartiet,,Enkammarriksdagen,1994,1998,,woman
8352,Marie Granlund,Socialdemokraterna,,Enkammarriksdagen,1994,1998,,woman
8353,Marie Wilén,Centerpartiet,,Enkammarriksdagen,1994,1998,,woman
8354,Marietta de Pourbaix-Lundin,Moderata samlingspartiet,,Enkammarriksdagen,1994,1998,,
8355,Martin Nilsson,Socialdemokraterna,,Enkammarriksdagen,1994,1998,,man
8356,Mats Lindberg,Socialdemokraterna,,Enkammarriksdagen,1994,1998,,man
8357,Mats Odell,Kristdemokraterna,,Enkammarriksdagen,1994,1998,,man
8358,Maud Björnemalm,Socialdemokraterna,,Enkammarriksdagen,1994,1998,,
8359,Maud Ekendahl,Moderata samlingspartiet,,Enkammarriksdagen,1994,1998,,
8360,Michael Hagberg,Socialdemokraterna,,Enkammarriksdagen,1994,1998,,man
8361,Michael Stjernström,Kristdemokraterna,,Enkammarriksdagen,1994,1998,,man
8362,Mikael Odenberg,Moderata samlingspartiet,,Enkammarriksdagen,1994,1998,,man
8363,Mona Berglund Nilsson,Socialdemokraterna,,Enkammarriksdagen,1994,1998,,woman
8364,Monica Green,Socialdemokraterna,,Enkammarriksdagen,1994,1998,,
8365,Monica Widnemark,Socialdemokraterna,,Enkammarriksdagen,1994,1998,,
8366,Monica Öhman,Socialdemokraterna,,Enkammarriksdagen,1994,1998,,
8367,My Persson,Moderata samlingspartiet,,Enkammarriksdagen,1994,1998,,woman
8368,Märta Johansson,Socialdemokraterna,,Enkammarriksdagen,1994,1998,,woman
8369,Nalin Pekgul,Socialdemokraterna,,Enkammarriksdagen,1994,1998,,
8370,Nikos Papadopoulos,Socialdemokraterna,,Enkammarriksdagen,1994,1998,,
8371,Nils Fredrik Aurelius,Moderata samlingspartiet,,Enkammarriksdagen,1994,1998,,man
8372,Nils T. Svensson,Socialdemokraterna,,Enkammarriksdagen,1994,1998,,man
8373,Nils-Erik Söderqvist,Socialdemokraterna,,Enkammarriksdagen,1994,1998,,
8374,Nils-Göran Holmqvist,Socialdemokraterna,,Enkammarriksdagen,1994,1998,,
8375,Ola Karlsson,Moderata samlingspartiet,,Enkammarriksdagen,1994,1998,,man
8376,Ola Rask,Socialdemokraterna,,Enkammarriksdagen,1994,1998,,man
8377,Ola Ström,Folkpartiet liberalerna,,Enkammarriksdagen,1994,1998,,man
8378,Ola Sundell,Moderata samlingspartiet,,Enkammarriksdagen,1994,1998,,man
8379,Olle Lindström,Moderata samlingspartiet,,Enkammarriksdagen,1994,1998,,man
8380,Olof Johansson,Centerpartiet,,Enkammarriksdagen,1994,1998,,man
8381,Owe Hellberg,Vänsterpartiet,,Enkammarriksdagen,1994,1998,,
8382,Paavo Vallius,Socialdemokraterna,,Enkammarriksdagen,1994,1998,,
8383,Patrik Norinder,Moderata samlingspartiet,,Enkammarriksdagen,1994,1998,,man
8384,Per Bill,Moderata samlingspartiet,,Enkammarriksdagen,1994,1998,,man
8385,Per Erik Granström,Socialdemokraterna,,Enkammarriksdagen,1994,1998,,man
8386,Per Lager,Miljöpartiet de Gröna,,Enkammarriksdagen,1994,1998,,man
8387,Per Olof Håkansson,Socialdemokraterna,,Enkammarriksdagen,1994,1998,,man
8388,Per Rosengren,Vänsterpartiet,,Enkammarriksdagen,1994,1998,,man
8389,Per Unckel,Moderata samlingspartiet,,Enkammarriksdagen,1994,1998,,man
8390,Per Westerberg,Moderata samlingspartiet,,Enkammarriksdagen,1994,1998,,man
8391,Per-Ola Eriksson,Centerpartiet,,Enkammarriksdagen,1994,1998,,
8392,Peter Eriksson,Miljöpartiet de Gröna,,Enkammarriksdagen,1994,1998,,man
8393,Peter Weibull Bernström,Moderata samlingspartiet,,Enkammarriksdagen,1994,1998,,man
8394,Pierre Schori,Socialdemokraterna,,Enkammarriksdagen,1994,1998,,man
8395,Pär Nuder,Socialdemokraterna,,Enkammarriksdagen,1994,1998,,man
8396,Pär-Axel Sahlberg,Socialdemokraterna,,Enkammarriksdagen,1994,1998,,
8397,Ragnhild Pohanka,Miljöpartiet de Gröna,,Enkammarriksdagen,1994,1998,,
8398,Reynoldh Furustrand,Socialdemokraterna,,Enkammarriksdagen,1994,1998,,
8399,Rigmor Ahlstedt,Centerpartiet,,Enkammarriksdagen,1994,1998,,
8400,Rinaldo Karlsson,Socialdemokraterna,,Enkammarriksdagen,1994,1998,,
8401,Roland Larsson,Centerpartiet,,Enkammarriksdagen,1994,1998,,man
8402,Rolf Dahlberg,Moderata samlingspartiet,,Enkammarriksdagen,1994,1998,,man
8403,Rolf Gunnarsson,Moderata samlingspartiet,,Enkammarriksdagen,1994,1998,,man
8404,Rolf Kenneryd,Centerpartiet,,Enkammarriksdagen,1994,1998,,man
8405,Rolf Åbjörnsson,Kristdemokraterna,,Enkammarriksdagen,1994,1998,,man
8406,Ronny Korsberg,Miljöpartiet de Gröna,,Enkammarriksdagen,1994,1998,,man
8407,Ronny Olander,Socialdemokraterna,,Enkammarriksdagen,1994,1998,,man
8408,Rose-Marie Frebran,Kristdemokraterna,,Enkammarriksdagen,1994,1998,,
8409,Roy Ottosson,Miljöpartiet de Gröna,,Enkammarriksdagen,1994,1998,,man
8410,Rune Berglund,Socialdemokraterna,,Enkammarriksdagen,1994,1998,,man
8411,Rune Evensson,Socialdemokraterna,,Enkammarriksdagen,1994,1998,,man
8412,Rune Rydén,Moderata samlingspartiet,,Enkammarriksdagen,1994,1998,,man
8413,Sigge Godin,Folkpartiet liberalerna,,Enkammarriksdagen,1994,1998,,man
8414,Sigrid Bolkéus,Socialdemokraterna,,Enkammarriksdagen,1994,1998,,woman
8415,Sinikka Bohlin,Socialdemokraterna,,Enkammarriksdagen,1994,1998,,
8416,Siri Dannaeus,Folkpartiet liberalerna,,Enkammarriksdagen,1994,1998,,woman
8417,Sivert Carlsson,Centerpartiet,,Enkammarriksdagen,1994,1998,,man
8418,Siw Persson,Folkpartiet liberalerna,,Enkammarriksdagen,1994,1998,,
8419,Siw Wittgren-Ahl,Socialdemokraterna,,Enkammarriksdagen,1994,1998,,
8420,Sonia Karlsson,Socialdemokraterna,,Enkammarriksdagen,1994,1998,,woman
8421,Sonja Fransson,Socialdemokraterna,,Enkammarriksdagen,1994,1998,,woman
8422,Sonja Rembo,Moderata samlingspartiet,,Enkammarriksdagen,1994,1998,,woman
8423,Sten Andersson,Moderata samlingspartiet,,Enkammarriksdagen,1994,1998,,man
8424,Sten Svensson,Moderata samlingspartiet,,Enkammarriksdagen,1994,1998,,man
8425,Sten Tolgfors,Moderata samlingspartiet,,Enkammarriksdagen,1994,1998,,man
8426,Sten Östlund,Socialdemokraterna,,Enkammarriksdagen,1994,1998,,man
8427,Stig Grauers,Moderata samlingspartiet,,Enkammarriksdagen,1994,1998,,man
8428,Stig Rindborg,Moderata samlingspartiet,,Enkammarriksdagen,1994,1998,,man
8429,Stig Sandström,Vänsterpartiet,,Enkammarriksdagen,1994,1998,,man
8430,Susanne Eberstein,Socialdemokraterna,,Enkammarriksdagen,1994,1998,,
8431,Sven Hulterström,Socialdemokraterna,,Enkammarriksdagen,1994,1998,,man
8432,Sven Lundberg,Socialdemokraterna,,Enkammarriksdagen,1994,1998,,man
8433,Sven-Erik Österberg,Socialdemokraterna,,Enkammarriksdagen,1994,1998,,
8434,Sven-Åke Nygårds,Socialdemokraterna,,Enkammarriksdagen,1994,1998,,
8435,Sverre Palm,Socialdemokraterna,,Enkammarriksdagen,1994,1998,,
8436,Sylvia Lindgren,Socialdemokraterna,,Enkammarriksdagen,1994,1998,,
8437,Sören Lekberg,Socialdemokraterna,,Enkammarriksdagen,1994,1998,,man
8438,Tanja Linderborg,Vänsterpartiet,,Enkammarriksdagen,1994,1998,,woman
8439,Thage G Peterson,Socialdemokraterna,,Enkammarriksdagen,1994,1998,,
8440,Thomas Julin,Miljöpartiet de Gröna,,Enkammarriksdagen,1994,1998,,man
8441,Thomas Östros,Socialdemokraterna,,Enkammarriksdagen,1994,1998,,man
8442,Tom Heyman,Moderata samlingspartiet,,Enkammarriksdagen,1994,1998,,man
8443,Tomas Eneroth,Socialdemokraterna,,Enkammarriksdagen,1994,1998,,man
8444,Tomas Högström,Moderata samlingspartiet,,Enkammarriksdagen,1994,1998,,man
8445,Torgny Danielsson,Socialdemokraterna,,Enkammarriksdagen,1994,1998,,man
8446,Torsten Gavelin,Folkpartiet liberalerna,,Enkammarriksdagen,1994,1998,,
8447,Tuve Skånberg,Kristdemokraterna,,Enkammarriksdagen,1994,1998,,
8448,Ulf Björklund,Kristdemokraterna,,Enkammarriksdagen,1994,1998,,man
8449,Ulf Kero,Socialdemokraterna,,Enkammarriksdagen,1994,1998,,man
8450,Ulf Kristersson,Moderata samlingspartiet,,Enkammarriksdagen,1994,1998,,man
8451,Ulf Melin,Moderata samlingspartiet,,Enkammarriksdagen,1994,1998,,man
8452,Ulla Hoffmann,Vänsterpartiet,,Enkammarriksdagen,1994,1998,,
8453,Ulla Löfgren,Moderata samlingspartiet,,Enkammarriksdagen,1994,1998,,
8454,Ulla Wester-Rudin,Socialdemokraterna,,Enkammarriksdagen,1994,1998,,
8455,Ulrica Messing,Socialdemokraterna,,Enkammarriksdagen,1994,1998,,
8456,Urban Ahlin,Socialdemokraterna,,Enkammarriksdagen,1994,1998,,man
8457,Viola Furubjelke,Socialdemokraterna,,Enkammarriksdagen,1994,1998,,woman
8458,Widar Andersson,Socialdemokraterna,,Enkammarriksdagen,1994,1998,,
8459,Yvonne Ruwaida,Miljöpartiet de Gröna,,Enkammarriksdagen,1994,1998,,
8460,Åke Carnerö,Kristdemokraterna,,Enkammarriksdagen,1994,1998,,man
8461,Åke Gustavsson,Socialdemokraterna,,Enkammarriksdagen,1994,1998,,man
8462,Åke Sundqvist,Moderata samlingspartiet,,Enkammarriksdagen,1994,1998,,man
8463,Agne Hansson,Centerpartiet,Kalmar län,Enkammarriksdagen,1998,2002,,
8464,Agneta Lundberg,Socialdemokraterna,Västernorrlands län,Enkammarriksdagen,1998,2002,,
8465,Agneta Ringman,Socialdemokraterna,Kalmar län,Enkammarriksdagen,1998,2002,,
8466,Alf Eriksson,Socialdemokraterna,Hallands län,Enkammarriksdagen,1998,2002,,man
8467,Alf Svensson,Kristdemokraterna,Jönköpings län,Enkammarriksdagen,1998,2002,,man
8468,Alice Åström,Vänsterpartiet,Jönköpings län,Enkammarriksdagen,1998,2002,,woman
8469,Amanda Agestav,Kristdemokraterna,Stockholms län,Enkammarriksdagen,1998,2002,,woman
8470,Anders Andersson,Kristdemokraterna,Skåne läns norra och östra,Enkammarriksdagen,1998,2002,,man
8471,Anders Björck,Moderata samlingspartiet,Jönköpings län,Enkammarriksdagen,1998,2002,,man
8472,Anders G. Högmark,Moderata samlingspartiet,Kronobergs län,Enkammarriksdagen,1998,2002,,man
8473,Anders Karlsson,Socialdemokraterna,Skåne läns västra,Enkammarriksdagen,1998,2002,,man
8474,Anders Sjölund,Moderata samlingspartiet,Västerbottens län,Enkammarriksdagen,1998,2002,,man
8475,Anders Sundström,Socialdemokraterna,Norrbottens län,Enkammarriksdagen,1998,2002,,man
8476,Anders Ygeman,Socialdemokraterna,Stockholms kommun,Enkammarriksdagen,1998,2002,,man
8477,Anita Johansson,Socialdemokraterna,Stockholms län,Enkammarriksdagen,1998,2002,,woman
8478,Anita Jönsson,Socialdemokraterna,Skåne läns södra,Enkammarriksdagen,1998,2002,,woman
8479,Anita Sidén,Moderata samlingspartiet,Göteborgs kommun,Enkammarriksdagen,1998,2002,,woman
8480,Ann-Kristine Johansson,Socialdemokraterna,Värmlands län,Enkammarriksdagen,1998,2002,,
8481,Ann-Marie Fagerström,Socialdemokraterna,Kalmar län,Enkammarriksdagen,1998,2002,,
8482,Anna Lilliehöök,Moderata samlingspartiet,Stockholms kommun,Enkammarriksdagen,1998,2002,,woman
8483,Anna Lindh,Socialdemokraterna,Södermanlands län,Enkammarriksdagen,1998,2002,,woman
8484,Anna Åkerhielm,Moderata samlingspartiet,Skåne läns västra,Enkammarriksdagen,1998,2002,,woman
8485,Anne-Katrine Dunker,Moderata samlingspartiet,Gävleborgs län,Enkammarriksdagen,1998,2002,,
8486,Annika Nilsson,Socialdemokraterna,Skåne läns västra,Enkammarriksdagen,1998,2002,,woman
8487,Arne Kjörnsberg,Socialdemokraterna,Västra Götalands läns södra,Enkammarriksdagen,1998,2002,,man
8488,Barbro Andersson Öhrn,Socialdemokraterna,Uppsala län,Enkammarriksdagen,1998,2002,,
8489,Barbro Feltzing,Miljöpartiet de Gröna,Västra Götalands läns norra,Enkammarriksdagen,1998,2002,,
8490,Barbro Westerholm,Folkpartiet liberalerna,Stockholms kommun,Enkammarriksdagen,1998,2002,,
8491,Beatrice Ask,Moderata samlingspartiet,Stockholms kommun,Enkammarriksdagen,1998,2002,,woman
8492,Bengt Silfverstrand,Socialdemokraterna,Skåne läns västra,Enkammarriksdagen,1998,2002,,man
8493,Bengt-Ola Ryttar,Socialdemokraterna,Dalarnas län,Enkammarriksdagen,1998,2002,,
8494,Berit Adolfsson,Moderata samlingspartiet,Västra Götalands läns västra,Enkammarriksdagen,1998,2002,,
8495,Berit Jóhannesson,Vänsterpartiet,Göteborgs kommun,Enkammarriksdagen,1998,2002,,
8496,Berndt Ekholm,Socialdemokraterna,Västra Götalands läns södra,Enkammarriksdagen,1998,2002,,
8497,Berndt Sköldestig,Socialdemokraterna,Östergötlands län,Enkammarriksdagen,1998,2002,,
8498,Bertil Persson,Moderata samlingspartiet,Malmö kommun,Enkammarriksdagen,1998,2002,,man
8499,Birger Schlaug,Miljöpartiet de Gröna,Södermanlands län,Enkammarriksdagen,1998,2002,,man
8500,Birgitta Ahlqvist,Socialdemokraterna,Norrbottens län,Enkammarriksdagen,1998,2002,,
8501,Birgitta Carlsson,Centerpartiet,Västra Götalands läns östra,Enkammarriksdagen,1998,2002,,
8502,Birgitta Dahl,Socialdemokraterna,Uppsala län,Enkammarriksdagen,1998,2002,,
8503,Birgitta Sellén,Centerpartiet,Västernorrlands län,Enkammarriksdagen,1998,2002,,
8504,Birgitta Wistrand,Moderata samlingspartiet,Stockholms kommun,Enkammarriksdagen,1998,2002,,
8505,Björn Leivik,Moderata samlingspartiet,Västra Götalands läns norra,Enkammarriksdagen,1998,2002,,man
8506,Björn von Sydow,Socialdemokraterna,Stockholms län,Enkammarriksdagen,1998,2002,,man
8507,Björn von der Esch,Kristdemokraterna,Södermanlands län,Enkammarriksdagen,1998,2002,,man
8508,Bo Könberg,Folkpartiet liberalerna,Stockholms kommun,Enkammarriksdagen,1998,2002,,man
8509,Bo Lundgren,Moderata samlingspartiet,Skåne läns norra och östra,Enkammarriksdagen,1998,2002,,man
8510,Britt Bohlin Olsson,Socialdemokraterna,Västra Götalands läns norra,Enkammarriksdagen,1998,2002,,
8511,Britt-Marie Danestig,Vänsterpartiet,Östergötlands län,Enkammarriksdagen,1998,2002,,
8512,Britt-Marie Lindkvist,Socialdemokraterna,Malmö kommun,Enkammarriksdagen,1998,2002,,
8513,Camilla Sköld Jansson,Vänsterpartiet,Jämtlands län,Enkammarriksdagen,1998,2002,,woman
8514,Carin Lundberg,Socialdemokraterna,Västerbottens län,Enkammarriksdagen,1998,2002,,
8515,Carina Adolfsson Elgestam,Socialdemokraterna,Kronobergs län,Enkammarriksdagen,1998,2002,,
8516,Carina Hägg,Socialdemokraterna,Jönköpings län,Enkammarriksdagen,1998,2002,,
8517,Carina Moberg,Socialdemokraterna,Stockholms län,Enkammarriksdagen,1998,2002,,
8518,Carina Ohlsson,Socialdemokraterna,Västra Götalands läns östra,Enkammarriksdagen,1998,2002,,
8519,Carl B. Hamilton,Folkpartiet liberalerna,Stockholms län,Enkammarriksdagen,1998,2002,,man
8520,Carl Bildt,Moderata samlingspartiet,Stockholms kommun,Enkammarriksdagen,1998,2002,,man
8521,Carl Erik Hedlund,Moderata samlingspartiet,Stockholms kommun,Enkammarriksdagen,1998,2002,,man
8522,Carl Fredrik Graf,Moderata samlingspartiet,Hallands län,Enkammarriksdagen,1998,2002,,man
8523,Carl G. Nilsson,Moderata samlingspartiet,Östergötlands län,Enkammarriksdagen,1998,2002,,man
8524,Carl-Erik Skårman,Moderata samlingspartiet,Stockholms kommun,Enkammarriksdagen,1998,2002,,
8525,Carlinge Wisberg,Vänsterpartiet,Östergötlands län,Enkammarriksdagen,1998,2002,,
8526,Caroline Hagström,Kristdemokraterna,Skåne läns södra,Enkammarriksdagen,1998,2002,,woman
8527,Catharina Elmsäter-Svärd,Moderata samlingspartiet,Stockholms län,Enkammarriksdagen,1998,2002,,
8528,Catharina Hagen,Moderata samlingspartiet,Stockholms län,Enkammarriksdagen,1998,2002,,
8529,Catherine Persson,Socialdemokraterna,Skåne läns södra,Enkammarriksdagen,1998,2002,,
8530,Cecilia Magnusson,Moderata samlingspartiet,Göteborgs kommun,Enkammarriksdagen,1998,2002,,woman
8531,Charlotta L. Bjälkebring,Vänsterpartiet,Södermanlands län,Enkammarriksdagen,1998,2002,,woman
8532,Chatrine Pålsson Ahlgren,Kristdemokraterna,Kalmar län,Enkammarriksdagen,1998,2002,,
8533,Chris Heister,Moderata samlingspartiet,Stockholms län,Enkammarriksdagen,1998,2002,,man
8534,Christel Anderberg,Moderata samlingspartiet,Dalarnas län,Enkammarriksdagen,1998,2002,,
8535,Christer Skoog,Socialdemokraterna,Blekinge län,Enkammarriksdagen,1998,2002,,
8536,Christina Oskarsson,Socialdemokraterna,Västra Götalands läns norra,Enkammarriksdagen,1998,2002,,woman
8537,Cinnika Beiming,Socialdemokraterna,Stockholms län,Enkammarriksdagen,1998,2002,,
8538,Claes Stockhaus,Vänsterpartiet,Västernorrlands län,Enkammarriksdagen,1998,2002,,man
8539,Claes-Göran Brandin,Socialdemokraterna,Göteborgs kommun,Enkammarriksdagen,1998,2002,,
8540,Conny Öhman,Socialdemokraterna,Östergötlands län,Enkammarriksdagen,1998,2002,,man
8541,Cristina Husmark Pehrsson,Moderata samlingspartiet,Skåne läns västra,Enkammarriksdagen,1998,2002,,
8542,Dan Ericsson,Kristdemokraterna,Östergötlands län,Enkammarriksdagen,1998,2002,,man
8543,Dan Kihlström,Kristdemokraterna,Värmlands län,Enkammarriksdagen,1998,2002,,man
8544,Elisabeth Fleetwood,Moderata samlingspartiet,Stockholms kommun,Enkammarriksdagen,1998,2002,,woman
8545,Elise Norberg,Vänsterpartiet,Örebro län,Enkammarriksdagen,1998,2002,,woman
8546,Elisebeht Markström,Socialdemokraterna,Södermanlands län,Enkammarriksdagen,1998,2002,,
8547,Elizabeth Nyström,Moderata samlingspartiet,Västra Götalands läns norra,Enkammarriksdagen,1998,2002,,woman
8548,Elver Jonsson,Folkpartiet liberalerna,Västra Götalands läns norra,Enkammarriksdagen,1998,2002,,
8549,Erik Arthur Egervärn,Centerpartiet,Jämtlands län,Enkammarriksdagen,1998,2002,,man
8550,Erik Åsbrink,Socialdemokraterna,Gävleborgs län,Enkammarriksdagen,1998,2002,,man
8551,Erling Wälivaara,Kristdemokraterna,Norrbottens län,Enkammarriksdagen,1998,2002,,man
8552,Eskil Erlandsson,Centerpartiet,Kronobergs län,Enkammarriksdagen,1998,2002,,man
8553,Ester Lindstedt-Staaf,Kristdemokraterna,Hallands län,Enkammarriksdagen,1998,2002,,woman
8554,Eva Arvidsson,Socialdemokraterna,Stockholms län,Enkammarriksdagen,1998,2002,,woman
8555,Eva Flyborg,Folkpartiet liberalerna,Göteborgs kommun,Enkammarriksdagen,1998,2002,,woman
8556,Eva Johansson,Socialdemokraterna,Stockholms län,Enkammarriksdagen,1998,2002,,woman
8557,Eva Zetterberg,Vänsterpartiet,Stockholms kommun,Enkammarriksdagen,1998,2002,,woman
8558,Ewa Larsson,Miljöpartiet de Gröna,Stockholms kommun,Enkammarriksdagen,1998,2002,,
8559,Ewa Thalén Finné,Moderata samlingspartiet,Skåne läns södra,Enkammarriksdagen,1998,2002,,
8560,Fanny Rizell,Kristdemokraterna,Västra Götalands läns norra,Enkammarriksdagen,1998,2002,,woman
8561,Fredrik Reinfeldt,Moderata samlingspartiet,Stockholms län,Enkammarriksdagen,1998,2002,,man
8562,Gudrun Lindvall,Miljöpartiet de Gröna,Stockholms län,Enkammarriksdagen,1998,2002,,
8563,Gudrun Schyman,Vänsterpartiet,Stockholms län,Enkammarriksdagen,1998,2002,,
8564,Gun Hellsvik,Moderata samlingspartiet,Skåne läns södra,Enkammarriksdagen,1998,2002,,
8565,Gunilla Tjernberg,Kristdemokraterna,Västerbottens län,Enkammarriksdagen,1998,2002,,
8566,Gunilla Wahlén,Vänsterpartiet,Västernorrlands län,Enkammarriksdagen,1998,2002,,
8567,Gunnar Axén,Moderata samlingspartiet,Östergötlands län,Enkammarriksdagen,1998,2002,,man
8568,Gunnar Goude,Miljöpartiet de Gröna,Uppsala län,Enkammarriksdagen,1998,2002,,man
8569,Gunnar Hökmark,Moderata samlingspartiet,Stockholms kommun,Enkammarriksdagen,1998,2002,,man
8570,Gunnel Wallin,Centerpartiet,Skåne läns norra och östra,Enkammarriksdagen,1998,2002,,
8571,Gustaf von Essen,Moderata samlingspartiet,Uppsala län,Enkammarriksdagen,1998,2002,,man
8572,Göran Hägglund,Kristdemokraterna,Jönköpings län,Enkammarriksdagen,1998,2002,,man
8573,Göran Lennmarker,Moderata samlingspartiet,Stockholms län,Enkammarriksdagen,1998,2002,,man
8574,Göran Lindblad,Moderata samlingspartiet,Göteborgs kommun,Enkammarriksdagen,1998,2002,,man
8575,Göran Magnusson,Socialdemokraterna,Västmanlands län,Enkammarriksdagen,1998,2002,,man
8576,Göran Norlander,Socialdemokraterna,Västernorrlands län,Enkammarriksdagen,1998,2002,,man
8577,Göran Persson,Socialdemokraterna,Malmö kommun,Enkammarriksdagen,1998,2002,,man
8578,Göte Jonsson,Moderata samlingspartiet,Jönköpings län,Enkammarriksdagen,1998,2002,,man
8579,Göte Wahlström,Socialdemokraterna,Jönköpings län,Enkammarriksdagen,1998,2002,,man
8580,Hans Andersson,Vänsterpartiet,Dalarnas län,Enkammarriksdagen,1998,2002,,man
8581,Hans Hjortzberg-Nordlund,Moderata samlingspartiet,Hallands län,Enkammarriksdagen,1998,2002,,man
8582,Hans Karlsson,Socialdemokraterna,Örebro län,Enkammarriksdagen,1998,2002,,man
8583,Hans Stenberg,Socialdemokraterna,Västernorrlands län,Enkammarriksdagen,1998,2002,,man
8584,Harald Bergström,Kristdemokraterna,Kronobergs län,Enkammarriksdagen,1998,2002,,man
8585,Harald Nordlund,Folkpartiet liberalerna,Uppsala län,Enkammarriksdagen,1998,2002,,man
8586,Helena Frisk,Socialdemokraterna,Örebro län,Enkammarriksdagen,1998,2002,,woman
8587,Helena Hillar Rosenqvist,Miljöpartiet de Gröna,Östergötlands län,Enkammarriksdagen,1998,2002,,woman
8588,Helena Höij,Kristdemokraterna,Stockholms kommun,Enkammarriksdagen,1998,2002,,woman
8589,Henrik Landerholm,Moderata samlingspartiet,Södermanlands län,Enkammarriksdagen,1998,2002,,man
8590,Henrik S. Järrel,Moderata samlingspartiet,Stockholms kommun,Enkammarriksdagen,1998,2002,,man
8591,Henrik Westman,Moderata samlingspartiet,Stockholms län,Enkammarriksdagen,1998,2002,,man
8592,Holger Gustafsson,Kristdemokraterna,Västra Götalands läns östra,Enkammarriksdagen,1998,2002,,man
8593,Håkan Juholt,Socialdemokraterna,Kalmar län,Enkammarriksdagen,1998,2002,,man
8594,Inga Berggren,Moderata samlingspartiet,Skåne läns södra,Enkammarriksdagen,1998,2002,,
8595,Inge Carlsson,Socialdemokraterna,Östergötlands län,Enkammarriksdagen,1998,2002,,
8596,Ingegerd Sahlström,Socialdemokraterna,Hallands län,Enkammarriksdagen,1998,2002,,
8597,Ingegerd Wärnersson,Socialdemokraterna,Skåne läns norra och östra,Enkammarriksdagen,1998,2002,,
8598,Ingela Thalén,Socialdemokraterna,Stockholms län,Enkammarriksdagen,1998,2002,,
8599,Ingemar Josefsson,Socialdemokraterna,Stockholms kommun,Enkammarriksdagen,1998,2002,,man
8600,Ingemar Vänerlöv,Kristdemokraterna,Västra Götalands läns norra,Enkammarriksdagen,1998,2002,,man
8601,Inger Davidson,Kristdemokraterna,Stockholms län,Enkammarriksdagen,1998,2002,,
8602,Inger Lundberg,Socialdemokraterna,Örebro län,Enkammarriksdagen,1998,2002,,
8603,Inger René,Moderata samlingspartiet,Västra Götalands läns västra,Enkammarriksdagen,1998,2002,,
8604,Inger Segelström,Socialdemokraterna,Stockholms kommun,Enkammarriksdagen,1998,2002,,
8605,Inger Strömbom,Kristdemokraterna,Stockholms län,Enkammarriksdagen,1998,2002,,
8606,Ingrid Burman,Vänsterpartiet,Uppsala län,Enkammarriksdagen,1998,2002,,woman
8607,Ingrid Näslund,Kristdemokraterna,Göteborgs kommun,Enkammarriksdagen,1998,2002,,woman
8608,Ingvar Eriksson,Moderata samlingspartiet,Skåne läns norra och östra,Enkammarriksdagen,1998,2002,,man
8609,Ingvar Johnsson,Socialdemokraterna,Västra Götalands läns norra,Enkammarriksdagen,1998,2002,,man
8610,Ingvar Svensson,Kristdemokraterna,Stockholms län,Enkammarriksdagen,1998,2002,,man
8611,Jan Backman,Moderata samlingspartiet,Skåne läns västra,Enkammarriksdagen,1998,2002,,man
8612,Jan Bergqvist,Socialdemokraterna,Göteborgs kommun,Enkammarriksdagen,1998,2002,,man
8613,Jan Björkman,Socialdemokraterna,Blekinge län,Enkammarriksdagen,1998,2002,,man
8614,Jan Erik Ågren,Kristdemokraterna,Västernorrlands län,Enkammarriksdagen,1998,2002,,man
8615,Jan-Evert Rådhström,Moderata samlingspartiet,Värmlands län,Enkammarriksdagen,1998,2002,,
8616,Jarl Lander,Socialdemokraterna,Värmlands län,Enkammarriksdagen,1998,2002,,man
8617,Jeppe Johnsson,Moderata samlingspartiet,Blekinge län,Enkammarriksdagen,1998,2002,,
8618,Jerry Martinger,Moderata samlingspartiet,Stockholms län,Enkammarriksdagen,1998,2002,,man
8619,Johan Lönnroth,Vänsterpartiet,Göteborgs kommun,Enkammarriksdagen,1998,2002,,man
8620,Johan Pehrson,Folkpartiet liberalerna,Örebro län,Enkammarriksdagen,1998,2002,,man
8621,Johnny Ahlqvist,Socialdemokraterna,Skåne läns norra och östra,Enkammarriksdagen,1998,2002,,man
8622,Johnny Gylling,Kristdemokraterna,Blekinge län,Enkammarriksdagen,1998,2002,,man
8623,Jonas Ringqvist,Vänsterpartiet,Västra Götalands läns södra,Enkammarriksdagen,1998,2002,,man
8624,Jörgen Andersson,Socialdemokraterna,Hallands län,Enkammarriksdagen,1998,2002,,man
8625,Kaj Larsson,Socialdemokraterna,Skåne läns norra och östra,Enkammarriksdagen,1998,2002,,man
8626,Kalle Larsson,Vänsterpartiet,Stockholms kommun,Enkammarriksdagen,1998,2002,,man
8627,Karin Enström,Moderata samlingspartiet,Stockholms län,Enkammarriksdagen,1998,2002,,woman
8628,Karin Falkmer,Moderata samlingspartiet,Västmanlands län,Enkammarriksdagen,1998,2002,,woman
8629,Karin Jeppsson,Socialdemokraterna,Blekinge län,Enkammarriksdagen,1998,2002,,woman
8630,Karin Pilsäter,Folkpartiet liberalerna,Stockholms län,Enkammarriksdagen,1998,2002,,woman
8631,Karin Svensson Smith,Vänsterpartiet,Skåne läns södra,Enkammarriksdagen,1998,2002,,woman
8632,Karin Wegestål,Socialdemokraterna,Skåne läns södra,Enkammarriksdagen,1998,2002,,woman
8633,Karl Gustav Abramsson,Socialdemokraterna,Västerbottens län,Enkammarriksdagen,1998,2002,,man
8634,Karl-Göran Biörsmark,Folkpartiet liberalerna,Östergötlands län,Enkammarriksdagen,1998,2002,,
8635,Kenneth Johansson,Centerpartiet,Dalarnas län,Enkammarriksdagen,1998,2002,,man
8636,Kenneth Kvist,Vänsterpartiet,Stockholms län,Enkammarriksdagen,1998,2002,,man
8637,Kenneth Lantz,Kristdemokraterna,Skåne läns västra,Enkammarriksdagen,1998,2002,,man
8638,Kent Härstedt,Socialdemokraterna,Skåne läns västra,Enkammarriksdagen,1998,2002,,man
8639,Kent Olsson,Moderata samlingspartiet,Västra Götalands läns västra,Enkammarriksdagen,1998,2002,,man
8640,Kenth Skårvik,Folkpartiet liberalerna,Västra Götalands läns västra,Enkammarriksdagen,1998,2002,,
8641,Kerstin Heinemann,Folkpartiet liberalerna,Västmanlands län,Enkammarriksdagen,1998,2002,,woman
8642,Kerstin Kristiansson Karlstedt,Socialdemokraterna,Västernorrlands län,Enkammarriksdagen,1998,2002,,woman
8643,Kerstin-Maria Stalin,Miljöpartiet de Gröna,Dalarnas län,Enkammarriksdagen,1998,2002,,
8644,Kia Andreasson,Miljöpartiet de Gröna,Göteborgs kommun,Enkammarriksdagen,1998,2002,,
8645,Kjell Eldensjö,Kristdemokraterna,Västra Götalands läns södra,Enkammarriksdagen,1998,2002,,man
8646,Kjell Nordström,Socialdemokraterna,Västra Götalands läns östra,Enkammarriksdagen,1998,2002,,man
8647,Kjell-Erik Karlsson,Vänsterpartiet,Hallands län,Enkammarriksdagen,1998,2002,,
8648,Knut Billing,Moderata samlingspartiet,Stockholms län,Enkammarriksdagen,1998,2002,,man
8649,Krister Örnfjäder,Socialdemokraterna,Kalmar län,Enkammarriksdagen,1998,2002,,man
8650,Laila Bjurling,Socialdemokraterna,Södermanlands län,Enkammarriksdagen,1998,2002,,woman
8651,Laila Bäck,Socialdemokraterna,Dalarnas län,Enkammarriksdagen,1998,2002,,woman
8652,Lars Björkman,Moderata samlingspartiet,Västra Götalands läns södra,Enkammarriksdagen,1998,2002,,man
8653,Lars Bäckström,Vänsterpartiet,Västra Götalands läns västra,Enkammarriksdagen,1998,2002,,man
8654,Lars Elinderson,Moderata samlingspartiet,Västra Götalands läns östra,Enkammarriksdagen,1998,2002,,man
8655,Lars Gustafsson,Kristdemokraterna,Hallands län,Enkammarriksdagen,1998,2002,,man
8656,Lars Hjertén,Moderata samlingspartiet,Västra Götalands läns östra,Enkammarriksdagen,1998,2002,,man
8657,Lars Leijonborg,Folkpartiet liberalerna,Stockholms län,Enkammarriksdagen,1998,2002,,man
8658,Lars Lindblad,Moderata samlingspartiet,Skåne läns södra,Enkammarriksdagen,1998,2002,,man
8659,Lars Ohly,Vänsterpartiet,Stockholms kommun,Enkammarriksdagen,1998,2002,,man
8660,Lars Tobisson,Moderata samlingspartiet,Stockholms län,Enkammarriksdagen,1998,2002,,man
8661,Lars U. Granberg,Socialdemokraterna,Norrbottens län,Enkammarriksdagen,1998,2002,,man
8662,Lars Wegendal,Socialdemokraterna,Kronobergs län,Enkammarriksdagen,1998,2002,,man
8663,Lars Ångström,Miljöpartiet de Gröna,Stockholms län,Enkammarriksdagen,1998,2002,,man
8664,Lars-Erik Lövdén,Socialdemokraterna,Malmö kommun,Enkammarriksdagen,1998,2002,,
8665,Leif Carlson,Moderata samlingspartiet,Kalmar län,Enkammarriksdagen,1998,2002,,man
8666,Lena Ek,Centerpartiet,Östergötlands län,Enkammarriksdagen,1998,2002,,woman
8667,Lena Hjelm-Wallén,Socialdemokraterna,Västmanlands län,Enkammarriksdagen,1998,2002,,woman
8668,Lena Olsson,Vänsterpartiet,Dalarnas län,Enkammarriksdagen,1998,2002,,woman
8669,Lena Sandlin-Hedman,Socialdemokraterna,Västerbottens län,Enkammarriksdagen,1998,2002,,woman
8670,Lennart Beijer,Vänsterpartiet,Kalmar län,Enkammarriksdagen,1998,2002,,man
8671,Lennart Daléus,Centerpartiet,Stockholms län,Enkammarriksdagen,1998,2002,,man
8672,Lennart Fridén,Moderata samlingspartiet,Göteborgs kommun,Enkammarriksdagen,1998,2002,,man
8673,Lennart Gustavsson,Vänsterpartiet,Västerbottens län,Enkammarriksdagen,1998,2002,,man
8674,Lennart Hedquist,Moderata samlingspartiet,Uppsala län,Enkammarriksdagen,1998,2002,,man
8675,Lennart Klockare,Socialdemokraterna,Norrbottens län,Enkammarriksdagen,1998,2002,,man
8676,Lennart Kollmats,Folkpartiet liberalerna,Hallands län,Enkammarriksdagen,1998,2002,,man
8677,Lennart Nilsson,Socialdemokraterna,Västra Götalands läns västra,Enkammarriksdagen,1998,2002,,man
8678,Lennart Värmby,Vänsterpartiet,Kronobergs län,Enkammarriksdagen,1998,2002,,man
8679,Lilian Virgin,Socialdemokraterna,Gotlands län,Enkammarriksdagen,1998,2002,,woman
8680,Lisbet Calner,Socialdemokraterna,Västra Götalands läns västra,Enkammarriksdagen,1998,2002,,
8681,Lisbeth Staaf-Igelström,Socialdemokraterna,Värmlands län,Enkammarriksdagen,1998,2002,,
8682,Liselotte Wågö,Moderata samlingspartiet,Hallands län,Enkammarriksdagen,1998,2002,,
8683,Maggi Mikaelsson,Vänsterpartiet,Västerbottens län,Enkammarriksdagen,1998,2002,,
8684,Magnus Jacobsson,Kristdemokraterna,Västmanlands län,Enkammarriksdagen,1998,2002,,man
8685,Maj-Britt Wallhorn,Kristdemokraterna,Malmö kommun,Enkammarriksdagen,1998,2002,,
8686,Maj-Inger Klingvall,Socialdemokraterna,Östergötlands län,Enkammarriksdagen,1998,2002,,
8687,Majléne Westerlund Panke,Socialdemokraterna,Hallands län,Enkammarriksdagen,1998,2002,,
8688,Margareta Andersson,Centerpartiet,Jönköpings län,Enkammarriksdagen,1998,2002,,
8689,Margareta Israelsson,Socialdemokraterna,Västmanlands län,Enkammarriksdagen,1998,2002,,
8690,Margareta Persson,Socialdemokraterna,Jönköpings län,Enkammarriksdagen,1998,2002,,
8691,Margareta Winberg,Socialdemokraterna,Jämtlands län,Enkammarriksdagen,1998,2002,,
8692,Margit Gennser,Moderata samlingspartiet,Malmö kommun,Enkammarriksdagen,1998,2002,,
8693,Maria Larsson,Kristdemokraterna,Jönköpings län,Enkammarriksdagen,1998,2002,,woman
8694,Mariann Ytterberg,Socialdemokraterna,Västmanlands län,Enkammarriksdagen,1998,2002,,
8695,Marianne Andersson,Centerpartiet,Västra Götalands läns norra,Enkammarriksdagen,1998,2002,,
8696,Marianne Carlström,Socialdemokraterna,Göteborgs kommun,Enkammarriksdagen,1998,2002,,
8697,Marianne Samuelsson,Miljöpartiet de Gröna,Jönköpings län,Enkammarriksdagen,1998,2002,,
8698,Marie Engström,Vänsterpartiet,Värmlands län,Enkammarriksdagen,1998,2002,,woman
8699,Marie Granlund,Socialdemokraterna,Malmö kommun,Enkammarriksdagen,1998,2002,,woman
8700,Marietta de Pourbaix-Lundin,Moderata samlingspartiet,Stockholms län,Enkammarriksdagen,1998,2002,,
8701,Marina Pettersson,Socialdemokraterna,Värmlands län,Enkammarriksdagen,1998,2002,,woman
8702,Marita Ulvskog,Socialdemokraterna,Dalarnas län,Enkammarriksdagen,1998,2002,,
8703,Martin Nilsson,Socialdemokraterna,Jönköpings län,Enkammarriksdagen,1998,2002,,man
8704,Mats Berglind,Socialdemokraterna,Uppsala län,Enkammarriksdagen,1998,2002,,man
8705,Mats Einarsson,Vänsterpartiet,Stockholms län,Enkammarriksdagen,1998,2002,,man
8706,Mats Lindberg,Socialdemokraterna,Västerbottens län,Enkammarriksdagen,1998,2002,,man
8707,Mats Odell,Kristdemokraterna,Stockholms län,Enkammarriksdagen,1998,2002,,man
8708,Matz Hammarström,Miljöpartiet de Gröna,Skåne läns södra,Enkammarriksdagen,1998,2002,,
8709,Maud Björnemalm,Socialdemokraterna,"Örebro län,",Enkammarriksdagen,1998,2002,,
8710,Maud Ekendahl,Moderata samlingspartiet,Skåne läns norra och östra,Enkammarriksdagen,1998,2002,,
8711,Michael Hagberg,Socialdemokraterna,Södermanlands län,Enkammarriksdagen,1998,2002,,man
8712,Mikael Johansson,Miljöpartiet de Gröna,Örebro län,Enkammarriksdagen,1998,2002,,man
8713,Mikael Odenberg,Moderata samlingspartiet,Stockholms kommun,Enkammarriksdagen,1998,2002,,man
8714,Mikael Oscarsson,Kristdemokraterna,Uppsala län,Enkammarriksdagen,1998,2002,,man
8715,Mona Berglund Nilsson,Socialdemokraterna,Västra Götalands läns västra,Enkammarriksdagen,1998,2002,,woman
8716,Monica Green,Socialdemokraterna,Västra Götalands läns östra,Enkammarriksdagen,1998,2002,,
8717,Monica Öhman,Socialdemokraterna,Norrbottens län,Enkammarriksdagen,1998,2002,,
8718,Morgan Johansson,Socialdemokraterna,Skåne läns södra,Enkammarriksdagen,1998,2002,,man
8719,Märta Johansson,Socialdemokraterna,Västra Götalands läns västra,Enkammarriksdagen,1998,2002,,woman
8720,Nalin Pekgul,Socialdemokraterna,Stockholms kommun,Enkammarriksdagen,1998,2002,,
8721,Nils Fredrik Aurelius,Moderata samlingspartiet,Kalmar län,Enkammarriksdagen,1998,2002,,man
8722,Nils-Erik Söderqvist,Socialdemokraterna,Västra Götalands läns norra,Enkammarriksdagen,1998,2002,,
8723,Nils-Göran Holmqvist,Socialdemokraterna,Örebro län,Enkammarriksdagen,1998,2002,,
8724,Ola Karlsson,Moderata samlingspartiet,Örebro län,Enkammarriksdagen,1998,2002,,man
8725,Ola Rask,Socialdemokraterna,Stockholms län,Enkammarriksdagen,1998,2002,,man
8726,Ola Sundell,Moderata samlingspartiet,Jämtlands län,Enkammarriksdagen,1998,2002,,man
8727,Olle Lindström,Moderata samlingspartiet,Norrbottens län,Enkammarriksdagen,1998,2002,,man
8728,Owe Hellberg,Vänsterpartiet,Gävleborgs län,Enkammarriksdagen,1998,2002,,
8729,Patrik Norinder,Moderata samlingspartiet,Gävleborgs län,Enkammarriksdagen,1998,2002,,man
8730,Per Bill,Moderata samlingspartiet,Uppsala län,Enkammarriksdagen,1998,2002,,man
8731,Per Erik Granström,Socialdemokraterna,Dalarnas län,Enkammarriksdagen,1998,2002,,man
8732,Per Lager,Miljöpartiet de Gröna,Västra Götalands läns västra,Enkammarriksdagen,1998,2002,,man
8733,Per Landgren,Kristdemokraterna,Göteborgs kommun,Enkammarriksdagen,1998,2002,,man
8734,Per Rosengren,Vänsterpartiet,Västra Götalands läns östra,Enkammarriksdagen,1998,2002,,man
8735,Per Unckel,Moderata samlingspartiet,Östergötlands län,Enkammarriksdagen,1998,2002,,man
8736,Per Westerberg,Moderata samlingspartiet,Södermanlands län,Enkammarriksdagen,1998,2002,,man
8737,Per-Olof Svensson,Socialdemokraterna,Gävleborgs län,Enkammarriksdagen,1998,2002,,
8738,Per-Richard Molén,Moderata samlingspartiet,Västernorrlands län,Enkammarriksdagen,1998,2002,,
8739,Per-Samuel Nisser,Moderata samlingspartiet,Värmlands län,Enkammarriksdagen,1998,2002,,
8740,Peter Eriksson,Miljöpartiet de Gröna,Norrbottens län,Enkammarriksdagen,1998,2002,,man
8741,Peter Pedersen,Vänsterpartiet,Örebro län,Enkammarriksdagen,1998,2002,,man
8742,Pierre Schori,Socialdemokraterna,Stockholms kommun,Enkammarriksdagen,1998,2002,,man
8743,Pär Nuder,Socialdemokraterna,Stockholms län,Enkammarriksdagen,1998,2002,,man
8744,Ragnwi Marcelind,Kristdemokraterna,Gävleborgs län,Enkammarriksdagen,1998,2002,,
8745,Raimo Pärssinen,Socialdemokraterna,Gävleborgs län,Enkammarriksdagen,1998,2002,,
8746,Reynoldh Furustrand,Socialdemokraterna,Södermanlands län,Enkammarriksdagen,1998,2002,,
8747,Rigmor Stenmark,Centerpartiet,Uppsala län,Enkammarriksdagen,1998,2002,,
8748,Rinaldo Karlsson,Socialdemokraterna,Västerbottens län,Enkammarriksdagen,1998,2002,,
8749,Roland Larsson,Socialdemokraterna,Stockholms kommun,Enkammarriksdagen,1998,2002,,man
8750,Rolf Gunnarsson,Moderata samlingspartiet,Dalarnas län,Enkammarriksdagen,1998,2002,,man
8751,Rolf Kenneryd,Centerpartiet,Hallands län,Enkammarriksdagen,1998,2002,,man
8752,Rolf Olsson,Vänsterpartiet,Göteborgs kommun,Enkammarriksdagen,1998,2002,,man
8753,Rolf Åbjörnsson,Kristdemokraterna,Stockholms kommun,Enkammarriksdagen,1998,2002,,man
8754,Ronny Olander,Socialdemokraterna,Skåne läns södra,Enkammarriksdagen,1998,2002,,man
8755,Rose-Marie Frebran,Kristdemokraterna,Örebro län,Enkammarriksdagen,1998,2002,,
8756,Rosita Runegrund,Kristdemokraterna,Västra Götalands läns västra,Enkammarriksdagen,1998,2002,,
8757,Roy Hansson,Moderata samlingspartiet,Gotlands län,Enkammarriksdagen,1998,2002,,man
8758,Runar Patriksson,Folkpartiet liberalerna,Värmlands län,Enkammarriksdagen,1998,2002,,
8759,Rune Berglund,Socialdemokraterna,Jämtlands län,Enkammarriksdagen,1998,2002,,man
8760,Sinikka Bohlin,Socialdemokraterna,Gävleborgs län,Enkammarriksdagen,1998,2002,,
8761,Siv Holma,Vänsterpartiet,Norrbottens län,Enkammarriksdagen,1998,2002,,
8762,Siw Persson,oberoende[2],Skåne läns norra och östra,Enkammarriksdagen,1998,2002,,
8763,Siw Wittgren-Ahl,Socialdemokraterna,Göteborgs kommun,Enkammarriksdagen,1998,2002,,
8764,Sofia Larsen,Centerpartiet,Örebro län,Enkammarriksdagen,1998,2002,,woman
8765,Sonia Karlsson,Socialdemokraterna,Östergötlands län,Enkammarriksdagen,1998,2002,,woman
8766,Sonja Fransson,Socialdemokraterna,Västra Götalands läns södra,Enkammarriksdagen,1998,2002,,woman
8767,Stefan Attefall,Kristdemokraterna,Stockholms kommun,Enkammarriksdagen,1998,2002,,man
8768,Stefan Hagfeldt,Moderata samlingspartiet,Östergötlands län,Enkammarriksdagen,1998,2002,,man
8769,Sten Andersson,oberoende[1],Malmö kommun,Enkammarriksdagen,1998,2002,,man
8770,Sten Lundström,Vänsterpartiet,Malmö kommun,Enkammarriksdagen,1998,2002,,man
8771,Sten Tolgfors,Moderata samlingspartiet,Örebro län,Enkammarriksdagen,1998,2002,,man
8772,Stig Eriksson,Vänsterpartiet,Norrbottens län,Enkammarriksdagen,1998,2002,,man
8773,Stig Rindborg,Moderata samlingspartiet,Stockholms län,Enkammarriksdagen,1998,2002,,man
8774,Stig Sandström,Vänsterpartiet,Västra Götalands läns norra,Enkammarriksdagen,1998,2002,,man
8775,Sture Arnesson,Vänsterpartiet,Värmlands län,Enkammarriksdagen,1998,2002,,man
8776,Susanne Eberstein,Socialdemokraterna,Västernorrlands län,Enkammarriksdagen,1998,2002,,
8777,Sven Bergström,Centerpartiet,Gävleborgs län,Enkammarriksdagen,1998,2002,,man
8778,Sven Hulterström,Socialdemokraterna,Göteborgs kommun,Enkammarriksdagen,1998,2002,,man
8779,Sven-Erik Sjöstrand,Vänsterpartiet,Skåne läns norra och östra,Enkammarriksdagen,1998,2002,,
8780,Sven-Erik Österberg,Socialdemokraterna,Västmanlands län,Enkammarriksdagen,1998,2002,,
8781,Sylvia Lindgren,Socialdemokraterna,Stockholms kommun,Enkammarriksdagen,1998,2002,,
8782,Sören Lekberg,Socialdemokraterna,Stockholms län,Enkammarriksdagen,1998,2002,,man
8783,Tanja Linderborg,Vänsterpartiet,Västmanlands län,Enkammarriksdagen,1998,2002,,woman
8784,Tasso Stafilidis,Vänsterpartiet,Skåne läns västra,Enkammarriksdagen,1998,2002,,
8785,Thomas Julin,Miljöpartiet de Gröna,Gävleborgs län,Enkammarriksdagen,1998,2002,,man
8786,Thomas Östros,Socialdemokraterna,Uppsala län,Enkammarriksdagen,1998,2002,,man
8787,Tom Heyman,Moderata samlingspartiet,Göteborgs kommun,Enkammarriksdagen,1998,2002,,man
8788,Tomas Eneroth,Socialdemokraterna,Kronobergs län,Enkammarriksdagen,1998,2002,,man
8789,Tomas Högström,Moderata samlingspartiet,Västmanlands län,Enkammarriksdagen,1998,2002,,man
8790,Tommy Waidelich,Socialdemokraterna,Stockholms län,Enkammarriksdagen,1998,2002,,man
8791,Torgny Danielsson,Socialdemokraterna,Värmlands län,Enkammarriksdagen,1998,2002,,man
8792,Tuve Skånberg,Kristdemokraterna,Skåne läns norra och östra,Enkammarriksdagen,1998,2002,,
8793,Ulf Björklund,Kristdemokraterna,Dalarnas län,Enkammarriksdagen,1998,2002,,man
8794,Ulf Kristersson,Moderata samlingspartiet,Stockholms kommun,Enkammarriksdagen,1998,2002,,man
8795,Ulf Nilsson,Folkpartiet liberalerna,Skåne läns södra,Enkammarriksdagen,1998,2002,,man
8796,Ulla Hoffmann,Vänsterpartiet,Stockholms kommun,Enkammarriksdagen,1998,2002,,
8797,Ulla Wester,Socialdemokraterna,Skåne läns norra och östra,Enkammarriksdagen,1998,2002,,
8798,Ulla-Britt Hagström,Kristdemokraterna,Västra Götalands läns östra,Enkammarriksdagen,1998,2002,,
8799,Ulrica Messing,Socialdemokraterna,Gävleborgs län,Enkammarriksdagen,1998,2002,,
8800,Urban Ahlin,Socialdemokraterna,Västra Götalands läns östra,Enkammarriksdagen,1998,2002,,man
8801,Viola Furubjelke,Socialdemokraterna,Östergötlands län,Enkammarriksdagen,1998,2002,,woman
8802,Viviann Gerdin,Centerpartiet,Värmlands län,Enkammarriksdagen,1998,2002,,
8803,Willy Söderdahl,Vänsterpartiet,Blekinge län,Enkammarriksdagen,1998,2002,,man
8804,Yvonne Andersson,Kristdemokraterna,Östergötlands län,Enkammarriksdagen,1998,2002,,
8805,Yvonne Oscarsson,Vänsterpartiet,Gävleborgs län,Enkammarriksdagen,1998,2002,,
8806,Yvonne Ruwaida,Miljöpartiet de Gröna,Stockholms kommun,Enkammarriksdagen,1998,2002,,
8807,Yvonne Ångström,Folkpartiet liberalerna,Västerbottens län,Enkammarriksdagen,1998,2002,,
8808,Åke Carnerö,Kristdemokraterna,Västra Götalands läns västra,Enkammarriksdagen,1998,2002,,man
8809,Åke Gustavsson,Socialdemokraterna,Jönköpings län,Enkammarriksdagen,1998,2002,,man
8810,Åke Sandström,Centerpartiet,Västerbottens län,Enkammarriksdagen,1998,2002,,man
8811,Åsa Torstensson,Centerpartiet,Västra Götalands läns västra,Enkammarriksdagen,1998,2002,,woman
8812,Agne Hansson,Centerpartiet,Kalmar län,Enkammarriksdagen,2002,2006,,
8813,Agneta Gille,Socialdemokraterna,Uppsala län,Enkammarriksdagen,2002,2006,,
8814,Agneta Lundberg,Socialdemokraterna,Västernorrlands län,Enkammarriksdagen,2002,2006,,
8815,Agneta Ringman,Socialdemokraterna,Kalmar län,Enkammarriksdagen,2002,2006,,
8816,Alf Eriksson,Socialdemokraterna,Hallands län,Enkammarriksdagen,2002,2006,,man
8817,Alf Svensson,Kristdemokraterna,Jönköpings län,Enkammarriksdagen,2002,2006,,man
8818,Alice Åström,Vänsterpartiet,Jönköpings län,Enkammarriksdagen,2002,2006,,woman
8819,Allan Widman,Folkpartiet liberalerna,Malmö kommun,Enkammarriksdagen,2002,2006,,man
8820,Ana Maria Narti,Folkpartiet liberalerna,Stockholms kommun,Enkammarriksdagen,2002,2006,,woman
8821,Anders Bengtsson,Socialdemokraterna,Skåne läns norra och östra,Enkammarriksdagen,2002,2006,,man
8822,Anders G. Högmark,Moderata samlingspartiet,Kronobergs län,Enkammarriksdagen,2002,2006,,man
8823,Anders Karlsson,Socialdemokraterna,Skåne läns västra,Enkammarriksdagen,2002,2006,,man
8824,Anders Wiklund,Vänsterpartiet,Dalarnas län,Enkammarriksdagen,2002,2006,,man
8825,Anders Ygeman,Socialdemokraterna,Stockholms kommun,Enkammarriksdagen,2002,2006,,man
8826,Anita Brodén,Folkpartiet liberalerna,Västra Götalands läns norra,Enkammarriksdagen,2002,2006,,woman
8827,Anita Johansson,Socialdemokraterna,Stockholms län,Enkammarriksdagen,2002,2006,,woman
8828,Anita Jönsson,Socialdemokraterna,Skåne läns södra,Enkammarriksdagen,2002,2006,,woman
8829,Anita Sidén,Moderata samlingspartiet,Göteborgs kommun,Enkammarriksdagen,2002,2006,,woman
8830,Ann-Kristine Johansson,Socialdemokraterna,Värmlands län,Enkammarriksdagen,2002,2006,,
8831,Ann-Marie Fagerström,Socialdemokraterna,Kalmar län,Enkammarriksdagen,2002,2006,,
8832,Anna Grönlund Krantz,Folkpartiet liberalerna,Norrbottens län,Enkammarriksdagen,2002,2006,,woman
8833,Anna Lilliehöök,Moderata samlingspartiet,Stockholms kommun,Enkammarriksdagen,2002,2006,,woman
8834,Anna Lindgren,Moderata samlingspartiet,Östergötlands län,Enkammarriksdagen,2002,2006,,woman
8835,Anne Ludvigsson,Socialdemokraterna,Östergötlands län,Enkammarriksdagen,2002,2006,,
8836,Anne Marie Broden,Moderata samlingspartiet,Hallands län,Enkammarriksdagen,2002,2006,,
8837,Anne-Marie Ekström,Folkpartiet liberalerna,Västra Götalands läns södra,Enkammarriksdagen,2002,2006,,
8838,Anne-Marie Pålsson,Moderata samlingspartiet,Skåne läns södra,Enkammarriksdagen,2002,2006,,
8839,Anneli Särnblad,Socialdemokraterna,Dalarnas län,Enkammarriksdagen,2002,2006,,
8840,Annelie Enochson,Kristdemokraterna,Göteborgs kommun,Enkammarriksdagen,2002,2006,,
8841,Annika Nilsson (ersättare: Johan Andersson),Socialdemokraterna,Skåne läns västra,Enkammarriksdagen,2002,2006,,woman
8842,Annika Qarlsson,Centerpartiet,Västra Götalands läns norra,Enkammarriksdagen,2002,2006,,woman
8843,Arne Kjörnsberg,Socialdemokraterna,Västra Götalands läns södra,Enkammarriksdagen,2002,2006,,man
8844,Axel Darvik,Folkpartiet liberalerna,Göteborgs kommun,Enkammarriksdagen,2002,2006,,man
8845,Barbro Feltzing,Miljöpartiet de Gröna,Västra Götalands läns norra,Enkammarriksdagen,2002,2006,,
8846,Barbro Hietala Nordlund,Socialdemokraterna,Dalarnas län,Enkammarriksdagen,2002,2006,,
8847,Beatrice Ask,Moderata samlingspartiet,Stockholms kommun,Enkammarriksdagen,2002,2006,,woman
8848,Bengt-Anders Johansson,Moderata samlingspartiet,Jönköpings län,Enkammarriksdagen,2002,2006,,
8849,Berit Andnor (ersättare: Marie Nordén),Socialdemokraterna,Jämtlands län,Enkammarriksdagen,2002,2006,,
8850,Berit Högman,Socialdemokraterna,Värmlands län,Enkammarriksdagen,2002,2006,,
8851,Berit Jóhannesson,Vänsterpartiet,Göteborgs kommun,Enkammarriksdagen,2002,2006,,
8852,Berndt Ekholm,Socialdemokraterna,Västra Götalands läns södra,Enkammarriksdagen,2002,2006,,
8853,Bertil Kjellberg,Moderata samlingspartiet,Västernorrlands län,Enkammarriksdagen,2002,2006,,man
8854,Billy Gustafsson,Socialdemokraterna,Östergötlands län,Enkammarriksdagen,2002,2006,,man
8855,Birgitta Ahlqvist,Socialdemokraterna,Norrbottens län,Enkammarriksdagen,2002,2006,,
8856,Birgitta Carlsson,Centerpartiet,Västra Götalands läns östra,Enkammarriksdagen,2002,2006,,
8857,Birgitta Ohlsson,Folkpartiet liberalerna,Stockholms kommun,Enkammarriksdagen,2002,2006,,
8858,Birgitta Sellén,Centerpartiet,Västernorrlands län,Enkammarriksdagen,2002,2006,,
8859,Björn Hamilton,Moderata samlingspartiet,Stockholms län,Enkammarriksdagen,2002,2006,,man
8860,Björn von Sydow (ersättare: Mariam Osman Sherifay),Socialdemokraterna,Stockholms län,Enkammarriksdagen,2002,2006,,man
8861,Björn von der Esch,Kristdemokraterna,Södermanlands län,Enkammarriksdagen,2002,2006,,man
8862,Bo Bernhardsson,Socialdemokraterna,Skåne läns södra,Enkammarriksdagen,2002,2006,,man
8863,Bo Könberg,Folkpartiet liberalerna,Stockholms kommun,Enkammarriksdagen,2002,2006,,man
8864,Bosse Ringholm (ersättare: Kaj Nordquist),Socialdemokraterna,Stockholms kommun,Enkammarriksdagen,2002,2006,,
8865,Britt Bohlin Olsson,Socialdemokraterna,Västra Götalands läns norra,Enkammarriksdagen,2002,2006,,
8866,Britt Olauson,Socialdemokraterna,Östergötlands län,Enkammarriksdagen,2002,2006,,
8867,Britt-Marie Danestig,Vänsterpartiet,Östergötlands län,Enkammarriksdagen,2002,2006,,
8868,Britt-Marie Lindkvist,Socialdemokraterna,Malmö kommun,Enkammarriksdagen,2002,2006,,
8869,Britta Rådström,Socialdemokraterna,Västerbottens län,Enkammarriksdagen,2002,2006,,woman
8870,Börje Vestlund,Socialdemokraterna,Stockholms kommun,Enkammarriksdagen,2002,2006,,man
8871,Camilla Sköld Jansson,Vänsterpartiet,Jämtlands län,Enkammarriksdagen,2002,2006,,woman
8872,Carin Lundberg,Socialdemokraterna,Västerbottens län,Enkammarriksdagen,2002,2006,,
8873,Carina Adolfsson Elgestam,Socialdemokraterna,Kronobergs län,Enkammarriksdagen,2002,2006,,
8874,Carina Hägg,Socialdemokraterna,Jönköpings län,Enkammarriksdagen,2002,2006,,
8875,Carina Moberg,Socialdemokraterna,Stockholms län,Enkammarriksdagen,2002,2006,,
8876,Carina Ohlsson,Socialdemokraterna,Västra Götalands läns östra,Enkammarriksdagen,2002,2006,,
8877,Carl B. Hamilton,Folkpartiet liberalerna,Stockholms län,Enkammarriksdagen,2002,2006,,man
8878,Carl-Axel Roslund,Moderata samlingspartiet,Malmö kommun,Enkammarriksdagen,2002,2006,,
8879,Carl-Erik Skårman,Moderata samlingspartiet,Stockholms kommun,Enkammarriksdagen,2002,2006,,
8880,Catharina Bråkenhielm,Socialdemokraterna,Västra Götalands läns västra,Enkammarriksdagen,2002,2006,,
8881,Catharina Elmsäter-Svärd,Moderata samlingspartiet,Stockholms län,Enkammarriksdagen,2002,2006,,
8882,Catherine Persson,Socialdemokraterna,Skåne läns södra,Enkammarriksdagen,2002,2006,,
8883,Cecilia Magnusson,Moderata samlingspartiet,Göteborgs kommun,Enkammarriksdagen,2002,2006,,woman
8884,Cecilia Widegren,Moderata samlingspartiet,Västra Götalands läns östra,Enkammarriksdagen,2002,2006,,woman
8885,Cecilia Wigström,Folkpartiet liberalerna,Göteborgs kommun,Enkammarriksdagen,2002,2006,,woman
8886,Cecilia Wikström,Folkpartiet liberalerna,Uppsala län,Enkammarriksdagen,2002,2006,,woman
8887,Chatrine Pålsson,Kristdemokraterna,Kalmar län,Enkammarriksdagen,2002,2006,,
8888,Christer Adelsbo,Socialdemokraterna,Skåne läns norra och östra,Enkammarriksdagen,2002,2006,,
8889,Christer Engelhardt,Socialdemokraterna,Gotlands län,Enkammarriksdagen,2002,2006,,
8890,Christer Nylander,Folkpartiet liberalerna,Skåne läns norra och östra,Enkammarriksdagen,2002,2006,,
8891,Christer Skoog,Socialdemokraterna,Blekinge län,Enkammarriksdagen,2002,2006,,
8892,Christer Winbäck,Folkpartiet liberalerna,Västra Götalands läns östra,Enkammarriksdagen,2002,2006,,
8893,Christin Hagberg,Socialdemokraterna,Skåne läns västra,Enkammarriksdagen,2002,2006,,
8894,Christina Axelsson,Socialdemokraterna,Stockholms län,Enkammarriksdagen,2002,2006,,woman
8895,Christina Husmark Pehrsson,Moderata samlingspartiet,Skåne läns västra,Enkammarriksdagen,2002,2006,,woman
8896,Christina Oskarsson,Socialdemokraterna,Västra Götalands läns norra,Enkammarriksdagen,2002,2006,,woman
8897,Cinnika Beiming (ersättare: Maryam Yazdanfar),Socialdemokraterna,Stockholms län,Enkammarriksdagen,2002,2006,,
8898,Claes Roxbergh,Miljöpartiet de Gröna,Göteborgs kommun,Enkammarriksdagen,2002,2006,,man
8899,Claes Västerteg,Centerpartiet,Västra Götalands läns södra,Enkammarriksdagen,2002,2006,,man
8900,Claes-Göran Brandin,Socialdemokraterna,Göteborgs kommun,Enkammarriksdagen,2002,2006,,
8901,Conny Öhman,Socialdemokraterna,Östergötlands län,Enkammarriksdagen,2002,2006,,man
8902,Dan Kihlström,Kristdemokraterna,Värmlands län,Enkammarriksdagen,2002,2006,,man
8903,Elina Linna,Vänsterpartiet,Södermanlands län,Enkammarriksdagen,2002,2006,,woman
8904,Elisebeht Markström,Socialdemokraterna,Södermanlands län,Enkammarriksdagen,2002,2006,,
8905,Elizabeth Nyström,Moderata samlingspartiet,Västra Götalands läns norra,Enkammarriksdagen,2002,2006,,woman
8906,Else-Marie Lindgren,Kristdemokraterna,Västra Götalands läns södra,Enkammarriksdagen,2002,2006,,
8907,Erik Ullenhag,Folkpartiet liberalerna,Uppsala län,Enkammarriksdagen,2002,2006,,man
8908,Erling Bager,Folkpartiet liberalerna,Göteborgs kommun,Enkammarriksdagen,2002,2006,,man
8909,Erling Wälivaara,Kristdemokraterna,Norrbottens län,Enkammarriksdagen,2002,2006,,man
8910,Eskil Erlandsson,Centerpartiet,Kronobergs län,Enkammarriksdagen,2002,2006,,man
8911,Eva Arvidsson,Socialdemokraterna,Stockholms län,Enkammarriksdagen,2002,2006,,woman
8912,Eva Flyborg,Folkpartiet liberalerna,Göteborgs kommun,Enkammarriksdagen,2002,2006,,woman
8913,Ewa Björling,Moderata samlingspartiet,Stockholms län,Enkammarriksdagen,2002,2006,,
8914,Ewa Thalén Finné,Moderata samlingspartiet,Skåne läns södra,Enkammarriksdagen,2002,2006,,
8915,Fredrik Olovsson,Socialdemokraterna,Södermanlands län,Enkammarriksdagen,2002,2006,,man
8916,Fredrik Reinfeldt,Moderata samlingspartiet,Stockholms län,Enkammarriksdagen,2002,2006,,man
8917,Gabriel Romanus,Folkpartiet liberalerna,Stockholms kommun,Enkammarriksdagen,2002,2006,,man
8918,Gudrun Schyman,oberoende[1],Stockholms län,Enkammarriksdagen,2002,2006,,
8919,Gunilla Carlsson,Moderata samlingspartiet,Stockholms kommun,Enkammarriksdagen,2002,2006,,
8920,Gunilla Carlsson,Socialdemokraterna,Göteborgs kommun,Enkammarriksdagen,2002,2006,,
8921,Gunilla Tjernberg,Kristdemokraterna,Västerbottens län,Enkammarriksdagen,2002,2006,,
8922,Gunilla Wahlén,Vänsterpartiet,Västernorrlands län,Enkammarriksdagen,2002,2006,,
8923,Gunnar Andrén,Folkpartiet liberalerna,Stockholms län,Enkammarriksdagen,2002,2006,,man
8924,Gunnar Axén,Moderata samlingspartiet,Östergötlands län,Enkammarriksdagen,2002,2006,,man
8925,Gunnar Nordmark,Folkpartiet liberalerna,Kronobergs län,Enkammarriksdagen,2002,2006,,man
8926,Gunnar Sandberg,Socialdemokraterna,Jämtlands län,Enkammarriksdagen,2002,2006,,man
8927,Gustav Fridolin,Miljöpartiet de Gröna,Stockholms kommun,Enkammarriksdagen,2002,2006,,man
8928,Göran Hägglund,Kristdemokraterna,Jönköpings län,Enkammarriksdagen,2002,2006,,man
8929,Göran Lennmarker,Moderata samlingspartiet,Stockholms län,Enkammarriksdagen,2002,2006,,man
8930,Göran Lindblad,Moderata samlingspartiet,Göteborgs kommun,Enkammarriksdagen,2002,2006,,man
8931,Göran Magnusson,Socialdemokraterna,Västmanlands län,Enkammarriksdagen,2002,2006,,man
8932,Göran Norlander,Socialdemokraterna,Västernorrlands län,Enkammarriksdagen,2002,2006,,man
8933,Göran Persson,Socialdemokraterna,Skåne läns norra och östra,Enkammarriksdagen,2002,2006,,man
8934,Göran Persson (ersättare: Luciano Astudillo),Socialdemokraterna,Malmö kommun,Enkammarriksdagen,2002,2006,,man
8935,Göte Wahlström,Socialdemokraterna,Jönköpings län,Enkammarriksdagen,2002,2006,,man
8936,Hans Backman,Folkpartiet liberalerna,Gävleborgs län,Enkammarriksdagen,2002,2006,,man
8937,Hans Hoff,Socialdemokraterna,Hallands län,Enkammarriksdagen,2002,2006,,man
8938,Hans Stenberg,Socialdemokraterna,Västernorrlands län,Enkammarriksdagen,2002,2006,,man
8939,Helena Bargholtz,Folkpartiet liberalerna,Stockholms län,Enkammarriksdagen,2002,2006,,woman
8940,Helena Frisk,Socialdemokraterna,Örebro län,Enkammarriksdagen,2002,2006,,woman
8941,Helena Hillar Rosenqvist,Miljöpartiet de Gröna,Östergötlands län,Enkammarriksdagen,2002,2006,,woman
8942,Helena Höij,Kristdemokraterna,Stockholms kommun,Enkammarriksdagen,2002,2006,,woman
8943,Helene Petersson,Socialdemokraterna,Jönköpings län,Enkammarriksdagen,2002,2006,,
8944,Heli Berg,Folkpartiet liberalerna,Blekinge län,Enkammarriksdagen,2002,2006,,
8945,Henrik S. Järrel,Moderata samlingspartiet,Stockholms kommun,Enkammarriksdagen,2002,2006,,man
8946,Henrik Westman,Moderata samlingspartiet,Stockholms län,Enkammarriksdagen,2002,2006,,man
8947,Henrik von Sydow,Moderata samlingspartiet,Hallands län,Enkammarriksdagen,2002,2006,,man
8948,Hillevi Engström,Moderata samlingspartiet,Stockholms län,Enkammarriksdagen,2002,2006,,woman
8949,Hillevi Larsson,Socialdemokraterna,Malmö kommun,Enkammarriksdagen,2002,2006,,woman
8950,Holger Gustafsson,Kristdemokraterna,Västra Götalands läns östra,Enkammarriksdagen,2002,2006,,man
8951,Håkan Juholt,Socialdemokraterna,Kalmar län,Enkammarriksdagen,2002,2006,,man
8952,Håkan Larsson,Centerpartiet,Jämtlands län,Enkammarriksdagen,2002,2006,,man
8953,Ingegerd Saarinen,Miljöpartiet de Gröna,Västerbottens län,Enkammarriksdagen,2002,2006,,
8954,Ingemar Vänerlöv,Kristdemokraterna,Västra Götalands läns norra,Enkammarriksdagen,2002,2006,,man
8955,Inger Davidsson,Kristdemokraterna,Stockholms län,Enkammarriksdagen,2002,2006,,
8956,Inger Nordlander,Socialdemokraterna,Stockholms kommun,Enkammarriksdagen,2002,2006,,
8957,Inger René,Moderata samlingspartiet,Västra Götalands läns västra,Enkammarriksdagen,2002,2006,,
8958,Ingrid Burman,Vänsterpartiet,Uppsala län,Enkammarriksdagen,2002,2006,,woman
8959,Ingvar Svensson,Kristdemokraterna,Stockholms län,Enkammarriksdagen,2002,2006,,man
8960,Jan Andersson,Centerpartiet,Hallands län,Enkammarriksdagen,2002,2006,,man
8961,Jan Björkman,Socialdemokraterna,Blekinge län,Enkammarriksdagen,2002,2006,,man
8962,Jan Emanuel Johansson,Socialdemokraterna,Stockholms län,Enkammarriksdagen,2002,2006,,man
8963,Jan Ertsborn,Folkpartiet liberalerna,Hallands län,Enkammarriksdagen,2002,2006,,man
8964,Jan Lindholm,Miljöpartiet de Gröna,Dalarnas län,Enkammarriksdagen,2002,2006,,man
8965,Jan-Evert Rådhström,Moderata samlingspartiet,Värmlands län,Enkammarriksdagen,2002,2006,,
8966,Jan-Olof Larsson,Socialdemokraterna,Västra Götalands läns västra,Enkammarriksdagen,2002,2006,,
8967,Jarl Lander,Socialdemokraterna,Värmlands län,Enkammarriksdagen,2002,2006,,man
8968,Jeppe Johnsson,Moderata samlingspartiet,Blekinge län,Enkammarriksdagen,2002,2006,,
8969,Joe Frans,Socialdemokraterna,Stockholms kommun,Enkammarriksdagen,2002,2006,,
8970,Johan Linander,Centerpartiet,Skåne läns södra,Enkammarriksdagen,2002,2006,,man
8971,Johan Löfstrand,Socialdemokraterna,Östergötlands län,Enkammarriksdagen,2002,2006,,man
8972,Johan Pehrson,Folkpartiet liberalerna,Örebro län,Enkammarriksdagen,2002,2006,,man
8973,Johnny Gylling,Kristdemokraterna,Blekinge län,Enkammarriksdagen,2002,2006,,man
8974,Jörgen Johansson,Centerpartiet,Västmanlands län,Enkammarriksdagen,2002,2006,,man
8975,Kalle Larsson,Vänsterpartiet,Stockholms kommun,Enkammarriksdagen,2002,2006,,man
8976,Karin Enström,Moderata samlingspartiet,Stockholms län,Enkammarriksdagen,2002,2006,,woman
8977,Karin Granbom,Folkpartiet liberalerna,Östergötlands län,Enkammarriksdagen,2002,2006,,woman
8978,Karin Pilsäter,Folkpartiet liberalerna,Stockholms län,Enkammarriksdagen,2002,2006,,woman
8979,Karin Svensson Smith,oberoende[2],Skåne läns södra,Enkammarriksdagen,2002,2006,,woman
8980,Karin Thorborg,Vänsterpartiet,Västmanlands län,Enkammarriksdagen,2002,2006,,woman
8981,Karin Åström,Socialdemokraterna,Norrbottens län,Enkammarriksdagen,2002,2006,,woman
8982,Karl Gustav Abrahamsson,Socialdemokraterna,Västerbottens län,Enkammarriksdagen,2002,2006,,man
8983,Kenneth G. Forslund,Socialdemokraterna,Västra Götalands läns västra,Enkammarriksdagen,2002,2006,,man
8984,Kenneth Johansson,Centerpartiet,Dalarnas län,Enkammarriksdagen,2002,2006,,man
8985,Kenneth Lantz,Kristdemokraterna,Skåne läns västra,Enkammarriksdagen,2002,2006,,man
8986,Kent Härstedt,Socialdemokraterna,Skåne läns västra,Enkammarriksdagen,2002,2006,,man
8987,Kent Olsson,Moderata samlingspartiet,Västra Götalands läns västra,Enkammarriksdagen,2002,2006,,man
8988,Kerstin Andersson,Socialdemokraterna,Blekinge län,Enkammarriksdagen,2002,2006,,woman
8989,Kerstin Engle,Socialdemokraterna,Skåne läns norra och östra,Enkammarriksdagen,2002,2006,,woman
8990,Kerstin Heinemann,Folkpartiet liberalerna,Västmanlands län,Enkammarriksdagen,2002,2006,,woman
8991,Kerstin Kristiansson Karlstedt,Socialdemokraterna,Västernorrlands län,Enkammarriksdagen,2002,2006,,woman
8992,Kerstin Lundgren,Centerpartiet,Stockholms län,Enkammarriksdagen,2002,2006,,woman
8993,Kjell Nordström,Socialdemokraterna,Västra Götalands läns östra,Enkammarriksdagen,2002,2006,,man
8994,Kjell-Erik Karlsson,Vänsterpartiet,Hallands län,Enkammarriksdagen,2002,2006,,
8995,Krister Hammarbergh,Moderata samlingspartiet,Norrbottens län,Enkammarriksdagen,2002,2006,,man
8996,Krister Örnfjäder,Socialdemokraterna,Kalmar län,Enkammarriksdagen,2002,2006,,man
8997,Kristina Zakrisson,Socialdemokraterna,Norrbottens län,Enkammarriksdagen,2002,2006,,woman
8998,Kurt Kvarnström,Socialdemokraterna,Dalarnas län,Enkammarriksdagen,2002,2006,,man
8999,Laila Bjurling,Socialdemokraterna,Södermanlands län,Enkammarriksdagen,2002,2006,,woman
9000,Lars Bäckström,Vänsterpartiet,Västra Götalands läns västra,Enkammarriksdagen,2002,2006,,man
9001,Lars Gustafsson,Kristdemokraterna,Hallands län,Enkammarriksdagen,2002,2006,,man
9002,Lars Johansson,Socialdemokraterna,Göteborgs kommun,Enkammarriksdagen,2002,2006,,man
9003,Lars Leijonborg,Folkpartiet liberalerna,Stockholms län,Enkammarriksdagen,2002,2006,,man
9004,Lars Lilja,Socialdemokraterna,Västerbottens län,Enkammarriksdagen,2002,2006,,man
9005,Lars Lindblad,Moderata samlingspartiet,Skåne läns södra,Enkammarriksdagen,2002,2006,,man
9006,Lars Lindén,Kristdemokraterna,Västernorrlands län,Enkammarriksdagen,2002,2006,,man
9007,Lars Ohly,Vänsterpartiet,Stockholms kommun,Enkammarriksdagen,2002,2006,,man
9008,Lars Tysklind,Folkpartiet liberalerna,Västra Götalands läns västra,Enkammarriksdagen,2002,2006,,man
9009,Lars U. Granberg,Socialdemokraterna,Norrbottens län,Enkammarriksdagen,2002,2006,,man
9010,Lars Wegendal,Socialdemokraterna,Kronobergs län,Enkammarriksdagen,2002,2006,,man
9011,Lars Ångström,Miljöpartiet de Gröna,Stockholms län,Enkammarriksdagen,2002,2006,,man
9012,Lars-Ivar Ericsson,Centerpartiet,Skåne läns norra och östra,Enkammarriksdagen,2002,2006,,
9013,Leif Björnlod,Miljöpartiet de Gröna,Värmlands län,Enkammarriksdagen,2002,2006,,man
9014,Leif Jakobsson,Socialdemokraterna,Malmö kommun,Enkammarriksdagen,2002,2006,,man
9015,Leif Pagrotsky (ersättare: Rolf Lindén),Socialdemokraterna,Göteborgs kommun,Enkammarriksdagen,2002,2006,,man
9016,Lena Adelsohn Liljeroth,Moderata samlingspartiet,Stockholms kommun,Enkammarriksdagen,2002,2006,,woman
9017,Lennart Axelsson,Socialdemokraterna,Örebro län,Enkammarriksdagen,2002,2006,,man
9018,Lennart Beijer,Vänsterpartiet,Kalmar län,Enkammarriksdagen,2002,2006,,man
9019,Lennart Fremling,Folkpartiet liberalerna,Dalarnas län,Enkammarriksdagen,2002,2006,,man
9020,Lennart Gustavsson,Vänsterpartiet,Västerbottens län,Enkammarriksdagen,2002,2006,,man
9021,Lennart Hedquist,Moderata samlingspartiet,Uppsala län,Enkammarriksdagen,2002,2006,,man
9022,Lennart Klockare,Socialdemokraterna,Norrbottens län,Enkammarriksdagen,2002,2006,,man
9023,Lennart Kollmats,Folkpartiet liberalerna,Hallands län,Enkammarriksdagen,2002,2006,,man
9024,Lennart Nilsson,Socialdemokraterna,Västra Götalands läns västra,Enkammarriksdagen,2002,2006,,man
9025,Lilian Virgin,Socialdemokraterna,Gotlands län,Enkammarriksdagen,2002,2006,,woman
9026,Linnéa Darell,Folkpartiet liberalerna,Östergötlands län,Enkammarriksdagen,2002,2006,,woman
9027,Liselott Hagberg,Folkpartiet liberalerna,Södermanlands län,Enkammarriksdagen,2002,2006,,
9028,Lotta Hedström,Miljöpartiet de Gröna,Gävleborgs län,Enkammarriksdagen,2002,2006,,woman
9029,Louise Malmström,Socialdemokraterna,Östergötlands län,Enkammarriksdagen,2002,2006,,woman
9030,Magdalena Andersson,Moderata samlingspartiet,Jönköpings län,Enkammarriksdagen,2002,2006,,woman
9031,Majléne Westerlund Panke,Socialdemokraterna,Hallands län,Enkammarriksdagen,2002,2006,,
9032,Margareta Andersson,Centerpartiet,Jönköpings län,Enkammarriksdagen,2002,2006,,
9033,Margareta Israelsson,Socialdemokraterna,Västmanlands län,Enkammarriksdagen,2002,2006,,
9034,Margareta Persson,Socialdemokraterna,Jönköpings län,Enkammarriksdagen,2002,2006,,
9035,Margareta Pålsson,Moderata samlingspartiet,Skåne läns norra och östra,Enkammarriksdagen,2002,2006,,
9036,Maria Hassan,Socialdemokraterna,Stockholms kommun,Enkammarriksdagen,2002,2006,,woman
9037,Maria Larsson,Kristdemokraterna,Jönköpings län,Enkammarriksdagen,2002,2006,,woman
9038,Maria Wetterstrand,Miljöpartiet de Gröna,Södermanlands län,Enkammarriksdagen,2002,2006,,woman
9039,Maria Öberg,Socialdemokraterna,Norrbottens län,Enkammarriksdagen,2002,2006,,woman
9040,Mariann Ytterberg,Socialdemokraterna,Västmanlands län,Enkammarriksdagen,2002,2006,,
9041,Marianne Carlström,Socialdemokraterna,Göteborgs kommun,Enkammarriksdagen,2002,2006,,
9042,Marie Engström,Vänsterpartiet,Värmlands län,Enkammarriksdagen,2002,2006,,woman
9043,Marie Granlund,Socialdemokraterna,Malmö kommun,Enkammarriksdagen,2002,2006,,woman
9044,Marie Wahlgren,Folkpartiet liberalerna,Skåne läns södra,Enkammarriksdagen,2002,2006,,woman
9045,Marietta de Pourbaix-Lundin,Moderata samlingspartiet,Stockholms län,Enkammarriksdagen,2002,2006,,
9046,Marina Pettersson,Socialdemokraterna,Värmlands län,Enkammarriksdagen,2002,2006,,woman
9047,Marita Aronsson,Folkpartiet liberalerna,Västra Götalands läns västra,Enkammarriksdagen,2002,2006,,
9048,Marita Ulvskog,Socialdemokraterna,Dalarnas län,Enkammarriksdagen,2002,2006,,
9049,Martin Andreasson,Folkpartiet liberalerna,Stockholms län,Enkammarriksdagen,2002,2006,,man
9050,Martin Nilsson,Socialdemokraterna,Jönköpings län,Enkammarriksdagen,2002,2006,,man
9051,Matilda Ernkrans,Socialdemokraterna,Örebro län,Enkammarriksdagen,2002,2006,,woman
9052,Mats Berglind,Socialdemokraterna,Uppsala län,Enkammarriksdagen,2002,2006,,man
9053,Mats Einarsson,Vänsterpartiet,Stockholms län,Enkammarriksdagen,2002,2006,,man
9054,Mats Odell,Kristdemokraterna,Stockholms län,Enkammarriksdagen,2002,2006,,man
9055,Maud Ekendahl,Moderata samlingspartiet,Skåne läns norra och östra,Enkammarriksdagen,2002,2006,,
9056,Maud Olofsson,Centerpartiet,Västerbottens län,Enkammarriksdagen,2002,2006,,
9057,Mauricio Rojas,Folkpartiet liberalerna,Stockholms kommun,Enkammarriksdagen,2002,2006,,
9058,Mia Franzén,Folkpartiet liberalerna,Stockholms län,Enkammarriksdagen,2002,2006,,woman
9059,Michael Hagberg,Socialdemokraterna,Södermanlands län,Enkammarriksdagen,2002,2006,,man
9060,Mikael Damberg,Socialdemokraterna,Stockholms län,Enkammarriksdagen,2002,2006,,man
9061,Mikael Johansson,Miljöpartiet de Gröna,Örebro län,Enkammarriksdagen,2002,2006,,man
9062,Mikael Odenberg,Moderata samlingspartiet,Stockholms kommun,Enkammarriksdagen,2002,2006,,man
9063,Mikael Oscarsson,Kristdemokraterna,Uppsala län,Enkammarriksdagen,2002,2006,,man
9064,Mikaela Valtersson,Miljöpartiet de Gröna,Stockholms län,Enkammarriksdagen,2002,2006,,woman
9065,Mona Berglund Nilsson,Socialdemokraterna,Västra Götalands läns västra,Enkammarriksdagen,2002,2006,,woman
9066,Mona Jönsson,Miljöpartiet de Gröna,Västra Götalands läns västra,Enkammarriksdagen,2002,2006,,woman
9067,Mona Sahlin (ersättare: Britta Lejon),Socialdemokraterna,Stockholms län,Enkammarriksdagen,2002,2006,,woman
9068,Monica Green,Socialdemokraterna,Västra Götalands läns östra,Enkammarriksdagen,2002,2006,,
9069,Morgan Johansson (ersättare: Inger Jarl Beck),Socialdemokraterna,Skåne läns södra,Enkammarriksdagen,2002,2006,,man
9070,Nikos Papadopoulos,Socialdemokraterna,Stockholms kommun,Enkammarriksdagen,2002,2006,,
9071,Nils Fredrik Aurelius,Moderata samlingspartiet,Kalmar län,Enkammarriksdagen,2002,2006,,man
9072,Nils-Erik Söderqvist,Socialdemokraterna,Västra Götalands läns norra,Enkammarriksdagen,2002,2006,,
9073,Nils-Göran Holmqvist,Socialdemokraterna,Örebro län,Enkammarriksdagen,2002,2006,,
9074,Nina Lundström,Folkpartiet liberalerna,Stockholms län,Enkammarriksdagen,2002,2006,,woman
9075,Nyamko Sabuni,Folkpartiet liberalerna,Stockholms kommun,Enkammarriksdagen,2002,2006,,
9076,Ola Rask,Socialdemokraterna,Stockholms län,Enkammarriksdagen,2002,2006,,man
9077,Ola Sundell,Moderata samlingspartiet,Jämtlands län,Enkammarriksdagen,2002,2006,,man
9078,Olle Sandahl,Kristdemokraterna,Kronobergs län,Enkammarriksdagen,2002,2006,,man
9079,Owe Hellberg,Vänsterpartiet,Gävleborgs län,Enkammarriksdagen,2002,2006,,
9080,Paavo Vallius,Socialdemokraterna,Västmanlands län,Enkammarriksdagen,2002,2006,,
9081,Patrik Norinder,Moderata samlingspartiet,Gävleborgs län,Enkammarriksdagen,2002,2006,,man
9082,Per Bill,Moderata samlingspartiet,Uppsala län,Enkammarriksdagen,2002,2006,,man
9083,Per Erik Granström,Socialdemokraterna,Dalarnas län,Enkammarriksdagen,2002,2006,,man
9084,Per Landgren,Kristdemokraterna,Göteborgs kommun,Enkammarriksdagen,2002,2006,,man
9085,Per Rosengren,Vänsterpartiet,Västra Götalands läns östra,Enkammarriksdagen,2002,2006,,man
9086,Per Westerberg,Moderata samlingspartiet,Södermanlands län,Enkammarriksdagen,2002,2006,,man
9087,Per-Olof Svensson,Socialdemokraterna,Gävleborgs län,Enkammarriksdagen,2002,2006,,
9088,Peter Althin,Kristdemokraterna,Skåne läns södra,Enkammarriksdagen,2002,2006,,man
9089,Peter Danielsson,Moderata samlingspartiet,Skåne läns västra,Enkammarriksdagen,2002,2006,,man
9090,Peter Eriksson,Miljöpartiet de Gröna,Norrbottens län,Enkammarriksdagen,2002,2006,,man
9091,Peter Johnsson,Socialdemokraterna,Västra Götalands läns norra,Enkammarriksdagen,2002,2006,,man
9092,Peter Pedersen,Vänsterpartiet,Örebro län,Enkammarriksdagen,2002,2006,,man
9093,Pär Axel Sahlberg,Socialdemokraterna,Hallands län,Enkammarriksdagen,2002,2006,,man
9094,Pär Nuder (ersättare: Christer Erlandsson),Socialdemokraterna,Stockholms län,Enkammarriksdagen,2002,2006,,man
9095,Ragnwi Marcelind,Kristdemokraterna,Gävleborgs län,Enkammarriksdagen,2002,2006,,
9096,Raimo Pärssinen,Socialdemokraterna,Gävleborgs län,Enkammarriksdagen,2002,2006,,
9097,Reynoldh Furustrand,Socialdemokraterna,Södermanlands län,Enkammarriksdagen,2002,2006,,
9098,Rigmor Stenmark,Centerpartiet,Uppsala län,Enkammarriksdagen,2002,2006,,
9099,Roger Tiefensee,Centerpartiet,Södermanlands län,Enkammarriksdagen,2002,2006,,man
9100,Rolf Gunnarsson,Moderata samlingspartiet,Dalarnas län,Enkammarriksdagen,2002,2006,,man
9101,Rolf Olsson,Vänsterpartiet,Göteborgs kommun,Enkammarriksdagen,2002,2006,,man
9102,Ronny Olander,Socialdemokraterna,Skåne läns södra,Enkammarriksdagen,2002,2006,,man
9103,Rosita Runegrund,Kristdemokraterna,Västra Götalands läns västra,Enkammarriksdagen,2002,2006,,
9104,Rossana Dinamarca,Vänsterpartiet,Västra Götalands läns norra,Enkammarriksdagen,2002,2006,,
9105,Runar Patriksson,Folkpartiet liberalerna,Värmlands län,Enkammarriksdagen,2002,2006,,
9106,Rune Berglund,Socialdemokraterna,Jämtlands län,Enkammarriksdagen,2002,2006,,man
9107,Sermin Özürküt,Vänsterpartiet,Stockholms län,Enkammarriksdagen,2002,2006,,
9108,Sinikka Bohlin,Socialdemokraterna,Gävleborgs län,Enkammarriksdagen,2002,2006,,
9109,Siv Holma,Vänsterpartiet,Norrbottens län,Enkammarriksdagen,2002,2006,,
9110,Siw Wittgren-Ahl,Socialdemokraterna,Göteborgs kommun,Enkammarriksdagen,2002,2006,,
9111,Sofia Larsen,Centerpartiet,Örebro län,Enkammarriksdagen,2002,2006,,woman
9112,Solveig Hellquist,Folkpartiet liberalerna,Västernorrlands län,Enkammarriksdagen,2002,2006,,woman
9113,Sonia Karlsson,Socialdemokraterna,Östergötlands län,Enkammarriksdagen,2002,2006,,woman
9114,Sonja Fransson (ersättare: Ann-Christin Ahlberg),Socialdemokraterna,Västra Götalands läns södra,Enkammarriksdagen,2002,2006,,woman
9115,Staffan Danielsson,Centerpartiet,Östergötlands län,Enkammarriksdagen,2002,2006,,man
9116,Stefan Attefall,Kristdemokraterna,Stockholms kommun,Enkammarriksdagen,2002,2006,,man
9117,Stefan Hagfeldt,Moderata samlingspartiet,Östergötlands län,Enkammarriksdagen,2002,2006,,man
9118,Sten Lundström,Vänsterpartiet,Malmö kommun,Enkammarriksdagen,2002,2006,,man
9119,Sten Tolgfors,Moderata samlingspartiet,Örebro län,Enkammarriksdagen,2002,2006,,man
9120,Susanne Eberstein,Socialdemokraterna,Västernorrlands län,Enkammarriksdagen,2002,2006,,
9121,Sven Bergström,Centerpartiet,Gävleborgs län,Enkammarriksdagen,2002,2006,,man
9122,Sven Brus,Kristdemokraterna,Östergötlands län,Enkammarriksdagen,2002,2006,,man
9123,Sven Gunnar Persson,Kristdemokraterna,Örebro län,Enkammarriksdagen,2002,2006,,man
9124,Sven-Erik Sjöstrand,Vänsterpartiet,Skåne läns norra och östra,Enkammarriksdagen,2002,2006,,
9125,Sven-Erik Österberg (ersättare: Pia Nilsson),Socialdemokraterna,Västmanlands län,Enkammarriksdagen,2002,2006,,
9126,Sverker Thorén,Folkpartiet liberalerna,Kalmar län,Enkammarriksdagen,2002,2006,,man
9127,Sylvia Lindgren,Socialdemokraterna,Stockholms kommun,Enkammarriksdagen,2002,2006,,
9128,Sören Wibe,Socialdemokraterna,Västerbottens län,Enkammarriksdagen,2002,2006,,man
9129,Tasso Stafilidis,Vänsterpartiet,Skåne läns västra,Enkammarriksdagen,2002,2006,,
9130,Thomas Bodström (ersättare: Ameer Sachet),Socialdemokraterna,Örebro län,Enkammarriksdagen,2002,2006,,man
9131,Thomas Östros (ersättare: Rezene Tesfazion),Socialdemokraterna,Uppsala län,Enkammarriksdagen,2002,2006,,man
9132,Tina Acketoft,Folkpartiet liberalerna,Skåne läns västra,Enkammarriksdagen,2002,2006,,woman
9133,Tobias Billström,Moderata samlingspartiet,Malmö kommun,Enkammarriksdagen,2002,2006,,man
9134,Tobias Krantz,Folkpartiet liberalerna,Jönköpings län,Enkammarriksdagen,2002,2006,,man
9135,Tomas Eneroth,Socialdemokraterna,Kronobergs län,Enkammarriksdagen,2002,2006,,man
9136,Tomas Högström,Moderata samlingspartiet,Västmanlands län,Enkammarriksdagen,2002,2006,,man
9137,Tommy Ternemar,Socialdemokraterna,Värmlands län,Enkammarriksdagen,2002,2006,,man
9138,Tommy Waidelich,Socialdemokraterna,Stockholms län,Enkammarriksdagen,2002,2006,,man
9139,Tone Tingsgård,Socialdemokraterna,Uppsala län,Enkammarriksdagen,2002,2006,,woman
9140,Torkild Strandberg,Folkpartiet liberalerna,Skåne läns västra,Enkammarriksdagen,2002,2006,,
9141,Torsten Lindström,Kristdemokraterna,Västmanlands län,Enkammarriksdagen,2002,2006,,
9142,Tuve Skånberg,Kristdemokraterna,Skåne läns norra och östra,Enkammarriksdagen,2002,2006,,
9143,Ulf Holm,Miljöpartiet de Gröna,Skåne läns södra,Enkammarriksdagen,2002,2006,,man
9144,Ulf Nilsson,Folkpartiet liberalerna,Skåne läns södra,Enkammarriksdagen,2002,2006,,man
9145,Ulf Sjösten,Moderata samlingspartiet,Västra Götalands läns södra,Enkammarriksdagen,2002,2006,,man
9146,Ulla Hoffmann,Vänsterpartiet,Stockholms kommun,Enkammarriksdagen,2002,2006,,
9147,Ulla Löfgren,Moderata samlingspartiet,Västerbottens län,Enkammarriksdagen,2002,2006,,
9148,Ulla Wester,Socialdemokraterna,Skåne läns norra och östra,Enkammarriksdagen,2002,2006,,
9149,Ulrica Messing (ersättare: Yoomi Renström),Socialdemokraterna,Gävleborgs län,Enkammarriksdagen,2002,2006,,
9150,Ulrik Lindgren,Kristdemokraterna,Dalarnas län,Enkammarriksdagen,2002,2006,,man
9151,Urban Ahlin,Socialdemokraterna,Västra Götalands läns östra,Enkammarriksdagen,2002,2006,,man
9152,Veronica Palm,Socialdemokraterna,Stockholms kommun,Enkammarriksdagen,2002,2006,,woman
9153,Viviann Gerdin,Centerpartiet,Värmlands län,Enkammarriksdagen,2002,2006,,
9154,Yilmaz Kerimo,Socialdemokraterna,Stockholms län,Enkammarriksdagen,2002,2006,,
9155,Yvonne Andersson,Kristdemokraterna,Östergötlands län,Enkammarriksdagen,2002,2006,,
9156,Yvonne Ruwaida,Miljöpartiet de Gröna,Stockholms kommun,Enkammarriksdagen,2002,2006,,
9157,Yvonne Ångström,Folkpartiet liberalerna,Västerbottens län,Enkammarriksdagen,2002,2006,,
9158,Åsa Domeij,Miljöpartiet de Gröna,Uppsala län,Enkammarriksdagen,2002,2006,,woman
9159,Åsa Torstensson,Centerpartiet,Västra Götalands läns västra,Enkammarriksdagen,2002,2006,,woman
9160,Agneta Berliner,Folkpartiet liberalerna,Västmanlands län,Enkammarriksdagen,2006,2010,,
9161,Agneta Gille,Socialdemokraterna,Uppsala län,Enkammarriksdagen,2006,2010,,
9162,Agneta Lundberg,Socialdemokraterna,Västernorrlands län,Enkammarriksdagen,2006,2010,,
9163,Aleksander Gabelic,Socialdemokraterna,Östergötlands län,Enkammarriksdagen,2006,2010,,man
9164,Alf Eriksson,Socialdemokraterna,Hallands län,Enkammarriksdagen,2006,2010,,man
9165,Alice Åström,Vänsterpartiet,Jönköpings län,Enkammarriksdagen,2006,2010,,woman
9166,Allan Widman,Folkpartiet liberalerna,Malmö kommun,Enkammarriksdagen,2006,2010,,man
9167,Ameer Sachet,Socialdemokraterna,Örebro län,Enkammarriksdagen,2006,2010,,
9168,Amineh Kakabaveh,Vänsterpartiet,Stockholms kommun,Enkammarriksdagen,2006,2010,,
9169,Anders Andersson,Kristdemokraterna,Kalmar län,Enkammarriksdagen,2006,2010,,man
9170,Anders Hansson,Moderata samlingspartiet,Skåne läns södra,Enkammarriksdagen,2006,2010,,man
9171,Anders Karlsson,Socialdemokraterna,Skåne läns västra,Enkammarriksdagen,2006,2010,,man
9172,Anders Ygeman,Socialdemokraterna,Stockholms kommun,Enkammarriksdagen,2006,2010,,man
9173,Anders Åkesson,Centerpartiet,Kalmar län,Enkammarriksdagen,2006,2010,,man
9174,Andreas Norlén,Moderata samlingspartiet,Östergötlands län,Enkammarriksdagen,2006,2010,,man
9175,Anita Brodén,Folkpartiet liberalerna,Västra Götalands läns norra,Enkammarriksdagen,2006,2010,,woman
9176,Ann Arleklo,Socialdemokraterna,Skåne läns västra,Enkammarriksdagen,2006,2010,,
9177,Ann-Christin Ahlberg,Socialdemokraterna,Västra Götalands läns södra,Enkammarriksdagen,2006,2010,,
9178,Ann-Kristine Johansson,Socialdemokraterna,Värmlands län,Enkammarriksdagen,2006,2010,,
9179,Anna Kinberg Batra,Moderata samlingspartiet,Stockholms län,Enkammarriksdagen,2006,2010,,woman
9180,Anna König Jerlmyr,Moderata samlingspartiet,Stockholms kommun,Enkammarriksdagen,2006,2010,,woman
9181,Anna Lilliehöök,Moderata samlingspartiet,Stockholms kommun,Enkammarriksdagen,2006,2010,,woman
9182,Anna Tenje,Moderata samlingspartiet,Kronobergs län,Enkammarriksdagen,2006,2010,,woman
9183,Anne Ludvigsson,Socialdemokraterna,Östergötlands län,Enkammarriksdagen,2006,2010,,
9184,Anne Marie Brodén,Moderata samlingspartiet,Hallands län,Enkammarriksdagen,2006,2010,,
9185,Anne-Marie Pålsson,Moderata samlingspartiet,Skåne läns södra,Enkammarriksdagen,2006,2010,,
9186,Anneli Särnblad,Socialdemokraterna,Dalarnas län,Enkammarriksdagen,2006,2010,,
9187,Annelie Enochson,Kristdemokraterna,Göteborgs kommun,Enkammarriksdagen,2006,2010,,
9188,Annicka Engblom,Moderata samlingspartiet,Blekinge län,Enkammarriksdagen,2006,2010,,
9189,Annie Johansson,Centerpartiet,Jönköpings län,Enkammarriksdagen,2006,2010,,woman
9190,Annika Qarlsson,Centerpartiet,Västra Götalands läns norra,Enkammarriksdagen,2006,2010,,woman
9191,Anti Avsan,Moderata samlingspartiet,Stockholms län,Enkammarriksdagen,2006,2010,,
9192,Barbro Westerholm,Folkpartiet liberalerna,Stockholms län,Enkammarriksdagen,2006,2010,,
9193,Beatrice Ask(ersatt av Marianne Watz),Moderata samlingspartiet,Stockholms kommun,Enkammarriksdagen,2006,2010,,woman
9194,Bengt-Anders Johansson,Moderata samlingspartiet,Jönköpings län,Enkammarriksdagen,2006,2010,,
9195,Berit Andnor,Socialdemokraterna,Jämtlands län,Enkammarriksdagen,2006,2010,,
9196,Berit Högman,Socialdemokraterna,Värmlands län,Enkammarriksdagen,2006,2010,,
9197,Bertil Kjellberg,Moderata samlingspartiet,Västernorrlands län,Enkammarriksdagen,2006,2010,,man
9198,Betty Malmberg,Moderata samlingspartiet,Östergötlands län,Enkammarriksdagen,2006,2010,,woman
9199,Billy Gustafsson,Socialdemokraterna,Östergötlands län,Enkammarriksdagen,2006,2010,,man
9200,Birgitta Eriksson,Socialdemokraterna,Västra Götalands läns västra,Enkammarriksdagen,2006,2010,,
9201,Birgitta Ohlsson,Folkpartiet liberalerna,Stockholms kommun,Enkammarriksdagen,2006,2010,,
9202,Birgitta Sellén (2:e vice talman),Centerpartiet,Västernorrlands län,Enkammarriksdagen,2006,2010,,
9203,Björn Hamilton,Moderata samlingspartiet,Stockholms län,Enkammarriksdagen,2006,2010,,man
9204,Björn Leivik,Moderata samlingspartiet,Västra Götalands läns norra,Enkammarriksdagen,2006,2010,,man
9205,Björn von Sydow,Socialdemokraterna,Stockholms län,Enkammarriksdagen,2006,2010,,man
9206,Bo Bernhardsson,Socialdemokraterna,Skåne läns södra,Enkammarriksdagen,2006,2010,,man
9207,Bodil Ceballos,Miljöpartiet de Gröna,Gävleborgs län,Enkammarriksdagen,2006,2010,,woman
9208,Bosse Ringholm,Socialdemokraterna,Stockholms kommun,Enkammarriksdagen,2006,2010,,
9209,Britta Rådström,Socialdemokraterna,Västerbottens län,Enkammarriksdagen,2006,2010,,woman
9210,Börje Vestlund,Socialdemokraterna,Stockholms kommun,Enkammarriksdagen,2006,2010,,man
9211,Camilla Lindberg,Folkpartiet liberalerna,Dalarnas län,Enkammarriksdagen,2006,2010,,woman
9212,Carin Runeson,Socialdemokraterna,Dalarnas län,Enkammarriksdagen,2006,2010,,
9213,Carina Adolfsson Elgestam,Socialdemokraterna,Kronobergs län,Enkammarriksdagen,2006,2010,,
9214,Carina Hägg,Socialdemokraterna,Jönköpings län,Enkammarriksdagen,2006,2010,,
9215,Carina Moberg,Socialdemokraterna,Stockholms län,Enkammarriksdagen,2006,2010,,
9216,Carina Ohlsson,Socialdemokraterna,Västra Götalands läns östra,Enkammarriksdagen,2006,2010,,
9217,Carl B. Hamilton,Folkpartiet liberalerna,Stockholms kommun,Enkammarriksdagen,2006,2010,,man
9218,Caroline Helmersson-Olsson,Socialdemokraterna,Södermanlands län,Enkammarriksdagen,2006,2010,,woman
9219,Catharina Bråkenhielm,Socialdemokraterna,Västra Götalands läns västra,Enkammarriksdagen,2006,2010,,
9220,Cecilia Magnusson,Moderata samlingspartiet,Göteborgs kommun,Enkammarriksdagen,2006,2010,,woman
9221,Cecilia Widegren,Moderata samlingspartiet,Västra Götalands läns östra,Enkammarriksdagen,2006,2010,,woman
9222,Cecilia Wigström i Göteborg,Folkpartiet liberalerna,Göteborgs kommun,Enkammarriksdagen,2006,2010,,woman
9223,Cecilie Tenfjord-Toftby,Moderata samlingspartiet,Västra Götalands läns södra,Enkammarriksdagen,2006,2010,,
9224,Christer Adelsbo,Socialdemokraterna,Skåne läns norra och östra,Enkammarriksdagen,2006,2010,,
9225,Christer Engelhardt,Socialdemokraterna,Gotlands län,Enkammarriksdagen,2006,2010,,
9226,Christer Eriksson,Centerpartiet,Västmanlands län,Enkammarriksdagen,2006,2010,,
9227,Christer Nylander,Folkpartiet liberalerna,Skåne läns norra och östra,Enkammarriksdagen,2006,2010,,
9228,Christer Winbäck,Folkpartiet liberalerna,Västra Götalands läns östra,Enkammarriksdagen,2006,2010,,
9229,Christian Holm,Moderata samlingspartiet,Värmlands län,Enkammarriksdagen,2006,2010,,man
9230,Christin Hagberg,Socialdemokraterna,Skåne läns västra,Enkammarriksdagen,2006,2010,,
9231,Christina Axelsson,Socialdemokraterna,Stockholms län,Enkammarriksdagen,2006,2010,,woman
9232,Christina Oskarsson,Socialdemokraterna,Västra Götalands läns norra,Enkammarriksdagen,2006,2010,,woman
9233,Christina Zedell,Socialdemokraterna,Stockholms län,Enkammarriksdagen,2006,2010,,woman
9234,Christine Jönsson,Moderata samlingspartiet,Skåne läns södra,Enkammarriksdagen,2006,2010,,woman
9235,Claes Västerteg,Centerpartiet,Västra Götalands läns södra,Enkammarriksdagen,2006,2010,,man
9236,Claes-Göran Brandin,Socialdemokraterna,Göteborgs kommun,Enkammarriksdagen,2006,2010,,
9237,Cristina Husmark Pehrsson(ersatt av Ann-Charlotte Hammar Johnsson),Moderata samlingspartiet,Skåne läns västra,Enkammarriksdagen,2006,2010,,
9238,Dan Kihlström,Kristdemokraterna,Värmlands län,Enkammarriksdagen,2006,2010,,man
9239,Désirée Liljevall,Socialdemokraterna,Kalmar län,Enkammarriksdagen,2006,2010,,
9240,Egon Frid,Vänsterpartiet,Västra Götalands läns östra,Enkammarriksdagen,2006,2010,,man
9241,Elina Linna,Vänsterpartiet,Södermanlands län,Enkammarriksdagen,2006,2010,,woman
9242,Elisabeth Svantesson,Moderata samlingspartiet,Örebro län,Enkammarriksdagen,2006,2010,,woman
9243,Elisebeht Markström,Socialdemokraterna,Södermanlands län,Enkammarriksdagen,2006,2010,,
9244,Eliza Roszkowska Öberg,Moderata samlingspartiet,Stockholms län,Enkammarriksdagen,2006,2010,,woman
9245,Else-Marie Lindgren,Kristdemokraterna,Västra Götalands läns södra,Enkammarriksdagen,2006,2010,,
9246,Erik A. Eriksson,Centerpartiet,Värmlands län,Enkammarriksdagen,2006,2010,,man
9247,Erik Ullenhag,Folkpartiet liberalerna,Uppsala län,Enkammarriksdagen,2006,2010,,man
9248,Esabelle Dingizian,Miljöpartiet de Gröna,Stockholms län,Enkammarriksdagen,2006,2010,,
9249,Eskil Erlandsson(ersatt av Karin Nilsson),Centerpartiet,Kronobergs län,Enkammarriksdagen,2006,2010,,man
9250,Eva Bengtson Skogsberg,Moderata samlingspartiet,Kalmar län,Enkammarriksdagen,2006,2010,,woman
9251,Eva Flyborg,Folkpartiet liberalerna,Göteborgs kommun,Enkammarriksdagen,2006,2010,,woman
9252,Eva Johnsson,Kristdemokraterna,Kronobergs län,Enkammarriksdagen,2006,2010,,woman
9253,Eva Olofsson,Vänsterpartiet,Göteborgs kommun,Enkammarriksdagen,2006,2010,,woman
9254,Eva Selin Lindgren,Centerpartiet,Göteborgs kommun,Enkammarriksdagen,2006,2010,,woman
9255,Eva Sonidsson,Socialdemokraterna,Västernorrlands län,Enkammarriksdagen,2006,2010,,woman
9256,Eva-Lena Jansson,Socialdemokraterna,Örebro län,Enkammarriksdagen,2006,2010,,
9257,Ewa Björling (ersatt av Göran Thingwall[1]),Moderata samlingspartiet,Stockholms län,Enkammarriksdagen,2006,2010,,
9258,Ewa Thalén Finné,Moderata samlingspartiet,Skåne läns södra,Enkammarriksdagen,2006,2010,,
9259,Fredrick Federley,Centerpartiet,Stockholms kommun,Enkammarriksdagen,2006,2010,,
9260,Fredrik Lundh,Socialdemokraterna,Norrbottens län,Enkammarriksdagen,2006,2010,,man
9261,Fredrik Olovsson,Socialdemokraterna,Södermanlands län,Enkammarriksdagen,2006,2010,,man
9262,Fredrik Reinfeldt(ersatt av Margareta Cederfelt),Moderata samlingspartiet,Stockholms kommun,Enkammarriksdagen,2006,2010,,man
9263,Fredrik Schulte,Moderata samlingspartiet,Stockholms län,Enkammarriksdagen,2006,2010,,man
9264,Gunilla Carlsson i Hisings Backa,Socialdemokraterna,Göteborgs kommun,Enkammarriksdagen,2006,2010,,
9265,Gunilla Carlsson(ersatt av Finn Bengtsson),Moderata samlingspartiet,Östergötlands län,Enkammarriksdagen,2006,2010,,
9266,Gunilla Tjernberg,Kristdemokraterna,Västerbottens län,Enkammarriksdagen,2006,2010,,
9267,Gunilla Wahlén,Vänsterpartiet,Västernorrlands län,Enkammarriksdagen,2006,2010,,
9268,Gunnar Andrén,Folkpartiet liberalerna,Stockholms län,Enkammarriksdagen,2006,2010,,man
9269,Gunnar Axén,Moderata samlingspartiet,Östergötlands län,Enkammarriksdagen,2006,2010,,man
9270,Gunnar Sandberg,Socialdemokraterna,Jämtlands län,Enkammarriksdagen,2006,2010,,man
9271,Gunnel Wallin,Centerpartiet,Skåne läns norra och östra,Enkammarriksdagen,2006,2010,,
9272,Gunvor G. Ericson,Miljöpartiet de Gröna,Södermanlands län,Enkammarriksdagen,2006,2010,,
9273,Gustav Blix,Moderata samlingspartiet,Stockholms kommun,Enkammarriksdagen,2006,2010,,man
9274,Gustav Nilsson,Moderata samlingspartiet,Blekinge län,Enkammarriksdagen,2006,2010,,man
9275,Göran Hägglund(ersatt av Désirée Pethrus Engström),Kristdemokraterna,Stockholms kommun,Enkammarriksdagen,2006,2010,,man
9276,Göran Lennmarker,Moderata samlingspartiet,Stockholms län,Enkammarriksdagen,2006,2010,,man
9277,Göran Lindblad,Moderata samlingspartiet,Göteborgs kommun,Enkammarriksdagen,2006,2010,,man
9278,Göran Montan,Moderata samlingspartiet,Skåne läns norra och östra,Enkammarriksdagen,2006,2010,,man
9279,Göran Persson i Simrishamn,Socialdemokraterna,Skåne läns norra och östra,Enkammarriksdagen,2006,2010,,man
9280,Göran Pettersson,Moderata samlingspartiet,Stockholms län,Enkammarriksdagen,2006,2010,,man
9281,Göte Wahlström,Socialdemokraterna,Jönköpings län,Enkammarriksdagen,2006,2010,,man
9282,Hans Backman,Folkpartiet liberalerna,Gävleborgs län,Enkammarriksdagen,2006,2010,,man
9283,Hans Hoff,Socialdemokraterna,Hallands län,Enkammarriksdagen,2006,2010,,man
9284,Hans Linde,Vänsterpartiet,Göteborgs kommun,Enkammarriksdagen,2006,2010,,man
9285,Hans Olsson,Socialdemokraterna,Västra Götalands läns södra,Enkammarriksdagen,2006,2010,,man
9286,Hans Rothenberg,Moderata samlingspartiet,Göteborgs kommun,Enkammarriksdagen,2006,2010,,man
9287,Hans Stenberg,Socialdemokraterna,Västernorrlands län,Enkammarriksdagen,2006,2010,,man
9288,Hans Unander,Socialdemokraterna,Dalarnas län,Enkammarriksdagen,2006,2010,,man
9289,Hans Wallmark,Moderata samlingspartiet,Skåne läns norra och östra,Enkammarriksdagen,2006,2010,,man
9290,Helena Bargholtz,Folkpartiet liberalerna,Stockholms län,Enkammarriksdagen,2006,2010,,woman
9291,Helena Bouveng,Moderata samlingspartiet,Jönköpings län,Enkammarriksdagen,2006,2010,,woman
9292,Helena Leander,Miljöpartiet de Gröna,Uppsala län,Enkammarriksdagen,2006,2010,,woman
9293,Helena Rivière,Moderata samlingspartiet,Stockholms kommun,Enkammarriksdagen,2006,2010,,woman
9294,Helene Petersson i Stockaryd,Socialdemokraterna,Jönköpings län,Enkammarriksdagen,2006,2010,,
9295,Helén Pettersson i Umeå,Socialdemokraterna,Västerbottens län,Enkammarriksdagen,2006,2010,,
9296,Henrik von Sydow,Moderata samlingspartiet,Hallands län,Enkammarriksdagen,2006,2010,,man
9297,Hillevi Engström,Moderata samlingspartiet,Stockholms län,Enkammarriksdagen,2006,2010,,woman
9298,Hillevi Larsson,Socialdemokraterna,Malmö kommun,Enkammarriksdagen,2006,2010,,woman
9299,Holger Gustafsson,Kristdemokraterna,Västra Götalands läns östra,Enkammarriksdagen,2006,2010,,man
9300,Håkan Juholt,Socialdemokraterna,Kalmar län,Enkammarriksdagen,2006,2010,,man
9301,Ibrahim Baylan,Socialdemokraterna,Västerbottens län,Enkammarriksdagen,2006,2010,,man
9302,Inge Garstedt,Moderata samlingspartiet,Malmö kommun,Enkammarriksdagen,2006,2010,,
9303,Ingemar Vänerlöv,Kristdemokraterna,Västra Götalands läns norra,Enkammarriksdagen,2006,2010,,man
9304,Inger Davidson,Kristdemokraterna,Stockholms län,Enkammarriksdagen,2006,2010,,
9305,Inger Jarl Beck,Socialdemokraterna,Skåne läns södra,Enkammarriksdagen,2006,2010,,
9306,Inger René,Moderata samlingspartiet,Västra Götalands läns västra,Enkammarriksdagen,2006,2010,,
9307,Ingvar Svensson,Kristdemokraterna,Stockholms län,Enkammarriksdagen,2006,2010,,man
9308,Isabella Jernbeck,Moderata samlingspartiet,Stockholms län,Enkammarriksdagen,2006,2010,,woman
9309,Jacob Johnson,Vänsterpartiet,Uppsala län,Enkammarriksdagen,2006,2010,,man
9310,Jan Andersson,Centerpartiet,Hallands län,Enkammarriksdagen,2006,2010,,man
9311,Jan Björklund(ersatt av Gulan Avci),Folkpartiet liberalerna,Stockholms kommun,Enkammarriksdagen,2006,2010,,man
9312,Jan Björkman (1:e vice talman),Socialdemokraterna,Blekinge län,Enkammarriksdagen,2006,2010,,man
9313,Jan Emanuel Johansson,Socialdemokraterna,Stockholms län,Enkammarriksdagen,2006,2010,,man
9314,Jan Ericson,Moderata samlingspartiet,Västra Götalands läns södra,Enkammarriksdagen,2006,2010,,man
9315,Jan Ertsborn,Folkpartiet liberalerna,Hallands län,Enkammarriksdagen,2006,2010,,man
9316,Jan Lindholm,Miljöpartiet de Gröna,Dalarnas län,Enkammarriksdagen,2006,2010,,man
9317,Jan R. Andersson,Moderata samlingspartiet,Kalmar län,Enkammarriksdagen,2006,2010,,man
9318,Jan-Evert Rådhström,Moderata samlingspartiet,Värmlands län,Enkammarriksdagen,2006,2010,,
9319,Jan-Olof Larsson,Socialdemokraterna,Västra Götalands läns västra,Enkammarriksdagen,2006,2010,,
9320,Jasenko Omanović,Socialdemokraterna,Västernorrlands län,Enkammarriksdagen,2006,2010,,
9321,Jennie Nilsson,Socialdemokraterna,Hallands län,Enkammarriksdagen,2006,2010,,woman
9322,Jessica Polfjärd,Moderata samlingspartiet,Västmanlands län,Enkammarriksdagen,2006,2010,,woman
9323,Johan Linander,Centerpartiet,Skåne läns södra,Enkammarriksdagen,2006,2010,,man
9324,Johan Löfstrand,Socialdemokraterna,Östergötlands län,Enkammarriksdagen,2006,2010,,man
9325,Johan Pehrson,Folkpartiet liberalerna,Örebro län,Enkammarriksdagen,2006,2010,,man
9326,Josefin Brink,Vänsterpartiet,Stockholms län,Enkammarriksdagen,2006,2010,,woman
9327,Jörgen Hellman,Socialdemokraterna,Västra Götalands läns norra,Enkammarriksdagen,2006,2010,,man
9328,Kalle Larsson,Vänsterpartiet,Stockholms kommun,Enkammarriksdagen,2006,2010,,man
9329,Karin Enström,Moderata samlingspartiet,Stockholms län,Enkammarriksdagen,2006,2010,,woman
9330,Karin Granbom,Folkpartiet liberalerna,Östergötlands län,Enkammarriksdagen,2006,2010,,woman
9331,Karin Pilsäter,Folkpartiet liberalerna,Stockholms län,Enkammarriksdagen,2006,2010,,woman
9332,Karin Svensson Smith,Miljöpartiet de Gröna,Malmö kommun,Enkammarriksdagen,2006,2010,,woman
9333,Karin Åström,Socialdemokraterna,Norrbottens län,Enkammarriksdagen,2006,2010,,woman
9334,Karl Gustav Abramsson,Socialdemokraterna,Västerbottens län,Enkammarriksdagen,2006,2010,,man
9335,Karl Sigfrid,Moderata samlingspartiet,Stockholms län,Enkammarriksdagen,2006,2010,,man
9336,Katarina Brännström,Moderata samlingspartiet,Kronobergs län,Enkammarriksdagen,2006,2010,,woman
9337,Kenneth G. Forslund,Socialdemokraterna,Västra Götalands läns västra,Enkammarriksdagen,2006,2010,,man
9338,Kenneth Johansson,Centerpartiet,Dalarnas län,Enkammarriksdagen,2006,2010,,man
9339,Kent Härstedt,Socialdemokraterna,Skåne läns västra,Enkammarriksdagen,2006,2010,,man
9340,Kent Olsson,Moderata samlingspartiet,Västra Götalands läns västra,Enkammarriksdagen,2006,2010,,man
9341,Kent Persson,Vänsterpartiet,Västmanlands län,Enkammarriksdagen,2006,2010,,man
9342,Kerstin Engle,Socialdemokraterna,Skåne läns norra och östra,Enkammarriksdagen,2006,2010,,woman
9343,Kerstin Haglö,Socialdemokraterna,Blekinge län,Enkammarriksdagen,2006,2010,,woman
9344,Kerstin Lundgren,Centerpartiet,Stockholms län,Enkammarriksdagen,2006,2010,,woman
9345,Kjell Eldensjö,Kristdemokraterna,Södermanlands län,Enkammarriksdagen,2006,2010,,man
9346,Krister Hammarbergh,Moderata samlingspartiet,Norrbottens län,Enkammarriksdagen,2006,2010,,man
9347,Krister Örnfjäder,Socialdemokraterna,Kalmar län,Enkammarriksdagen,2006,2010,,man
9348,Kristina Zakrisson,Socialdemokraterna,Norrbottens län,Enkammarriksdagen,2006,2010,,woman
9349,Kurt Kvarnström,Socialdemokraterna,Dalarnas län,Enkammarriksdagen,2006,2010,,man
9350,Lage Rahm,Miljöpartiet de Gröna,Göteborgs kommun,Enkammarriksdagen,2006,2010,,man
9351,Laila Bjurling,Socialdemokraterna,Södermanlands län,Enkammarriksdagen,2006,2010,,woman
9352,Lars Elinderson,Moderata samlingspartiet,Västra Götalands läns östra,Enkammarriksdagen,2006,2010,,man
9353,Lars Gustafsson,Kristdemokraterna,Hallands län,Enkammarriksdagen,2006,2010,,man
9354,Lars Hjälmered,Moderata samlingspartiet,Göteborgs kommun,Enkammarriksdagen,2006,2010,,man
9355,Lars Johansson,Socialdemokraterna,Göteborgs kommun,Enkammarriksdagen,2006,2010,,man
9356,Lars Lilja,Socialdemokraterna,Västerbottens län,Enkammarriksdagen,2006,2010,,man
9357,Lars Lindblad,Moderata samlingspartiet,Skåne läns södra,Enkammarriksdagen,2006,2010,,man
9358,Lars Mejern Larsson,Socialdemokraterna,Värmlands län,Enkammarriksdagen,2006,2010,,man
9359,Lars Ohly,Vänsterpartiet,Stockholms län,Enkammarriksdagen,2006,2010,,man
9360,Lars Tysklind,Folkpartiet liberalerna,Västra Götalands läns västra,Enkammarriksdagen,2006,2010,,man
9361,Lars U. Granberg,Socialdemokraterna,Norrbottens län,Enkammarriksdagen,2006,2010,,man
9362,Lars Wegendal,Socialdemokraterna,Kronobergs län,Enkammarriksdagen,2006,2010,,man
9363,Lars-Arne Staxäng,Moderata samlingspartiet,Västra Götalands läns västra,Enkammarriksdagen,2006,2010,,
9364,Lars-Axel Nordell,Kristdemokraterna,Örebro län,Enkammarriksdagen,2006,2010,,
9365,Leif Jakobsson,Socialdemokraterna,Malmö kommun,Enkammarriksdagen,2006,2010,,man
9366,Leif Pagrotsky,Socialdemokraterna,Göteborgs kommun,Enkammarriksdagen,2006,2010,,man
9367,Leif Pettersson,Socialdemokraterna,Norrbottens län,Enkammarriksdagen,2006,2010,,man
9368,Lena Adelsohn Liljeroth(ersatt av Mahmood Fahmi),Moderata samlingspartiet,Stockholms kommun,Enkammarriksdagen,2006,2010,,woman
9369,Lena Asplund,Moderata samlingspartiet,Västernorrlands län,Enkammarriksdagen,2006,2010,,woman
9370,Lena Hallengren,Socialdemokraterna,Kalmar län,Enkammarriksdagen,2006,2010,,woman
9371,Lena Olsson,Vänsterpartiet,Dalarnas län,Enkammarriksdagen,2006,2010,,woman
9372,Lennart Axelsson,Socialdemokraterna,Örebro län,Enkammarriksdagen,2006,2010,,man
9373,Lennart Hedquist,Moderata samlingspartiet,Uppsala län,Enkammarriksdagen,2006,2010,,man
9374,Lennart Levi,Centerpartiet,Stockholms län,Enkammarriksdagen,2006,2010,,man
9375,Lennart Pettersson,Centerpartiet,Skåne läns västra,Enkammarriksdagen,2006,2010,,man
9376,Lennart Sacrédeus,Kristdemokraterna,Dalarnas län,Enkammarriksdagen,2006,2010,,man
9377,Lisbeth Grönfeldt Bergman,Moderata samlingspartiet,Göteborgs kommun,Enkammarriksdagen,2006,2010,,
9378,LiseLotte Olsson,Vänsterpartiet,Västerbottens län,Enkammarriksdagen,2006,2010,,
9379,Liselott Hagberg (3:e vice talman),Folkpartiet liberalerna,Södermanlands län,Enkammarriksdagen,2006,2010,,
9380,Liza-Maria Norlin,Kristdemokraterna,Västernorrlands län,Enkammarriksdagen,2006,2010,,
9381,Louise Malmström,Socialdemokraterna,Östergötlands län,Enkammarriksdagen,2006,2010,,woman
9382,Luciano Astudillo,Socialdemokraterna,Malmö kommun,Enkammarriksdagen,2006,2010,,
9383,Magdalena Andersson,Moderata samlingspartiet,Jönköpings län,Enkammarriksdagen,2006,2010,,woman
9384,Magdalena Streijffert,Socialdemokraterna,Hallands län,Enkammarriksdagen,2006,2010,,woman
9385,Margareta Israelsson,Socialdemokraterna,Västmanlands län,Enkammarriksdagen,2006,2010,,
9386,Margareta Kjellin,Moderata samlingspartiet,Gävleborgs län,Enkammarriksdagen,2006,2010,,
9387,Margareta Persson,Socialdemokraterna,Jönköpings län,Enkammarriksdagen,2006,2010,,
9388,Margareta Pålsson,Moderata samlingspartiet,Skåne läns norra och östra,Enkammarriksdagen,2006,2010,,
9389,Maria Larsson(ersatt av Irene Oskarsson),Kristdemokraterna,Jönköpings län,Enkammarriksdagen,2006,2010,,woman
9390,Maria Lundqvist-Brömster,Folkpartiet liberalerna,Västerbottens län,Enkammarriksdagen,2006,2010,,woman
9391,Maria Plass,Moderata samlingspartiet,Västra Götalands läns västra,Enkammarriksdagen,2006,2010,,woman
9392,Maria Wetterstrand,Miljöpartiet de Gröna,Stockholms kommun,Enkammarriksdagen,2006,2010,,woman
9393,Maria Öberg,Socialdemokraterna,Norrbottens län,Enkammarriksdagen,2006,2010,,woman
9394,Marianne Berg,Vänsterpartiet,Malmö kommun,Enkammarriksdagen,2006,2010,,
9395,Marianne Kierkemann,Moderata samlingspartiet,Hallands län,Enkammarriksdagen,2006,2010,,
9396,Marie Engström,Vänsterpartiet,Värmlands län,Enkammarriksdagen,2006,2010,,woman
9397,Marie Granlund,Socialdemokraterna,Malmö kommun,Enkammarriksdagen,2006,2010,,woman
9398,Marie Nordén,Socialdemokraterna,Jämtlands län,Enkammarriksdagen,2006,2010,,woman
9399,Marie Weibull Kornias,Moderata samlingspartiet,Skåne läns västra,Enkammarriksdagen,2006,2010,,woman
9400,Marietta de Pourbaix-Lundin,Moderata samlingspartiet,Stockholms län,Enkammarriksdagen,2006,2010,,
9401,Marina Pettersson,Socialdemokraterna,Värmlands län,Enkammarriksdagen,2006,2010,,woman
9402,Maryam Yazdanfar,Socialdemokraterna,Stockholms län,Enkammarriksdagen,2006,2010,,woman
9403,Matilda Ernkrans,Socialdemokraterna,Örebro län,Enkammarriksdagen,2006,2010,,woman
9404,Mats Berglind,Socialdemokraterna,Uppsala län,Enkammarriksdagen,2006,2010,,man
9405,Mats G. Nilsson,Moderata samlingspartiet,Stockholms kommun,Enkammarriksdagen,2006,2010,,man
9406,Mats Gerdau,Moderata samlingspartiet,Stockholms län,Enkammarriksdagen,2006,2010,,man
9407,Mats Johansson,Moderata samlingspartiet,Stockholms kommun,Enkammarriksdagen,2006,2010,,man
9408,Mats Odell(ersatt av Emma Henriksson),Kristdemokraterna,Stockholms län,Enkammarriksdagen,2006,2010,,man
9409,Mats Pertoft,Miljöpartiet de Gröna,Stockholms län,Enkammarriksdagen,2006,2010,,man
9410,Mats Sander,Moderata samlingspartiet,Skåne läns västra,Enkammarriksdagen,2006,2010,,man
9411,Maud Olofsson(ersatt av Åke Sandström),Centerpartiet,Västerbottens län,Enkammarriksdagen,2006,2010,,
9412,Max Andersson,Miljöpartiet de Gröna,Göteborgs kommun,Enkammarriksdagen,2006,2010,,man
9413,Mehmet Kaplan,Miljöpartiet de Gröna,Stockholms kommun,Enkammarriksdagen,2006,2010,,man
9414,Michael Anefur,Kristdemokraterna,Skåne läns norra och östra,Enkammarriksdagen,2006,2010,,man
9415,Michael Hagberg,Socialdemokraterna,Södermanlands län,Enkammarriksdagen,2006,2010,,man
9416,Mikael Cederbratt,Moderata samlingspartiet,Västra Götalands läns norra,Enkammarriksdagen,2006,2010,,man
9417,Mikael Damberg,Socialdemokraterna,Stockholms län,Enkammarriksdagen,2006,2010,,man
9418,Mikael Johansson,Miljöpartiet de Gröna,Örebro län,Enkammarriksdagen,2006,2010,,man
9419,Mikael Oscarsson,Kristdemokraterna,Uppsala län,Enkammarriksdagen,2006,2010,,man
9420,Mikael Sandström(ersatt av Malin Löfsjögård),Moderata samlingspartiet,Stockholms län,Enkammarriksdagen,2006,2010,,man
9421,Mikaela Valtersson,Miljöpartiet de Gröna,Stockholms län,Enkammarriksdagen,2006,2010,,woman
9422,Mona Sahlin,Socialdemokraterna,Stockholms län,Enkammarriksdagen,2006,2010,,woman
9423,Monica Green,Socialdemokraterna,Västra Götalands läns östra,Enkammarriksdagen,2006,2010,,
9424,Morgan Johansson,Socialdemokraterna,Skåne läns södra,Enkammarriksdagen,2006,2010,,man
9425,Nikos Papadopoulos,Socialdemokraterna,Stockholms kommun,Enkammarriksdagen,2006,2010,,
9426,Nils Oskar Nilsson,Moderata samlingspartiet,Stockholms län,Enkammarriksdagen,2006,2010,,man
9427,Nina Larsson,Folkpartiet liberalerna,Värmlands län,Enkammarriksdagen,2006,2010,,woman
9428,Ola Sundell,Moderata samlingspartiet,Jämtlands län,Enkammarriksdagen,2006,2010,,man
9429,Olle Thorell,Socialdemokraterna,Västmanlands län,Enkammarriksdagen,2006,2010,,man
9430,Olof Lavesson,Moderata samlingspartiet,Malmö kommun,Enkammarriksdagen,2006,2010,,man
9431,Otto von Arnold,Kristdemokraterna,Skåne läns södra,Enkammarriksdagen,2006,2010,,man
9432,Patrik Björck,Socialdemokraterna,Västra Götalands läns östra,Enkammarriksdagen,2006,2010,,man
9433,Patrik Forslund,Moderata samlingspartiet,Dalarnas län,Enkammarriksdagen,2006,2010,,man
9434,Per Bill,Moderata samlingspartiet,Uppsala län,Enkammarriksdagen,2006,2010,,man
9435,Per Bolund,Miljöpartiet de Gröna,Stockholms kommun,Enkammarriksdagen,2006,2010,,man
9436,Per Lodenius,Centerpartiet,Stockholms län,Enkammarriksdagen,2006,2010,,man
9437,Per Svedberg,Socialdemokraterna,Gävleborgs län,Enkammarriksdagen,2006,2010,,man
9438,Per Westerberg (talman)(ersatt av Peder Wachtmeister),Moderata samlingspartiet,Södermanlands län,Enkammarriksdagen,2006,2010,,man
9439,Per Åsling,Centerpartiet,Jämtlands län,Enkammarriksdagen,2006,2010,,man
9440,Peter Eriksson,Miljöpartiet de Gröna,Östergötlands län,Enkammarriksdagen,2006,2010,,man
9441,Peter Hultqvist,Socialdemokraterna,Dalarnas län,Enkammarriksdagen,2006,2010,,man
9442,Peter Jeppsson,Socialdemokraterna,Blekinge län,Enkammarriksdagen,2006,2010,,man
9443,Peter Johnsson,Socialdemokraterna,Västra Götalands läns norra,Enkammarriksdagen,2006,2010,,man
9444,Peter Pedersen,Vänsterpartiet,Örebro län,Enkammarriksdagen,2006,2010,,man
9445,Peter Rådberg,Miljöpartiet de Gröna,Västra Götalands läns norra,Enkammarriksdagen,2006,2010,,man
9446,Phia Andersson,Socialdemokraterna,Västra Götalands läns södra,Enkammarriksdagen,2006,2010,,
9447,Pia Nilsson,Socialdemokraterna,Västmanlands län,Enkammarriksdagen,2006,2010,,woman
9448,Raimo Pärssinen,Socialdemokraterna,Gävleborgs län,Enkammarriksdagen,2006,2010,,
9449,Renée Jeryd,Socialdemokraterna,Västra Götalands läns norra,Enkammarriksdagen,2006,2010,,
9450,Reza Khelili Dylami,Moderata samlingspartiet,Stockholms kommun,Enkammarriksdagen,2006,2010,,
9451,Roger Tiefensee,Centerpartiet,Södermanlands län,Enkammarriksdagen,2006,2010,,man
9452,Roland Bäckman,Socialdemokraterna,Gävleborgs län,Enkammarriksdagen,2006,2010,,man
9453,Rolf Gunnarsson,Moderata samlingspartiet,Dalarnas län,Enkammarriksdagen,2006,2010,,man
9454,Rolf K. Nilsson,Moderata samlingspartiet,Gotlands län,Enkammarriksdagen,2006,2010,,man
9455,Ronny Olander,Socialdemokraterna,Skåne läns södra,Enkammarriksdagen,2006,2010,,man
9456,Rosita Runegrund,Kristdemokraterna,Västra Götalands läns västra,Enkammarriksdagen,2006,2010,,
9457,Rossana Dinamarca,Vänsterpartiet,Västra Götalands läns norra,Enkammarriksdagen,2006,2010,,
9458,Rune Wikström,Moderata samlingspartiet,Stockholms län,Enkammarriksdagen,2006,2010,,man
9459,Sinikka Bohlin,Socialdemokraterna,Gävleborgs län,Enkammarriksdagen,2006,2010,,
9460,Siv Holma,Vänsterpartiet,Norrbottens län,Enkammarriksdagen,2006,2010,,
9461,Siw Wittgren-Ahl,Socialdemokraterna,Göteborgs kommun,Enkammarriksdagen,2006,2010,,
9462,Sofia Arkelsten,Moderata samlingspartiet,Stockholms kommun,Enkammarriksdagen,2006,2010,,woman
9463,Sofia Larsen,Centerpartiet,Örebro län,Enkammarriksdagen,2006,2010,,woman
9464,Solveig Hellquist,Folkpartiet liberalerna,Västernorrlands län,Enkammarriksdagen,2006,2010,,woman
9465,Solveig Ternström,oberoende[2],Stockholms kommun,Enkammarriksdagen,2006,2010,,woman
9466,Solveig Zander,Centerpartiet,Uppsala län,Enkammarriksdagen,2006,2010,,woman
9467,Sonia Karlsson,Socialdemokraterna,Östergötlands län,Enkammarriksdagen,2006,2010,,woman
9468,Staffan Anger,Moderata samlingspartiet,Västmanlands län,Enkammarriksdagen,2006,2010,,man
9469,Staffan Danielsson,Centerpartiet,Östergötlands län,Enkammarriksdagen,2006,2010,,man
9470,Stefan Attefall,Kristdemokraterna,Jönköpings län,Enkammarriksdagen,2006,2010,,man
9471,Stefan Tornberg,Centerpartiet,Norrbottens län,Enkammarriksdagen,2006,2010,,man
9472,Sten Bergheden,Moderata samlingspartiet,Västra Götalands läns östra,Enkammarriksdagen,2006,2010,,man
9473,Sten Tolgfors(ersatt av Oskar Öholm),Moderata samlingspartiet,Örebro län,Enkammarriksdagen,2006,2010,,man
9474,Susanne Eberstein,Socialdemokraterna,Västernorrlands län,Enkammarriksdagen,2006,2010,,
9475,Sven Bergström,Centerpartiet,Gävleborgs län,Enkammarriksdagen,2006,2010,,man
9476,Sven Yngve Persson,Moderata samlingspartiet,Skåne läns västra,Enkammarriksdagen,2006,2010,,man
9477,Sven-Erik Österberg,Socialdemokraterna,Västmanlands län,Enkammarriksdagen,2006,2010,,
9478,Sylvia Lindgren,Socialdemokraterna,Dalarnas län,Enkammarriksdagen,2006,2010,,
9479,Thomas Bodström,Socialdemokraterna,Örebro län,Enkammarriksdagen,2006,2010,,man
9480,Thomas Nihlén,Miljöpartiet de Gröna,Västerbottens län,Enkammarriksdagen,2006,2010,,man
9481,Thomas Strand,Socialdemokraterna,Jönköpings län,Enkammarriksdagen,2006,2010,,man
9482,Thomas Östros,Socialdemokraterna,Uppsala län,Enkammarriksdagen,2006,2010,,man
9483,Tina Acketoft,Folkpartiet liberalerna,Skåne läns västra,Enkammarriksdagen,2006,2010,,woman
9484,Tina Ehn,Miljöpartiet de Gröna,Västra Götalands läns västra,Enkammarriksdagen,2006,2010,,woman
9485,Tobias Billström(ersatt av Staffan Appelros),Moderata samlingspartiet,Malmö kommun,Enkammarriksdagen,2006,2010,,man
9486,Tobias Krantz(ersatt av Emma Löfdahl Landberg),Folkpartiet liberalerna,Jönköpings län,Enkammarriksdagen,2006,2010,,man
9487,Tomas Eneroth,Socialdemokraterna,Kronobergs län,Enkammarriksdagen,2006,2010,,man
9488,Tomas Tobé,Moderata samlingspartiet,Gävleborgs län,Enkammarriksdagen,2006,2010,,man
9489,Tommy Ternemar,Socialdemokraterna,Värmlands län,Enkammarriksdagen,2006,2010,,man
9490,Tommy Waidelich,Socialdemokraterna,Stockholms län,Enkammarriksdagen,2006,2010,,man
9491,Tone Tingsgård,Socialdemokraterna,Uppsala län,Enkammarriksdagen,2006,2010,,woman
9492,Torbjörn Björlund,Vänsterpartiet,Östergötlands län,Enkammarriksdagen,2006,2010,,man
9493,Ulf Berg,Moderata samlingspartiet,Dalarnas län,Enkammarriksdagen,2006,2010,,man
9494,Ulf Grape,Moderata samlingspartiet,Västerbottens län,Enkammarriksdagen,2006,2010,,man
9495,Ulf Holm,Miljöpartiet de Gröna,Skåne läns södra,Enkammarriksdagen,2006,2010,,man
9496,Ulf Nilsson,Folkpartiet liberalerna,Skåne läns södra,Enkammarriksdagen,2006,2010,,man
9497,Ulla Andersson,Vänsterpartiet,Gävleborgs län,Enkammarriksdagen,2006,2010,,
9498,Ulrika Carlsson i Skövde,Centerpartiet,Västra Götalands läns östra,Enkammarriksdagen,2006,2010,,woman
9499,Ulrika Karlsson i Uppsala,Moderata samlingspartiet,Uppsala län,Enkammarriksdagen,2006,2010,,woman
9500,Urban Ahlin,Socialdemokraterna,Västra Götalands läns östra,Enkammarriksdagen,2006,2010,,man
9501,Veronica Palm,Socialdemokraterna,Stockholms kommun,Enkammarriksdagen,2006,2010,,woman
9502,Walburga Habsburg Douglas,Moderata samlingspartiet,Södermanlands län,Enkammarriksdagen,2006,2010,,
9503,Wiwi-Anne Johansson,Vänsterpartiet,Västra Götalands läns västra,Enkammarriksdagen,2006,2010,,
9504,Yilmaz Kerimo,Socialdemokraterna,Stockholms län,Enkammarriksdagen,2006,2010,,
9505,Ylva Johansson,Socialdemokraterna,Skåne läns norra och östra,Enkammarriksdagen,2006,2010,,woman
9506,Yvonne Andersson,Kristdemokraterna,Östergötlands län,Enkammarriksdagen,2006,2010,,
9507,Åsa Lindestam,Socialdemokraterna,Gävleborgs län,Enkammarriksdagen,2006,2010,,woman
9508,Åsa Torstensson(ersatt av Maria Kornevik Jakobsson),Centerpartiet,Västra Götalands läns västra,Enkammarriksdagen,2006,2010,,woman
9509,Abdirizak Waberi,Moderata samlingspartiet,Göteborgs kommun,Enkammarriksdagen,2010,2014,,
9510,Abir Al-Sahlani,Centerpartiet,Stockholms kommun,Enkammarriksdagen,2010,2014,,
9511,Adnan Dibrani,Socialdemokraterna,Hallands län,Enkammarriksdagen,2010,2014,,man
9512,Agneta Börjesson,Miljöpartiet de gröna,Hallands län,Enkammarriksdagen,2010,2014,,
9513,Agneta Gille,Socialdemokraterna,Uppsala län,Enkammarriksdagen,2010,2014,,
9514,Agneta Luttropp,Miljöpartiet de gröna,Västmanlands län,Enkammarriksdagen,2010,2014,,
9515,Allan Widman,Folkpartiet Liberalerna,Malmö kommun,Enkammarriksdagen,2010,2014,,man
9516,Amineh Kakabaveh,Vänsterpartiet,Stockholms län,Enkammarriksdagen,2010,2014,,
9517,Amir Adan,Moderata samlingspartiet,Stockholms kommun,Enkammarriksdagen,2010,2014,,man
9518,Anders Ahlgren,Centerpartiet,Dalarnas län,Enkammarriksdagen,2010,2014,,man
9519,Anders Andersson,Kristdemokraterna,Kalmar län,Enkammarriksdagen,2010,2014,,man
9520,Anders Flanking(ersatt av Rickard Nordin),Centerpartiet,Göteborgs kommun,Enkammarriksdagen,2010,2014,,man
9521,Anders Hansson,Moderata samlingspartiet,Skåne läns södra,Enkammarriksdagen,2010,2014,,man
9522,Anders Karlsson,Socialdemokraterna,Skåne läns västra,Enkammarriksdagen,2010,2014,,man
9523,Anders Sellström,Kristdemokraterna,Västerbottens län,Enkammarriksdagen,2010,2014,,man
9524,Anders W. Jonsson,Centerpartiet,Gävleborgs län,Enkammarriksdagen,2010,2014,,man
9525,Anders Ygeman,Socialdemokraterna,Stockholms kommun,Enkammarriksdagen,2010,2014,,man
9526,Anders Åkesson,Centerpartiet,Kalmar län,Enkammarriksdagen,2010,2014,,man
9527,Andreas Norlén,Moderata samlingspartiet,Östergötlands län,Enkammarriksdagen,2010,2014,,man
9528,Anette Åkesson,Moderata samlingspartiet,Skåne läns norra och östra,Enkammarriksdagen,2010,2014,,
9529,Anita Brodén,Folkpartiet Liberalerna,Västra Götalands läns norra,Enkammarriksdagen,2010,2014,,woman
9530,Ann Arleklo,Socialdemokraterna,Skåne läns västra,Enkammarriksdagen,2010,2014,,
9531,Ann-Britt Åsebol,Moderata samlingspartiet,Dalarnas län,Enkammarriksdagen,2010,2014,,
9532,Ann-Charlotte Hammar Johnsson,Moderata samlingspartiet,Skåne läns västra,Enkammarriksdagen,2010,2014,,
9533,Ann-Christin Ahlberg,Socialdemokraterna,Västra Götalands läns södra,Enkammarriksdagen,2010,2014,,
9534,Ann-Kristine Johansson,Socialdemokraterna,Värmlands län,Enkammarriksdagen,2010,2014,,
9535,Anna Hagwall,Sverigedemokraterna,Västra Götalands läns norra,Enkammarriksdagen,2010,2014,,woman
9536,Anna Kinberg Batra,Moderata samlingspartiet,Stockholms län,Enkammarriksdagen,2010,2014,,woman
9537,Anna Wallén,Socialdemokraterna,Västmanlands län,Enkammarriksdagen,2010,2014,,woman
9538,Anna-Lena Sörenson,Socialdemokraterna,Östergötlands län,Enkammarriksdagen,2010,2014,,
9539,Anne Marie Brodén,Moderata samlingspartiet,Hallands län,Enkammarriksdagen,2010,2014,,
9540,Annelie Enochson,Kristdemokraterna,Göteborgs kommun,Enkammarriksdagen,2010,2014,,
9541,Annelie Karlsson,Socialdemokraterna,Skåne läns norra och östra,Enkammarriksdagen,2010,2014,,
9542,Annicka Engblom,Moderata samlingspartiet,Blekinge län,Enkammarriksdagen,2010,2014,,
9543,Annie Lööf(ersatt av Göran Lindell),Centerpartiet,Jönköpings län,Enkammarriksdagen,2010,2014,,woman
9544,Annika Eclund,Kristdemokraterna,Västra Götalands läns östra,Enkammarriksdagen,2010,2014,,woman
9545,Annika Lillemets,Miljöpartiet de gröna,Östergötlands län,Enkammarriksdagen,2010,2014,,woman
9546,Annika Qarlsson,Centerpartiet,Västra Götalands läns norra,Enkammarriksdagen,2010,2014,,woman
9547,Anti Avsan,Moderata samlingspartiet,Stockholms län,Enkammarriksdagen,2010,2014,,
9548,Ardalan Shekarabi,Socialdemokraterna,Stockholms län,Enkammarriksdagen,2010,2014,,
9549,Arhe Hamednaca,Socialdemokraterna,Stockholms kommun,Enkammarriksdagen,2010,2014,,
9550,Barbro Westerholm,Folkpartiet Liberalerna,Stockholms kommun,Enkammarriksdagen,2010,2014,,
9551,Beatrice Ask(ersatt av Cecilia Brinck),Moderata samlingspartiet,Stockholms kommun,Enkammarriksdagen,2010,2014,,woman
9552,Bengt Berg,Vänsterpartiet,Värmlands län,Enkammarriksdagen,2010,2014,,man
9553,Bengt-Anders Johansson,Moderata samlingspartiet,Jönköpings län,Enkammarriksdagen,2010,2014,,
9554,Berit Högman,Socialdemokraterna,Värmlands län,Enkammarriksdagen,2010,2014,,
9555,Betty Malmberg,Moderata samlingspartiet,Östergötlands län,Enkammarriksdagen,2010,2014,,woman
9556,Billy Gustafsson,Socialdemokraterna,Östergötlands län,Enkammarriksdagen,2010,2014,,man
9557,Birgitta Ohlsson(ersatt av Fredrik Malm),Folkpartiet Liberalerna,Stockholms kommun,Enkammarriksdagen,2010,2014,,
9558,Björn Leivik,Moderata samlingspartiet,Västra Götalands läns norra,Enkammarriksdagen,2010,2014,,man
9559,Björn Söder,Sverigedemokraterna,Stockholms län,Enkammarriksdagen,2010,2014,,man
9560,Björn von Sydow,Socialdemokraterna,Stockholms län,Enkammarriksdagen,2010,2014,,man
9561,Bo Bernhardsson,Socialdemokraterna,Skåne läns södra,Enkammarriksdagen,2010,2014,,man
9562,Bodil Ceballos,Miljöpartiet de gröna,Gävleborgs län,Enkammarriksdagen,2010,2014,,woman
9563,Boriana Åberg,Moderata samlingspartiet,Skåne läns södra,Enkammarriksdagen,2010,2014,,
9564,Börje Vestlund,Socialdemokraterna,Stockholms kommun,Enkammarriksdagen,2010,2014,,man
9565,Camilla Waltersson Grönvall,Moderata samlingspartiet,Västra Götalands läns norra,Enkammarriksdagen,2010,2014,,woman
9566,Carin Runeson,Socialdemokraterna,Dalarnas län,Enkammarriksdagen,2010,2014,,
9567,Carina Adolfsson Elgestam,Socialdemokraterna,Kronobergs län,Enkammarriksdagen,2010,2014,,
9568,Carina Herrstedt,Sverigedemokraterna,Södermanlands län,Enkammarriksdagen,2010,2014,,
9569,Carina Hägg,Socialdemokraterna,Jönköpings län,Enkammarriksdagen,2010,2014,,
9570,Carina Ohlsson,Socialdemokraterna,Västra Götalands läns östra,Enkammarriksdagen,2010,2014,,
9571,Carl B. Hamilton,Folkpartiet Liberalerna,Stockholms kommun,Enkammarriksdagen,2010,2014,,man
9572,Carl-Oskar Bohlin,Moderata samlingspartiet,Dalarnas län,Enkammarriksdagen,2010,2014,,
9573,Caroline Helmersson Olsson,Socialdemokraterna,Södermanlands län,Enkammarriksdagen,2010,2014,,woman
9574,Catharina Bråkenhielm,Socialdemokraterna,Västra Götalands läns västra,Enkammarriksdagen,2010,2014,,
9575,Cecilia Dalman Eek,Socialdemokraterna,Göteborgs kommun,Enkammarriksdagen,2010,2014,,woman
9576,Cecilia Magnusson,Moderata samlingspartiet,Göteborgs kommun,Enkammarriksdagen,2010,2014,,woman
9577,Cecilia Widegren,Moderata samlingspartiet,Västra Götalands läns östra,Enkammarriksdagen,2010,2014,,woman
9578,Cecilie Tenfjord-Toftby,Moderata samlingspartiet,Västra Götalands läns södra,Enkammarriksdagen,2010,2014,,
9579,Christer Adelsbo,Socialdemokraterna,Skåne läns norra och östra,Enkammarriksdagen,2010,2014,,
9580,Christer Akej,Moderata samlingspartiet,Skåne läns norra och östra,Enkammarriksdagen,2010,2014,,
9581,Christer Engelhardt,Socialdemokraterna,Gotlands län,Enkammarriksdagen,2010,2014,,
9582,Christer Nylander,Folkpartiet Liberalerna,Skåne läns norra och östra,Enkammarriksdagen,2010,2014,,
9583,Christer Winbäck,Folkpartiet Liberalerna,Västra Götalands läns östra,Enkammarriksdagen,2010,2014,,
9584,Christian Holm,Moderata samlingspartiet,Värmlands län,Enkammarriksdagen,2010,2014,,man
9585,Christina Höj Larsen,Vänsterpartiet,Västernorrlands län,Enkammarriksdagen,2010,2014,,woman
9586,Christina Oskarsson,Socialdemokraterna,Västra Götalands läns norra,Enkammarriksdagen,2010,2014,,woman
9587,Christina Zedell,Socialdemokraterna,Stockholms län,Enkammarriksdagen,2010,2014,,woman
9588,Clas-Göran Carlsson,Socialdemokraterna,Kronobergs län,Enkammarriksdagen,2010,2014,,
9589,Cristina Husmark Pehrsson,Moderata samlingspartiet,Skåne läns västra,Enkammarriksdagen,2010,2014,,
9590,David Lång,Sverigedemokraterna,Stockholms kommun,Enkammarriksdagen,2010,2014,,man
9591,Désirée Liljevall,Socialdemokraterna,Kalmar län,Enkammarriksdagen,2010,2014,,
9592,Désirée Pethrus,Kristdemokraterna,Stockholms län,Enkammarriksdagen,2010,2014,,
9593,Edward Riedl,Moderata samlingspartiet,Västerbottens län,Enkammarriksdagen,2010,2014,,man
9594,Elin Lundgren,Socialdemokraterna,Gävleborgs län,Enkammarriksdagen,2010,2014,,woman
9595,Elisabeth Björnsdotter Rahm,Moderata samlingspartiet,Västerbottens län,Enkammarriksdagen,2010,2014,,woman
9596,Elisabeth Svantesson,Moderata samlingspartiet,Örebro län,Enkammarriksdagen,2010,2014,,woman
9597,Eliza Roszkowska Öberg,Moderata samlingspartiet,Stockholms län,Enkammarriksdagen,2010,2014,,woman
9598,Ellen Juntti,Moderata samlingspartiet,Västra Götalands läns västra,Enkammarriksdagen,2010,2014,,woman
9599,Emil Källström,Centerpartiet,Västernorrlands län,Enkammarriksdagen,2010,2014,,man
9600,Emma Carlsson Löfdahl,Folkpartiet Liberalerna,Jönköpings län,Enkammarriksdagen,2010,2014,,woman
9601,Emma Henriksson,Kristdemokraterna,Stockholms län,Enkammarriksdagen,2010,2014,,woman
9602,Erik A. Eriksson,Centerpartiet,Värmlands län,Enkammarriksdagen,2010,2014,,man
9603,Erik Ullenhag(ersatt av Anna Steele),Folkpartiet Liberalerna,Stockholms län,Enkammarriksdagen,2010,2014,,man
9604,Esabelle Dingizian,Miljöpartiet de gröna,Stockholms län,Enkammarriksdagen,2010,2014,,
9605,Eskil Erlandsson(ersatt av Karin Nilsson),Centerpartiet,Kronobergs län,Enkammarriksdagen,2010,2014,,man
9606,Eva Bengtson Skogsberg,Moderata samlingspartiet,Kalmar län,Enkammarriksdagen,2010,2014,,woman
9607,Eva Flyborg,Folkpartiet Liberalerna,Göteborgs kommun,Enkammarriksdagen,2010,2014,,woman
9608,Eva Lohman,Moderata samlingspartiet,Västernorrlands län,Enkammarriksdagen,2010,2014,,woman
9609,Eva Olofsson,Vänsterpartiet,Göteborgs kommun,Enkammarriksdagen,2010,2014,,woman
9610,Eva Sonidsson,Socialdemokraterna,Västernorrlands län,Enkammarriksdagen,2010,2014,,woman
9611,Eva-Lena Jansson,Socialdemokraterna,Örebro län,Enkammarriksdagen,2010,2014,,
9612,Ewa Björling(ersatt av Edip Noyan),Moderata samlingspartiet,Stockholms län,Enkammarriksdagen,2010,2014,,
9613,Ewa Thalén Finné,Moderata samlingspartiet,Skåne läns södra,Enkammarriksdagen,2010,2014,,
9614,Finn Bengtsson,Moderata samlingspartiet,Östergötlands län,Enkammarriksdagen,2010,2014,,man
9615,Fredrick Federley,Centerpartiet,Stockholms kommun,Enkammarriksdagen,2010,2014,,
9616,Fredrik Lundh Sammeli,Socialdemokraterna,Norrbottens län,Enkammarriksdagen,2010,2014,,man
9617,Fredrik Olovsson,Socialdemokraterna,Södermanlands län,Enkammarriksdagen,2010,2014,,man
9618,Fredrik Reinfeldt(ersatt av Margareta Cederfelt),Moderata samlingspartiet,Stockholms kommun,Enkammarriksdagen,2010,2014,,man
9619,Fredrik Schulte,Moderata samlingspartiet,Stockholms län,Enkammarriksdagen,2010,2014,,man
9620,Gunilla Carlsson,Socialdemokraterna,Göteborgs kommun,Enkammarriksdagen,2010,2014,,
9621,Gunilla Nordgren,Moderata samlingspartiet,Skåne läns södra,Enkammarriksdagen,2010,2014,,
9622,Gunilla Svantorp,Socialdemokraterna,Värmlands län,Enkammarriksdagen,2010,2014,,
9623,Gunnar Axén,Moderata samlingspartiet,Östergötlands län,Enkammarriksdagen,2010,2014,,man
9624,Gunnar Sandberg,Socialdemokraterna,Jämtlands län,Enkammarriksdagen,2010,2014,,man
9625,Gunvor G. Ericson,Miljöpartiet de gröna,Södermanlands län,Enkammarriksdagen,2010,2014,,
9626,Gustaf Hoffstedt,Moderata samlingspartiet,Gotlands län,Enkammarriksdagen,2010,2014,,man
9627,Gustav Blix,Moderata samlingspartiet,Stockholms kommun,Enkammarriksdagen,2010,2014,,man
9628,Gustav Fridolin,Miljöpartiet de gröna,Skåne läns norra och östra,Enkammarriksdagen,2010,2014,,man
9629,Gustav Nilsson,Moderata samlingspartiet,Blekinge län,Enkammarriksdagen,2010,2014,,man
9630,Göran Hägglund(ersatt av Caroline Szyber),Kristdemokraterna,Stockholms kommun,Enkammarriksdagen,2010,2014,,man
9631,Göran Montan,Moderata samlingspartiet,Skåne läns norra och östra,Enkammarriksdagen,2010,2014,,man
9632,Göran Pettersson,Moderata samlingspartiet,Stockholms län,Enkammarriksdagen,2010,2014,,man
9633,Hanif Bali,Moderata samlingspartiet,Stockholms län,Enkammarriksdagen,2010,2014,,
9634,Hannah Bergstedt,Socialdemokraterna,Norrbottens län,Enkammarriksdagen,2010,2014,,woman
9635,Hans Backman,Folkpartiet Liberalerna,Gävleborgs län,Enkammarriksdagen,2010,2014,,man
9636,Hans Ekström,Socialdemokraterna,Södermanlands län,Enkammarriksdagen,2010,2014,,man
9637,Hans Hoff,Socialdemokraterna,Hallands län,Enkammarriksdagen,2010,2014,,man
9638,Hans Linde,Vänsterpartiet,Göteborgs kommun,Enkammarriksdagen,2010,2014,,man
9639,Hans Olsson,Socialdemokraterna,Västra Götalands läns södra,Enkammarriksdagen,2010,2014,,man
9640,Hans Rothenberg,Moderata samlingspartiet,Göteborgs kommun,Enkammarriksdagen,2010,2014,,man
9641,Hans Wallmark,Moderata samlingspartiet,Skåne läns norra och östra,Enkammarriksdagen,2010,2014,,man
9642,Helena Bouveng,Moderata samlingspartiet,Jönköpings län,Enkammarriksdagen,2010,2014,,woman
9643,Helena Leander,Miljöpartiet de gröna,Uppsala län,Enkammarriksdagen,2010,2014,,woman
9644,Helena Lindahl,Centerpartiet,Västerbottens län,Enkammarriksdagen,2010,2014,,woman
9645,Helene Petersson,Socialdemokraterna,Jönköpings län,Enkammarriksdagen,2010,2014,,
9646,Helén Pettersson,Socialdemokraterna,Västerbottens län,Enkammarriksdagen,2010,2014,,
9647,Henrik von Sydow,Moderata samlingspartiet,Hallands län,Enkammarriksdagen,2010,2014,,man
9648,Hillevi Engström(ersatt av Bino Drummond)[1],Moderata samlingspartiet,Stockholms län,Enkammarriksdagen,2010,2014,,woman
9649,Hillevi Larsson,Socialdemokraterna,Malmö kommun,Enkammarriksdagen,2010,2014,,woman
9650,Håkan Bergman,Socialdemokraterna,Örebro län,Enkammarriksdagen,2010,2014,,man
9651,Håkan Juholt,Socialdemokraterna,Kalmar län,Enkammarriksdagen,2010,2014,,man
9652,Ibrahim Baylan,Socialdemokraterna,Västerbottens län,Enkammarriksdagen,2010,2014,,man
9653,Ingela Nylund Watz,Socialdemokraterna,Stockholms län,Enkammarriksdagen,2010,2014,,
9654,Ingemar Nilsson,Socialdemokraterna,Västernorrlands län,Enkammarriksdagen,2010,2014,,man
9655,Isabella Jernbeck,Moderata samlingspartiet,Stockholms län,Enkammarriksdagen,2010,2014,,woman
9656,Isak From,Socialdemokraterna,Västerbottens län,Enkammarriksdagen,2010,2014,,man
9657,Ismail Kamil,Folkpartiet Liberalerna,Uppsala län,Enkammarriksdagen,2010,2014,,man
9658,Jabar Amin,Miljöpartiet de gröna,Västerbottens län,Enkammarriksdagen,2010,2014,,
9659,Jacob Johnson,Vänsterpartiet,Uppsala län,Enkammarriksdagen,2010,2014,,man
9660,Jan Björklund(ersatt av Gunnar Andrén),Folkpartiet Liberalerna,Stockholms län,Enkammarriksdagen,2010,2014,,man
9661,Jan Ericson,Moderata samlingspartiet,Västra Götalands läns södra,Enkammarriksdagen,2010,2014,,man
9662,Jan Ertsborn,Folkpartiet Liberalerna,Hallands län,Enkammarriksdagen,2010,2014,,man
9663,Jan Lindholm,Miljöpartiet de gröna,Dalarnas län,Enkammarriksdagen,2010,2014,,man
9664,Jan R. Andersson,Moderata samlingspartiet,Kalmar län,Enkammarriksdagen,2010,2014,,man
9665,Jan-Evert Rådhström,Moderata samlingspartiet,Värmlands län,Enkammarriksdagen,2010,2014,,
9666,Jan-Olof Larsson,Socialdemokraterna,Västra Götalands läns västra,Enkammarriksdagen,2010,2014,,
9667,Jasenko Omanović,Socialdemokraterna,Västernorrlands län,Enkammarriksdagen,2010,2014,,
9668,Jennie Nilsson,Socialdemokraterna,Hallands län,Enkammarriksdagen,2010,2014,,woman
9669,Jenny Petersson,Moderata samlingspartiet,Hallands län,Enkammarriksdagen,2010,2014,,woman
9670,Jens Holm,Vänsterpartiet,Stockholms kommun,Enkammarriksdagen,2010,2014,,man
9671,Jessica Polfjärd,Moderata samlingspartiet,Västmanlands län,Enkammarriksdagen,2010,2014,,woman
9672,Jessica Rosencrantz,Moderata samlingspartiet,Stockholms kommun,Enkammarriksdagen,2010,2014,,woman
9673,Jessika Vilhelmsson,Moderata samlingspartiet,Uppsala län,Enkammarriksdagen,2010,2014,,woman
9674,Jimmie Åkesson,Sverigedemokraterna,Jönköpings län,Enkammarriksdagen,2010,2014,,man
9675,Johan Andersson,Socialdemokraterna,Östergötlands län,Enkammarriksdagen,2010,2014,,man
9676,Johan Forssell,Moderata samlingspartiet,Stockholms kommun,Enkammarriksdagen,2010,2014,,man
9677,Johan Hultberg,Moderata samlingspartiet,Kronobergs län,Enkammarriksdagen,2010,2014,,man
9678,Johan Johansson,Moderata samlingspartiet,Norrbottens län,Enkammarriksdagen,2010,2014,,man
9679,Johan Linander,Centerpartiet,Skåne läns södra,Enkammarriksdagen,2010,2014,,man
9680,Johan Löfstrand,Socialdemokraterna,Östergötlands län,Enkammarriksdagen,2010,2014,,man
9681,Johan Pehrson,Folkpartiet Liberalerna,Örebro län,Enkammarriksdagen,2010,2014,,man
9682,Johnny Skalin,Sverigedemokraterna,Västra Götalands läns västra,Enkammarriksdagen,2010,2014,,man
9683,Jonas Eriksson,Miljöpartiet de gröna,Örebro län,Enkammarriksdagen,2010,2014,,man
9684,Jonas Gunnarsson,Socialdemokraterna,Värmlands län,Enkammarriksdagen,2010,2014,,man
9685,Jonas Jacobsson Gjörtler,Moderata samlingspartiet,Skåne läns västra,Enkammarriksdagen,2010,2014,,man
9686,Jonas Sjöstedt,Vänsterpartiet,Västerbottens län,Enkammarriksdagen,2010,2014,,man
9687,Jonas Åkerlund,Sverigedemokraterna,Blekinge län,Enkammarriksdagen,2010,2014,,man
9688,Josef Fransson,Sverigedemokraterna,Malmö kommun,Enkammarriksdagen,2010,2014,,man
9689,Josefin Brink,Vänsterpartiet,Stockholms kommun,Enkammarriksdagen,2010,2014,,woman
9690,Julia Kronlid,Sverigedemokraterna,Skåne läns södra,Enkammarriksdagen,2010,2014,,woman
9691,Jörgen Andersson,Moderata samlingspartiet,Kalmar län,Enkammarriksdagen,2010,2014,,man
9692,Jörgen Hellman,Socialdemokraterna,Västra Götalands läns norra,Enkammarriksdagen,2010,2014,,man
9693,Karin Enström(ersatt av Björn Samuelson),Moderata samlingspartiet,Stockholms län,Enkammarriksdagen,2010,2014,,woman
9694,Karin Granbom,Folkpartiet Liberalerna,Östergötlands län,Enkammarriksdagen,2010,2014,,woman
9695,Karin Åström,Socialdemokraterna,Norrbottens län,Enkammarriksdagen,2010,2014,,woman
9696,Karl Sigfrid,Moderata samlingspartiet,Stockholms län,Enkammarriksdagen,2010,2014,,man
9697,Katarina Brännström,Moderata samlingspartiet,Kronobergs län,Enkammarriksdagen,2010,2014,,woman
9698,Katarina Köhler,Socialdemokraterna,Västerbottens län,Enkammarriksdagen,2010,2014,,woman
9699,Kenneth G. Forslund,Socialdemokraterna,Västra Götalands läns västra,Enkammarriksdagen,2010,2014,,man
9700,Kent Ekeroth,Sverigedemokraterna,Stockholms län,Enkammarriksdagen,2010,2014,,man
9701,Kent Härstedt,Socialdemokraterna,Skåne läns västra,Enkammarriksdagen,2010,2014,,man
9702,Kent Persson,Vänsterpartiet,Västmanlands län,Enkammarriksdagen,2010,2014,,man
9703,Kerstin Engle,Socialdemokraterna,Skåne läns norra och östra,Enkammarriksdagen,2010,2014,,woman
9704,Kerstin Haglö,Socialdemokraterna,Blekinge län,Enkammarriksdagen,2010,2014,,woman
9705,Kerstin Lundgren,Centerpartiet,Stockholms län,Enkammarriksdagen,2010,2014,,woman
9706,Kerstin Nilsson,Socialdemokraterna,Skåne läns södra,Enkammarriksdagen,2010,2014,,woman
9707,Kew Nordqvist,Miljöpartiet de gröna,Jönköpings län,Enkammarriksdagen,2010,2014,,
9708,Krister Hammarbergh,Moderata samlingspartiet,Norrbottens län,Enkammarriksdagen,2010,2014,,man
9709,Krister Örnfjäder,Socialdemokraterna,Kalmar län,Enkammarriksdagen,2010,2014,,man
9710,Kristina Nilsson,Socialdemokraterna,Västernorrlands län,Enkammarriksdagen,2010,2014,,woman
9711,Kurt Kvarnström,Socialdemokraterna,Dalarnas län,Enkammarriksdagen,2010,2014,,man
9712,Lars Beckman,Moderata samlingspartiet,Gävleborgs län,Enkammarriksdagen,2010,2014,,man
9713,Lars Elinderson,Moderata samlingspartiet,Västra Götalands läns östra,Enkammarriksdagen,2010,2014,,man
9714,Lars Eriksson,Socialdemokraterna,Västmanlands län,Enkammarriksdagen,2010,2014,,man
9715,Lars Gustafsson,Kristdemokraterna,Hallands län,Enkammarriksdagen,2010,2014,,man
9716,Lars Hjälmered(ersatt av Pontus Haag),Moderata samlingspartiet,Göteborgs kommun,Enkammarriksdagen,2010,2014,,man
9717,Lars Johansson,Socialdemokraterna,Göteborgs kommun,Enkammarriksdagen,2010,2014,,man
9718,Lars Mejern Larsson,Socialdemokraterna,Värmlands län,Enkammarriksdagen,2010,2014,,man
9719,Lars Ohly,Vänsterpartiet,Stockholms län,Enkammarriksdagen,2010,2014,,man
9720,Lars Tysklind,Folkpartiet Liberalerna,Västra Götalands läns västra,Enkammarriksdagen,2010,2014,,man
9721,Lars-Arne Staxäng,Moderata samlingspartiet,Västra Götalands läns västra,Enkammarriksdagen,2010,2014,,
9722,Lars-Axel Nordell,Kristdemokraterna,Örebro län,Enkammarriksdagen,2010,2014,,
9723,Leif Jakobsson,Socialdemokraterna,Malmö kommun,Enkammarriksdagen,2010,2014,,man
9724,Leif Pettersson,Socialdemokraterna,Norrbottens län,Enkammarriksdagen,2010,2014,,man
9725,Lena Adelsohn Liljeroth(ersatt av Anton Abele),Moderata samlingspartiet,Stockholms kommun,Enkammarriksdagen,2010,2014,,woman
9726,Lena Asplund,Moderata samlingspartiet,Västernorrlands län,Enkammarriksdagen,2010,2014,,woman
9727,Lena Hallengren,Socialdemokraterna,Kalmar län,Enkammarriksdagen,2010,2014,,woman
9728,Lena Olsson,Vänsterpartiet,Dalarnas län,Enkammarriksdagen,2010,2014,,woman
9729,Lena Sommestad,Socialdemokraterna,Uppsala län,Enkammarriksdagen,2010,2014,,woman
9730,Lennart Axelsson,Socialdemokraterna,Örebro län,Enkammarriksdagen,2010,2014,,man
9731,Linda Wemmert,Moderata samlingspartiet,Skåne läns södra,Enkammarriksdagen,2010,2014,,woman
9732,Lise Nordin,Miljöpartiet de gröna,Göteborgs kommun,Enkammarriksdagen,2010,2014,,
9733,Lotta Finstorp,Moderata samlingspartiet,Södermanlands län,Enkammarriksdagen,2010,2014,,woman
9734,Lotta Olsson,Moderata samlingspartiet,Örebro län,Enkammarriksdagen,2010,2014,,woman
9735,Louise Malmström,Socialdemokraterna,Östergötlands län,Enkammarriksdagen,2010,2014,,woman
9736,Magnus Ehrencrona,Miljöpartiet de gröna,Skåne läns västra,Enkammarriksdagen,2010,2014,,man
9737,Magnus Sjödahl,Kristdemokraterna,Skåne läns södra,Enkammarriksdagen,2010,2014,,man
9738,Margareta B. Kjellin,Moderata samlingspartiet,Gävleborgs län,Enkammarriksdagen,2010,2014,,
9739,Margareta Larsson,Sverigedemokraterna,Västmanlands län,Enkammarriksdagen,2010,2014,,
9740,Maria Abrahamsson,Moderata samlingspartiet,Stockholms kommun,Enkammarriksdagen,2010,2014,,woman
9741,Maria Ferm,Miljöpartiet de gröna,Malmö kommun,Enkammarriksdagen,2010,2014,,woman
9742,Maria Larsson(ersatt av Irene Oskarsson),Kristdemokraterna,Jönköpings län,Enkammarriksdagen,2010,2014,,woman
9743,Maria Lundqvist-Brömster,Folkpartiet Liberalerna,Västerbottens län,Enkammarriksdagen,2010,2014,,woman
9744,Maria Plass,Moderata samlingspartiet,Västra Götalands läns västra,Enkammarriksdagen,2010,2014,,woman
9745,Maria Stenberg,Socialdemokraterna,Norrbottens län,Enkammarriksdagen,2010,2014,,woman
9746,Marianne Berg,Vänsterpartiet,Malmö kommun,Enkammarriksdagen,2010,2014,,
9747,Marie Granlund,Socialdemokraterna,Malmö kommun,Enkammarriksdagen,2010,2014,,woman
9748,Marie Nordén,Socialdemokraterna,Jämtlands län,Enkammarriksdagen,2010,2014,,woman
9749,Marietta de Pourbaix-Lundin,Moderata samlingspartiet,Stockholms län,Enkammarriksdagen,2010,2014,,
9750,Markus Wiechel,Sverigedemokraterna,Uppsala län,Enkammarriksdagen,2010,2014,,man
9751,Marta Obminska,Moderata samlingspartiet,Uppsala län,Enkammarriksdagen,2010,2014,,woman
9752,Matilda Ernkrans,Socialdemokraterna,Örebro län,Enkammarriksdagen,2010,2014,,woman
9753,Mats Johansson,Moderata samlingspartiet,Stockholms kommun,Enkammarriksdagen,2010,2014,,man
9754,Mats Odell,Kristdemokraterna,Stockholms län,Enkammarriksdagen,2010,2014,,man
9755,Mats Pertoft,Miljöpartiet de gröna,Stockholms län,Enkammarriksdagen,2010,2014,,man
9756,Mattias Jonsson,Socialdemokraterna,Göteborgs kommun,Enkammarriksdagen,2010,2014,,man
9757,Mattias Karlsson,Sverigedemokraterna,Skåne läns norra och östra,Enkammarriksdagen,2010,2014,,man
9758,Meeri Wasberg,Socialdemokraterna,Stockholms län,Enkammarriksdagen,2010,2014,,
9759,Mehmet Kaplan,Miljöpartiet de gröna,Stockholms kommun,Enkammarriksdagen,2010,2014,,man
9760,Metin Ataseven,Moderata samlingspartiet,Stockholms län,Enkammarriksdagen,2010,2014,,
9761,Mia Sydow Mölleby,Vänsterpartiet,Örebro län,Enkammarriksdagen,2010,2014,,woman
9762,Michael Svensson,Moderata samlingspartiet,Hallands län,Enkammarriksdagen,2010,2014,,man
9763,Mikael Cederbratt,Moderata samlingspartiet,Västra Götalands läns norra,Enkammarriksdagen,2010,2014,,man
9764,Mikael Damberg,Socialdemokraterna,Stockholms län,Enkammarriksdagen,2010,2014,,man
9765,Mikael Jansson,Sverigedemokraterna,Hallands län,Enkammarriksdagen,2010,2014,,man
9766,Mikael Oscarsson,Kristdemokraterna,Uppsala län,Enkammarriksdagen,2010,2014,,man
9767,Mikael Sandström(ersatt av Sedat Dogru),Moderata samlingspartiet,Stockholms län,Enkammarriksdagen,2010,2014,,man
9768,Monica Green,Socialdemokraterna,Västra Götalands läns östra,Enkammarriksdagen,2010,2014,,
9769,Morgan Johansson,Socialdemokraterna,Skåne läns södra,Enkammarriksdagen,2010,2014,,man
9770,Nina Larsson,Folkpartiet Liberalerna,Värmlands län,Enkammarriksdagen,2010,2014,,woman
9771,Nina Lundström,Folkpartiet Liberalerna,Stockholms län,Enkammarriksdagen,2010,2014,,woman
9772,Ola Johansson,Centerpartiet,Hallands län,Enkammarriksdagen,2010,2014,,man
9773,Olle Thorell,Socialdemokraterna,Västmanlands län,Enkammarriksdagen,2010,2014,,man
9774,Olof Lavesson,Moderata samlingspartiet,Malmö kommun,Enkammarriksdagen,2010,2014,,man
9775,Oskar Öholm,Moderata samlingspartiet,Örebro län,Enkammarriksdagen,2010,2014,,man
9776,Patrick Reslow,Moderata samlingspartiet,Malmö kommun,Enkammarriksdagen,2010,2014,,man
9777,Patrik Björck,Socialdemokraterna,Västra Götalands läns östra,Enkammarriksdagen,2010,2014,,man
9778,Penilla Gunther,Kristdemokraterna,Västra Götalands läns norra,Enkammarriksdagen,2010,2014,,
9779,Per Bill,Moderata samlingspartiet,Uppsala län,Enkammarriksdagen,2010,2014,,man
9780,Per Bolund,Miljöpartiet de gröna,Stockholms kommun,Enkammarriksdagen,2010,2014,,man
9781,Per Lodenius,Centerpartiet,Stockholms län,Enkammarriksdagen,2010,2014,,man
9782,Per Ramhorn,Sverigedemokraterna,Örebro län,Enkammarriksdagen,2010,2014,,man
9783,Per Svedberg,Socialdemokraterna,Gävleborgs län,Enkammarriksdagen,2010,2014,,man
9784,Per Westerberg(ersatt av Peder Wachtmeister och Erik Bengtzboe[2]),Moderata samlingspartiet,Södermanlands län,Enkammarriksdagen,2010,2014,,man
9785,Per Åsling,Centerpartiet,Jämtlands län,Enkammarriksdagen,2010,2014,,man
9786,Per-Ingvar Johnsson,Centerpartiet,Skåne läns norra och östra,Enkammarriksdagen,2010,2014,,
9787,Peter Eriksson,Miljöpartiet de gröna,Stockholms län,Enkammarriksdagen,2010,2014,,man
9788,Peter Hultqvist,Socialdemokraterna,Dalarnas län,Enkammarriksdagen,2010,2014,,man
9789,Peter Jeppsson,Socialdemokraterna,Blekinge län,Enkammarriksdagen,2010,2014,,man
9790,Peter Johnsson,Socialdemokraterna,Västra Götalands läns norra,Enkammarriksdagen,2010,2014,,man
9791,Peter Jutterström,Moderata samlingspartiet,Jönköpings län,Enkammarriksdagen,2010,2014,,man
9792,Peter Persson,Socialdemokraterna,Jönköpings län,Enkammarriksdagen,2010,2014,,man
9793,Peter Rådberg,Miljöpartiet de gröna,Västra Götalands läns norra,Enkammarriksdagen,2010,2014,,man
9794,Phia Andersson,Socialdemokraterna,Västra Götalands läns södra,Enkammarriksdagen,2010,2014,,
9795,Pia Hallström,Moderata samlingspartiet,Värmlands län,Enkammarriksdagen,2010,2014,,woman
9796,Pia Nilsson,Socialdemokraterna,Västmanlands län,Enkammarriksdagen,2010,2014,,woman
9797,Pyry Niemi,Socialdemokraterna,Uppsala län,Enkammarriksdagen,2010,2014,,
9798,Raimo Pärssinen,Socialdemokraterna,Gävleborgs län,Enkammarriksdagen,2010,2014,,
9799,Richard Jomshof,Sverigedemokraterna,Gävleborgs län,Enkammarriksdagen,2010,2014,,man
9800,Robert Halef,Kristdemokraterna,Stockholms kommun,Enkammarriksdagen,2010,2014,,man
9801,Roger Haddad,Folkpartiet Liberalerna,Västmanlands län,Enkammarriksdagen,2010,2014,,man
9802,Roger Tiefensee,Centerpartiet,Södermanlands län,Enkammarriksdagen,2010,2014,,man
9803,Roland Utbult,Kristdemokraterna,Västra Götalands läns västra,Enkammarriksdagen,2010,2014,,man
9804,Rossana Dinamarca,Vänsterpartiet,Västra Götalands läns norra,Enkammarriksdagen,2010,2014,,
9805,Roza Güclü Hedin,Socialdemokraterna,Dalarnas län,Enkammarriksdagen,2010,2014,,
9806,Rune Wikström,Moderata samlingspartiet,Stockholms län,Enkammarriksdagen,2010,2014,,man
9807,Saila Quicklund,Moderata samlingspartiet,Jämtlands län,Enkammarriksdagen,2010,2014,,
9808,Sara Karlsson,Socialdemokraterna,Södermanlands län,Enkammarriksdagen,2010,2014,,woman
9809,Shadiye Heydari,Socialdemokraterna,Göteborgs kommun,Enkammarriksdagen,2010,2014,,
9810,Siv Holma,Vänsterpartiet,Norrbottens län,Enkammarriksdagen,2010,2014,,
9811,Sofia Arkelsten,Moderata samlingspartiet,Stockholms kommun,Enkammarriksdagen,2010,2014,,woman
9812,Solveig Zander,Centerpartiet,Uppsala län,Enkammarriksdagen,2010,2014,,woman
9813,Staffan Anger,Moderata samlingspartiet,Västmanlands län,Enkammarriksdagen,2010,2014,,man
9814,Staffan Danielsson,Centerpartiet,Östergötlands län,Enkammarriksdagen,2010,2014,,man
9815,Stefan Attefall(ersatt av Andreas Carlson),Kristdemokraterna,Jönköpings län,Enkammarriksdagen,2010,2014,,man
9816,Stefan Caplan,Moderata samlingspartiet,Västra Götalands läns västra,Enkammarriksdagen,2010,2014,,man
9817,Stefan Käll,Folkpartiet Liberalerna,Södermanlands län,Enkammarriksdagen,2010,2014,,man
9818,Stellan Bojerud,Sverigedemokraterna,Dalarnas län,Enkammarriksdagen,2010,2014,,man
9819,Sten Bergheden,Moderata samlingspartiet,Västra Götalands läns östra,Enkammarriksdagen,2010,2014,,man
9820,Stina Bergström,Miljöpartiet de gröna,Värmlands län,Enkammarriksdagen,2010,2014,,woman
9821,Susanna Haby,Moderata samlingspartiet,Göteborgs kommun,Enkammarriksdagen,2010,2014,,woman
9822,Susanne Eberstein,Socialdemokraterna,Västernorrlands län,Enkammarriksdagen,2010,2014,,
9823,Suzanne Svensson,Socialdemokraterna,Blekinge län,Enkammarriksdagen,2010,2014,,
9824,Sven-Erik Bucht,Socialdemokraterna,Norrbottens län,Enkammarriksdagen,2010,2014,,
9825,Sven-Olof Sällström,Sverigedemokraterna,Göteborgs kommun,Enkammarriksdagen,2010,2014,,
9826,Teres Lindberg,Socialdemokraterna,Stockholms kommun,Enkammarriksdagen,2010,2014,,
9827,Thomas Finnborg,Moderata samlingspartiet,Skåne läns västra,Enkammarriksdagen,2010,2014,,man
9828,Thomas Strand,Socialdemokraterna,Jönköpings län,Enkammarriksdagen,2010,2014,,man
9829,Thoralf Alfsson,Sverigedemokraterna,Östergötlands län,Enkammarriksdagen,2010,2014,,
9830,Tina Acketoft,Folkpartiet Liberalerna,Skåne läns västra,Enkammarriksdagen,2010,2014,,woman
9831,Tina Ehn,Miljöpartiet de gröna,Västra Götalands läns västra,Enkammarriksdagen,2010,2014,,woman
9832,Tobias Billström(ersatt av Kajsa Lunderquist),Moderata samlingspartiet,Malmö kommun,Enkammarriksdagen,2010,2014,,man
9833,Tomas Eneroth,Socialdemokraterna,Kronobergs län,Enkammarriksdagen,2010,2014,,man
9834,Tomas Tobé,Moderata samlingspartiet,Gävleborgs län,Enkammarriksdagen,2010,2014,,man
9835,Tommy Waidelich,Socialdemokraterna,Stockholms län,Enkammarriksdagen,2010,2014,,man
9836,Tony Wiklander,Sverigedemokraterna,Skåne läns västra,Enkammarriksdagen,2010,2014,,man
9837,Torbjörn Björlund,Vänsterpartiet,Östergötlands län,Enkammarriksdagen,2010,2014,,man
9838,Tuve Skånberg,Kristdemokraterna,Skåne läns norra och östra,Enkammarriksdagen,2010,2014,,
9839,Ulf Berg,Moderata samlingspartiet,Dalarnas län,Enkammarriksdagen,2010,2014,,man
9840,Ulf Holm,Miljöpartiet de gröna,Skåne läns södra,Enkammarriksdagen,2010,2014,,man
9841,Ulf Nilsson,Folkpartiet Liberalerna,Skåne läns södra,Enkammarriksdagen,2010,2014,,man
9842,Ulla Andersson,Vänsterpartiet,Gävleborgs län,Enkammarriksdagen,2010,2014,,
9843,Ulrik Nilsson,Moderata samlingspartiet,Västra Götalands läns södra,Enkammarriksdagen,2010,2014,,man
9844,Ulrika Carlsson,Centerpartiet,Västra Götalands läns östra,Enkammarriksdagen,2010,2014,,woman
9845,Ulrika Karlsson,Moderata samlingspartiet,Uppsala län,Enkammarriksdagen,2010,2014,,woman
9846,Urban Ahlin,Socialdemokraterna,Västra Götalands läns östra,Enkammarriksdagen,2010,2014,,man
9847,Valter Mutt,Miljöpartiet de gröna,Göteborgs kommun,Enkammarriksdagen,2010,2014,,man
9848,Veronica Palm,Socialdemokraterna,Stockholms kommun,Enkammarriksdagen,2010,2014,,woman
9849,Walburga Habsburg Douglas,Moderata samlingspartiet,Södermanlands län,Enkammarriksdagen,2010,2014,,
9850,Wiwi-Anne Johansson,Vänsterpartiet,Västra Götalands läns västra,Enkammarriksdagen,2010,2014,,
9851,Yilmaz Kerimo,Socialdemokraterna,Stockholms län,Enkammarriksdagen,2010,2014,,
9852,Ylva Johansson,Socialdemokraterna,Stockholms kommun,Enkammarriksdagen,2010,2014,,woman
9853,Yvonne Andersson,Kristdemokraterna,Östergötlands län,Enkammarriksdagen,2010,2014,,
9854,Åsa Coenraads,Moderata samlingspartiet,Västmanlands län,Enkammarriksdagen,2010,2014,,woman
9855,Åsa Lindestam,Socialdemokraterna,Gävleborgs län,Enkammarriksdagen,2010,2014,,woman
9856,Åsa Romson,Miljöpartiet de gröna,Stockholms kommun,Enkammarriksdagen,2010,2014,,woman
9857,Åsa Torstensson,Centerpartiet,Västra Götalands läns västra,Enkammarriksdagen,2010,2014,,woman
9858,Adam Marttinen,Sverigedemokraterna,Stockholms kommun,Enkammarriksdagen,2014,2018,,man
9859,Adnan Dibrani[n 1],Socialdemokraterna,Hallands län,Enkammarriksdagen,2014,2018,,man
9860,Agneta Börjesson,Miljöpartiet,Hallands län,Enkammarriksdagen,2014,2018,,
9861,Agneta Gille,Socialdemokraterna,Uppsala län,Enkammarriksdagen,2014,2018,,
9862,Alexandra Völker,Socialdemokraterna,Stockholms län,Enkammarriksdagen,2014,2018,,woman
9863,Ali Esbati,Vänsterpartiet,Stockholms län,Enkammarriksdagen,2014,2018,,man
9864,Allan Widman[n 1],Liberalerna,Malmö kommun,Enkammarriksdagen,2014,2018,,man
9865,Amineh Kakabaveh,Vänsterpartiet,Stockholms kommun,Enkammarriksdagen,2014,2018,,
9866,Amir Adan,Moderaterna,Stockholms kommun,Enkammarriksdagen,2014,2018,,man
9867,Anders Ahlgren[n 1],Centerpartiet,Dalarnas län,Enkammarriksdagen,2014,2018,,man
9868,Anders Forsberg,Sverigedemokraterna,Malmö kommun,Enkammarriksdagen,2014,2018,,man
9869,Anders Hansson,Moderaterna,Skåne läns södra,Enkammarriksdagen,2014,2018,,man
9870,Anders Schröder,Miljöpartiet,Gävleborgs län,Enkammarriksdagen,2014,2018,,man
9871,Anders W. Jonsson[n 1],Centerpartiet,Gävleborgs län,Enkammarriksdagen,2014,2018,,man
9872,Anders Ygeman,Socialdemokraterna,Stockholms kommun,Enkammarriksdagen,2014,2018,,man
9873,Anders Åkesson[n 1],Centerpartiet,Kalmar län,Enkammarriksdagen,2014,2018,,man
9874,Andreas Carlson[n 1],Kristdemokraterna,Jönköpings län,Enkammarriksdagen,2014,2018,,man
9875,Andreas Norlén,Moderaterna,Östergötlands län,Enkammarriksdagen,2014,2018,,man
9876,Anette Åkesson,Moderaterna,Skåne läns norra och östra,Enkammarriksdagen,2014,2018,,
9877,Angelika Bengtsson,Sverigedemokraterna,Stockholms kommun,Enkammarriksdagen,2014,2018,,woman
9878,Ann-Charlotte Hammar Johnsson,Moderaterna,Skåne läns västra,Enkammarriksdagen,2014,2018,,
9879,Ann-Christin Ahlberg,Socialdemokraterna,Västra Götalands läns södra,Enkammarriksdagen,2014,2018,,
9880,Anna Hagwall[n 10],Sverigedemokraterna,Västerbottens län,Enkammarriksdagen,2014,2018,,woman
9881,Anna Johansson[n 1],Socialdemokraterna,Göteborgs kommun,Enkammarriksdagen,2014,2018,,woman
9882,Anna Kinberg Batra,Moderaterna,Stockholms län,Enkammarriksdagen,2014,2018,,woman
9883,Anna Wallentheim,Socialdemokraterna,Skåne läns norra och östra,Enkammarriksdagen,2014,2018,,woman
9884,Anna Wallén,Socialdemokraterna,Västmanlands län,Enkammarriksdagen,2014,2018,,woman
9885,Anna-Caren Sätherberg[n 1],Socialdemokraterna,Jämtlands län,Enkammarriksdagen,2014,2018,,
9886,Anna-Lena Sörenson,Socialdemokraterna,Östergötlands län,Enkammarriksdagen,2014,2018,,
9887,Annelie Karlsson,Socialdemokraterna,Skåne läns norra och östra,Enkammarriksdagen,2014,2018,,
9888,Annicka Engblom[n 1],Moderaterna,Blekinge län,Enkammarriksdagen,2014,2018,,
9889,Annie Lööf[n 1],Centerpartiet,Jönköpings län,Enkammarriksdagen,2014,2018,,woman
9890,Annika Eclund[n 1],Kristdemokraterna,Västra Götalands läns östra,Enkammarriksdagen,2014,2018,,woman
9891,Annika Hirvonen Falk[n 8],Miljöpartiet,Stockholms län,Enkammarriksdagen,2014,2018,,woman
9892,Annika Lillemets,Miljöpartiet,Östergötlands län,Enkammarriksdagen,2014,2018,,woman
9893,Annika Qarlsson[n 1],Centerpartiet,Västra Götalands läns norra,Enkammarriksdagen,2014,2018,,woman
9894,Anti Avsan,Moderaterna,Stockholms län,Enkammarriksdagen,2014,2018,,
9895,Ardalan Shekarabi,Socialdemokraterna,Uppsala län,Enkammarriksdagen,2014,2018,,
9896,Arhe Hamednaca,Socialdemokraterna,Stockholms kommun,Enkammarriksdagen,2014,2018,,
9897,Aron Emilsson,Sverigedemokraterna,Skåne läns västra,Enkammarriksdagen,2014,2018,,man
9898,Aron Modig,Kristdemokraterna,Göteborgs kommun,Enkammarriksdagen,2014,2018,,man
9899,Barbro Westerholm,Liberalerna,Stockholms län,Enkammarriksdagen,2014,2018,,
9900,Beatrice Ask,Moderaterna,Stockholms kommun,Enkammarriksdagen,2014,2018,,woman
9901,Bengt Eliasson,Liberalerna,Hallands län,Enkammarriksdagen,2014,2018,,man
9902,Berit Högman,Socialdemokraterna,Värmlands län,Enkammarriksdagen,2014,2018,,
9903,Betty Malmberg,Moderaterna,Östergötlands län,Enkammarriksdagen,2014,2018,,woman
9904,Birger Lahti,Vänsterpartiet,Norrbottens län,Enkammarriksdagen,2014,2018,,man
9905,Birgitta Ohlsson[n 1],Liberalerna,Stockholms kommun,Enkammarriksdagen,2014,2018,,
9906,Björn Söder[n 11],Sverigedemokraterna,Stockholms län,Enkammarriksdagen,2014,2018,,man
9907,Björn Wiechel,Socialdemokraterna,Västerbottens län,Enkammarriksdagen,2014,2018,,man
9908,Björn von Sydow,Socialdemokraterna,Stockholms län,Enkammarriksdagen,2014,2018,,man
9909,Boriana Åberg,Moderaterna,Skåne läns södra,Enkammarriksdagen,2014,2018,,
9910,Camilla Waltersson Grönvall,Moderaterna,Västra Götalands läns norra,Enkammarriksdagen,2014,2018,,woman
9911,Carin Jämtin,Socialdemokraterna,Stockholms kommun,Enkammarriksdagen,2014,2018,,
9912,Carina Ohlsson,Socialdemokraterna,Västra Götalands läns östra,Enkammarriksdagen,2014,2018,,
9913,Carina Ståhl Herrstedt[n 12],Sverigedemokraterna,Stockholms län,Enkammarriksdagen,2014,2018,,
9914,Carl Schlyter,Miljöpartiet,Stockholms län,Enkammarriksdagen,2014,2018,,man
9915,Carl-Oskar Bohlin[n 1],Moderaterna,Dalarnas län,Enkammarriksdagen,2014,2018,,
9916,Caroline Helmersson Olsson,Socialdemokraterna,Södermanlands län,Enkammarriksdagen,2014,2018,,woman
9917,Caroline Szyber,Kristdemokraterna,Stockholms kommun,Enkammarriksdagen,2014,2018,,woman
9918,Catharina Bråkenhielm,Socialdemokraterna,Västra Götalands läns västra,Enkammarriksdagen,2014,2018,,
9919,Catharina Elmsäter-Svärd,Moderaterna,Stockholms län,Enkammarriksdagen,2014,2018,,
9920,Cecilia Magnusson,Moderaterna,Göteborgs kommun,Enkammarriksdagen,2014,2018,,woman
9921,Cecilia Widegren[n 1],Moderaterna,Västra Götalands läns östra,Enkammarriksdagen,2014,2018,,woman
9922,Cecilie Tenfjord-Toftby[n 1],Moderaterna,Västra Götalands läns södra,Enkammarriksdagen,2014,2018,,
9923,Christer Engelhardt[n 1],Socialdemokraterna,Gotlands län,Enkammarriksdagen,2014,2018,,
9924,Christer Nylander[n 1],Liberalerna,Skåne läns norra och östra,Enkammarriksdagen,2014,2018,,
9925,Christian Holm Barenfeld[n 1] [n 2],Moderaterna,Värmlands län,Enkammarriksdagen,2014,2018,,man
9926,Christina Höj Larsen,Vänsterpartiet,Västernorrlands län,Enkammarriksdagen,2014,2018,,woman
9927,Christina Östberg[n 13],Sverigedemokraterna,Kalmar län,Enkammarriksdagen,2014,2018,,woman
9928,Christoffer Dulny,Sverigedemokraterna,Västra Götalands läns östra,Enkammarriksdagen,2014,2018,,man
9929,Daniel Bäckström[n 1],Centerpartiet,Värmlands län,Enkammarriksdagen,2014,2018,,man
9930,Daniel Riazat[n 1],Vänsterpartiet,Dalarnas län,Enkammarriksdagen,2014,2018,,man
9931,Daniel Sestrajcic[n 1],Vänsterpartiet,Malmö kommun,Enkammarriksdagen,2014,2018,,man
9932,David Lång,Sverigedemokraterna,Örebro län,Enkammarriksdagen,2014,2018,,man
9933,Dennis Dioukarev,Sverigedemokraterna,Jönköpings län,Enkammarriksdagen,2014,2018,,man
9934,Désirée Pethrus,Kristdemokraterna,Stockholms kommun,Enkammarriksdagen,2014,2018,,
9935,Edward Riedl[n 1],Moderaterna,Västerbottens län,Enkammarriksdagen,2014,2018,,man
9936,Elin Lundgren,Socialdemokraterna,Gävleborgs län,Enkammarriksdagen,2014,2018,,woman
9937,Elisabeth Svantesson[n 1],Moderaterna,Örebro län,Enkammarriksdagen,2014,2018,,woman
9938,Ellen Juntti,Moderaterna,Västra Götalands läns västra,Enkammarriksdagen,2014,2018,,woman
9939,Emanuel Öz,Socialdemokraterna,Stockholms kommun,Enkammarriksdagen,2014,2018,,man
9940,Emil Källström[n 1],Centerpartiet,Västernorrlands län,Enkammarriksdagen,2014,2018,,man
9941,Emilia Töyrä,Socialdemokraterna,Norrbottens län,Enkammarriksdagen,2014,2018,,woman
9942,Emma Carlsson Löfdahl[n 1],Liberalerna,Jönköpings län,Enkammarriksdagen,2014,2018,,woman
9943,Emma Henriksson,Kristdemokraterna,Stockholms län,Enkammarriksdagen,2014,2018,,woman
9944,Emma Hult[n 1],Miljöpartiet,Jönköpings län,Enkammarriksdagen,2014,2018,,woman
9945,Emma Nohrén[n 1],Miljöpartiet,Västra Götalands läns västra,Enkammarriksdagen,2014,2018,,woman
9946,Emma Wallrup[n 1],Vänsterpartiet,Uppsala län,Enkammarriksdagen,2014,2018,,woman
9947,Erik Andersson,Moderaterna,Stockholms län,Enkammarriksdagen,2014,2018,,man
9948,Erik Ullenhag,Liberalerna,Stockholms kommun,Enkammarriksdagen,2014,2018,,man
9949,Esabelle Dingizian[n 9],Miljöpartiet,Stockholms län,Enkammarriksdagen,2014,2018,,
9950,Eskil Erlandsson[n 1],Centerpartiet,Kronobergs län,Enkammarriksdagen,2014,2018,,man
9951,Eva Lohman,Moderaterna,Västernorrlands län,Enkammarriksdagen,2014,2018,,woman
9952,Eva Sonidsson,Socialdemokraterna,Västernorrlands län,Enkammarriksdagen,2014,2018,,woman
9953,Eva-Lena Jansson,Socialdemokraterna,Örebro län,Enkammarriksdagen,2014,2018,,
9954,Ewa Björling,Moderaterna,Stockholms län,Enkammarriksdagen,2014,2018,,
9955,Ewa Thalén Finné[n 3],Moderaterna,Skåne läns södra,Enkammarriksdagen,2014,2018,,
9956,Finn Bengtsson,Moderaterna,Östergötlands län,Enkammarriksdagen,2014,2018,,man
9957,Fredrik Christensson[n 1],Centerpartiet,Västra Götalands läns västra,Enkammarriksdagen,2014,2018,,man
9958,Fredrik Lundh Sammeli,Socialdemokraterna,Norrbottens län,Enkammarriksdagen,2014,2018,,man
9959,Fredrik Malm,Liberalerna,Stockholms kommun,Enkammarriksdagen,2014,2018,,man
9960,Fredrik Olovsson,Socialdemokraterna,Södermanlands län,Enkammarriksdagen,2014,2018,,man
9961,Fredrik Reinfeldt[n 1],Moderaterna,Stockholms kommun,Enkammarriksdagen,2014,2018,,man
9962,Gunilla Carlsson,Socialdemokraterna,Göteborgs kommun,Enkammarriksdagen,2014,2018,,
9963,Gunilla Nordgren,Moderaterna,Skåne läns södra,Enkammarriksdagen,2014,2018,,
9964,Gunilla Svantorp,Socialdemokraterna,Värmlands län,Enkammarriksdagen,2014,2018,,
9965,Gustaf Hoffstedt[n 1],Moderaterna,Gotlands län,Enkammarriksdagen,2014,2018,,man
9966,Gustav Fridolin[n 1],Miljöpartiet,Skåne läns norra och östra,Enkammarriksdagen,2014,2018,,man
9967,Göran Hägglund[n 1],Kristdemokraterna,Hallands län,Enkammarriksdagen,2014,2018,,man
9968,Göran Pettersson,Moderaterna,Stockholms län,Enkammarriksdagen,2014,2018,,man
9969,Hanif Bali,Moderaterna,Stockholms län,Enkammarriksdagen,2014,2018,,
9970,Hanna Wigh[n 14],Sverigedemokraterna,Norrbottens län,Enkammarriksdagen,2014,2018,,woman
9971,Hannah Bergstedt,Socialdemokraterna,Norrbottens län,Enkammarriksdagen,2014,2018,,woman
9972,Hans Ekström,Socialdemokraterna,Södermanlands län,Enkammarriksdagen,2014,2018,,man
9973,Hans Hoff,Socialdemokraterna,Hallands län,Enkammarriksdagen,2014,2018,,man
9974,Hans Linde[n 1],Vänsterpartiet,Göteborgs kommun,Enkammarriksdagen,2014,2018,,man
9975,Hans Rothenberg,Moderaterna,Göteborgs kommun,Enkammarriksdagen,2014,2018,,man
9976,Hans Unander,Socialdemokraterna,Dalarnas län,Enkammarriksdagen,2014,2018,,man
9977,Hans Wallmark,Moderaterna,Skåne läns norra och östra,Enkammarriksdagen,2014,2018,,man
9978,Helena Bouveng[n 1],Moderaterna,Jönköpings län,Enkammarriksdagen,2014,2018,,woman
9979,Helena Lindahl[n 1],Centerpartiet,Västerbottens län,Enkammarriksdagen,2014,2018,,woman
9980,Helene Petersson,Socialdemokraterna,Jönköpings län,Enkammarriksdagen,2014,2018,,
9981,Helén Pettersson,Socialdemokraterna,Västerbottens län,Enkammarriksdagen,2014,2018,,
9982,Hillevi Engström,Moderaterna,Stockholms län,Enkammarriksdagen,2014,2018,,woman
9983,Hillevi Larsson,Socialdemokraterna,Malmö kommun,Enkammarriksdagen,2014,2018,,woman
9984,Håkan Bergman,Socialdemokraterna,Örebro län,Enkammarriksdagen,2014,2018,,man
9985,Håkan Juholt[n 1],Socialdemokraterna,Kalmar län,Enkammarriksdagen,2014,2018,,man
9986,Håkan Svenneling[n 1],Vänsterpartiet,Värmlands län,Enkammarriksdagen,2014,2018,,man
9987,Ibrahim Baylan,Socialdemokraterna,Stockholms län,Enkammarriksdagen,2014,2018,,man
9988,Ida Drougge,Moderaterna,Stockholms län,Enkammarriksdagen,2014,2018,,woman
9989,Ingela Nylund Watz,Socialdemokraterna,Stockholms län,Enkammarriksdagen,2014,2018,,
9990,Ingemar Nilsson,Socialdemokraterna,Västernorrlands län,Enkammarriksdagen,2014,2018,,man
9991,Isak From,Socialdemokraterna,Västerbottens län,Enkammarriksdagen,2014,2018,,man
9992,Jabar Amin[n 1],Miljöpartiet,Västerbottens län,Enkammarriksdagen,2014,2018,,
9993,Jakob Forssmed,Kristdemokraterna,Stockholms län,Enkammarriksdagen,2014,2018,,man
9994,Jan Björklund[n 1],Liberalerna,Stockholms län,Enkammarriksdagen,2014,2018,,man
9995,Jan Ericson,Moderaterna,Västra Götalands läns södra,Enkammarriksdagen,2014,2018,,man
9996,Jan Lindholm,Miljöpartiet,Dalarnas län,Enkammarriksdagen,2014,2018,,man
9997,Jan R. Andersson,Moderaterna,Kalmar län,Enkammarriksdagen,2014,2018,,man
9998,Jan-Olof Larsson,Socialdemokraterna,Västra Götalands läns västra,Enkammarriksdagen,2014,2018,,
9999,Janine Alm Ericson[n 1],Miljöpartiet,Västra Götalands läns norra,Enkammarriksdagen,2014,2018,,
10000,Jasenko Omanovic,Socialdemokraterna,Västernorrlands län,Enkammarriksdagen,2014,2018,,
10001,Jeff Ahl[n 15],Sverigedemokraterna,Hallands län,Enkammarriksdagen,2014,2018,,
10002,Jennie Nilsson,Socialdemokraterna,Hallands län,Enkammarriksdagen,2014,2018,,woman
10003,Jennie Åfeldt,Sverigedemokraterna,Malmö kommun,Enkammarriksdagen,2014,2018,,woman
10004,Jenny Petersson,Moderaterna,Hallands län,Enkammarriksdagen,2014,2018,,woman
10005,Jens Holm,Vänsterpartiet,Stockholms kommun,Enkammarriksdagen,2014,2018,,man
10006,Jessica Polfjärd[n 1],Moderaterna,Västmanlands län,Enkammarriksdagen,2014,2018,,woman
10007,Jessica Rosencrantz,Moderaterna,Stockholms kommun,Enkammarriksdagen,2014,2018,,woman
10008,Jessika Roswall[n 4],Moderaterna,Uppsala län,Enkammarriksdagen,2014,2018,,woman
10009,Jimmie Åkesson[n 1],Sverigedemokraterna,Jönköpings län,Enkammarriksdagen,2014,2018,,man
10010,Jimmy Ståhl,Sverigedemokraterna,Göteborgs kommun,Enkammarriksdagen,2014,2018,,man
10011,Johan Andersson,Socialdemokraterna,Östergötlands län,Enkammarriksdagen,2014,2018,,man
10012,Johan Büser,Socialdemokraterna,Göteborgs kommun,Enkammarriksdagen,2014,2018,,man
10013,Johan Forssell,Moderaterna,Stockholms kommun,Enkammarriksdagen,2014,2018,,man
10014,Johan Hedin,Centerpartiet,Stockholms kommun,Enkammarriksdagen,2014,2018,,man
10015,Johan Hultberg[n 1],Moderaterna,Kronobergs län,Enkammarriksdagen,2014,2018,,man
10016,Johan Löfstrand,Socialdemokraterna,Östergötlands län,Enkammarriksdagen,2014,2018,,man
10017,Johan Nissinen,Sverigedemokraterna,Skåne läns norra och östra,Enkammarriksdagen,2014,2018,,man
10018,Johan Pehrson[n 1],Liberalerna,Örebro län,Enkammarriksdagen,2014,2018,,man
10019,Johanna Haraldsson,Socialdemokraterna,Jönköpings län,Enkammarriksdagen,2014,2018,,woman
10020,Johanna Jönsson,Centerpartiet,Stockholms kommun,Enkammarriksdagen,2014,2018,,woman
10021,Johnny Skalin,Sverigedemokraterna,Hallands län,Enkammarriksdagen,2014,2018,,man
10022,Jonas Eriksson,Miljöpartiet,Örebro län,Enkammarriksdagen,2014,2018,,man
10023,Jonas Gunnarsson,Socialdemokraterna,Värmlands län,Enkammarriksdagen,2014,2018,,man
10024,Jonas Jacobsson Gjörtler,Moderaterna,Skåne läns västra,Enkammarriksdagen,2014,2018,,man
10025,Jonas Millard,Sverigedemokraterna,Västra Götalands läns norra,Enkammarriksdagen,2014,2018,,man
10026,Jonas Sjöstedt[n 1],Vänsterpartiet,Västerbottens län,Enkammarriksdagen,2014,2018,,man
10027,Jonas Åkerlund,Sverigedemokraterna,Västmanlands län,Enkammarriksdagen,2014,2018,,man
10028,Josef Fransson,Sverigedemokraterna,Uppsala län,Enkammarriksdagen,2014,2018,,man
10029,Julia Kronlid,Sverigedemokraterna,Stockholms län,Enkammarriksdagen,2014,2018,,woman
10030,Jörgen Andersson,Moderaterna,Kalmar län,Enkammarriksdagen,2014,2018,,man
10031,Jörgen Hellman,Socialdemokraterna,Västra Götalands läns norra,Enkammarriksdagen,2014,2018,,man
10032,Jörgen Warborn[n 1],Moderaterna,Hallands län,Enkammarriksdagen,2014,2018,,man
10033,Kalle Olsson[n 1],Socialdemokraterna,Jämtlands län,Enkammarriksdagen,2014,2018,,man
10034,Karin Enström,Moderaterna,Stockholms län,Enkammarriksdagen,2014,2018,,woman
10035,Karin Rågsjö,Vänsterpartiet,Stockholms kommun,Enkammarriksdagen,2014,2018,,woman
10036,Karin Svensson Smith[n 1],Miljöpartiet,Skåne läns södra,Enkammarriksdagen,2014,2018,,woman
10037,Katarina Brännström,Moderaterna,Kronobergs län,Enkammarriksdagen,2014,2018,,woman
10038,Katarina Köhler,Socialdemokraterna,Västerbottens län,Enkammarriksdagen,2014,2018,,woman
10039,Kenneth G. Forslund,Socialdemokraterna,Västra Götalands läns västra,Enkammarriksdagen,2014,2018,,man
10040,Kent Ekeroth,Sverigedemokraterna,Skåne läns norra och östra,Enkammarriksdagen,2014,2018,,man
10041,Kent Härstedt[n 1],Socialdemokraterna,Skåne läns västra,Enkammarriksdagen,2014,2018,,man
10042,Kerstin Lundgren,Centerpartiet,Stockholms län,Enkammarriksdagen,2014,2018,,woman
10043,Kerstin Nilsson,Socialdemokraterna,Skåne läns södra,Enkammarriksdagen,2014,2018,,woman
10044,Krister Hammarbergh[n 1],Moderaterna,Norrbottens län,Enkammarriksdagen,2014,2018,,man
10045,Krister Örnfjäder,Socialdemokraterna,Kalmar län,Enkammarriksdagen,2014,2018,,man
10046,Kristina Nilsson,Socialdemokraterna,Västernorrlands län,Enkammarriksdagen,2014,2018,,woman
10047,Kristina Winberg,Sverigedemokraterna,Västra Götalands läns södra,Enkammarriksdagen,2014,2018,,woman
10048,Kristina Yngwe[n 1],Centerpartiet,Skåne läns södra,Enkammarriksdagen,2014,2018,,woman
10049,Lars Eriksson,Socialdemokraterna,Västmanlands län,Enkammarriksdagen,2014,2018,,man
10050,Lars Hjälmered,Moderaterna,Göteborgs kommun,Enkammarriksdagen,2014,2018,,man
10051,Lars Mejern Larsson[n 1],Socialdemokraterna,Värmlands län,Enkammarriksdagen,2014,2018,,man
10052,Lars Tysklind,Liberalerna,Västra Götalands läns västra,Enkammarriksdagen,2014,2018,,man
10053,Lars-Arne Staxäng,Moderaterna,Västra Götalands läns västra,Enkammarriksdagen,2014,2018,,
10054,Lars-Axel Nordell[n 1],Kristdemokraterna,Örebro län,Enkammarriksdagen,2014,2018,,
10055,Leif Jakobsson,Socialdemokraterna,Malmö kommun,Enkammarriksdagen,2014,2018,,man
10056,Leif Nysmed,Socialdemokraterna,Stockholms län,Enkammarriksdagen,2014,2018,,man
10057,Leif Pettersson,Socialdemokraterna,Norrbottens län,Enkammarriksdagen,2014,2018,,man
10058,Lena Asplund,Moderaterna,Västernorrlands län,Enkammarriksdagen,2014,2018,,woman
10059,Lena Ek[n 1],Centerpartiet,Östergötlands län,Enkammarriksdagen,2014,2018,,woman
10060,Lena Emilsson,Socialdemokraterna,Skåne läns västra,Enkammarriksdagen,2014,2018,,woman
10061,Lena Hallengren[n 1],Socialdemokraterna,Kalmar län,Enkammarriksdagen,2014,2018,,woman
10062,Lennart Axelsson,Socialdemokraterna,Örebro län,Enkammarriksdagen,2014,2018,,man
10063,Linda Snecker[n 1],Vänsterpartiet,Östergötlands län,Enkammarriksdagen,2014,2018,,woman
10064,Linus Bylund,Sverigedemokraterna,Skåne läns norra och östra,Enkammarriksdagen,2014,2018,,man
10065,Lisbeth Sundén Andersson,Moderaterna,Göteborgs kommun,Enkammarriksdagen,2014,2018,,
10066,Lise Nordin[n 1],Miljöpartiet,Göteborgs kommun,Enkammarriksdagen,2014,2018,,
10067,Lotta Finstorp,Moderaterna,Södermanlands län,Enkammarriksdagen,2014,2018,,woman
10068,Lotta Johnsson Fornarve,Vänsterpartiet,Södermanlands län,Enkammarriksdagen,2014,2018,,woman
10069,Lotta Olsson,Moderaterna,Örebro län,Enkammarriksdagen,2014,2018,,woman
10070,Magdalena Andersson,Socialdemokraterna,Stockholms län,Enkammarriksdagen,2014,2018,,woman
10071,Magnus Manhammar[n 1],Socialdemokraterna,Blekinge län,Enkammarriksdagen,2014,2018,,man
10072,Magnus Oscarsson[n 1],Kristdemokraterna,Östergötlands län,Enkammarriksdagen,2014,2018,,man
10073,Magnus Persson,Sverigedemokraterna,Dalarnas län,Enkammarriksdagen,2014,2018,,man
10074,Maj Karlsson,Vänsterpartiet,Göteborgs kommun,Enkammarriksdagen,2014,2018,,woman
10075,Marco Venegas[n 1],Miljöpartiet,Södermanlands län,Enkammarriksdagen,2014,2018,,
10076,Margareta Berg Kjellin,Moderaterna,Gävleborgs län,Enkammarriksdagen,2014,2018,,
10077,Margareta Cederfelt,Moderaterna,Stockholms kommun,Enkammarriksdagen,2014,2018,,
10078,Margareta Larsson[n 16],Sverigedemokraterna,Västra Götalands läns östra,Enkammarriksdagen,2014,2018,,
10079,Maria Abrahamsson,Moderaterna,Stockholms kommun,Enkammarriksdagen,2014,2018,,woman
10080,Maria Andersson Willner,Socialdemokraterna,Västra Götalands läns norra,Enkammarriksdagen,2014,2018,,woman
10081,Maria Arnholm,Liberalerna,Stockholms län,Enkammarriksdagen,2014,2018,,woman
10082,Maria Ferm,Miljöpartiet,Stockholms kommun,Enkammarriksdagen,2014,2018,,woman
10083,Maria Malmer Stenergard,Moderaterna,Skåne läns norra och östra,Enkammarriksdagen,2014,2018,,woman
10084,Maria Plass,Moderaterna,Västra Götalands läns västra,Enkammarriksdagen,2014,2018,,woman
10085,Maria Stockhaus,Moderaterna,Stockholms län,Enkammarriksdagen,2014,2018,,woman
10086,Maria Strömkvist,Socialdemokraterna,Dalarnas län,Enkammarriksdagen,2014,2018,,woman
10087,Maria Weimer[n 1],Liberalerna,Uppsala län,Enkammarriksdagen,2014,2018,,woman
10088,Marie Granlund,Socialdemokraterna,Malmö kommun,Enkammarriksdagen,2014,2018,,woman
10089,Markus Wiechel,Sverigedemokraterna,Västra Götalands läns norra,Enkammarriksdagen,2014,2018,,man
10090,Martin Kinnunen,Sverigedemokraterna,Göteborgs kommun,Enkammarriksdagen,2014,2018,,man
10091,Mathias Sundin[n 1],Liberalerna,Östergötlands län,Enkammarriksdagen,2014,2018,,man
10092,Matilda Ernkrans,Socialdemokraterna,Örebro län,Enkammarriksdagen,2014,2018,,woman
10093,Mats Green[n 1],Moderaterna,Jönköpings län,Enkammarriksdagen,2014,2018,,man
10094,Mats Persson[n 1],Liberalerna,Skåne läns södra,Enkammarriksdagen,2014,2018,,man
10095,Mattias Bäckström Johansson,Sverigedemokraterna,Västernorrlands län,Enkammarriksdagen,2014,2018,,man
10096,Mattias Jonsson,Socialdemokraterna,Göteborgs kommun,Enkammarriksdagen,2014,2018,,man
10097,Mattias Karlsson,Sverigedemokraterna,Värmlands län,Enkammarriksdagen,2014,2018,,man
10098,Mattias Ottosson,Socialdemokraterna,Östergötlands län,Enkammarriksdagen,2014,2018,,man
10099,Mia Sydow Mölleby[n 1],Vänsterpartiet,Örebro län,Enkammarriksdagen,2014,2018,,woman
10100,Michael Svensson,Moderaterna,Hallands län,Enkammarriksdagen,2014,2018,,man
10101,Mikael Cederbratt,Moderaterna,Västra Götalands läns norra,Enkammarriksdagen,2014,2018,,man
10102,Mikael Dahlqvist,Socialdemokraterna,Värmlands län,Enkammarriksdagen,2014,2018,,man
10103,Mikael Damberg,Socialdemokraterna,Stockholms län,Enkammarriksdagen,2014,2018,,man
10104,Mikael Eskilandersson,Sverigedemokraterna,Gävleborgs län,Enkammarriksdagen,2014,2018,,man
10105,Mikael Jansson[n 17],Sverigedemokraterna,Gävleborgs län,Enkammarriksdagen,2014,2018,,man
10106,Mikael Oscarsson[n 1],Kristdemokraterna,Uppsala län,Enkammarriksdagen,2014,2018,,man
10107,Monica Green,Socialdemokraterna,Västra Götalands läns östra,Enkammarriksdagen,2014,2018,,
10108,Monica Haider,Socialdemokraterna,Kronobergs län,Enkammarriksdagen,2014,2018,,
10109,Morgan Johansson,Socialdemokraterna,Skåne läns södra,Enkammarriksdagen,2014,2018,,man
10110,Niclas Malmberg,Miljöpartiet,Uppsala län,Enkammarriksdagen,2014,2018,,man
10111,Niklas Karlsson[n 1],Socialdemokraterna,Skåne läns västra,Enkammarriksdagen,2014,2018,,man
10112,Niklas Wykman,Moderaterna,Stockholms län,Enkammarriksdagen,2014,2018,,man
10113,Nooshi Dadgostar,Vänsterpartiet,Stockholms län,Enkammarriksdagen,2014,2018,,
10114,Ola Johansson[n 1],Centerpartiet,Hallands län,Enkammarriksdagen,2014,2018,,man
10115,Olle Felten[n 18],Sverigedemokraterna,Södermanlands län,Enkammarriksdagen,2014,2018,,man
10116,Olle Thorell,Socialdemokraterna,Västmanlands län,Enkammarriksdagen,2014,2018,,man
10117,Olof Lavesson,Moderaterna,Malmö kommun,Enkammarriksdagen,2014,2018,,man
10118,Oscar Sjöstedt,Sverigedemokraterna,Södermanlands län,Enkammarriksdagen,2014,2018,,man
10119,Patrick Reslow[n 5],Moderaterna,Malmö kommun,Enkammarriksdagen,2014,2018,,man
10120,Patrik Björck,Socialdemokraterna,Västra Götalands läns östra,Enkammarriksdagen,2014,2018,,man
10121,Patrik Jönsson,Sverigedemokraterna,Skåne läns södra,Enkammarriksdagen,2014,2018,,man
10122,Patrik Lundqvist,Socialdemokraterna,Gävleborgs län,Enkammarriksdagen,2014,2018,,man
10123,Paula Bieler,Sverigedemokraterna,Kalmar län,Enkammarriksdagen,2014,2018,,woman
10124,Paula Holmqvist,Socialdemokraterna,Västra Götalands läns norra,Enkammarriksdagen,2014,2018,,woman
10125,Pavel Gamov[n 19],Sverigedemokraterna,Skåne läns södra,Enkammarriksdagen,2014,2018,,
10126,Penilla Gunther[n 1],Kristdemokraterna,Västra Götalands läns norra,Enkammarriksdagen,2014,2018,,
10127,Per Bill,Moderaterna,Uppsala län,Enkammarriksdagen,2014,2018,,man
10128,Per Bolund,Miljöpartiet,Stockholms kommun,Enkammarriksdagen,2014,2018,,man
10129,Per Klarberg,Sverigedemokraterna,Västra Götalands läns västra,Enkammarriksdagen,2014,2018,,man
10130,Per Lodenius,Centerpartiet,Stockholms län,Enkammarriksdagen,2014,2018,,man
10131,Per Olsson,Miljöpartiet,Stockholms kommun,Enkammarriksdagen,2014,2018,,man
10132,Per Ramhorn,Sverigedemokraterna,Kronobergs län,Enkammarriksdagen,2014,2018,,man
10133,Per Westerberg[n 1],Moderaterna,Södermanlands län,Enkammarriksdagen,2014,2018,,man
10134,Per Åsling[n 1],Centerpartiet,Jämtlands län,Enkammarriksdagen,2014,2018,,man
10135,Per-Arne Håkansson,Socialdemokraterna,Skåne läns norra och östra,Enkammarriksdagen,2014,2018,,
10136,Per-Ingvar Johnsson[n 1],Centerpartiet,Skåne läns norra och östra,Enkammarriksdagen,2014,2018,,
10137,Peter Hultqvist[n 1],Socialdemokraterna,Dalarnas län,Enkammarriksdagen,2014,2018,,man
10138,Peter Jeppsson,Socialdemokraterna,Blekinge län,Enkammarriksdagen,2014,2018,,man
10139,Peter Johnsson,Socialdemokraterna,Västra Götalands läns norra,Enkammarriksdagen,2014,2018,,man
10140,Peter Lundgren,Sverigedemokraterna,Östergötlands län,Enkammarriksdagen,2014,2018,,man
10141,Peter Persson[n 1],Socialdemokraterna,Jönköpings län,Enkammarriksdagen,2014,2018,,man
10142,Petter Löberg,Socialdemokraterna,Västra Götalands läns södra,Enkammarriksdagen,2014,2018,,man
10143,Phia Andersson,Socialdemokraterna,Västra Götalands läns södra,Enkammarriksdagen,2014,2018,,
10144,Pia Hallström,Moderaterna,Värmlands län,Enkammarriksdagen,2014,2018,,woman
10145,Pia Nilsson,Socialdemokraterna,Västmanlands län,Enkammarriksdagen,2014,2018,,woman
10146,Pyry Niemi,Socialdemokraterna,Uppsala län,Enkammarriksdagen,2014,2018,,
10147,Raimo Pärssinen,Socialdemokraterna,Gävleborgs län,Enkammarriksdagen,2014,2018,,
10148,Rasmus Ling,Miljöpartiet,Malmö kommun,Enkammarriksdagen,2014,2018,,man
10149,Richard Jomshof,Sverigedemokraterna,Blekinge län,Enkammarriksdagen,2014,2018,,man
10150,Rickard Nordin,Centerpartiet,Göteborgs kommun,Enkammarriksdagen,2014,2018,,man
10151,Rickard Persson,Miljöpartiet,Skåne läns västra,Enkammarriksdagen,2014,2018,,man
10152,Rikard Larsson,Socialdemokraterna,Skåne läns södra,Enkammarriksdagen,2014,2018,,man
10153,Robert Halef[n 1],Kristdemokraterna,Stockholms län,Enkammarriksdagen,2014,2018,,man
10154,Robert Hannah[n 1],Liberalerna,Göteborgs kommun,Enkammarriksdagen,2014,2018,,man
10155,Roger Haddad[n 1],Liberalerna,Västmanlands län,Enkammarriksdagen,2014,2018,,man
10156,Roger Hedlund,Sverigedemokraterna,Stockholms län,Enkammarriksdagen,2014,2018,,man
10157,Roger Richtoff,Sverigedemokraterna,Skåne läns västra,Enkammarriksdagen,2014,2018,,man
10158,Roland Utbult[n 1],Kristdemokraterna,Västra Götalands läns västra,Enkammarriksdagen,2014,2018,,man
10159,Rossana Dinamarca[n 1],Vänsterpartiet,Västra Götalands läns norra,Enkammarriksdagen,2014,2018,,
10160,Roza Güclü Hedin,Socialdemokraterna,Dalarnas län,Enkammarriksdagen,2014,2018,,
10161,Runar Filper,Sverigedemokraterna,Östergötlands län,Enkammarriksdagen,2014,2018,,
10162,Said Abdu[n 1],Liberalerna,Västra Götalands läns norra,Enkammarriksdagen,2014,2018,,man
10163,Saila Quicklund[n 1],Moderaterna,Jämtlands län,Enkammarriksdagen,2014,2018,,
10164,Sara Karlsson,Socialdemokraterna,Södermanlands län,Enkammarriksdagen,2014,2018,,woman
10165,Sara-Lena Bjälkö,Sverigedemokraterna,Örebro län,Enkammarriksdagen,2014,2018,,
10166,Sofia Arkelsten,Moderaterna,Stockholms kommun,Enkammarriksdagen,2014,2018,,woman
10167,Sofia Damm,Kristdemokraterna,Skåne läns södra,Enkammarriksdagen,2014,2018,,woman
10168,Sofia Fölster,Moderaterna,Stockholms län,Enkammarriksdagen,2014,2018,,woman
10169,Solveig Zander[n 1],Centerpartiet,Uppsala län,Enkammarriksdagen,2014,2018,,woman
10170,Sotiris Delis,Moderaterna,Jönköpings län,Enkammarriksdagen,2014,2018,,
10171,Stefan Jakobsson,Sverigedemokraterna,Västmanlands län,Enkammarriksdagen,2014,2018,,man
10172,Stefan Löfven[n 1],Socialdemokraterna,Västernorrlands län,Enkammarriksdagen,2014,2018,,man
10173,Sten Bergheden[n 1],Moderaterna,Västra Götalands läns östra,Enkammarriksdagen,2014,2018,,man
10174,Stig Henriksson[n 1],Vänsterpartiet,Västmanlands län,Enkammarriksdagen,2014,2018,,man
10175,Stina Bergström[n 1],Miljöpartiet,Värmlands län,Enkammarriksdagen,2014,2018,,woman
10176,Susanne Eberstein,Socialdemokraterna,Västernorrlands län,Enkammarriksdagen,2014,2018,,
10177,Suzanne Svensson,Socialdemokraterna,Blekinge län,Enkammarriksdagen,2014,2018,,
10178,Sven-Erik Bucht[n 1],Socialdemokraterna,Norrbottens län,Enkammarriksdagen,2014,2018,,
10179,Sven-Olof Sällström,Sverigedemokraterna,Dalarnas län,Enkammarriksdagen,2014,2018,,
10180,Teresa Carvalho,Socialdemokraterna,Östergötlands län,Enkammarriksdagen,2014,2018,,
10181,Thomas Finnborg,Moderaterna,Skåne läns västra,Enkammarriksdagen,2014,2018,,man
10182,Thomas Strand,Socialdemokraterna,Jönköpings län,Enkammarriksdagen,2014,2018,,man
10183,Tina Ghasemi,Moderaterna,Stockholms kommun,Enkammarriksdagen,2014,2018,,woman
10184,Tobias Billström[n 6],Moderaterna,Malmö kommun,Enkammarriksdagen,2014,2018,,man
10185,Tomas Eneroth[n 1],Socialdemokraterna,Kronobergs län,Enkammarriksdagen,2014,2018,,man
10186,Tomas Tobé[n 1],Moderaterna,Gävleborgs län,Enkammarriksdagen,2014,2018,,man
10187,Tony Wiklander,Sverigedemokraterna,Västra Götalands läns västra,Enkammarriksdagen,2014,2018,,man
10188,Torkild Strandberg[n 1],Liberalerna,Skåne läns västra,Enkammarriksdagen,2014,2018,,
10189,Tuve Skånberg[n 1],Kristdemokraterna,Skåne läns norra och östra,Enkammarriksdagen,2014,2018,,
10190,Ulf Berg,Moderaterna,Dalarnas län,Enkammarriksdagen,2014,2018,,man
10191,Ulf Kristersson,Moderaterna,Södermanlands län,Enkammarriksdagen,2014,2018,,man
10192,Ulla Andersson[n 1],Vänsterpartiet,Gävleborgs län,Enkammarriksdagen,2014,2018,,
10193,Ulrika Carlsson[n 1],Centerpartiet,Västra Götalands läns östra,Enkammarriksdagen,2014,2018,,woman
10194,Ulrika Karlsson,Moderaterna,Uppsala län,Enkammarriksdagen,2014,2018,,woman
10195,Urban Ahlin[n 7][n 1],Socialdemokraterna,Västra Götalands läns östra,Enkammarriksdagen,2014,2018,,man
10196,Valter Mutt,Miljöpartiet,Göteborgs kommun,Enkammarriksdagen,2014,2018,,man
10197,Veronica Lindholm,Socialdemokraterna,Västerbottens län,Enkammarriksdagen,2014,2018,,woman
10198,Veronica Palm,Socialdemokraterna,Stockholms kommun,Enkammarriksdagen,2014,2018,,woman
10199,Wiwi-Anne Johansson,Vänsterpartiet,Västra Götalands läns västra,Enkammarriksdagen,2014,2018,,
10200,Yasmine Larsson,Socialdemokraterna,Skåne läns västra,Enkammarriksdagen,2014,2018,,woman
10201,Yilmaz Kerimo,Socialdemokraterna,Stockholms län,Enkammarriksdagen,2014,2018,,
10202,Ylva Johansson,Socialdemokraterna,Stockholms kommun,Enkammarriksdagen,2014,2018,,woman
10203,Åsa Coenraads,Moderaterna,Västmanlands län,Enkammarriksdagen,2014,2018,,woman
10204,Åsa Lindestam,Socialdemokraterna,Gävleborgs län,Enkammarriksdagen,2014,2018,,woman
10205,Åsa Romson[n 1],Miljöpartiet,Stockholms kommun,Enkammarriksdagen,2014,2018,,woman
10206,Åsa Westlund,Socialdemokraterna,Stockholms län,Enkammarriksdagen,2014,2018,,woman
10207,Acko Ankarberg Johansson,Kristdemokraterna,Jönköpings län,Enkammarriksdagen,2018,2022,,
10208,Adam Marttinen,Sverigedemokraterna,Södermanlands län,Enkammarriksdagen,2018,2022,,man
10209,Adnan Dibrani[n 1],Socialdemokraterna,Hallands län,Enkammarriksdagen,2018,2022,,man
10210,Alexander Christiansson,Sverigedemokraterna,Göteborgs kommun,Enkammarriksdagen,2018,2022,,man
10211,Alexandra Anstrell,Moderaterna,Stockholms län,Enkammarriksdagen,2018,2022,,woman
10212,Alexandra Völker,Socialdemokraterna,Stockholms län,Enkammarriksdagen,2018,2022,,woman
10213,Ali Esbati,Vänsterpartiet,Stockholms kommun,Enkammarriksdagen,2018,2022,,man
10214,Alice Bah Kuhnke[n 1],Miljöpartiet,Stockholms län,Enkammarriksdagen,2018,2022,,woman
10215,Alireza Akhondi,Centerpartiet,Värmlands län,Enkammarriksdagen,2018,2022,,
10216,Allan Widman,Liberalerna,Malmö kommun,Enkammarriksdagen,2018,2022,,man
10217,Amineh Kakabaveh[n 1] [n 11],Vänsterpartiet,Stockholms län,Enkammarriksdagen,2018,2022,,
10218,Anders Hansson,Moderaterna,Skåne läns södra,Enkammarriksdagen,2018,2022,,man
10219,Anders W. Jonsson[n 1],Centerpartiet,Gävleborgs län,Enkammarriksdagen,2018,2022,,man
10220,Anders Ygeman[n 1],Socialdemokraterna,Stockholms kommun,Enkammarriksdagen,2018,2022,,man
10221,Anders Åkesson[n 1],Centerpartiet,Kalmar län,Enkammarriksdagen,2018,2022,,man
10222,Anders Österberg,Socialdemokraterna,Stockholms kommun,Enkammarriksdagen,2018,2022,,man
10223,Andreas Carlson[n 1],Kristdemokraterna,Jönköpings län,Enkammarriksdagen,2018,2022,,man
10224,Andreas Norlén[n 1][n 2],Moderaterna,Östergötlands län,Enkammarriksdagen,2018,2022,,man
10225,Angelica Lundberg,Sverigedemokraterna,Jönköpings län,Enkammarriksdagen,2018,2022,,woman
10226,Angelika Bengtsson,Sverigedemokraterna,Blekinge län,Enkammarriksdagen,2018,2022,,woman
10227,Ann-Britt Åsebol,Moderaterna,Dalarnas län,Enkammarriksdagen,2018,2022,,
10228,Ann-Charlotte Hammar Johnsson,Moderaterna,Skåne läns västra,Enkammarriksdagen,2018,2022,,
10229,Ann-Christin Ahlberg,Socialdemokraterna,Västra Götalands läns södra,Enkammarriksdagen,2018,2022,,
10230,Ann-Christine From Utterstedt,Sverigedemokraterna,Västmanlands län,Enkammarriksdagen,2018,2022,,
10231,Ann-Sofie Alm,Moderaterna,Västra Götalands läns norra,Enkammarriksdagen,2018,2022,,
10232,Anna Johansson[n 1],Socialdemokraterna,Göteborgs kommun,Enkammarriksdagen,2018,2022,,woman
10233,Anna Sibinska,Miljöpartiet,Göteborgs kommun,Enkammarriksdagen,2018,2022,,woman
10234,Anna Wallentheim,Socialdemokraterna,Skåne läns norra och östra,Enkammarriksdagen,2018,2022,,woman
10235,Anna-Caren Sätherberg,Socialdemokraterna,Jämtlands län,Enkammarriksdagen,2018,2022,,
10236,Anne Oskarsson,Sverigedemokraterna,Kalmar län,Enkammarriksdagen,2018,2022,,
10237,Annelie Karlsson,Socialdemokraterna,Skåne läns norra och östra,Enkammarriksdagen,2018,2022,,
10238,Annicka Engblom[n 1],Moderaterna,Blekinge län,Enkammarriksdagen,2018,2022,,
10239,Annie Lööf[n 1],Centerpartiet,Jönköpings län,Enkammarriksdagen,2018,2022,,woman
10240,Annika Qarlsson,Centerpartiet,Västra Götalands läns västra,Enkammarriksdagen,2018,2022,,woman
10241,Annika Strandhäll,Socialdemokraterna,Stockholms kommun,Enkammarriksdagen,2018,2022,,woman
10242,Ardalan Shekarabi,Socialdemokraterna,Uppsala län,Enkammarriksdagen,2018,2022,,
10243,Arin Karapet,Moderaterna,Stockholms kommun,Enkammarriksdagen,2018,2022,,
10244,Arman Teimouri[n 1],Liberalerna,Värmlands län,Enkammarriksdagen,2018,2022,,
10245,Aron Emilsson,Sverigedemokraterna,Västra Götalands läns västra,Enkammarriksdagen,2018,2022,,man
10246,Aylin Fazelian,Socialdemokraterna,Västra Götalands läns västra,Enkammarriksdagen,2018,2022,,woman
10247,Barbro Westerholm,Liberalerna,Stockholms län,Enkammarriksdagen,2018,2022,,
10248,Beatrice Ask,Moderaterna,Stockholms kommun,Enkammarriksdagen,2018,2022,,woman
10249,Bengt Eliasson,Liberalerna,Hallands län,Enkammarriksdagen,2018,2022,,man
10250,Betty Malmberg,Moderaterna,Östergötlands län,Enkammarriksdagen,2018,2022,,woman
10251,Birger Lahti,Vänsterpartiet,Norrbottens län,Enkammarriksdagen,2018,2022,,man
10252,Björn Söder,Sverigedemokraterna,Skåne läns norra och östra,Enkammarriksdagen,2018,2022,,man
10253,Björn Wiechel,Socialdemokraterna,Västerbottens län,Enkammarriksdagen,2018,2022,,man
10254,Bo Broman,Sverigedemokraterna,Stockholms län,Enkammarriksdagen,2018,2022,,man
10255,Boriana Åberg,Moderaterna,Skåne läns södra,Enkammarriksdagen,2018,2022,,
10256,Camilla Brodin,Kristdemokraterna,Stockholms län,Enkammarriksdagen,2018,2022,,woman
10257,Camilla Waltersson Grönvall,Moderaterna,Västra Götalands läns västra,Enkammarriksdagen,2018,2022,,woman
10258,Carina Ohlsson,Socialdemokraterna,Västra Götalands läns östra,Enkammarriksdagen,2018,2022,,
10259,Carina Ståhl Herrstedt,Sverigedemokraterna,Skåne läns västra,Enkammarriksdagen,2018,2022,,
10260,Carina Ödebrink,Socialdemokraterna,Jönköpings län,Enkammarriksdagen,2018,2022,,
10261,Carl-Oskar Bohlin[n 1],Moderaterna,Dalarnas län,Enkammarriksdagen,2018,2022,,
10262,Caroline Helmersson Olsson,Socialdemokraterna,Södermanlands län,Enkammarriksdagen,2018,2022,,woman
10263,Caroline Nordengrip,Sverigedemokraterna,Västra Götalands läns södra,Enkammarriksdagen,2018,2022,,woman
10264,Caroline Szyber,Kristdemokraterna,Stockholms kommun,Enkammarriksdagen,2018,2022,,woman
10265,Cassandra Sundin,Sverigedemokraterna,Jämtlands län,Enkammarriksdagen,2018,2022,,woman
10266,Cecilia Widegren[n 1],Moderaterna,Västra Götalands läns östra,Enkammarriksdagen,2018,2022,,woman
10267,Cecilie Tenfjord-Toftby[n 1],Moderaterna,Västra Götalands läns södra,Enkammarriksdagen,2018,2022,,
10268,Charlotte Quensel,Sverigedemokraterna,Västra Götalands läns västra,Enkammarriksdagen,2018,2022,,woman
10269,Christer Nylander[n 1],Liberalerna,Skåne läns norra och östra,Enkammarriksdagen,2018,2022,,
10270,Christina Höj Larsen,Vänsterpartiet,Västernorrlands län,Enkammarriksdagen,2018,2022,,woman
10271,Christina Östberg,Sverigedemokraterna,Skåne läns norra och östra,Enkammarriksdagen,2018,2022,,woman
10272,Ciczie Weidby[n 1],Vänsterpartiet,Jönköpings län,Enkammarriksdagen,2018,2022,,
10273,Clara Aranda,Sverigedemokraterna,Skåne läns södra,Enkammarriksdagen,2018,2022,,woman
10274,Dag Larsson,Socialdemokraterna,Stockholms kommun,Enkammarriksdagen,2018,2022,,man
10275,Daniel Bäckström[n 1],Centerpartiet,Värmlands län,Enkammarriksdagen,2018,2022,,man
10276,Daniel Riazat[n 1],Vänsterpartiet,Dalarnas län,Enkammarriksdagen,2018,2022,,man
10277,David Josefsson,Moderaterna,Göteborgs kommun,Enkammarriksdagen,2018,2022,,man
10278,David Lång,Sverigedemokraterna,Örebro län,Enkammarriksdagen,2018,2022,,man
10279,Denis Begic,Socialdemokraterna,Örebro län,Enkammarriksdagen,2018,2022,,man
10280,Dennis Dioukarev,Sverigedemokraterna,Göteborgs kommun,Enkammarriksdagen,2018,2022,,man
10281,Ebba Busch[n 1][n 7],Kristdemokraterna,Uppsala län,Enkammarriksdagen,2018,2022,,woman
10282,Ebba Hermansson,Sverigedemokraterna,Skåne läns västra,Enkammarriksdagen,2018,2022,,woman
10283,Edward Riedl[n 1],Moderaterna,Västerbottens län,Enkammarriksdagen,2018,2022,,man
10284,Elin Lundgren,Socialdemokraterna,Gävleborgs län,Enkammarriksdagen,2018,2022,,woman
10285,Elin Segerlind,Vänsterpartiet,Västra Götalands läns norra,Enkammarriksdagen,2018,2022,,woman
10286,Elisabeth Björnsdotter Rahm,Moderaterna,Västerbottens län,Enkammarriksdagen,2018,2022,,woman
10287,Elisabeth Falkhaven,Miljöpartiet,Hallands län,Enkammarriksdagen,2018,2022,,woman
10288,Elisabeth Svantesson[n 1],Moderaterna,Örebro län,Enkammarriksdagen,2018,2022,,woman
10289,Ellen Juntti,Moderaterna,Västra Götalands läns västra,Enkammarriksdagen,2018,2022,,woman
10290,Emil Källström[n 1],Centerpartiet,Västernorrlands län,Enkammarriksdagen,2018,2022,,man
10291,Emilia Töyrä,Socialdemokraterna,Norrbottens län,Enkammarriksdagen,2018,2022,,woman
10292,Emma Berginger[n 1],Miljöpartiet,Skåne läns södra,Enkammarriksdagen,2018,2022,,woman
10293,Emma Carlsson Löfdahl[n 1] [n 6],Liberalerna,Jönköpings län,Enkammarriksdagen,2018,2022,,woman
10294,Emma Hult[n 1],Miljöpartiet,Jönköpings län,Enkammarriksdagen,2018,2022,,woman
10295,Eric Palmqvist,Sverigedemokraterna,Norrbottens län,Enkammarriksdagen,2018,2022,,man
10296,Eric Westroth,Sverigedemokraterna,Hallands län,Enkammarriksdagen,2018,2022,,man
10297,Erik Andersson,Moderaterna,Stockholms län,Enkammarriksdagen,2018,2022,,man
10298,Erik Bengtzboe,Moderaterna,Södermanlands län,Enkammarriksdagen,2018,2022,,man
10299,Erik Ezelius,Socialdemokraterna,Västra Götalands läns östra,Enkammarriksdagen,2018,2022,,man
10300,Erik Ottoson,Moderaterna,Stockholms län,Enkammarriksdagen,2018,2022,,man
10301,Eskil Erlandsson[n 1],Centerpartiet,Kronobergs län,Enkammarriksdagen,2018,2022,,man
10302,Eva Lindh,Socialdemokraterna,Östergötlands län,Enkammarriksdagen,2018,2022,,woman
10303,Fredrik Christensson[n 1],Centerpartiet,Västra Götalands läns norra,Enkammarriksdagen,2018,2022,,man
10304,Fredrik Lindahl,Sverigedemokraterna,Stockholms län,Enkammarriksdagen,2018,2022,,man
10305,Fredrik Lundh Sammeli,Socialdemokraterna,Norrbottens län,Enkammarriksdagen,2018,2022,,man
10306,Fredrik Malm,Liberalerna,Stockholms kommun,Enkammarriksdagen,2018,2022,,man
10307,Fredrik Olovsson,Socialdemokraterna,Södermanlands län,Enkammarriksdagen,2018,2022,,man
10308,Gulan Avci,Liberalerna,Stockholms län,Enkammarriksdagen,2018,2022,,
10309,Gunilla Carlsson,Socialdemokraterna,Göteborgs kommun,Enkammarriksdagen,2018,2022,,
10310,Gunilla Svantorp,Socialdemokraterna,Värmlands län,Enkammarriksdagen,2018,2022,,
10311,Gustav Fridolin[n 1],Miljöpartiet,Stockholms län,Enkammarriksdagen,2018,2022,,man
10312,Hampus Hagman,Kristdemokraterna,Göteborgs kommun,Enkammarriksdagen,2018,2022,,man
10313,Hanif Bali,Moderaterna,Stockholms län,Enkammarriksdagen,2018,2022,,
10314,Hanna Gunnarsson[n 1],Vänsterpartiet,Skåne läns södra,Enkammarriksdagen,2018,2022,,woman
10315,Hanna Westerén[n 1],Socialdemokraterna,Gotlands län,Enkammarriksdagen,2018,2022,,woman
10316,Hans Eklind[n 1],Kristdemokraterna,Örebro län,Enkammarriksdagen,2018,2022,,man
10317,Hans Ekström,Socialdemokraterna,Södermanlands län,Enkammarriksdagen,2018,2022,,man
10318,Hans Hoff,Socialdemokraterna,Hallands län,Enkammarriksdagen,2018,2022,,man
10319,Hans Rothenberg,Moderaterna,Göteborgs kommun,Enkammarriksdagen,2018,2022,,man
10320,Hans Wallmark,Moderaterna,Skåne läns norra och östra,Enkammarriksdagen,2018,2022,,man
10321,Helena Bouveng,Moderaterna,Jönköpings län,Enkammarriksdagen,2018,2022,,woman
10322,Helena Gellerman,Liberalerna,Västra Götalands läns västra,Enkammarriksdagen,2018,2022,,woman
10323,Helena Lindahl[n 1],Centerpartiet,Västerbottens län,Enkammarriksdagen,2018,2022,,woman
10324,Helena Vilhelmsson[n 1],Centerpartiet,Örebro län,Enkammarriksdagen,2018,2022,,woman
10325,Helene Hellmark Knutsson,Socialdemokraterna,Stockholms län,Enkammarriksdagen,2018,2022,,
10326,Helén Pettersson,Socialdemokraterna,Västerbottens län,Enkammarriksdagen,2018,2022,,
10327,Heléne Björklund[n 1],Socialdemokraterna,Blekinge län,Enkammarriksdagen,2018,2022,,
10328,Henrik Vinge,Sverigedemokraterna,Stockholms kommun,Enkammarriksdagen,2018,2022,,man
10329,Hillevi Larsson,Socialdemokraterna,Malmö kommun,Enkammarriksdagen,2018,2022,,woman
10330,Håkan Svenneling[n 1],Vänsterpartiet,Värmlands län,Enkammarriksdagen,2018,2022,,man
10331,Ibrahim Baylan,Socialdemokraterna,Stockholms län,Enkammarriksdagen,2018,2022,,man
10332,Ida Drougge,Moderaterna,Stockholms län,Enkammarriksdagen,2018,2022,,woman
10333,Ida Gabrielsson,Vänsterpartiet,Stockholms län,Enkammarriksdagen,2018,2022,,woman
10334,Ida Karkiainen,Socialdemokraterna,Norrbottens län,Enkammarriksdagen,2018,2022,,woman
10335,Ilona Szatmari Waldau[n 1],Vänsterpartiet,Uppsala län,Enkammarriksdagen,2018,2022,,woman
10336,Ingela Nylund Watz,Socialdemokraterna,Stockholms län,Enkammarriksdagen,2018,2022,,
10337,Ingemar Kihlström,Kristdemokraterna,Västra Götalands läns södra,Enkammarriksdagen,2018,2022,,man
10338,Ingemar Nilsson,Socialdemokraterna,Västernorrlands län,Enkammarriksdagen,2018,2022,,man
10339,Isabella Lövin[n 1],Miljöpartiet,Stockholms kommun,Enkammarriksdagen,2018,2022,,woman
10340,Isak From,Socialdemokraterna,Västerbottens län,Enkammarriksdagen,2018,2022,,man
10341,Jakob Forssmed,Kristdemokraterna,Stockholms län,Enkammarriksdagen,2018,2022,,man
10342,Jamal El-Haj[n 1],Socialdemokraterna,Malmö kommun,Enkammarriksdagen,2018,2022,,
10343,Jan Björklund[n 1],Liberalerna,Stockholms län,Enkammarriksdagen,2018,2022,,man
10344,Jan Ericson,Moderaterna,Västra Götalands läns södra,Enkammarriksdagen,2018,2022,,man
10345,Jan R. Andersson,Moderaterna,Kalmar län,Enkammarriksdagen,2018,2022,,man
10346,Janine Alm Ericson,Miljöpartiet,Västra Götalands läns västra,Enkammarriksdagen,2018,2022,,
10347,Jennie Nilsson,Socialdemokraterna,Hallands län,Enkammarriksdagen,2018,2022,,woman
10348,Jennie Åfeldt,Sverigedemokraterna,Skåne läns södra,Enkammarriksdagen,2018,2022,,woman
10349,Jens Holm,Vänsterpartiet,Stockholms kommun,Enkammarriksdagen,2018,2022,,man
10350,Jessica Polfjärd[n 1],Moderaterna,Västmanlands län,Enkammarriksdagen,2018,2022,,woman
10351,Jessica Rosencrantz,Moderaterna,Stockholms kommun,Enkammarriksdagen,2018,2022,,woman
10352,Jessica Thunander[n 1],Vänsterpartiet,Västra Götalands läns östra,Enkammarriksdagen,2018,2022,,woman
10353,Jessica Wetterling[n 1],Vänsterpartiet,Västra Götalands läns västra,Enkammarriksdagen,2018,2022,,woman
10354,Jessika Roswall,Moderaterna,Uppsala län,Enkammarriksdagen,2018,2022,,woman
10355,Jimmie Åkesson[n 1],Sverigedemokraterna,Jönköpings län,Enkammarriksdagen,2018,2022,,man
10356,Jimmy Loord,Kristdemokraterna,Kalmar län,Enkammarriksdagen,2018,2022,,man
10357,Jimmy Ståhl,Sverigedemokraterna,Västra Götalands läns norra,Enkammarriksdagen,2018,2022,,man
10358,Joakim Järrebring,Socialdemokraterna,Västra Götalands läns västra,Enkammarriksdagen,2018,2022,,man
10359,Joakim Sandell,Socialdemokraterna,Malmö kommun,Enkammarriksdagen,2018,2022,,man
10360,Joar Forssell,Liberalerna,Stockholms kommun,Enkammarriksdagen,2018,2022,,man
10361,Johan Andersson,Socialdemokraterna,Östergötlands län,Enkammarriksdagen,2018,2022,,man
10362,Johan Büser,Socialdemokraterna,Göteborgs kommun,Enkammarriksdagen,2018,2022,,man
10363,Johan Forssell,Moderaterna,Stockholms kommun,Enkammarriksdagen,2018,2022,,man
10364,Johan Hedin,Centerpartiet,Stockholms kommun,Enkammarriksdagen,2018,2022,,man
10365,Johan Hultberg,Moderaterna,Västra Götalands läns norra,Enkammarriksdagen,2018,2022,,man
10366,Johan Löfstrand,Socialdemokraterna,Östergötlands län,Enkammarriksdagen,2018,2022,,man
10367,Johan Pehrson[n 1],Liberalerna,Örebro län,Enkammarriksdagen,2018,2022,,man
10368,Johanna Haraldsson,Socialdemokraterna,Jönköpings län,Enkammarriksdagen,2018,2022,,woman
10369,Johanna Jönsson,Centerpartiet,Stockholms kommun,Enkammarriksdagen,2018,2022,,woman
10370,John Weinerhall,Moderaterna,Östergötlands län,Enkammarriksdagen,2018,2022,,man
10371,Johnny Skalin,Sverigedemokraterna,Västernorrlands län,Enkammarriksdagen,2018,2022,,man
10372,Jon Thorbjörnson,Vänsterpartiet,Hallands län,Enkammarriksdagen,2018,2022,,man
10373,Jonas Andersson i Linköping,Sverigedemokraterna,Östergötlands län,Enkammarriksdagen,2018,2022,,man
10374,Jonas Andersson i Skellefteå,Sverigedemokraterna,Västerbottens län,Enkammarriksdagen,2018,2022,,man
10375,Jonas Eriksson,Miljöpartiet,Örebro län,Enkammarriksdagen,2018,2022,,man
10376,Jonas Millard,Sverigedemokraterna,Örebro län,Enkammarriksdagen,2018,2022,,man
10377,Jonas Sjöstedt[n 1],Vänsterpartiet,Västerbottens län,Enkammarriksdagen,2018,2022,,man
10378,Jonny Cato[n 3],Centerpartiet,Skåne läns västra,Enkammarriksdagen,2018,2022,,man
10379,Josef Fransson,Sverigedemokraterna,Västra Götalands läns östra,Enkammarriksdagen,2018,2022,,man
10380,Josefin Malmqvist,Moderaterna,Stockholms län,Enkammarriksdagen,2018,2022,,woman
10381,Julia Kronlid,Sverigedemokraterna,Stockholms län,Enkammarriksdagen,2018,2022,,woman
10382,Juno Blom[n 1],Liberalerna,Östergötlands län,Enkammarriksdagen,2018,2022,,woman
10383,Jörgen Berglund[n 1],Moderaterna,Västernorrlands län,Enkammarriksdagen,2018,2022,,man
10384,Jörgen Grubb,Sverigedemokraterna,Östergötlands län,Enkammarriksdagen,2018,2022,,man
10385,Jörgen Hellman,Socialdemokraterna,Västra Götalands läns norra,Enkammarriksdagen,2018,2022,,man
10386,Jörgen Warborn[n 1],Moderaterna,Hallands län,Enkammarriksdagen,2018,2022,,man
10387,Kadir Kasirga,Socialdemokraterna,Stockholms kommun,Enkammarriksdagen,2018,2022,,
10388,Kalle Olsson[n 1],Socialdemokraterna,Jämtlands län,Enkammarriksdagen,2018,2022,,man
10389,Karin Enström,Moderaterna,Stockholms län,Enkammarriksdagen,2018,2022,,woman
10390,Karin Rågsjö,Vänsterpartiet,Stockholms kommun,Enkammarriksdagen,2018,2022,,woman
10391,Karolina Skog,Miljöpartiet,Stockholms län,Enkammarriksdagen,2018,2022,,woman
10392,Katarina Brännström[n 1],Moderaterna,Kronobergs län,Enkammarriksdagen,2018,2022,,woman
10393,Katja Nyberg,Sverigedemokraterna,Stockholms kommun,Enkammarriksdagen,2018,2022,,woman
10394,Kenneth G. Forslund,Socialdemokraterna,Västra Götalands läns västra,Enkammarriksdagen,2018,2022,,man
10395,Kerstin Lundgren[n 4],Centerpartiet,Stockholms län,Enkammarriksdagen,2018,2022,,woman
10396,Kjell Jansson,Moderaterna,Stockholms län,Enkammarriksdagen,2018,2022,,man
10397,Kjell-Arne Ottosson[n 1],Kristdemokraterna,Värmlands län,Enkammarriksdagen,2018,2022,,
10398,Kristina Axén Olin,Moderaterna,Stockholms kommun,Enkammarriksdagen,2018,2022,,woman
10399,Kristina Nilsson,Socialdemokraterna,Västernorrlands län,Enkammarriksdagen,2018,2022,,woman
10400,Kristina Yngwe[n 1],Centerpartiet,Skåne läns södra,Enkammarriksdagen,2018,2022,,woman
10401,Laila Naraghi,Socialdemokraterna,Kalmar län,Enkammarriksdagen,2018,2022,,woman
10402,Larry Söder,Kristdemokraterna,Hallands län,Enkammarriksdagen,2018,2022,,
10403,Lars Adaktusson[n 1],Kristdemokraterna,Dalarnas län,Enkammarriksdagen,2018,2022,,man
10404,Lars Andersson,Sverigedemokraterna,Skåne läns södra,Enkammarriksdagen,2018,2022,,man
10405,Lars Beckman[n 1],Moderaterna,Gävleborgs län,Enkammarriksdagen,2018,2022,,man
10406,Lars Hjälmered[n 1],Moderaterna,Göteborgs kommun,Enkammarriksdagen,2018,2022,,man
10407,Lars Mejern Larsson[n 1],Socialdemokraterna,Värmlands län,Enkammarriksdagen,2018,2022,,man
10408,Lars Püss,Moderaterna,Hallands län,Enkammarriksdagen,2018,2022,,man
10409,Lars Thomsson[n 1],Centerpartiet,Gotlands län,Enkammarriksdagen,2018,2022,,man
10410,Lawen Redar,Socialdemokraterna,Stockholms kommun,Enkammarriksdagen,2018,2022,,
10411,Leif Nysmed,Socialdemokraterna,Stockholms län,Enkammarriksdagen,2018,2022,,man
10412,Leila Ali Elmi[n 1],Miljöpartiet,Göteborgs kommun,Enkammarriksdagen,2018,2022,,woman
10413,Lena Hallengren[n 1],Socialdemokraterna,Kalmar län,Enkammarriksdagen,2018,2022,,woman
10414,Lena Rådström Baastad[n 1],Socialdemokraterna,Örebro län,Enkammarriksdagen,2018,2022,,woman
10415,Lina Nordquist[n 1],Liberalerna,Uppsala län,Enkammarriksdagen,2018,2022,,woman
10416,Linda Lindberg,Sverigedemokraterna,Skåne läns västra,Enkammarriksdagen,2018,2022,,woman
10417,Linda Modig[n 1][n 5],Centerpartiet,Norrbottens län,Enkammarriksdagen,2018,2022,,woman
10418,Linda Westerlund Snecker[n 1],Vänsterpartiet,Östergötlands län,Enkammarriksdagen,2018,2022,,woman
10419,Lorena Delgado Varas,Vänsterpartiet,Stockholms län,Enkammarriksdagen,2018,2022,,woman
10420,Lotta Finstorp,Moderaterna,Södermanlands län,Enkammarriksdagen,2018,2022,,woman
10421,Lotta Johnsson Fornarve[n 10],Vänsterpartiet,Södermanlands län,Enkammarriksdagen,2018,2022,,woman
10422,Lotta Olsson,Moderaterna,Örebro län,Enkammarriksdagen,2018,2022,,woman
10423,Louise Meijer,Moderaterna,Skåne läns södra,Enkammarriksdagen,2018,2022,,woman
10424,Ludvig Aspling,Sverigedemokraterna,Stockholms län,Enkammarriksdagen,2018,2022,,man
10425,Magdalena Andersson[n 1],Socialdemokraterna,Stockholms län,Enkammarriksdagen,2018,2022,,woman
10426,Magnus Ek,Centerpartiet,Östergötlands län,Enkammarriksdagen,2018,2022,,man
10427,Magnus Jacobsson,Kristdemokraterna,Västra Götalands läns norra,Enkammarriksdagen,2018,2022,,man
10428,Magnus Manhammar[n 1],Socialdemokraterna,Blekinge län,Enkammarriksdagen,2018,2022,,man
10429,Magnus Oscarsson[n 1],Kristdemokraterna,Östergötlands län,Enkammarriksdagen,2018,2022,,man
10430,Magnus Persson,Sverigedemokraterna,Dalarnas län,Enkammarriksdagen,2018,2022,,man
10431,Maj Karlsson[n 1],Vänsterpartiet,Göteborgs kommun,Enkammarriksdagen,2018,2022,,woman
10432,Malin Larsson,Socialdemokraterna,Västernorrlands län,Enkammarriksdagen,2018,2022,,woman
10433,Margareta Cederfelt,Moderaterna,Stockholms kommun,Enkammarriksdagen,2018,2022,,
10434,Maria Arnholm,Liberalerna,Stockholms län,Enkammarriksdagen,2018,2022,,woman
10435,Maria Ferm,Miljöpartiet,Stockholms kommun,Enkammarriksdagen,2018,2022,,woman
10436,Maria Gardfjell[n 1],Miljöpartiet,Uppsala län,Enkammarriksdagen,2018,2022,,woman
10437,Maria Malmer Stenergard,Moderaterna,Skåne läns norra och östra,Enkammarriksdagen,2018,2022,,woman
10438,Maria Nilsson,Liberalerna,Göteborgs kommun,Enkammarriksdagen,2018,2022,,woman
10439,Maria Stockhaus,Moderaterna,Stockholms län,Enkammarriksdagen,2018,2022,,woman
10440,Maria Strömkvist,Socialdemokraterna,Dalarnas län,Enkammarriksdagen,2018,2022,,woman
10441,Marianne Pettersson,Socialdemokraterna,Skåne läns södra,Enkammarriksdagen,2018,2022,,
10442,Marie-Louise Hänel Sandström,Moderaterna,Göteborgs kommun,Enkammarriksdagen,2018,2022,,
10443,Markus Wiechel,Sverigedemokraterna,Östergötlands län,Enkammarriksdagen,2018,2022,,man
10444,Marlene Burwick,Socialdemokraterna,Uppsala län,Enkammarriksdagen,2018,2022,,
10445,Marléne Lund Kopparklint,Moderaterna,Värmlands län,Enkammarriksdagen,2018,2022,,
10446,Marta Obminska,Moderaterna,Uppsala län,Enkammarriksdagen,2018,2022,,woman
10447,Martin Kinnunen,Sverigedemokraterna,Stockholms län,Enkammarriksdagen,2018,2022,,man
10448,Martin Ådahl,Centerpartiet,Stockholms kommun,Enkammarriksdagen,2018,2022,,man
10449,Martina Johansson,Centerpartiet,Södermanlands län,Enkammarriksdagen,2018,2022,,woman
10450,Matheus Enholm,Sverigedemokraterna,Västra Götalands läns norra,Enkammarriksdagen,2018,2022,,man
10451,Mathias Tegnér,Socialdemokraterna,Stockholms län,Enkammarriksdagen,2018,2022,,man
10452,Matilda Ernkrans,Socialdemokraterna,Örebro län,Enkammarriksdagen,2018,2022,,woman
10453,Mats Green[n 1],Moderaterna,Jönköpings län,Enkammarriksdagen,2018,2022,,man
10454,Mats Nordberg,Sverigedemokraterna,Gävleborgs län,Enkammarriksdagen,2018,2022,,man
10455,Mats Persson,Liberalerna,Skåne läns södra,Enkammarriksdagen,2018,2022,,man
10456,Mats Wiking,Socialdemokraterna,Västra Götalands läns norra,Enkammarriksdagen,2018,2022,,man
10457,Mattias Bäckström Johansson,Sverigedemokraterna,Kalmar län,Enkammarriksdagen,2018,2022,,man
10458,Mattias Jonsson,Socialdemokraterna,Göteborgs kommun,Enkammarriksdagen,2018,2022,,man
10459,Mattias Karlsson,Sverigedemokraterna,Kronobergs län,Enkammarriksdagen,2018,2022,,man
10460,Mattias Karlsson[n 1],Moderaterna,Norrbottens län,Enkammarriksdagen,2018,2022,,man
10461,Mattias Ottosson,Socialdemokraterna,Östergötlands län,Enkammarriksdagen,2018,2022,,man
10462,Mia Sydow Mölleby,Vänsterpartiet,Örebro län,Enkammarriksdagen,2018,2022,,woman
10463,Michael Anefur,Kristdemokraterna,Skåne läns västra,Enkammarriksdagen,2018,2022,,man
10464,Michael Rubbestad,Sverigedemokraterna,Uppsala län,Enkammarriksdagen,2018,2022,,man
10465,Mikael Dahlqvist,Socialdemokraterna,Värmlands län,Enkammarriksdagen,2018,2022,,man
10466,Mikael Damberg,Socialdemokraterna,Stockholms län,Enkammarriksdagen,2018,2022,,man
10467,Mikael Eskilandersson,Sverigedemokraterna,Skåne läns norra och östra,Enkammarriksdagen,2018,2022,,man
10468,Mikael Larsson[n 1],Centerpartiet,Västra Götalands läns södra,Enkammarriksdagen,2018,2022,,man
10469,Mikael Oscarsson[n 1],Kristdemokraterna,Uppsala län,Enkammarriksdagen,2018,2022,,man
10470,Mikael Strandman,Sverigedemokraterna,Stockholms län,Enkammarriksdagen,2018,2022,,man
10471,Momodou Malcolm Jallow[n 1],Vänsterpartiet,Malmö kommun,Enkammarriksdagen,2018,2022,,
10472,Monica Haider,Socialdemokraterna,Kronobergs län,Enkammarriksdagen,2018,2022,,
10473,Morgan Johansson[n 1],Socialdemokraterna,Skåne läns södra,Enkammarriksdagen,2018,2022,,man
10474,Niels Paarup-Petersen,Centerpartiet,Malmö kommun,Enkammarriksdagen,2018,2022,,
10475,Niklas Karlsson[n 1],Socialdemokraterna,Skåne läns västra,Enkammarriksdagen,2018,2022,,man
10476,Niklas Wykman,Moderaterna,Stockholms län,Enkammarriksdagen,2018,2022,,man
10477,Nooshi Dadgostar,Vänsterpartiet,Stockholms kommun,Enkammarriksdagen,2018,2022,,
10478,Noria Manouchi,Moderaterna,Malmö kommun,Enkammarriksdagen,2018,2022,,
10479,Ola Johansson[n 1],Centerpartiet,Hallands län,Enkammarriksdagen,2018,2022,,man
10480,Ola Möller,Socialdemokraterna,Skåne läns västra,Enkammarriksdagen,2018,2022,,man
10481,Olle Thorell,Socialdemokraterna,Västmanlands län,Enkammarriksdagen,2018,2022,,man
10482,Oscar Sjöstedt,Sverigedemokraterna,Västmanlands län,Enkammarriksdagen,2018,2022,,man
10483,Patrick Reslow,Sverigedemokraterna,Värmlands län,Enkammarriksdagen,2018,2022,,man
10484,Patrik Björck,Socialdemokraterna,Västra Götalands läns östra,Enkammarriksdagen,2018,2022,,man
10485,Patrik Engström,Socialdemokraterna,Dalarnas län,Enkammarriksdagen,2018,2022,,man
10486,Patrik Jönsson,Sverigedemokraterna,Västra Götalands läns södra,Enkammarriksdagen,2018,2022,,man
10487,Patrik Lundqvist,Socialdemokraterna,Gävleborgs län,Enkammarriksdagen,2018,2022,,man
10488,Paula Bieler,Sverigedemokraterna,Uppsala län,Enkammarriksdagen,2018,2022,,woman
10489,Paula Holmqvist,Socialdemokraterna,Västra Götalands läns norra,Enkammarriksdagen,2018,2022,,woman
10490,Per Bolund,Miljöpartiet,Stockholms kommun,Enkammarriksdagen,2018,2022,,man
10491,Per Lodenius,Centerpartiet,Stockholms län,Enkammarriksdagen,2018,2022,,man
10492,Per Ramhorn,Sverigedemokraterna,Malmö kommun,Enkammarriksdagen,2018,2022,,man
10493,Per Åsling[n 1],Centerpartiet,Jämtlands län,Enkammarriksdagen,2018,2022,,man
10494,Per-Arne Håkansson,Socialdemokraterna,Skåne läns norra och östra,Enkammarriksdagen,2018,2022,,
10495,Peter Helander,Centerpartiet,Dalarnas län,Enkammarriksdagen,2018,2022,,man
10496,Peter Hultqvist[n 1],Socialdemokraterna,Dalarnas län,Enkammarriksdagen,2018,2022,,man
10497,Peter Persson,Socialdemokraterna,Jönköpings län,Enkammarriksdagen,2018,2022,,man
10498,Petter Löberg,Socialdemokraterna,Västra Götalands läns södra,Enkammarriksdagen,2018,2022,,man
10499,Pia Nilsson,Socialdemokraterna,Västmanlands län,Enkammarriksdagen,2018,2022,,woman
10500,Pia Steensland,Kristdemokraterna,Södermanlands län,Enkammarriksdagen,2018,2022,,woman
10501,Pyry Niemi,Socialdemokraterna,Uppsala län,Enkammarriksdagen,2018,2022,,
10502,Pål Jonson[n 1],Moderaterna,Värmlands län,Enkammarriksdagen,2018,2022,,man
10503,Rasmus Ling,Miljöpartiet,Malmö kommun,Enkammarriksdagen,2018,2022,,man
10504,Rebecka Le Moine[n 1],Miljöpartiet,Östergötlands län,Enkammarriksdagen,2018,2022,,woman
10505,Richard Jomshof,Sverigedemokraterna,Blekinge län,Enkammarriksdagen,2018,2022,,man
10506,Rickard Nordin,Centerpartiet,Göteborgs kommun,Enkammarriksdagen,2018,2022,,man
10507,Rikard Larsson,Socialdemokraterna,Skåne läns södra,Enkammarriksdagen,2018,2022,,man
10508,Robert Halef,Kristdemokraterna,Stockholms län,Enkammarriksdagen,2018,2022,,man
10509,Robert Hannah[n 1],Liberalerna,Göteborgs kommun,Enkammarriksdagen,2018,2022,,man
10510,Robert Stenkvist,Sverigedemokraterna,Stockholms län,Enkammarriksdagen,2018,2022,,man
10511,Roger Haddad[n 1],Liberalerna,Västmanlands län,Enkammarriksdagen,2018,2022,,man
10512,Roger Hedlund,Sverigedemokraterna,Gävleborgs län,Enkammarriksdagen,2018,2022,,man
10513,Roger Richtoff,Sverigedemokraterna,Södermanlands län,Enkammarriksdagen,2018,2022,,man
10514,Roland Utbult,Kristdemokraterna,Västra Götalands läns västra,Enkammarriksdagen,2018,2022,,man
10515,Runar Filper,Sverigedemokraterna,Värmlands län,Enkammarriksdagen,2018,2022,,
10516,Saila Quicklund[n 1],Moderaterna,Jämtlands län,Enkammarriksdagen,2018,2022,,
10517,Sanne Lennström,Socialdemokraterna,Uppsala län,Enkammarriksdagen,2018,2022,,woman
10518,Sara Gille[n 12],Sverigedemokraterna,Malmö kommun,Enkammarriksdagen,2018,2022,,woman
10519,Serkan Köse,Socialdemokraterna,Stockholms län,Enkammarriksdagen,2018,2022,,
10520,Sofia Damm,Kristdemokraterna,Skåne läns södra,Enkammarriksdagen,2018,2022,,woman
10521,Sofia Nilsson[n 1],Centerpartiet,Skåne läns norra och östra,Enkammarriksdagen,2018,2022,,woman
10522,Sofia Westergren,Moderaterna,Västra Götalands läns västra,Enkammarriksdagen,2018,2022,,woman
10523,Solveig Zander,Centerpartiet,Uppsala län,Enkammarriksdagen,2018,2022,,woman
10524,Staffan Eklöf,Sverigedemokraterna,Hallands län,Enkammarriksdagen,2018,2022,,man
10525,Stefan Löfven[n 1],Socialdemokraterna,Västernorrlands län,Enkammarriksdagen,2018,2022,,man
10526,Sten Bergheden[n 1],Moderaterna,Västra Götalands läns östra,Enkammarriksdagen,2018,2022,,man
10527,Sven-Erik Bucht[n 1],Socialdemokraterna,Norrbottens län,Enkammarriksdagen,2018,2022,,
10528,Sven-Olof Sällström,Sverigedemokraterna,Kronobergs län,Enkammarriksdagen,2018,2022,,
10529,Teres Lindberg,Socialdemokraterna,Stockholms kommun,Enkammarriksdagen,2018,2022,,
10530,Teresa Carvalho,Socialdemokraterna,Östergötlands län,Enkammarriksdagen,2018,2022,,
10531,Thomas Morell,Sverigedemokraterna,Gävleborgs län,Enkammarriksdagen,2018,2022,,man
10532,Tobias Andersson,Sverigedemokraterna,Västra Götalands läns östra,Enkammarriksdagen,2018,2022,,man
10533,Tobias Billström[n 1],Moderaterna,Malmö kommun,Enkammarriksdagen,2018,2022,,man
10534,Tomas Eneroth[n 1],Socialdemokraterna,Kronobergs län,Enkammarriksdagen,2018,2022,,man
10535,Tomas Kronståhl,Socialdemokraterna,Kalmar län,Enkammarriksdagen,2018,2022,,man
10536,Tomas Tobé,Moderaterna,Stockholms län,Enkammarriksdagen,2018,2022,,man
10537,Tony Haddou,Vänsterpartiet,Göteborgs kommun,Enkammarriksdagen,2018,2022,,man
10538,Torkild Strandberg[n 1],Liberalerna,Skåne läns västra,Enkammarriksdagen,2018,2022,,
10539,Tuve Skånberg,Kristdemokraterna,Skåne läns norra och östra,Enkammarriksdagen,2018,2022,,
10540,Ulf Kristersson[n 1],Moderaterna,Södermanlands län,Enkammarriksdagen,2018,2022,,man
10541,Ulla Andersson[n 1],Vänsterpartiet,Gävleborgs län,Enkammarriksdagen,2018,2022,,
10542,Ulrika Heie[n 1],Centerpartiet,Västra Götalands läns östra,Enkammarriksdagen,2018,2022,,woman
10543,Ulrika Heindorff[n 1],Moderaterna,Skåne läns västra,Enkammarriksdagen,2018,2022,,woman
10544,Ulrika Jörgensen,Moderaterna,Hallands län,Enkammarriksdagen,2018,2022,,woman
10545,Vasiliki Tsouplaki[n 1],Vänsterpartiet,Västmanlands län,Enkammarriksdagen,2018,2022,,
10546,Viktor Wärnick,Moderaterna,Gävleborgs län,Enkammarriksdagen,2018,2022,,man
10547,Yasmine Bladelius[n 8],Socialdemokraterna,Skåne läns västra,Enkammarriksdagen,2018,2022,,woman
10548,Yasmine Eriksson,Sverigedemokraterna,Stockholms kommun,Enkammarriksdagen,2018,2022,,woman
10549,Yasmine Posio,Vänsterpartiet,Göteborgs kommun,Enkammarriksdagen,2018,2022,,woman
10550,Ylva Johansson,Socialdemokraterna,Stockholms kommun,Enkammarriksdagen,2018,2022,,woman
10551,Åsa Coenraads,Moderaterna,Västmanlands län,Enkammarriksdagen,2018,2022,,woman
10552,Åsa Eriksson,Socialdemokraterna,Västmanlands län,Enkammarriksdagen,2018,2022,,woman
10553,Åsa Karlsson,Socialdemokraterna,Västerbottens län,Enkammarriksdagen,2018,2022,,woman
10554,Åsa Lindestam[n 9],Socialdemokraterna,Gävleborgs län,Enkammarriksdagen,2018,2022,,woman
10555,Åsa Westlund,Socialdemokraterna,Stockholms län,Enkammarriksdagen,2018,2022,,woman
