protocol_id,page,cb_ix,tb_ix,pattern,segmentation,who
prot-198990--61,0,1,,,metadata,
prot-198990--61,0,2,,,metadata,
prot-198990--61,0,3,,,metadata,
prot-198990--61,0,5,,,metadata,
prot-198990--61,0,10,,,metadata,
prot-198990--61,0,11,,,metadata,
prot-198990--61,0,12,,,metadata,
prot-198990--61,0,14,,,metadata,
prot-198990--61,1,0,,,metadata,
prot-198990--61,1,1,,,metadata,
prot-198990--61,1,2,,,metadata,
prot-198990--61,1,4,,f0d538d10bda4e34,speech_start,Göran Engström
prot-198990--61,2,2,,f0d538d10bda4e34,speech_start,Göran Engström
prot-198990--61,2,4,,f0d538d10bda4e34,speech_start,Göran Engström
prot-198990--61,2,6,,,metadata,
prot-198990--61,2,8,,,metadata,
prot-198990--61,2,9,,,metadata,
prot-198990--61,3,0,,,metadata,
prot-198990--61,3,1,,,metadata,
prot-198990--61,3,2,,,metadata,
prot-198990--61,3,4,,f0d538d10bda4e34,speech_start,Görel Thurdin
prot-198990--61,4,3,,f0d538d10bda4e34,speech_start,Görel Thurdin
prot-198990--61,4,4,,,metadata,
prot-198990--61,4,5,,,metadata,
prot-198990--61,5,0,,,metadata,
prot-198990--61,5,1,,,metadata,
prot-198990--61,5,2,,,metadata,
prot-198990--61,5,5,,f0d538d10bda4e34,speech_start,Görel Thurdin
prot-198990--61,5,7,,f0d538d10bda4e34,speech_start,Görel Thurdin
prot-198990--61,5,10,,,metadata,
prot-198990--61,6,2,,f0d538d10bda4e34,speech_start,Birger Andersson
prot-198990--61,6,4,,,metadata,
prot-198990--61,6,5,,,metadata,
prot-198990--61,7,0,,,metadata,
prot-198990--61,7,1,,,metadata,
prot-198990--61,7,2,,,metadata,
prot-198990--61,7,4,,f0d538d10bda4e34,speech_start,Birger Andersson
prot-198990--61,7,6,,f0d538d10bda4e34,speech_start,Birger Andersson
prot-198990--61,8,1,,,metadata,
prot-198990--61,8,3,,,metadata,
prot-198990--61,8,7,,f0d538d10bda4e34,speech_start,Lennart Brunander
prot-198990--61,8,8,,,metadata,
prot-198990--61,8,9,,,metadata,
prot-198990--61,9,0,,,metadata,
prot-198990--61,9,1,,,metadata,
prot-198990--61,9,2,,,metadata,
prot-198990--61,9,3,,,metadata,
prot-198990--61,10,2,,f0d538d10bda4e34,speech_start,Lennart Brunander
prot-198990--61,10,4,,,metadata,
prot-198990--61,10,8,,,metadata,
prot-198990--61,10,9,,,metadata,
prot-198990--61,10,10,,,metadata,
prot-198990--61,10,11,,,metadata,
prot-198990--61,11,0,,,metadata,
prot-198990--61,11,1,,,metadata,
prot-198990--61,11,2,,,metadata,
prot-198990--61,11,3,,,metadata,
prot-198990--61,11,5,,f0d538d10bda4e34,speech_start,Barbro Sandberg
prot-198990--61,12,3,,f0d538d10bda4e34,speech_start,Barbro Sandberg
prot-198990--61,12,5,,,metadata,
prot-198990--61,12,7,,,metadata,
prot-198990--61,12,8,,,metadata,
prot-198990--61,12,9,,,metadata,
prot-198990--61,12,10,,,metadata,
prot-198990--61,13,0,,,metadata,
prot-198990--61,13,1,,,metadata,
prot-198990--61,13,2,,,metadata,
prot-198990--61,13,3,,,metadata,
prot-198990--61,13,5,,f0d538d10bda4e34,speech_start,Margit Gennser
prot-198990--61,13,7,,f0d538d10bda4e34,speech_start,Margit Gennser
prot-198990--61,14,1,,,metadata,
prot-198990--61,14,7,,f0d538d10bda4e34,speech_start,Börje Hörnlund
prot-198990--61,14,8,,,metadata,
prot-198990--61,14,9,,,metadata,
prot-198990--61,14,10,,,metadata,
prot-198990--61,14,11,,,metadata,
prot-198990--61,15,0,,,metadata,
prot-198990--61,15,1,,,metadata,
prot-198990--61,15,2,,,metadata,
prot-198990--61,15,3,,,metadata,
prot-198990--61,15,6,,,metadata,
prot-198990--61,15,8,,f0d538d10bda4e34,speech_start,Bertil Danielsson
prot-198990--61,16,3,,f0d538d10bda4e34,speech_start,Bertil Danielsson
prot-198990--61,16,5,,,metadata,
prot-198990--61,16,6,,,metadata,
prot-198990--61,16,7,,,metadata,
prot-198990--61,16,9,,,metadata,
prot-198990--61,17,0,,,metadata,
prot-198990--61,17,1,,,metadata,
prot-198990--61,17,2,,,metadata,
prot-198990--61,17,3,,,metadata,
prot-198990--61,17,4,,,metadata,
prot-198990--61,17,9,,f0d538d10bda4e34,speech_start,Stina Eliasson
prot-198990--61,18,3,,f0d538d10bda4e34,speech_start,Stina Eliasson
prot-198990--61,18,4,,,metadata,
prot-198990--61,18,5,,,metadata,
prot-198990--61,18,6,,,metadata,
prot-198990--61,18,7,,,metadata,
prot-198990--61,19,0,,,metadata,
prot-198990--61,19,1,,,metadata,
prot-198990--61,19,2,,,metadata,
prot-198990--61,19,3,,,metadata,
prot-198990--61,19,5,,f0d538d10bda4e34,speech_start,Stina Eliasson
prot-198990--61,19,8,,,metadata,
prot-198990--61,19,9,,,metadata,
prot-198990--61,19,10,,,metadata,
prot-198990--61,20,1,,,metadata,
prot-198990--61,20,6,,,metadata,
prot-198990--61,20,8,,,metadata,
prot-198990--61,20,9,,,metadata,
prot-198990--61,20,10,,,metadata,
prot-198990--61,21,0,,,metadata,
prot-198990--61,21,1,,,metadata,
prot-198990--61,21,2,,,metadata,
prot-198990--61,21,6,,36cdc1fd812d7973,speech_start,Lennart Brunander
prot-198990--61,21,9,,,metadata,
prot-198990--61,21,10,,,metadata,
prot-198990--61,22,3,,,metadata,
prot-198990--61,22,6,,,metadata,
prot-198990--61,22,9,,,metadata,
prot-198990--61,22,11,,,metadata,
prot-198990--61,22,12,,,metadata,
prot-198990--61,22,13,,,metadata,
prot-198990--61,23,0,,,metadata,
prot-198990--61,23,1,,,metadata,
prot-198990--61,23,2,,,metadata,
prot-198990--61,23,5,,,metadata,
prot-198990--61,23,8,,,metadata,
prot-198990--61,23,9,,36cdc1fd812d7973,speech_start,Gudrun Schyman
prot-198990--61,23,12,,,metadata,
prot-198990--61,24,2,,,metadata,
prot-198990--61,24,5,,,metadata,
prot-198990--61,24,7,,,metadata,
prot-198990--61,24,8,,,metadata,
prot-198990--61,24,11,,,metadata,
prot-198990--61,24,12,,,metadata,
prot-198990--61,24,13,,,metadata,
prot-198990--61,24,14,,,metadata,
prot-198990--61,24,15,,,metadata,
prot-198990--61,24,16,,,metadata,
prot-198990--61,25,0,,,metadata,
prot-198990--61,25,1,,,metadata,
prot-198990--61,25,2,,,metadata,
prot-198990--61,25,4,,,metadata,
prot-198990--61,25,9,,,metadata,
prot-198990--61,25,10,,,metadata,
prot-198990--61,25,11,,,metadata,
prot-198990--61,25,12,,,metadata,
prot-198990--61,26,1,,,metadata,
prot-198990--61,26,3,,,metadata,
prot-198990--61,26,4,,,metadata,
prot-198990--61,26,5,,,metadata,
prot-198990--61,26,6,,,metadata,
prot-198990--61,26,7,,,metadata,
prot-198990--61,26,8,,,metadata,
prot-198990--61,28,0,,,metadata,
prot-198990--61,28,1,,,metadata,
prot-198990--61,30,1,,,metadata,
prot-198990--61,30,2,,,metadata,
prot-198990--61,30,3,,,metadata,
prot-198990--61,30,5,,,metadata,
prot-198990--61,32,1,,,metadata,
prot-198990--61,32,3,,,metadata,
prot-198990--61,32,4,,,metadata,
prot-198990--61,32,6,,,metadata,
prot-198990--61,32,7,,,metadata,
prot-198990--61,32,8,,,metadata,
prot-198990--61,32,9,,,metadata,
prot-198990--61,32,10,,,metadata,
prot-198990--61,32,12,,,metadata,
prot-198990--61,32,13,,,metadata,
prot-198990--61,32,14,,,metadata,
prot-198990--61,32,16,,,metadata,
prot-198990--61,32,17,,,metadata,
prot-198990--61,32,18,,,metadata,
prot-198990--61,32,19,,,metadata,
prot-198990--61,33,0,,,metadata,
prot-198990--61,33,1,,,metadata,
prot-198990--61,33,2,,,metadata,
prot-198990--61,33,3,,,metadata,
prot-198990--61,33,4,,,metadata,
prot-198990--61,33,5,,,metadata,
prot-198990--61,33,6,,,metadata,
prot-198990--61,33,7,,,metadata,
prot-198990--61,33,8,,,metadata,
prot-198990--61,33,9,,,metadata,
prot-198990--61,33,10,,,metadata,
prot-198990--61,33,11,,,metadata,
prot-198990--61,33,12,,,metadata,
prot-198990--61,33,13,,,metadata,
prot-198990--61,33,14,,,metadata,
prot-198990--61,33,15,,,metadata,
prot-198990--61,33,16,,,metadata,
prot-198990--61,33,17,,,metadata,
prot-198990--61,33,18,,,metadata,
prot-198990--61,34,1,,,metadata,
prot-198990--61,34,2,,,metadata,
prot-198990--61,34,4,,,metadata,
prot-198990--61,34,5,,,metadata,
prot-198990--61,34,6,,,metadata,
prot-198990--61,34,7,,,metadata,
prot-198990--61,34,8,,,metadata,
prot-198990--61,34,9,,,metadata,
prot-198990--61,34,10,,,metadata,
prot-198990--61,34,11,,,metadata,
prot-198990--61,34,13,,,metadata,
prot-198990--61,34,14,,,metadata,
prot-198990--61,34,15,,,metadata,
prot-198990--61,34,16,,,metadata,
prot-198990--61,34,17,,,metadata,
prot-198990--61,34,18,,,metadata,
prot-198990--61,34,19,,,metadata,
prot-198990--61,34,20,,,metadata,
prot-198990--61,35,0,,,metadata,
prot-198990--61,35,1,,,metadata,
prot-198990--61,35,2,,,metadata,
prot-198990--61,35,3,,,metadata,
prot-198990--61,35,4,,,metadata,
prot-198990--61,35,5,,,metadata,
prot-198990--61,35,6,,,metadata,
prot-198990--61,35,7,,,metadata,
prot-198990--61,35,8,,,metadata,
prot-198990--61,35,9,,,metadata,
prot-198990--61,35,10,,,metadata,
prot-198990--61,35,11,,,metadata,
prot-198990--61,35,12,,,metadata,
prot-198990--61,35,14,,,metadata,
prot-198990--61,35,15,,,metadata,
prot-198990--61,35,16,,,metadata,
prot-198990--61,35,17,,,metadata,
prot-198990--61,35,18,,,metadata,
prot-198990--61,36,1,,,metadata,
prot-198990--61,36,2,,,metadata,
prot-198990--61,36,3,,,metadata,
prot-198990--61,36,4,,,metadata,
prot-198990--61,36,5,,,metadata,
prot-198990--61,36,6,,,metadata,
prot-198990--61,36,7,,,metadata,
prot-198990--61,36,8,,,metadata,
prot-198990--61,36,9,,,metadata,
prot-198990--61,36,10,,,metadata,
prot-198990--61,36,11,,,metadata,
prot-198990--61,36,13,,,metadata,
prot-198990--61,36,14,,,metadata,
prot-198990--61,36,15,,,metadata,
prot-198990--61,36,16,,,metadata,
prot-198990--61,36,17,,,metadata,
prot-198990--61,36,18,,,metadata,
prot-198990--61,36,19,,,metadata,
prot-198990--61,37,0,,,metadata,
prot-198990--61,37,2,,,metadata,
prot-198990--61,37,3,,,metadata,
prot-198990--61,37,4,,,metadata,
prot-198990--61,37,5,,,metadata,
prot-198990--61,37,6,,,metadata,
prot-198990--61,37,7,,,metadata,
prot-198990--61,37,8,,,metadata,
prot-198990--61,37,10,,,metadata,
prot-198990--61,37,11,,,metadata,
prot-198990--61,37,13,,,metadata,
prot-198990--61,37,14,,,metadata,
prot-198990--61,37,15,,,metadata,
prot-198990--61,37,16,,,metadata,
prot-198990--61,37,17,,,metadata,
prot-198990--61,37,18,,,metadata,
prot-198990--61,37,19,,,metadata,
prot-198990--61,38,1,,,metadata,
prot-198990--61,38,3,,,metadata,
prot-198990--61,38,4,,,metadata,
prot-198990--61,38,6,,,metadata,
prot-198990--61,38,7,,,metadata,
prot-198990--61,38,8,,,metadata,
prot-198990--61,38,10,,,metadata,
prot-198990--61,38,11,,,metadata,
prot-198990--61,38,12,,,metadata,
prot-198990--61,38,13,,,metadata,
prot-198990--61,38,14,,,metadata,
prot-198990--61,38,15,,,metadata,
prot-198990--61,38,16,,,metadata,
prot-198990--61,38,17,,,metadata,
prot-198990--61,38,18,,,metadata,
prot-198990--61,39,0,,,metadata,
prot-198990--61,39,1,,,metadata,
prot-198990--61,39,2,,,metadata,
prot-198990--61,39,3,,,metadata,
prot-198990--61,39,5,,,metadata,
prot-198990--61,39,6,,,metadata,
prot-198990--61,39,7,,,metadata,
prot-198990--61,39,8,,,metadata,
prot-198990--61,39,9,,,metadata,
prot-198990--61,39,11,,,metadata,
prot-198990--61,39,12,,,metadata,
prot-198990--61,39,14,,,metadata,
prot-198990--61,39,15,,,metadata,
prot-198990--61,39,16,,,metadata,
prot-198990--61,39,17,,,metadata,
prot-198990--61,39,18,,,metadata,
prot-198990--61,39,19,,,metadata,
prot-198990--61,40,1,,,metadata,
prot-198990--61,40,2,,,metadata,
prot-198990--61,40,3,,,metadata,
prot-198990--61,40,4,,,metadata,
prot-198990--61,40,5,,,metadata,
prot-198990--61,40,6,,,metadata,
prot-198990--61,40,7,,,metadata,
prot-198990--61,40,8,,,metadata,
prot-198990--61,40,9,,,metadata,
prot-198990--61,40,10,,,metadata,
prot-198990--61,40,11,,,metadata,
prot-198990--61,40,12,,,metadata,
prot-198990--61,40,14,,,metadata,
prot-198990--61,40,15,,,metadata,
prot-198990--61,40,16,,,metadata,
prot-198990--61,40,17,,,metadata,
prot-198990--61,40,18,,,metadata,
prot-198990--61,40,19,,,metadata,
prot-198990--61,41,0,,,metadata,
prot-198990--61,41,2,,,metadata,
prot-198990--61,41,3,,,metadata,
prot-198990--61,41,4,,,metadata,
prot-198990--61,41,5,,,metadata,
prot-198990--61,41,6,,,metadata,
prot-198990--61,41,7,,,metadata,
prot-198990--61,41,8,,,metadata,
prot-198990--61,41,9,,,metadata,
prot-198990--61,41,10,,,metadata,
prot-198990--61,41,11,,,metadata,
prot-198990--61,41,12,,,metadata,
prot-198990--61,41,13,,,metadata,
prot-198990--61,41,14,,,metadata,
prot-198990--61,41,15,,,metadata,
prot-198990--61,41,16,,,metadata,
prot-198990--61,41,17,,,metadata,
prot-198990--61,41,18,,,metadata,
prot-198990--61,41,19,,,metadata,
prot-198990--61,42,1,,,metadata,
prot-198990--61,42,3,,,metadata,
prot-198990--61,42,4,,,metadata,
prot-198990--61,42,5,,,metadata,
prot-198990--61,42,6,,,metadata,
prot-198990--61,42,7,,,metadata,
prot-198990--61,42,8,,,metadata,
prot-198990--61,42,9,,,metadata,
prot-198990--61,42,10,,,metadata,
prot-198990--61,42,11,,,metadata,
prot-198990--61,42,12,,,metadata,
prot-198990--61,42,14,,,metadata,
prot-198990--61,42,15,,,metadata,
prot-198990--61,42,16,,,metadata,
prot-198990--61,42,17,,,metadata,
prot-198990--61,43,0,,,metadata,
prot-198990--61,43,1,,,metadata,
prot-198990--61,43,3,,,metadata,
prot-198990--61,43,4,,,metadata,
prot-198990--61,43,5,,,metadata,
prot-198990--61,43,6,,,metadata,
prot-198990--61,43,8,,,metadata,
prot-198990--61,43,9,,,metadata,
prot-198990--61,43,10,,,metadata,
prot-198990--61,43,11,,,metadata,
prot-198990--61,43,12,,,metadata,
prot-198990--61,43,13,,,metadata,
prot-198990--61,43,16,,,metadata,
prot-198990--61,43,17,,,metadata,
prot-198990--61,43,18,,,metadata,
prot-198990--61,43,19,,,metadata,
prot-198990--61,44,1,,,metadata,
prot-198990--61,44,2,,,metadata,
prot-198990--61,44,3,,,metadata,
prot-198990--61,44,4,,,metadata,
prot-198990--61,44,5,,,metadata,
prot-198990--61,44,6,,,metadata,
prot-198990--61,44,7,,,metadata,
prot-198990--61,44,8,,,metadata,
prot-198990--61,44,9,,,metadata,
prot-198990--61,44,10,,,metadata,
prot-198990--61,44,11,,,metadata,
prot-198990--61,44,12,,,metadata,
prot-198990--61,44,13,,,metadata,
prot-198990--61,44,14,,,metadata,
prot-198990--61,44,15,,,metadata,
prot-198990--61,44,16,,,metadata,
prot-198990--61,44,17,,,metadata,
prot-198990--61,44,18,,,metadata,
prot-198990--61,44,19,,,metadata,
prot-198990--61,45,0,,,metadata,
prot-198990--61,45,1,,,metadata,
prot-198990--61,45,2,,,metadata,
prot-198990--61,45,3,,,metadata,
prot-198990--61,45,4,,,metadata,
prot-198990--61,45,5,,,metadata,
prot-198990--61,45,6,,,metadata,
prot-198990--61,45,7,,,metadata,
prot-198990--61,45,8,,,metadata,
prot-198990--61,45,9,,,metadata,
prot-198990--61,45,10,,,metadata,
prot-198990--61,45,11,,,metadata,
prot-198990--61,45,12,,,metadata,
prot-198990--61,45,13,,,metadata,
prot-198990--61,45,14,,,metadata,
prot-198990--61,45,15,,,metadata,
prot-198990--61,45,16,,,metadata,
prot-198990--61,45,17,,,metadata,
prot-198990--61,45,18,,,metadata,
prot-198990--61,45,19,,,metadata,
prot-198990--61,45,20,,,metadata,
prot-198990--61,45,21,,,metadata,
prot-198990--61,46,1,,,metadata,
prot-198990--61,46,2,,,metadata,
prot-198990--61,46,3,,,metadata,
prot-198990--61,46,4,,,metadata,
prot-198990--61,46,6,,,metadata,
prot-198990--61,46,7,,,metadata,
prot-198990--61,46,8,,,metadata,
prot-198990--61,46,9,,,metadata,
prot-198990--61,46,10,,,metadata,
prot-198990--61,46,11,,,metadata,
prot-198990--61,46,12,,,metadata,
prot-198990--61,46,13,,,metadata,
prot-198990--61,46,14,,,metadata,
prot-198990--61,46,15,,,metadata,
prot-198990--61,46,16,,,metadata,
prot-198990--61,46,17,,,metadata,
prot-198990--61,46,18,,,metadata,
prot-198990--61,46,19,,,metadata,
prot-198990--61,46,21,,,metadata,
prot-198990--61,47,0,,,metadata,
prot-198990--61,47,1,,,metadata,
prot-198990--61,47,2,,,metadata,
prot-198990--61,47,3,,,metadata,
prot-198990--61,47,4,,,metadata,
prot-198990--61,47,5,,,metadata,
prot-198990--61,47,6,,,metadata,
prot-198990--61,47,7,,,metadata,
prot-198990--61,47,8,,,metadata,
prot-198990--61,47,9,,,metadata,
prot-198990--61,47,10,,,metadata,
prot-198990--61,47,12,,,metadata,
prot-198990--61,47,13,,,metadata,
prot-198990--61,47,14,,,metadata,
prot-198990--61,47,15,,,metadata,
prot-198990--61,47,17,,,metadata,
prot-198990--61,47,18,,,metadata,
prot-198990--61,48,1,,,metadata,
prot-198990--61,48,2,,,metadata,
prot-198990--61,48,3,,,metadata,
prot-198990--61,48,4,,,metadata,
prot-198990--61,48,5,,,metadata,
prot-198990--61,48,6,,,metadata,
prot-198990--61,48,8,,,metadata,
prot-198990--61,48,9,,,metadata,
prot-198990--61,48,10,,,metadata,
prot-198990--61,48,11,,,metadata,
prot-198990--61,48,12,,,metadata,
prot-198990--61,48,13,,,metadata,
prot-198990--61,48,14,,,metadata,
prot-198990--61,48,15,,,metadata,
prot-198990--61,48,16,,,metadata,
prot-198990--61,48,17,,,metadata,
prot-198990--61,48,18,,,metadata,
prot-198990--61,48,19,,,metadata,
prot-198990--61,48,20,,,metadata,
prot-198990--61,49,0,,,metadata,
prot-198990--61,49,2,,,metadata,
prot-198990--61,49,3,,,metadata,
prot-198990--61,49,4,,,metadata,
prot-198990--61,49,5,,,metadata,
prot-198990--61,49,6,,,metadata,
prot-198990--61,49,7,,,metadata,
prot-198990--61,49,8,,,metadata,
prot-198990--61,49,9,,,metadata,
prot-198990--61,49,10,,,metadata,
prot-198990--61,49,11,,,metadata,
prot-198990--61,49,12,,,metadata,
prot-198990--61,49,13,,,metadata,
prot-198990--61,49,14,,,metadata,
prot-198990--61,49,15,,,metadata,
prot-198990--61,49,16,,,metadata,
prot-198990--61,49,17,,,metadata,
prot-198990--61,49,18,,,metadata,
prot-198990--61,49,19,,,metadata,
prot-198990--61,50,2,,,metadata,
prot-198990--61,50,4,,,metadata,
prot-198990--61,50,5,,,metadata,
prot-198990--61,50,6,,,metadata,
prot-198990--61,50,7,,,metadata,
prot-198990--61,50,8,,,metadata,
prot-198990--61,50,9,,,metadata,
prot-198990--61,50,10,,,metadata,
prot-198990--61,50,11,,,metadata,
prot-198990--61,50,13,,,metadata,
prot-198990--61,50,14,,,metadata,
prot-198990--61,50,15,,,metadata,
prot-198990--61,50,16,,,metadata,
prot-198990--61,50,18,,,metadata,
prot-198990--61,51,0,,,metadata,
prot-198990--61,51,1,,,metadata,
prot-198990--61,51,2,,,metadata,
prot-198990--61,51,3,,,metadata,
prot-198990--61,51,4,,,metadata,
prot-198990--61,51,5,,,metadata,
prot-198990--61,51,6,,,metadata,
prot-198990--61,51,7,,,metadata,
prot-198990--61,51,8,,,metadata,
prot-198990--61,51,9,,,metadata,
prot-198990--61,51,10,,,metadata,
prot-198990--61,51,11,,,metadata,
prot-198990--61,51,12,,,metadata,
prot-198990--61,51,13,,,metadata,
prot-198990--61,51,16,,,metadata,
prot-198990--61,51,17,,,metadata,
prot-198990--61,51,18,,,metadata,
prot-198990--61,52,1,,,metadata,
prot-198990--61,52,2,,,metadata,
prot-198990--61,52,3,,,metadata,
prot-198990--61,52,4,,,metadata,
prot-198990--61,52,6,,,metadata,
prot-198990--61,52,7,,,metadata,
prot-198990--61,52,8,,,metadata,
prot-198990--61,52,9,,,metadata,
prot-198990--61,52,12,,,metadata,
prot-198990--61,52,14,,,metadata,
prot-198990--61,52,15,,,metadata,
prot-198990--61,52,16,,,metadata,
prot-198990--61,52,17,,,metadata,
prot-198990--61,52,18,,,metadata,
prot-198990--61,52,19,,,metadata,
prot-198990--61,53,0,,,metadata,
prot-198990--61,53,2,,,metadata,
prot-198990--61,53,3,,,metadata,
prot-198990--61,53,4,,,metadata,
prot-198990--61,53,5,,,metadata,
prot-198990--61,53,6,,,metadata,
prot-198990--61,53,7,,,metadata,
prot-198990--61,53,8,,,metadata,
prot-198990--61,53,9,,,metadata,
prot-198990--61,53,10,,,metadata,
prot-198990--61,53,11,,,metadata,
prot-198990--61,53,12,,,metadata,
prot-198990--61,53,14,,,metadata,
prot-198990--61,53,15,,,metadata,
prot-198990--61,54,1,,,metadata,
prot-198990--61,54,2,,,metadata,
prot-198990--61,54,3,,,metadata,
prot-198990--61,54,4,,,metadata,
prot-198990--61,54,5,,,metadata,
prot-198990--61,54,6,,,metadata,
prot-198990--61,54,7,,,metadata,
prot-198990--61,54,8,,,metadata,
prot-198990--61,54,9,,,metadata,
prot-198990--61,54,10,,,metadata,
prot-198990--61,54,11,,,metadata,
prot-198990--61,54,12,,,metadata,
prot-198990--61,54,13,,,metadata,
prot-198990--61,54,14,,,metadata,
prot-198990--61,54,15,,,metadata,
prot-198990--61,54,16,,,metadata,
prot-198990--61,54,17,,,metadata,
prot-198990--61,54,18,,,metadata,
prot-198990--61,54,19,,,metadata,
prot-198990--61,55,0,,,metadata,
prot-198990--61,55,1,,,metadata,
prot-198990--61,55,2,,,metadata,
prot-198990--61,55,3,,,metadata,
prot-198990--61,55,4,,,metadata,
prot-198990--61,55,5,,,metadata,
prot-198990--61,55,6,,,metadata,
prot-198990--61,55,7,,,metadata,
prot-198990--61,55,8,,,metadata,
prot-198990--61,55,9,,,metadata,
prot-198990--61,55,10,,,metadata,
prot-198990--61,55,12,,,metadata,
prot-198990--61,55,13,,,metadata,
prot-198990--61,55,14,,,metadata,
prot-198990--61,55,15,,,metadata,
prot-198990--61,55,16,,,metadata,
prot-198990--61,55,17,,,metadata,
prot-198990--61,55,18,,,metadata,
prot-198990--61,56,1,,,metadata,
prot-198990--61,56,3,,,metadata,
prot-198990--61,56,4,,,metadata,
prot-198990--61,56,5,,,metadata,
prot-198990--61,56,6,,,metadata,
prot-198990--61,56,8,,,metadata,
prot-198990--61,56,9,,,metadata,
prot-198990--61,56,10,,,metadata,
prot-198990--61,56,11,,,metadata,
prot-198990--61,56,12,,,metadata,
prot-198990--61,56,13,,,metadata,
prot-198990--61,56,14,,,metadata,
prot-198990--61,56,15,,,metadata,
prot-198990--61,56,16,,,metadata,
prot-198990--61,56,17,,,metadata,
prot-198990--61,56,18,,,metadata,
prot-198990--61,57,0,,,metadata,
prot-198990--61,57,1,,,metadata,
prot-198990--61,57,2,,,metadata,
prot-198990--61,57,3,,,metadata,
prot-198990--61,57,4,,,metadata,
prot-198990--61,57,5,,,metadata,
prot-198990--61,57,6,,,metadata,
prot-198990--61,57,7,,,metadata,
prot-198990--61,57,8,,,metadata,
prot-198990--61,57,9,,,metadata,
prot-198990--61,57,10,,,metadata,
prot-198990--61,57,11,,,metadata,
prot-198990--61,57,12,,,metadata,
prot-198990--61,57,13,,,metadata,
prot-198990--61,57,14,,,metadata,
prot-198990--61,57,15,,,metadata,
prot-198990--61,57,16,,,metadata,
prot-198990--61,57,17,,,metadata,
prot-198990--61,57,18,,,metadata,
prot-198990--61,58,1,,,metadata,
prot-198990--61,58,3,,,metadata,
prot-198990--61,58,4,,,metadata,
prot-198990--61,58,6,,,metadata,
prot-198990--61,58,7,,,metadata,
prot-198990--61,58,9,,,metadata,
prot-198990--61,58,10,,,metadata,
prot-198990--61,58,11,,,metadata,
prot-198990--61,58,12,,,metadata,
prot-198990--61,58,13,,,metadata,
prot-198990--61,58,14,,,metadata,
prot-198990--61,58,15,,,metadata,
prot-198990--61,58,16,,,metadata,
prot-198990--61,58,17,,,metadata,
prot-198990--61,58,18,,,metadata,
prot-198990--61,58,19,,,metadata,
prot-198990--61,59,0,,,metadata,
prot-198990--61,59,1,,,metadata,
prot-198990--61,59,2,,,metadata,
prot-198990--61,59,4,,,metadata,
prot-198990--61,59,5,,,metadata,
prot-198990--61,59,6,,,metadata,
prot-198990--61,59,7,,,metadata,
prot-198990--61,59,8,,,metadata,
prot-198990--61,59,9,,,metadata,
prot-198990--61,59,10,,,metadata,
prot-198990--61,59,11,,,metadata,
prot-198990--61,59,12,,,metadata,
prot-198990--61,59,13,,,metadata,
prot-198990--61,59,14,,,metadata,
prot-198990--61,59,15,,,metadata,
prot-198990--61,59,16,,,metadata,
prot-198990--61,59,17,,,metadata,
prot-198990--61,59,18,,,metadata,
prot-198990--61,59,19,,,metadata,
prot-198990--61,59,20,,,metadata,
prot-198990--61,59,21,,,metadata,
prot-198990--61,60,1,,,metadata,
prot-198990--61,60,2,,,metadata,
prot-198990--61,60,4,,,metadata,
prot-198990--61,60,5,,,metadata,
prot-198990--61,60,6,,,metadata,
prot-198990--61,60,7,,,metadata,
prot-198990--61,60,8,,,metadata,
prot-198990--61,60,9,,,metadata,
prot-198990--61,60,10,,,metadata,
prot-198990--61,60,11,,,metadata,
prot-198990--61,60,12,,,metadata,
prot-198990--61,60,13,,,metadata,
prot-198990--61,60,14,,,metadata,
prot-198990--61,60,15,,,metadata,
prot-198990--61,60,16,,,metadata,
prot-198990--61,60,17,,,metadata,
prot-198990--61,60,18,,,metadata,
prot-198990--61,60,19,,,metadata,
prot-198990--61,61,1,,,metadata,
prot-198990--61,61,2,,,metadata,
prot-198990--61,61,3,,,metadata,
prot-198990--61,61,4,,,metadata,
prot-198990--61,61,5,,,metadata,
prot-198990--61,61,6,,,metadata,
prot-198990--61,61,7,,,metadata,
prot-198990--61,61,9,,,metadata,
prot-198990--61,61,10,,,metadata,
prot-198990--61,61,11,,,metadata,
prot-198990--61,61,12,,,metadata,
prot-198990--61,61,13,,,metadata,
prot-198990--61,61,14,,,metadata,
prot-198990--61,61,15,,,metadata,
prot-198990--61,61,16,,,metadata,
prot-198990--61,61,17,,,metadata,
prot-198990--61,61,18,,,metadata,
prot-198990--61,62,1,,,metadata,
prot-198990--61,62,2,,,metadata,
prot-198990--61,62,3,,,metadata,
prot-198990--61,62,4,,,metadata,
prot-198990--61,62,5,,,metadata,
prot-198990--61,62,6,,,metadata,
prot-198990--61,62,7,,,metadata,
prot-198990--61,62,8,,,metadata,
prot-198990--61,62,9,,,metadata,
prot-198990--61,62,10,,,metadata,
prot-198990--61,62,11,,,metadata,
prot-198990--61,62,12,,,metadata,
prot-198990--61,62,13,,,metadata,
prot-198990--61,62,14,,,metadata,
prot-198990--61,62,15,,,metadata,
prot-198990--61,62,16,,,metadata,
prot-198990--61,62,17,,,metadata,
prot-198990--61,62,18,,,metadata,
prot-198990--61,62,19,,,metadata,
prot-198990--61,62,20,,,metadata,
prot-198990--61,63,0,,,metadata,
prot-198990--61,63,1,,,metadata,
prot-198990--61,63,2,,,metadata,
prot-198990--61,63,3,,,metadata,
prot-198990--61,63,4,,,metadata,
prot-198990--61,63,5,,,metadata,
prot-198990--61,63,6,,,metadata,
prot-198990--61,63,7,,,metadata,
prot-198990--61,63,8,,,metadata,
prot-198990--61,63,9,,,metadata,
prot-198990--61,63,10,,,metadata,
prot-198990--61,63,11,,,metadata,
prot-198990--61,63,12,,,metadata,
prot-198990--61,63,13,,,metadata,
prot-198990--61,63,14,,,metadata,
prot-198990--61,63,15,,,metadata,
prot-198990--61,63,16,,,metadata,
prot-198990--61,63,17,,,metadata,
prot-198990--61,63,18,,,metadata,
prot-198990--61,63,19,,,metadata,
prot-198990--61,63,20,,,metadata,
prot-198990--61,63,21,,,metadata,
prot-198990--61,64,1,,,metadata,
prot-198990--61,64,2,,,metadata,
prot-198990--61,64,3,,,metadata,
prot-198990--61,64,4,,,metadata,
prot-198990--61,64,5,,,metadata,
prot-198990--61,64,6,,,metadata,
prot-198990--61,64,7,,,metadata,
prot-198990--61,64,10,,,metadata,
prot-198990--61,64,11,,,metadata,
prot-198990--61,64,12,,,metadata,
prot-198990--61,64,13,,,metadata,
prot-198990--61,64,14,,,metadata,
prot-198990--61,64,15,,,metadata,
prot-198990--61,64,16,,,metadata,
prot-198990--61,64,17,,,metadata,
prot-198990--61,64,18,,,metadata,
prot-198990--61,64,19,,,metadata,
prot-198990--61,64,20,,,metadata,
prot-198990--61,64,21,,,metadata,
prot-198990--61,64,22,,,metadata,
prot-198990--61,64,23,,,metadata,
prot-198990--61,65,0,,,metadata,
prot-198990--61,65,1,,,metadata,
prot-198990--61,65,3,,,metadata,
prot-198990--61,65,4,,,metadata,
prot-198990--61,65,5,,,metadata,
prot-198990--61,65,6,,,metadata,
prot-198990--61,65,7,,,metadata,
prot-198990--61,65,8,,,metadata,
prot-198990--61,65,11,,,metadata,
prot-198990--61,65,12,,,metadata,
prot-198990--61,65,13,,,metadata,
prot-198990--61,65,14,,,metadata,
prot-198990--61,65,15,,,metadata,
prot-198990--61,65,17,,,metadata,
prot-198990--61,65,18,,,metadata,
prot-198990--61,66,1,,,metadata,
prot-198990--61,66,2,,,metadata,
prot-198990--61,66,3,,,metadata,
prot-198990--61,66,4,,,metadata,
prot-198990--61,66,5,,,metadata,
prot-198990--61,66,6,,,metadata,
prot-198990--61,66,7,,,metadata,
prot-198990--61,66,8,,,metadata,
prot-198990--61,66,9,,,metadata,
prot-198990--61,66,11,,,metadata,
prot-198990--61,66,12,,,metadata,
prot-198990--61,66,13,,,metadata,
prot-198990--61,66,14,,,metadata,
prot-198990--61,66,15,,,metadata,
prot-198990--61,66,16,,,metadata,
prot-198990--61,66,17,,,metadata,
prot-198990--61,66,18,,,metadata,
prot-198990--61,66,19,,,metadata,
prot-198990--61,67,0,,,metadata,
prot-198990--61,67,2,,,metadata,
prot-198990--61,67,4,,,metadata,
prot-198990--61,67,5,,,metadata,
prot-198990--61,67,6,,,metadata,
prot-198990--61,67,7,,,metadata,
prot-198990--61,67,8,,,metadata,
prot-198990--61,67,9,,,metadata,
prot-198990--61,67,10,,,metadata,
prot-198990--61,67,11,,,metadata,
prot-198990--61,67,13,,,metadata,
prot-198990--61,67,15,,,metadata,
prot-198990--61,67,16,,,metadata,
prot-198990--61,67,17,,,metadata,
prot-198990--61,67,18,,,metadata,
prot-198990--61,67,19,,,metadata,
prot-198990--61,68,1,,,metadata,
prot-198990--61,68,2,,,metadata,
prot-198990--61,68,3,,,metadata,
prot-198990--61,68,4,,,metadata,
prot-198990--61,68,5,,,metadata,
prot-198990--61,68,6,,,metadata,
prot-198990--61,68,7,,,metadata,
prot-198990--61,68,8,,,metadata,
prot-198990--61,68,9,,,metadata,
prot-198990--61,68,10,,,metadata,
prot-198990--61,68,11,,,metadata,
prot-198990--61,68,13,,,metadata,
prot-198990--61,68,14,,,metadata,
prot-198990--61,68,15,,,metadata,
prot-198990--61,68,17,,,metadata,
prot-198990--61,68,18,,,metadata,
prot-198990--61,68,19,,,metadata,
prot-198990--61,69,0,,,metadata,
prot-198990--61,69,1,,,metadata,
prot-198990--61,69,2,,,metadata,
prot-198990--61,69,3,,,metadata,
prot-198990--61,69,4,,,metadata,
prot-198990--61,69,5,,,metadata,
prot-198990--61,69,6,,,metadata,
prot-198990--61,69,9,,,metadata,
prot-198990--61,69,10,,,metadata,
prot-198990--61,69,12,,,metadata,
prot-198990--61,69,13,,,metadata,
prot-198990--61,69,14,,,metadata,
prot-198990--61,69,15,,,metadata,
prot-198990--61,69,16,,,metadata,
prot-198990--61,69,17,,,metadata,
prot-198990--61,70,1,,,metadata,
prot-198990--61,70,2,,,metadata,
prot-198990--61,70,3,,,metadata,
prot-198990--61,70,4,,,metadata,
prot-198990--61,70,5,,,metadata,
prot-198990--61,70,6,,,metadata,
prot-198990--61,70,7,,,metadata,
prot-198990--61,70,8,,,metadata,
prot-198990--61,70,9,,,metadata,
prot-198990--61,70,10,,,metadata,
prot-198990--61,70,11,,,metadata,
prot-198990--61,70,12,,,metadata,
prot-198990--61,70,13,,,metadata,
prot-198990--61,70,14,,,metadata,
prot-198990--61,70,16,,,metadata,
prot-198990--61,70,17,,,metadata,
prot-198990--61,70,18,,,metadata,
prot-198990--61,70,19,,,metadata,
prot-198990--61,70,20,,,metadata,
prot-198990--61,70,21,,,metadata,
prot-198990--61,71,0,,,metadata,
prot-198990--61,71,1,,,metadata,
prot-198990--61,71,2,,,metadata,
prot-198990--61,71,3,,,metadata,
prot-198990--61,71,4,,,metadata,
prot-198990--61,71,5,,,metadata,
prot-198990--61,71,6,,,metadata,
prot-198990--61,71,7,,,metadata,
prot-198990--61,71,8,,,metadata,
prot-198990--61,71,9,,,metadata,
prot-198990--61,71,10,,,metadata,
prot-198990--61,71,11,,,metadata,
prot-198990--61,71,12,,,metadata,
prot-198990--61,71,13,,,metadata,
prot-198990--61,71,14,,,metadata,
prot-198990--61,71,15,,,metadata,
prot-198990--61,71,16,,,metadata,
prot-198990--61,71,17,,,metadata,
prot-198990--61,71,18,,,metadata,
prot-198990--61,72,1,,,metadata,
prot-198990--61,72,2,,,metadata,
prot-198990--61,72,3,,,metadata,
prot-198990--61,72,4,,,metadata,
prot-198990--61,72,5,,,metadata,
prot-198990--61,72,6,,,metadata,
prot-198990--61,72,7,,,metadata,
prot-198990--61,72,9,,,metadata,
prot-198990--61,72,10,,,metadata,
prot-198990--61,72,11,,,metadata,
prot-198990--61,72,12,,,metadata,
prot-198990--61,72,13,,,metadata,
prot-198990--61,72,14,,,metadata,
prot-198990--61,72,15,,,metadata,
prot-198990--61,72,16,,,metadata,
prot-198990--61,72,17,,,metadata,
prot-198990--61,72,18,,,metadata,
prot-198990--61,72,19,,,metadata,
prot-198990--61,73,0,,,metadata,
prot-198990--61,73,2,,,metadata,
prot-198990--61,73,3,,,metadata,
prot-198990--61,73,4,,,metadata,
prot-198990--61,73,5,,,metadata,
prot-198990--61,73,6,,,metadata,
prot-198990--61,73,7,,,metadata,
prot-198990--61,73,8,,,metadata,
prot-198990--61,73,9,,,metadata,
prot-198990--61,73,10,,,metadata,
prot-198990--61,73,11,,,metadata,
prot-198990--61,73,12,,,metadata,
prot-198990--61,73,13,,,metadata,
prot-198990--61,73,14,,,metadata,
prot-198990--61,73,15,,,metadata,
prot-198990--61,73,16,,,metadata,
prot-198990--61,73,17,,,metadata,
prot-198990--61,73,18,,,metadata,
prot-198990--61,74,1,,,metadata,
prot-198990--61,74,2,,,metadata,
prot-198990--61,74,3,,,metadata,
prot-198990--61,74,4,,,metadata,
prot-198990--61,74,5,,,metadata,
prot-198990--61,74,6,,,metadata,
prot-198990--61,74,7,,,metadata,
prot-198990--61,74,8,,,metadata,
prot-198990--61,74,9,,,metadata,
prot-198990--61,74,10,,,metadata,
prot-198990--61,74,12,,,metadata,
prot-198990--61,74,13,,,metadata,
prot-198990--61,74,14,,,metadata,
prot-198990--61,74,15,,,metadata,
prot-198990--61,74,16,,,metadata,
prot-198990--61,74,17,,,metadata,
prot-198990--61,74,18,,,metadata,
prot-198990--61,74,19,,,metadata,
prot-198990--61,75,0,,,metadata,
prot-198990--61,75,3,,,metadata,
prot-198990--61,75,5,,,metadata,
prot-198990--61,75,6,,,metadata,
prot-198990--61,75,7,,,metadata,
prot-198990--61,75,8,,,metadata,
prot-198990--61,75,9,,,metadata,
prot-198990--61,75,10,,,metadata,
prot-198990--61,75,11,,,metadata,
prot-198990--61,75,12,,,metadata,
prot-198990--61,75,14,,,metadata,
prot-198990--61,75,15,,,metadata,
prot-198990--61,75,16,,,metadata,
prot-198990--61,75,17,,,metadata,
prot-198990--61,75,18,,,metadata,
prot-198990--61,75,20,,,metadata,
prot-198990--61,76,1,,,metadata,
prot-198990--61,76,2,,,metadata,
prot-198990--61,76,3,,,metadata,
prot-198990--61,76,4,,,metadata,
prot-198990--61,76,5,,,metadata,
prot-198990--61,76,7,,,metadata,
prot-198990--61,76,8,,,metadata,
prot-198990--61,76,9,,,metadata,
prot-198990--61,76,10,,,metadata,
prot-198990--61,76,11,,,metadata,
prot-198990--61,76,12,,,metadata,
prot-198990--61,76,13,,,metadata,
prot-198990--61,76,14,,,metadata,
prot-198990--61,76,15,,,metadata,
prot-198990--61,76,16,,,metadata,
prot-198990--61,76,18,,,metadata,
prot-198990--61,76,19,,,metadata,
prot-198990--61,76,20,,,metadata,
prot-198990--61,76,21,,,metadata,
prot-198990--61,76,22,,,metadata,
prot-198990--61,76,23,,,metadata,
prot-198990--61,77,0,,,metadata,
prot-198990--61,77,1,,,metadata,
prot-198990--61,77,2,,,metadata,
prot-198990--61,77,3,,,metadata,
prot-198990--61,77,4,,,metadata,
prot-198990--61,77,5,,,metadata,
prot-198990--61,77,6,,,metadata,
prot-198990--61,77,7,,,metadata,
prot-198990--61,77,8,,,metadata,
prot-198990--61,77,9,,,metadata,
prot-198990--61,77,10,,,metadata,
prot-198990--61,77,11,,,metadata,
prot-198990--61,77,12,,,metadata,
prot-198990--61,77,13,,,metadata,
prot-198990--61,77,14,,,metadata,
prot-198990--61,77,15,,,metadata,
prot-198990--61,77,16,,,metadata,
prot-198990--61,77,17,,,metadata,
prot-198990--61,77,18,,,metadata,
prot-198990--61,77,19,,,metadata,
prot-198990--61,77,20,,,metadata,
prot-198990--61,77,21,,,metadata,
prot-198990--61,78,1,,,metadata,
prot-198990--61,78,2,,,metadata,
prot-198990--61,78,3,,,metadata,
prot-198990--61,78,4,,,metadata,
prot-198990--61,78,5,,,metadata,
prot-198990--61,78,6,,,metadata,
prot-198990--61,78,7,,,metadata,
prot-198990--61,78,8,,,metadata,
prot-198990--61,78,9,,,metadata,
prot-198990--61,78,10,,,metadata,
prot-198990--61,78,11,,,metadata,
prot-198990--61,78,12,,,metadata,
prot-198990--61,78,13,,,metadata,
prot-198990--61,78,14,,,metadata,
prot-198990--61,78,15,,,metadata,
prot-198990--61,78,16,,,metadata,
prot-198990--61,78,17,,,metadata,
prot-198990--61,78,18,,,metadata,
prot-198990--61,78,19,,,metadata,
prot-198990--61,78,21,,,metadata,
prot-198990--61,79,0,,,metadata,
prot-198990--61,79,1,,,metadata,
prot-198990--61,79,2,,,metadata,
prot-198990--61,79,3,,,metadata,
prot-198990--61,79,4,,,metadata,
prot-198990--61,79,5,,,metadata,
prot-198990--61,79,6,,,metadata,
prot-198990--61,79,7,,,metadata,
prot-198990--61,79,9,,,metadata,
prot-198990--61,79,10,,,metadata,
prot-198990--61,79,11,,,metadata,
prot-198990--61,79,12,,,metadata,
prot-198990--61,79,13,,,metadata,
prot-198990--61,79,14,,,metadata,
prot-198990--61,79,15,,,metadata,
prot-198990--61,79,17,,,metadata,
prot-198990--61,79,18,,,metadata,
prot-198990--61,80,1,,,metadata,
prot-198990--61,80,2,,,metadata,
prot-198990--61,80,3,,,metadata,
prot-198990--61,80,4,,,metadata,
prot-198990--61,80,6,,,metadata,
prot-198990--61,80,7,,,metadata,
prot-198990--61,80,8,,,metadata,
prot-198990--61,80,9,,,metadata,
prot-198990--61,80,10,,,metadata,
prot-198990--61,80,11,,,metadata,
prot-198990--61,80,12,,,metadata,
prot-198990--61,80,13,,,metadata,
prot-198990--61,80,14,,,metadata,
prot-198990--61,80,15,,,metadata,
prot-198990--61,80,16,,,metadata,
prot-198990--61,80,18,,,metadata,
prot-198990--61,80,19,,,metadata,
prot-198990--61,81,0,,,metadata,
prot-198990--61,81,1,,,metadata,
prot-198990--61,81,2,,,metadata,
prot-198990--61,81,3,,,metadata,
prot-198990--61,81,4,,,metadata,
prot-198990--61,81,5,,,metadata,
prot-198990--61,81,6,,,metadata,
prot-198990--61,81,7,,,metadata,
prot-198990--61,81,8,,,metadata,
prot-198990--61,81,9,,,metadata,
prot-198990--61,81,10,,,metadata,
prot-198990--61,81,11,,,metadata,
prot-198990--61,81,12,,,metadata,
prot-198990--61,81,13,,,metadata,
prot-198990--61,81,14,,,metadata,
prot-198990--61,81,15,,,metadata,
prot-198990--61,81,16,,,metadata,
prot-198990--61,81,19,,,metadata,
prot-198990--61,81,21,,,metadata,
prot-198990--61,81,23,,,metadata,
prot-198990--61,82,1,,,metadata,
prot-198990--61,82,2,,,metadata,
prot-198990--61,82,3,,,metadata,
prot-198990--61,82,4,,,metadata,
prot-198990--61,82,5,,,metadata,
prot-198990--61,82,6,,,metadata,
prot-198990--61,82,7,,,metadata,
prot-198990--61,82,8,,,metadata,
prot-198990--61,82,9,,,metadata,
prot-198990--61,82,10,,,metadata,
prot-198990--61,82,11,,,metadata,
prot-198990--61,82,12,,,metadata,
prot-198990--61,82,13,,,metadata,
prot-198990--61,82,14,,,metadata,
prot-198990--61,82,15,,,metadata,
prot-198990--61,82,16,,,metadata,
prot-198990--61,82,17,,,metadata,
prot-198990--61,82,18,,,metadata,
prot-198990--61,82,19,,,metadata,
prot-198990--61,82,20,,,metadata,
prot-198990--61,82,21,,,metadata,
prot-198990--61,83,0,,,metadata,
prot-198990--61,83,1,,,metadata,
prot-198990--61,83,2,,,metadata,
prot-198990--61,83,3,,,metadata,
prot-198990--61,83,4,,,metadata,
prot-198990--61,83,5,,,metadata,
prot-198990--61,83,6,,,metadata,
prot-198990--61,83,7,,,metadata,
prot-198990--61,83,8,,,metadata,
prot-198990--61,83,9,,,metadata,
prot-198990--61,83,10,,,metadata,
prot-198990--61,83,11,,,metadata,
prot-198990--61,83,12,,,metadata,
prot-198990--61,83,14,,,metadata,
prot-198990--61,83,15,,,metadata,
prot-198990--61,83,16,,,metadata,
prot-198990--61,83,17,,,metadata,
prot-198990--61,83,18,,,metadata,
prot-198990--61,84,1,,,metadata,
prot-198990--61,84,2,,,metadata,
prot-198990--61,84,3,,,metadata,
prot-198990--61,84,4,,,metadata,
prot-198990--61,84,5,,,metadata,
prot-198990--61,84,7,,,metadata,
prot-198990--61,84,8,,,metadata,
prot-198990--61,84,10,,,metadata,
prot-198990--61,84,11,,,metadata,
prot-198990--61,84,12,,,metadata,
prot-198990--61,84,13,,,metadata,
prot-198990--61,84,14,,,metadata,
prot-198990--61,84,15,,,metadata,
prot-198990--61,84,16,,,metadata,
prot-198990--61,84,17,,,metadata,
prot-198990--61,84,18,,,metadata,
prot-198990--61,84,19,,,metadata,
prot-198990--61,84,20,,,metadata,
prot-198990--61,85,1,,,metadata,
prot-198990--61,85,2,,,metadata,
prot-198990--61,85,3,,,metadata,
prot-198990--61,85,4,,,metadata,
prot-198990--61,85,5,,,metadata,
prot-198990--61,85,6,,,metadata,
prot-198990--61,85,7,,,metadata,
prot-198990--61,85,8,,,metadata,
prot-198990--61,85,9,,,metadata,
prot-198990--61,85,10,,,metadata,
prot-198990--61,85,11,,,metadata,
prot-198990--61,85,12,,,metadata,
prot-198990--61,85,13,,,metadata,
prot-198990--61,85,14,,,metadata,
prot-198990--61,85,15,,,metadata,
prot-198990--61,85,16,,,metadata,
prot-198990--61,85,17,,,metadata,
prot-198990--61,85,18,,,metadata,
prot-198990--61,85,19,,,metadata,
prot-198990--61,85,20,,,metadata,
prot-198990--61,85,21,,,metadata,
prot-198990--61,86,1,,,metadata,
prot-198990--61,86,2,,,metadata,
prot-198990--61,86,3,,,metadata,
prot-198990--61,86,4,,,metadata,
prot-198990--61,86,5,,,metadata,
prot-198990--61,86,6,,,metadata,
prot-198990--61,86,7,,,metadata,
prot-198990--61,86,8,,,metadata,
prot-198990--61,86,9,,,metadata,
prot-198990--61,86,10,,,metadata,
prot-198990--61,86,11,,,metadata,
prot-198990--61,86,12,,,metadata,
prot-198990--61,86,13,,,metadata,
prot-198990--61,86,14,,,metadata,
prot-198990--61,86,15,,,metadata,
prot-198990--61,86,16,,,metadata,
prot-198990--61,86,17,,,metadata,
prot-198990--61,86,18,,,metadata,
prot-198990--61,86,19,,,metadata,
prot-198990--61,86,20,,,metadata,
prot-198990--61,87,0,,,metadata,
prot-198990--61,87,1,,,metadata,
prot-198990--61,87,2,,,metadata,
prot-198990--61,87,3,,,metadata,
prot-198990--61,87,4,,,metadata,
prot-198990--61,87,5,,,metadata,
prot-198990--61,87,6,,,metadata,
prot-198990--61,87,7,,,metadata,
prot-198990--61,87,8,,,metadata,
prot-198990--61,87,9,,,metadata,
prot-198990--61,87,10,,,metadata,
prot-198990--61,87,11,,,metadata,
prot-198990--61,87,12,,,metadata,
prot-198990--61,87,13,,,metadata,
prot-198990--61,87,14,,,metadata,
prot-198990--61,87,15,,,metadata,
prot-198990--61,87,16,,,metadata,
prot-198990--61,87,17,,,metadata,
prot-198990--61,87,18,,,metadata,
prot-198990--61,87,19,,,metadata,
prot-198990--61,87,20,,,metadata,
prot-198990--61,87,21,,,metadata,
prot-198990--61,88,1,,,metadata,
prot-198990--61,88,2,,,metadata,
prot-198990--61,88,3,,,metadata,
prot-198990--61,88,4,,,metadata,
prot-198990--61,88,5,,,metadata,
prot-198990--61,88,6,,,metadata,
prot-198990--61,88,7,,,metadata,
prot-198990--61,88,8,,,metadata,
prot-198990--61,88,9,,,metadata,
prot-198990--61,88,10,,,metadata,
prot-198990--61,88,11,,,metadata,
prot-198990--61,88,12,,,metadata,
prot-198990--61,88,13,,,metadata,
prot-198990--61,88,14,,,metadata,
prot-198990--61,88,15,,,metadata,
prot-198990--61,88,16,,,metadata,
prot-198990--61,88,17,,,metadata,
prot-198990--61,88,18,,,metadata,
prot-198990--61,88,19,,,metadata,
prot-198990--61,88,20,,,metadata,
prot-198990--61,88,21,,,metadata,
prot-198990--61,88,22,,,metadata,
prot-198990--61,89,0,,,metadata,
prot-198990--61,89,1,,,metadata,
prot-198990--61,89,3,,,metadata,
prot-198990--61,89,4,,,metadata,
prot-198990--61,89,5,,,metadata,
prot-198990--61,89,6,,,metadata,
prot-198990--61,89,7,,,metadata,
prot-198990--61,89,8,,,metadata,
prot-198990--61,89,9,,,metadata,
prot-198990--61,89,10,,,metadata,
prot-198990--61,89,11,,,metadata,
prot-198990--61,89,12,,,metadata,
prot-198990--61,89,13,,,metadata,
prot-198990--61,89,14,,,metadata,
prot-198990--61,89,16,,,metadata,
prot-198990--61,89,17,,,metadata,
prot-198990--61,89,18,,,metadata,
prot-198990--61,89,19,,,metadata,
prot-198990--61,89,20,,,metadata,
prot-198990--61,90,1,,,metadata,
prot-198990--61,90,2,,,metadata,
prot-198990--61,90,3,,,metadata,
prot-198990--61,90,4,,,metadata,
prot-198990--61,90,5,,,metadata,
prot-198990--61,90,6,,,metadata,
prot-198990--61,90,7,,,metadata,
prot-198990--61,90,8,,,metadata,
prot-198990--61,90,9,,,metadata,
prot-198990--61,90,10,,,metadata,
prot-198990--61,90,11,,,metadata,
prot-198990--61,90,12,,,metadata,
prot-198990--61,90,13,,,metadata,
prot-198990--61,90,14,,,metadata,
prot-198990--61,90,15,,,metadata,
prot-198990--61,90,16,,,metadata,
prot-198990--61,90,18,,,metadata,
prot-198990--61,90,19,,,metadata,
prot-198990--61,90,20,,,metadata,
prot-198990--61,90,21,,,metadata,
prot-198990--61,90,22,,,metadata,
prot-198990--61,91,0,,,metadata,
prot-198990--61,91,1,,,metadata,
prot-198990--61,91,2,,,metadata,
prot-198990--61,91,3,,,metadata,
prot-198990--61,91,4,,,metadata,
prot-198990--61,91,5,,,metadata,
prot-198990--61,91,7,,,metadata,
prot-198990--61,91,8,,,metadata,
prot-198990--61,91,9,,,metadata,
prot-198990--61,91,10,,,metadata,
prot-198990--61,91,11,,,metadata,
prot-198990--61,91,12,,,metadata,
prot-198990--61,91,13,,,metadata,
prot-198990--61,91,14,,,metadata,
prot-198990--61,91,16,,,metadata,
prot-198990--61,91,17,,,metadata,
prot-198990--61,91,18,,,metadata,
prot-198990--61,91,19,,,metadata,
prot-198990--61,91,20,,,metadata,
prot-198990--61,91,21,,,metadata,
prot-198990--61,92,1,,,metadata,
prot-198990--61,92,2,,,metadata,
prot-198990--61,92,3,,,metadata,
prot-198990--61,92,4,,,metadata,
prot-198990--61,92,5,,,metadata,
prot-198990--61,92,7,,,metadata,
prot-198990--61,92,8,,,metadata,
prot-198990--61,92,9,,,metadata,
prot-198990--61,92,10,,,metadata,
prot-198990--61,92,11,,,metadata,
prot-198990--61,92,12,,,metadata,
prot-198990--61,92,13,,,metadata,
prot-198990--61,92,14,,,metadata,
prot-198990--61,92,15,,,metadata,
prot-198990--61,93,0,,,metadata,
prot-198990--61,93,1,,,metadata,
prot-198990--61,93,2,,,metadata,
prot-198990--61,93,3,,,metadata,
prot-198990--61,93,4,,,metadata,
prot-198990--61,93,5,,,metadata,
prot-198990--61,93,7,,,metadata,
prot-198990--61,93,8,,,metadata,
prot-198990--61,93,9,,,metadata,
prot-198990--61,93,10,,,metadata,
prot-198990--61,93,11,,,metadata,
prot-198990--61,93,12,,,metadata,
prot-198990--61,93,13,,,metadata,
prot-198990--61,93,16,,,metadata,
prot-198990--61,93,17,,,metadata,
prot-198990--61,93,18,,,metadata,
prot-198990--61,94,1,,,metadata,
prot-198990--61,94,3,,,metadata,
prot-198990--61,94,4,,,metadata,
prot-198990--61,94,5,,,metadata,
prot-198990--61,94,6,,,metadata,
prot-198990--61,94,7,,,metadata,
prot-198990--61,94,8,,,metadata,
prot-198990--61,94,10,,,metadata,
prot-198990--61,94,11,,,metadata,
prot-198990--61,94,12,,,metadata,
prot-198990--61,94,13,,,metadata,
prot-198990--61,94,14,,,metadata,
prot-198990--61,94,15,,,metadata,
prot-198990--61,94,16,,,metadata,
prot-198990--61,94,17,,,metadata,
prot-198990--61,94,18,,,metadata,
prot-198990--61,94,19,,,metadata,
prot-198990--61,94,20,,,metadata,
prot-198990--61,94,21,,,metadata,
prot-198990--61,95,0,,,metadata,
prot-198990--61,95,1,,,metadata,
prot-198990--61,95,2,,,metadata,
prot-198990--61,95,3,,,metadata,
prot-198990--61,95,4,,,metadata,
prot-198990--61,95,5,,,metadata,
prot-198990--61,95,6,,,metadata,
prot-198990--61,95,7,,,metadata,
prot-198990--61,95,8,,,metadata,
prot-198990--61,95,9,,,metadata,
prot-198990--61,95,10,,,metadata,
prot-198990--61,95,11,,,metadata,
prot-198990--61,95,12,,,metadata,
prot-198990--61,95,13,,,metadata,
prot-198990--61,95,14,,,metadata,
prot-198990--61,95,16,,,metadata,
prot-198990--61,95,17,,,metadata,
prot-198990--61,95,18,,,metadata,
prot-198990--61,95,19,,,metadata,
prot-198990--61,96,1,,,metadata,
prot-198990--61,96,2,,,metadata,
prot-198990--61,96,3,,,metadata,
prot-198990--61,96,4,,,metadata,
prot-198990--61,96,5,,,metadata,
prot-198990--61,96,6,,,metadata,
prot-198990--61,96,7,,,metadata,
prot-198990--61,96,8,,,metadata,
prot-198990--61,96,9,,,metadata,
prot-198990--61,96,10,,,metadata,
prot-198990--61,96,11,,,metadata,
prot-198990--61,96,13,,,metadata,
prot-198990--61,96,14,,,metadata,
prot-198990--61,96,16,,,metadata,
prot-198990--61,96,17,,,metadata,
prot-198990--61,97,0,,,metadata,
prot-198990--61,97,1,,,metadata,
prot-198990--61,97,2,,,metadata,
prot-198990--61,97,3,,,metadata,
prot-198990--61,97,4,,,metadata,
prot-198990--61,97,5,,,metadata,
prot-198990--61,97,6,,,metadata,
prot-198990--61,97,8,,,metadata,
prot-198990--61,97,10,,,metadata,
prot-198990--61,97,11,,,metadata,
prot-198990--61,97,12,,,metadata,
prot-198990--61,97,15,,,metadata,
prot-198990--61,97,16,,,metadata,
prot-198990--61,97,17,,,metadata,
prot-198990--61,97,18,,,metadata,
prot-198990--61,97,19,,,metadata,
prot-198990--61,97,20,,,metadata,
prot-198990--61,97,21,,,metadata,
prot-198990--61,98,2,,,metadata,
prot-198990--61,98,3,,,metadata,
prot-198990--61,98,4,,,metadata,
prot-198990--61,98,5,,,metadata,
prot-198990--61,98,6,,,metadata,
prot-198990--61,98,7,,,metadata,
prot-198990--61,98,8,,,metadata,
prot-198990--61,98,9,,,metadata,
prot-198990--61,98,10,,,metadata,
prot-198990--61,98,12,,,metadata,
prot-198990--61,98,13,,,metadata,
prot-198990--61,98,14,,,metadata,
prot-198990--61,98,15,,,metadata,
prot-198990--61,98,16,,,metadata,
prot-198990--61,98,17,,,metadata,
prot-198990--61,98,18,,,metadata,
prot-198990--61,98,19,,,metadata,
prot-198990--61,99,1,,,metadata,
prot-198990--61,99,3,,,metadata,
prot-198990--61,99,4,,,metadata,
prot-198990--61,99,7,,,metadata,
prot-198990--61,99,8,,,metadata,
prot-198990--61,99,9,,,metadata,
prot-198990--61,99,10,,,metadata,
prot-198990--61,99,11,,,metadata,
prot-198990--61,99,12,,,metadata,
prot-198990--61,99,13,,,metadata,
prot-198990--61,99,14,,,metadata,
prot-198990--61,99,15,,,metadata,
prot-198990--61,99,16,,,metadata,
prot-198990--61,99,17,,,metadata,
prot-198990--61,99,18,,,metadata,
prot-198990--61,100,2,,,metadata,
prot-198990--61,100,3,,,metadata,
prot-198990--61,100,4,,,metadata,
prot-198990--61,100,5,,,metadata,
prot-198990--61,100,6,,,metadata,
prot-198990--61,100,8,,,metadata,
prot-198990--61,100,9,,,metadata,
prot-198990--61,100,11,,,metadata,
prot-198990--61,100,12,,,metadata,
prot-198990--61,100,14,,,metadata,
prot-198990--61,100,15,,,metadata,
prot-198990--61,100,17,,,metadata,
prot-198990--61,100,18,,,metadata,
prot-198990--61,100,19,,,metadata,
prot-198990--61,100,20,,,metadata,
prot-198990--61,100,21,,,metadata,
prot-198990--61,101,0,,,metadata,
prot-198990--61,101,1,,,metadata,
prot-198990--61,101,2,,,metadata,
prot-198990--61,101,3,,,metadata,
prot-198990--61,101,4,,,metadata,
prot-198990--61,101,5,,,metadata,
prot-198990--61,101,6,,,metadata,
prot-198990--61,101,7,,,metadata,
prot-198990--61,101,8,,,metadata,
prot-198990--61,101,9,,,metadata,
prot-198990--61,101,10,,,metadata,
prot-198990--61,101,11,,,metadata,
prot-198990--61,101,12,,,metadata,
prot-198990--61,101,13,,,metadata,
prot-198990--61,101,14,,,metadata,
prot-198990--61,101,15,,,metadata,
prot-198990--61,101,16,,,metadata,
prot-198990--61,101,17,,,metadata,
prot-198990--61,101,18,,,metadata,
prot-198990--61,102,1,,,metadata,
prot-198990--61,102,3,,,metadata,
prot-198990--61,102,4,,,metadata,
prot-198990--61,102,5,,,metadata,
prot-198990--61,102,6,,,metadata,
prot-198990--61,102,8,,,metadata,
prot-198990--61,102,9,,,metadata,
prot-198990--61,102,10,,,metadata,
prot-198990--61,102,11,,,metadata,
prot-198990--61,102,12,,,metadata,
prot-198990--61,102,13,,,metadata,
prot-198990--61,102,14,,,metadata,
prot-198990--61,102,15,,,metadata,
prot-198990--61,102,16,,,metadata,
prot-198990--61,102,17,,,metadata,
prot-198990--61,102,18,,,metadata,
prot-198990--61,103,0,,,metadata,
prot-198990--61,103,2,,,metadata,
prot-198990--61,103,3,,,metadata,
prot-198990--61,103,4,,,metadata,
prot-198990--61,103,5,,,metadata,
prot-198990--61,103,6,,,metadata,
prot-198990--61,103,7,,,metadata,
prot-198990--61,103,8,,,metadata,
prot-198990--61,103,9,,,metadata,
prot-198990--61,103,10,,,metadata,
prot-198990--61,103,11,,,metadata,
prot-198990--61,103,12,,,metadata,
prot-198990--61,103,13,,,metadata,
prot-198990--61,103,14,,,metadata,
prot-198990--61,103,15,,,metadata,
prot-198990--61,103,16,,,metadata,
prot-198990--61,103,17,,,metadata,
prot-198990--61,103,18,,,metadata,
prot-198990--61,104,1,,,metadata,
prot-198990--61,104,2,,,metadata,
prot-198990--61,104,3,,,metadata,
prot-198990--61,104,4,,,metadata,
prot-198990--61,104,5,,,metadata,
prot-198990--61,104,6,,,metadata,
prot-198990--61,104,7,,,metadata,
prot-198990--61,104,8,,,metadata,
prot-198990--61,104,9,,,metadata,
prot-198990--61,104,10,,,metadata,
prot-198990--61,104,11,,,metadata,
prot-198990--61,104,12,,,metadata,
prot-198990--61,104,13,,,metadata,
prot-198990--61,104,14,,,metadata,
prot-198990--61,104,15,,,metadata,
prot-198990--61,104,16,,,metadata,
prot-198990--61,104,17,,,metadata,
prot-198990--61,104,18,,,metadata,
prot-198990--61,104,19,,,metadata,
prot-198990--61,104,21,,,metadata,
prot-198990--61,104,22,,,metadata,
prot-198990--61,104,23,,,metadata,
prot-198990--61,105,0,,,metadata,
prot-198990--61,105,1,,,metadata,
prot-198990--61,105,3,,,metadata,
prot-198990--61,105,4,,,metadata,
prot-198990--61,105,5,,,metadata,
prot-198990--61,105,6,,,metadata,
prot-198990--61,105,7,,,metadata,
prot-198990--61,105,8,,,metadata,
prot-198990--61,105,9,,,metadata,
prot-198990--61,105,10,,,metadata,
prot-198990--61,105,11,,,metadata,
prot-198990--61,105,12,,,metadata,
prot-198990--61,105,13,,,metadata,
prot-198990--61,105,14,,,metadata,
prot-198990--61,105,15,,,metadata,
prot-198990--61,105,16,,,metadata,
prot-198990--61,105,17,,,metadata,
prot-198990--61,105,18,,,metadata,
prot-198990--61,105,19,,,metadata,
prot-198990--61,106,1,,,metadata,
prot-198990--61,106,3,,,metadata,
prot-198990--61,106,4,,,metadata,
prot-198990--61,106,5,,,metadata,
prot-198990--61,106,7,,,metadata,
prot-198990--61,106,8,,,metadata,
prot-198990--61,106,10,,,metadata,
prot-198990--61,106,11,,,metadata,
prot-198990--61,106,12,,,metadata,
prot-198990--61,106,13,,,metadata,
prot-198990--61,106,14,,,metadata,
prot-198990--61,106,15,,,metadata,
prot-198990--61,106,17,,,metadata,
prot-198990--61,106,18,,,metadata,
prot-198990--61,106,19,,,metadata,
prot-198990--61,106,20,,,metadata,
prot-198990--61,107,0,,,metadata,
prot-198990--61,107,1,,,metadata,
prot-198990--61,107,2,,,metadata,
prot-198990--61,107,3,,,metadata,
prot-198990--61,107,4,,,metadata,
prot-198990--61,107,5,,,metadata,
prot-198990--61,107,6,,,metadata,
prot-198990--61,107,7,,,metadata,
prot-198990--61,107,8,,,metadata,
prot-198990--61,107,9,,,metadata,
prot-198990--61,107,10,,,metadata,
prot-198990--61,107,11,,,metadata,
prot-198990--61,107,13,,,metadata,
prot-198990--61,107,15,,,metadata,
prot-198990--61,107,16,,,metadata,
prot-198990--61,107,17,,,metadata,
prot-198990--61,107,18,,,metadata,
prot-198990--61,108,1,,,metadata,
prot-198990--61,108,2,,,metadata,
prot-198990--61,108,3,,,metadata,
prot-198990--61,108,4,,,metadata,
prot-198990--61,108,5,,,metadata,
prot-198990--61,108,6,,,metadata,
prot-198990--61,108,7,,,metadata,
prot-198990--61,108,8,,,metadata,
prot-198990--61,108,9,,,metadata,
prot-198990--61,108,10,,,metadata,
prot-198990--61,108,11,,,metadata,
prot-198990--61,108,12,,,metadata,
prot-198990--61,108,13,,,metadata,
prot-198990--61,108,15,,,metadata,
prot-198990--61,108,16,,,metadata,
prot-198990--61,108,17,,,metadata,
prot-198990--61,108,18,,,metadata,
prot-198990--61,108,19,,,metadata,
prot-198990--61,109,0,,,metadata,
prot-198990--61,109,1,,,metadata,
prot-198990--61,109,2,,,metadata,
prot-198990--61,109,3,,,metadata,
prot-198990--61,109,4,,,metadata,
prot-198990--61,109,5,,,metadata,
prot-198990--61,109,6,,,metadata,
prot-198990--61,109,7,,,metadata,
prot-198990--61,109,8,,,metadata,
prot-198990--61,109,9,,,metadata,
prot-198990--61,109,10,,,metadata,
prot-198990--61,109,11,,,metadata,
prot-198990--61,109,12,,,metadata,
prot-198990--61,109,14,,,metadata,
prot-198990--61,109,15,,,metadata,
prot-198990--61,109,16,,,metadata,
prot-198990--61,109,17,,,metadata,
prot-198990--61,109,18,,,metadata,
prot-198990--61,110,1,,,metadata,
prot-198990--61,110,2,,,metadata,
prot-198990--61,110,3,,,metadata,
prot-198990--61,110,4,,,metadata,
prot-198990--61,110,5,,,metadata,
prot-198990--61,110,6,,,metadata,
prot-198990--61,110,7,,,metadata,
prot-198990--61,110,8,,,metadata,
prot-198990--61,110,9,,,metadata,
prot-198990--61,110,10,,,metadata,
prot-198990--61,110,11,,,metadata,
prot-198990--61,110,12,,,metadata,
prot-198990--61,110,13,,,metadata,
prot-198990--61,110,14,,,metadata,
prot-198990--61,110,15,,,metadata,
prot-198990--61,110,16,,,metadata,
prot-198990--61,110,17,,,metadata,
prot-198990--61,110,18,,,metadata,
prot-198990--61,110,19,,,metadata,
prot-198990--61,110,21,,,metadata,
prot-198990--61,111,0,,,metadata,
prot-198990--61,111,1,,,metadata,
prot-198990--61,111,2,,,metadata,
prot-198990--61,111,3,,,metadata,
prot-198990--61,111,4,,,metadata,
prot-198990--61,111,5,,,metadata,
prot-198990--61,111,7,,,metadata,
prot-198990--61,111,8,,,metadata,
prot-198990--61,111,9,,,metadata,
prot-198990--61,111,10,,,metadata,
prot-198990--61,111,11,,,metadata,
prot-198990--61,111,12,,,metadata,
prot-198990--61,111,13,,,metadata,
prot-198990--61,111,14,,,metadata,
prot-198990--61,111,15,,,metadata,
prot-198990--61,111,16,,,metadata,
prot-198990--61,111,17,,,metadata,
prot-198990--61,111,18,,,metadata,
prot-198990--61,111,19,,,metadata,
prot-198990--61,112,1,,,metadata,
prot-198990--61,112,2,,,metadata,
prot-198990--61,112,3,,,metadata,
prot-198990--61,112,4,,,metadata,
prot-198990--61,112,5,,,metadata,
prot-198990--61,112,6,,,metadata,
prot-198990--61,112,7,,,metadata,
prot-198990--61,112,8,,,metadata,
prot-198990--61,112,9,,,metadata,
prot-198990--61,112,10,,,metadata,
prot-198990--61,112,11,,,metadata,
prot-198990--61,112,12,,,metadata,
prot-198990--61,112,13,,,metadata,
prot-198990--61,112,14,,,metadata,
prot-198990--61,112,15,,,metadata,
prot-198990--61,112,16,,,metadata,
prot-198990--61,112,17,,,metadata,
prot-198990--61,112,18,,,metadata,
prot-198990--61,112,19,,,metadata,
prot-198990--61,113,0,,,metadata,
prot-198990--61,113,1,,,metadata,
prot-198990--61,113,2,,,metadata,
prot-198990--61,113,3,,,metadata,
prot-198990--61,113,4,,,metadata,
prot-198990--61,113,5,,,metadata,
prot-198990--61,113,6,,,metadata,
prot-198990--61,113,7,,,metadata,
prot-198990--61,113,8,,,metadata,
prot-198990--61,113,9,,,metadata,
prot-198990--61,113,10,,,metadata,
prot-198990--61,113,11,,,metadata,
prot-198990--61,113,12,,,metadata,
prot-198990--61,113,13,,,metadata,
prot-198990--61,113,14,,,metadata,
prot-198990--61,113,15,,,metadata,
prot-198990--61,113,16,,,metadata,
prot-198990--61,113,17,,,metadata,
prot-198990--61,113,18,,,metadata,
prot-198990--61,113,19,,,metadata,
prot-198990--61,113,20,,,metadata,
prot-198990--61,114,1,,,metadata,
prot-198990--61,114,3,,,metadata,
prot-198990--61,114,4,,,metadata,
prot-198990--61,114,5,,,metadata,
prot-198990--61,114,6,,,metadata,
prot-198990--61,114,7,,,metadata,
prot-198990--61,114,8,,,metadata,
prot-198990--61,114,9,,,metadata,
prot-198990--61,114,10,,,metadata,
prot-198990--61,114,11,,,metadata,
prot-198990--61,114,12,,,metadata,
prot-198990--61,114,13,,,metadata,
prot-198990--61,114,14,,,metadata,
prot-198990--61,114,15,,,metadata,
prot-198990--61,114,16,,,metadata,
prot-198990--61,114,17,,,metadata,
prot-198990--61,114,18,,,metadata,
prot-198990--61,114,19,,,metadata,
prot-198990--61,115,0,,,metadata,
prot-198990--61,115,1,,,metadata,
prot-198990--61,115,3,,,metadata,
prot-198990--61,115,4,,,metadata,
prot-198990--61,115,5,,,metadata,
prot-198990--61,115,6,,,metadata,
prot-198990--61,115,7,,,metadata,
prot-198990--61,115,8,,,metadata,
prot-198990--61,115,9,,,metadata,
prot-198990--61,115,11,,,metadata,
prot-198990--61,115,12,,,metadata,
prot-198990--61,115,13,,,metadata,
prot-198990--61,115,14,,,metadata,
prot-198990--61,115,15,,,metadata,
prot-198990--61,115,16,,,metadata,
prot-198990--61,116,1,,,metadata,
prot-198990--61,116,3,,,metadata,
prot-198990--61,116,4,,,metadata,
prot-198990--61,116,5,,,metadata,
prot-198990--61,116,6,,,metadata,
prot-198990--61,116,7,,,metadata,
prot-198990--61,116,8,,,metadata,
prot-198990--61,116,9,,,metadata,
prot-198990--61,116,10,,,metadata,
prot-198990--61,116,11,,,metadata,
prot-198990--61,116,12,,,metadata,
prot-198990--61,116,13,,,metadata,
prot-198990--61,116,14,,,metadata,
prot-198990--61,116,16,,,metadata,
prot-198990--61,116,18,,,metadata,
prot-198990--61,116,19,,,metadata,
prot-198990--61,117,0,,,metadata,
prot-198990--61,117,1,,,metadata,
prot-198990--61,117,2,,,metadata,
prot-198990--61,117,3,,,metadata,
prot-198990--61,117,4,,,metadata,
prot-198990--61,117,5,,,metadata,
prot-198990--61,117,6,,,metadata,
prot-198990--61,117,7,,,metadata,
prot-198990--61,117,8,,,metadata,
prot-198990--61,117,9,,,metadata,
prot-198990--61,117,11,,,metadata,
prot-198990--61,117,12,,,metadata,
prot-198990--61,117,15,,,metadata,
prot-198990--61,117,16,,,metadata,
prot-198990--61,117,17,,,metadata,
prot-198990--61,117,18,,,metadata,
prot-198990--61,117,19,,,metadata,
prot-198990--61,118,2,,,metadata,
prot-198990--61,118,3,,,metadata,
prot-198990--61,118,4,,,metadata,
prot-198990--61,118,6,,,metadata,
prot-198990--61,118,7,,,metadata,
prot-198990--61,118,8,,,metadata,
prot-198990--61,118,11,,,metadata,
prot-198990--61,118,12,,,metadata,
prot-198990--61,118,13,,,metadata,
prot-198990--61,118,14,,,metadata,
prot-198990--61,118,15,,,metadata,
prot-198990--61,118,16,,,metadata,
prot-198990--61,118,17,,,metadata,
prot-198990--61,118,18,,,metadata,
prot-198990--61,118,19,,,metadata,
prot-198990--61,118,20,,,metadata,
prot-198990--61,119,0,,,metadata,
prot-198990--61,119,1,,,metadata,
prot-198990--61,119,2,,,metadata,
prot-198990--61,119,3,,,metadata,
prot-198990--61,119,4,,,metadata,
prot-198990--61,119,5,,,metadata,
prot-198990--61,119,6,,,metadata,
prot-198990--61,119,7,,,metadata,
prot-198990--61,119,8,,,metadata,
prot-198990--61,119,9,,,metadata,
prot-198990--61,119,10,,,metadata,
prot-198990--61,119,11,,,metadata,
prot-198990--61,119,12,,,metadata,
prot-198990--61,119,13,,,metadata,
prot-198990--61,119,14,,,metadata,
prot-198990--61,119,15,,,metadata,
prot-198990--61,119,16,,,metadata,
prot-198990--61,119,17,,,metadata,
prot-198990--61,119,18,,,metadata,
prot-198990--61,120,1,,,metadata,
prot-198990--61,120,3,,,metadata,
prot-198990--61,120,4,,,metadata,
prot-198990--61,120,5,,,metadata,
prot-198990--61,120,6,,,metadata,
prot-198990--61,120,7,,,metadata,
prot-198990--61,120,8,,,metadata,
prot-198990--61,120,9,,,metadata,
prot-198990--61,120,10,,,metadata,
prot-198990--61,120,12,,,metadata,
prot-198990--61,120,13,,,metadata,
prot-198990--61,120,14,,,metadata,
prot-198990--61,120,15,,,metadata,
prot-198990--61,120,16,,,metadata,
prot-198990--61,120,17,,,metadata,
prot-198990--61,120,18,,,metadata,
prot-198990--61,120,19,,,metadata,
prot-198990--61,120,20,,,metadata,
prot-198990--61,120,21,,,metadata,
prot-198990--61,121,0,,,metadata,
prot-198990--61,121,2,,,metadata,
prot-198990--61,121,3,,,metadata,
prot-198990--61,121,4,,,metadata,
prot-198990--61,121,5,,,metadata,
prot-198990--61,121,6,,,metadata,
prot-198990--61,121,7,,,metadata,
prot-198990--61,121,8,,,metadata,
prot-198990--61,121,9,,,metadata,
prot-198990--61,121,10,,,metadata,
prot-198990--61,121,11,,,metadata,
prot-198990--61,121,12,,,metadata,
prot-198990--61,121,13,,,metadata,
prot-198990--61,121,14,,,metadata,
prot-198990--61,121,15,,,metadata,
prot-198990--61,121,16,,,metadata,
prot-198990--61,121,17,,,metadata,
prot-198990--61,121,18,,,metadata,
prot-198990--61,122,1,,,metadata,
prot-198990--61,122,2,,,metadata,
prot-198990--61,122,3,,,metadata,
prot-198990--61,122,4,,,metadata,
prot-198990--61,122,5,,,metadata,
prot-198990--61,122,6,,,metadata,
prot-198990--61,122,7,,,metadata,
prot-198990--61,122,8,,,metadata,
prot-198990--61,122,9,,,metadata,
prot-198990--61,122,10,,,metadata,
prot-198990--61,122,11,,,metadata,
prot-198990--61,122,12,,,metadata,
prot-198990--61,122,13,,,metadata,
prot-198990--61,122,14,,,metadata,
prot-198990--61,122,15,,,metadata,
prot-198990--61,122,16,,,metadata,
prot-198990--61,122,17,,,metadata,
prot-198990--61,122,18,,,metadata,
prot-198990--61,122,19,,,metadata,
prot-198990--61,122,20,,,metadata,
prot-198990--61,122,21,,,metadata,
prot-198990--61,122,22,,,metadata,
prot-198990--61,123,0,,,metadata,
prot-198990--61,123,2,,,metadata,
prot-198990--61,123,3,,,metadata,
prot-198990--61,123,4,,,metadata,
prot-198990--61,123,5,,,metadata,
prot-198990--61,123,6,,,metadata,
prot-198990--61,123,7,,,metadata,
prot-198990--61,123,8,,,metadata,
prot-198990--61,123,9,,,metadata,
prot-198990--61,123,10,,,metadata,
prot-198990--61,123,11,,,metadata,
prot-198990--61,123,12,,,metadata,
prot-198990--61,123,13,,,metadata,
prot-198990--61,123,14,,,metadata,
prot-198990--61,123,15,,,metadata,
prot-198990--61,123,16,,,metadata,
prot-198990--61,123,17,,,metadata,
prot-198990--61,123,18,,,metadata,
prot-198990--61,123,19,,,metadata,
prot-198990--61,123,20,,,metadata,
prot-198990--61,124,1,,,metadata,
prot-198990--61,124,2,,,metadata,
prot-198990--61,124,3,,,metadata,
prot-198990--61,124,4,,,metadata,
prot-198990--61,124,5,,,metadata,
prot-198990--61,124,6,,,metadata,
prot-198990--61,124,7,,,metadata,
prot-198990--61,124,10,,,metadata,
prot-198990--61,124,11,,,metadata,
prot-198990--61,124,12,,,metadata,
prot-198990--61,124,13,,,metadata,
prot-198990--61,124,14,,,metadata,
prot-198990--61,124,15,,,metadata,
prot-198990--61,124,16,,,metadata,
prot-198990--61,124,17,,,metadata,
prot-198990--61,124,18,,,metadata,
prot-198990--61,124,19,,,metadata,
prot-198990--61,124,20,,,metadata,
prot-198990--61,125,0,,,metadata,
prot-198990--61,125,1,,,metadata,
prot-198990--61,125,3,,,metadata,
prot-198990--61,125,4,,,metadata,
prot-198990--61,125,5,,,metadata,
prot-198990--61,125,6,,,metadata,
prot-198990--61,125,7,,,metadata,
prot-198990--61,125,8,,,metadata,
prot-198990--61,125,9,,,metadata,
prot-198990--61,125,10,,,metadata,
prot-198990--61,125,11,,,metadata,
prot-198990--61,125,13,,,metadata,
prot-198990--61,125,14,,,metadata,
prot-198990--61,125,15,,,metadata,
prot-198990--61,125,16,,,metadata,
prot-198990--61,125,18,,,metadata,
prot-198990--61,125,19,,,metadata,
prot-198990--61,126,1,,,metadata,
prot-198990--61,126,2,,,metadata,
prot-198990--61,126,3,,,metadata,
prot-198990--61,126,4,,,metadata,
prot-198990--61,126,5,,,metadata,
prot-198990--61,126,6,,,metadata,
prot-198990--61,126,7,,,metadata,
prot-198990--61,126,8,,,metadata,
prot-198990--61,126,9,,,metadata,
prot-198990--61,126,10,,,metadata,
prot-198990--61,126,11,,,metadata,
prot-198990--61,126,12,,,metadata,
prot-198990--61,126,13,,,metadata,
prot-198990--61,126,14,,,metadata,
prot-198990--61,126,15,,,metadata,
prot-198990--61,126,16,,,metadata,
prot-198990--61,126,17,,,metadata,
prot-198990--61,126,18,,,metadata,
prot-198990--61,126,19,,,metadata,
prot-198990--61,126,20,,,metadata,
prot-198990--61,126,21,,,metadata,
prot-198990--61,127,0,,,metadata,
prot-198990--61,127,1,,,metadata,
prot-198990--61,127,2,,,metadata,
prot-198990--61,127,3,,,metadata,
prot-198990--61,127,4,,,metadata,
prot-198990--61,127,5,,,metadata,
prot-198990--61,127,6,,,metadata,
prot-198990--61,127,7,,,metadata,
prot-198990--61,127,8,,,metadata,
prot-198990--61,127,9,,,metadata,
prot-198990--61,127,10,,,metadata,
prot-198990--61,127,11,,,metadata,
prot-198990--61,127,12,,,metadata,
prot-198990--61,127,13,,,metadata,
prot-198990--61,127,14,,,metadata,
prot-198990--61,127,15,,,metadata,
prot-198990--61,127,16,,,metadata,
prot-198990--61,127,17,,,metadata,
prot-198990--61,127,18,,,metadata,
prot-198990--61,127,19,,,metadata,
prot-198990--61,128,1,,,metadata,
prot-198990--61,128,2,,,metadata,
prot-198990--61,128,3,,,metadata,
prot-198990--61,128,4,,,metadata,
prot-198990--61,128,5,,,metadata,
prot-198990--61,128,6,,,metadata,
prot-198990--61,128,7,,,metadata,
prot-198990--61,128,8,,,metadata,
prot-198990--61,128,9,,,metadata,
prot-198990--61,128,10,,,metadata,
prot-198990--61,128,11,,,metadata,
prot-198990--61,128,12,,,metadata,
prot-198990--61,128,13,,,metadata,
prot-198990--61,128,14,,,metadata,
prot-198990--61,128,15,,,metadata,
prot-198990--61,128,16,,,metadata,
prot-198990--61,128,17,,,metadata,
prot-198990--61,128,18,,,metadata,
prot-198990--61,128,19,,,metadata,
prot-198990--61,128,20,,,metadata,
prot-198990--61,128,21,,,metadata,
prot-198990--61,128,22,,,metadata,
prot-198990--61,129,0,,,metadata,
prot-198990--61,129,1,,,metadata,
prot-198990--61,129,2,,,metadata,
prot-198990--61,129,3,,,metadata,
prot-198990--61,129,4,,,metadata,
prot-198990--61,129,5,,,metadata,
prot-198990--61,129,6,,,metadata,
prot-198990--61,129,7,,,metadata,
prot-198990--61,129,9,,,metadata,
prot-198990--61,129,10,,,metadata,
prot-198990--61,129,11,,,metadata,
prot-198990--61,129,12,,,metadata,
prot-198990--61,129,13,,,metadata,
prot-198990--61,129,14,,,metadata,
prot-198990--61,129,15,,,metadata,
prot-198990--61,129,16,,,metadata,
prot-198990--61,129,17,,,metadata,
prot-198990--61,129,18,,,metadata,
prot-198990--61,129,19,,,metadata,
prot-198990--61,130,1,,,metadata,
prot-198990--61,130,2,,,metadata,
prot-198990--61,130,3,,,metadata,
prot-198990--61,130,4,,,metadata,
prot-198990--61,130,5,,,metadata,
prot-198990--61,130,7,,,metadata,
prot-198990--61,130,8,,,metadata,
prot-198990--61,130,9,,,metadata,
prot-198990--61,130,10,,,metadata,
prot-198990--61,130,11,,,metadata,
prot-198990--61,130,12,,,metadata,
prot-198990--61,130,13,,,metadata,
prot-198990--61,130,14,,,metadata,
prot-198990--61,130,15,,,metadata,
prot-198990--61,130,16,,,metadata,
prot-198990--61,130,17,,,metadata,
prot-198990--61,130,18,,,metadata,
prot-198990--61,130,19,,,metadata,
prot-198990--61,130,20,,,metadata,
prot-198990--61,131,0,,,metadata,
prot-198990--61,131,1,,,metadata,
prot-198990--61,131,2,,,metadata,
prot-198990--61,131,3,,,metadata,
prot-198990--61,131,4,,,metadata,
prot-198990--61,131,5,,,metadata,
prot-198990--61,131,6,,,metadata,
prot-198990--61,131,7,,,metadata,
prot-198990--61,131,8,,,metadata,
prot-198990--61,131,9,,,metadata,
prot-198990--61,131,10,,,metadata,
prot-198990--61,131,11,,,metadata,
prot-198990--61,131,12,,,metadata,
prot-198990--61,131,13,,,metadata,
prot-198990--61,131,14,,,metadata,
prot-198990--61,131,15,,,metadata,
prot-198990--61,131,16,,,metadata,
prot-198990--61,131,17,,,metadata,
prot-198990--61,131,19,,,metadata,
prot-198990--61,131,20,,,metadata,
prot-198990--61,131,21,,,metadata,
prot-198990--61,132,1,,,metadata,
prot-198990--61,132,2,,,metadata,
prot-198990--61,132,3,,,metadata,
prot-198990--61,132,4,,,metadata,
prot-198990--61,132,5,,,metadata,
prot-198990--61,132,7,,,metadata,
prot-198990--61,132,8,,,metadata,
prot-198990--61,132,9,,,metadata,
prot-198990--61,132,10,,,metadata,
prot-198990--61,132,11,,,metadata,
prot-198990--61,132,12,,,metadata,
prot-198990--61,132,13,,,metadata,
prot-198990--61,132,14,,,metadata,
prot-198990--61,132,15,,,metadata,
prot-198990--61,132,16,,,metadata,
prot-198990--61,132,17,,,metadata,
prot-198990--61,132,18,,,metadata,
prot-198990--61,132,19,,,metadata,
prot-198990--61,132,20,,,metadata,
prot-198990--61,133,0,,,metadata,
prot-198990--61,133,1,,,metadata,
prot-198990--61,133,2,,,metadata,
prot-198990--61,133,3,,,metadata,
prot-198990--61,133,4,,,metadata,
prot-198990--61,133,5,,,metadata,
prot-198990--61,133,6,,,metadata,
prot-198990--61,133,7,,,metadata,
prot-198990--61,133,8,,,metadata,
prot-198990--61,133,9,,,metadata,
prot-198990--61,133,10,,,metadata,
prot-198990--61,133,11,,,metadata,
prot-198990--61,133,13,,,metadata,
prot-198990--61,133,14,,,metadata,
prot-198990--61,133,16,,,metadata,
prot-198990--61,133,17,,,metadata,
prot-198990--61,133,18,,,metadata,
prot-198990--61,133,19,,,metadata,
prot-198990--61,134,1,,,metadata,
prot-198990--61,134,2,,,metadata,
prot-198990--61,134,3,,,metadata,
prot-198990--61,134,4,,,metadata,
prot-198990--61,134,5,,,metadata,
prot-198990--61,134,6,,,metadata,
prot-198990--61,134,7,,,metadata,
prot-198990--61,134,8,,,metadata,
prot-198990--61,134,9,,,metadata,
prot-198990--61,134,10,,,metadata,
prot-198990--61,134,11,,,metadata,
prot-198990--61,134,12,,,metadata,
prot-198990--61,134,13,,,metadata,
prot-198990--61,134,14,,,metadata,
prot-198990--61,134,15,,,metadata,
prot-198990--61,134,16,,,metadata,
prot-198990--61,134,17,,,metadata,
prot-198990--61,134,18,,,metadata,
prot-198990--61,134,19,,,metadata,
prot-198990--61,134,20,,,metadata,
prot-198990--61,135,1,,,metadata,
prot-198990--61,135,2,,,metadata,
prot-198990--61,135,3,,,metadata,
prot-198990--61,135,4,,,metadata,
prot-198990--61,135,5,,,metadata,
prot-198990--61,135,6,,,metadata,
prot-198990--61,135,7,,,metadata,
prot-198990--61,135,8,,,metadata,
prot-198990--61,135,9,,,metadata,
prot-198990--61,135,10,,,metadata,
prot-198990--61,135,11,,,metadata,
prot-198990--61,135,12,,,metadata,
prot-198990--61,135,13,,,metadata,
prot-198990--61,135,14,,,metadata,
prot-198990--61,135,15,,,metadata,
prot-198990--61,135,16,,,metadata,
prot-198990--61,135,17,,,metadata,
prot-198990--61,135,18,,,metadata,
prot-198990--61,135,19,,,metadata,
prot-198990--61,136,1,,,metadata,
prot-198990--61,136,2,,,metadata,
prot-198990--61,136,3,,,metadata,
prot-198990--61,136,4,,,metadata,
prot-198990--61,136,5,,,metadata,
prot-198990--61,136,6,,,metadata,
prot-198990--61,136,7,,,metadata,
prot-198990--61,136,8,,,metadata,
prot-198990--61,136,9,,,metadata,
prot-198990--61,136,10,,,metadata,
prot-198990--61,136,11,,,metadata,
prot-198990--61,136,12,,,metadata,
prot-198990--61,136,13,,,metadata,
prot-198990--61,136,14,,,metadata,
prot-198990--61,136,15,,,metadata,
prot-198990--61,136,16,,,metadata,
prot-198990--61,136,17,,,metadata,
prot-198990--61,136,18,,,metadata,
prot-198990--61,136,19,,,metadata,
prot-198990--61,136,20,,,metadata,
prot-198990--61,136,22,,,metadata,
prot-198990--61,136,23,,,metadata,
prot-198990--61,137,0,,,metadata,
prot-198990--61,137,2,,,metadata,
prot-198990--61,137,3,,,metadata,
prot-198990--61,137,4,,,metadata,
prot-198990--61,137,5,,,metadata,
prot-198990--61,137,6,,,metadata,
prot-198990--61,137,7,,,metadata,
prot-198990--61,137,8,,,metadata,
prot-198990--61,137,9,,,metadata,
prot-198990--61,137,10,,,metadata,
prot-198990--61,137,11,,,metadata,
prot-198990--61,137,12,,,metadata,
prot-198990--61,137,13,,,metadata,
prot-198990--61,137,14,,,metadata,
prot-198990--61,137,15,,,metadata,
prot-198990--61,137,16,,,metadata,
prot-198990--61,137,17,,,metadata,
prot-198990--61,137,18,,,metadata,
prot-198990--61,137,19,,,metadata,
prot-198990--61,137,20,,,metadata,
prot-198990--61,138,1,,,metadata,
prot-198990--61,138,2,,,metadata,
prot-198990--61,138,5,,,metadata,
prot-198990--61,138,6,,,metadata,
prot-198990--61,138,7,,,metadata,
prot-198990--61,138,8,,,metadata,
prot-198990--61,138,9,,,metadata,
prot-198990--61,138,10,,,metadata,
prot-198990--61,138,11,,,metadata,
prot-198990--61,138,12,,,metadata,
prot-198990--61,138,13,,,metadata,
prot-198990--61,138,14,,,metadata,
prot-198990--61,138,15,,,metadata,
prot-198990--61,138,16,,,metadata,
prot-198990--61,138,17,,,metadata,
prot-198990--61,138,18,,,metadata,
prot-198990--61,138,19,,,metadata,
prot-198990--61,139,0,,,metadata,
prot-198990--61,139,2,,,metadata,
prot-198990--61,139,4,,,metadata,
prot-198990--61,139,5,,,metadata,
prot-198990--61,139,6,,,metadata,
prot-198990--61,139,7,,,metadata,
prot-198990--61,139,8,,,metadata,
prot-198990--61,139,9,,,metadata,
prot-198990--61,139,10,,,metadata,
prot-198990--61,139,11,,,metadata,
prot-198990--61,139,12,,,metadata,
prot-198990--61,139,13,,,metadata,
prot-198990--61,139,14,,,metadata,
prot-198990--61,139,15,,,metadata,
prot-198990--61,139,17,,,metadata,
prot-198990--61,139,18,,,metadata,
prot-198990--61,139,19,,,metadata,
prot-198990--61,139,20,,,metadata,
prot-198990--61,140,1,,,metadata,
prot-198990--61,140,2,,,metadata,
prot-198990--61,140,3,,,metadata,
prot-198990--61,140,5,,,metadata,
prot-198990--61,140,6,,,metadata,
prot-198990--61,140,7,,,metadata,
prot-198990--61,140,8,,,metadata,
prot-198990--61,140,9,,,metadata,
prot-198990--61,140,10,,,metadata,
prot-198990--61,140,11,,,metadata,
prot-198990--61,140,12,,,metadata,
prot-198990--61,140,13,,,metadata,
prot-198990--61,140,15,,,metadata,
prot-198990--61,140,16,,,metadata,
prot-198990--61,140,17,,,metadata,
prot-198990--61,140,19,,,metadata,
prot-198990--61,141,0,,,metadata,
prot-198990--61,141,1,,,metadata,
prot-198990--61,141,2,,,metadata,
prot-198990--61,141,3,,,metadata,
prot-198990--61,141,4,,,metadata,
prot-198990--61,141,5,,,metadata,
prot-198990--61,141,6,,,metadata,
prot-198990--61,141,7,,,metadata,
prot-198990--61,141,8,,,metadata,
prot-198990--61,141,9,,,metadata,
prot-198990--61,141,10,,,metadata,
prot-198990--61,141,11,,,metadata,
prot-198990--61,141,12,,,metadata,
prot-198990--61,141,13,,,metadata,
prot-198990--61,141,14,,,metadata,
prot-198990--61,141,15,,,metadata,
prot-198990--61,141,16,,,metadata,
prot-198990--61,141,17,,,metadata,
prot-198990--61,141,18,,,metadata,
prot-198990--61,141,19,,,metadata,
prot-198990--61,141,20,,,metadata,
prot-198990--61,141,21,,,metadata,
prot-198990--61,142,2,,,metadata,
prot-198990--61,142,3,,,metadata,
prot-198990--61,142,4,,,metadata,
prot-198990--61,142,5,,,metadata,
prot-198990--61,142,6,,,metadata,
prot-198990--61,142,7,,,metadata,
prot-198990--61,142,8,,,metadata,
prot-198990--61,142,9,,,metadata,
prot-198990--61,142,10,,,metadata,
prot-198990--61,142,11,,,metadata,
prot-198990--61,142,12,,,metadata,
prot-198990--61,142,13,,,metadata,
prot-198990--61,142,14,,,metadata,
prot-198990--61,142,15,,,metadata,
prot-198990--61,142,16,,,metadata,
prot-198990--61,142,17,,,metadata,
prot-198990--61,142,18,,,metadata,
prot-198990--61,142,19,,,metadata,
prot-198990--61,142,20,,,metadata,
prot-198990--61,143,0,,,metadata,
prot-198990--61,143,1,,,metadata,
prot-198990--61,143,2,,,metadata,
prot-198990--61,143,3,,,metadata,
prot-198990--61,143,4,,,metadata,
prot-198990--61,143,5,,,metadata,
prot-198990--61,143,6,,,metadata,
prot-198990--61,143,7,,,metadata,
prot-198990--61,143,8,,,metadata,
prot-198990--61,143,9,,,metadata,
prot-198990--61,143,10,,,metadata,
prot-198990--61,143,11,,,metadata,
prot-198990--61,143,12,,,metadata,
prot-198990--61,143,13,,,metadata,
prot-198990--61,143,14,,,metadata,
prot-198990--61,143,15,,,metadata,
prot-198990--61,143,16,,,metadata,
prot-198990--61,143,17,,,metadata,
prot-198990--61,144,1,,,metadata,
prot-198990--61,144,2,,,metadata,
prot-198990--61,144,3,,,metadata,
prot-198990--61,144,4,,,metadata,
prot-198990--61,144,5,,,metadata,
prot-198990--61,144,6,,,metadata,
prot-198990--61,144,7,,,metadata,
prot-198990--61,144,8,,,metadata,
prot-198990--61,144,9,,,metadata,
prot-198990--61,144,11,,,metadata,
prot-198990--61,144,12,,,metadata,
prot-198990--61,144,13,,,metadata,
prot-198990--61,144,14,,,metadata,
prot-198990--61,144,15,,,metadata,
prot-198990--61,144,16,,,metadata,
prot-198990--61,144,17,,,metadata,
prot-198990--61,144,18,,,metadata,
prot-198990--61,144,20,,,metadata,
prot-198990--61,144,21,,,metadata,
prot-198990--61,144,22,,,metadata,
prot-198990--61,145,0,,,metadata,
prot-198990--61,145,1,,,metadata,
prot-198990--61,145,2,,,metadata,
prot-198990--61,145,4,,,metadata,
prot-198990--61,145,5,,,metadata,
prot-198990--61,145,6,,,metadata,
prot-198990--61,145,7,,,metadata,
prot-198990--61,145,8,,,metadata,
prot-198990--61,145,9,,,metadata,
prot-198990--61,145,11,,,metadata,
prot-198990--61,145,13,,,metadata,
prot-198990--61,145,14,,,metadata,
prot-198990--61,145,15,,,metadata,
prot-198990--61,145,16,,,metadata,
prot-198990--61,146,1,,,metadata,
prot-198990--61,146,2,,,metadata,
prot-198990--61,146,3,,,metadata,
prot-198990--61,146,5,,,metadata,
prot-198990--61,146,6,,,metadata,
prot-198990--61,146,7,,,metadata,
prot-198990--61,146,8,,,metadata,
prot-198990--61,146,9,,,metadata,
prot-198990--61,146,10,,,metadata,
prot-198990--61,146,11,,,metadata,
prot-198990--61,146,12,,,metadata,
prot-198990--61,146,13,,,metadata,
prot-198990--61,146,15,,,metadata,
prot-198990--61,146,16,,,metadata,
prot-198990--61,146,17,,,metadata,
prot-198990--61,146,18,,,metadata,
prot-198990--61,146,19,,,metadata,
prot-198990--61,146,20,,,metadata,
prot-198990--61,147,0,,,metadata,
prot-198990--61,147,1,,,metadata,
prot-198990--61,147,2,,,metadata,
prot-198990--61,147,3,,,metadata,
prot-198990--61,147,5,,,metadata,
prot-198990--61,147,6,,,metadata,
prot-198990--61,147,7,,,metadata,
prot-198990--61,147,8,,,metadata,
prot-198990--61,147,9,,,metadata,
prot-198990--61,147,10,,,metadata,
prot-198990--61,147,12,,,metadata,
prot-198990--61,147,13,,,metadata,
prot-198990--61,147,14,,,metadata,
prot-198990--61,147,15,,,metadata,
prot-198990--61,147,16,,,metadata,
prot-198990--61,147,17,,,metadata,
prot-198990--61,148,1,,,metadata,
prot-198990--61,148,2,,,metadata,
prot-198990--61,148,3,,,metadata,
prot-198990--61,148,4,,,metadata,
prot-198990--61,148,5,,,metadata,
prot-198990--61,148,6,,,metadata,
prot-198990--61,148,7,,,metadata,
prot-198990--61,148,8,,,metadata,
prot-198990--61,148,9,,,metadata,
prot-198990--61,148,10,,,metadata,
prot-198990--61,148,11,,,metadata,
prot-198990--61,148,12,,,metadata,
prot-198990--61,148,13,,,metadata,
prot-198990--61,148,14,,,metadata,
prot-198990--61,148,15,,,metadata,
prot-198990--61,148,16,,,metadata,
prot-198990--61,148,17,,,metadata,
prot-198990--61,148,18,,,metadata,
prot-198990--61,148,19,,,metadata,
prot-198990--61,149,0,,,metadata,
prot-198990--61,149,1,,,metadata,
prot-198990--61,149,3,,,metadata,
prot-198990--61,149,4,,,metadata,
prot-198990--61,149,5,,,metadata,
prot-198990--61,149,6,,,metadata,
prot-198990--61,149,7,,,metadata,
prot-198990--61,149,8,,,metadata,
prot-198990--61,149,9,,,metadata,
prot-198990--61,149,10,,,metadata,
prot-198990--61,149,11,,,metadata,
prot-198990--61,149,12,,,metadata,
prot-198990--61,149,13,,,metadata,
prot-198990--61,149,14,,,metadata,
prot-198990--61,149,15,,,metadata,
prot-198990--61,149,16,,,metadata,
prot-198990--61,149,17,,,metadata,
prot-198990--61,149,18,,,metadata,
prot-198990--61,149,19,,,metadata,
prot-198990--61,149,20,,,metadata,
prot-198990--61,150,1,,,metadata,
prot-198990--61,150,2,,,metadata,
prot-198990--61,150,3,,,metadata,
prot-198990--61,150,4,,,metadata,
prot-198990--61,150,5,,,metadata,
prot-198990--61,150,6,,,metadata,
prot-198990--61,150,7,,,metadata,
prot-198990--61,150,8,,,metadata,
prot-198990--61,150,10,,,metadata,
prot-198990--61,150,11,,,metadata,
prot-198990--61,150,12,,,metadata,
prot-198990--61,150,13,,,metadata,
prot-198990--61,150,14,,,metadata,
prot-198990--61,150,15,,,metadata,
prot-198990--61,150,16,,,metadata,
prot-198990--61,150,17,,,metadata,
prot-198990--61,150,18,,,metadata,
prot-198990--61,150,19,,,metadata,
prot-198990--61,150,20,,,metadata,
prot-198990--61,150,21,,,metadata,
prot-198990--61,151,0,,,metadata,
prot-198990--61,151,1,,,metadata,
prot-198990--61,151,3,,,metadata,
prot-198990--61,151,4,,,metadata,
prot-198990--61,151,5,,,metadata,
prot-198990--61,151,6,,,metadata,
prot-198990--61,151,7,,,metadata,
prot-198990--61,151,8,,,metadata,
prot-198990--61,151,10,,,metadata,
prot-198990--61,151,11,,,metadata,
prot-198990--61,151,13,,,metadata,
prot-198990--61,151,14,,,metadata,
prot-198990--61,151,16,,,metadata,
prot-198990--61,151,17,,,metadata,
prot-198990--61,151,18,,,metadata,
prot-198990--61,152,1,,,metadata,
prot-198990--61,152,2,,,metadata,
prot-198990--61,152,4,,,metadata,
prot-198990--61,152,6,,,metadata,
prot-198990--61,152,7,,,metadata,
prot-198990--61,152,8,,,metadata,
prot-198990--61,152,9,,,metadata,
prot-198990--61,152,10,,,metadata,
prot-198990--61,152,11,,,metadata,
prot-198990--61,152,12,,,metadata,
prot-198990--61,152,13,,,metadata,
prot-198990--61,152,14,,,metadata,
prot-198990--61,152,16,,,metadata,
prot-198990--61,152,17,,,metadata,
prot-198990--61,152,18,,,metadata,
prot-198990--61,153,0,,,metadata,
prot-198990--61,153,1,,,metadata,
prot-198990--61,153,3,,,metadata,
prot-198990--61,153,4,,,metadata,
prot-198990--61,153,5,,,metadata,
prot-198990--61,153,6,,,metadata,
prot-198990--61,153,7,,,metadata,
prot-198990--61,153,8,,,metadata,
prot-198990--61,153,9,,,metadata,
prot-198990--61,153,11,,,metadata,
prot-198990--61,153,12,,,metadata,
prot-198990--61,153,13,,,metadata,
prot-198990--61,153,15,,,metadata,
prot-198990--61,153,16,,,metadata,
prot-198990--61,153,17,,,metadata,
prot-198990--61,153,18,,,metadata,
prot-198990--61,153,19,,,metadata,
prot-198990--61,154,1,,,metadata,
prot-198990--61,154,2,,,metadata,
prot-198990--61,154,3,,,metadata,
prot-198990--61,154,4,,,metadata,
prot-198990--61,154,5,,,metadata,
prot-198990--61,154,6,,,metadata,
prot-198990--61,154,7,,,metadata,
prot-198990--61,154,8,,,metadata,
prot-198990--61,154,9,,,metadata,
prot-198990--61,154,10,,,metadata,
prot-198990--61,154,11,,,metadata,
prot-198990--61,154,13,,,metadata,
prot-198990--61,154,14,,,metadata,
prot-198990--61,154,15,,,metadata,
prot-198990--61,154,16,,,metadata,
prot-198990--61,154,17,,,metadata,
prot-198990--61,154,18,,,metadata,
prot-198990--61,154,19,,,metadata,
prot-198990--61,154,20,,,metadata,
prot-198990--61,154,21,,,metadata,
prot-198990--61,155,1,,,metadata,
prot-198990--61,155,3,,,metadata,
prot-198990--61,155,5,,,metadata,
prot-198990--61,155,6,,,metadata,
prot-198990--61,155,7,,,metadata,
prot-198990--61,155,9,,,metadata,
prot-198990--61,155,12,,,metadata,
prot-198990--61,155,13,,,metadata,
prot-198990--61,155,14,,,metadata,
prot-198990--61,155,15,,,metadata,
prot-198990--61,155,16,,,metadata,
prot-198990--61,156,1,,,metadata,
prot-198990--61,156,2,,,metadata,
prot-198990--61,156,3,,,metadata,
prot-198990--61,156,4,,,metadata,
prot-198990--61,156,6,,,metadata,
prot-198990--61,156,7,,,metadata,
prot-198990--61,156,8,,,metadata,
prot-198990--61,156,9,,,metadata,
prot-198990--61,156,10,,,metadata,
prot-198990--61,156,11,,,metadata,
prot-198990--61,156,12,,,metadata,
prot-198990--61,156,13,,,metadata,
prot-198990--61,156,14,,,metadata,
prot-198990--61,156,15,,,metadata,
prot-198990--61,156,18,,,metadata,
prot-198990--61,156,19,,,metadata,
prot-198990--61,157,0,,,metadata,
prot-198990--61,157,1,,,metadata,
prot-198990--61,157,2,,,metadata,
prot-198990--61,157,3,,,metadata,
prot-198990--61,157,4,,,metadata,
prot-198990--61,157,5,,,metadata,
prot-198990--61,157,6,,,metadata,
prot-198990--61,157,7,,,metadata,
prot-198990--61,157,8,,,metadata,
prot-198990--61,157,9,,,metadata,
prot-198990--61,157,10,,,metadata,
prot-198990--61,157,11,,,metadata,
prot-198990--61,157,12,,,metadata,
prot-198990--61,157,13,,,metadata,
prot-198990--61,157,14,,,metadata,
prot-198990--61,157,15,,,metadata,
prot-198990--61,157,16,,,metadata,
prot-198990--61,157,17,,,metadata,
prot-198990--61,157,18,,,metadata,
prot-198990--61,158,0,,,metadata,
prot-198990--61,158,1,,,metadata,
prot-198990--61,158,2,,,metadata,
prot-198990--61,158,3,,,metadata,
prot-198990--61,158,4,,,metadata,
prot-198990--61,158,5,,,metadata,
prot-198990--61,158,6,,,metadata,
prot-198990--61,158,7,,,metadata,
prot-198990--61,158,8,,,metadata,
prot-198990--61,158,9,,,metadata,
prot-198990--61,158,10,,,metadata,
prot-198990--61,158,11,,,metadata,
prot-198990--61,158,12,,,metadata,
prot-198990--61,158,13,,,metadata,
prot-198990--61,158,14,,,metadata,
prot-198990--61,158,15,,,metadata,
prot-198990--61,158,16,,,metadata,
prot-198990--61,158,17,,,metadata,
prot-198990--61,158,18,,,metadata,
prot-198990--61,158,19,,,metadata,
prot-198990--61,159,0,,,metadata,
prot-198990--61,159,1,,,metadata,
prot-198990--61,159,3,,,metadata,
prot-198990--61,159,5,,,metadata,
prot-198990--61,159,6,,,metadata,
prot-198990--61,159,7,,,metadata,
prot-198990--61,159,8,,,metadata,
prot-198990--61,159,9,,,metadata,
prot-198990--61,159,10,,,metadata,
prot-198990--61,159,11,,,metadata,
prot-198990--61,159,13,,,metadata,
prot-198990--61,159,14,,,metadata,
prot-198990--61,159,15,,,metadata,
prot-198990--61,159,16,,,metadata,
prot-198990--61,159,17,,,metadata,
prot-198990--61,159,18,,,metadata,
prot-198990--61,159,19,,,metadata,
prot-198990--61,160,1,,,metadata,
prot-198990--61,160,2,,,metadata,
prot-198990--61,160,3,,,metadata,
prot-198990--61,160,4,,,metadata,
prot-198990--61,160,5,,,metadata,
prot-198990--61,160,6,,,metadata,
prot-198990--61,160,7,,,metadata,
prot-198990--61,160,9,,,metadata,
prot-198990--61,160,10,,,metadata,
prot-198990--61,160,11,,,metadata,
prot-198990--61,160,12,,,metadata,
prot-198990--61,160,13,,,metadata,
prot-198990--61,160,14,,,metadata,
prot-198990--61,160,15,,,metadata,
prot-198990--61,160,16,,,metadata,
prot-198990--61,160,18,,,metadata,
prot-198990--61,160,19,,,metadata,
prot-198990--61,160,20,,,metadata,
prot-198990--61,160,21,,,metadata,
prot-198990--61,160,22,,,metadata,
prot-198990--61,160,23,,,metadata,
prot-198990--61,160,24,,,metadata,
prot-198990--61,161,1,,,metadata,
prot-198990--61,161,2,,,metadata,
prot-198990--61,161,3,,,metadata,
prot-198990--61,161,4,,,metadata,
prot-198990--61,161,5,,,metadata,
prot-198990--61,161,6,,,metadata,
prot-198990--61,161,7,,,metadata,
prot-198990--61,161,8,,,metadata,
prot-198990--61,161,9,,,metadata,
prot-198990--61,161,10,,,metadata,
prot-198990--61,161,11,,,metadata,
prot-198990--61,161,12,,,metadata,
prot-198990--61,161,13,,,metadata,
prot-198990--61,161,14,,,metadata,
prot-198990--61,161,15,,,metadata,
prot-198990--61,161,16,,,metadata,
prot-198990--61,161,17,,,metadata,
prot-198990--61,161,18,,,metadata,
prot-198990--61,161,19,,,metadata,
prot-198990--61,161,20,,,metadata,
prot-198990--61,162,1,,,metadata,
prot-198990--61,162,2,,,metadata,
prot-198990--61,162,3,,,metadata,
prot-198990--61,162,4,,,metadata,
prot-198990--61,162,5,,,metadata,
prot-198990--61,162,6,,,metadata,
prot-198990--61,162,7,,,metadata,
prot-198990--61,162,8,,,metadata,
prot-198990--61,162,9,,,metadata,
prot-198990--61,162,10,,,metadata,
prot-198990--61,162,11,,,metadata,
prot-198990--61,162,12,,,metadata,
prot-198990--61,162,13,,,metadata,
prot-198990--61,162,15,,,metadata,
prot-198990--61,162,16,,,metadata,
prot-198990--61,162,17,,,metadata,
prot-198990--61,162,18,,,metadata,
prot-198990--61,162,19,,,metadata,
prot-198990--61,162,20,,,metadata,
prot-198990--61,162,21,,,metadata,
prot-198990--61,162,22,,,metadata,
prot-198990--61,162,23,,,metadata,
prot-198990--61,163,0,,,metadata,
prot-198990--61,163,1,,,metadata,
prot-198990--61,163,2,,,metadata,
prot-198990--61,163,3,,,metadata,
prot-198990--61,163,4,,,metadata,
prot-198990--61,163,5,,,metadata,
prot-198990--61,163,6,,,metadata,
prot-198990--61,163,7,,,metadata,
prot-198990--61,163,8,,,metadata,
prot-198990--61,163,9,,,metadata,
prot-198990--61,163,10,,,metadata,
prot-198990--61,163,11,,,metadata,
prot-198990--61,163,12,,,metadata,
prot-198990--61,163,13,,,metadata,
prot-198990--61,163,14,,,metadata,
prot-198990--61,163,15,,,metadata,
prot-198990--61,163,16,,,metadata,
prot-198990--61,163,17,,,metadata,
prot-198990--61,163,18,,,metadata,
prot-198990--61,163,19,,,metadata,
prot-198990--61,163,20,,,metadata,
prot-198990--61,163,21,,,metadata,
prot-198990--61,164,0,,,metadata,
prot-198990--61,164,1,,,metadata,
prot-198990--61,164,2,,,metadata,
prot-198990--61,164,3,,,metadata,
prot-198990--61,164,4,,,metadata,
prot-198990--61,164,5,,,metadata,
prot-198990--61,164,6,,,metadata,
prot-198990--61,164,7,,,metadata,
prot-198990--61,164,9,,,metadata,
prot-198990--61,164,10,,,metadata,
prot-198990--61,164,11,,,metadata,
prot-198990--61,164,13,,,metadata,
prot-198990--61,164,14,,,metadata,
prot-198990--61,164,15,,,metadata,
prot-198990--61,164,16,,,metadata,
prot-198990--61,164,17,,,metadata,
prot-198990--61,164,18,,,metadata,
prot-198990--61,165,0,,,metadata,
prot-198990--61,165,2,,,metadata,
prot-198990--61,165,3,,,metadata,
prot-198990--61,165,4,,,metadata,
prot-198990--61,165,5,,,metadata,
prot-198990--61,165,6,,,metadata,
prot-198990--61,165,7,,,metadata,
prot-198990--61,165,8,,,metadata,
prot-198990--61,165,9,,,metadata,
prot-198990--61,165,10,,,metadata,
prot-198990--61,165,11,,,metadata,
prot-198990--61,165,12,,,metadata,
prot-198990--61,165,13,,,metadata,
prot-198990--61,165,14,,,metadata,
prot-198990--61,165,15,,,metadata,
prot-198990--61,165,16,,,metadata,
prot-198990--61,165,17,,,metadata,
prot-198990--61,165,18,,,metadata,
prot-198990--61,165,19,,,metadata,
prot-198990--61,166,0,,,metadata,
prot-198990--61,166,1,,,metadata,
prot-198990--61,166,2,,,metadata,
prot-198990--61,166,3,,,metadata,
prot-198990--61,166,4,,,metadata,
prot-198990--61,166,5,,,metadata,
prot-198990--61,166,6,,,metadata,
prot-198990--61,166,7,,,metadata,
prot-198990--61,166,8,,,metadata,
prot-198990--61,166,9,,,metadata,
prot-198990--61,166,11,,,metadata,
prot-198990--61,166,12,,,metadata,
prot-198990--61,166,13,,,metadata,
prot-198990--61,166,14,,,metadata,
prot-198990--61,166,15,,,metadata,
prot-198990--61,166,16,,,metadata,
prot-198990--61,166,17,,,metadata,
prot-198990--61,166,18,,,metadata,
prot-198990--61,166,19,,,metadata,
prot-198990--61,167,0,,,metadata,
prot-198990--61,167,1,,,metadata,
prot-198990--61,167,2,,,metadata,
prot-198990--61,167,3,,,metadata,
prot-198990--61,167,4,,,metadata,
prot-198990--61,167,5,,,metadata,
prot-198990--61,167,6,,,metadata,
prot-198990--61,167,7,,,metadata,
prot-198990--61,167,8,,,metadata,
prot-198990--61,167,9,,,metadata,
prot-198990--61,167,10,,,metadata,
prot-198990--61,167,11,,,metadata,
prot-198990--61,167,12,,,metadata,
prot-198990--61,167,13,,,metadata,
prot-198990--61,167,14,,,metadata,
prot-198990--61,167,15,,,metadata,
prot-198990--61,167,16,,,metadata,
prot-198990--61,167,17,,,metadata,
prot-198990--61,167,18,,,metadata,
prot-198990--61,167,19,,,metadata,
prot-198990--61,167,20,,,metadata,
prot-198990--61,167,21,,,metadata,
prot-198990--61,168,0,,,metadata,
prot-198990--61,168,1,,,metadata,
prot-198990--61,168,2,,,metadata,
prot-198990--61,168,3,,,metadata,
prot-198990--61,168,4,,,metadata,
prot-198990--61,168,5,,,metadata,
prot-198990--61,168,6,,,metadata,
prot-198990--61,168,7,,,metadata,
prot-198990--61,168,8,,,metadata,
prot-198990--61,168,9,,,metadata,
prot-198990--61,168,10,,,metadata,
prot-198990--61,168,11,,,metadata,
prot-198990--61,168,12,,,metadata,
prot-198990--61,168,13,,,metadata,
prot-198990--61,168,14,,,metadata,
prot-198990--61,168,15,,,metadata,
prot-198990--61,168,16,,,metadata,
prot-198990--61,168,17,,,metadata,
prot-198990--61,168,18,,,metadata,
prot-198990--61,168,19,,,metadata,
prot-198990--61,168,20,,,metadata,
prot-198990--61,168,21,,,metadata,
prot-198990--61,169,0,,,metadata,
prot-198990--61,169,1,,,metadata,
prot-198990--61,169,2,,,metadata,
prot-198990--61,169,3,,,metadata,
prot-198990--61,169,4,,,metadata,
prot-198990--61,169,5,,,metadata,
prot-198990--61,169,6,,,metadata,
prot-198990--61,169,7,,,metadata,
prot-198990--61,169,8,,,metadata,
prot-198990--61,169,9,,,metadata,
prot-198990--61,169,10,,,metadata,
prot-198990--61,169,11,,,metadata,
prot-198990--61,169,12,,,metadata,
prot-198990--61,169,13,,,metadata,
prot-198990--61,169,14,,,metadata,
prot-198990--61,169,15,,,metadata,
prot-198990--61,169,16,,,metadata,
prot-198990--61,169,17,,,metadata,
prot-198990--61,169,18,,,metadata,
prot-198990--61,169,19,,,metadata,
prot-198990--61,169,20,,,metadata,
prot-198990--61,170,0,,,metadata,
prot-198990--61,170,2,,,metadata,
prot-198990--61,170,3,,,metadata,
prot-198990--61,170,4,,,metadata,
prot-198990--61,170,6,,,metadata,
prot-198990--61,170,7,,,metadata,
prot-198990--61,170,8,,,metadata,
prot-198990--61,170,9,,,metadata,
prot-198990--61,170,10,,,metadata,
prot-198990--61,170,11,,,metadata,
prot-198990--61,170,12,,,metadata,
prot-198990--61,170,13,,,metadata,
prot-198990--61,170,14,,,metadata,
prot-198990--61,170,15,,,metadata,
prot-198990--61,170,16,,,metadata,
prot-198990--61,170,17,,,metadata,
prot-198990--61,170,18,,,metadata,
prot-198990--61,170,19,,,metadata,
prot-198990--61,170,20,,,metadata,
prot-198990--61,171,0,,,metadata,
prot-198990--61,171,1,,,metadata,
prot-198990--61,171,2,,,metadata,
prot-198990--61,171,3,,,metadata,
prot-198990--61,171,4,,,metadata,
prot-198990--61,171,5,,,metadata,
prot-198990--61,171,6,,,metadata,
prot-198990--61,171,7,,,metadata,
prot-198990--61,171,8,,,metadata,
prot-198990--61,171,9,,,metadata,
prot-198990--61,171,10,,,metadata,
prot-198990--61,171,11,,,metadata,
prot-198990--61,171,12,,,metadata,
prot-198990--61,171,13,,,metadata,
prot-198990--61,171,14,,,metadata,
prot-198990--61,171,15,,,metadata,
prot-198990--61,171,16,,,metadata,
prot-198990--61,171,17,,,metadata,
prot-198990--61,171,18,,,metadata,
prot-198990--61,171,19,,,metadata,
prot-198990--61,172,0,,,metadata,
prot-198990--61,172,1,,,metadata,
prot-198990--61,172,2,,,metadata,
prot-198990--61,172,3,,,metadata,
prot-198990--61,172,4,,,metadata,
prot-198990--61,172,5,,,metadata,
prot-198990--61,172,6,,,metadata,
prot-198990--61,172,7,,,metadata,
prot-198990--61,172,8,,,metadata,
prot-198990--61,172,9,,,metadata,
prot-198990--61,172,10,,,metadata,
prot-198990--61,172,11,,,metadata,
prot-198990--61,172,12,,,metadata,
prot-198990--61,172,13,,,metadata,
prot-198990--61,172,14,,,metadata,
prot-198990--61,172,15,,,metadata,
prot-198990--61,172,16,,,metadata,
prot-198990--61,172,17,,,metadata,
prot-198990--61,172,18,,,metadata,
prot-198990--61,173,0,,,metadata,
prot-198990--61,173,1,,,metadata,
prot-198990--61,173,2,,,metadata,
prot-198990--61,173,3,,,metadata,
prot-198990--61,173,4,,,metadata,
prot-198990--61,173,5,,,metadata,
prot-198990--61,173,6,,,metadata,
prot-198990--61,173,7,,,metadata,
prot-198990--61,173,8,,,metadata,
prot-198990--61,173,9,,,metadata,
prot-198990--61,173,10,,,metadata,
prot-198990--61,173,11,,,metadata,
prot-198990--61,173,12,,,metadata,
prot-198990--61,173,13,,,metadata,
prot-198990--61,173,14,,,metadata,
prot-198990--61,173,15,,,metadata,
prot-198990--61,173,16,,,metadata,
prot-198990--61,173,17,,,metadata,
prot-198990--61,173,18,,,metadata,
prot-198990--61,173,19,,,metadata,
prot-198990--61,173,20,,,metadata,
prot-198990--61,173,21,,,metadata,
prot-198990--61,174,0,,,metadata,
prot-198990--61,174,1,,,metadata,
prot-198990--61,174,2,,,metadata,
prot-198990--61,174,3,,,metadata,
prot-198990--61,174,4,,,metadata,
prot-198990--61,174,5,,,metadata,
prot-198990--61,174,6,,,metadata,
prot-198990--61,174,7,,,metadata,
prot-198990--61,174,8,,,metadata,
prot-198990--61,174,9,,,metadata,
prot-198990--61,174,10,,,metadata,
prot-198990--61,174,11,,,metadata,
prot-198990--61,174,12,,,metadata,
prot-198990--61,174,13,,,metadata,
prot-198990--61,174,14,,,metadata,
prot-198990--61,174,15,,,metadata,
prot-198990--61,174,16,,,metadata,
prot-198990--61,174,17,,,metadata,
prot-198990--61,174,18,,,metadata,
prot-198990--61,174,19,,,metadata,
prot-198990--61,175,0,,,metadata,
prot-198990--61,175,1,,,metadata,
prot-198990--61,175,3,,,metadata,
prot-198990--61,175,4,,,metadata,
prot-198990--61,175,5,,,metadata,
prot-198990--61,175,6,,,metadata,
prot-198990--61,175,7,,,metadata,
prot-198990--61,175,8,,,metadata,
prot-198990--61,175,9,,,metadata,
prot-198990--61,175,10,,,metadata,
prot-198990--61,175,11,,,metadata,
prot-198990--61,175,13,,,metadata,
prot-198990--61,175,14,,,metadata,
prot-198990--61,175,15,,,metadata,
prot-198990--61,175,16,,,metadata,
prot-198990--61,175,17,,,metadata,
prot-198990--61,175,18,,,metadata,
prot-198990--61,176,0,,,metadata,
prot-198990--61,176,1,,,metadata,
prot-198990--61,176,2,,,metadata,
prot-198990--61,176,3,,,metadata,
prot-198990--61,176,5,,,metadata,
prot-198990--61,176,6,,,metadata,
prot-198990--61,176,7,,,metadata,
prot-198990--61,176,9,,,metadata,
prot-198990--61,176,10,,,metadata,
prot-198990--61,176,11,,,metadata,
prot-198990--61,176,12,,,metadata,
prot-198990--61,176,13,,,metadata,
prot-198990--61,176,14,,,metadata,
prot-198990--61,176,15,,,metadata,
prot-198990--61,176,16,,,metadata,
prot-198990--61,176,17,,,metadata,
prot-198990--61,176,18,,,metadata,
prot-198990--61,177,1,,,metadata,
prot-198990--61,177,2,,,metadata,
prot-198990--61,177,4,,,metadata,
prot-198990--61,177,5,,,metadata,
prot-198990--61,177,6,,,metadata,
prot-198990--61,177,7,,,metadata,
prot-198990--61,177,8,,,metadata,
prot-198990--61,177,9,,,metadata,
prot-198990--61,177,10,,,metadata,
prot-198990--61,177,11,,,metadata,
prot-198990--61,177,12,,,metadata,
prot-198990--61,177,13,,,metadata,
prot-198990--61,177,14,,,metadata,
prot-198990--61,177,15,,,metadata,
prot-198990--61,177,16,,,metadata,
prot-198990--61,177,17,,,metadata,
prot-198990--61,177,18,,,metadata,
prot-198990--61,177,20,,,metadata,
prot-198990--61,177,21,,,metadata,
prot-198990--61,178,0,,,metadata,
prot-198990--61,178,1,,,metadata,
prot-198990--61,178,2,,,metadata,
prot-198990--61,178,3,,,metadata,
prot-198990--61,178,4,,,metadata,
prot-198990--61,178,5,,,metadata,
prot-198990--61,178,6,,,metadata,
prot-198990--61,178,7,,,metadata,
prot-198990--61,178,8,,,metadata,
prot-198990--61,178,9,,,metadata,
prot-198990--61,178,10,,,metadata,
prot-198990--61,178,11,,,metadata,
prot-198990--61,178,12,,,metadata,
prot-198990--61,178,13,,,metadata,
prot-198990--61,178,14,,,metadata,
prot-198990--61,178,15,,,metadata,
prot-198990--61,178,16,,,metadata,
prot-198990--61,178,17,,,metadata,
prot-198990--61,178,18,,,metadata,
prot-198990--61,179,0,,,metadata,
prot-198990--61,179,1,,,metadata,
prot-198990--61,179,3,,,metadata,
prot-198990--61,179,4,,,metadata,
prot-198990--61,179,5,,,metadata,
prot-198990--61,179,6,,,metadata,
prot-198990--61,179,7,,,metadata,
prot-198990--61,179,8,,,metadata,
prot-198990--61,179,9,,,metadata,
prot-198990--61,179,10,,,metadata,
prot-198990--61,179,11,,,metadata,
prot-198990--61,179,12,,,metadata,
prot-198990--61,179,13,,,metadata,
prot-198990--61,179,14,,,metadata,
prot-198990--61,179,15,,,metadata,
prot-198990--61,179,16,,,metadata,
prot-198990--61,179,17,,,metadata,
prot-198990--61,179,18,,,metadata,
prot-198990--61,179,19,,,metadata,
prot-198990--61,180,0,,,metadata,
prot-198990--61,180,1,,,metadata,
prot-198990--61,180,2,,,metadata,
prot-198990--61,180,3,,,metadata,
prot-198990--61,180,4,,,metadata,
prot-198990--61,180,5,,,metadata,
prot-198990--61,180,6,,,metadata,
prot-198990--61,180,7,,,metadata,
prot-198990--61,180,8,,,metadata,
prot-198990--61,180,9,,,metadata,
prot-198990--61,180,10,,,metadata,
prot-198990--61,180,11,,,metadata,
prot-198990--61,180,12,,,metadata,
prot-198990--61,180,13,,,metadata,
prot-198990--61,180,14,,,metadata,
prot-198990--61,180,15,,,metadata,
prot-198990--61,180,16,,,metadata,
prot-198990--61,180,17,,,metadata,
prot-198990--61,180,18,,,metadata,
prot-198990--61,180,19,,,metadata,
prot-198990--61,180,20,,,metadata,
prot-198990--61,180,21,,,metadata,
prot-198990--61,181,0,,,metadata,
prot-198990--61,181,1,,,metadata,
prot-198990--61,181,2,,,metadata,
prot-198990--61,181,3,,,metadata,
prot-198990--61,181,4,,,metadata,
prot-198990--61,181,5,,,metadata,
prot-198990--61,181,6,,,metadata,
prot-198990--61,181,7,,,metadata,
prot-198990--61,181,8,,,metadata,
prot-198990--61,181,9,,,metadata,
prot-198990--61,181,10,,,metadata,
prot-198990--61,181,11,,,metadata,
prot-198990--61,181,12,,,metadata,
prot-198990--61,181,13,,,metadata,
prot-198990--61,181,14,,,metadata,
prot-198990--61,181,15,,,metadata,
prot-198990--61,181,16,,,metadata,
prot-198990--61,181,17,,,metadata,
prot-198990--61,181,18,,,metadata,
prot-198990--61,181,19,,,metadata,
prot-198990--61,182,0,,,metadata,
prot-198990--61,182,2,,,metadata,
prot-198990--61,182,3,,,metadata,
prot-198990--61,182,4,,,metadata,
prot-198990--61,182,5,,,metadata,
prot-198990--61,182,6,,,metadata,
prot-198990--61,182,8,,,metadata,
prot-198990--61,182,9,,,metadata,
prot-198990--61,182,10,,,metadata,
prot-198990--61,182,11,,,metadata,
prot-198990--61,182,12,,,metadata,
prot-198990--61,182,13,,,metadata,
prot-198990--61,182,14,,,metadata,
prot-198990--61,182,15,,,metadata,
prot-198990--61,182,16,,,metadata,
prot-198990--61,182,17,,,metadata,
prot-198990--61,182,18,,,metadata,
prot-198990--61,183,0,,,metadata,
prot-198990--61,183,1,,,metadata,
prot-198990--61,183,2,,,metadata,
prot-198990--61,183,3,,,metadata,
prot-198990--61,183,4,,,metadata,
prot-198990--61,183,5,,,metadata,
prot-198990--61,183,6,,,metadata,
prot-198990--61,183,7,,,metadata,
prot-198990--61,183,8,,,metadata,
prot-198990--61,183,9,,,metadata,
prot-198990--61,183,10,,,metadata,
prot-198990--61,183,11,,,metadata,
prot-198990--61,183,12,,,metadata,
prot-198990--61,183,13,,,metadata,
prot-198990--61,183,14,,,metadata,
prot-198990--61,183,15,,,metadata,
prot-198990--61,183,16,,,metadata,
prot-198990--61,183,17,,,metadata,
prot-198990--61,183,18,,,metadata,
prot-198990--61,183,19,,,metadata,
prot-198990--61,183,20,,,metadata,
prot-198990--61,183,21,,,metadata,
prot-198990--61,184,0,,,metadata,
prot-198990--61,184,2,,,metadata,
prot-198990--61,184,3,,,metadata,
prot-198990--61,184,4,,,metadata,
prot-198990--61,184,5,,,metadata,
prot-198990--61,184,6,,,metadata,
prot-198990--61,184,7,,,metadata,
prot-198990--61,184,8,,,metadata,
prot-198990--61,184,9,,,metadata,
prot-198990--61,184,10,,,metadata,
prot-198990--61,184,11,,,metadata,
prot-198990--61,184,12,,,metadata,
prot-198990--61,184,14,,,metadata,
prot-198990--61,184,15,,,metadata,
prot-198990--61,184,16,,,metadata,
prot-198990--61,184,17,,,metadata,
prot-198990--61,184,18,,,metadata,
prot-198990--61,185,0,,,metadata,
prot-198990--61,185,1,,,metadata,
prot-198990--61,185,2,,,metadata,
prot-198990--61,185,3,,,metadata,
prot-198990--61,185,4,,,metadata,
prot-198990--61,185,5,,,metadata,
prot-198990--61,185,6,,,metadata,
prot-198990--61,185,7,,,metadata,
prot-198990--61,185,8,,,metadata,
prot-198990--61,185,9,,,metadata,
prot-198990--61,185,10,,,metadata,
prot-198990--61,185,11,,,metadata,
prot-198990--61,185,12,,,metadata,
prot-198990--61,185,13,,,metadata,
prot-198990--61,185,15,,,metadata,
prot-198990--61,185,16,,,metadata,
prot-198990--61,185,17,,,metadata,
prot-198990--61,185,18,,,metadata,
prot-198990--61,185,19,,,metadata,
prot-198990--61,185,20,,,metadata,
prot-198990--61,185,21,,,metadata,
prot-198990--61,185,22,,,metadata,
prot-198990--61,186,0,,,metadata,
prot-198990--61,186,2,,,metadata,
prot-198990--61,186,3,,,metadata,
prot-198990--61,186,4,,,metadata,
prot-198990--61,186,5,,,metadata,
prot-198990--61,186,7,,,metadata,
prot-198990--61,186,8,,,metadata,
prot-198990--61,186,9,,,metadata,
prot-198990--61,186,10,,,metadata,
prot-198990--61,186,11,,,metadata,
prot-198990--61,186,12,,,metadata,
prot-198990--61,186,13,,,metadata,
prot-198990--61,186,14,,,metadata,
prot-198990--61,186,15,,,metadata,
prot-198990--61,186,16,,,metadata,
prot-198990--61,186,17,,,metadata,
prot-198990--61,186,18,,,metadata,
prot-198990--61,187,1,,,metadata,
prot-198990--61,187,2,,,metadata,
prot-198990--61,187,3,,,metadata,
prot-198990--61,187,4,,,metadata,
prot-198990--61,187,7,,,metadata,
prot-198990--61,187,8,,,metadata,
prot-198990--61,187,9,,,metadata,
prot-198990--61,187,10,,,metadata,
prot-198990--61,187,11,,,metadata,
prot-198990--61,187,12,,,metadata,
prot-198990--61,187,13,,,metadata,
prot-198990--61,187,14,,,metadata,
prot-198990--61,187,15,,,metadata,
prot-198990--61,187,16,,,metadata,
prot-198990--61,187,17,,,metadata,
prot-198990--61,187,18,,,metadata,
prot-198990--61,188,0,,,metadata,
prot-198990--61,188,2,,,metadata,
prot-198990--61,188,3,,,metadata,
prot-198990--61,188,4,,,metadata,
prot-198990--61,188,5,,,metadata,
prot-198990--61,188,6,,,metadata,
prot-198990--61,188,7,,,metadata,
prot-198990--61,188,8,,,metadata,
prot-198990--61,188,9,,,metadata,
prot-198990--61,188,10,,,metadata,
prot-198990--61,188,11,,,metadata,
prot-198990--61,188,12,,,metadata,
prot-198990--61,188,13,,,metadata,
prot-198990--61,188,14,,,metadata,
prot-198990--61,188,15,,,metadata,
prot-198990--61,188,16,,,metadata,
prot-198990--61,188,17,,,metadata,
prot-198990--61,188,18,,,metadata,
prot-198990--61,189,0,,,metadata,
prot-198990--61,189,1,,,metadata,
prot-198990--61,189,2,,,metadata,
prot-198990--61,189,3,,,metadata,
prot-198990--61,189,4,,,metadata,
prot-198990--61,189,5,,,metadata,
prot-198990--61,189,6,,,metadata,
prot-198990--61,189,7,,,metadata,
prot-198990--61,189,9,,,metadata,
prot-198990--61,189,10,,,metadata,
prot-198990--61,189,11,,,metadata,
prot-198990--61,189,12,,,metadata,
prot-198990--61,189,13,,,metadata,
prot-198990--61,189,14,,,metadata,
prot-198990--61,189,15,,,metadata,
prot-198990--61,189,16,,,metadata,
prot-198990--61,189,17,,,metadata,
prot-198990--61,189,18,,,metadata,
prot-198990--61,189,19,,,metadata,
prot-198990--61,190,0,,,metadata,
prot-198990--61,190,1,,,metadata,
prot-198990--61,190,2,,,metadata,
prot-198990--61,190,3,,,metadata,
prot-198990--61,190,4,,,metadata,
prot-198990--61,190,5,,,metadata,
prot-198990--61,190,6,,,metadata,
prot-198990--61,190,7,,,metadata,
prot-198990--61,190,8,,,metadata,
prot-198990--61,190,9,,,metadata,
prot-198990--61,190,10,,,metadata,
prot-198990--61,190,11,,,metadata,
prot-198990--61,190,12,,,metadata,
prot-198990--61,190,13,,,metadata,
prot-198990--61,190,14,,,metadata,
prot-198990--61,190,15,,,metadata,
prot-198990--61,190,16,,,metadata,
prot-198990--61,190,17,,,metadata,
prot-198990--61,190,18,,,metadata,
prot-198990--61,190,20,,,metadata,
prot-198990--61,191,0,,,metadata,
prot-198990--61,191,1,,,metadata,
prot-198990--61,191,2,,,metadata,
prot-198990--61,191,3,,,metadata,
prot-198990--61,191,4,,,metadata,
prot-198990--61,191,6,,,metadata,
prot-198990--61,191,7,,,metadata,
prot-198990--61,191,8,,,metadata,
prot-198990--61,191,9,,,metadata,
prot-198990--61,191,10,,,metadata,
prot-198990--61,191,11,,,metadata,
prot-198990--61,191,12,,,metadata,
prot-198990--61,191,13,,,metadata,
prot-198990--61,191,14,,,metadata,
prot-198990--61,191,15,,,metadata,
prot-198990--61,191,17,,,metadata,
prot-198990--61,191,18,,,metadata,
prot-198990--61,191,19,,,metadata,
prot-198990--61,191,20,,,metadata,
prot-198990--61,191,21,,,metadata,
prot-198990--61,192,0,,,metadata,
prot-198990--61,192,1,,,metadata,
prot-198990--61,192,2,,,metadata,
prot-198990--61,192,3,,,metadata,
prot-198990--61,192,4,,,metadata,
prot-198990--61,192,5,,,metadata,
prot-198990--61,192,7,,,metadata,
prot-198990--61,192,8,,,metadata,
prot-198990--61,192,9,,,metadata,
prot-198990--61,192,10,,,metadata,
prot-198990--61,192,11,,,metadata,
prot-198990--61,192,12,,,metadata,
prot-198990--61,192,14,,,metadata,
prot-198990--61,192,15,,,metadata,
prot-198990--61,192,16,,,metadata,
prot-198990--61,192,17,,,metadata,
prot-198990--61,192,18,,,metadata,
prot-198990--61,193,0,,,metadata,
prot-198990--61,193,1,,,metadata,
prot-198990--61,193,2,,,metadata,
prot-198990--61,193,3,,,metadata,
prot-198990--61,193,4,,,metadata,
prot-198990--61,193,5,,,metadata,
prot-198990--61,193,6,,,metadata,
prot-198990--61,193,7,,,metadata,
prot-198990--61,193,8,,,metadata,
prot-198990--61,193,11,,,metadata,
prot-198990--61,193,12,,,metadata,
prot-198990--61,193,13,,,metadata,
prot-198990--61,193,14,,,metadata,
prot-198990--61,193,15,,,metadata,
prot-198990--61,193,16,,,metadata,
prot-198990--61,193,17,,,metadata,
prot-198990--61,193,18,,,metadata,
prot-198990--61,193,19,,,metadata,
prot-198990--61,193,20,,,metadata,
prot-198990--61,194,0,,,metadata,
prot-198990--61,194,1,,,metadata,
prot-198990--61,194,2,,,metadata,
prot-198990--61,194,3,,,metadata,
prot-198990--61,194,4,,,metadata,
prot-198990--61,194,5,,,metadata,
prot-198990--61,194,6,,,metadata,
prot-198990--61,194,7,,,metadata,
prot-198990--61,194,8,,,metadata,
prot-198990--61,194,9,,,metadata,
prot-198990--61,194,10,,,metadata,
prot-198990--61,194,11,,,metadata,
prot-198990--61,194,12,,,metadata,
prot-198990--61,194,13,,,metadata,
prot-198990--61,194,14,,,metadata,
prot-198990--61,194,15,,,metadata,
prot-198990--61,194,16,,,metadata,
prot-198990--61,194,17,,,metadata,
prot-198990--61,194,18,,,metadata,
prot-198990--61,195,0,,,metadata,
prot-198990--61,195,1,,,metadata,
prot-198990--61,195,2,,,metadata,
prot-198990--61,195,3,,,metadata,
prot-198990--61,195,4,,,metadata,
prot-198990--61,195,5,,,metadata,
prot-198990--61,195,6,,,metadata,
prot-198990--61,195,7,,,metadata,
prot-198990--61,195,8,,,metadata,
prot-198990--61,195,9,,,metadata,
prot-198990--61,195,10,,,metadata,
prot-198990--61,195,11,,,metadata,
prot-198990--61,195,12,,,metadata,
prot-198990--61,195,13,,,metadata,
prot-198990--61,195,14,,,metadata,
prot-198990--61,195,15,,,metadata,
prot-198990--61,195,16,,,metadata,
prot-198990--61,195,17,,,metadata,
prot-198990--61,195,18,,,metadata,
prot-198990--61,195,19,,,metadata,
prot-198990--61,195,20,,,metadata,
prot-198990--61,196,1,,,metadata,
prot-198990--61,196,2,,,metadata,
prot-198990--61,196,3,,,metadata,
prot-198990--61,196,4,,,metadata,
prot-198990--61,196,5,,,metadata,
prot-198990--61,196,6,,,metadata,
prot-198990--61,196,7,,,metadata,
prot-198990--61,196,8,,,metadata,
prot-198990--61,196,9,,,metadata,
prot-198990--61,196,10,,,metadata,
prot-198990--61,196,11,,,metadata,
prot-198990--61,196,12,,,metadata,
prot-198990--61,196,13,,,metadata,
prot-198990--61,196,14,,,metadata,
prot-198990--61,196,15,,,metadata,
prot-198990--61,196,16,,,metadata,
prot-198990--61,196,17,,,metadata,
prot-198990--61,196,18,,,metadata,
prot-198990--61,196,19,,,metadata,
prot-198990--61,196,20,,,metadata,
prot-198990--61,196,21,,,metadata,
prot-198990--61,196,22,,,metadata,
prot-198990--61,197,0,,,metadata,
prot-198990--61,197,1,,,metadata,
prot-198990--61,197,2,,,metadata,
prot-198990--61,197,3,,,metadata,
prot-198990--61,197,4,,,metadata,
prot-198990--61,197,5,,,metadata,
prot-198990--61,197,6,,,metadata,
prot-198990--61,197,7,,,metadata,
prot-198990--61,197,8,,,metadata,
prot-198990--61,197,9,,,metadata,
prot-198990--61,197,10,,,metadata,
prot-198990--61,197,11,,,metadata,
prot-198990--61,197,12,,,metadata,
prot-198990--61,197,13,,,metadata,
prot-198990--61,197,15,,,metadata,
prot-198990--61,197,16,,,metadata,
prot-198990--61,197,18,,,metadata,
prot-198990--61,198,0,,,metadata,
prot-198990--61,198,1,,,metadata,
prot-198990--61,198,2,,,metadata,
prot-198990--61,198,3,,,metadata,
prot-198990--61,198,4,,,metadata,
prot-198990--61,198,5,,,metadata,
prot-198990--61,198,6,,,metadata,
prot-198990--61,198,7,,,metadata,
prot-198990--61,198,8,,,metadata,
prot-198990--61,198,9,,,metadata,
prot-198990--61,198,10,,,metadata,
prot-198990--61,198,11,,,metadata,
prot-198990--61,198,12,,,metadata,
prot-198990--61,198,13,,,metadata,
prot-198990--61,198,14,,,metadata,
prot-198990--61,198,15,,,metadata,
prot-198990--61,198,16,,,metadata,
prot-198990--61,198,17,,,metadata,
prot-198990--61,198,18,,,metadata,
prot-198990--61,198,19,,,metadata,
prot-198990--61,199,2,,,metadata,
prot-198990--61,199,3,,,metadata,
prot-198990--61,199,4,,,metadata,
prot-198990--61,199,5,,,metadata,
prot-198990--61,199,6,,,metadata,
prot-198990--61,199,7,,,metadata,
prot-198990--61,199,8,,,metadata,
prot-198990--61,199,9,,,metadata,
prot-198990--61,199,10,,,metadata,
prot-198990--61,199,11,,,metadata,
prot-198990--61,199,12,,,metadata,
prot-198990--61,199,13,,,metadata,
prot-198990--61,199,14,,,metadata,
prot-198990--61,199,15,,,metadata,
prot-198990--61,199,16,,,metadata,
prot-198990--61,199,17,,,metadata,
prot-198990--61,199,18,,,metadata,
prot-198990--61,199,19,,,metadata,
prot-198990--61,199,20,,,metadata,
prot-198990--61,199,22,,,metadata,
prot-198990--61,199,23,,,metadata,
prot-198990--61,199,24,,,metadata,
prot-198990--61,200,0,,,metadata,
prot-198990--61,200,1,,,metadata,
prot-198990--61,200,2,,,metadata,
prot-198990--61,200,3,,,metadata,
prot-198990--61,200,4,,,metadata,
prot-198990--61,200,5,,,metadata,
prot-198990--61,200,6,,,metadata,
prot-198990--61,200,7,,,metadata,
prot-198990--61,200,8,,,metadata,
prot-198990--61,200,9,,,metadata,
prot-198990--61,200,10,,,metadata,
prot-198990--61,200,11,,,metadata,
prot-198990--61,200,12,,,metadata,
prot-198990--61,200,13,,,metadata,
prot-198990--61,200,14,,,metadata,
prot-198990--61,200,15,,,metadata,
prot-198990--61,200,17,,,metadata,
prot-198990--61,200,18,,,metadata,
prot-198990--61,201,1,,,metadata,
prot-198990--61,201,3,,,metadata,
prot-198990--61,201,4,,,metadata,
prot-198990--61,201,5,,,metadata,
prot-198990--61,201,9,,,metadata,
prot-198990--61,201,10,,,metadata,
prot-198990--61,201,11,,,metadata,
prot-198990--61,201,12,,,metadata,
prot-198990--61,201,13,,,metadata,
prot-198990--61,201,14,,,metadata,
prot-198990--61,201,15,,,metadata,
prot-198990--61,201,16,,,metadata,
prot-198990--61,201,17,,,metadata,
prot-198990--61,201,18,,,metadata,
prot-198990--61,201,19,,,metadata,
prot-198990--61,202,0,,,metadata,
prot-198990--61,202,1,,,metadata,
prot-198990--61,202,2,,,metadata,
prot-198990--61,202,3,,,metadata,
prot-198990--61,202,4,,,metadata,
prot-198990--61,202,5,,,metadata,
prot-198990--61,202,6,,,metadata,
prot-198990--61,202,7,,,metadata,
prot-198990--61,202,8,,,metadata,
prot-198990--61,202,9,,,metadata,
prot-198990--61,202,11,,,metadata,
prot-198990--61,202,12,,,metadata,
prot-198990--61,202,13,,,metadata,
prot-198990--61,202,14,,,metadata,
prot-198990--61,202,15,,,metadata,
prot-198990--61,202,16,,,metadata,
prot-198990--61,202,17,,,metadata,
prot-198990--61,202,18,,,metadata,
prot-198990--61,202,19,,,metadata,
prot-198990--61,202,20,,,metadata,
prot-198990--61,203,1,,,metadata,
prot-198990--61,203,2,,,metadata,
prot-198990--61,203,3,,,metadata,
prot-198990--61,203,4,,,metadata,
prot-198990--61,203,5,,,metadata,
prot-198990--61,203,6,,,metadata,
prot-198990--61,203,7,,,metadata,
prot-198990--61,203,8,,,metadata,
prot-198990--61,203,9,,,metadata,
prot-198990--61,203,10,,,metadata,
prot-198990--61,203,11,,,metadata,
prot-198990--61,203,12,,,metadata,
prot-198990--61,203,14,,,metadata,
prot-198990--61,203,15,,,metadata,
prot-198990--61,203,16,,,metadata,
prot-198990--61,203,17,,,metadata,
prot-198990--61,203,18,,,metadata,
prot-198990--61,203,19,,,metadata,
prot-198990--61,203,20,,,metadata,
prot-198990--61,203,21,,,metadata,
prot-198990--61,204,0,,,metadata,
prot-198990--61,204,1,,,metadata,
prot-198990--61,204,2,,,metadata,
prot-198990--61,204,3,,,metadata,
prot-198990--61,204,4,,,metadata,
prot-198990--61,204,5,,,metadata,
prot-198990--61,204,6,,,metadata,
prot-198990--61,204,7,,,metadata,
prot-198990--61,204,8,,,metadata,
prot-198990--61,204,9,,,metadata,
prot-198990--61,204,11,,,metadata,
prot-198990--61,204,12,,,metadata,
prot-198990--61,204,13,,,metadata,
prot-198990--61,204,14,,,metadata,
prot-198990--61,204,15,,,metadata,
prot-198990--61,204,16,,,metadata,
prot-198990--61,204,17,,,metadata,
prot-198990--61,204,18,,,metadata,
prot-198990--61,204,19,,,metadata,
prot-198990--61,205,0,,,metadata,
prot-198990--61,205,1,,,metadata,
prot-198990--61,205,2,,,metadata,
prot-198990--61,205,3,,,metadata,
prot-198990--61,205,4,,,metadata,
prot-198990--61,205,5,,,metadata,
prot-198990--61,205,6,,,metadata,
prot-198990--61,205,8,,,metadata,
prot-198990--61,205,9,,,metadata,
prot-198990--61,205,10,,,metadata,
prot-198990--61,205,11,,,metadata,
prot-198990--61,205,12,,,metadata,
prot-198990--61,205,13,,,metadata,
prot-198990--61,205,14,,,metadata,
prot-198990--61,205,15,,,metadata,
prot-198990--61,205,16,,,metadata,
prot-198990--61,205,17,,,metadata,
prot-198990--61,205,18,,,metadata,
prot-198990--61,205,19,,,metadata,
prot-198990--61,206,0,,,metadata,
prot-198990--61,206,2,,,metadata,
prot-198990--61,206,3,,,metadata,
prot-198990--61,206,4,,,metadata,
prot-198990--61,206,5,,,metadata,
prot-198990--61,206,6,,,metadata,
prot-198990--61,206,7,,,metadata,
prot-198990--61,206,8,,,metadata,
prot-198990--61,206,9,,,metadata,
prot-198990--61,206,10,,,metadata,
prot-198990--61,206,12,,,metadata,
prot-198990--61,206,13,,,metadata,
prot-198990--61,206,15,,,metadata,
prot-198990--61,206,16,,,metadata,
prot-198990--61,206,17,,,metadata,
prot-198990--61,206,18,,,metadata,
prot-198990--61,207,1,,,metadata,
prot-198990--61,207,2,,,metadata,
prot-198990--61,207,3,,,metadata,
prot-198990--61,207,4,,,metadata,
prot-198990--61,207,5,,,metadata,
prot-198990--61,207,6,,,metadata,
prot-198990--61,207,7,,,metadata,
prot-198990--61,207,8,,,metadata,
prot-198990--61,207,9,,,metadata,
prot-198990--61,207,10,,,metadata,
prot-198990--61,207,11,,,metadata,
prot-198990--61,207,12,,,metadata,
prot-198990--61,207,13,,,metadata,
prot-198990--61,207,14,,,metadata,
prot-198990--61,207,15,,,metadata,
prot-198990--61,207,16,,,metadata,
prot-198990--61,207,17,,,metadata,
prot-198990--61,207,19,,,metadata,
prot-198990--61,207,20,,,metadata,
prot-198990--61,207,21,,,metadata,
prot-198990--61,207,22,,,metadata,
prot-198990--61,208,0,,,metadata,
prot-198990--61,208,1,,,metadata,
prot-198990--61,208,2,,,metadata,
prot-198990--61,208,3,,,metadata,
prot-198990--61,208,4,,,metadata,
prot-198990--61,208,5,,,metadata,
prot-198990--61,208,6,,,metadata,
prot-198990--61,208,7,,,metadata,
prot-198990--61,208,8,,,metadata,
prot-198990--61,208,9,,,metadata,
prot-198990--61,208,10,,,metadata,
prot-198990--61,208,11,,,metadata,
prot-198990--61,208,13,,,metadata,
prot-198990--61,208,14,,,metadata,
prot-198990--61,208,15,,,metadata,
prot-198990--61,208,16,,,metadata,
prot-198990--61,208,17,,,metadata,
prot-198990--61,208,18,,,metadata,
prot-198990--61,208,19,,,metadata,
prot-198990--61,208,20,,,metadata,
prot-198990--61,209,1,,,metadata,
prot-198990--61,209,2,,,metadata,
prot-198990--61,209,3,,,metadata,
prot-198990--61,209,4,,,metadata,
prot-198990--61,209,5,,,metadata,
prot-198990--61,209,6,,,metadata,
prot-198990--61,209,7,,,metadata,
prot-198990--61,209,8,,,metadata,
prot-198990--61,209,9,,,metadata,
prot-198990--61,209,10,,,metadata,
prot-198990--61,209,11,,,metadata,
prot-198990--61,209,12,,,metadata,
prot-198990--61,209,13,,,metadata,
prot-198990--61,209,14,,,metadata,
prot-198990--61,209,15,,,metadata,
prot-198990--61,209,17,,,metadata,
prot-198990--61,209,18,,,metadata,
prot-198990--61,209,19,,,metadata,
prot-198990--61,210,0,,,metadata,
prot-198990--61,210,2,,,metadata,
prot-198990--61,210,3,,,metadata,
prot-198990--61,210,4,,,metadata,
prot-198990--61,210,6,,,metadata,
prot-198990--61,210,7,,,metadata,
prot-198990--61,210,8,,,metadata,
prot-198990--61,210,9,,,metadata,
prot-198990--61,210,10,,,metadata,
prot-198990--61,210,11,,,metadata,
prot-198990--61,210,12,,,metadata,
prot-198990--61,210,13,,,metadata,
prot-198990--61,210,14,,,metadata,
prot-198990--61,210,15,,,metadata,
prot-198990--61,210,16,,,metadata,
prot-198990--61,210,17,,,metadata,
prot-198990--61,210,18,,,metadata,
prot-198990--61,211,1,,,metadata,
prot-198990--61,211,2,,,metadata,
prot-198990--61,211,4,,,metadata,
prot-198990--61,211,6,,,metadata,
prot-198990--61,211,7,,,metadata,
prot-198990--61,211,8,,,metadata,
prot-198990--61,211,9,,,metadata,
prot-198990--61,211,10,,,metadata,
prot-198990--61,211,11,,,metadata,
prot-198990--61,211,13,,,metadata,
prot-198990--61,211,14,,,metadata,
prot-198990--61,211,15,,,metadata,
prot-198990--61,211,16,,,metadata,
prot-198990--61,211,18,,,metadata,
prot-198990--61,211,19,,,metadata,
prot-198990--61,211,20,,,metadata,
prot-198990--61,212,0,,,metadata,
prot-198990--61,212,1,,,metadata,
prot-198990--61,212,2,,,metadata,
prot-198990--61,212,3,,,metadata,
prot-198990--61,212,4,,,metadata,
prot-198990--61,212,5,,,metadata,
prot-198990--61,212,6,,,metadata,
prot-198990--61,212,7,,,metadata,
prot-198990--61,212,8,,,metadata,
prot-198990--61,212,9,,,metadata,
prot-198990--61,212,12,,,metadata,
prot-198990--61,212,14,,,metadata,
prot-198990--61,212,15,,,metadata,
prot-198990--61,212,16,,,metadata,
prot-198990--61,212,17,,,metadata,
prot-198990--61,212,18,,,metadata,
prot-198990--61,213,0,,,metadata,
prot-198990--61,213,1,,,metadata,
prot-198990--61,213,2,,,metadata,
prot-198990--61,213,3,,,metadata,
prot-198990--61,213,4,,,metadata,
prot-198990--61,213,6,,,metadata,
prot-198990--61,213,7,,,metadata,
prot-198990--61,213,8,,,metadata,
prot-198990--61,213,9,,,metadata,
prot-198990--61,213,10,,,metadata,
prot-198990--61,213,11,,,metadata,
prot-198990--61,213,12,,,metadata,
prot-198990--61,213,13,,,metadata,
prot-198990--61,213,14,,,metadata,
prot-198990--61,213,16,,,metadata,
prot-198990--61,213,17,,,metadata,
prot-198990--61,213,18,,,metadata,
prot-198990--61,213,20,,,metadata,
prot-198990--61,213,21,,,metadata,
prot-198990--61,213,22,,,metadata,
prot-198990--61,213,23,,,metadata,
prot-198990--61,214,1,,,metadata,
prot-198990--61,214,2,,,metadata,
prot-198990--61,214,3,,,metadata,
prot-198990--61,214,4,,,metadata,
prot-198990--61,214,5,,,metadata,
prot-198990--61,214,7,,,metadata,
prot-198990--61,214,8,,,metadata,
prot-198990--61,214,9,,,metadata,
prot-198990--61,214,10,,,metadata,
prot-198990--61,214,11,,,metadata,
prot-198990--61,214,12,,,metadata,
prot-198990--61,214,13,,,metadata,
prot-198990--61,214,16,,,metadata,
prot-198990--61,214,17,,,metadata,
prot-198990--61,214,18,,,metadata,
prot-198990--61,214,19,,,metadata,
prot-198990--61,215,0,,,metadata,
prot-198990--61,215,1,,,metadata,
prot-198990--61,215,2,,,metadata,
prot-198990--61,215,3,,,metadata,
prot-198990--61,215,4,,,metadata,
prot-198990--61,215,7,,,metadata,
prot-198990--61,215,8,,,metadata,
prot-198990--61,215,9,,,metadata,
prot-198990--61,215,10,,,metadata,
prot-198990--61,215,11,,,metadata,
prot-198990--61,215,12,,,metadata,
prot-198990--61,215,13,,,metadata,
prot-198990--61,215,14,,,metadata,
prot-198990--61,215,15,,,metadata,
prot-198990--61,215,16,,,metadata,
prot-198990--61,215,17,,,metadata,
prot-198990--61,215,18,,,metadata,
prot-198990--61,215,19,,,metadata,
prot-198990--61,215,20,,,metadata,
prot-198990--61,215,21,,,metadata,
prot-198990--61,216,0,,,metadata,
prot-198990--61,216,1,,,metadata,
prot-198990--61,216,2,,,metadata,
prot-198990--61,216,3,,,metadata,
prot-198990--61,216,4,,,metadata,
prot-198990--61,216,5,,,metadata,
prot-198990--61,216,6,,,metadata,
prot-198990--61,216,7,,,metadata,
prot-198990--61,216,8,,,metadata,
prot-198990--61,216,9,,,metadata,
prot-198990--61,216,10,,,metadata,
prot-198990--61,216,11,,,metadata,
prot-198990--61,216,12,,,metadata,
prot-198990--61,216,13,,,metadata,
prot-198990--61,216,14,,,metadata,
prot-198990--61,216,15,,,metadata,
prot-198990--61,216,16,,,metadata,
prot-198990--61,216,17,,,metadata,
prot-198990--61,216,18,,,metadata,
prot-198990--61,217,1,,,metadata,
prot-198990--61,217,2,,,metadata,
prot-198990--61,217,3,,,metadata,
prot-198990--61,217,4,,,metadata,
prot-198990--61,217,5,,,metadata,
prot-198990--61,217,6,,,metadata,
prot-198990--61,217,7,,,metadata,
prot-198990--61,217,8,,,metadata,
prot-198990--61,217,9,,,metadata,
prot-198990--61,217,10,,,metadata,
prot-198990--61,217,11,,,metadata,
prot-198990--61,217,12,,,metadata,
prot-198990--61,217,13,,,metadata,
prot-198990--61,217,14,,,metadata,
prot-198990--61,217,15,,,metadata,
prot-198990--61,217,16,,,metadata,
prot-198990--61,217,17,,,metadata,
prot-198990--61,217,18,,,metadata,
prot-198990--61,217,19,,,metadata,
prot-198990--61,217,20,,,metadata,
prot-198990--61,218,0,,,metadata,
prot-198990--61,218,1,,,metadata,
prot-198990--61,218,2,,,metadata,
prot-198990--61,218,3,,,metadata,
prot-198990--61,218,4,,,metadata,
prot-198990--61,218,5,,,metadata,
prot-198990--61,218,6,,,metadata,
prot-198990--61,218,7,,,metadata,
prot-198990--61,218,8,,,metadata,
prot-198990--61,218,9,,,metadata,
prot-198990--61,218,10,,,metadata,
prot-198990--61,218,11,,,metadata,
prot-198990--61,218,12,,,metadata,
prot-198990--61,218,13,,,metadata,
prot-198990--61,218,14,,,metadata,
prot-198990--61,218,15,,,metadata,
prot-198990--61,218,16,,,metadata,
prot-198990--61,218,17,,,metadata,
prot-198990--61,218,18,,,metadata,
prot-198990--61,218,19,,,metadata,
prot-198990--61,218,20,,,metadata,
prot-198990--61,219,0,,,metadata,
prot-198990--61,219,1,,,metadata,
prot-198990--61,219,2,,,metadata,
prot-198990--61,219,3,,,metadata,
prot-198990--61,219,4,,,metadata,
prot-198990--61,219,5,,,metadata,
prot-198990--61,219,6,,,metadata,
prot-198990--61,219,7,,,metadata,
prot-198990--61,219,8,,,metadata,
prot-198990--61,219,9,,,metadata,
prot-198990--61,219,10,,,metadata,
prot-198990--61,219,13,,,metadata,
prot-198990--61,219,14,,,metadata,
prot-198990--61,219,15,,,metadata,
prot-198990--61,219,16,,,metadata,
prot-198990--61,219,17,,,metadata,
prot-198990--61,219,18,,,metadata,
prot-198990--61,219,19,,,metadata,
prot-198990--61,220,0,,,metadata,
prot-198990--61,220,1,,,metadata,
prot-198990--61,220,2,,,metadata,
prot-198990--61,220,3,,,metadata,
prot-198990--61,220,4,,,metadata,
prot-198990--61,220,5,,,metadata,
prot-198990--61,220,6,,,metadata,
prot-198990--61,220,7,,,metadata,
prot-198990--61,220,8,,,metadata,
prot-198990--61,220,11,,,metadata,
prot-198990--61,220,12,,,metadata,
prot-198990--61,220,13,,,metadata,
prot-198990--61,220,14,,,metadata,
prot-198990--61,220,15,,,metadata,
prot-198990--61,220,16,,,metadata,
prot-198990--61,220,17,,,metadata,
prot-198990--61,220,18,,,metadata,
prot-198990--61,220,19,,,metadata,
prot-198990--61,221,2,,,metadata,
prot-198990--61,221,4,,,metadata,
prot-198990--61,221,5,,,metadata,
prot-198990--61,221,6,,,metadata,
prot-198990--61,221,7,,,metadata,
prot-198990--61,221,8,,,metadata,
prot-198990--61,221,9,,,metadata,
prot-198990--61,221,10,,,metadata,
prot-198990--61,221,11,,,metadata,
prot-198990--61,221,12,,,metadata,
prot-198990--61,221,13,,,metadata,
prot-198990--61,221,14,,,metadata,
prot-198990--61,221,15,,,metadata,
prot-198990--61,221,16,,,metadata,
prot-198990--61,221,17,,,metadata,
prot-198990--61,221,18,,,metadata,
prot-198990--61,221,19,,,metadata,
prot-198990--61,221,20,,,metadata,
prot-198990--61,221,21,,,metadata,
prot-198990--61,222,0,,,metadata,
prot-198990--61,222,1,,,metadata,
prot-198990--61,222,2,,,metadata,
prot-198990--61,222,3,,,metadata,
prot-198990--61,222,4,,,metadata,
prot-198990--61,222,5,,,metadata,
prot-198990--61,222,6,,,metadata,
prot-198990--61,222,7,,,metadata,
prot-198990--61,222,8,,,metadata,
prot-198990--61,222,9,,,metadata,
prot-198990--61,222,10,,,metadata,
prot-198990--61,222,11,,,metadata,
prot-198990--61,222,12,,,metadata,
prot-198990--61,222,13,,,metadata,
prot-198990--61,222,14,,,metadata,
prot-198990--61,222,16,,,metadata,
prot-198990--61,222,17,,,metadata,
prot-198990--61,222,18,,,metadata,
prot-198990--61,223,0,,,metadata,
prot-198990--61,223,1,,,metadata,
prot-198990--61,223,3,,,metadata,
prot-198990--61,223,4,,,metadata,
prot-198990--61,223,5,,,metadata,
prot-198990--61,223,6,,,metadata,
prot-198990--61,223,7,,,metadata,
prot-198990--61,223,8,,,metadata,
prot-198990--61,223,9,,,metadata,
prot-198990--61,223,10,,,metadata,
prot-198990--61,223,11,,,metadata,
prot-198990--61,223,12,,,metadata,
prot-198990--61,223,13,,,metadata,
prot-198990--61,223,14,,,metadata,
prot-198990--61,223,15,,,metadata,
prot-198990--61,223,16,,,metadata,
prot-198990--61,223,18,,,metadata,
prot-198990--61,223,19,,,metadata,
prot-198990--61,224,0,,,metadata,
prot-198990--61,224,1,,,metadata,
prot-198990--61,224,2,,,metadata,
prot-198990--61,224,3,,,metadata,
prot-198990--61,224,4,,,metadata,
prot-198990--61,224,5,,,metadata,
prot-198990--61,224,6,,,metadata,
prot-198990--61,224,7,,,metadata,
prot-198990--61,224,8,,,metadata,
prot-198990--61,224,9,,,metadata,
prot-198990--61,224,10,,,metadata,
prot-198990--61,224,11,,,metadata,
prot-198990--61,224,12,,,metadata,
prot-198990--61,224,13,,,metadata,
prot-198990--61,224,14,,,metadata,
prot-198990--61,224,15,,,metadata,
prot-198990--61,224,16,,,metadata,
prot-198990--61,224,17,,,metadata,
prot-198990--61,224,18,,,metadata,
prot-198990--61,224,19,,,metadata,
prot-198990--61,224,20,,,metadata,
prot-198990--61,224,21,,,metadata,
prot-198990--61,225,0,,,metadata,
prot-198990--61,225,1,,,metadata,
prot-198990--61,225,2,,,metadata,
prot-198990--61,225,3,,,metadata,
prot-198990--61,225,4,,,metadata,
prot-198990--61,225,6,,,metadata,
prot-198990--61,225,7,,,metadata,
prot-198990--61,225,8,,,metadata,
prot-198990--61,225,9,,,metadata,
prot-198990--61,225,10,,,metadata,
prot-198990--61,225,11,,,metadata,
prot-198990--61,225,12,,,metadata,
prot-198990--61,225,13,,,metadata,
prot-198990--61,225,14,,,metadata,
prot-198990--61,225,15,,,metadata,
prot-198990--61,225,16,,,metadata,
prot-198990--61,225,17,,,metadata,
prot-198990--61,225,18,,,metadata,
prot-198990--61,225,19,,,metadata,
prot-198990--61,225,20,,,metadata,
prot-198990--61,225,21,,,metadata,
prot-198990--61,226,0,,,metadata,
prot-198990--61,226,1,,,metadata,
prot-198990--61,226,2,,,metadata,
prot-198990--61,226,3,,,metadata,
prot-198990--61,226,4,,,metadata,
prot-198990--61,226,5,,,metadata,
prot-198990--61,226,6,,,metadata,
prot-198990--61,226,7,,,metadata,
prot-198990--61,226,8,,,metadata,
prot-198990--61,226,9,,,metadata,
prot-198990--61,226,10,,,metadata,
prot-198990--61,226,11,,,metadata,
prot-198990--61,226,12,,,metadata,
prot-198990--61,226,13,,,metadata,
prot-198990--61,226,14,,,metadata,
prot-198990--61,226,15,,,metadata,
prot-198990--61,226,16,,,metadata,
prot-198990--61,226,17,,,metadata,
prot-198990--61,226,18,,,metadata,
prot-198990--61,227,0,,,metadata,
prot-198990--61,227,1,,,metadata,
prot-198990--61,227,2,,,metadata,
prot-198990--61,227,3,,,metadata,
prot-198990--61,227,4,,,metadata,
prot-198990--61,227,5,,,metadata,
prot-198990--61,227,6,,,metadata,
prot-198990--61,227,7,,,metadata,
prot-198990--61,227,8,,,metadata,
prot-198990--61,227,9,,,metadata,
prot-198990--61,227,10,,,metadata,
prot-198990--61,227,11,,,metadata,
prot-198990--61,227,12,,,metadata,
prot-198990--61,227,13,,,metadata,
prot-198990--61,227,14,,,metadata,
prot-198990--61,227,15,,,metadata,
prot-198990--61,227,17,,,metadata,
prot-198990--61,227,18,,,metadata,
prot-198990--61,227,19,,,metadata,
prot-198990--61,228,0,,,metadata,
prot-198990--61,228,1,,,metadata,
prot-198990--61,228,2,,,metadata,
prot-198990--61,228,3,,,metadata,
prot-198990--61,228,4,,,metadata,
prot-198990--61,228,5,,,metadata,
prot-198990--61,228,6,,,metadata,
prot-198990--61,228,7,,,metadata,
prot-198990--61,228,8,,,metadata,
prot-198990--61,228,9,,,metadata,
prot-198990--61,228,10,,,metadata,
prot-198990--61,228,11,,,metadata,
prot-198990--61,228,12,,,metadata,
prot-198990--61,228,13,,,metadata,
prot-198990--61,228,14,,,metadata,
prot-198990--61,228,15,,,metadata,
prot-198990--61,228,16,,,metadata,
prot-198990--61,228,17,,,metadata,
prot-198990--61,228,18,,,metadata,
prot-198990--61,229,1,,,metadata,
prot-198990--61,229,2,,,metadata,
prot-198990--61,229,3,,,metadata,
prot-198990--61,229,4,,,metadata,
prot-198990--61,229,5,,,metadata,
prot-198990--61,229,6,,,metadata,
prot-198990--61,229,7,,,metadata,
prot-198990--61,229,8,,,metadata,
prot-198990--61,229,9,,,metadata,
prot-198990--61,229,10,,,metadata,
prot-198990--61,229,11,,,metadata,
prot-198990--61,229,12,,,metadata,
prot-198990--61,229,13,,,metadata,
prot-198990--61,229,14,,,metadata,
prot-198990--61,229,15,,,metadata,
prot-198990--61,229,16,,,metadata,
prot-198990--61,229,17,,,metadata,
prot-198990--61,229,18,,,metadata,
prot-198990--61,229,19,,,metadata,
prot-198990--61,229,20,,,metadata,
prot-198990--61,230,0,,,metadata,
prot-198990--61,230,1,,,metadata,
prot-198990--61,230,2,,,metadata,
prot-198990--61,230,3,,,metadata,
prot-198990--61,230,4,,,metadata,
prot-198990--61,230,5,,,metadata,
