,filename,pattern,txt,person
0,prot-1951--ak--13,cdca04e0bc6ce855,s- h,
1,prot-1951--ak--13,cdca04e0bc6ce855,s- i,
2,prot-1951--ak--13,cdca04e0bc6ce855,d- p,
3,prot-1951--ak--13,cdca04e0bc6ce855,d- m,
0,prot-1951--ak--13,7b16a01c980ae2ac,"n
s",
1,prot-1951--ak--13,cdca04e0bc6ce855,s- v,
2,prot-1951--ak--13,cdca04e0bc6ce855,g- o,
0,prot-1951--ak--13,cdca04e0bc6ce855,s- t,
1,prot-1951--ak--13,cdca04e0bc6ce855,s- o,
2,prot-1951--ak--13,cdca04e0bc6ce855,x- t,
3,prot-1951--ak--13,cdca04e0bc6ce855,i- t,
4,prot-1951--ak--13,cdca04e0bc6ce855,å- s,
5,prot-1951--ak--13,cdca04e0bc6ce855,s- o,
6,prot-1951--ak--13,cdca04e0bc6ce855,s- t,
7,prot-1951--ak--13,cdca04e0bc6ce855,i- d,
8,prot-1951--ak--13,cdca04e0bc6ce855,d- n,
0,prot-1951--ak--13,cdca04e0bc6ce855,k- n,
1,prot-1951--ak--13,cdca04e0bc6ce855,s- a,
2,prot-1951--ak--13,cdca04e0bc6ce855,p- o,
0,prot-1951--ak--13,7b16a01c980ae2ac,"d
t",
1,prot-1951--ak--13,7b16a01c980ae2ac,"h
n",
2,prot-1951--ak--13,7b16a01c980ae2ac,"t
t",
3,prot-1951--ak--13,7b16a01c980ae2ac,"l
s",
4,prot-1951--ak--13,cdca04e0bc6ce855,l- n,
5,prot-1951--ak--13,cdca04e0bc6ce855,a- r,
6,prot-1951--ak--13,cdca04e0bc6ce855,e- r,
7,prot-1951--ak--13,cdca04e0bc6ce855,e- h,
8,prot-1951--ak--13,cdca04e0bc6ce855,t- r,
9,prot-1951--ak--13,cdca04e0bc6ce855,å- e,
10,prot-1951--ak--13,cdca04e0bc6ce855,d- l,
11,prot-1951--ak--13,cdca04e0bc6ce855,r- p,
12,prot-1951--ak--13,cdca04e0bc6ce855,s- m,
13,prot-1951--ak--13,cdca04e0bc6ce855,o- o,
14,prot-1951--ak--13,cdca04e0bc6ce855,s- t,
15,prot-1951--ak--13,cdca04e0bc6ce855,n- l,
16,prot-1951--ak--13,cdca04e0bc6ce855,r- b,
17,prot-1951--ak--13,cdca04e0bc6ce855,o- m,
18,prot-1951--ak--13,cdca04e0bc6ce855,l- s,
19,prot-1951--ak--13,cdca04e0bc6ce855,g- n,
20,prot-1951--ak--13,cdca04e0bc6ce855,r- m,
21,prot-1951--ak--13,cdca04e0bc6ce855,s- f,
22,prot-1951--ak--13,cdca04e0bc6ce855,n- d,
23,prot-1951--ak--13,cdca04e0bc6ce855,r- s,
24,prot-1951--ak--13,cdca04e0bc6ce855,r- g,
25,prot-1951--ak--13,cdca04e0bc6ce855,t- n,
26,prot-1951--ak--13,cdca04e0bc6ce855,s- t,
27,prot-1951--ak--13,cdca04e0bc6ce855,a- g,
28,prot-1951--ak--13,cdca04e0bc6ce855,l- s,
29,prot-1951--ak--13,cdca04e0bc6ce855,o- n,
30,prot-1951--ak--13,cdca04e0bc6ce855,å- g,
31,prot-1951--ak--13,cdca04e0bc6ce855,v- n,
32,prot-1951--ak--13,cdca04e0bc6ce855,s- t,
33,prot-1951--ak--13,cdca04e0bc6ce855,r- s,
0,prot-1951--ak--13,7b16a01c980ae2ac,"n
f",
1,prot-1951--ak--13,7b16a01c980ae2ac,"h
n",
2,prot-1951--ak--13,cdca04e0bc6ce855,m- s,
3,prot-1951--ak--13,cdca04e0bc6ce855,l- l,
4,prot-1951--ak--13,cdca04e0bc6ce855,e- p,
5,prot-1951--ak--13,cdca04e0bc6ce855,t- n,
6,prot-1951--ak--13,cdca04e0bc6ce855,a- r,
7,prot-1951--ak--13,cdca04e0bc6ce855,k- d,
8,prot-1951--ak--13,cdca04e0bc6ce855,t- s,
9,prot-1951--ak--13,cdca04e0bc6ce855,m- m,
10,prot-1951--ak--13,cdca04e0bc6ce855,r- n,
11,prot-1951--ak--13,cdca04e0bc6ce855,ä- d,
12,prot-1951--ak--13,cdca04e0bc6ce855,m- m,
13,prot-1951--ak--13,cdca04e0bc6ce855,ö- t,
14,prot-1951--ak--13,cdca04e0bc6ce855,n- n,
15,prot-1951--ak--13,cdca04e0bc6ce855,r- s,
16,prot-1951--ak--13,cdca04e0bc6ce855,l- j,
17,prot-1951--ak--13,cdca04e0bc6ce855,v- r,
18,prot-1951--ak--13,cdca04e0bc6ce855,r- s,
19,prot-1951--ak--13,cdca04e0bc6ce855,o- g,
20,prot-1951--ak--13,cdca04e0bc6ce855,n- j,
21,prot-1951--ak--13,cdca04e0bc6ce855,a- f,
22,prot-1951--ak--13,cdca04e0bc6ce855,e- h,
23,prot-1951--ak--13,cdca04e0bc6ce855,s- o,
24,prot-1951--ak--13,cdca04e0bc6ce855,r- g,
25,prot-1951--ak--13,cdca04e0bc6ce855,n- n,
26,prot-1951--ak--13,cdca04e0bc6ce855,r- b,
27,prot-1951--ak--13,cdca04e0bc6ce855,m- s,
28,prot-1951--ak--13,cdca04e0bc6ce855,t- å,
29,prot-1951--ak--13,cdca04e0bc6ce855,e- s,
30,prot-1951--ak--13,cdca04e0bc6ce855,m- s,
31,prot-1951--ak--13,cdca04e0bc6ce855,t- å,
32,prot-1951--ak--13,cdca04e0bc6ce855,m- s,
33,prot-1951--ak--13,cdca04e0bc6ce855,t- å,
34,prot-1951--ak--13,cdca04e0bc6ce855,o- s,
35,prot-1951--ak--13,cdca04e0bc6ce855,j- l,
36,prot-1951--ak--13,cdca04e0bc6ce855,i- e,
37,prot-1951--ak--13,cdca04e0bc6ce855,o- n,
0,prot-1951--ak--13,7b16a01c980ae2ac,"h
n",
1,prot-1951--ak--13,7b16a01c980ae2ac,"h
n",
2,prot-1951--ak--13,7b16a01c980ae2ac,"t
f",
3,prot-1951--ak--13,7b16a01c980ae2ac,"h
n",
4,prot-1951--ak--13,7b16a01c980ae2ac,"h
n",
5,prot-1951--ak--13,cdca04e0bc6ce855,s- a,
6,prot-1951--ak--13,cdca04e0bc6ce855,i- t,
7,prot-1951--ak--13,cdca04e0bc6ce855,o- n,
8,prot-1951--ak--13,cdca04e0bc6ce855,g- b,
9,prot-1951--ak--13,cdca04e0bc6ce855,o- n,
10,prot-1951--ak--13,cdca04e0bc6ce855,o- n,
11,prot-1951--ak--13,cdca04e0bc6ce855,o- m,
12,prot-1951--ak--13,cdca04e0bc6ce855,r- b,
13,prot-1951--ak--13,cdca04e0bc6ce855,a- g,
14,prot-1951--ak--13,cdca04e0bc6ce855,o- p,
15,prot-1951--ak--13,cdca04e0bc6ce855,m- g,
16,prot-1951--ak--13,cdca04e0bc6ce855,m- a,
17,prot-1951--ak--13,cdca04e0bc6ce855,o- s,
18,prot-1951--ak--13,cdca04e0bc6ce855,n- d,
19,prot-1951--ak--13,cdca04e0bc6ce855,l- s,
20,prot-1951--ak--13,cdca04e0bc6ce855,m- s,
21,prot-1951--ak--13,cdca04e0bc6ce855,f- t,
22,prot-1951--ak--13,cdca04e0bc6ce855,m- r,
23,prot-1951--ak--13,cdca04e0bc6ce855,r- s,
24,prot-1951--ak--13,cdca04e0bc6ce855,d- g,
25,prot-1951--ak--13,cdca04e0bc6ce855,s- a,
26,prot-1951--ak--13,cdca04e0bc6ce855,l- l,
27,prot-1951--ak--13,cdca04e0bc6ce855,t- l,
28,prot-1951--ak--13,cdca04e0bc6ce855,o- n,
29,prot-1951--ak--13,cdca04e0bc6ce855,e- v,
30,prot-1951--ak--13,cdca04e0bc6ce855,s- o,
31,prot-1951--ak--13,cdca04e0bc6ce855,t- e,
32,prot-1951--ak--13,cdca04e0bc6ce855,n- g,
33,prot-1951--ak--13,cdca04e0bc6ce855,u- n,
34,prot-1951--ak--13,cdca04e0bc6ce855,i- d,
35,prot-1951--ak--13,cdca04e0bc6ce855,k- t,
36,prot-1951--ak--13,cdca04e0bc6ce855,o- n,
37,prot-1951--ak--13,cdca04e0bc6ce855,n- d,
38,prot-1951--ak--13,cdca04e0bc6ce855,s- o,
39,prot-1951--ak--13,cdca04e0bc6ce855,t- s,
40,prot-1951--ak--13,cdca04e0bc6ce855,i- t,
41,prot-1951--ak--13,cdca04e0bc6ce855,n- s,
0,prot-1951--ak--13,7b16a01c980ae2ac,"h
n",
1,prot-1951--ak--13,7b16a01c980ae2ac,"h
n",
2,prot-1951--ak--13,7b16a01c980ae2ac,"h
n",
3,prot-1951--ak--13,7b16a01c980ae2ac,"h
n",
4,prot-1951--ak--13,7b16a01c980ae2ac,"t
a",
5,prot-1951--ak--13,7b16a01c980ae2ac,"h
n",
6,prot-1951--ak--13,cdca04e0bc6ce855,m- n,
7,prot-1951--ak--13,cdca04e0bc6ce855,e- v,
8,prot-1951--ak--13,cdca04e0bc6ce855,o- n,
9,prot-1951--ak--13,cdca04e0bc6ce855,o- n,
10,prot-1951--ak--13,cdca04e0bc6ce855,k- t,
11,prot-1951--ak--13,cdca04e0bc6ce855,o- n,
12,prot-1951--ak--13,cdca04e0bc6ce855,m- p,
13,prot-1951--ak--13,cdca04e0bc6ce855,n- l,
14,prot-1951--ak--13,cdca04e0bc6ce855,g- h,
15,prot-1951--ak--13,cdca04e0bc6ce855,o- n,
16,prot-1951--ak--13,cdca04e0bc6ce855,r- s,
17,prot-1951--ak--13,cdca04e0bc6ce855,n- d,
18,prot-1951--ak--13,cdca04e0bc6ce855,a- m,
19,prot-1951--ak--13,cdca04e0bc6ce855,o- n,
20,prot-1951--ak--13,cdca04e0bc6ce855,n- d,
21,prot-1951--ak--13,cdca04e0bc6ce855,o- p,
22,prot-1951--ak--13,cdca04e0bc6ce855,r- f,
23,prot-1951--ak--13,cdca04e0bc6ce855,k- t,
24,prot-1951--ak--13,cdca04e0bc6ce855,t- t,
25,prot-1951--ak--13,cdca04e0bc6ce855,s- t,
26,prot-1951--ak--13,cdca04e0bc6ce855,d- j,
27,prot-1951--ak--13,cdca04e0bc6ce855,n- h,
28,prot-1951--ak--13,cdca04e0bc6ce855,d- n,
29,prot-1951--ak--13,cdca04e0bc6ce855,i- l,
30,prot-1951--ak--13,cdca04e0bc6ce855,n- d,
31,prot-1951--ak--13,cdca04e0bc6ce855,n- k,
32,prot-1951--ak--13,cdca04e0bc6ce855,d- g,
0,prot-1951--ak--13,7b16a01c980ae2ac,"h
n",
1,prot-1951--ak--13,cdca04e0bc6ce855,m- l,
2,prot-1951--ak--13,cdca04e0bc6ce855,n- s,
3,prot-1951--ak--13,cdca04e0bc6ce855,d- l,
4,prot-1951--ak--13,cdca04e0bc6ce855,i- d,
5,prot-1951--ak--13,cdca04e0bc6ce855,ö- s,
6,prot-1951--ak--13,cdca04e0bc6ce855,v- g,
7,prot-1951--ak--13,cdca04e0bc6ce855,n- d,
8,prot-1951--ak--13,cdca04e0bc6ce855,n- l,
9,prot-1951--ak--13,cdca04e0bc6ce855,o- m,
10,prot-1951--ak--13,cdca04e0bc6ce855,r- e,
11,prot-1951--ak--13,cdca04e0bc6ce855,o- t,
12,prot-1951--ak--13,cdca04e0bc6ce855,s- o,
13,prot-1951--ak--13,cdca04e0bc6ce855,k- n,
14,prot-1951--ak--13,cdca04e0bc6ce855,n- t,
15,prot-1951--ak--13,cdca04e0bc6ce855,l- l,
16,prot-1951--ak--13,cdca04e0bc6ce855,e- m,
17,prot-1951--ak--13,cdca04e0bc6ce855,å- s,
18,prot-1951--ak--13,cdca04e0bc6ce855,m- m,
0,prot-1951--ak--13,7b16a01c980ae2ac,"m
o",
1,prot-1951--ak--13,7b16a01c980ae2ac,"d
s",
2,prot-1951--ak--13,cdca04e0bc6ce855,d- t,
3,prot-1951--ak--13,cdca04e0bc6ce855,r- t,
4,prot-1951--ak--13,cdca04e0bc6ce855,s- k,
5,prot-1951--ak--13,cdca04e0bc6ce855,m- m,
6,prot-1951--ak--13,cdca04e0bc6ce855,k- t,
7,prot-1951--ak--13,cdca04e0bc6ce855,l- m,
8,prot-1951--ak--13,cdca04e0bc6ce855,o- g,
9,prot-1951--ak--13,cdca04e0bc6ce855,n- s,
10,prot-1951--ak--13,cdca04e0bc6ce855,r- l,
11,prot-1951--ak--13,cdca04e0bc6ce855,r- o,
12,prot-1951--ak--13,cdca04e0bc6ce855,r- s,
13,prot-1951--ak--13,cdca04e0bc6ce855,r- d,
14,prot-1951--ak--13,cdca04e0bc6ce855,r- f,
15,prot-1951--ak--13,cdca04e0bc6ce855,n- d,
16,prot-1951--ak--13,cdca04e0bc6ce855,l- l,
17,prot-1951--ak--13,cdca04e0bc6ce855,l- t,
18,prot-1951--ak--13,cdca04e0bc6ce855,e- r,
19,prot-1951--ak--13,cdca04e0bc6ce855,e- d,
20,prot-1951--ak--13,cdca04e0bc6ce855,m- b,
21,prot-1951--ak--13,cdca04e0bc6ce855,e- l,
22,prot-1951--ak--13,cdca04e0bc6ce855,n- l,
23,prot-1951--ak--13,cdca04e0bc6ce855,g- e,
24,prot-1951--ak--13,cdca04e0bc6ce855,o- m,
25,prot-1951--ak--13,cdca04e0bc6ce855,t- b,
26,prot-1951--ak--13,cdca04e0bc6ce855,a- l,
27,prot-1951--ak--13,cdca04e0bc6ce855,t- f,
0,prot-1951--ak--13,7b16a01c980ae2ac,"m
o",
1,prot-1951--ak--13,cdca04e0bc6ce855,d- t,
2,prot-1951--ak--13,cdca04e0bc6ce855,n- d,
3,prot-1951--ak--13,cdca04e0bc6ce855,n- s,
4,prot-1951--ak--13,cdca04e0bc6ce855,e- r,
5,prot-1951--ak--13,cdca04e0bc6ce855,e- t,
6,prot-1951--ak--13,cdca04e0bc6ce855,a- t,
7,prot-1951--ak--13,cdca04e0bc6ce855,o- n,
8,prot-1951--ak--13,cdca04e0bc6ce855,s- s,
9,prot-1951--ak--13,cdca04e0bc6ce855,v- v,
10,prot-1951--ak--13,cdca04e0bc6ce855,v- n,
11,prot-1951--ak--13,cdca04e0bc6ce855,r- g,
12,prot-1951--ak--13,cdca04e0bc6ce855,e- t,
13,prot-1951--ak--13,cdca04e0bc6ce855,l- t,
14,prot-1951--ak--13,cdca04e0bc6ce855,r- s,
15,prot-1951--ak--13,cdca04e0bc6ce855,t- n,
16,prot-1951--ak--13,cdca04e0bc6ce855,t- s,
17,prot-1951--ak--13,cdca04e0bc6ce855,r- e,
18,prot-1951--ak--13,cdca04e0bc6ce855,o- d,
19,prot-1951--ak--13,cdca04e0bc6ce855,t- l,
20,prot-1951--ak--13,cdca04e0bc6ce855,c- c,
21,prot-1951--ak--13,cdca04e0bc6ce855,t- f,
22,prot-1951--ak--13,cdca04e0bc6ce855,a- d,
23,prot-1951--ak--13,cdca04e0bc6ce855,m- m,
24,prot-1951--ak--13,cdca04e0bc6ce855,t- n,
25,prot-1951--ak--13,cdca04e0bc6ce855,k- k,
26,prot-1951--ak--13,cdca04e0bc6ce855,n- l,
27,prot-1951--ak--13,cdca04e0bc6ce855,g- r,
28,prot-1951--ak--13,cdca04e0bc6ce855,d- l,
29,prot-1951--ak--13,cdca04e0bc6ce855,l- k,
30,prot-1951--ak--13,cdca04e0bc6ce855,n- d,
31,prot-1951--ak--13,cdca04e0bc6ce855,n- l,
32,prot-1951--ak--13,cdca04e0bc6ce855,r- i,
33,prot-1951--ak--13,cdca04e0bc6ce855,å- l,
34,prot-1951--ak--13,cdca04e0bc6ce855,s- f,
35,prot-1951--ak--13,cdca04e0bc6ce855,t- n,
36,prot-1951--ak--13,cdca04e0bc6ce855,l- n,
37,prot-1951--ak--13,cdca04e0bc6ce855,o- n,
38,prot-1951--ak--13,cdca04e0bc6ce855,m- k,
39,prot-1951--ak--13,cdca04e0bc6ce855,s- f,
40,prot-1951--ak--13,cdca04e0bc6ce855,t- n,
41,prot-1951--ak--13,cdca04e0bc6ce855,r- s,
0,prot-1951--ak--13,7b16a01c980ae2ac,"m
o",
1,prot-1951--ak--13,7b16a01c980ae2ac,"t
d",
2,prot-1951--ak--13,cdca04e0bc6ce855,d- t,
3,prot-1951--ak--13,cdca04e0bc6ce855,s- t,
4,prot-1951--ak--13,cdca04e0bc6ce855,k- s,
5,prot-1951--ak--13,cdca04e0bc6ce855,r- s,
6,prot-1951--ak--13,cdca04e0bc6ce855,l- l,
7,prot-1951--ak--13,cdca04e0bc6ce855,a- k,
8,prot-1951--ak--13,cdca04e0bc6ce855,s- t,
9,prot-1951--ak--13,cdca04e0bc6ce855,e- n,
10,prot-1951--ak--13,cdca04e0bc6ce855,y- g,
11,prot-1951--ak--13,cdca04e0bc6ce855,g- e,
12,prot-1951--ak--13,cdca04e0bc6ce855,s- v,
13,prot-1951--ak--13,cdca04e0bc6ce855,a- m,
14,prot-1951--ak--13,cdca04e0bc6ce855,l- l,
15,prot-1951--ak--13,cdca04e0bc6ce855,m- m,
16,prot-1951--ak--13,cdca04e0bc6ce855,v- f,
17,prot-1951--ak--13,cdca04e0bc6ce855,s- t,
18,prot-1951--ak--13,cdca04e0bc6ce855,a- d,
19,prot-1951--ak--13,cdca04e0bc6ce855,a- d,
20,prot-1951--ak--13,cdca04e0bc6ce855,r- m,
21,prot-1951--ak--13,cdca04e0bc6ce855,k- r,
22,prot-1951--ak--13,cdca04e0bc6ce855,p- p,
23,prot-1951--ak--13,cdca04e0bc6ce855,i- t,
24,prot-1951--ak--13,cdca04e0bc6ce855,r- l,
25,prot-1951--ak--13,cdca04e0bc6ce855,n- d,
26,prot-1951--ak--13,cdca04e0bc6ce855,e- v,
27,prot-1951--ak--13,cdca04e0bc6ce855,e- l,
28,prot-1951--ak--13,cdca04e0bc6ce855,p- p,
29,prot-1951--ak--13,cdca04e0bc6ce855,r- r,
30,prot-1951--ak--13,cdca04e0bc6ce855,e- b,
31,prot-1951--ak--13,cdca04e0bc6ce855,k- r,
0,prot-1951--ak--13,7b16a01c980ae2ac,"m
o",
1,prot-1951--ak--13,7b16a01c980ae2ac,"å
h",
2,prot-1951--ak--13,cdca04e0bc6ce855,d- t,
3,prot-1951--ak--13,cdca04e0bc6ce855,o- n,
4,prot-1951--ak--13,cdca04e0bc6ce855,r- m,
5,prot-1951--ak--13,cdca04e0bc6ce855,r- s,
6,prot-1951--ak--13,cdca04e0bc6ce855,å- g,
7,prot-1951--ak--13,cdca04e0bc6ce855,l- l,
8,prot-1951--ak--13,cdca04e0bc6ce855,a- d,
9,prot-1951--ak--13,cdca04e0bc6ce855,l- d,
10,prot-1951--ak--13,cdca04e0bc6ce855,n- s,
11,prot-1951--ak--13,cdca04e0bc6ce855,k- l,
12,prot-1951--ak--13,cdca04e0bc6ce855,n- p,
13,prot-1951--ak--13,cdca04e0bc6ce855,a- d,
14,prot-1951--ak--13,cdca04e0bc6ce855,l- l,
15,prot-1951--ak--13,cdca04e0bc6ce855,d- d,
16,prot-1951--ak--13,cdca04e0bc6ce855,r- d,
17,prot-1951--ak--13,cdca04e0bc6ce855,r- s,
18,prot-1951--ak--13,cdca04e0bc6ce855,r- f,
19,prot-1951--ak--13,cdca04e0bc6ce855,e- l,
20,prot-1951--ak--13,cdca04e0bc6ce855,a- d,
21,prot-1951--ak--13,cdca04e0bc6ce855,e- d,
22,prot-1951--ak--13,cdca04e0bc6ce855,a- d,
23,prot-1951--ak--13,cdca04e0bc6ce855,l- v,
24,prot-1951--ak--13,cdca04e0bc6ce855,d- v,
25,prot-1951--ak--13,cdca04e0bc6ce855,t- f,
26,prot-1951--ak--13,cdca04e0bc6ce855,å- g,
27,prot-1951--ak--13,cdca04e0bc6ce855,i- d,
0,prot-1951--ak--13,7b16a01c980ae2ac,"m
o",
1,prot-1951--ak--13,cdca04e0bc6ce855,d- t,
2,prot-1951--ak--13,cdca04e0bc6ce855,t- b,
3,prot-1951--ak--13,cdca04e0bc6ce855,g- h,
4,prot-1951--ak--13,cdca04e0bc6ce855,e- g,
5,prot-1951--ak--13,cdca04e0bc6ce855,e- d,
6,prot-1951--ak--13,cdca04e0bc6ce855,k- r,
7,prot-1951--ak--13,cdca04e0bc6ce855,k- r,
8,prot-1951--ak--13,cdca04e0bc6ce855,r- k,
9,prot-1951--ak--13,cdca04e0bc6ce855,r- l,
10,prot-1951--ak--13,cdca04e0bc6ce855,i- k,
11,prot-1951--ak--13,cdca04e0bc6ce855,y- r,
12,prot-1951--ak--13,cdca04e0bc6ce855,e- g,
13,prot-1951--ak--13,cdca04e0bc6ce855,m- m,
14,prot-1951--ak--13,cdca04e0bc6ce855,c- k,
15,prot-1951--ak--13,cdca04e0bc6ce855,p- n,
16,prot-1951--ak--13,cdca04e0bc6ce855,k- t,
17,prot-1951--ak--13,cdca04e0bc6ce855,r- n,
18,prot-1951--ak--13,cdca04e0bc6ce855,i- v,
19,prot-1951--ak--13,cdca04e0bc6ce855,m- s,
20,prot-1951--ak--13,cdca04e0bc6ce855,e- v,
21,prot-1951--ak--13,cdca04e0bc6ce855,d- n,
22,prot-1951--ak--13,cdca04e0bc6ce855,r- d,
23,prot-1951--ak--13,cdca04e0bc6ce855,u- v,
24,prot-1951--ak--13,cdca04e0bc6ce855,n- s,
25,prot-1951--ak--13,cdca04e0bc6ce855,ö- r,
26,prot-1951--ak--13,cdca04e0bc6ce855,p- g,
27,prot-1951--ak--13,cdca04e0bc6ce855,n- s,
28,prot-1951--ak--13,cdca04e0bc6ce855,r- s,
29,prot-1951--ak--13,cdca04e0bc6ce855,n- d,
0,prot-1951--ak--13,7b16a01c980ae2ac,"m
o",
1,prot-1951--ak--13,cdca04e0bc6ce855,d- t,
2,prot-1951--ak--13,cdca04e0bc6ce855,n- h,
3,prot-1951--ak--13,cdca04e0bc6ce855,e- s,
4,prot-1951--ak--13,cdca04e0bc6ce855,m- n,
5,prot-1951--ak--13,cdca04e0bc6ce855,r- l,
6,prot-1951--ak--13,cdca04e0bc6ce855,d- n,
7,prot-1951--ak--13,cdca04e0bc6ce855,a- r,
8,prot-1951--ak--13,cdca04e0bc6ce855,g- f,
9,prot-1951--ak--13,cdca04e0bc6ce855,d- d,
10,prot-1951--ak--13,cdca04e0bc6ce855,r- h,
11,prot-1951--ak--13,cdca04e0bc6ce855,e- s,
12,prot-1951--ak--13,cdca04e0bc6ce855,g- h,
13,prot-1951--ak--13,cdca04e0bc6ce855,l- l,
14,prot-1951--ak--13,cdca04e0bc6ce855,k- n,
15,prot-1951--ak--13,cdca04e0bc6ce855,t- n,
16,prot-1951--ak--13,cdca04e0bc6ce855,r- s,
17,prot-1951--ak--13,cdca04e0bc6ce855,r- r,
18,prot-1951--ak--13,cdca04e0bc6ce855,e- h,
19,prot-1951--ak--13,cdca04e0bc6ce855,å- g,
20,prot-1951--ak--13,cdca04e0bc6ce855,t- s,
21,prot-1951--ak--13,cdca04e0bc6ce855,e- n,
22,prot-1951--ak--13,cdca04e0bc6ce855,e- r,
23,prot-1951--ak--13,cdca04e0bc6ce855,p- n,
24,prot-1951--ak--13,cdca04e0bc6ce855,m- m,
25,prot-1951--ak--13,cdca04e0bc6ce855,r- s,
26,prot-1951--ak--13,cdca04e0bc6ce855,n- m,
27,prot-1951--ak--13,cdca04e0bc6ce855,l- l,
28,prot-1951--ak--13,cdca04e0bc6ce855,e- g,
29,prot-1951--ak--13,cdca04e0bc6ce855,å- l,
0,prot-1951--ak--13,7b16a01c980ae2ac,"m
o",
1,prot-1951--ak--13,cdca04e0bc6ce855,d- t,
2,prot-1951--ak--13,cdca04e0bc6ce855,r- ä,
3,prot-1951--ak--13,cdca04e0bc6ce855,a- v,
4,prot-1951--ak--13,cdca04e0bc6ce855,m- b,
5,prot-1951--ak--13,cdca04e0bc6ce855,n- s,
6,prot-1951--ak--13,cdca04e0bc6ce855,l- l,
7,prot-1951--ak--13,cdca04e0bc6ce855,r- ä,
8,prot-1951--ak--13,cdca04e0bc6ce855,t- t,
9,prot-1951--ak--13,cdca04e0bc6ce855,p- d,
10,prot-1951--ak--13,cdca04e0bc6ce855,g- f,
11,prot-1951--ak--13,cdca04e0bc6ce855,å- s,
12,prot-1951--ak--13,cdca04e0bc6ce855,n- d,
13,prot-1951--ak--13,cdca04e0bc6ce855,e- r,
14,prot-1951--ak--13,cdca04e0bc6ce855,t- t,
15,prot-1951--ak--13,cdca04e0bc6ce855,i- v,
16,prot-1951--ak--13,cdca04e0bc6ce855,r- h,
17,prot-1951--ak--13,cdca04e0bc6ce855,r- l,
18,prot-1951--ak--13,cdca04e0bc6ce855,t- n,
19,prot-1951--ak--13,cdca04e0bc6ce855,n- l,
20,prot-1951--ak--13,cdca04e0bc6ce855,d- r,
21,prot-1951--ak--13,cdca04e0bc6ce855,y- g,
22,prot-1951--ak--13,cdca04e0bc6ce855,å- g,
0,prot-1951--ak--13,7b16a01c980ae2ac,"m
d",
1,prot-1951--ak--13,cdca04e0bc6ce855,k- t,
2,prot-1951--ak--13,cdca04e0bc6ce855,r- v,
3,prot-1951--ak--13,cdca04e0bc6ce855,s- b,
4,prot-1951--ak--13,cdca04e0bc6ce855,d- l,
5,prot-1951--ak--13,cdca04e0bc6ce855,s- p,
6,prot-1951--ak--13,cdca04e0bc6ce855,r- v,
7,prot-1951--ak--13,cdca04e0bc6ce855,t- n,
8,prot-1951--ak--13,cdca04e0bc6ce855,a- d,
9,prot-1951--ak--13,cdca04e0bc6ce855,l- t,
10,prot-1951--ak--13,cdca04e0bc6ce855,r- o,
11,prot-1951--ak--13,cdca04e0bc6ce855,s- i,
12,prot-1951--ak--13,cdca04e0bc6ce855,l- m,
13,prot-1951--ak--13,cdca04e0bc6ce855,å- e,
14,prot-1951--ak--13,cdca04e0bc6ce855,a- r,
15,prot-1951--ak--13,cdca04e0bc6ce855,l- s,
16,prot-1951--ak--13,cdca04e0bc6ce855,i- t,
17,prot-1951--ak--13,cdca04e0bc6ce855,s- o,
18,prot-1951--ak--13,cdca04e0bc6ce855,f- f,
19,prot-1951--ak--13,cdca04e0bc6ce855,m- a,
20,prot-1951--ak--13,cdca04e0bc6ce855,e- r,
21,prot-1951--ak--13,cdca04e0bc6ce855,u- k,
22,prot-1951--ak--13,cdca04e0bc6ce855,e- f,
23,prot-1951--ak--13,cdca04e0bc6ce855,e- d,
24,prot-1951--ak--13,cdca04e0bc6ce855,r- b,
25,prot-1951--ak--13,cdca04e0bc6ce855,å- n,
26,prot-1951--ak--13,cdca04e0bc6ce855,e- f,
27,prot-1951--ak--13,cdca04e0bc6ce855,n- t,
28,prot-1951--ak--13,cdca04e0bc6ce855,n- d,
29,prot-1951--ak--13,cdca04e0bc6ce855,m- a,
30,prot-1951--ak--13,cdca04e0bc6ce855,d- s,
31,prot-1951--ak--13,cdca04e0bc6ce855,t- t,
32,prot-1951--ak--13,cdca04e0bc6ce855,t- s,
33,prot-1951--ak--13,cdca04e0bc6ce855,u- t,
34,prot-1951--ak--13,cdca04e0bc6ce855,m- h,
35,prot-1951--ak--13,cdca04e0bc6ce855,i- t,
0,prot-1951--ak--13,7b16a01c980ae2ac,"m
d",
1,prot-1951--ak--13,cdca04e0bc6ce855,s- i,
2,prot-1951--ak--13,cdca04e0bc6ce855,u- t,
3,prot-1951--ak--13,cdca04e0bc6ce855,s- f,
4,prot-1951--ak--13,cdca04e0bc6ce855,t- l,
5,prot-1951--ak--13,cdca04e0bc6ce855,m- n,
6,prot-1951--ak--13,cdca04e0bc6ce855,m- n,
7,prot-1951--ak--13,cdca04e0bc6ce855,n- v,
8,prot-1951--ak--13,cdca04e0bc6ce855,t- u,
9,prot-1951--ak--13,cdca04e0bc6ce855,t- r,
10,prot-1951--ak--13,cdca04e0bc6ce855,n- k,
11,prot-1951--ak--13,cdca04e0bc6ce855,n- r,
12,prot-1951--ak--13,cdca04e0bc6ce855,s- k,
13,prot-1951--ak--13,cdca04e0bc6ce855,l- m,
14,prot-1951--ak--13,cdca04e0bc6ce855,m- r,
15,prot-1951--ak--13,cdca04e0bc6ce855,m- m,
16,prot-1951--ak--13,cdca04e0bc6ce855,s- h,
17,prot-1951--ak--13,cdca04e0bc6ce855,e- t,
18,prot-1951--ak--13,cdca04e0bc6ce855,g- n,
19,prot-1951--ak--13,cdca04e0bc6ce855,m- m,
20,prot-1951--ak--13,cdca04e0bc6ce855,å- d,
21,prot-1951--ak--13,cdca04e0bc6ce855,i- d,
22,prot-1951--ak--13,cdca04e0bc6ce855,s- i,
23,prot-1951--ak--13,cdca04e0bc6ce855,k- l,
24,prot-1951--ak--13,cdca04e0bc6ce855,a- t,
25,prot-1951--ak--13,cdca04e0bc6ce855,s- h,
26,prot-1951--ak--13,cdca04e0bc6ce855,k- n,
27,prot-1951--ak--13,cdca04e0bc6ce855,i- r,
28,prot-1951--ak--13,cdca04e0bc6ce855,k- b,
29,prot-1951--ak--13,cdca04e0bc6ce855,f- t,
30,prot-1951--ak--13,cdca04e0bc6ce855,r- k,
31,prot-1951--ak--13,cdca04e0bc6ce855,s- n,
32,prot-1951--ak--13,cdca04e0bc6ce855,s- h,
33,prot-1951--ak--13,cdca04e0bc6ce855,e- s,
34,prot-1951--ak--13,cdca04e0bc6ce855,t- v,
35,prot-1951--ak--13,cdca04e0bc6ce855,i- t,
36,prot-1951--ak--13,cdca04e0bc6ce855,e- t,
37,prot-1951--ak--13,cdca04e0bc6ce855,i- t,
38,prot-1951--ak--13,cdca04e0bc6ce855,o- n,
39,prot-1951--ak--13,cdca04e0bc6ce855,k- s,
40,prot-1951--ak--13,cdca04e0bc6ce855,r- s,
41,prot-1951--ak--13,cdca04e0bc6ce855,t- t,
42,prot-1951--ak--13,cdca04e0bc6ce855,å- g,
43,prot-1951--ak--13,cdca04e0bc6ce855,m- v,
0,prot-1951--ak--13,7b16a01c980ae2ac,"m
d",
1,prot-1951--ak--13,cdca04e0bc6ce855,n- p,
2,prot-1951--ak--13,cdca04e0bc6ce855,r- s,
3,prot-1951--ak--13,cdca04e0bc6ce855,m- m,
4,prot-1951--ak--13,cdca04e0bc6ce855,p- l,
5,prot-1951--ak--13,cdca04e0bc6ce855,t- t,
6,prot-1951--ak--13,cdca04e0bc6ce855,l- t,
7,prot-1951--ak--13,cdca04e0bc6ce855,s- o,
8,prot-1951--ak--13,cdca04e0bc6ce855,a- n,
9,prot-1951--ak--13,cdca04e0bc6ce855,t- g,
10,prot-1951--ak--13,cdca04e0bc6ce855,l- l,
11,prot-1951--ak--13,cdca04e0bc6ce855,n- g,
12,prot-1951--ak--13,cdca04e0bc6ce855,u- m,
13,prot-1951--ak--13,cdca04e0bc6ce855,p- l,
14,prot-1951--ak--13,cdca04e0bc6ce855,k- s,
15,prot-1951--ak--13,cdca04e0bc6ce855,i- t,
16,prot-1951--ak--13,cdca04e0bc6ce855,i- t,
17,prot-1951--ak--13,cdca04e0bc6ce855,s- h,
18,prot-1951--ak--13,cdca04e0bc6ce855,i- t,
19,prot-1951--ak--13,cdca04e0bc6ce855,e- h,
20,prot-1951--ak--13,cdca04e0bc6ce855,t- t,
21,prot-1951--ak--13,cdca04e0bc6ce855,r- k,
22,prot-1951--ak--13,cdca04e0bc6ce855,m- m,
23,prot-1951--ak--13,cdca04e0bc6ce855,å- d,
24,prot-1951--ak--13,cdca04e0bc6ce855,d- b,
25,prot-1951--ak--13,cdca04e0bc6ce855,i- g,
26,prot-1951--ak--13,cdca04e0bc6ce855,l- k,
27,prot-1951--ak--13,cdca04e0bc6ce855,t- l,
28,prot-1951--ak--13,cdca04e0bc6ce855,ö- k,
29,prot-1951--ak--13,cdca04e0bc6ce855,s- n,
30,prot-1951--ak--13,cdca04e0bc6ce855,n- t,
31,prot-1951--ak--13,cdca04e0bc6ce855,i- t,
32,prot-1951--ak--13,cdca04e0bc6ce855,o- k,
33,prot-1951--ak--13,cdca04e0bc6ce855,g- a,
34,prot-1951--ak--13,cdca04e0bc6ce855,e- r,
35,prot-1951--ak--13,cdca04e0bc6ce855,m- h,
0,prot-1951--ak--13,7b16a01c980ae2ac,"m
d",
1,prot-1951--ak--13,cdca04e0bc6ce855,s- t,
2,prot-1951--ak--13,cdca04e0bc6ce855,a- t,
3,prot-1951--ak--13,cdca04e0bc6ce855,t- l,
4,prot-1951--ak--13,cdca04e0bc6ce855,s- a,
5,prot-1951--ak--13,cdca04e0bc6ce855,c- k,
6,prot-1951--ak--13,cdca04e0bc6ce855,l- n,
7,prot-1951--ak--13,cdca04e0bc6ce855,e- s,
8,prot-1951--ak--13,cdca04e0bc6ce855,r- p,
9,prot-1951--ak--13,cdca04e0bc6ce855,k- t,
10,prot-1951--ak--13,cdca04e0bc6ce855,n- n,
11,prot-1951--ak--13,cdca04e0bc6ce855,l- n,
12,prot-1951--ak--13,cdca04e0bc6ce855,l- s,
13,prot-1951--ak--13,cdca04e0bc6ce855,l- j,
14,prot-1951--ak--13,cdca04e0bc6ce855,k- s,
15,prot-1951--ak--13,cdca04e0bc6ce855,m- m,
16,prot-1951--ak--13,cdca04e0bc6ce855,ö- t,
17,prot-1951--ak--13,cdca04e0bc6ce855,s- k,
18,prot-1951--ak--13,cdca04e0bc6ce855,n- d,
19,prot-1951--ak--13,cdca04e0bc6ce855,g- e,
20,prot-1951--ak--13,cdca04e0bc6ce855,l- s,
21,prot-1951--ak--13,cdca04e0bc6ce855,n- h,
22,prot-1951--ak--13,cdca04e0bc6ce855,å- d,
23,prot-1951--ak--13,cdca04e0bc6ce855,s- p,
24,prot-1951--ak--13,cdca04e0bc6ce855,r- p,
25,prot-1951--ak--13,cdca04e0bc6ce855,r- f,
26,prot-1951--ak--13,cdca04e0bc6ce855,n- n,
27,prot-1951--ak--13,cdca04e0bc6ce855,s- s,
28,prot-1951--ak--13,cdca04e0bc6ce855,n- n,
29,prot-1951--ak--13,cdca04e0bc6ce855,r- t,
30,prot-1951--ak--13,cdca04e0bc6ce855,m- m,
31,prot-1951--ak--13,cdca04e0bc6ce855,s- i,
32,prot-1951--ak--13,cdca04e0bc6ce855,o- t,
33,prot-1951--ak--13,cdca04e0bc6ce855,s- r,
0,prot-1951--ak--13,7b16a01c980ae2ac,"m
d",
1,prot-1951--ak--13,7b16a01c980ae2ac,"t
e",
2,prot-1951--ak--13,cdca04e0bc6ce855,e- r,
3,prot-1951--ak--13,cdca04e0bc6ce855,g- a,
4,prot-1951--ak--13,cdca04e0bc6ce855,k- n,
5,prot-1951--ak--13,cdca04e0bc6ce855,e- s,
6,prot-1951--ak--13,cdca04e0bc6ce855,s- k,
7,prot-1951--ak--13,cdca04e0bc6ce855,l- m,
8,prot-1951--ak--13,cdca04e0bc6ce855,a- g,
9,prot-1951--ak--13,cdca04e0bc6ce855,å- d,
10,prot-1951--ak--13,cdca04e0bc6ce855,k- t,
11,prot-1951--ak--13,cdca04e0bc6ce855,a- t,
12,prot-1951--ak--13,cdca04e0bc6ce855,n- d,
13,prot-1951--ak--13,cdca04e0bc6ce855,t- h,
14,prot-1951--ak--13,cdca04e0bc6ce855,l- m,
15,prot-1951--ak--13,cdca04e0bc6ce855,e- r,
16,prot-1951--ak--13,cdca04e0bc6ce855,c- k,
17,prot-1951--ak--13,cdca04e0bc6ce855,u- t,
18,prot-1951--ak--13,cdca04e0bc6ce855,k- s,
19,prot-1951--ak--13,cdca04e0bc6ce855,u- d,
20,prot-1951--ak--13,cdca04e0bc6ce855,å- d,
21,prot-1951--ak--13,cdca04e0bc6ce855,l- l,
22,prot-1951--ak--13,cdca04e0bc6ce855,m- h,
23,prot-1951--ak--13,cdca04e0bc6ce855,s- r,
24,prot-1951--ak--13,cdca04e0bc6ce855,o- s,
25,prot-1951--ak--13,cdca04e0bc6ce855,p- m,
26,prot-1951--ak--13,cdca04e0bc6ce855,s- m,
27,prot-1951--ak--13,cdca04e0bc6ce855,i- g,
0,prot-1951--ak--13,7b16a01c980ae2ac,"m
d",
1,prot-1951--ak--13,cdca04e0bc6ce855,n- s,
2,prot-1951--ak--13,cdca04e0bc6ce855,s- v,
3,prot-1951--ak--13,cdca04e0bc6ce855,n- d,
4,prot-1951--ak--13,cdca04e0bc6ce855,o- m,
5,prot-1951--ak--13,cdca04e0bc6ce855,l- i,
6,prot-1951--ak--13,cdca04e0bc6ce855,u- s,
7,prot-1951--ak--13,cdca04e0bc6ce855,r- t,
8,prot-1951--ak--13,cdca04e0bc6ce855,k- t,
9,prot-1951--ak--13,cdca04e0bc6ce855,m- m,
10,prot-1951--ak--13,cdca04e0bc6ce855,p- f,
11,prot-1951--ak--13,cdca04e0bc6ce855,k- s,
12,prot-1951--ak--13,cdca04e0bc6ce855,o- n,
13,prot-1951--ak--13,cdca04e0bc6ce855,s- i,
14,prot-1951--ak--13,cdca04e0bc6ce855,s- d,
15,prot-1951--ak--13,cdca04e0bc6ce855,r- t,
16,prot-1951--ak--13,cdca04e0bc6ce855,e- b,
17,prot-1951--ak--13,cdca04e0bc6ce855,l- l,
18,prot-1951--ak--13,cdca04e0bc6ce855,k- n,
19,prot-1951--ak--13,cdca04e0bc6ce855,n- s,
20,prot-1951--ak--13,cdca04e0bc6ce855,k- o,
21,prot-1951--ak--13,cdca04e0bc6ce855,k- t,
22,prot-1951--ak--13,cdca04e0bc6ce855,e- d,
23,prot-1951--ak--13,cdca04e0bc6ce855,n- n,
24,prot-1951--ak--13,cdca04e0bc6ce855,k- s,
25,prot-1951--ak--13,cdca04e0bc6ce855,n- d,
26,prot-1951--ak--13,cdca04e0bc6ce855,s- m,
27,prot-1951--ak--13,cdca04e0bc6ce855,n- t,
28,prot-1951--ak--13,cdca04e0bc6ce855,r- t,
29,prot-1951--ak--13,cdca04e0bc6ce855,s- u,
30,prot-1951--ak--13,cdca04e0bc6ce855,n- s,
31,prot-1951--ak--13,cdca04e0bc6ce855,l- n,
32,prot-1951--ak--13,cdca04e0bc6ce855,e- t,
33,prot-1951--ak--13,cdca04e0bc6ce855,l- l,
0,prot-1951--ak--13,7b16a01c980ae2ac,"t
v",
1,prot-1951--ak--13,cdca04e0bc6ce855,i- t,
2,prot-1951--ak--13,cdca04e0bc6ce855,t- s,
3,prot-1951--ak--13,cdca04e0bc6ce855,o- b,
4,prot-1951--ak--13,cdca04e0bc6ce855,l- m,
5,prot-1951--ak--13,cdca04e0bc6ce855,r- l,
6,prot-1951--ak--13,cdca04e0bc6ce855,l- m,
7,prot-1951--ak--13,cdca04e0bc6ce855,r- s,
8,prot-1951--ak--13,cdca04e0bc6ce855,k- t,
9,prot-1951--ak--13,cdca04e0bc6ce855,d- p,
10,prot-1951--ak--13,cdca04e0bc6ce855,o- t,
11,prot-1951--ak--13,cdca04e0bc6ce855,r- d,
12,prot-1951--ak--13,cdca04e0bc6ce855,ä- k,
13,prot-1951--ak--13,cdca04e0bc6ce855,r- n,
14,prot-1951--ak--13,cdca04e0bc6ce855,a- k,
15,prot-1951--ak--13,cdca04e0bc6ce855,o- n,
16,prot-1951--ak--13,cdca04e0bc6ce855,t- b,
17,prot-1951--ak--13,cdca04e0bc6ce855,t- r,
18,prot-1951--ak--13,cdca04e0bc6ce855,e- s,
0,prot-1951--ak--13,7b16a01c980ae2ac,"a
o",
1,prot-1951--ak--13,cdca04e0bc6ce855,å- g,
2,prot-1951--ak--13,cdca04e0bc6ce855,n- n,
3,prot-1951--ak--13,cdca04e0bc6ce855,t- s,
4,prot-1951--ak--13,cdca04e0bc6ce855,u- v,
5,prot-1951--ak--13,cdca04e0bc6ce855,a- m,
6,prot-1951--ak--13,cdca04e0bc6ce855,d- l,
7,prot-1951--ak--13,cdca04e0bc6ce855,k- t,
8,prot-1951--ak--13,cdca04e0bc6ce855,p- s,
9,prot-1951--ak--13,cdca04e0bc6ce855,e- h,
10,prot-1951--ak--13,cdca04e0bc6ce855,g- h,
11,prot-1951--ak--13,cdca04e0bc6ce855,k- t,
12,prot-1951--ak--13,cdca04e0bc6ce855,s- s,
13,prot-1951--ak--13,cdca04e0bc6ce855,n- n,
14,prot-1951--ak--13,cdca04e0bc6ce855,o- r,
15,prot-1951--ak--13,cdca04e0bc6ce855,p- m,
16,prot-1951--ak--13,cdca04e0bc6ce855,m- p,
17,prot-1951--ak--13,cdca04e0bc6ce855,r- u,
18,prot-1951--ak--13,cdca04e0bc6ce855,r- k,
19,prot-1951--ak--13,cdca04e0bc6ce855,r- b,
20,prot-1951--ak--13,cdca04e0bc6ce855,s- t,
21,prot-1951--ak--13,cdca04e0bc6ce855,r- r,
22,prot-1951--ak--13,cdca04e0bc6ce855,s- t,
23,prot-1951--ak--13,cdca04e0bc6ce855,s- i,
24,prot-1951--ak--13,cdca04e0bc6ce855,r- k,
25,prot-1951--ak--13,cdca04e0bc6ce855,ä- k,
26,prot-1951--ak--13,cdca04e0bc6ce855,g- h,
27,prot-1951--ak--13,cdca04e0bc6ce855,e- t,
28,prot-1951--ak--13,cdca04e0bc6ce855,e- r,
29,prot-1951--ak--13,cdca04e0bc6ce855,n- t,
30,prot-1951--ak--13,cdca04e0bc6ce855,t- g,
31,prot-1951--ak--13,cdca04e0bc6ce855,a- c,
32,prot-1951--ak--13,cdca04e0bc6ce855,v- v,
33,prot-1951--ak--13,cdca04e0bc6ce855,n- s,
34,prot-1951--ak--13,cdca04e0bc6ce855,e- n,
35,prot-1951--ak--13,cdca04e0bc6ce855,a- g,
36,prot-1951--ak--13,cdca04e0bc6ce855,s- d,
37,prot-1951--ak--13,cdca04e0bc6ce855,e- f,
38,prot-1951--ak--13,cdca04e0bc6ce855,i- g,
39,prot-1951--ak--13,cdca04e0bc6ce855,n- d,
40,prot-1951--ak--13,cdca04e0bc6ce855,e- r,
41,prot-1951--ak--13,cdca04e0bc6ce855,d- l,
42,prot-1951--ak--13,cdca04e0bc6ce855,r- o,
43,prot-1951--ak--13,cdca04e0bc6ce855,r- l,
44,prot-1951--ak--13,cdca04e0bc6ce855,k- t,
45,prot-1951--ak--13,cdca04e0bc6ce855,o- v,
46,prot-1951--ak--13,cdca04e0bc6ce855,d- n,
47,prot-1951--ak--13,cdca04e0bc6ce855,r- d,
48,prot-1951--ak--13,cdca04e0bc6ce855,m- p,
49,prot-1951--ak--13,cdca04e0bc6ce855,e- r,
50,prot-1951--ak--13,cdca04e0bc6ce855,n- d,
0,prot-1951--ak--13,7b16a01c980ae2ac,"r
m",
1,prot-1951--ak--13,cdca04e0bc6ce855,ö- r,
2,prot-1951--ak--13,cdca04e0bc6ce855,y- r,
3,prot-1951--ak--13,cdca04e0bc6ce855,i- g,
4,prot-1951--ak--13,cdca04e0bc6ce855,i- p,
5,prot-1951--ak--13,cdca04e0bc6ce855,i- n,
6,prot-1951--ak--13,cdca04e0bc6ce855,e- s,
7,prot-1951--ak--13,cdca04e0bc6ce855,i- k,
8,prot-1951--ak--13,cdca04e0bc6ce855,n- s,
9,prot-1951--ak--13,cdca04e0bc6ce855,o- g,
10,prot-1951--ak--13,cdca04e0bc6ce855,r- a,
11,prot-1951--ak--13,cdca04e0bc6ce855,n- l,
12,prot-1951--ak--13,cdca04e0bc6ce855,s- k,
13,prot-1951--ak--13,cdca04e0bc6ce855,r- n,
14,prot-1951--ak--13,cdca04e0bc6ce855,s- t,
15,prot-1951--ak--13,cdca04e0bc6ce855,p- m,
16,prot-1951--ak--13,cdca04e0bc6ce855,r- k,
17,prot-1951--ak--13,cdca04e0bc6ce855,a- t,
18,prot-1951--ak--13,cdca04e0bc6ce855,d- k,
19,prot-1951--ak--13,cdca04e0bc6ce855,d- l,
20,prot-1951--ak--13,cdca04e0bc6ce855,d- n,
21,prot-1951--ak--13,cdca04e0bc6ce855,s- t,
22,prot-1951--ak--13,cdca04e0bc6ce855,s- t,
23,prot-1951--ak--13,cdca04e0bc6ce855,t- t,
24,prot-1951--ak--13,cdca04e0bc6ce855,e- b,
25,prot-1951--ak--13,cdca04e0bc6ce855,ö- p,
26,prot-1951--ak--13,cdca04e0bc6ce855,ä- k,
27,prot-1951--ak--13,cdca04e0bc6ce855,s- t,
28,prot-1951--ak--13,cdca04e0bc6ce855,p- m,
29,prot-1951--ak--13,cdca04e0bc6ce855,k- t,
0,prot-1951--ak--13,7b16a01c980ae2ac,"e
f",
1,prot-1951--ak--13,cdca04e0bc6ce855,l- l,
2,prot-1951--ak--13,cdca04e0bc6ce855,m- r,
3,prot-1951--ak--13,cdca04e0bc6ce855,n- t,
4,prot-1951--ak--13,cdca04e0bc6ce855,i- n,
5,prot-1951--ak--13,cdca04e0bc6ce855,s- m,
6,prot-1951--ak--13,cdca04e0bc6ce855,r- l,
7,prot-1951--ak--13,cdca04e0bc6ce855,r- b,
8,prot-1951--ak--13,cdca04e0bc6ce855,a- t,
9,prot-1951--ak--13,cdca04e0bc6ce855,m- o,
10,prot-1951--ak--13,cdca04e0bc6ce855,s- t,
11,prot-1951--ak--13,cdca04e0bc6ce855,g- h,
12,prot-1951--ak--13,cdca04e0bc6ce855,l- l,
13,prot-1951--ak--13,cdca04e0bc6ce855,n- s,
14,prot-1951--ak--13,cdca04e0bc6ce855,r- s,
15,prot-1951--ak--13,cdca04e0bc6ce855,r- n,
16,prot-1951--ak--13,cdca04e0bc6ce855,p- m,
17,prot-1951--ak--13,cdca04e0bc6ce855,t- n,
18,prot-1951--ak--13,cdca04e0bc6ce855,l- m,
19,prot-1951--ak--13,cdca04e0bc6ce855,d- r,
20,prot-1951--ak--13,cdca04e0bc6ce855,a- d,
21,prot-1951--ak--13,cdca04e0bc6ce855,i- k,
22,prot-1951--ak--13,cdca04e0bc6ce855,r- p,
23,prot-1951--ak--13,cdca04e0bc6ce855,d- l,
24,prot-1951--ak--13,cdca04e0bc6ce855,l- l,
25,prot-1951--ak--13,cdca04e0bc6ce855,s- r,
26,prot-1951--ak--13,cdca04e0bc6ce855,s- k,
27,prot-1951--ak--13,cdca04e0bc6ce855,s- g,
28,prot-1951--ak--13,cdca04e0bc6ce855,n- d,
29,prot-1951--ak--13,cdca04e0bc6ce855,e- d,
0,prot-1951--ak--13,7b16a01c980ae2ac,"e
o",
1,prot-1951--ak--13,7b16a01c980ae2ac,"e
å",
2,prot-1951--ak--13,7b16a01c980ae2ac,"n
a",
3,prot-1951--ak--13,cdca04e0bc6ce855,n- n,
4,prot-1951--ak--13,cdca04e0bc6ce855,l- m,
5,prot-1951--ak--13,cdca04e0bc6ce855,e- s,
6,prot-1951--ak--13,cdca04e0bc6ce855,d- t,
7,prot-1951--ak--13,cdca04e0bc6ce855,r- s,
8,prot-1951--ak--13,cdca04e0bc6ce855,o- t,
9,prot-1951--ak--13,cdca04e0bc6ce855,r- s,
10,prot-1951--ak--13,cdca04e0bc6ce855,r- s,
11,prot-1951--ak--13,cdca04e0bc6ce855,t- r,
12,prot-1951--ak--13,cdca04e0bc6ce855,r- l,
13,prot-1951--ak--13,cdca04e0bc6ce855,d- l,
14,prot-1951--ak--13,cdca04e0bc6ce855,s- s,
15,prot-1951--ak--13,cdca04e0bc6ce855,l- s,
16,prot-1951--ak--13,cdca04e0bc6ce855,t- f,
17,prot-1951--ak--13,cdca04e0bc6ce855,g- h,
18,prot-1951--ak--13,cdca04e0bc6ce855,r- t,
19,prot-1951--ak--13,cdca04e0bc6ce855,k- t,
20,prot-1951--ak--13,cdca04e0bc6ce855,ä- d,
21,prot-1951--ak--13,cdca04e0bc6ce855,å- g,
22,prot-1951--ak--13,cdca04e0bc6ce855,o- g,
0,prot-1951--ak--13,cdca04e0bc6ce855,s- b,
1,prot-1951--ak--13,cdca04e0bc6ce855,e- s,
2,prot-1951--ak--13,cdca04e0bc6ce855,r- t,
3,prot-1951--ak--13,cdca04e0bc6ce855,o- n,
4,prot-1951--ak--13,cdca04e0bc6ce855,t- l,
5,prot-1951--ak--13,cdca04e0bc6ce855,t- f,
6,prot-1951--ak--13,cdca04e0bc6ce855,t- s,
7,prot-1951--ak--13,cdca04e0bc6ce855,k- t,
8,prot-1951--ak--13,cdca04e0bc6ce855,r- m,
9,prot-1951--ak--13,cdca04e0bc6ce855,l- l,
10,prot-1951--ak--13,cdca04e0bc6ce855,g- e,
11,prot-1951--ak--13,cdca04e0bc6ce855,r- r,
12,prot-1951--ak--13,cdca04e0bc6ce855,d- n,
13,prot-1951--ak--13,cdca04e0bc6ce855,i- d,
14,prot-1951--ak--13,cdca04e0bc6ce855,t- b,
15,prot-1951--ak--13,cdca04e0bc6ce855,t- e,
16,prot-1951--ak--13,cdca04e0bc6ce855,a- g,
17,prot-1951--ak--13,cdca04e0bc6ce855,e- k,
18,prot-1951--ak--13,cdca04e0bc6ce855,s- o,
19,prot-1951--ak--13,cdca04e0bc6ce855,s- p,
20,prot-1951--ak--13,cdca04e0bc6ce855,r- f,
21,prot-1951--ak--13,cdca04e0bc6ce855,n- v,
22,prot-1951--ak--13,cdca04e0bc6ce855,k- s,
23,prot-1951--ak--13,cdca04e0bc6ce855,n- n,
24,prot-1951--ak--13,cdca04e0bc6ce855,e- h,
25,prot-1951--ak--13,cdca04e0bc6ce855,r- v,
26,prot-1951--ak--13,cdca04e0bc6ce855,a- t,
27,prot-1951--ak--13,cdca04e0bc6ce855,p- f,
28,prot-1951--ak--13,cdca04e0bc6ce855,v- r,
29,prot-1951--ak--13,cdca04e0bc6ce855,t- l,
30,prot-1951--ak--13,cdca04e0bc6ce855,l- l,
31,prot-1951--ak--13,cdca04e0bc6ce855,n- s,
32,prot-1951--ak--13,cdca04e0bc6ce855,g- h,
0,prot-1951--ak--13,cdca04e0bc6ce855,ö- r,
1,prot-1951--ak--13,cdca04e0bc6ce855,l- l,
2,prot-1951--ak--13,cdca04e0bc6ce855,s- t,
3,prot-1951--ak--13,cdca04e0bc6ce855,r- r,
4,prot-1951--ak--13,cdca04e0bc6ce855,n- d,
5,prot-1951--ak--13,cdca04e0bc6ce855,s- r,
6,prot-1951--ak--13,cdca04e0bc6ce855,r- t,
7,prot-1951--ak--13,cdca04e0bc6ce855,f- t,
8,prot-1951--ak--13,cdca04e0bc6ce855,s- c,
9,prot-1951--ak--13,cdca04e0bc6ce855,t- t,
10,prot-1951--ak--13,cdca04e0bc6ce855,e- s,
11,prot-1951--ak--13,cdca04e0bc6ce855,k- t,
12,prot-1951--ak--13,cdca04e0bc6ce855,s- n,
13,prot-1951--ak--13,cdca04e0bc6ce855,r- o,
14,prot-1951--ak--13,cdca04e0bc6ce855,l- p,
15,prot-1951--ak--13,cdca04e0bc6ce855,p- p,
16,prot-1951--ak--13,cdca04e0bc6ce855,e- t,
17,prot-1951--ak--13,cdca04e0bc6ce855,r- t,
18,prot-1951--ak--13,cdca04e0bc6ce855,n- d,
19,prot-1951--ak--13,cdca04e0bc6ce855,s- t,
20,prot-1951--ak--13,cdca04e0bc6ce855,t- n,
21,prot-1951--ak--13,cdca04e0bc6ce855,r- b,
22,prot-1951--ak--13,cdca04e0bc6ce855,i- t,
23,prot-1951--ak--13,cdca04e0bc6ce855,n- g,
24,prot-1951--ak--13,cdca04e0bc6ce855,l- v,
25,prot-1951--ak--13,cdca04e0bc6ce855,n- d,
26,prot-1951--ak--13,cdca04e0bc6ce855,e- s,
27,prot-1951--ak--13,cdca04e0bc6ce855,g- n,
28,prot-1951--ak--13,cdca04e0bc6ce855,y- r,
29,prot-1951--ak--13,cdca04e0bc6ce855,r- s,
30,prot-1951--ak--13,cdca04e0bc6ce855,i- g,
31,prot-1951--ak--13,cdca04e0bc6ce855,m- m,
32,prot-1951--ak--13,cdca04e0bc6ce855,n- v,
33,prot-1951--ak--13,cdca04e0bc6ce855,o- m,
34,prot-1951--ak--13,cdca04e0bc6ce855,t- g,
35,prot-1951--ak--13,cdca04e0bc6ce855,s- t,
0,prot-1951--ak--13,7b16a01c980ae2ac,",
t",
1,prot-1951--ak--13,cdca04e0bc6ce855,ö- r,
2,prot-1951--ak--13,cdca04e0bc6ce855,e- s,
3,prot-1951--ak--13,cdca04e0bc6ce855,p- f,
4,prot-1951--ak--13,cdca04e0bc6ce855,e- n,
5,prot-1951--ak--13,cdca04e0bc6ce855,d- n,
6,prot-1951--ak--13,cdca04e0bc6ce855,m- m,
7,prot-1951--ak--13,cdca04e0bc6ce855,m- m,
8,prot-1951--ak--13,cdca04e0bc6ce855,o- c,
9,prot-1951--ak--13,cdca04e0bc6ce855,n- t,
10,prot-1951--ak--13,cdca04e0bc6ce855,d- l,
11,prot-1951--ak--13,cdca04e0bc6ce855,n- r,
12,prot-1951--ak--13,cdca04e0bc6ce855,d- n,
13,prot-1951--ak--13,cdca04e0bc6ce855,n- t,
14,prot-1951--ak--13,cdca04e0bc6ce855,p- r,
15,prot-1951--ak--13,cdca04e0bc6ce855,g- h,
16,prot-1951--ak--13,cdca04e0bc6ce855,n- n,
17,prot-1951--ak--13,cdca04e0bc6ce855,k- s,
18,prot-1951--ak--13,cdca04e0bc6ce855,å- d,
19,prot-1951--ak--13,cdca04e0bc6ce855,m- m,
20,prot-1951--ak--13,cdca04e0bc6ce855,n- s,
21,prot-1951--ak--13,cdca04e0bc6ce855,l- f,
22,prot-1951--ak--13,cdca04e0bc6ce855,r- s,
23,prot-1951--ak--13,cdca04e0bc6ce855,k- t,
24,prot-1951--ak--13,cdca04e0bc6ce855,a- r,
25,prot-1951--ak--13,cdca04e0bc6ce855,a- o,
26,prot-1951--ak--13,cdca04e0bc6ce855,e- s,
0,prot-1951--ak--13,7b16a01c980ae2ac,"n
d",
1,prot-1951--ak--13,cdca04e0bc6ce855,s- s,
2,prot-1951--ak--13,cdca04e0bc6ce855,j- l,
3,prot-1951--ak--13,cdca04e0bc6ce855,r- t,
4,prot-1951--ak--13,cdca04e0bc6ce855,s- s,
5,prot-1951--ak--13,cdca04e0bc6ce855,m- m,
6,prot-1951--ak--13,cdca04e0bc6ce855,k- t,
7,prot-1951--ak--13,cdca04e0bc6ce855,i- s,
8,prot-1951--ak--13,cdca04e0bc6ce855,r- t,
9,prot-1951--ak--13,cdca04e0bc6ce855,a- l,
10,prot-1951--ak--13,cdca04e0bc6ce855,r- s,
11,prot-1951--ak--13,cdca04e0bc6ce855,s- f,
12,prot-1951--ak--13,cdca04e0bc6ce855,t- l,
13,prot-1951--ak--13,cdca04e0bc6ce855,k- t,
14,prot-1951--ak--13,cdca04e0bc6ce855,r- h,
15,prot-1951--ak--13,cdca04e0bc6ce855,n- l,
16,prot-1951--ak--13,cdca04e0bc6ce855,r- j,
17,prot-1951--ak--13,cdca04e0bc6ce855,s- s,
18,prot-1951--ak--13,cdca04e0bc6ce855,m- m,
19,prot-1951--ak--13,cdca04e0bc6ce855,å- d,
20,prot-1951--ak--13,cdca04e0bc6ce855,j- l,
21,prot-1951--ak--13,cdca04e0bc6ce855,s- s,
22,prot-1951--ak--13,cdca04e0bc6ce855,k- t,
23,prot-1951--ak--13,cdca04e0bc6ce855,e- e,
24,prot-1951--ak--13,cdca04e0bc6ce855,s- f,
25,prot-1951--ak--13,cdca04e0bc6ce855,m- p,
26,prot-1951--ak--13,cdca04e0bc6ce855,n- d,
27,prot-1951--ak--13,cdca04e0bc6ce855,o- g,
28,prot-1951--ak--13,cdca04e0bc6ce855,å- d,
29,prot-1951--ak--13,cdca04e0bc6ce855,å- e,
30,prot-1951--ak--13,cdca04e0bc6ce855,n- d,
31,prot-1951--ak--13,cdca04e0bc6ce855,r- m,
0,prot-1951--ak--13,7b16a01c980ae2ac,"g
b",
1,prot-1951--ak--13,cdca04e0bc6ce855,i- g,
2,prot-1951--ak--13,cdca04e0bc6ce855,n- t,
3,prot-1951--ak--13,cdca04e0bc6ce855,e- l,
4,prot-1951--ak--13,cdca04e0bc6ce855,m- m,
5,prot-1951--ak--13,cdca04e0bc6ce855,d- d,
6,prot-1951--ak--13,cdca04e0bc6ce855,a- t,
7,prot-1951--ak--13,cdca04e0bc6ce855,å- g,
8,prot-1951--ak--13,cdca04e0bc6ce855,s- s,
9,prot-1951--ak--13,cdca04e0bc6ce855,m- m,
10,prot-1951--ak--13,cdca04e0bc6ce855,m- m,
11,prot-1951--ak--13,cdca04e0bc6ce855,n- v,
12,prot-1951--ak--13,cdca04e0bc6ce855,e- b,
13,prot-1951--ak--13,cdca04e0bc6ce855,m- m,
14,prot-1951--ak--13,cdca04e0bc6ce855,e- s,
15,prot-1951--ak--13,cdca04e0bc6ce855,r- p,
16,prot-1951--ak--13,cdca04e0bc6ce855,n- s,
17,prot-1951--ak--13,cdca04e0bc6ce855,n- t,
18,prot-1951--ak--13,cdca04e0bc6ce855,k- n,
19,prot-1951--ak--13,cdca04e0bc6ce855,l- r,
20,prot-1951--ak--13,cdca04e0bc6ce855,e- f,
21,prot-1951--ak--13,cdca04e0bc6ce855,a- r,
0,prot-1951--ak--13,7b16a01c980ae2ac,"a
d",
1,prot-1951--ak--13,cdca04e0bc6ce855,n- f,
2,prot-1951--ak--13,cdca04e0bc6ce855,t- l,
3,prot-1951--ak--13,cdca04e0bc6ce855,r- m,
4,prot-1951--ak--13,cdca04e0bc6ce855,r- n,
5,prot-1951--ak--13,cdca04e0bc6ce855,e- t,
6,prot-1951--ak--13,cdca04e0bc6ce855,t- e,
7,prot-1951--ak--13,cdca04e0bc6ce855,n- d,
8,prot-1951--ak--13,cdca04e0bc6ce855,m- m,
9,prot-1951--ak--13,cdca04e0bc6ce855,e- f,
10,prot-1951--ak--13,cdca04e0bc6ce855,n- n,
11,prot-1951--ak--13,cdca04e0bc6ce855,i- k,
12,prot-1951--ak--13,cdca04e0bc6ce855,e- s,
13,prot-1951--ak--13,cdca04e0bc6ce855,n- s,
14,prot-1951--ak--13,cdca04e0bc6ce855,k- s,
15,prot-1951--ak--13,cdca04e0bc6ce855,f- t,
16,prot-1951--ak--13,cdca04e0bc6ce855,m- m,
17,prot-1951--ak--13,cdca04e0bc6ce855,g- s,
18,prot-1951--ak--13,cdca04e0bc6ce855,m- l,
19,prot-1951--ak--13,cdca04e0bc6ce855,l- r,
20,prot-1951--ak--13,cdca04e0bc6ce855,m- f,
21,prot-1951--ak--13,cdca04e0bc6ce855,n- d,
22,prot-1951--ak--13,cdca04e0bc6ce855,p- p,
23,prot-1951--ak--13,cdca04e0bc6ce855,a- t,
24,prot-1951--ak--13,cdca04e0bc6ce855,e- b,
25,prot-1951--ak--13,cdca04e0bc6ce855,a- t,
26,prot-1951--ak--13,cdca04e0bc6ce855,l- s,
27,prot-1951--ak--13,cdca04e0bc6ce855,e- s,
28,prot-1951--ak--13,cdca04e0bc6ce855,a- d,
29,prot-1951--ak--13,cdca04e0bc6ce855,n- t,
30,prot-1951--ak--13,cdca04e0bc6ce855,e- l,
31,prot-1951--ak--13,cdca04e0bc6ce855,v- l,
32,prot-1951--ak--13,cdca04e0bc6ce855,n- l,
0,prot-1951--ak--13,cdca04e0bc6ce855,å- g,
1,prot-1951--ak--13,cdca04e0bc6ce855,o- n,
2,prot-1951--ak--13,cdca04e0bc6ce855,m- h,
3,prot-1951--ak--13,cdca04e0bc6ce855,t- f,
4,prot-1951--ak--13,cdca04e0bc6ce855,i- n,
5,prot-1951--ak--13,cdca04e0bc6ce855,e- s,
6,prot-1951--ak--13,cdca04e0bc6ce855,g- e,
7,prot-1951--ak--13,cdca04e0bc6ce855,n- f,
8,prot-1951--ak--13,cdca04e0bc6ce855,i- d,
9,prot-1951--ak--13,cdca04e0bc6ce855,s- f,
10,prot-1951--ak--13,cdca04e0bc6ce855,e- n,
11,prot-1951--ak--13,cdca04e0bc6ce855,r- s,
12,prot-1951--ak--13,cdca04e0bc6ce855,m- m,
13,prot-1951--ak--13,cdca04e0bc6ce855,a- l,
14,prot-1951--ak--13,cdca04e0bc6ce855,l- l,
15,prot-1951--ak--13,cdca04e0bc6ce855,e- m,
16,prot-1951--ak--13,cdca04e0bc6ce855,a- f,
17,prot-1951--ak--13,cdca04e0bc6ce855,g- e,
18,prot-1951--ak--13,cdca04e0bc6ce855,a- r,
19,prot-1951--ak--13,cdca04e0bc6ce855,m- m,
20,prot-1951--ak--13,cdca04e0bc6ce855,a- f,
21,prot-1951--ak--13,cdca04e0bc6ce855,a- r,
22,prot-1951--ak--13,cdca04e0bc6ce855,b- b,
23,prot-1951--ak--13,cdca04e0bc6ce855,a- f,
24,prot-1951--ak--13,cdca04e0bc6ce855,k- n,
25,prot-1951--ak--13,cdca04e0bc6ce855,ö- f,
26,prot-1951--ak--13,cdca04e0bc6ce855,l- s,
27,prot-1951--ak--13,cdca04e0bc6ce855,m- f,
0,prot-1951--ak--13,7b16a01c980ae2ac,"g
i",
1,prot-1951--ak--13,cdca04e0bc6ce855,ö- s,
2,prot-1951--ak--13,cdca04e0bc6ce855,n- s,
3,prot-1951--ak--13,cdca04e0bc6ce855,n- t,
4,prot-1951--ak--13,cdca04e0bc6ce855,e- d,
5,prot-1951--ak--13,cdca04e0bc6ce855,e- f,
6,prot-1951--ak--13,cdca04e0bc6ce855,t- n,
7,prot-1951--ak--13,cdca04e0bc6ce855,n- t,
8,prot-1951--ak--13,cdca04e0bc6ce855,m- m,
9,prot-1951--ak--13,cdca04e0bc6ce855,ö- s,
10,prot-1951--ak--13,cdca04e0bc6ce855,s- t,
11,prot-1951--ak--13,cdca04e0bc6ce855,r- t,
12,prot-1951--ak--13,cdca04e0bc6ce855,o- p,
13,prot-1951--ak--13,cdca04e0bc6ce855,t- s,
14,prot-1951--ak--13,cdca04e0bc6ce855,t- f,
15,prot-1951--ak--13,cdca04e0bc6ce855,o- g,
16,prot-1951--ak--13,cdca04e0bc6ce855,o- r,
17,prot-1951--ak--13,cdca04e0bc6ce855,n- n,
18,prot-1951--ak--13,cdca04e0bc6ce855,n- v,
19,prot-1951--ak--13,cdca04e0bc6ce855,t- n,
20,prot-1951--ak--13,cdca04e0bc6ce855,e- l,
21,prot-1951--ak--13,cdca04e0bc6ce855,n- n,
22,prot-1951--ak--13,cdca04e0bc6ce855,s- t,
23,prot-1951--ak--13,cdca04e0bc6ce855,d- n,
24,prot-1951--ak--13,cdca04e0bc6ce855,e- s,
25,prot-1951--ak--13,cdca04e0bc6ce855,t- l,
26,prot-1951--ak--13,cdca04e0bc6ce855,d- n,
27,prot-1951--ak--13,cdca04e0bc6ce855,i- k,
28,prot-1951--ak--13,cdca04e0bc6ce855,r- i,
29,prot-1951--ak--13,cdca04e0bc6ce855,n- t,
30,prot-1951--ak--13,cdca04e0bc6ce855,e- v,
31,prot-1951--ak--13,cdca04e0bc6ce855,l- l,
32,prot-1951--ak--13,cdca04e0bc6ce855,y- r,
33,prot-1951--ak--13,cdca04e0bc6ce855,t- t,
34,prot-1951--ak--13,cdca04e0bc6ce855,s- b,
35,prot-1951--ak--13,cdca04e0bc6ce855,g- o,
36,prot-1951--ak--13,cdca04e0bc6ce855,n- g,
37,prot-1951--ak--13,cdca04e0bc6ce855,i- g,
38,prot-1951--ak--13,cdca04e0bc6ce855,s- b,
39,prot-1951--ak--13,cdca04e0bc6ce855,s- p,
0,prot-1951--ak--13,7b16a01c980ae2ac,"n
h",
1,prot-1951--ak--13,cdca04e0bc6ce855,r- b,
2,prot-1951--ak--13,cdca04e0bc6ce855,e- l,
3,prot-1951--ak--13,cdca04e0bc6ce855,e- v,
4,prot-1951--ak--13,cdca04e0bc6ce855,a- n,
5,prot-1951--ak--13,cdca04e0bc6ce855,e- v,
6,prot-1951--ak--13,cdca04e0bc6ce855,g- n,
7,prot-1951--ak--13,cdca04e0bc6ce855,m- f,
8,prot-1951--ak--13,cdca04e0bc6ce855,g- h,
9,prot-1951--ak--13,cdca04e0bc6ce855,a- r,
10,prot-1951--ak--13,cdca04e0bc6ce855,r- e,
11,prot-1951--ak--13,cdca04e0bc6ce855,m- m,
12,prot-1951--ak--13,cdca04e0bc6ce855,k- h,
13,prot-1951--ak--13,cdca04e0bc6ce855,r- p,
14,prot-1951--ak--13,cdca04e0bc6ce855,e- r,
15,prot-1951--ak--13,cdca04e0bc6ce855,t- s,
16,prot-1951--ak--13,cdca04e0bc6ce855,e- t,
17,prot-1951--ak--13,cdca04e0bc6ce855,r- v,
18,prot-1951--ak--13,cdca04e0bc6ce855,p- p,
19,prot-1951--ak--13,cdca04e0bc6ce855,s- v,
20,prot-1951--ak--13,cdca04e0bc6ce855,n- t,
21,prot-1951--ak--13,cdca04e0bc6ce855,d- r,
22,prot-1951--ak--13,cdca04e0bc6ce855,a- l,
23,prot-1951--ak--13,cdca04e0bc6ce855,å- r,
24,prot-1951--ak--13,cdca04e0bc6ce855,l- l,
25,prot-1951--ak--13,cdca04e0bc6ce855,ä- g,
26,prot-1951--ak--13,cdca04e0bc6ce855,n- n,
27,prot-1951--ak--13,cdca04e0bc6ce855,s- s,
28,prot-1951--ak--13,cdca04e0bc6ce855,e- t,
29,prot-1951--ak--13,cdca04e0bc6ce855,e- t,
30,prot-1951--ak--13,cdca04e0bc6ce855,l- s,
31,prot-1951--ak--13,cdca04e0bc6ce855,n- d,
32,prot-1951--ak--13,cdca04e0bc6ce855,d- n,
0,prot-1951--ak--13,7b16a01c980ae2ac,"n
g",
1,prot-1951--ak--13,cdca04e0bc6ce855,u- s,
2,prot-1951--ak--13,cdca04e0bc6ce855,ö- t,
3,prot-1951--ak--13,cdca04e0bc6ce855,r- i,
4,prot-1951--ak--13,cdca04e0bc6ce855,s- p,
5,prot-1951--ak--13,cdca04e0bc6ce855,n- d,
6,prot-1951--ak--13,cdca04e0bc6ce855,m- m,
7,prot-1951--ak--13,cdca04e0bc6ce855,s- s,
8,prot-1951--ak--13,cdca04e0bc6ce855,t- t,
9,prot-1951--ak--13,cdca04e0bc6ce855,p- s,
10,prot-1951--ak--13,cdca04e0bc6ce855,i- n,
11,prot-1951--ak--13,cdca04e0bc6ce855,t- r,
12,prot-1951--ak--13,cdca04e0bc6ce855,a- r,
13,prot-1951--ak--13,cdca04e0bc6ce855,n- d,
14,prot-1951--ak--13,cdca04e0bc6ce855,r- f,
15,prot-1951--ak--13,cdca04e0bc6ce855,e- h,
16,prot-1951--ak--13,cdca04e0bc6ce855,o- n,
17,prot-1951--ak--13,cdca04e0bc6ce855,i- k,
18,prot-1951--ak--13,cdca04e0bc6ce855,n- b,
19,prot-1951--ak--13,cdca04e0bc6ce855,r- r,
20,prot-1951--ak--13,cdca04e0bc6ce855,å- n,
21,prot-1951--ak--13,cdca04e0bc6ce855,s- t,
22,prot-1951--ak--13,cdca04e0bc6ce855,l- l,
23,prot-1951--ak--13,cdca04e0bc6ce855,a- l,
24,prot-1951--ak--13,cdca04e0bc6ce855,å- g,
25,prot-1951--ak--13,cdca04e0bc6ce855,i- r,
26,prot-1951--ak--13,cdca04e0bc6ce855,e- r,
27,prot-1951--ak--13,cdca04e0bc6ce855,c- k,
28,prot-1951--ak--13,cdca04e0bc6ce855,s- s,
29,prot-1951--ak--13,cdca04e0bc6ce855,s- t,
30,prot-1951--ak--13,cdca04e0bc6ce855,n- v,
31,prot-1951--ak--13,cdca04e0bc6ce855,i- s,
32,prot-1951--ak--13,cdca04e0bc6ce855,o- n,
33,prot-1951--ak--13,cdca04e0bc6ce855,u- v,
0,prot-1951--ak--13,7b16a01c980ae2ac,",
o",
1,prot-1951--ak--13,cdca04e0bc6ce855,n- v,
2,prot-1951--ak--13,cdca04e0bc6ce855,n- b,
3,prot-1951--ak--13,cdca04e0bc6ce855,s- b,
4,prot-1951--ak--13,cdca04e0bc6ce855,e- s,
5,prot-1951--ak--13,cdca04e0bc6ce855,s- l,
6,prot-1951--ak--13,cdca04e0bc6ce855,l- l,
7,prot-1951--ak--13,cdca04e0bc6ce855,v- k,
8,prot-1951--ak--13,cdca04e0bc6ce855,l- t,
9,prot-1951--ak--13,cdca04e0bc6ce855,t- n,
10,prot-1951--ak--13,cdca04e0bc6ce855,n- n,
11,prot-1951--ak--13,cdca04e0bc6ce855,a- t,
12,prot-1951--ak--13,cdca04e0bc6ce855,r- v,
13,prot-1951--ak--13,cdca04e0bc6ce855,m- m,
14,prot-1951--ak--13,cdca04e0bc6ce855,n- v,
15,prot-1951--ak--13,cdca04e0bc6ce855,a- k,
16,prot-1951--ak--13,cdca04e0bc6ce855,l- l,
17,prot-1951--ak--13,cdca04e0bc6ce855,s- r,
18,prot-1951--ak--13,cdca04e0bc6ce855,e- m,
19,prot-1951--ak--13,cdca04e0bc6ce855,t- s,
20,prot-1951--ak--13,cdca04e0bc6ce855,s- t,
21,prot-1951--ak--13,cdca04e0bc6ce855,r- r,
22,prot-1951--ak--13,cdca04e0bc6ce855,n- d,
23,prot-1951--ak--13,cdca04e0bc6ce855,o- m,
24,prot-1951--ak--13,cdca04e0bc6ce855,n- d,
25,prot-1951--ak--13,cdca04e0bc6ce855,n- j,
26,prot-1951--ak--13,cdca04e0bc6ce855,n- v,
27,prot-1951--ak--13,cdca04e0bc6ce855,k- t,
28,prot-1951--ak--13,cdca04e0bc6ce855,s- p,
29,prot-1951--ak--13,cdca04e0bc6ce855,d- r,
0,prot-1951--ak--13,7b16a01c980ae2ac,"u
s",
1,prot-1951--ak--13,cdca04e0bc6ce855,e- v,
2,prot-1951--ak--13,cdca04e0bc6ce855,p- r,
3,prot-1951--ak--13,cdca04e0bc6ce855,l- m,
4,prot-1951--ak--13,cdca04e0bc6ce855,ä- g,
5,prot-1951--ak--13,cdca04e0bc6ce855,r- k,
6,prot-1951--ak--13,cdca04e0bc6ce855,d- d,
7,prot-1951--ak--13,cdca04e0bc6ce855,m- m,
8,prot-1951--ak--13,cdca04e0bc6ce855,p- m,
9,prot-1951--ak--13,cdca04e0bc6ce855,r- p,
10,prot-1951--ak--13,cdca04e0bc6ce855,n- s,
11,prot-1951--ak--13,cdca04e0bc6ce855,e- f,
12,prot-1951--ak--13,cdca04e0bc6ce855,g- h,
13,prot-1951--ak--13,cdca04e0bc6ce855,n- n,
14,prot-1951--ak--13,cdca04e0bc6ce855,k- m,
15,prot-1951--ak--13,cdca04e0bc6ce855,e- n,
16,prot-1951--ak--13,cdca04e0bc6ce855,n- v,
17,prot-1951--ak--13,cdca04e0bc6ce855,l- t,
18,prot-1951--ak--13,cdca04e0bc6ce855,o- n,
19,prot-1951--ak--13,cdca04e0bc6ce855,g- g,
20,prot-1951--ak--13,cdca04e0bc6ce855,u- r,
21,prot-1951--ak--13,cdca04e0bc6ce855,d- r,
22,prot-1951--ak--13,cdca04e0bc6ce855,d- v,
23,prot-1951--ak--13,cdca04e0bc6ce855,i- d,
24,prot-1951--ak--13,cdca04e0bc6ce855,n- k,
25,prot-1951--ak--13,cdca04e0bc6ce855,n- v,
0,prot-1951--ak--13,7b16a01c980ae2ac,"s
d",
1,prot-1951--ak--13,7b16a01c980ae2ac,"d
t",
2,prot-1951--ak--13,7b16a01c980ae2ac,"h
n",
3,prot-1951--ak--13,7b16a01c980ae2ac,"t
t",
4,prot-1951--ak--13,7b16a01c980ae2ac,"d
t",
5,prot-1951--ak--13,7b16a01c980ae2ac,"t
t",
6,prot-1951--ak--13,cdca04e0bc6ce855,r- g,
7,prot-1951--ak--13,cdca04e0bc6ce855,r- d,
8,prot-1951--ak--13,cdca04e0bc6ce855,n- t,
9,prot-1951--ak--13,cdca04e0bc6ce855,r- b,
10,prot-1951--ak--13,cdca04e0bc6ce855,r- j,
11,prot-1951--ak--13,cdca04e0bc6ce855,e- s,
12,prot-1951--ak--13,cdca04e0bc6ce855,n- k,
13,prot-1951--ak--13,cdca04e0bc6ce855,n- v,
14,prot-1951--ak--13,cdca04e0bc6ce855,r- i,
15,prot-1951--ak--13,cdca04e0bc6ce855,e- l,
16,prot-1951--ak--13,cdca04e0bc6ce855,n- v,
17,prot-1951--ak--13,cdca04e0bc6ce855,d- d,
18,prot-1951--ak--13,cdca04e0bc6ce855,n- g,
19,prot-1951--ak--13,cdca04e0bc6ce855,n- s,
20,prot-1951--ak--13,cdca04e0bc6ce855,i- g,
21,prot-1951--ak--13,cdca04e0bc6ce855,n- v,
22,prot-1951--ak--13,cdca04e0bc6ce855,k- l,
23,prot-1951--ak--13,cdca04e0bc6ce855,m- m,
24,prot-1951--ak--13,cdca04e0bc6ce855,e- m,
0,prot-1951--ak--13,cdca04e0bc6ce855,i- k,
1,prot-1951--ak--13,cdca04e0bc6ce855,s- o,
2,prot-1951--ak--13,cdca04e0bc6ce855,g- u,
3,prot-1951--ak--13,cdca04e0bc6ce855,t- s,
4,prot-1951--ak--13,cdca04e0bc6ce855,l- l,
5,prot-1951--ak--13,cdca04e0bc6ce855,l- d,
6,prot-1951--ak--13,cdca04e0bc6ce855,s- f,
7,prot-1951--ak--13,cdca04e0bc6ce855,n- n,
8,prot-1951--ak--13,cdca04e0bc6ce855,a- g,
9,prot-1951--ak--13,cdca04e0bc6ce855,g- e,
10,prot-1951--ak--13,cdca04e0bc6ce855,s- o,
11,prot-1951--ak--13,cdca04e0bc6ce855,n- n,
12,prot-1951--ak--13,cdca04e0bc6ce855,o- c,
13,prot-1951--ak--13,cdca04e0bc6ce855,t- g,
14,prot-1951--ak--13,cdca04e0bc6ce855,s- m,
15,prot-1951--ak--13,cdca04e0bc6ce855,n- d,
16,prot-1951--ak--13,cdca04e0bc6ce855,k- h,
17,prot-1951--ak--13,cdca04e0bc6ce855,å- r,
18,prot-1951--ak--13,cdca04e0bc6ce855,n- p,
19,prot-1951--ak--13,cdca04e0bc6ce855,n- l,
20,prot-1951--ak--13,cdca04e0bc6ce855,d- r,
21,prot-1951--ak--13,cdca04e0bc6ce855,ö- r,
22,prot-1951--ak--13,cdca04e0bc6ce855,e- b,
23,prot-1951--ak--13,cdca04e0bc6ce855,i- d,
24,prot-1951--ak--13,cdca04e0bc6ce855,r- k,
25,prot-1951--ak--13,cdca04e0bc6ce855,r- d,
26,prot-1951--ak--13,cdca04e0bc6ce855,n- n,
27,prot-1951--ak--13,cdca04e0bc6ce855,ä- g,
28,prot-1951--ak--13,cdca04e0bc6ce855,t- l,
29,prot-1951--ak--13,cdca04e0bc6ce855,å- d,
0,prot-1951--ak--13,7b16a01c980ae2ac,"h
n",
1,prot-1951--ak--13,7b16a01c980ae2ac,"h
n",
2,prot-1951--ak--13,7b16a01c980ae2ac,"n
n",
3,prot-1951--ak--13,7b16a01c980ae2ac,"h
n",
4,prot-1951--ak--13,cdca04e0bc6ce855,n- d,
5,prot-1951--ak--13,cdca04e0bc6ce855,n- n,
6,prot-1951--ak--13,cdca04e0bc6ce855,e- h,
7,prot-1951--ak--13,cdca04e0bc6ce855,d- t,
8,prot-1951--ak--13,cdca04e0bc6ce855,t- s,
9,prot-1951--ak--13,cdca04e0bc6ce855,l- s,
10,prot-1951--ak--13,cdca04e0bc6ce855,s- b,
11,prot-1951--ak--13,cdca04e0bc6ce855,n- t,
12,prot-1951--ak--13,cdca04e0bc6ce855,r- v,
13,prot-1951--ak--13,cdca04e0bc6ce855,b- l,
14,prot-1951--ak--13,cdca04e0bc6ce855,r- v,
15,prot-1951--ak--13,cdca04e0bc6ce855,m- l,
16,prot-1951--ak--13,cdca04e0bc6ce855,d- r,
17,prot-1951--ak--13,cdca04e0bc6ce855,p- t,
18,prot-1951--ak--13,cdca04e0bc6ce855,k- b,
19,prot-1951--ak--13,cdca04e0bc6ce855,n- d,
20,prot-1951--ak--13,cdca04e0bc6ce855,a- m,
21,prot-1951--ak--13,cdca04e0bc6ce855,l- m,
22,prot-1951--ak--13,cdca04e0bc6ce855,d- r,
23,prot-1951--ak--13,cdca04e0bc6ce855,p- t,
24,prot-1951--ak--13,cdca04e0bc6ce855,o- v,
25,prot-1951--ak--13,cdca04e0bc6ce855,m- p,
26,prot-1951--ak--13,cdca04e0bc6ce855,n- d,
27,prot-1951--ak--13,cdca04e0bc6ce855,e- d,
28,prot-1951--ak--13,cdca04e0bc6ce855,o- s,
29,prot-1951--ak--13,cdca04e0bc6ce855,n- g,
30,prot-1951--ak--13,cdca04e0bc6ce855,u- a,
31,prot-1951--ak--13,cdca04e0bc6ce855,o- s,
32,prot-1951--ak--13,cdca04e0bc6ce855,o- n,
33,prot-1951--ak--13,cdca04e0bc6ce855,i- t,
34,prot-1951--ak--13,cdca04e0bc6ce855,r- v,
35,prot-1951--ak--13,cdca04e0bc6ce855,i- t,
36,prot-1951--ak--13,cdca04e0bc6ce855,s- m,
0,prot-1951--ak--13,7b16a01c980ae2ac,"h
n",
1,prot-1951--ak--13,7b16a01c980ae2ac,"h
n",
2,prot-1951--ak--13,7b16a01c980ae2ac,"h
n",
3,prot-1951--ak--13,7b16a01c980ae2ac,"h
n",
4,prot-1951--ak--13,7b16a01c980ae2ac,"h
n",
5,prot-1951--ak--13,7b16a01c980ae2ac,"h
n",
6,prot-1951--ak--13,7b16a01c980ae2ac,"g
m",
7,prot-1951--ak--13,7b16a01c980ae2ac,"h
n",
8,prot-1951--ak--13,cdca04e0bc6ce855,k- d,
9,prot-1951--ak--13,cdca04e0bc6ce855,o- s,
10,prot-1951--ak--13,cdca04e0bc6ce855,o- n,
11,prot-1951--ak--13,cdca04e0bc6ce855,i- t,
12,prot-1951--ak--13,cdca04e0bc6ce855,e- o,
13,prot-1951--ak--13,cdca04e0bc6ce855,n- s,
14,prot-1951--ak--13,cdca04e0bc6ce855,s- u,
15,prot-1951--ak--13,cdca04e0bc6ce855,o- s,
16,prot-1951--ak--13,cdca04e0bc6ce855,e- o,
17,prot-1951--ak--13,cdca04e0bc6ce855,n- s,
18,prot-1951--ak--13,cdca04e0bc6ce855,o- s,
19,prot-1951--ak--13,cdca04e0bc6ce855,o- n,
20,prot-1951--ak--13,cdca04e0bc6ce855,l- f,
21,prot-1951--ak--13,cdca04e0bc6ce855,o- s,
22,prot-1951--ak--13,cdca04e0bc6ce855,o- n,
23,prot-1951--ak--13,cdca04e0bc6ce855,o- s,
24,prot-1951--ak--13,cdca04e0bc6ce855,o- s,
25,prot-1951--ak--13,cdca04e0bc6ce855,o- s,
26,prot-1951--ak--13,cdca04e0bc6ce855,r- n,
27,prot-1951--ak--13,cdca04e0bc6ce855,o- s,
28,prot-1951--ak--13,cdca04e0bc6ce855,s- a,
29,prot-1951--ak--13,cdca04e0bc6ce855,o- s,
30,prot-1951--ak--13,cdca04e0bc6ce855,d- g,
31,prot-1951--ak--13,cdca04e0bc6ce855,y- r,
32,prot-1951--ak--13,cdca04e0bc6ce855,d- l,
33,prot-1951--ak--13,cdca04e0bc6ce855,l- m,
0,prot-1951--ak--13,7b16a01c980ae2ac,"h
n",
1,prot-1951--ak--13,7b16a01c980ae2ac,"h
n",
2,prot-1951--ak--13,7b16a01c980ae2ac,"h
n",
3,prot-1951--ak--13,7b16a01c980ae2ac,"h
n",
4,prot-1951--ak--13,7b16a01c980ae2ac,"ö
i",
5,prot-1951--ak--13,7b16a01c980ae2ac,"t
i",
6,prot-1951--ak--13,7b16a01c980ae2ac,"h
n",
7,prot-1951--ak--13,cdca04e0bc6ce855,o- s,
8,prot-1951--ak--13,cdca04e0bc6ce855,d- g,
9,prot-1951--ak--13,cdca04e0bc6ce855,o- n,
10,prot-1951--ak--13,cdca04e0bc6ce855,o- s,
11,prot-1951--ak--13,cdca04e0bc6ce855,o- s,
12,prot-1951--ak--13,cdca04e0bc6ce855,s- f,
13,prot-1951--ak--13,cdca04e0bc6ce855,s- k,
14,prot-1951--ak--13,cdca04e0bc6ce855,o- s,
15,prot-1951--ak--13,cdca04e0bc6ce855,d- n,
16,prot-1951--ak--13,cdca04e0bc6ce855,e- s,
17,prot-1951--ak--13,cdca04e0bc6ce855,k- h,
18,prot-1951--ak--13,cdca04e0bc6ce855,o- s,
19,prot-1951--ak--13,cdca04e0bc6ce855,o- s,
20,prot-1951--ak--13,cdca04e0bc6ce855,d- g,
21,prot-1951--ak--13,cdca04e0bc6ce855,s- m,
22,prot-1951--ak--13,cdca04e0bc6ce855,o- n,
23,prot-1951--ak--13,cdca04e0bc6ce855,o- s,
24,prot-1951--ak--13,cdca04e0bc6ce855,d- n,
25,prot-1951--ak--13,cdca04e0bc6ce855,o- t,
26,prot-1951--ak--13,cdca04e0bc6ce855,d- l,
27,prot-1951--ak--13,cdca04e0bc6ce855,o- s,
28,prot-1951--ak--13,cdca04e0bc6ce855,o- s,
29,prot-1951--ak--13,cdca04e0bc6ce855,d- n,
30,prot-1951--ak--13,cdca04e0bc6ce855,e- f,
31,prot-1951--ak--13,cdca04e0bc6ce855,o- s,
32,prot-1951--ak--13,cdca04e0bc6ce855,o- s,
33,prot-1951--ak--13,cdca04e0bc6ce855,i- t,
34,prot-1951--ak--13,cdca04e0bc6ce855,n- d,
35,prot-1951--ak--13,cdca04e0bc6ce855,a- l,
0,prot-1951--ak--13,7b16a01c980ae2ac,"d
t",
1,prot-1951--ak--13,7b16a01c980ae2ac,"h
t",
2,prot-1951--ak--13,cdca04e0bc6ce855,n- k,
3,prot-1951--ak--13,cdca04e0bc6ce855,n- d,
4,prot-1951--ak--13,cdca04e0bc6ce855,r- e,
5,prot-1951--ak--13,cdca04e0bc6ce855,n- k,
6,prot-1951--ak--13,cdca04e0bc6ce855,e- a,
7,prot-1951--ak--13,cdca04e0bc6ce855,ä- r,
8,prot-1951--ak--13,cdca04e0bc6ce855,s- d,
9,prot-1951--ak--13,cdca04e0bc6ce855,o- s,
10,prot-1951--ak--13,cdca04e0bc6ce855,m- b,
11,prot-1951--ak--13,cdca04e0bc6ce855,i- t,
12,prot-1951--ak--13,cdca04e0bc6ce855,d- n,
13,prot-1951--ak--13,cdca04e0bc6ce855,r- s,
14,prot-1951--ak--13,cdca04e0bc6ce855,n- d,
15,prot-1951--ak--13,cdca04e0bc6ce855,s- e,
16,prot-1951--ak--13,cdca04e0bc6ce855,e- s,
0,prot-1951--ak--13,7b16a01c980ae2ac,"d
t",
1,prot-1951--ak--13,7b16a01c980ae2ac,"h
t",
2,prot-1951--ak--13,7b16a01c980ae2ac,"d
t",
3,prot-1951--ak--13,7b16a01c980ae2ac,"t
t",
4,prot-1951--ak--13,7b16a01c980ae2ac,"d
t",
5,prot-1951--ak--13,cdca04e0bc6ce855,u- n,
6,prot-1951--ak--13,cdca04e0bc6ce855,o- n,
7,prot-1951--ak--13,cdca04e0bc6ce855,e- h,
8,prot-1951--ak--13,cdca04e0bc6ce855,m- b,
9,prot-1951--ak--13,cdca04e0bc6ce855,l- a,
10,prot-1951--ak--13,cdca04e0bc6ce855,r- s,
11,prot-1951--ak--13,cdca04e0bc6ce855,d- n,
12,prot-1951--ak--13,cdca04e0bc6ce855,d- r,
13,prot-1951--ak--13,cdca04e0bc6ce855,s- m,
14,prot-1951--ak--13,cdca04e0bc6ce855,r- t,
15,prot-1951--ak--13,cdca04e0bc6ce855,k- d,
16,prot-1951--ak--13,cdca04e0bc6ce855,l- f,
0,prot-1951--ak--13,7b16a01c980ae2ac,"g
m",
1,prot-1951--ak--13,7b16a01c980ae2ac,"h
n",
2,prot-1951--ak--13,7b16a01c980ae2ac,"t
h",
3,prot-1951--ak--13,7b16a01c980ae2ac,"d
t",
4,prot-1951--ak--13,7b16a01c980ae2ac,"h
n",
5,prot-1951--ak--13,7b16a01c980ae2ac,"s
t",
6,prot-1951--ak--13,7b16a01c980ae2ac,"t
t",
7,prot-1951--ak--13,7b16a01c980ae2ac,"h
n",
8,prot-1951--ak--13,cdca04e0bc6ce855,s- k,
9,prot-1951--ak--13,cdca04e0bc6ce855,e- s,
10,prot-1951--ak--13,cdca04e0bc6ce855,s- s,
11,prot-1951--ak--13,cdca04e0bc6ce855,d- l,
12,prot-1951--ak--13,cdca04e0bc6ce855,n- d,
13,prot-1951--ak--13,cdca04e0bc6ce855,e- d,
14,prot-1951--ak--13,cdca04e0bc6ce855,e- v,
15,prot-1951--ak--13,cdca04e0bc6ce855,o- n,
16,prot-1951--ak--13,cdca04e0bc6ce855,o- n,
17,prot-1951--ak--13,cdca04e0bc6ce855,g- n,
18,prot-1951--ak--13,cdca04e0bc6ce855,i- s,
19,prot-1951--ak--13,cdca04e0bc6ce855,i- t,
20,prot-1951--ak--13,cdca04e0bc6ce855,m- m,
21,prot-1951--ak--13,cdca04e0bc6ce855,n- h,
22,prot-1951--ak--13,cdca04e0bc6ce855,n- r,
23,prot-1951--ak--13,cdca04e0bc6ce855,n- d,
24,prot-1951--ak--13,cdca04e0bc6ce855,s- s,
25,prot-1951--ak--13,cdca04e0bc6ce855,å- t,
26,prot-1951--ak--13,cdca04e0bc6ce855,m- t,
0,prot-1951--ak--13,7b16a01c980ae2ac,",
f",
1,prot-1951--ak--13,7b16a01c980ae2ac,"e
a",
2,prot-1951--ak--13,cdca04e0bc6ce855,t- b,
3,prot-1951--ak--13,cdca04e0bc6ce855,s- v,
4,prot-1951--ak--13,cdca04e0bc6ce855,u- v,
5,prot-1951--ak--13,cdca04e0bc6ce855,r- u,
6,prot-1951--ak--13,cdca04e0bc6ce855,d- g,
7,prot-1951--ak--13,cdca04e0bc6ce855,d- t,
8,prot-1951--ak--13,cdca04e0bc6ce855,k- n,
9,prot-1951--ak--13,cdca04e0bc6ce855,a- t,
10,prot-1951--ak--13,cdca04e0bc6ce855,ö- n,
11,prot-1951--ak--13,cdca04e0bc6ce855,a- t,
12,prot-1951--ak--13,cdca04e0bc6ce855,s- a,
13,prot-1951--ak--13,cdca04e0bc6ce855,å- g,
14,prot-1951--ak--13,cdca04e0bc6ce855,v- g,
15,prot-1951--ak--13,cdca04e0bc6ce855,t- t,
16,prot-1951--ak--13,cdca04e0bc6ce855,m- s,
17,prot-1951--ak--13,cdca04e0bc6ce855,f- t,
18,prot-1951--ak--13,cdca04e0bc6ce855,g- s,
19,prot-1951--ak--13,cdca04e0bc6ce855,r- v,
20,prot-1951--ak--13,cdca04e0bc6ce855,s- d,
21,prot-1951--ak--13,cdca04e0bc6ce855,a- t,
22,prot-1951--ak--13,cdca04e0bc6ce855,å- g,
23,prot-1951--ak--13,cdca04e0bc6ce855,u- k,
24,prot-1951--ak--13,cdca04e0bc6ce855,g- d,
25,prot-1951--ak--13,cdca04e0bc6ce855,e- n,
26,prot-1951--ak--13,cdca04e0bc6ce855,o- l,
27,prot-1951--ak--13,cdca04e0bc6ce855,s- h,
28,prot-1951--ak--13,cdca04e0bc6ce855,s- o,
29,prot-1951--ak--13,cdca04e0bc6ce855,r- t,
30,prot-1951--ak--13,cdca04e0bc6ce855,d- l,
31,prot-1951--ak--13,cdca04e0bc6ce855,m- b,
32,prot-1951--ak--13,cdca04e0bc6ce855,r- b,
33,prot-1951--ak--13,cdca04e0bc6ce855,e- n,
34,prot-1951--ak--13,cdca04e0bc6ce855,i- s,
35,prot-1951--ak--13,cdca04e0bc6ce855,m- m,
36,prot-1951--ak--13,cdca04e0bc6ce855,k- t,
0,prot-1951--ak--13,cdca04e0bc6ce855,g- d,
1,prot-1951--ak--13,cdca04e0bc6ce855,u- d,
2,prot-1951--ak--13,cdca04e0bc6ce855,a- m,
3,prot-1951--ak--13,cdca04e0bc6ce855,m- r,
4,prot-1951--ak--13,cdca04e0bc6ce855,o- s,
5,prot-1951--ak--13,cdca04e0bc6ce855,a- t,
6,prot-1951--ak--13,cdca04e0bc6ce855,n- s,
7,prot-1951--ak--13,cdca04e0bc6ce855,n- s,
8,prot-1951--ak--13,cdca04e0bc6ce855,o- n,
9,prot-1951--ak--13,cdca04e0bc6ce855,r- k,
10,prot-1951--ak--13,cdca04e0bc6ce855,å- e,
11,prot-1951--ak--13,cdca04e0bc6ce855,t- s,
12,prot-1951--ak--13,cdca04e0bc6ce855,n- s,
13,prot-1951--ak--13,cdca04e0bc6ce855,i- v,
14,prot-1951--ak--13,cdca04e0bc6ce855,p- s,
15,prot-1951--ak--13,cdca04e0bc6ce855,l- k,
16,prot-1951--ak--13,cdca04e0bc6ce855,n- d,
17,prot-1951--ak--13,cdca04e0bc6ce855,s- s,
18,prot-1951--ak--13,cdca04e0bc6ce855,r- d,
19,prot-1951--ak--13,cdca04e0bc6ce855,t- g,
20,prot-1951--ak--13,cdca04e0bc6ce855,m- m,
21,prot-1951--ak--13,cdca04e0bc6ce855,a- v,
22,prot-1951--ak--13,cdca04e0bc6ce855,n- s,
23,prot-1951--ak--13,cdca04e0bc6ce855,s- d,
24,prot-1951--ak--13,cdca04e0bc6ce855,r- f,
25,prot-1951--ak--13,cdca04e0bc6ce855,n- d,
26,prot-1951--ak--13,cdca04e0bc6ce855,i- o,
0,prot-1951--ak--13,7b16a01c980ae2ac,"n
i",
1,prot-1951--ak--13,cdca04e0bc6ce855,k- s,
2,prot-1951--ak--13,cdca04e0bc6ce855,s- s,
3,prot-1951--ak--13,cdca04e0bc6ce855,g- s,
4,prot-1951--ak--13,cdca04e0bc6ce855,e- t,
5,prot-1951--ak--13,cdca04e0bc6ce855,o- l,
6,prot-1951--ak--13,cdca04e0bc6ce855,a- d,
7,prot-1951--ak--13,cdca04e0bc6ce855,s- b,
8,prot-1951--ak--13,cdca04e0bc6ce855,n- s,
9,prot-1951--ak--13,cdca04e0bc6ce855,i- s,
10,prot-1951--ak--13,cdca04e0bc6ce855,s- b,
11,prot-1951--ak--13,cdca04e0bc6ce855,r- n,
12,prot-1951--ak--13,cdca04e0bc6ce855,n- n,
13,prot-1951--ak--13,cdca04e0bc6ce855,i- f,
14,prot-1951--ak--13,cdca04e0bc6ce855,å- e,
15,prot-1951--ak--13,cdca04e0bc6ce855,t- b,
16,prot-1951--ak--13,cdca04e0bc6ce855,i- v,
17,prot-1951--ak--13,cdca04e0bc6ce855,t- s,
18,prot-1951--ak--13,cdca04e0bc6ce855,n- s,
19,prot-1951--ak--13,cdca04e0bc6ce855,i- v,
20,prot-1951--ak--13,cdca04e0bc6ce855,c- k,
21,prot-1951--ak--13,cdca04e0bc6ce855,o- g,
22,prot-1951--ak--13,cdca04e0bc6ce855,å- d,
23,prot-1951--ak--13,cdca04e0bc6ce855,x- e,
24,prot-1951--ak--13,cdca04e0bc6ce855,t- b,
25,prot-1951--ak--13,cdca04e0bc6ce855,n- s,
26,prot-1951--ak--13,cdca04e0bc6ce855,g- l,
27,prot-1951--ak--13,cdca04e0bc6ce855,u- k,
28,prot-1951--ak--13,cdca04e0bc6ce855,s- b,
29,prot-1951--ak--13,cdca04e0bc6ce855,e- n,
30,prot-1951--ak--13,cdca04e0bc6ce855,k- n,
31,prot-1951--ak--13,cdca04e0bc6ce855,s- s,
32,prot-1951--ak--13,cdca04e0bc6ce855,s- k,
33,prot-1951--ak--13,cdca04e0bc6ce855,o- t,
34,prot-1951--ak--13,cdca04e0bc6ce855,n- g,
35,prot-1951--ak--13,cdca04e0bc6ce855,i- o,
36,prot-1951--ak--13,cdca04e0bc6ce855,d- n,
37,prot-1951--ak--13,cdca04e0bc6ce855,i- f,
0,prot-1951--ak--13,7b16a01c980ae2ac,"l
u",
1,prot-1951--ak--13,cdca04e0bc6ce855,o- s,
2,prot-1951--ak--13,cdca04e0bc6ce855,e- s,
3,prot-1951--ak--13,cdca04e0bc6ce855,s- p,
4,prot-1951--ak--13,cdca04e0bc6ce855,k- t,
5,prot-1951--ak--13,cdca04e0bc6ce855,o- s,
6,prot-1951--ak--13,cdca04e0bc6ce855,s- n,
7,prot-1951--ak--13,cdca04e0bc6ce855,a- m,
8,prot-1951--ak--13,cdca04e0bc6ce855,r- v,
9,prot-1951--ak--13,cdca04e0bc6ce855,t- t,
10,prot-1951--ak--13,cdca04e0bc6ce855,s- v,
11,prot-1951--ak--13,cdca04e0bc6ce855,u- v,
12,prot-1951--ak--13,cdca04e0bc6ce855,e- h,
13,prot-1951--ak--13,cdca04e0bc6ce855,o- n,
14,prot-1951--ak--13,cdca04e0bc6ce855,o- h,
15,prot-1951--ak--13,cdca04e0bc6ce855,m- s,
16,prot-1951--ak--13,cdca04e0bc6ce855,s- u,
17,prot-1951--ak--13,cdca04e0bc6ce855,r- v,
18,prot-1951--ak--13,cdca04e0bc6ce855,d- n,
19,prot-1951--ak--13,cdca04e0bc6ce855,o- t,
20,prot-1951--ak--13,cdca04e0bc6ce855,n- v,
21,prot-1951--ak--13,cdca04e0bc6ce855,n- f,
22,prot-1951--ak--13,cdca04e0bc6ce855,e- d,
23,prot-1951--ak--13,cdca04e0bc6ce855,p- r,
24,prot-1951--ak--13,cdca04e0bc6ce855,i- l,
25,prot-1951--ak--13,cdca04e0bc6ce855,a- o,
26,prot-1951--ak--13,cdca04e0bc6ce855,o- n,
27,prot-1951--ak--13,cdca04e0bc6ce855,n- v,
0,prot-1951--ak--13,cdca04e0bc6ce855,n- n,
1,prot-1951--ak--13,cdca04e0bc6ce855,r- f,
2,prot-1951--ak--13,cdca04e0bc6ce855,v- n,
3,prot-1951--ak--13,cdca04e0bc6ce855,n- p,
4,prot-1951--ak--13,cdca04e0bc6ce855,r- v,
5,prot-1951--ak--13,cdca04e0bc6ce855,l- g,
6,prot-1951--ak--13,cdca04e0bc6ce855,s- u,
7,prot-1951--ak--13,cdca04e0bc6ce855,e- s,
8,prot-1951--ak--13,cdca04e0bc6ce855,n- s,
9,prot-1951--ak--13,cdca04e0bc6ce855,å- d,
10,prot-1951--ak--13,cdca04e0bc6ce855,ä- r,
11,prot-1951--ak--13,cdca04e0bc6ce855,k- s,
12,prot-1951--ak--13,cdca04e0bc6ce855,n- f,
13,prot-1951--ak--13,cdca04e0bc6ce855,e- t,
14,prot-1951--ak--13,cdca04e0bc6ce855,u- k,
15,prot-1951--ak--13,cdca04e0bc6ce855,r- s,
16,prot-1951--ak--13,cdca04e0bc6ce855,n- n,
17,prot-1951--ak--13,cdca04e0bc6ce855,n- s,
18,prot-1951--ak--13,cdca04e0bc6ce855,o- n,
19,prot-1951--ak--13,cdca04e0bc6ce855,v- g,
20,prot-1951--ak--13,cdca04e0bc6ce855,i- d,
21,prot-1951--ak--13,cdca04e0bc6ce855,t- b,
22,prot-1951--ak--13,cdca04e0bc6ce855,o- s,
23,prot-1951--ak--13,cdca04e0bc6ce855,n- s,
0,prot-1951--ak--13,7b16a01c980ae2ac,"a
b",
1,prot-1951--ak--13,cdca04e0bc6ce855,s- s,
2,prot-1951--ak--13,cdca04e0bc6ce855,m- s,
3,prot-1951--ak--13,cdca04e0bc6ce855,n- d,
4,prot-1951--ak--13,cdca04e0bc6ce855,s- n,
5,prot-1951--ak--13,cdca04e0bc6ce855,e- t,
6,prot-1951--ak--13,cdca04e0bc6ce855,s- a,
7,prot-1951--ak--13,cdca04e0bc6ce855,d- n,
8,prot-1951--ak--13,cdca04e0bc6ce855,o- t,
9,prot-1951--ak--13,cdca04e0bc6ce855,t- b,
10,prot-1951--ak--13,cdca04e0bc6ce855,d- g,
11,prot-1951--ak--13,cdca04e0bc6ce855,s- a,
12,prot-1951--ak--13,cdca04e0bc6ce855,o- n,
13,prot-1951--ak--13,cdca04e0bc6ce855,d- g,
14,prot-1951--ak--13,cdca04e0bc6ce855,m- m,
15,prot-1951--ak--13,cdca04e0bc6ce855,s- ä,
16,prot-1951--ak--13,cdca04e0bc6ce855,l- j,
17,prot-1951--ak--13,cdca04e0bc6ce855,l- s,
18,prot-1951--ak--13,cdca04e0bc6ce855,o- n,
19,prot-1951--ak--13,cdca04e0bc6ce855,g- n,
20,prot-1951--ak--13,cdca04e0bc6ce855,o- l,
21,prot-1951--ak--13,cdca04e0bc6ce855,l- t,
22,prot-1951--ak--13,cdca04e0bc6ce855,i- v,
23,prot-1951--ak--13,cdca04e0bc6ce855,a- l,
24,prot-1951--ak--13,cdca04e0bc6ce855,n- s,
25,prot-1951--ak--13,cdca04e0bc6ce855,r- b,
26,prot-1951--ak--13,cdca04e0bc6ce855,t- b,
27,prot-1951--ak--13,cdca04e0bc6ce855,n- g,
28,prot-1951--ak--13,cdca04e0bc6ce855,r- s,
29,prot-1951--ak--13,cdca04e0bc6ce855,k- n,
30,prot-1951--ak--13,cdca04e0bc6ce855,n- s,
31,prot-1951--ak--13,cdca04e0bc6ce855,a- t,
32,prot-1951--ak--13,cdca04e0bc6ce855,a- l,
0,prot-1951--ak--13,cdca04e0bc6ce855,s- a,
1,prot-1951--ak--13,cdca04e0bc6ce855,d- g,
2,prot-1951--ak--13,cdca04e0bc6ce855,e- m,
3,prot-1951--ak--13,cdca04e0bc6ce855,k- n,
4,prot-1951--ak--13,cdca04e0bc6ce855,e- s,
5,prot-1951--ak--13,cdca04e0bc6ce855,e- s,
6,prot-1951--ak--13,cdca04e0bc6ce855,p- f,
7,prot-1951--ak--13,cdca04e0bc6ce855,k- v,
8,prot-1951--ak--13,cdca04e0bc6ce855,o- l,
9,prot-1951--ak--13,cdca04e0bc6ce855,t- n,
10,prot-1951--ak--13,cdca04e0bc6ce855,i- s,
11,prot-1951--ak--13,cdca04e0bc6ce855,i- f,
12,prot-1951--ak--13,cdca04e0bc6ce855,n- d,
13,prot-1951--ak--13,cdca04e0bc6ce855,å- k,
14,prot-1951--ak--13,cdca04e0bc6ce855,e- h,
15,prot-1951--ak--13,cdca04e0bc6ce855,g- n,
16,prot-1951--ak--13,cdca04e0bc6ce855,s- u,
17,prot-1951--ak--13,cdca04e0bc6ce855,o- l,
18,prot-1951--ak--13,cdca04e0bc6ce855,d- n,
19,prot-1951--ak--13,cdca04e0bc6ce855,ä- d,
20,prot-1951--ak--13,cdca04e0bc6ce855,å- d,
21,prot-1951--ak--13,cdca04e0bc6ce855,n- n,
0,prot-1951--ak--13,cdca04e0bc6ce855,g- n,
1,prot-1951--ak--13,cdca04e0bc6ce855,t- b,
2,prot-1951--ak--13,cdca04e0bc6ce855,o- d,
3,prot-1951--ak--13,cdca04e0bc6ce855,s- a,
4,prot-1951--ak--13,cdca04e0bc6ce855,m- h,
5,prot-1951--ak--13,cdca04e0bc6ce855,p- r,
6,prot-1951--ak--13,cdca04e0bc6ce855,a- s,
7,prot-1951--ak--13,cdca04e0bc6ce855,e- v,
8,prot-1951--ak--13,cdca04e0bc6ce855,r- k,
9,prot-1951--ak--13,cdca04e0bc6ce855,l- l,
10,prot-1951--ak--13,cdca04e0bc6ce855,o- d,
11,prot-1951--ak--13,cdca04e0bc6ce855,m- m,
12,prot-1951--ak--13,cdca04e0bc6ce855,o- l,
13,prot-1951--ak--13,cdca04e0bc6ce855,l- k,
14,prot-1951--ak--13,cdca04e0bc6ce855,k- t,
15,prot-1951--ak--13,cdca04e0bc6ce855,m- r,
16,prot-1951--ak--13,cdca04e0bc6ce855,i- l,
17,prot-1951--ak--13,cdca04e0bc6ce855,t- b,
18,prot-1951--ak--13,cdca04e0bc6ce855,g- h,
19,prot-1951--ak--13,cdca04e0bc6ce855,s- a,
20,prot-1951--ak--13,cdca04e0bc6ce855,u- m,
0,prot-1951--ak--13,cdca04e0bc6ce855,n- s,
1,prot-1951--ak--13,cdca04e0bc6ce855,d- g,
2,prot-1951--ak--13,cdca04e0bc6ce855,g- n,
3,prot-1951--ak--13,cdca04e0bc6ce855,o- g,
4,prot-1951--ak--13,cdca04e0bc6ce855,l- t,
5,prot-1951--ak--13,cdca04e0bc6ce855,o- l,
6,prot-1951--ak--13,cdca04e0bc6ce855,s- s,
7,prot-1951--ak--13,cdca04e0bc6ce855,s- s,
8,prot-1951--ak--13,cdca04e0bc6ce855,a- d,
9,prot-1951--ak--13,cdca04e0bc6ce855,n- d,
10,prot-1951--ak--13,cdca04e0bc6ce855,y- b,
11,prot-1951--ak--13,cdca04e0bc6ce855,r- n,
12,prot-1951--ak--13,cdca04e0bc6ce855,ö- r,
13,prot-1951--ak--13,cdca04e0bc6ce855,s- k,
14,prot-1951--ak--13,cdca04e0bc6ce855,u- k,
15,prot-1951--ak--13,cdca04e0bc6ce855,m- m,
16,prot-1951--ak--13,cdca04e0bc6ce855,n- s,
17,prot-1951--ak--13,cdca04e0bc6ce855,a- t,
18,prot-1951--ak--13,cdca04e0bc6ce855,s- g,
19,prot-1951--ak--13,cdca04e0bc6ce855,s- f,
20,prot-1951--ak--13,cdca04e0bc6ce855,g- n,
21,prot-1951--ak--13,cdca04e0bc6ce855,r- t,
22,prot-1951--ak--13,cdca04e0bc6ce855,d- b,
23,prot-1951--ak--13,cdca04e0bc6ce855,n- k,
24,prot-1951--ak--13,cdca04e0bc6ce855,n- d,
25,prot-1951--ak--13,cdca04e0bc6ce855,s- p,
26,prot-1951--ak--13,cdca04e0bc6ce855,ö- r,
27,prot-1951--ak--13,cdca04e0bc6ce855,n- n,
28,prot-1951--ak--13,cdca04e0bc6ce855,m- m,
29,prot-1951--ak--13,cdca04e0bc6ce855,r- d,
30,prot-1951--ak--13,cdca04e0bc6ce855,n- t,
31,prot-1951--ak--13,cdca04e0bc6ce855,t- m,
32,prot-1951--ak--13,cdca04e0bc6ce855,c- v,
33,prot-1951--ak--13,cdca04e0bc6ce855,t- l,
34,prot-1951--ak--13,cdca04e0bc6ce855,n- d,
0,prot-1951--ak--13,cdca04e0bc6ce855,ö- v,
1,prot-1951--ak--13,cdca04e0bc6ce855,o- k,
2,prot-1951--ak--13,cdca04e0bc6ce855,n- s,
3,prot-1951--ak--13,cdca04e0bc6ce855,n- s,
4,prot-1951--ak--13,cdca04e0bc6ce855,r- a,
5,prot-1951--ak--13,cdca04e0bc6ce855,n- d,
6,prot-1951--ak--13,cdca04e0bc6ce855,g- g,
7,prot-1951--ak--13,cdca04e0bc6ce855,i- g,
8,prot-1951--ak--13,cdca04e0bc6ce855,t- s,
9,prot-1951--ak--13,cdca04e0bc6ce855,s- f,
10,prot-1951--ak--13,cdca04e0bc6ce855,e- t,
11,prot-1951--ak--13,cdca04e0bc6ce855,r- d,
12,prot-1951--ak--13,cdca04e0bc6ce855,s- t,
13,prot-1951--ak--13,cdca04e0bc6ce855,e- r,
14,prot-1951--ak--13,cdca04e0bc6ce855,i- t,
15,prot-1951--ak--13,cdca04e0bc6ce855,l- l,
16,prot-1951--ak--13,cdca04e0bc6ce855,r- d,
17,prot-1951--ak--13,cdca04e0bc6ce855,n- d,
18,prot-1951--ak--13,cdca04e0bc6ce855,s- r,
19,prot-1951--ak--13,cdca04e0bc6ce855,s- u,
20,prot-1951--ak--13,cdca04e0bc6ce855,l- n,
21,prot-1951--ak--13,cdca04e0bc6ce855,s- m,
22,prot-1951--ak--13,cdca04e0bc6ce855,r- t,
23,prot-1951--ak--13,cdca04e0bc6ce855,d- s,
24,prot-1951--ak--13,cdca04e0bc6ce855,s- b,
25,prot-1951--ak--13,cdca04e0bc6ce855,l- l,
26,prot-1951--ak--13,cdca04e0bc6ce855,j- d,
0,prot-1951--ak--13,cdca04e0bc6ce855,l- b,
1,prot-1951--ak--13,cdca04e0bc6ce855,t- n,
2,prot-1951--ak--13,cdca04e0bc6ce855,r- v,
3,prot-1951--ak--13,cdca04e0bc6ce855,s- s,
4,prot-1951--ak--13,cdca04e0bc6ce855,k- s,
5,prot-1951--ak--13,cdca04e0bc6ce855,d- n,
6,prot-1951--ak--13,cdca04e0bc6ce855,n- d,
7,prot-1951--ak--13,cdca04e0bc6ce855,m- m,
8,prot-1951--ak--13,cdca04e0bc6ce855,i- t,
9,prot-1951--ak--13,cdca04e0bc6ce855,e- s,
10,prot-1951--ak--13,cdca04e0bc6ce855,s- s,
11,prot-1951--ak--13,cdca04e0bc6ce855,l- j,
12,prot-1951--ak--13,cdca04e0bc6ce855,k- t,
13,prot-1951--ak--13,cdca04e0bc6ce855,f- t,
14,prot-1951--ak--13,cdca04e0bc6ce855,s- p,
15,prot-1951--ak--13,cdca04e0bc6ce855,p- l,
16,prot-1951--ak--13,cdca04e0bc6ce855,a- l,
17,prot-1951--ak--13,cdca04e0bc6ce855,s- t,
18,prot-1951--ak--13,cdca04e0bc6ce855,a- r,
19,prot-1951--ak--13,cdca04e0bc6ce855,o- s,
20,prot-1951--ak--13,cdca04e0bc6ce855,n- v,
21,prot-1951--ak--13,cdca04e0bc6ce855,n- d,
22,prot-1951--ak--13,cdca04e0bc6ce855,o- t,
23,prot-1951--ak--13,cdca04e0bc6ce855,d- g,
24,prot-1951--ak--13,cdca04e0bc6ce855,s- a,
25,prot-1951--ak--13,cdca04e0bc6ce855,r- v,
26,prot-1951--ak--13,cdca04e0bc6ce855,l- m,
0,prot-1951--ak--13,7b16a01c980ae2ac,"l
j",
1,prot-1951--ak--13,cdca04e0bc6ce855,i- v,
2,prot-1951--ak--13,cdca04e0bc6ce855,k- l,
3,prot-1951--ak--13,cdca04e0bc6ce855,a- g,
4,prot-1951--ak--13,cdca04e0bc6ce855,o- t,
5,prot-1951--ak--13,cdca04e0bc6ce855,å- m,
6,prot-1951--ak--13,cdca04e0bc6ce855,s- v,
7,prot-1951--ak--13,cdca04e0bc6ce855,j- n,
8,prot-1951--ak--13,cdca04e0bc6ce855,r- s,
9,prot-1951--ak--13,cdca04e0bc6ce855,å- g,
10,prot-1951--ak--13,cdca04e0bc6ce855,v- s,
11,prot-1951--ak--13,cdca04e0bc6ce855,n- t,
12,prot-1951--ak--13,cdca04e0bc6ce855,u- d,
13,prot-1951--ak--13,cdca04e0bc6ce855,m- r,
14,prot-1951--ak--13,cdca04e0bc6ce855,u- d,
15,prot-1951--ak--13,cdca04e0bc6ce855,n- d,
16,prot-1951--ak--13,cdca04e0bc6ce855,e- r,
17,prot-1951--ak--13,cdca04e0bc6ce855,k- t,
18,prot-1951--ak--13,cdca04e0bc6ce855,r- f,
19,prot-1951--ak--13,cdca04e0bc6ce855,u- d,
20,prot-1951--ak--13,cdca04e0bc6ce855,k- n,
21,prot-1951--ak--13,cdca04e0bc6ce855,n- s,
22,prot-1951--ak--13,cdca04e0bc6ce855,t- t,
0,prot-1951--ak--13,cdca04e0bc6ce855,r- s,
1,prot-1951--ak--13,cdca04e0bc6ce855,l- m,
2,prot-1951--ak--13,cdca04e0bc6ce855,n- d,
3,prot-1951--ak--13,cdca04e0bc6ce855,o- s,
4,prot-1951--ak--13,cdca04e0bc6ce855,r- b,
5,prot-1951--ak--13,cdca04e0bc6ce855,n- s,
6,prot-1951--ak--13,cdca04e0bc6ce855,l- l,
7,prot-1951--ak--13,cdca04e0bc6ce855,g- h,
8,prot-1951--ak--13,cdca04e0bc6ce855,r- s,
9,prot-1951--ak--13,cdca04e0bc6ce855,m- m,
10,prot-1951--ak--13,cdca04e0bc6ce855,s- ä,
11,prot-1951--ak--13,cdca04e0bc6ce855,e- n,
12,prot-1951--ak--13,cdca04e0bc6ce855,r- b,
13,prot-1951--ak--13,cdca04e0bc6ce855,l- n,
14,prot-1951--ak--13,cdca04e0bc6ce855,t- b,
15,prot-1951--ak--13,cdca04e0bc6ce855,r- k,
16,prot-1951--ak--13,cdca04e0bc6ce855,ö- r,
17,prot-1951--ak--13,cdca04e0bc6ce855,k- t,
18,prot-1951--ak--13,cdca04e0bc6ce855,p- t,
19,prot-1951--ak--13,cdca04e0bc6ce855,m- t,
20,prot-1951--ak--13,cdca04e0bc6ce855,k- s,
21,prot-1951--ak--13,cdca04e0bc6ce855,m- m,
22,prot-1951--ak--13,cdca04e0bc6ce855,o- v,
23,prot-1951--ak--13,cdca04e0bc6ce855,s- d,
24,prot-1951--ak--13,cdca04e0bc6ce855,d- h,
25,prot-1951--ak--13,cdca04e0bc6ce855,r- t,
26,prot-1951--ak--13,cdca04e0bc6ce855,l- v,
27,prot-1951--ak--13,cdca04e0bc6ce855,f- f,
28,prot-1951--ak--13,cdca04e0bc6ce855,a- m,
29,prot-1951--ak--13,cdca04e0bc6ce855,n- t,
30,prot-1951--ak--13,cdca04e0bc6ce855,e- m,
31,prot-1951--ak--13,cdca04e0bc6ce855,e- s,
32,prot-1951--ak--13,cdca04e0bc6ce855,t- b,
33,prot-1951--ak--13,cdca04e0bc6ce855,s- s,
34,prot-1951--ak--13,cdca04e0bc6ce855,k- t,
35,prot-1951--ak--13,cdca04e0bc6ce855,t- t,
36,prot-1951--ak--13,cdca04e0bc6ce855,r- f,
37,prot-1951--ak--13,cdca04e0bc6ce855,r- d,
38,prot-1951--ak--13,cdca04e0bc6ce855,e- f,
39,prot-1951--ak--13,cdca04e0bc6ce855,s- k,
40,prot-1951--ak--13,cdca04e0bc6ce855,r- k,
41,prot-1951--ak--13,cdca04e0bc6ce855,e- f,
42,prot-1951--ak--13,cdca04e0bc6ce855,r- m,
43,prot-1951--ak--13,cdca04e0bc6ce855,r- i,
44,prot-1951--ak--13,cdca04e0bc6ce855,t- s,
45,prot-1951--ak--13,cdca04e0bc6ce855,s- s,
0,prot-1951--ak--13,cdca04e0bc6ce855,e- d,
1,prot-1951--ak--13,cdca04e0bc6ce855,ä- g,
2,prot-1951--ak--13,cdca04e0bc6ce855,n- t,
3,prot-1951--ak--13,cdca04e0bc6ce855,l- s,
4,prot-1951--ak--13,cdca04e0bc6ce855,l- f,
5,prot-1951--ak--13,cdca04e0bc6ce855,l- a,
6,prot-1951--ak--13,cdca04e0bc6ce855,t- b,
7,prot-1951--ak--13,cdca04e0bc6ce855,n- d,
8,prot-1951--ak--13,cdca04e0bc6ce855,s- s,
9,prot-1951--ak--13,cdca04e0bc6ce855,l- a,
10,prot-1951--ak--13,cdca04e0bc6ce855,n- t,
11,prot-1951--ak--13,cdca04e0bc6ce855,l- l,
12,prot-1951--ak--13,cdca04e0bc6ce855,n- d,
13,prot-1951--ak--13,cdca04e0bc6ce855,t- g,
14,prot-1951--ak--13,cdca04e0bc6ce855,å- n,
15,prot-1951--ak--13,cdca04e0bc6ce855,å- l,
16,prot-1951--ak--13,cdca04e0bc6ce855,l- a,
17,prot-1951--ak--13,cdca04e0bc6ce855,e- g,
18,prot-1951--ak--13,cdca04e0bc6ce855,r- k,
19,prot-1951--ak--13,cdca04e0bc6ce855,e- f,
20,prot-1951--ak--13,cdca04e0bc6ce855,m- s,
21,prot-1951--ak--13,cdca04e0bc6ce855,r- v,
22,prot-1951--ak--13,cdca04e0bc6ce855,n- n,
23,prot-1951--ak--13,cdca04e0bc6ce855,a- t,
24,prot-1951--ak--13,cdca04e0bc6ce855,s- s,
25,prot-1951--ak--13,cdca04e0bc6ce855,r- ä,
26,prot-1951--ak--13,cdca04e0bc6ce855,i- d,
27,prot-1951--ak--13,cdca04e0bc6ce855,d- k,
0,prot-1951--ak--13,7b16a01c980ae2ac,"e
s",
1,prot-1951--ak--13,cdca04e0bc6ce855,m- p,
2,prot-1951--ak--13,cdca04e0bc6ce855,c- k,
3,prot-1951--ak--13,cdca04e0bc6ce855,s- u,
4,prot-1951--ak--13,cdca04e0bc6ce855,r- g,
5,prot-1951--ak--13,cdca04e0bc6ce855,o- n,
6,prot-1951--ak--13,cdca04e0bc6ce855,e- s,
7,prot-1951--ak--13,cdca04e0bc6ce855,r- k,
8,prot-1951--ak--13,cdca04e0bc6ce855,r- s,
9,prot-1951--ak--13,cdca04e0bc6ce855,g- e,
10,prot-1951--ak--13,cdca04e0bc6ce855,o- m,
11,prot-1951--ak--13,cdca04e0bc6ce855,t- l,
12,prot-1951--ak--13,cdca04e0bc6ce855,m- m,
13,prot-1951--ak--13,cdca04e0bc6ce855,o- m,
14,prot-1951--ak--13,cdca04e0bc6ce855,r- k,
15,prot-1951--ak--13,cdca04e0bc6ce855,l- m,
16,prot-1951--ak--13,cdca04e0bc6ce855,k- t,
17,prot-1951--ak--13,cdca04e0bc6ce855,t- t,
18,prot-1951--ak--13,cdca04e0bc6ce855,e- h,
19,prot-1951--ak--13,cdca04e0bc6ce855,d- r,
20,prot-1951--ak--13,cdca04e0bc6ce855,k- v,
21,prot-1951--ak--13,cdca04e0bc6ce855,i- t,
22,prot-1951--ak--13,cdca04e0bc6ce855,m- h,
23,prot-1951--ak--13,cdca04e0bc6ce855,e- s,
24,prot-1951--ak--13,cdca04e0bc6ce855,a- d,
25,prot-1951--ak--13,cdca04e0bc6ce855,o- n,
26,prot-1951--ak--13,cdca04e0bc6ce855,e- d,
27,prot-1951--ak--13,cdca04e0bc6ce855,e- r,
28,prot-1951--ak--13,cdca04e0bc6ce855,n- s,
29,prot-1951--ak--13,cdca04e0bc6ce855,g- d,
30,prot-1951--ak--13,cdca04e0bc6ce855,ä- r,
31,prot-1951--ak--13,cdca04e0bc6ce855,n- k,
0,prot-1951--ak--13,cdca04e0bc6ce855,m- m,
1,prot-1951--ak--13,cdca04e0bc6ce855,o- n,
2,prot-1951--ak--13,cdca04e0bc6ce855,r- t,
3,prot-1951--ak--13,cdca04e0bc6ce855,u- k,
4,prot-1951--ak--13,cdca04e0bc6ce855,e- s,
5,prot-1951--ak--13,cdca04e0bc6ce855,o- t,
6,prot-1951--ak--13,cdca04e0bc6ce855,a- m,
7,prot-1951--ak--13,cdca04e0bc6ce855,e- s,
8,prot-1951--ak--13,cdca04e0bc6ce855,r- s,
9,prot-1951--ak--13,cdca04e0bc6ce855,n- g,
10,prot-1951--ak--13,cdca04e0bc6ce855,s- d,
11,prot-1951--ak--13,cdca04e0bc6ce855,n- d,
12,prot-1951--ak--13,cdca04e0bc6ce855,å- p,
13,prot-1951--ak--13,cdca04e0bc6ce855,e- l,
14,prot-1951--ak--13,cdca04e0bc6ce855,s- d,
15,prot-1951--ak--13,cdca04e0bc6ce855,n- f,
16,prot-1951--ak--13,cdca04e0bc6ce855,s- d,
17,prot-1951--ak--13,cdca04e0bc6ce855,r- n,
18,prot-1951--ak--13,cdca04e0bc6ce855,d- g,
19,prot-1951--ak--13,cdca04e0bc6ce855,n- s,
20,prot-1951--ak--13,cdca04e0bc6ce855,r- s,
21,prot-1951--ak--13,cdca04e0bc6ce855,a- g,
22,prot-1951--ak--13,cdca04e0bc6ce855,r- k,
23,prot-1951--ak--13,cdca04e0bc6ce855,r- l,
24,prot-1951--ak--13,cdca04e0bc6ce855,e- s,
25,prot-1951--ak--13,cdca04e0bc6ce855,o- n,
26,prot-1951--ak--13,cdca04e0bc6ce855,e- s,
27,prot-1951--ak--13,cdca04e0bc6ce855,r- l,
28,prot-1951--ak--13,cdca04e0bc6ce855,å- g,
29,prot-1951--ak--13,cdca04e0bc6ce855,k- n,
30,prot-1951--ak--13,cdca04e0bc6ce855,a- g,
31,prot-1951--ak--13,cdca04e0bc6ce855,e- t,
0,prot-1951--ak--13,cdca04e0bc6ce855,n- f,
1,prot-1951--ak--13,cdca04e0bc6ce855,r- s,
2,prot-1951--ak--13,cdca04e0bc6ce855,l- l,
3,prot-1951--ak--13,cdca04e0bc6ce855,a- t,
4,prot-1951--ak--13,cdca04e0bc6ce855,i- g,
5,prot-1951--ak--13,cdca04e0bc6ce855,t- n,
6,prot-1951--ak--13,cdca04e0bc6ce855,i- d,
7,prot-1951--ak--13,cdca04e0bc6ce855,e- a,
8,prot-1951--ak--13,cdca04e0bc6ce855,e- r,
9,prot-1951--ak--13,cdca04e0bc6ce855,s- a,
10,prot-1951--ak--13,cdca04e0bc6ce855,l- m,
11,prot-1951--ak--13,cdca04e0bc6ce855,n- h,
12,prot-1951--ak--13,cdca04e0bc6ce855,o- n,
13,prot-1951--ak--13,cdca04e0bc6ce855,o- n,
14,prot-1951--ak--13,cdca04e0bc6ce855,d- r,
15,prot-1951--ak--13,cdca04e0bc6ce855,e- m,
16,prot-1951--ak--13,cdca04e0bc6ce855,d- b,
17,prot-1951--ak--13,cdca04e0bc6ce855,r- s,
18,prot-1951--ak--13,cdca04e0bc6ce855,a- d,
19,prot-1951--ak--13,cdca04e0bc6ce855,a- r,
20,prot-1951--ak--13,cdca04e0bc6ce855,n- s,
21,prot-1951--ak--13,cdca04e0bc6ce855,a- g,
22,prot-1951--ak--13,cdca04e0bc6ce855,n- h,
23,prot-1951--ak--13,cdca04e0bc6ce855,y- s,
24,prot-1951--ak--13,cdca04e0bc6ce855,u- k,
25,prot-1951--ak--13,cdca04e0bc6ce855,t- h,
0,prot-1951--ak--13,cdca04e0bc6ce855,n- k,
1,prot-1951--ak--13,cdca04e0bc6ce855,t- s,
2,prot-1951--ak--13,cdca04e0bc6ce855,e- b,
3,prot-1951--ak--13,cdca04e0bc6ce855,ä- r,
4,prot-1951--ak--13,cdca04e0bc6ce855,e- t,
5,prot-1951--ak--13,cdca04e0bc6ce855,k- t,
6,prot-1951--ak--13,cdca04e0bc6ce855,i- f,
7,prot-1951--ak--13,cdca04e0bc6ce855,m- k,
8,prot-1951--ak--13,cdca04e0bc6ce855,o- s,
9,prot-1951--ak--13,cdca04e0bc6ce855,e- b,
10,prot-1951--ak--13,cdca04e0bc6ce855,r- ä,
11,prot-1951--ak--13,cdca04e0bc6ce855,e- h,
12,prot-1951--ak--13,cdca04e0bc6ce855,o- n,
13,prot-1951--ak--13,cdca04e0bc6ce855,a- g,
14,prot-1951--ak--13,cdca04e0bc6ce855,n- s,
15,prot-1951--ak--13,cdca04e0bc6ce855,ö- j,
16,prot-1951--ak--13,cdca04e0bc6ce855,l- s,
17,prot-1951--ak--13,cdca04e0bc6ce855,f- s,
18,prot-1951--ak--13,cdca04e0bc6ce855,d- n,
19,prot-1951--ak--13,cdca04e0bc6ce855,o- t,
20,prot-1951--ak--13,cdca04e0bc6ce855,r- v,
21,prot-1951--ak--13,cdca04e0bc6ce855,r- k,
22,prot-1951--ak--13,cdca04e0bc6ce855,e- r,
23,prot-1951--ak--13,cdca04e0bc6ce855,k- t,
24,prot-1951--ak--13,cdca04e0bc6ce855,n- s,
0,prot-1951--ak--13,7b16a01c980ae2ac,"a
f",
1,prot-1951--ak--13,cdca04e0bc6ce855,e- r,
2,prot-1951--ak--13,cdca04e0bc6ce855,s- m,
3,prot-1951--ak--13,cdca04e0bc6ce855,e- s,
4,prot-1951--ak--13,cdca04e0bc6ce855,å- t,
5,prot-1951--ak--13,cdca04e0bc6ce855,y- t,
6,prot-1951--ak--13,cdca04e0bc6ce855,s- t,
7,prot-1951--ak--13,cdca04e0bc6ce855,a- l,
8,prot-1951--ak--13,cdca04e0bc6ce855,ä- t,
9,prot-1951--ak--13,cdca04e0bc6ce855,n- s,
10,prot-1951--ak--13,cdca04e0bc6ce855,d- r,
11,prot-1951--ak--13,cdca04e0bc6ce855,s- s,
12,prot-1951--ak--13,cdca04e0bc6ce855,a- g,
13,prot-1951--ak--13,cdca04e0bc6ce855,a- t,
14,prot-1951--ak--13,cdca04e0bc6ce855,e- m,
15,prot-1951--ak--13,cdca04e0bc6ce855,a- p,
16,prot-1951--ak--13,cdca04e0bc6ce855,e- t,
17,prot-1951--ak--13,cdca04e0bc6ce855,l- n,
18,prot-1951--ak--13,cdca04e0bc6ce855,m- s,
19,prot-1951--ak--13,cdca04e0bc6ce855,r- k,
20,prot-1951--ak--13,cdca04e0bc6ce855,s- t,
21,prot-1951--ak--13,cdca04e0bc6ce855,r- f,
22,prot-1951--ak--13,cdca04e0bc6ce855,å- t,
23,prot-1951--ak--13,cdca04e0bc6ce855,k- n,
24,prot-1951--ak--13,cdca04e0bc6ce855,a- g,
25,prot-1951--ak--13,cdca04e0bc6ce855,m- f,
26,prot-1951--ak--13,cdca04e0bc6ce855,g- g,
27,prot-1951--ak--13,cdca04e0bc6ce855,e- s,
28,prot-1951--ak--13,cdca04e0bc6ce855,e- m,
29,prot-1951--ak--13,cdca04e0bc6ce855,k- n,
30,prot-1951--ak--13,cdca04e0bc6ce855,d- n,
31,prot-1951--ak--13,cdca04e0bc6ce855,l- l,
32,prot-1951--ak--13,cdca04e0bc6ce855,n- l,
33,prot-1951--ak--13,cdca04e0bc6ce855,t- å,
34,prot-1951--ak--13,cdca04e0bc6ce855,r- b,
35,prot-1951--ak--13,cdca04e0bc6ce855,s- u,
0,prot-1951--ak--13,7b16a01c980ae2ac,"r
e",
1,prot-1951--ak--13,7b16a01c980ae2ac,",
s",
2,prot-1951--ak--13,cdca04e0bc6ce855,e- f,
3,prot-1951--ak--13,cdca04e0bc6ce855,n- s,
4,prot-1951--ak--13,cdca04e0bc6ce855,t- e,
5,prot-1951--ak--13,cdca04e0bc6ce855,a- r,
6,prot-1951--ak--13,cdca04e0bc6ce855,o- n,
7,prot-1951--ak--13,cdca04e0bc6ce855,d- l,
8,prot-1951--ak--13,cdca04e0bc6ce855,s- s,
9,prot-1951--ak--13,cdca04e0bc6ce855,i- s,
10,prot-1951--ak--13,cdca04e0bc6ce855,d- b,
11,prot-1951--ak--13,cdca04e0bc6ce855,d- b,
12,prot-1951--ak--13,cdca04e0bc6ce855,a- l,
13,prot-1951--ak--13,cdca04e0bc6ce855,y- r,
14,prot-1951--ak--13,cdca04e0bc6ce855,s- å,
15,prot-1951--ak--13,cdca04e0bc6ce855,a- t,
16,prot-1951--ak--13,cdca04e0bc6ce855,d- b,
17,prot-1951--ak--13,cdca04e0bc6ce855,n- t,
18,prot-1951--ak--13,cdca04e0bc6ce855,s- g,
19,prot-1951--ak--13,cdca04e0bc6ce855,r- l,
20,prot-1951--ak--13,cdca04e0bc6ce855,e- r,
21,prot-1951--ak--13,cdca04e0bc6ce855,l- n,
22,prot-1951--ak--13,cdca04e0bc6ce855,n- t,
23,prot-1951--ak--13,cdca04e0bc6ce855,m- l,
24,prot-1951--ak--13,cdca04e0bc6ce855,r- o,
25,prot-1951--ak--13,cdca04e0bc6ce855,a- p,
26,prot-1951--ak--13,cdca04e0bc6ce855,r- i,
27,prot-1951--ak--13,cdca04e0bc6ce855,s- h,
28,prot-1951--ak--13,cdca04e0bc6ce855,n- n,
0,prot-1951--ak--13,cdca04e0bc6ce855,m- m,
1,prot-1951--ak--13,cdca04e0bc6ce855,e- s,
2,prot-1951--ak--13,cdca04e0bc6ce855,o- p,
3,prot-1951--ak--13,cdca04e0bc6ce855,y- r,
4,prot-1951--ak--13,cdca04e0bc6ce855,k- s,
5,prot-1951--ak--13,cdca04e0bc6ce855,n- s,
6,prot-1951--ak--13,cdca04e0bc6ce855,n- s,
7,prot-1951--ak--13,cdca04e0bc6ce855,n- n,
8,prot-1951--ak--13,cdca04e0bc6ce855,o- m,
9,prot-1951--ak--13,cdca04e0bc6ce855,a- g,
10,prot-1951--ak--13,cdca04e0bc6ce855,s- k,
11,prot-1951--ak--13,cdca04e0bc6ce855,r- t,
12,prot-1951--ak--13,cdca04e0bc6ce855,k- s,
13,prot-1951--ak--13,cdca04e0bc6ce855,j- n,
14,prot-1951--ak--13,cdca04e0bc6ce855,e- v,
15,prot-1951--ak--13,cdca04e0bc6ce855,i- f,
16,prot-1951--ak--13,cdca04e0bc6ce855,n- n,
17,prot-1951--ak--13,cdca04e0bc6ce855,å- e,
18,prot-1951--ak--13,cdca04e0bc6ce855,l- l,
19,prot-1951--ak--13,cdca04e0bc6ce855,l- s,
20,prot-1951--ak--13,cdca04e0bc6ce855,k- n,
21,prot-1951--ak--13,cdca04e0bc6ce855,j- l,
22,prot-1951--ak--13,cdca04e0bc6ce855,i- d,
23,prot-1951--ak--13,cdca04e0bc6ce855,m- m,
24,prot-1951--ak--13,cdca04e0bc6ce855,g- n,
25,prot-1951--ak--13,cdca04e0bc6ce855,a- p,
26,prot-1951--ak--13,cdca04e0bc6ce855,e- n,
27,prot-1951--ak--13,cdca04e0bc6ce855,r- b,
28,prot-1951--ak--13,cdca04e0bc6ce855,s- u,
29,prot-1951--ak--13,cdca04e0bc6ce855,m- s,
30,prot-1951--ak--13,cdca04e0bc6ce855,t- r,
31,prot-1951--ak--13,cdca04e0bc6ce855,t- s,
32,prot-1951--ak--13,cdca04e0bc6ce855,n- l,
0,prot-1951--ak--13,7b16a01c980ae2ac,",
a",
1,prot-1951--ak--13,cdca04e0bc6ce855,s- h,
2,prot-1951--ak--13,cdca04e0bc6ce855,m- m,
3,prot-1951--ak--13,cdca04e0bc6ce855,n- s,
4,prot-1951--ak--13,cdca04e0bc6ce855,i- g,
5,prot-1951--ak--13,cdca04e0bc6ce855,l- n,
6,prot-1951--ak--13,cdca04e0bc6ce855,s- h,
7,prot-1951--ak--13,cdca04e0bc6ce855,e- s,
8,prot-1951--ak--13,cdca04e0bc6ce855,t- o,
9,prot-1951--ak--13,cdca04e0bc6ce855,e- v,
10,prot-1951--ak--13,cdca04e0bc6ce855,n- d,
11,prot-1951--ak--13,cdca04e0bc6ce855,n- d,
12,prot-1951--ak--13,cdca04e0bc6ce855,m- m,
13,prot-1951--ak--13,cdca04e0bc6ce855,k- t,
14,prot-1951--ak--13,cdca04e0bc6ce855,s- s,
15,prot-1951--ak--13,cdca04e0bc6ce855,e- s,
16,prot-1951--ak--13,cdca04e0bc6ce855,k- s,
17,prot-1951--ak--13,cdca04e0bc6ce855,a- g,
18,prot-1951--ak--13,cdca04e0bc6ce855,s- s,
19,prot-1951--ak--13,cdca04e0bc6ce855,i- v,
20,prot-1951--ak--13,cdca04e0bc6ce855,t- n,
21,prot-1951--ak--13,cdca04e0bc6ce855,n- d,
22,prot-1951--ak--13,cdca04e0bc6ce855,a- v,
23,prot-1951--ak--13,cdca04e0bc6ce855,t- v,
24,prot-1951--ak--13,cdca04e0bc6ce855,s- s,
25,prot-1951--ak--13,cdca04e0bc6ce855,m- m,
26,prot-1951--ak--13,cdca04e0bc6ce855,s- h,
27,prot-1951--ak--13,cdca04e0bc6ce855,r- b,
28,prot-1951--ak--13,cdca04e0bc6ce855,t- g,
29,prot-1951--ak--13,cdca04e0bc6ce855,r- k,
30,prot-1951--ak--13,cdca04e0bc6ce855,t- g,
31,prot-1951--ak--13,cdca04e0bc6ce855,l- s,
0,prot-1951--ak--13,7b16a01c980ae2ac,"h
s",
1,prot-1951--ak--13,cdca04e0bc6ce855,t- t,
2,prot-1951--ak--13,cdca04e0bc6ce855,n- n,
3,prot-1951--ak--13,cdca04e0bc6ce855,v- g,
4,prot-1951--ak--13,cdca04e0bc6ce855,l- n,
5,prot-1951--ak--13,cdca04e0bc6ce855,k- l,
6,prot-1951--ak--13,cdca04e0bc6ce855,s- m,
7,prot-1951--ak--13,cdca04e0bc6ce855,v- g,
8,prot-1951--ak--13,cdca04e0bc6ce855,e- s,
9,prot-1951--ak--13,cdca04e0bc6ce855,u- v,
10,prot-1951--ak--13,cdca04e0bc6ce855,i- d,
11,prot-1951--ak--13,cdca04e0bc6ce855,m- k,
12,prot-1951--ak--13,cdca04e0bc6ce855,r- s,
13,prot-1951--ak--13,cdca04e0bc6ce855,l- k,
14,prot-1951--ak--13,cdca04e0bc6ce855,a- g,
15,prot-1951--ak--13,cdca04e0bc6ce855,n- s,
16,prot-1951--ak--13,cdca04e0bc6ce855,e- n,
17,prot-1951--ak--13,cdca04e0bc6ce855,e- l,
18,prot-1951--ak--13,cdca04e0bc6ce855,n- d,
19,prot-1951--ak--13,cdca04e0bc6ce855,r- s,
20,prot-1951--ak--13,cdca04e0bc6ce855,l- l,
21,prot-1951--ak--13,cdca04e0bc6ce855,g- b,
22,prot-1951--ak--13,cdca04e0bc6ce855,i- f,
23,prot-1951--ak--13,cdca04e0bc6ce855,n- k,
24,prot-1951--ak--13,cdca04e0bc6ce855,e- t,
0,prot-1951--ak--13,7b16a01c980ae2ac,"g
e",
1,prot-1951--ak--13,cdca04e0bc6ce855,g- h,
2,prot-1951--ak--13,cdca04e0bc6ce855,d- g,
3,prot-1951--ak--13,cdca04e0bc6ce855,å- g,
4,prot-1951--ak--13,cdca04e0bc6ce855,s- c,
5,prot-1951--ak--13,cdca04e0bc6ce855,å- g,
6,prot-1951--ak--13,cdca04e0bc6ce855,ö- r,
7,prot-1951--ak--13,cdca04e0bc6ce855,s- k,
8,prot-1951--ak--13,cdca04e0bc6ce855,t- s,
9,prot-1951--ak--13,cdca04e0bc6ce855,r- t,
10,prot-1951--ak--13,cdca04e0bc6ce855,r- k,
11,prot-1951--ak--13,cdca04e0bc6ce855,d- l,
12,prot-1951--ak--13,cdca04e0bc6ce855,k- t,
13,prot-1951--ak--13,cdca04e0bc6ce855,t- b,
14,prot-1951--ak--13,cdca04e0bc6ce855,n- r,
15,prot-1951--ak--13,cdca04e0bc6ce855,n- t,
16,prot-1951--ak--13,cdca04e0bc6ce855,n- t,
17,prot-1951--ak--13,cdca04e0bc6ce855,l- s,
18,prot-1951--ak--13,cdca04e0bc6ce855,p- r,
19,prot-1951--ak--13,cdca04e0bc6ce855,s- s,
20,prot-1951--ak--13,cdca04e0bc6ce855,d- r,
21,prot-1951--ak--13,cdca04e0bc6ce855,d- n,
22,prot-1951--ak--13,cdca04e0bc6ce855,l- f,
23,prot-1951--ak--13,cdca04e0bc6ce855,l- s,
24,prot-1951--ak--13,cdca04e0bc6ce855,s- h,
25,prot-1951--ak--13,cdca04e0bc6ce855,s- t,
26,prot-1951--ak--13,cdca04e0bc6ce855,a- g,
27,prot-1951--ak--13,cdca04e0bc6ce855,a- m,
28,prot-1951--ak--13,cdca04e0bc6ce855,s- h,
29,prot-1951--ak--13,cdca04e0bc6ce855,a- r,
30,prot-1951--ak--13,cdca04e0bc6ce855,r- t,
31,prot-1951--ak--13,cdca04e0bc6ce855,m- m,
32,prot-1951--ak--13,cdca04e0bc6ce855,r- s,
33,prot-1951--ak--13,cdca04e0bc6ce855,å- g,
0,prot-1951--ak--13,7b16a01c980ae2ac,"s
p",
1,prot-1951--ak--13,cdca04e0bc6ce855,e- m,
2,prot-1951--ak--13,cdca04e0bc6ce855,t- b,
3,prot-1951--ak--13,cdca04e0bc6ce855,o- n,
4,prot-1951--ak--13,cdca04e0bc6ce855,i- b,
5,prot-1951--ak--13,cdca04e0bc6ce855,l- s,
6,prot-1951--ak--13,cdca04e0bc6ce855,å- g,
7,prot-1951--ak--13,cdca04e0bc6ce855,g- e,
8,prot-1951--ak--13,cdca04e0bc6ce855,n- d,
9,prot-1951--ak--13,cdca04e0bc6ce855,n- s,
10,prot-1951--ak--13,cdca04e0bc6ce855,r- a,
11,prot-1951--ak--13,cdca04e0bc6ce855,e- d,
12,prot-1951--ak--13,cdca04e0bc6ce855,m- h,
13,prot-1951--ak--13,cdca04e0bc6ce855,r- d,
14,prot-1951--ak--13,cdca04e0bc6ce855,o- s,
15,prot-1951--ak--13,cdca04e0bc6ce855,e- s,
16,prot-1951--ak--13,cdca04e0bc6ce855,l- l,
17,prot-1951--ak--13,cdca04e0bc6ce855,f- t,
18,prot-1951--ak--13,cdca04e0bc6ce855,o- p,
19,prot-1951--ak--13,cdca04e0bc6ce855,f- t,
20,prot-1951--ak--13,cdca04e0bc6ce855,s- p,
21,prot-1951--ak--13,cdca04e0bc6ce855,p- l,
22,prot-1951--ak--13,cdca04e0bc6ce855,a- g,
23,prot-1951--ak--13,cdca04e0bc6ce855,a- d,
24,prot-1951--ak--13,cdca04e0bc6ce855,a- r,
25,prot-1951--ak--13,cdca04e0bc6ce855,a- r,
26,prot-1951--ak--13,cdca04e0bc6ce855,t- t,
0,prot-1951--ak--13,cdca04e0bc6ce855,r- n,
1,prot-1951--ak--13,cdca04e0bc6ce855,k- n,
2,prot-1951--ak--13,cdca04e0bc6ce855,n- d,
3,prot-1951--ak--13,cdca04e0bc6ce855,n- s,
4,prot-1951--ak--13,cdca04e0bc6ce855,r- s,
5,prot-1951--ak--13,cdca04e0bc6ce855,a- t,
6,prot-1951--ak--13,cdca04e0bc6ce855,m- ä,
7,prot-1951--ak--13,cdca04e0bc6ce855,n- d,
8,prot-1951--ak--13,cdca04e0bc6ce855,d- b,
9,prot-1951--ak--13,cdca04e0bc6ce855,t- t,
10,prot-1951--ak--13,cdca04e0bc6ce855,r- s,
11,prot-1951--ak--13,cdca04e0bc6ce855,t- n,
12,prot-1951--ak--13,cdca04e0bc6ce855,r- g,
13,prot-1951--ak--13,cdca04e0bc6ce855,i- m,
14,prot-1951--ak--13,cdca04e0bc6ce855,t- b,
15,prot-1951--ak--13,cdca04e0bc6ce855,l- s,
16,prot-1951--ak--13,cdca04e0bc6ce855,t- n,
17,prot-1951--ak--13,cdca04e0bc6ce855,t- b,
18,prot-1951--ak--13,cdca04e0bc6ce855,l- l,
19,prot-1951--ak--13,cdca04e0bc6ce855,e- a,
20,prot-1951--ak--13,cdca04e0bc6ce855,m- h,
21,prot-1951--ak--13,cdca04e0bc6ce855,n- d,
22,prot-1951--ak--13,cdca04e0bc6ce855,o- n,
23,prot-1951--ak--13,cdca04e0bc6ce855,l- g,
24,prot-1951--ak--13,cdca04e0bc6ce855,e- n,
25,prot-1951--ak--13,cdca04e0bc6ce855,s- u,
26,prot-1951--ak--13,cdca04e0bc6ce855,n- d,
27,prot-1951--ak--13,cdca04e0bc6ce855,r- f,
28,prot-1951--ak--13,cdca04e0bc6ce855,s- f,
29,prot-1951--ak--13,cdca04e0bc6ce855,e- s,
30,prot-1951--ak--13,cdca04e0bc6ce855,i- m,
31,prot-1951--ak--13,cdca04e0bc6ce855,k- n,
32,prot-1951--ak--13,cdca04e0bc6ce855,s- s,
33,prot-1951--ak--13,cdca04e0bc6ce855,k- t,
0,prot-1951--ak--13,cdca04e0bc6ce855,r- ä,
1,prot-1951--ak--13,cdca04e0bc6ce855,y- d,
2,prot-1951--ak--13,cdca04e0bc6ce855,s- d,
3,prot-1951--ak--13,cdca04e0bc6ce855,g- d,
4,prot-1951--ak--13,cdca04e0bc6ce855,t- s,
5,prot-1951--ak--13,cdca04e0bc6ce855,g- d,
6,prot-1951--ak--13,cdca04e0bc6ce855,r- v,
7,prot-1951--ak--13,cdca04e0bc6ce855,e- s,
8,prot-1951--ak--13,cdca04e0bc6ce855,c- k,
9,prot-1951--ak--13,cdca04e0bc6ce855,k- s,
10,prot-1951--ak--13,cdca04e0bc6ce855,k- s,
11,prot-1951--ak--13,cdca04e0bc6ce855,r- b,
12,prot-1951--ak--13,cdca04e0bc6ce855,e- t,
13,prot-1951--ak--13,cdca04e0bc6ce855,a- g,
14,prot-1951--ak--13,cdca04e0bc6ce855,ö- r,
15,prot-1951--ak--13,cdca04e0bc6ce855,d- r,
16,prot-1951--ak--13,cdca04e0bc6ce855,t- b,
17,prot-1951--ak--13,cdca04e0bc6ce855,ö- r,
18,prot-1951--ak--13,cdca04e0bc6ce855,k- s,
19,prot-1951--ak--13,cdca04e0bc6ce855,o- n,
20,prot-1951--ak--13,cdca04e0bc6ce855,t- t,
21,prot-1951--ak--13,cdca04e0bc6ce855,o- t,
22,prot-1951--ak--13,cdca04e0bc6ce855,o- m,
23,prot-1951--ak--13,cdca04e0bc6ce855,o- t,
24,prot-1951--ak--13,cdca04e0bc6ce855,e- t,
25,prot-1951--ak--13,cdca04e0bc6ce855,e- f,
26,prot-1951--ak--13,cdca04e0bc6ce855,n- n,
27,prot-1951--ak--13,cdca04e0bc6ce855,i- f,
28,prot-1951--ak--13,cdca04e0bc6ce855,d- l,
29,prot-1951--ak--13,cdca04e0bc6ce855,n- s,
0,prot-1951--ak--13,7b16a01c980ae2ac,"a
r",
1,prot-1951--ak--13,cdca04e0bc6ce855,r- i,
2,prot-1951--ak--13,cdca04e0bc6ce855,o- s,
3,prot-1951--ak--13,cdca04e0bc6ce855,m- n,
4,prot-1951--ak--13,cdca04e0bc6ce855,o- n,
5,prot-1951--ak--13,cdca04e0bc6ce855,g- d,
6,prot-1951--ak--13,cdca04e0bc6ce855,o- s,
7,prot-1951--ak--13,cdca04e0bc6ce855,e- s,
8,prot-1951--ak--13,cdca04e0bc6ce855,e- r,
9,prot-1951--ak--13,cdca04e0bc6ce855,r- s,
10,prot-1951--ak--13,cdca04e0bc6ce855,p- l,
11,prot-1951--ak--13,cdca04e0bc6ce855,k- t,
12,prot-1951--ak--13,cdca04e0bc6ce855,t- l,
13,prot-1951--ak--13,cdca04e0bc6ce855,f- t,
14,prot-1951--ak--13,cdca04e0bc6ce855,s- p,
15,prot-1951--ak--13,cdca04e0bc6ce855,n- n,
16,prot-1951--ak--13,cdca04e0bc6ce855,r- t,
17,prot-1951--ak--13,cdca04e0bc6ce855,t- b,
18,prot-1951--ak--13,cdca04e0bc6ce855,a- d,
19,prot-1951--ak--13,cdca04e0bc6ce855,a- r,
20,prot-1951--ak--13,cdca04e0bc6ce855,t- t,
21,prot-1951--ak--13,cdca04e0bc6ce855,d- b,
22,prot-1951--ak--13,cdca04e0bc6ce855,s- v,
23,prot-1951--ak--13,cdca04e0bc6ce855,u- v,
24,prot-1951--ak--13,cdca04e0bc6ce855,i- s,
25,prot-1951--ak--13,cdca04e0bc6ce855,n- d,
26,prot-1951--ak--13,cdca04e0bc6ce855,i- d,
27,prot-1951--ak--13,cdca04e0bc6ce855,i- d,
28,prot-1951--ak--13,cdca04e0bc6ce855,n- s,
29,prot-1951--ak--13,cdca04e0bc6ce855,å- v,
30,prot-1951--ak--13,cdca04e0bc6ce855,r- b,
0,prot-1951--ak--13,cdca04e0bc6ce855,å- g,
1,prot-1951--ak--13,cdca04e0bc6ce855,r- v,
2,prot-1951--ak--13,cdca04e0bc6ce855,l- m,
3,prot-1951--ak--13,cdca04e0bc6ce855,m- m,
4,prot-1951--ak--13,cdca04e0bc6ce855,i- d,
5,prot-1951--ak--13,cdca04e0bc6ce855,m- f,
6,prot-1951--ak--13,cdca04e0bc6ce855,e- n,
7,prot-1951--ak--13,cdca04e0bc6ce855,t- v,
8,prot-1951--ak--13,cdca04e0bc6ce855,r- m,
9,prot-1951--ak--13,cdca04e0bc6ce855,s- t,
10,prot-1951--ak--13,cdca04e0bc6ce855,r- m,
11,prot-1951--ak--13,cdca04e0bc6ce855,y- r,
12,prot-1951--ak--13,cdca04e0bc6ce855,e- h,
13,prot-1951--ak--13,cdca04e0bc6ce855,a- s,
14,prot-1951--ak--13,cdca04e0bc6ce855,s- n,
15,prot-1951--ak--13,cdca04e0bc6ce855,m- l,
16,prot-1951--ak--13,cdca04e0bc6ce855,k- s,
17,prot-1951--ak--13,cdca04e0bc6ce855,s- d,
18,prot-1951--ak--13,cdca04e0bc6ce855,a- m,
19,prot-1951--ak--13,cdca04e0bc6ce855,r- t,
20,prot-1951--ak--13,cdca04e0bc6ce855,e- r,
21,prot-1951--ak--13,cdca04e0bc6ce855,l- n,
22,prot-1951--ak--13,cdca04e0bc6ce855,l- l,
23,prot-1951--ak--13,cdca04e0bc6ce855,e- t,
24,prot-1951--ak--13,cdca04e0bc6ce855,a- g,
25,prot-1951--ak--13,cdca04e0bc6ce855,e- r,
26,prot-1951--ak--13,cdca04e0bc6ce855,e- n,
27,prot-1951--ak--13,cdca04e0bc6ce855,n- d,
28,prot-1951--ak--13,cdca04e0bc6ce855,k- l,
29,prot-1951--ak--13,cdca04e0bc6ce855,r- s,
30,prot-1951--ak--13,cdca04e0bc6ce855,s- t,
31,prot-1951--ak--13,cdca04e0bc6ce855,a- g,
32,prot-1951--ak--13,cdca04e0bc6ce855,r- s,
33,prot-1951--ak--13,cdca04e0bc6ce855,l- l,
34,prot-1951--ak--13,cdca04e0bc6ce855,l- n,
0,prot-1951--ak--13,7b16a01c980ae2ac,"t
m",
1,prot-1951--ak--13,7b16a01c980ae2ac,",
a",
2,prot-1951--ak--13,cdca04e0bc6ce855,t- v,
3,prot-1951--ak--13,cdca04e0bc6ce855,k- t,
4,prot-1951--ak--13,cdca04e0bc6ce855,t- s,
5,prot-1951--ak--13,cdca04e0bc6ce855,r- ä,
6,prot-1951--ak--13,cdca04e0bc6ce855,i- f,
7,prot-1951--ak--13,cdca04e0bc6ce855,m- m,
8,prot-1951--ak--13,cdca04e0bc6ce855,o- c,
9,prot-1951--ak--13,cdca04e0bc6ce855,l- f,
10,prot-1951--ak--13,cdca04e0bc6ce855,i- t,
11,prot-1951--ak--13,cdca04e0bc6ce855,i- d,
12,prot-1951--ak--13,cdca04e0bc6ce855,s- s,
13,prot-1951--ak--13,cdca04e0bc6ce855,å- g,
14,prot-1951--ak--13,cdca04e0bc6ce855,s- r,
15,prot-1951--ak--13,cdca04e0bc6ce855,t- b,
16,prot-1951--ak--13,cdca04e0bc6ce855,e- t,
17,prot-1951--ak--13,cdca04e0bc6ce855,e- h,
18,prot-1951--ak--13,cdca04e0bc6ce855,l- l,
19,prot-1951--ak--13,cdca04e0bc6ce855,e- v,
20,prot-1951--ak--13,cdca04e0bc6ce855,o- s,
21,prot-1951--ak--13,cdca04e0bc6ce855,r- s,
22,prot-1951--ak--13,cdca04e0bc6ce855,s- v,
23,prot-1951--ak--13,cdca04e0bc6ce855,u- v,
24,prot-1951--ak--13,cdca04e0bc6ce855,k- n,
25,prot-1951--ak--13,cdca04e0bc6ce855,ö- n,
26,prot-1951--ak--13,cdca04e0bc6ce855,a- v,
27,prot-1951--ak--13,cdca04e0bc6ce855,a- b,
28,prot-1951--ak--13,cdca04e0bc6ce855,o- n,
29,prot-1951--ak--13,cdca04e0bc6ce855,r- s,
30,prot-1951--ak--13,cdca04e0bc6ce855,ö- n,
31,prot-1951--ak--13,cdca04e0bc6ce855,a- t,
32,prot-1951--ak--13,cdca04e0bc6ce855,i- d,
0,prot-1951--ak--13,7b16a01c980ae2ac,",
a",
1,prot-1951--ak--13,cdca04e0bc6ce855,t- å,
2,prot-1951--ak--13,cdca04e0bc6ce855,t- s,
3,prot-1951--ak--13,cdca04e0bc6ce855,o- n,
4,prot-1951--ak--13,cdca04e0bc6ce855,r- s,
5,prot-1951--ak--13,cdca04e0bc6ce855,r- l,
6,prot-1951--ak--13,cdca04e0bc6ce855,a- g,
7,prot-1951--ak--13,cdca04e0bc6ce855,t- r,
8,prot-1951--ak--13,cdca04e0bc6ce855,l- m,
9,prot-1951--ak--13,cdca04e0bc6ce855,a- b,
10,prot-1951--ak--13,cdca04e0bc6ce855,s- d,
11,prot-1951--ak--13,cdca04e0bc6ce855,e- s,
12,prot-1951--ak--13,cdca04e0bc6ce855,d- j,
13,prot-1951--ak--13,cdca04e0bc6ce855,r- s,
14,prot-1951--ak--13,cdca04e0bc6ce855,n- d,
15,prot-1951--ak--13,cdca04e0bc6ce855,n- s,
16,prot-1951--ak--13,cdca04e0bc6ce855,i- t,
17,prot-1951--ak--13,cdca04e0bc6ce855,t- n,
18,prot-1951--ak--13,cdca04e0bc6ce855,n- s,
19,prot-1951--ak--13,cdca04e0bc6ce855,t- o,
20,prot-1951--ak--13,cdca04e0bc6ce855,n- s,
21,prot-1951--ak--13,cdca04e0bc6ce855,r- h,
22,prot-1951--ak--13,cdca04e0bc6ce855,p- m,
23,prot-1951--ak--13,cdca04e0bc6ce855,r- m,
24,prot-1951--ak--13,cdca04e0bc6ce855,i- d,
25,prot-1951--ak--13,cdca04e0bc6ce855,l- l,
26,prot-1951--ak--13,cdca04e0bc6ce855,y- r,
27,prot-1951--ak--13,cdca04e0bc6ce855,n- b,
28,prot-1951--ak--13,cdca04e0bc6ce855,r- f,
29,prot-1951--ak--13,cdca04e0bc6ce855,i- s,
30,prot-1951--ak--13,cdca04e0bc6ce855,t- k,
31,prot-1951--ak--13,cdca04e0bc6ce855,o- t,
32,prot-1951--ak--13,cdca04e0bc6ce855,k- v,
0,prot-1951--ak--13,7b16a01c980ae2ac,"å
b",
1,prot-1951--ak--13,cdca04e0bc6ce855,i- f,
2,prot-1951--ak--13,cdca04e0bc6ce855,m- m,
3,prot-1951--ak--13,cdca04e0bc6ce855,t- s,
4,prot-1951--ak--13,cdca04e0bc6ce855,e- p,
5,prot-1951--ak--13,cdca04e0bc6ce855,t- s,
6,prot-1951--ak--13,cdca04e0bc6ce855,e- a,
7,prot-1951--ak--13,cdca04e0bc6ce855,r- s,
8,prot-1951--ak--13,cdca04e0bc6ce855,r- m,
9,prot-1951--ak--13,cdca04e0bc6ce855,t- s,
10,prot-1951--ak--13,cdca04e0bc6ce855,o- s,
11,prot-1951--ak--13,cdca04e0bc6ce855,e- s,
12,prot-1951--ak--13,cdca04e0bc6ce855,t- s,
13,prot-1951--ak--13,cdca04e0bc6ce855,o- p,
14,prot-1951--ak--13,cdca04e0bc6ce855,s- n,
15,prot-1951--ak--13,cdca04e0bc6ce855,o- t,
16,prot-1951--ak--13,cdca04e0bc6ce855,n- d,
17,prot-1951--ak--13,cdca04e0bc6ce855,m- s,
18,prot-1951--ak--13,cdca04e0bc6ce855,m- s,
19,prot-1951--ak--13,cdca04e0bc6ce855,a- l,
20,prot-1951--ak--13,cdca04e0bc6ce855,t- s,
21,prot-1951--ak--13,cdca04e0bc6ce855,l- m,
0,prot-1951--ak--13,7b16a01c980ae2ac,"a
p",
1,prot-1951--ak--13,cdca04e0bc6ce855,v- s,
2,prot-1951--ak--13,cdca04e0bc6ce855,s- f,
3,prot-1951--ak--13,cdca04e0bc6ce855,a- d,
4,prot-1951--ak--13,cdca04e0bc6ce855,e- t,
5,prot-1951--ak--13,cdca04e0bc6ce855,r- s,
6,prot-1951--ak--13,cdca04e0bc6ce855,f- f,
7,prot-1951--ak--13,cdca04e0bc6ce855,i- f,
8,prot-1951--ak--13,cdca04e0bc6ce855,e- d,
9,prot-1951--ak--13,cdca04e0bc6ce855,f- t,
10,prot-1951--ak--13,cdca04e0bc6ce855,n- s,
11,prot-1951--ak--13,cdca04e0bc6ce855,m- h,
12,prot-1951--ak--13,cdca04e0bc6ce855,r- n,
13,prot-1951--ak--13,cdca04e0bc6ce855,n- p,
14,prot-1951--ak--13,cdca04e0bc6ce855,e- t,
15,prot-1951--ak--13,cdca04e0bc6ce855,v- s,
16,prot-1951--ak--13,cdca04e0bc6ce855,t- t,
17,prot-1951--ak--13,cdca04e0bc6ce855,r- s,
18,prot-1951--ak--13,cdca04e0bc6ce855,r- g,
19,prot-1951--ak--13,cdca04e0bc6ce855,n- s,
20,prot-1951--ak--13,cdca04e0bc6ce855,r- b,
21,prot-1951--ak--13,cdca04e0bc6ce855,t- r,
22,prot-1951--ak--13,cdca04e0bc6ce855,o- t,
23,prot-1951--ak--13,cdca04e0bc6ce855,l- m,
24,prot-1951--ak--13,cdca04e0bc6ce855,t- g,
25,prot-1951--ak--13,cdca04e0bc6ce855,f- t,
26,prot-1951--ak--13,cdca04e0bc6ce855,t- v,
27,prot-1951--ak--13,cdca04e0bc6ce855,n- s,
0,prot-1951--ak--13,7b16a01c980ae2ac,"e
p",
1,prot-1951--ak--13,cdca04e0bc6ce855,o- g,
2,prot-1951--ak--13,cdca04e0bc6ce855,a- r,
3,prot-1951--ak--13,cdca04e0bc6ce855,o- s,
4,prot-1951--ak--13,cdca04e0bc6ce855,o- t,
5,prot-1951--ak--13,cdca04e0bc6ce855,o- n,
6,prot-1951--ak--13,cdca04e0bc6ce855,e- f,
7,prot-1951--ak--13,cdca04e0bc6ce855,e- v,
8,prot-1951--ak--13,cdca04e0bc6ce855,t- g,
9,prot-1951--ak--13,cdca04e0bc6ce855,g- h,
10,prot-1951--ak--13,cdca04e0bc6ce855,r- a,
11,prot-1951--ak--13,cdca04e0bc6ce855,m- s,
12,prot-1951--ak--13,cdca04e0bc6ce855,a- l,
13,prot-1951--ak--13,cdca04e0bc6ce855,a- l,
14,prot-1951--ak--13,cdca04e0bc6ce855,o- t,
15,prot-1951--ak--13,cdca04e0bc6ce855,j- l,
16,prot-1951--ak--13,cdca04e0bc6ce855,s- f,
17,prot-1951--ak--13,cdca04e0bc6ce855,f- f,
18,prot-1951--ak--13,cdca04e0bc6ce855,y- r,
19,prot-1951--ak--13,cdca04e0bc6ce855,i- d,
20,prot-1951--ak--13,cdca04e0bc6ce855,a- g,
21,prot-1951--ak--13,cdca04e0bc6ce855,l- j,
22,prot-1951--ak--13,cdca04e0bc6ce855,i- s,
23,prot-1951--ak--13,cdca04e0bc6ce855,i- g,
0,prot-1951--ak--13,7b16a01c980ae2ac,"t
ä",
1,prot-1951--ak--13,cdca04e0bc6ce855,n- n,
2,prot-1951--ak--13,cdca04e0bc6ce855,e- v,
3,prot-1951--ak--13,cdca04e0bc6ce855,o- t,
4,prot-1951--ak--13,cdca04e0bc6ce855,s- f,
5,prot-1951--ak--13,cdca04e0bc6ce855,s- k,
6,prot-1951--ak--13,cdca04e0bc6ce855,r- ä,
7,prot-1951--ak--13,cdca04e0bc6ce855,s- t,
8,prot-1951--ak--13,cdca04e0bc6ce855,s- t,
9,prot-1951--ak--13,cdca04e0bc6ce855,t- s,
10,prot-1951--ak--13,cdca04e0bc6ce855,r- f,
11,prot-1951--ak--13,cdca04e0bc6ce855,n- s,
12,prot-1951--ak--13,cdca04e0bc6ce855,s- k,
13,prot-1951--ak--13,cdca04e0bc6ce855,n- n,
14,prot-1951--ak--13,cdca04e0bc6ce855,t- n,
15,prot-1951--ak--13,cdca04e0bc6ce855,n- d,
16,prot-1951--ak--13,cdca04e0bc6ce855,l- t,
17,prot-1951--ak--13,cdca04e0bc6ce855,r- t,
18,prot-1951--ak--13,cdca04e0bc6ce855,n- d,
19,prot-1951--ak--13,cdca04e0bc6ce855,n- s,
20,prot-1951--ak--13,cdca04e0bc6ce855,n- n,
21,prot-1951--ak--13,cdca04e0bc6ce855,m- m,
22,prot-1951--ak--13,cdca04e0bc6ce855,m- h,
23,prot-1951--ak--13,cdca04e0bc6ce855,i- n,
24,prot-1951--ak--13,cdca04e0bc6ce855,r- s,
25,prot-1951--ak--13,cdca04e0bc6ce855,d- b,
26,prot-1951--ak--13,cdca04e0bc6ce855,å- g,
27,prot-1951--ak--13,cdca04e0bc6ce855,s- l,
28,prot-1951--ak--13,cdca04e0bc6ce855,e- f,
29,prot-1951--ak--13,cdca04e0bc6ce855,e- v,
30,prot-1951--ak--13,cdca04e0bc6ce855,n- n,
31,prot-1951--ak--13,cdca04e0bc6ce855,d- n,
32,prot-1951--ak--13,cdca04e0bc6ce855,l- l,
33,prot-1951--ak--13,cdca04e0bc6ce855,v- l,
34,prot-1951--ak--13,cdca04e0bc6ce855,l- v,
35,prot-1951--ak--13,cdca04e0bc6ce855,t- g,
36,prot-1951--ak--13,cdca04e0bc6ce855,d- v,
37,prot-1951--ak--13,cdca04e0bc6ce855,r- s,
0,prot-1951--ak--13,cdca04e0bc6ce855,a- k,
1,prot-1951--ak--13,cdca04e0bc6ce855,n- d,
2,prot-1951--ak--13,cdca04e0bc6ce855,n- s,
3,prot-1951--ak--13,cdca04e0bc6ce855,e- c,
4,prot-1951--ak--13,cdca04e0bc6ce855,l- k,
5,prot-1951--ak--13,cdca04e0bc6ce855,o- d,
6,prot-1951--ak--13,cdca04e0bc6ce855,e- h,
7,prot-1951--ak--13,cdca04e0bc6ce855,t- r,
8,prot-1951--ak--13,cdca04e0bc6ce855,n- n,
9,prot-1951--ak--13,cdca04e0bc6ce855,n- s,
10,prot-1951--ak--13,cdca04e0bc6ce855,t- g,
11,prot-1951--ak--13,cdca04e0bc6ce855,m- r,
12,prot-1951--ak--13,cdca04e0bc6ce855,o- s,
13,prot-1951--ak--13,cdca04e0bc6ce855,e- s,
14,prot-1951--ak--13,cdca04e0bc6ce855,t- s,
15,prot-1951--ak--13,cdca04e0bc6ce855,n- f,
16,prot-1951--ak--13,cdca04e0bc6ce855,r- s,
17,prot-1951--ak--13,cdca04e0bc6ce855,i- g,
18,prot-1951--ak--13,cdca04e0bc6ce855,s- k,
19,prot-1951--ak--13,cdca04e0bc6ce855,m- m,
20,prot-1951--ak--13,cdca04e0bc6ce855,l- l,
21,prot-1951--ak--13,cdca04e0bc6ce855,s- s,
22,prot-1951--ak--13,cdca04e0bc6ce855,t- r,
23,prot-1951--ak--13,cdca04e0bc6ce855,t- r,
24,prot-1951--ak--13,cdca04e0bc6ce855,e- g,
25,prot-1951--ak--13,cdca04e0bc6ce855,n- l,
0,prot-1951--ak--13,cdca04e0bc6ce855,r- t,
1,prot-1951--ak--13,cdca04e0bc6ce855,i- n,
2,prot-1951--ak--13,cdca04e0bc6ce855,l- l,
3,prot-1951--ak--13,cdca04e0bc6ce855,i- v,
4,prot-1951--ak--13,cdca04e0bc6ce855,d- v,
5,prot-1951--ak--13,cdca04e0bc6ce855,n- n,
6,prot-1951--ak--13,cdca04e0bc6ce855,n- d,
7,prot-1951--ak--13,cdca04e0bc6ce855,a- t,
8,prot-1951--ak--13,cdca04e0bc6ce855,s- s,
9,prot-1951--ak--13,cdca04e0bc6ce855,n- d,
10,prot-1951--ak--13,cdca04e0bc6ce855,a- t,
11,prot-1951--ak--13,cdca04e0bc6ce855,o- n,
12,prot-1951--ak--13,cdca04e0bc6ce855,l- f,
13,prot-1951--ak--13,cdca04e0bc6ce855,l- f,
14,prot-1951--ak--13,cdca04e0bc6ce855,n- k,
15,prot-1951--ak--13,cdca04e0bc6ce855,f- t,
16,prot-1951--ak--13,cdca04e0bc6ce855,r- s,
17,prot-1951--ak--13,cdca04e0bc6ce855,n- s,
18,prot-1951--ak--13,cdca04e0bc6ce855,ö- r,
19,prot-1951--ak--13,cdca04e0bc6ce855,n- d,
20,prot-1951--ak--13,cdca04e0bc6ce855,e- d,
21,prot-1951--ak--13,cdca04e0bc6ce855,s- s,
22,prot-1951--ak--13,cdca04e0bc6ce855,s- k,
23,prot-1951--ak--13,cdca04e0bc6ce855,o- m,
24,prot-1951--ak--13,cdca04e0bc6ce855,e- g,
0,prot-1951--ak--13,7b16a01c980ae2ac,"i
a",
1,prot-1951--ak--13,cdca04e0bc6ce855,e- g,
2,prot-1951--ak--13,cdca04e0bc6ce855,å- e,
3,prot-1951--ak--13,cdca04e0bc6ce855,n- n,
4,prot-1951--ak--13,cdca04e0bc6ce855,ö- r,
5,prot-1951--ak--13,cdca04e0bc6ce855,i- g,
6,prot-1951--ak--13,cdca04e0bc6ce855,n- d,
7,prot-1951--ak--13,cdca04e0bc6ce855,å- g,
8,prot-1951--ak--13,cdca04e0bc6ce855,g- g,
9,prot-1951--ak--13,cdca04e0bc6ce855,r- v,
10,prot-1951--ak--13,cdca04e0bc6ce855,å- g,
11,prot-1951--ak--13,cdca04e0bc6ce855,e- g,
12,prot-1951--ak--13,cdca04e0bc6ce855,t- s,
13,prot-1951--ak--13,cdca04e0bc6ce855,t- s,
14,prot-1951--ak--13,cdca04e0bc6ce855,n- t,
15,prot-1951--ak--13,cdca04e0bc6ce855,e- d,
16,prot-1951--ak--13,cdca04e0bc6ce855,m- s,
17,prot-1951--ak--13,cdca04e0bc6ce855,s- s,
18,prot-1951--ak--13,cdca04e0bc6ce855,k- t,
19,prot-1951--ak--13,cdca04e0bc6ce855,m- s,
20,prot-1951--ak--13,cdca04e0bc6ce855,s- v,
21,prot-1951--ak--13,cdca04e0bc6ce855,b- l,
22,prot-1951--ak--13,cdca04e0bc6ce855,s- k,
23,prot-1951--ak--13,cdca04e0bc6ce855,o- t,
24,prot-1951--ak--13,cdca04e0bc6ce855,g- b,
25,prot-1951--ak--13,cdca04e0bc6ce855,m- k,
26,prot-1951--ak--13,cdca04e0bc6ce855,m- s,
27,prot-1951--ak--13,cdca04e0bc6ce855,a- l,
0,prot-1951--ak--13,7b16a01c980ae2ac,",
i",
1,prot-1951--ak--13,7b16a01c980ae2ac,"t
d",
2,prot-1951--ak--13,cdca04e0bc6ce855,g- o,
3,prot-1951--ak--13,cdca04e0bc6ce855,g- l,
4,prot-1951--ak--13,cdca04e0bc6ce855,n- l,
5,prot-1951--ak--13,cdca04e0bc6ce855,k- s,
6,prot-1951--ak--13,cdca04e0bc6ce855,m- s,
7,prot-1951--ak--13,cdca04e0bc6ce855,a- l,
8,prot-1951--ak--13,cdca04e0bc6ce855,r- n,
9,prot-1951--ak--13,cdca04e0bc6ce855,s- k,
10,prot-1951--ak--13,cdca04e0bc6ce855,r- v,
11,prot-1951--ak--13,cdca04e0bc6ce855,n- d,
12,prot-1951--ak--13,cdca04e0bc6ce855,i- v,
13,prot-1951--ak--13,cdca04e0bc6ce855,n- f,
14,prot-1951--ak--13,cdca04e0bc6ce855,l- l,
15,prot-1951--ak--13,cdca04e0bc6ce855,o- s,
16,prot-1951--ak--13,cdca04e0bc6ce855,e- s,
17,prot-1951--ak--13,cdca04e0bc6ce855,k- t,
18,prot-1951--ak--13,cdca04e0bc6ce855,o- s,
19,prot-1951--ak--13,cdca04e0bc6ce855,s- n,
20,prot-1951--ak--13,cdca04e0bc6ce855,l- k,
21,prot-1951--ak--13,cdca04e0bc6ce855,e- g,
22,prot-1951--ak--13,cdca04e0bc6ce855,o- t,
23,prot-1951--ak--13,cdca04e0bc6ce855,k- s,
24,prot-1951--ak--13,cdca04e0bc6ce855,t- t,
25,prot-1951--ak--13,cdca04e0bc6ce855,g- o,
26,prot-1951--ak--13,cdca04e0bc6ce855,g- n,
27,prot-1951--ak--13,cdca04e0bc6ce855,o- s,
0,prot-1951--ak--13,cdca04e0bc6ce855,g- o,
1,prot-1951--ak--13,cdca04e0bc6ce855,s- s,
2,prot-1951--ak--13,cdca04e0bc6ce855,r- f,
3,prot-1951--ak--13,cdca04e0bc6ce855,a- v,
4,prot-1951--ak--13,cdca04e0bc6ce855,g- o,
5,prot-1951--ak--13,cdca04e0bc6ce855,s- s,
6,prot-1951--ak--13,cdca04e0bc6ce855,v- s,
7,prot-1951--ak--13,cdca04e0bc6ce855,m- m,
8,prot-1951--ak--13,cdca04e0bc6ce855,m- s,
9,prot-1951--ak--13,cdca04e0bc6ce855,r- n,
10,prot-1951--ak--13,cdca04e0bc6ce855,g- o,
11,prot-1951--ak--13,cdca04e0bc6ce855,f- f,
12,prot-1951--ak--13,cdca04e0bc6ce855,g- o,
13,prot-1951--ak--13,cdca04e0bc6ce855,s- b,
14,prot-1951--ak--13,cdca04e0bc6ce855,s- k,
15,prot-1951--ak--13,cdca04e0bc6ce855,o- n,
16,prot-1951--ak--13,cdca04e0bc6ce855,g- o,
17,prot-1951--ak--13,cdca04e0bc6ce855,a- g,
18,prot-1951--ak--13,cdca04e0bc6ce855,s- b,
19,prot-1951--ak--13,cdca04e0bc6ce855,n- s,
20,prot-1951--ak--13,cdca04e0bc6ce855,l- l,
21,prot-1951--ak--13,cdca04e0bc6ce855,m- f,
22,prot-1951--ak--13,cdca04e0bc6ce855,n- s,
23,prot-1951--ak--13,cdca04e0bc6ce855,m- l,
24,prot-1951--ak--13,cdca04e0bc6ce855,n- n,
25,prot-1951--ak--13,cdca04e0bc6ce855,o- g,
26,prot-1951--ak--13,cdca04e0bc6ce855,n- s,
27,prot-1951--ak--13,cdca04e0bc6ce855,r- v,
28,prot-1951--ak--13,cdca04e0bc6ce855,u- k,
29,prot-1951--ak--13,cdca04e0bc6ce855,n- n,
30,prot-1951--ak--13,cdca04e0bc6ce855,e- r,
31,prot-1951--ak--13,cdca04e0bc6ce855,t- t,
32,prot-1951--ak--13,cdca04e0bc6ce855,p- g,
33,prot-1951--ak--13,cdca04e0bc6ce855,n- d,
0,prot-1951--ak--13,7b16a01c980ae2ac,"n
ö",
1,prot-1951--ak--13,cdca04e0bc6ce855,g- o,
2,prot-1951--ak--13,cdca04e0bc6ce855,i- d,
3,prot-1951--ak--13,cdca04e0bc6ce855,n- n,
4,prot-1951--ak--13,cdca04e0bc6ce855,r- d,
5,prot-1951--ak--13,cdca04e0bc6ce855,n- n,
6,prot-1951--ak--13,cdca04e0bc6ce855,a- t,
7,prot-1951--ak--13,cdca04e0bc6ce855,e- n,
8,prot-1951--ak--13,cdca04e0bc6ce855,f- f,
9,prot-1951--ak--13,cdca04e0bc6ce855,y- r,
10,prot-1951--ak--13,cdca04e0bc6ce855,t- g,
11,prot-1951--ak--13,cdca04e0bc6ce855,e- d,
12,prot-1951--ak--13,cdca04e0bc6ce855,s- ä,
13,prot-1951--ak--13,cdca04e0bc6ce855,s- s,
14,prot-1951--ak--13,cdca04e0bc6ce855,u- b,
15,prot-1951--ak--13,cdca04e0bc6ce855,a- r,
16,prot-1951--ak--13,cdca04e0bc6ce855,e- s,
17,prot-1951--ak--13,cdca04e0bc6ce855,n- d,
18,prot-1951--ak--13,cdca04e0bc6ce855,k- n,
19,prot-1951--ak--13,cdca04e0bc6ce855,r- s,
20,prot-1951--ak--13,cdca04e0bc6ce855,i- d,
21,prot-1951--ak--13,cdca04e0bc6ce855,k- v,
22,prot-1951--ak--13,cdca04e0bc6ce855,s- n,
23,prot-1951--ak--13,cdca04e0bc6ce855,i- f,
24,prot-1951--ak--13,cdca04e0bc6ce855,d- g,
25,prot-1951--ak--13,cdca04e0bc6ce855,i- g,
26,prot-1951--ak--13,cdca04e0bc6ce855,m- m,
27,prot-1951--ak--13,cdca04e0bc6ce855,e- s,
28,prot-1951--ak--13,cdca04e0bc6ce855,i- d,
29,prot-1951--ak--13,cdca04e0bc6ce855,u- n,
30,prot-1951--ak--13,cdca04e0bc6ce855,s- s,
31,prot-1951--ak--13,cdca04e0bc6ce855,o- m,
0,prot-1951--ak--13,7b16a01c980ae2ac,"å
e",
1,prot-1951--ak--13,cdca04e0bc6ce855,g- o,
2,prot-1951--ak--13,cdca04e0bc6ce855,s- f,
3,prot-1951--ak--13,cdca04e0bc6ce855,r- f,
4,prot-1951--ak--13,cdca04e0bc6ce855,a- r,
5,prot-1951--ak--13,cdca04e0bc6ce855,e- s,
6,prot-1951--ak--13,cdca04e0bc6ce855,l- m,
7,prot-1951--ak--13,cdca04e0bc6ce855,i- k,
8,prot-1951--ak--13,cdca04e0bc6ce855,g- o,
9,prot-1951--ak--13,cdca04e0bc6ce855,n- s,
10,prot-1951--ak--13,cdca04e0bc6ce855,s- t,
11,prot-1951--ak--13,cdca04e0bc6ce855,g- n,
12,prot-1951--ak--13,cdca04e0bc6ce855,r- t,
13,prot-1951--ak--13,cdca04e0bc6ce855,r- t,
14,prot-1951--ak--13,cdca04e0bc6ce855,g- e,
15,prot-1951--ak--13,cdca04e0bc6ce855,o- c,
16,prot-1951--ak--13,cdca04e0bc6ce855,j- l,
17,prot-1951--ak--13,cdca04e0bc6ce855,k- t,
18,prot-1951--ak--13,cdca04e0bc6ce855,v- l,
19,prot-1951--ak--13,cdca04e0bc6ce855,d- r,
20,prot-1951--ak--13,cdca04e0bc6ce855,r- d,
21,prot-1951--ak--13,cdca04e0bc6ce855,n- l,
22,prot-1951--ak--13,cdca04e0bc6ce855,t- n,
23,prot-1951--ak--13,cdca04e0bc6ce855,n- s,
24,prot-1951--ak--13,cdca04e0bc6ce855,e- k,
25,prot-1951--ak--13,cdca04e0bc6ce855,ä- g,
26,prot-1951--ak--13,cdca04e0bc6ce855,u- k,
27,prot-1951--ak--13,cdca04e0bc6ce855,o- r,
28,prot-1951--ak--13,cdca04e0bc6ce855,n- d,
29,prot-1951--ak--13,cdca04e0bc6ce855,k- n,
30,prot-1951--ak--13,cdca04e0bc6ce855,e- p,
31,prot-1951--ak--13,cdca04e0bc6ce855,i- b,
32,prot-1951--ak--13,cdca04e0bc6ce855,r- g,
0,prot-1951--ak--13,7b16a01c980ae2ac,"h
f",
1,prot-1951--ak--13,cdca04e0bc6ce855,g- o,
2,prot-1951--ak--13,cdca04e0bc6ce855,l- l,
3,prot-1951--ak--13,cdca04e0bc6ce855,n- j,
4,prot-1951--ak--13,cdca04e0bc6ce855,r- k,
5,prot-1951--ak--13,cdca04e0bc6ce855,o- d,
6,prot-1951--ak--13,cdca04e0bc6ce855,s- t,
7,prot-1951--ak--13,cdca04e0bc6ce855,r- t,
8,prot-1951--ak--13,cdca04e0bc6ce855,s- l,
9,prot-1951--ak--13,cdca04e0bc6ce855,n- v,
10,prot-1951--ak--13,cdca04e0bc6ce855,e- r,
11,prot-1951--ak--13,cdca04e0bc6ce855,n- d,
12,prot-1951--ak--13,cdca04e0bc6ce855,n- d,
13,prot-1951--ak--13,cdca04e0bc6ce855,r- v,
14,prot-1951--ak--13,cdca04e0bc6ce855,k- s,
15,prot-1951--ak--13,cdca04e0bc6ce855,n- s,
16,prot-1951--ak--13,cdca04e0bc6ce855,r- v,
17,prot-1951--ak--13,cdca04e0bc6ce855,r- o,
18,prot-1951--ak--13,cdca04e0bc6ce855,l- s,
19,prot-1951--ak--13,cdca04e0bc6ce855,k- n,
20,prot-1951--ak--13,cdca04e0bc6ce855,s- l,
21,prot-1951--ak--13,cdca04e0bc6ce855,s- s,
22,prot-1951--ak--13,cdca04e0bc6ce855,r- b,
23,prot-1951--ak--13,cdca04e0bc6ce855,s- a,
24,prot-1951--ak--13,cdca04e0bc6ce855,r- b,
25,prot-1951--ak--13,cdca04e0bc6ce855,e- t,
26,prot-1951--ak--13,cdca04e0bc6ce855,n- s,
27,prot-1951--ak--13,cdca04e0bc6ce855,e- g,
28,prot-1951--ak--13,cdca04e0bc6ce855,f- t,
29,prot-1951--ak--13,cdca04e0bc6ce855,n- n,
30,prot-1951--ak--13,cdca04e0bc6ce855,n- t,
0,prot-1951--ak--13,cdca04e0bc6ce855,g- o,
1,prot-1951--ak--13,cdca04e0bc6ce855,r- u,
2,prot-1951--ak--13,cdca04e0bc6ce855,å- g,
3,prot-1951--ak--13,cdca04e0bc6ce855,n- s,
4,prot-1951--ak--13,cdca04e0bc6ce855,n- t,
5,prot-1951--ak--13,cdca04e0bc6ce855,a- d,
6,prot-1951--ak--13,cdca04e0bc6ce855,n- s,
7,prot-1951--ak--13,cdca04e0bc6ce855,s- k,
8,prot-1951--ak--13,cdca04e0bc6ce855,a- t,
9,prot-1951--ak--13,cdca04e0bc6ce855,r- d,
10,prot-1951--ak--13,cdca04e0bc6ce855,t- s,
11,prot-1951--ak--13,cdca04e0bc6ce855,k- t,
12,prot-1951--ak--13,cdca04e0bc6ce855,a- g,
13,prot-1951--ak--13,cdca04e0bc6ce855,ö- r,
14,prot-1951--ak--13,cdca04e0bc6ce855,n- j,
15,prot-1951--ak--13,cdca04e0bc6ce855,i- d,
16,prot-1951--ak--13,cdca04e0bc6ce855,e- k,
17,prot-1951--ak--13,cdca04e0bc6ce855,m- m,
18,prot-1951--ak--13,cdca04e0bc6ce855,t- n,
19,prot-1951--ak--13,cdca04e0bc6ce855,n- s,
20,prot-1951--ak--13,cdca04e0bc6ce855,a- g,
21,prot-1951--ak--13,cdca04e0bc6ce855,a- g,
22,prot-1951--ak--13,cdca04e0bc6ce855,n- j,
23,prot-1951--ak--13,cdca04e0bc6ce855,t- g,
24,prot-1951--ak--13,cdca04e0bc6ce855,s- k,
25,prot-1951--ak--13,cdca04e0bc6ce855,s- b,
26,prot-1951--ak--13,cdca04e0bc6ce855,s- ä,
27,prot-1951--ak--13,cdca04e0bc6ce855,o- p,
28,prot-1951--ak--13,cdca04e0bc6ce855,n- t,
29,prot-1951--ak--13,cdca04e0bc6ce855,l- s,
30,prot-1951--ak--13,cdca04e0bc6ce855,o- n,
31,prot-1951--ak--13,cdca04e0bc6ce855,n- m,
32,prot-1951--ak--13,cdca04e0bc6ce855,r- s,
33,prot-1951--ak--13,cdca04e0bc6ce855,s- m,
34,prot-1951--ak--13,cdca04e0bc6ce855,n- h,
35,prot-1951--ak--13,cdca04e0bc6ce855,n- s,
36,prot-1951--ak--13,cdca04e0bc6ce855,s- ä,
37,prot-1951--ak--13,cdca04e0bc6ce855,u- k,
0,prot-1951--ak--13,cdca04e0bc6ce855,g- o,
1,prot-1951--ak--13,cdca04e0bc6ce855,a- r,
2,prot-1951--ak--13,cdca04e0bc6ce855,r- r,
3,prot-1951--ak--13,cdca04e0bc6ce855,k- t,
4,prot-1951--ak--13,cdca04e0bc6ce855,g- s,
5,prot-1951--ak--13,cdca04e0bc6ce855,s- m,
6,prot-1951--ak--13,cdca04e0bc6ce855,g- e,
7,prot-1951--ak--13,cdca04e0bc6ce855,n- p,
8,prot-1951--ak--13,cdca04e0bc6ce855,u- m,
9,prot-1951--ak--13,cdca04e0bc6ce855,l- v,
10,prot-1951--ak--13,cdca04e0bc6ce855,m- m,
11,prot-1951--ak--13,cdca04e0bc6ce855,n- d,
12,prot-1951--ak--13,cdca04e0bc6ce855,n- j,
13,prot-1951--ak--13,cdca04e0bc6ce855,r- d,
14,prot-1951--ak--13,cdca04e0bc6ce855,n- s,
15,prot-1951--ak--13,cdca04e0bc6ce855,g- n,
16,prot-1951--ak--13,cdca04e0bc6ce855,d- v,
17,prot-1951--ak--13,cdca04e0bc6ce855,n- d,
18,prot-1951--ak--13,cdca04e0bc6ce855,s- m,
19,prot-1951--ak--13,cdca04e0bc6ce855,å- v,
20,prot-1951--ak--13,cdca04e0bc6ce855,y- r,
21,prot-1951--ak--13,cdca04e0bc6ce855,ä- r,
22,prot-1951--ak--13,cdca04e0bc6ce855,a- l,
23,prot-1951--ak--13,cdca04e0bc6ce855,e- t,
24,prot-1951--ak--13,cdca04e0bc6ce855,u- v,
25,prot-1951--ak--13,cdca04e0bc6ce855,i- t,
26,prot-1951--ak--13,cdca04e0bc6ce855,r- s,
27,prot-1951--ak--13,cdca04e0bc6ce855,f- t,
28,prot-1951--ak--13,cdca04e0bc6ce855,e- n,
29,prot-1951--ak--13,cdca04e0bc6ce855,n- s,
30,prot-1951--ak--13,cdca04e0bc6ce855,n- p,
31,prot-1951--ak--13,cdca04e0bc6ce855,n- s,
32,prot-1951--ak--13,cdca04e0bc6ce855,c- k,
0,prot-1951--ak--13,7b16a01c980ae2ac,"m
l",
1,prot-1951--ak--13,cdca04e0bc6ce855,g- o,
2,prot-1951--ak--13,cdca04e0bc6ce855,k- s,
3,prot-1951--ak--13,cdca04e0bc6ce855,l- s,
4,prot-1951--ak--13,cdca04e0bc6ce855,i- v,
5,prot-1951--ak--13,cdca04e0bc6ce855,n- p,
6,prot-1951--ak--13,cdca04e0bc6ce855,l- l,
7,prot-1951--ak--13,cdca04e0bc6ce855,i- t,
8,prot-1951--ak--13,cdca04e0bc6ce855,n- v,
9,prot-1951--ak--13,cdca04e0bc6ce855,e- r,
10,prot-1951--ak--13,cdca04e0bc6ce855,ä- k,
11,prot-1951--ak--13,cdca04e0bc6ce855,s- m,
12,prot-1951--ak--13,cdca04e0bc6ce855,r- n,
13,prot-1951--ak--13,cdca04e0bc6ce855,r- m,
14,prot-1951--ak--13,cdca04e0bc6ce855,j- l,
15,prot-1951--ak--13,cdca04e0bc6ce855,r- n,
16,prot-1951--ak--13,cdca04e0bc6ce855,l- l,
17,prot-1951--ak--13,cdca04e0bc6ce855,c- k,
18,prot-1951--ak--13,cdca04e0bc6ce855,g- h,
19,prot-1951--ak--13,cdca04e0bc6ce855,i- s,
20,prot-1951--ak--13,cdca04e0bc6ce855,r- l,
21,prot-1951--ak--13,cdca04e0bc6ce855,r- h,
22,prot-1951--ak--13,cdca04e0bc6ce855,n- d,
23,prot-1951--ak--13,cdca04e0bc6ce855,m- m,
24,prot-1951--ak--13,cdca04e0bc6ce855,k- n,
25,prot-1951--ak--13,cdca04e0bc6ce855,a- r,
26,prot-1951--ak--13,cdca04e0bc6ce855,l- d,
27,prot-1951--ak--13,cdca04e0bc6ce855,n- s,
28,prot-1951--ak--13,cdca04e0bc6ce855,n- s,
29,prot-1951--ak--13,cdca04e0bc6ce855,a- t,
30,prot-1951--ak--13,cdca04e0bc6ce855,o- n,
31,prot-1951--ak--13,cdca04e0bc6ce855,n- k,
32,prot-1951--ak--13,cdca04e0bc6ce855,n- d,
33,prot-1951--ak--13,cdca04e0bc6ce855,s- s,
34,prot-1951--ak--13,cdca04e0bc6ce855,e- n,
35,prot-1951--ak--13,cdca04e0bc6ce855,t- v,
36,prot-1951--ak--13,cdca04e0bc6ce855,m- m,
37,prot-1951--ak--13,cdca04e0bc6ce855,n- n,
38,prot-1951--ak--13,cdca04e0bc6ce855,l- b,
0,prot-1951--ak--13,7b16a01c980ae2ac,"a
s",
1,prot-1951--ak--13,cdca04e0bc6ce855,g- o,
2,prot-1951--ak--13,cdca04e0bc6ce855,d- n,
3,prot-1951--ak--13,cdca04e0bc6ce855,s- p,
4,prot-1951--ak--13,cdca04e0bc6ce855,s- k,
5,prot-1951--ak--13,cdca04e0bc6ce855,n- s,
6,prot-1951--ak--13,cdca04e0bc6ce855,l- l,
7,prot-1951--ak--13,cdca04e0bc6ce855,n- s,
8,prot-1951--ak--13,cdca04e0bc6ce855,ä- g,
9,prot-1951--ak--13,cdca04e0bc6ce855,e- s,
10,prot-1951--ak--13,cdca04e0bc6ce855,r- n,
11,prot-1951--ak--13,cdca04e0bc6ce855,n- p,
12,prot-1951--ak--13,cdca04e0bc6ce855,n- k,
13,prot-1951--ak--13,cdca04e0bc6ce855,n- n,
14,prot-1951--ak--13,cdca04e0bc6ce855,r- s,
15,prot-1951--ak--13,cdca04e0bc6ce855,i- f,
16,prot-1951--ak--13,cdca04e0bc6ce855,l- l,
17,prot-1951--ak--13,cdca04e0bc6ce855,l- m,
18,prot-1951--ak--13,cdca04e0bc6ce855,n- s,
19,prot-1951--ak--13,cdca04e0bc6ce855,g- g,
20,prot-1951--ak--13,cdca04e0bc6ce855,å- h,
21,prot-1951--ak--13,cdca04e0bc6ce855,r- l,
22,prot-1951--ak--13,cdca04e0bc6ce855,l- l,
23,prot-1951--ak--13,cdca04e0bc6ce855,j- n,
24,prot-1951--ak--13,cdca04e0bc6ce855,i- d,
0,prot-1951--ak--13,cdca04e0bc6ce855,m- m,
1,prot-1951--ak--13,cdca04e0bc6ce855,n- f,
2,prot-1951--ak--13,cdca04e0bc6ce855,t- t,
3,prot-1951--ak--13,cdca04e0bc6ce855,d- r,
4,prot-1951--ak--13,cdca04e0bc6ce855,n- d,
5,prot-1951--ak--13,cdca04e0bc6ce855,e- r,
6,prot-1951--ak--13,cdca04e0bc6ce855,n- n,
7,prot-1951--ak--13,cdca04e0bc6ce855,r- l,
8,prot-1951--ak--13,cdca04e0bc6ce855,l- m,
9,prot-1951--ak--13,cdca04e0bc6ce855,i- t,
10,prot-1951--ak--13,cdca04e0bc6ce855,e- s,
11,prot-1951--ak--13,cdca04e0bc6ce855,n- d,
12,prot-1951--ak--13,cdca04e0bc6ce855,k- t,
13,prot-1951--ak--13,cdca04e0bc6ce855,o- s,
14,prot-1951--ak--13,cdca04e0bc6ce855,s- n,
15,prot-1951--ak--13,cdca04e0bc6ce855,l- k,
16,prot-1951--ak--13,cdca04e0bc6ce855,l- d,
17,prot-1951--ak--13,cdca04e0bc6ce855,r- k,
18,prot-1951--ak--13,cdca04e0bc6ce855,o- n,
19,prot-1951--ak--13,cdca04e0bc6ce855,s- o,
20,prot-1951--ak--13,cdca04e0bc6ce855,l- l,
21,prot-1951--ak--13,cdca04e0bc6ce855,a- t,
22,prot-1951--ak--13,cdca04e0bc6ce855,e- g,
23,prot-1951--ak--13,cdca04e0bc6ce855,g- a,
24,prot-1951--ak--13,cdca04e0bc6ce855,l- d,
25,prot-1951--ak--13,cdca04e0bc6ce855,n- d,
26,prot-1951--ak--13,cdca04e0bc6ce855,s- v,
0,prot-1951--ak--13,cdca04e0bc6ce855,k- t,
1,prot-1951--ak--13,cdca04e0bc6ce855,t- t,
2,prot-1951--ak--13,cdca04e0bc6ce855,d- n,
3,prot-1951--ak--13,cdca04e0bc6ce855,p- f,
4,prot-1951--ak--13,cdca04e0bc6ce855,e- t,
5,prot-1951--ak--13,cdca04e0bc6ce855,n- n,
6,prot-1951--ak--13,cdca04e0bc6ce855,n- s,
7,prot-1951--ak--13,cdca04e0bc6ce855,t- l,
8,prot-1951--ak--13,cdca04e0bc6ce855,å- g,
9,prot-1951--ak--13,cdca04e0bc6ce855,n- t,
10,prot-1951--ak--13,cdca04e0bc6ce855,o- n,
11,prot-1951--ak--13,cdca04e0bc6ce855,m- l,
12,prot-1951--ak--13,cdca04e0bc6ce855,i- d,
13,prot-1951--ak--13,cdca04e0bc6ce855,e- d,
14,prot-1951--ak--13,cdca04e0bc6ce855,n- f,
15,prot-1951--ak--13,cdca04e0bc6ce855,k- n,
16,prot-1951--ak--13,cdca04e0bc6ce855,s- p,
17,prot-1951--ak--13,cdca04e0bc6ce855,s- b,
18,prot-1951--ak--13,cdca04e0bc6ce855,l- n,
19,prot-1951--ak--13,cdca04e0bc6ce855,r- t,
20,prot-1951--ak--13,cdca04e0bc6ce855,s- m,
21,prot-1951--ak--13,cdca04e0bc6ce855,n- n,
22,prot-1951--ak--13,cdca04e0bc6ce855,n- s,
23,prot-1951--ak--13,cdca04e0bc6ce855,k- l,
24,prot-1951--ak--13,cdca04e0bc6ce855,g- h,
25,prot-1951--ak--13,cdca04e0bc6ce855,c- k,
26,prot-1951--ak--13,cdca04e0bc6ce855,s- m,
27,prot-1951--ak--13,cdca04e0bc6ce855,t- t,
28,prot-1951--ak--13,cdca04e0bc6ce855,t- n,
29,prot-1951--ak--13,cdca04e0bc6ce855,y- r,
30,prot-1951--ak--13,cdca04e0bc6ce855,l- l,
31,prot-1951--ak--13,cdca04e0bc6ce855,d- p,
32,prot-1951--ak--13,cdca04e0bc6ce855,e- s,
33,prot-1951--ak--13,cdca04e0bc6ce855,s- m,
0,prot-1951--ak--13,cdca04e0bc6ce855,n- n,
1,prot-1951--ak--13,cdca04e0bc6ce855,u- m,
2,prot-1951--ak--13,cdca04e0bc6ce855,ö- d,
3,prot-1951--ak--13,cdca04e0bc6ce855,ä- r,
4,prot-1951--ak--13,cdca04e0bc6ce855,t- b,
5,prot-1951--ak--13,cdca04e0bc6ce855,a- r,
6,prot-1951--ak--13,cdca04e0bc6ce855,n- s,
7,prot-1951--ak--13,cdca04e0bc6ce855,n- p,
8,prot-1951--ak--13,cdca04e0bc6ce855,n- n,
9,prot-1951--ak--13,cdca04e0bc6ce855,n- s,
10,prot-1951--ak--13,cdca04e0bc6ce855,t- n,
11,prot-1951--ak--13,cdca04e0bc6ce855,v- n,
12,prot-1951--ak--13,cdca04e0bc6ce855,o- n,
13,prot-1951--ak--13,cdca04e0bc6ce855,e- l,
14,prot-1951--ak--13,cdca04e0bc6ce855,k- s,
15,prot-1951--ak--13,cdca04e0bc6ce855,e- m,
16,prot-1951--ak--13,cdca04e0bc6ce855,t- t,
17,prot-1951--ak--13,cdca04e0bc6ce855,l- b,
18,prot-1951--ak--13,cdca04e0bc6ce855,e- g,
19,prot-1951--ak--13,cdca04e0bc6ce855,s- s,
20,prot-1951--ak--13,cdca04e0bc6ce855,t- n,
21,prot-1951--ak--13,cdca04e0bc6ce855,e- f,
22,prot-1951--ak--13,cdca04e0bc6ce855,d- b,
23,prot-1951--ak--13,cdca04e0bc6ce855,å- t,
24,prot-1951--ak--13,cdca04e0bc6ce855,m- s,
25,prot-1951--ak--13,cdca04e0bc6ce855,s- k,
26,prot-1951--ak--13,cdca04e0bc6ce855,t- r,
27,prot-1951--ak--13,cdca04e0bc6ce855,m- m,
28,prot-1951--ak--13,cdca04e0bc6ce855,l- t,
29,prot-1951--ak--13,cdca04e0bc6ce855,l- l,
30,prot-1951--ak--13,cdca04e0bc6ce855,o- t,
0,prot-1951--ak--13,7b16a01c980ae2ac,",
u",
1,prot-1951--ak--13,cdca04e0bc6ce855,e- h,
2,prot-1951--ak--13,cdca04e0bc6ce855,d- g,
3,prot-1951--ak--13,cdca04e0bc6ce855,p- p,
4,prot-1951--ak--13,cdca04e0bc6ce855,c- k,
5,prot-1951--ak--13,cdca04e0bc6ce855,n- s,
6,prot-1951--ak--13,cdca04e0bc6ce855,l- b,
7,prot-1951--ak--13,cdca04e0bc6ce855,e- p,
8,prot-1951--ak--13,cdca04e0bc6ce855,o- n,
9,prot-1951--ak--13,cdca04e0bc6ce855,t- e,
10,prot-1951--ak--13,cdca04e0bc6ce855,m- b,
11,prot-1951--ak--13,cdca04e0bc6ce855,n- b,
12,prot-1951--ak--13,cdca04e0bc6ce855,e- g,
13,prot-1951--ak--13,cdca04e0bc6ce855,e- n,
14,prot-1951--ak--13,cdca04e0bc6ce855,å- g,
15,prot-1951--ak--13,cdca04e0bc6ce855,s- s,
16,prot-1951--ak--13,cdca04e0bc6ce855,g- h,
17,prot-1951--ak--13,cdca04e0bc6ce855,m- r,
18,prot-1951--ak--13,cdca04e0bc6ce855,k- t,
19,prot-1951--ak--13,cdca04e0bc6ce855,s- v,
20,prot-1951--ak--13,cdca04e0bc6ce855,r- u,
21,prot-1951--ak--13,cdca04e0bc6ce855,d- g,
22,prot-1951--ak--13,cdca04e0bc6ce855,o- n,
23,prot-1951--ak--13,cdca04e0bc6ce855,a- d,
24,prot-1951--ak--13,cdca04e0bc6ce855,g- b,
0,prot-1951--ak--13,7b16a01c980ae2ac,",
a",
1,prot-1951--ak--13,7b16a01c980ae2ac,",
a",
2,prot-1951--ak--13,cdca04e0bc6ce855,n- h,
3,prot-1951--ak--13,cdca04e0bc6ce855,m- s,
4,prot-1951--ak--13,cdca04e0bc6ce855,o- n,
5,prot-1951--ak--13,cdca04e0bc6ce855,r- s,
6,prot-1951--ak--13,cdca04e0bc6ce855,t- m,
7,prot-1951--ak--13,cdca04e0bc6ce855,ö- n,
8,prot-1951--ak--13,cdca04e0bc6ce855,r- g,
9,prot-1951--ak--13,cdca04e0bc6ce855,i- s,
10,prot-1951--ak--13,cdca04e0bc6ce855,d- n,
11,prot-1951--ak--13,cdca04e0bc6ce855,o- n,
12,prot-1951--ak--13,cdca04e0bc6ce855,r- g,
13,prot-1951--ak--13,cdca04e0bc6ce855,a- g,
14,prot-1951--ak--13,cdca04e0bc6ce855,s- t,
15,prot-1951--ak--13,cdca04e0bc6ce855,i- d,
16,prot-1951--ak--13,cdca04e0bc6ce855,i- s,
17,prot-1951--ak--13,cdca04e0bc6ce855,r- v,
18,prot-1951--ak--13,cdca04e0bc6ce855,n- f,
19,prot-1951--ak--13,cdca04e0bc6ce855,n- d,
20,prot-1951--ak--13,cdca04e0bc6ce855,r- r,
21,prot-1951--ak--13,cdca04e0bc6ce855,s- m,
22,prot-1951--ak--13,cdca04e0bc6ce855,s- v,
23,prot-1951--ak--13,cdca04e0bc6ce855,t- l,
24,prot-1951--ak--13,cdca04e0bc6ce855,e- r,
25,prot-1951--ak--13,cdca04e0bc6ce855,n- s,
26,prot-1951--ak--13,cdca04e0bc6ce855,i- n,
27,prot-1951--ak--13,cdca04e0bc6ce855,y- d,
0,prot-1951--ak--13,7b16a01c980ae2ac,"e
b",
1,prot-1951--ak--13,cdca04e0bc6ce855,o- u,
2,prot-1951--ak--13,cdca04e0bc6ce855,s- k,
3,prot-1951--ak--13,cdca04e0bc6ce855,t- m,
4,prot-1951--ak--13,cdca04e0bc6ce855,i- n,
5,prot-1951--ak--13,cdca04e0bc6ce855,k- s,
6,prot-1951--ak--13,cdca04e0bc6ce855,d- v,
7,prot-1951--ak--13,cdca04e0bc6ce855,ö- r,
8,prot-1951--ak--13,cdca04e0bc6ce855,e- r,
9,prot-1951--ak--13,cdca04e0bc6ce855,d- b,
10,prot-1951--ak--13,cdca04e0bc6ce855,e- r,
11,prot-1951--ak--13,cdca04e0bc6ce855,e- r,
12,prot-1951--ak--13,cdca04e0bc6ce855,v- s,
13,prot-1951--ak--13,cdca04e0bc6ce855,n- s,
14,prot-1951--ak--13,cdca04e0bc6ce855,n- s,
15,prot-1951--ak--13,cdca04e0bc6ce855,t- m,
16,prot-1951--ak--13,cdca04e0bc6ce855,o- n,
17,prot-1951--ak--13,cdca04e0bc6ce855,i- s,
18,prot-1951--ak--13,cdca04e0bc6ce855,n- d,
19,prot-1951--ak--13,cdca04e0bc6ce855,t- r,
20,prot-1951--ak--13,cdca04e0bc6ce855,k- n,
21,prot-1951--ak--13,cdca04e0bc6ce855,r- s,
22,prot-1951--ak--13,cdca04e0bc6ce855,n- l,
23,prot-1951--ak--13,cdca04e0bc6ce855,f- s,
0,prot-1951--ak--13,cdca04e0bc6ce855,n- d,
1,prot-1951--ak--13,cdca04e0bc6ce855,a- t,
2,prot-1951--ak--13,cdca04e0bc6ce855,r- j,
3,prot-1951--ak--13,cdca04e0bc6ce855,å- g,
4,prot-1951--ak--13,cdca04e0bc6ce855,s- f,
5,prot-1951--ak--13,cdca04e0bc6ce855,k- t,
6,prot-1951--ak--13,cdca04e0bc6ce855,e- v,
7,prot-1951--ak--13,cdca04e0bc6ce855,ä- n,
8,prot-1951--ak--13,cdca04e0bc6ce855,i- f,
9,prot-1951--ak--13,cdca04e0bc6ce855,t- l,
10,prot-1951--ak--13,cdca04e0bc6ce855,l- m,
11,prot-1951--ak--13,cdca04e0bc6ce855,t- m,
12,prot-1951--ak--13,cdca04e0bc6ce855,a- t,
13,prot-1951--ak--13,cdca04e0bc6ce855,r- s,
14,prot-1951--ak--13,cdca04e0bc6ce855,r- k,
15,prot-1951--ak--13,cdca04e0bc6ce855,e- p,
16,prot-1951--ak--13,cdca04e0bc6ce855,n- s,
17,prot-1951--ak--13,cdca04e0bc6ce855,t- b,
18,prot-1951--ak--13,cdca04e0bc6ce855,s- c,
19,prot-1951--ak--13,cdca04e0bc6ce855,ä- t,
20,prot-1951--ak--13,cdca04e0bc6ce855,l- t,
21,prot-1951--ak--13,cdca04e0bc6ce855,a- n,
22,prot-1951--ak--13,cdca04e0bc6ce855,i- o,
23,prot-1951--ak--13,cdca04e0bc6ce855,d- k,
24,prot-1951--ak--13,cdca04e0bc6ce855,m- r,
25,prot-1951--ak--13,cdca04e0bc6ce855,d- v,
0,prot-1951--ak--13,7b16a01c980ae2ac,"a
h",
1,prot-1951--ak--13,cdca04e0bc6ce855,r- s,
2,prot-1951--ak--13,cdca04e0bc6ce855,p- p,
3,prot-1951--ak--13,cdca04e0bc6ce855,l- t,
4,prot-1951--ak--13,cdca04e0bc6ce855,o- t,
5,prot-1951--ak--13,cdca04e0bc6ce855,l- m,
6,prot-1951--ak--13,cdca04e0bc6ce855,l- l,
7,prot-1951--ak--13,cdca04e0bc6ce855,i- v,
8,prot-1951--ak--13,cdca04e0bc6ce855,m- h,
9,prot-1951--ak--13,cdca04e0bc6ce855,o- b,
10,prot-1951--ak--13,cdca04e0bc6ce855,s- n,
11,prot-1951--ak--13,cdca04e0bc6ce855,g- h,
12,prot-1951--ak--13,cdca04e0bc6ce855,e- c,
13,prot-1951--ak--13,cdca04e0bc6ce855,l- l,
14,prot-1951--ak--13,cdca04e0bc6ce855,o- b,
15,prot-1951--ak--13,cdca04e0bc6ce855,n- n,
16,prot-1951--ak--13,cdca04e0bc6ce855,n- v,
17,prot-1951--ak--13,cdca04e0bc6ce855,k- s,
18,prot-1951--ak--13,cdca04e0bc6ce855,o- g,
19,prot-1951--ak--13,cdca04e0bc6ce855,i- s,
20,prot-1951--ak--13,cdca04e0bc6ce855,i- o,
21,prot-1951--ak--13,cdca04e0bc6ce855,s- b,
22,prot-1951--ak--13,cdca04e0bc6ce855,x- p,
23,prot-1951--ak--13,cdca04e0bc6ce855,s- o,
24,prot-1951--ak--13,cdca04e0bc6ce855,t- r,
0,prot-1951--ak--13,cdca04e0bc6ce855,d- n,
1,prot-1951--ak--13,cdca04e0bc6ce855,s- t,
2,prot-1951--ak--13,cdca04e0bc6ce855,r- n,
3,prot-1951--ak--13,cdca04e0bc6ce855,g- n,
4,prot-1951--ak--13,cdca04e0bc6ce855,m- h,
5,prot-1951--ak--13,cdca04e0bc6ce855,a- g,
6,prot-1951--ak--13,cdca04e0bc6ce855,p- g,
7,prot-1951--ak--13,cdca04e0bc6ce855,r- t,
8,prot-1951--ak--13,cdca04e0bc6ce855,i- f,
9,prot-1951--ak--13,cdca04e0bc6ce855,l- m,
10,prot-1951--ak--13,cdca04e0bc6ce855,r- k,
11,prot-1951--ak--13,cdca04e0bc6ce855,r- d,
12,prot-1951--ak--13,cdca04e0bc6ce855,r- b,
13,prot-1951--ak--13,cdca04e0bc6ce855,d- t,
14,prot-1951--ak--13,cdca04e0bc6ce855,o- d,
15,prot-1951--ak--13,cdca04e0bc6ce855,n- d,
16,prot-1951--ak--13,cdca04e0bc6ce855,i- h,
17,prot-1951--ak--13,cdca04e0bc6ce855,a- g,
0,prot-1951--ak--13,7b16a01c980ae2ac,"s
p",
1,prot-1951--ak--13,7b16a01c980ae2ac,"t
u",
2,prot-1951--ak--13,7b16a01c980ae2ac,"n
v",
3,prot-1951--ak--13,cdca04e0bc6ce855,s- b,
4,prot-1951--ak--13,cdca04e0bc6ce855,m- s,
5,prot-1951--ak--13,cdca04e0bc6ce855,a- t,
6,prot-1951--ak--13,cdca04e0bc6ce855,n- v,
7,prot-1951--ak--13,cdca04e0bc6ce855,n- t,
8,prot-1951--ak--13,cdca04e0bc6ce855,r- g,
9,prot-1951--ak--13,cdca04e0bc6ce855,n- v,
10,prot-1951--ak--13,cdca04e0bc6ce855,ä- t,
11,prot-1951--ak--13,cdca04e0bc6ce855,r- s,
12,prot-1951--ak--13,cdca04e0bc6ce855,t- m,
13,prot-1951--ak--13,cdca04e0bc6ce855,ä- t,
14,prot-1951--ak--13,cdca04e0bc6ce855,r- t,
15,prot-1951--ak--13,cdca04e0bc6ce855,r- g,
16,prot-1951--ak--13,cdca04e0bc6ce855,e- h,
17,prot-1951--ak--13,cdca04e0bc6ce855,ä- t,
18,prot-1951--ak--13,cdca04e0bc6ce855,g- n,
19,prot-1951--ak--13,cdca04e0bc6ce855,l- m,
20,prot-1951--ak--13,cdca04e0bc6ce855,ä- g,
21,prot-1951--ak--13,cdca04e0bc6ce855,r- s,
22,prot-1951--ak--13,cdca04e0bc6ce855,r- g,
23,prot-1951--ak--13,cdca04e0bc6ce855,ä- t,
24,prot-1951--ak--13,cdca04e0bc6ce855,i- s,
25,prot-1951--ak--13,cdca04e0bc6ce855,o- p,
26,prot-1951--ak--13,cdca04e0bc6ce855,o- p,
27,prot-1951--ak--13,cdca04e0bc6ce855,l- l,
28,prot-1951--ak--13,cdca04e0bc6ce855,i- t,
29,prot-1951--ak--13,cdca04e0bc6ce855,k- t,
30,prot-1951--ak--13,cdca04e0bc6ce855,o- n,
31,prot-1951--ak--13,cdca04e0bc6ce855,t- s,
32,prot-1951--ak--13,cdca04e0bc6ce855,o- p,
0,prot-1951--ak--13,7b16a01c980ae2ac,"t
d",
1,prot-1951--ak--13,cdca04e0bc6ce855,s- n,
2,prot-1951--ak--13,cdca04e0bc6ce855,a- m,
3,prot-1951--ak--13,cdca04e0bc6ce855,t- r,
4,prot-1951--ak--13,cdca04e0bc6ce855,m- r,
5,prot-1951--ak--13,cdca04e0bc6ce855,t- t,
6,prot-1951--ak--13,cdca04e0bc6ce855,i- t,
7,prot-1951--ak--13,cdca04e0bc6ce855,m- s,
8,prot-1951--ak--13,cdca04e0bc6ce855,n- d,
9,prot-1951--ak--13,cdca04e0bc6ce855,t- s,
10,prot-1951--ak--13,cdca04e0bc6ce855,å- t,
11,prot-1951--ak--13,cdca04e0bc6ce855,m- s,
12,prot-1951--ak--13,cdca04e0bc6ce855,e- r,
13,prot-1951--ak--13,cdca04e0bc6ce855,s- o,
14,prot-1951--ak--13,cdca04e0bc6ce855,n- l,
15,prot-1951--ak--13,cdca04e0bc6ce855,s- v,
16,prot-1951--ak--13,cdca04e0bc6ce855,l- n,
17,prot-1951--ak--13,cdca04e0bc6ce855,i- t,
18,prot-1951--ak--13,cdca04e0bc6ce855,k- t,
19,prot-1951--ak--13,cdca04e0bc6ce855,o- k,
20,prot-1951--ak--13,cdca04e0bc6ce855,a- n,
21,prot-1951--ak--13,cdca04e0bc6ce855,n- s,
22,prot-1951--ak--13,cdca04e0bc6ce855,a- l,
23,prot-1951--ak--13,cdca04e0bc6ce855,o- s,
24,prot-1951--ak--13,cdca04e0bc6ce855,o- p,
25,prot-1951--ak--13,cdca04e0bc6ce855,s- p,
26,prot-1951--ak--13,cdca04e0bc6ce855,a- g,
27,prot-1951--ak--13,cdca04e0bc6ce855,e- r,
28,prot-1951--ak--13,cdca04e0bc6ce855,r- n,
29,prot-1951--ak--13,cdca04e0bc6ce855,n- s,
30,prot-1951--ak--13,cdca04e0bc6ce855,t- i,
31,prot-1951--ak--13,cdca04e0bc6ce855,x- t,
32,prot-1951--ak--13,cdca04e0bc6ce855,n- s,
33,prot-1951--ak--13,cdca04e0bc6ce855,l- l,
34,prot-1951--ak--13,cdca04e0bc6ce855,a- n,
0,prot-1951--ak--13,cdca04e0bc6ce855,o- n,
1,prot-1951--ak--13,cdca04e0bc6ce855,e- s,
2,prot-1951--ak--13,cdca04e0bc6ce855,m- m,
3,prot-1951--ak--13,cdca04e0bc6ce855,x- t,
4,prot-1951--ak--13,cdca04e0bc6ce855,d- r,
5,prot-1951--ak--13,cdca04e0bc6ce855,e- g,
6,prot-1951--ak--13,cdca04e0bc6ce855,d- b,
7,prot-1951--ak--13,cdca04e0bc6ce855,n- g,
8,prot-1951--ak--13,cdca04e0bc6ce855,t- s,
9,prot-1951--ak--13,cdca04e0bc6ce855,o- p,
10,prot-1951--ak--13,cdca04e0bc6ce855,o- n,
11,prot-1951--ak--13,cdca04e0bc6ce855,o- n,
12,prot-1951--ak--13,cdca04e0bc6ce855,s- o,
13,prot-1951--ak--13,cdca04e0bc6ce855,o- n,
14,prot-1951--ak--13,cdca04e0bc6ce855,e- r,
15,prot-1951--ak--13,cdca04e0bc6ce855,r- n,
16,prot-1951--ak--13,cdca04e0bc6ce855,n- s,
17,prot-1951--ak--13,cdca04e0bc6ce855,s- a,
18,prot-1951--ak--13,cdca04e0bc6ce855,t- s,
19,prot-1951--ak--13,cdca04e0bc6ce855,r- a,
20,prot-1951--ak--13,cdca04e0bc6ce855,e- s,
21,prot-1951--ak--13,cdca04e0bc6ce855,l- m,
22,prot-1951--ak--13,cdca04e0bc6ce855,l- f,
23,prot-1951--ak--13,cdca04e0bc6ce855,s- n,
24,prot-1951--ak--13,cdca04e0bc6ce855,o- l,
25,prot-1951--ak--13,cdca04e0bc6ce855,e- t,
26,prot-1951--ak--13,cdca04e0bc6ce855,y- s,
27,prot-1951--ak--13,cdca04e0bc6ce855,m- f,
28,prot-1951--ak--13,cdca04e0bc6ce855,t- f,
29,prot-1951--ak--13,cdca04e0bc6ce855,a- g,
30,prot-1951--ak--13,cdca04e0bc6ce855,k- n,
0,prot-1951--ak--13,cdca04e0bc6ce855,v- r,
1,prot-1951--ak--13,cdca04e0bc6ce855,r- v,
2,prot-1951--ak--13,cdca04e0bc6ce855,m- m,
3,prot-1951--ak--13,cdca04e0bc6ce855,l- s,
4,prot-1951--ak--13,cdca04e0bc6ce855,s- o,
5,prot-1951--ak--13,cdca04e0bc6ce855,n- d,
6,prot-1951--ak--13,cdca04e0bc6ce855,u- m,
7,prot-1951--ak--13,cdca04e0bc6ce855,v- r,
8,prot-1951--ak--13,cdca04e0bc6ce855,s- o,
9,prot-1951--ak--13,cdca04e0bc6ce855,l- m,
10,prot-1951--ak--13,cdca04e0bc6ce855,i- d,
11,prot-1951--ak--13,cdca04e0bc6ce855,e- f,
12,prot-1951--ak--13,cdca04e0bc6ce855,v- n,
13,prot-1951--ak--13,cdca04e0bc6ce855,r- j,
14,prot-1951--ak--13,cdca04e0bc6ce855,a- d,
15,prot-1951--ak--13,cdca04e0bc6ce855,n- s,
16,prot-1951--ak--13,cdca04e0bc6ce855,n- s,
17,prot-1951--ak--13,cdca04e0bc6ce855,g- l,
18,prot-1951--ak--13,cdca04e0bc6ce855,e- g,
19,prot-1951--ak--13,cdca04e0bc6ce855,l- v,
20,prot-1951--ak--13,cdca04e0bc6ce855,s- o,
21,prot-1951--ak--13,cdca04e0bc6ce855,o- c,
22,prot-1951--ak--13,cdca04e0bc6ce855,x- g,
23,prot-1951--ak--13,cdca04e0bc6ce855,n- d,
24,prot-1951--ak--13,cdca04e0bc6ce855,n- s,
25,prot-1951--ak--13,cdca04e0bc6ce855,e- d,
26,prot-1951--ak--13,cdca04e0bc6ce855,m- t,
27,prot-1951--ak--13,cdca04e0bc6ce855,o- c,
28,prot-1951--ak--13,cdca04e0bc6ce855,m- p,
29,prot-1951--ak--13,cdca04e0bc6ce855,a- g,
30,prot-1951--ak--13,cdca04e0bc6ce855,s- d,
31,prot-1951--ak--13,cdca04e0bc6ce855,s- b,
32,prot-1951--ak--13,cdca04e0bc6ce855,e- l,
33,prot-1951--ak--13,cdca04e0bc6ce855,s- p,
34,prot-1951--ak--13,cdca04e0bc6ce855,m- h,
35,prot-1951--ak--13,cdca04e0bc6ce855,k- p,
36,prot-1951--ak--13,cdca04e0bc6ce855,r- o,
37,prot-1951--ak--13,cdca04e0bc6ce855,n- n,
38,prot-1951--ak--13,cdca04e0bc6ce855,e- r,
39,prot-1951--ak--13,cdca04e0bc6ce855,n- s,
40,prot-1951--ak--13,cdca04e0bc6ce855,v- n,
41,prot-1951--ak--13,cdca04e0bc6ce855,e- r,
42,prot-1951--ak--13,cdca04e0bc6ce855,n- n,
0,prot-1951--ak--13,cdca04e0bc6ce855,o- s,
1,prot-1951--ak--13,cdca04e0bc6ce855,e- d,
2,prot-1951--ak--13,cdca04e0bc6ce855,n- d,
3,prot-1951--ak--13,cdca04e0bc6ce855,o- c,
4,prot-1951--ak--13,cdca04e0bc6ce855,s- k,
5,prot-1951--ak--13,cdca04e0bc6ce855,m- h,
6,prot-1951--ak--13,cdca04e0bc6ce855,o- n,
7,prot-1951--ak--13,cdca04e0bc6ce855,a- s,
8,prot-1951--ak--13,cdca04e0bc6ce855,n- n,
9,prot-1951--ak--13,cdca04e0bc6ce855,n- n,
10,prot-1951--ak--13,cdca04e0bc6ce855,a- t,
11,prot-1951--ak--13,cdca04e0bc6ce855,v- b,
12,prot-1951--ak--13,cdca04e0bc6ce855,t- n,
13,prot-1951--ak--13,cdca04e0bc6ce855,t- ö,
14,prot-1951--ak--13,cdca04e0bc6ce855,e- r,
15,prot-1951--ak--13,cdca04e0bc6ce855,k- t,
16,prot-1951--ak--13,cdca04e0bc6ce855,o- n,
17,prot-1951--ak--13,cdca04e0bc6ce855,g- a,
18,prot-1951--ak--13,cdca04e0bc6ce855,k- p,
19,prot-1951--ak--13,cdca04e0bc6ce855,n- s,
20,prot-1951--ak--13,cdca04e0bc6ce855,r- s,
21,prot-1951--ak--13,cdca04e0bc6ce855,o- n,
22,prot-1951--ak--13,cdca04e0bc6ce855,k- p,
23,prot-1951--ak--13,cdca04e0bc6ce855,p- p,
24,prot-1951--ak--13,cdca04e0bc6ce855,å- v,
25,prot-1951--ak--13,cdca04e0bc6ce855,e- r,
26,prot-1951--ak--13,cdca04e0bc6ce855,j- n,
27,prot-1951--ak--13,cdca04e0bc6ce855,n- s,
28,prot-1951--ak--13,cdca04e0bc6ce855,k- p,
29,prot-1951--ak--13,cdca04e0bc6ce855,r- t,
0,prot-1951--ak--13,cdca04e0bc6ce855,o- n,
1,prot-1951--ak--13,cdca04e0bc6ce855,r- g,
2,prot-1951--ak--13,cdca04e0bc6ce855,l- j,
3,prot-1951--ak--13,cdca04e0bc6ce855,o- n,
4,prot-1951--ak--13,cdca04e0bc6ce855,l- l,
5,prot-1951--ak--13,cdca04e0bc6ce855,y- s,
6,prot-1951--ak--13,cdca04e0bc6ce855,l- k,
7,prot-1951--ak--13,cdca04e0bc6ce855,a- d,
8,prot-1951--ak--13,cdca04e0bc6ce855,m- p,
9,prot-1951--ak--13,cdca04e0bc6ce855,n- s,
10,prot-1951--ak--13,cdca04e0bc6ce855,t- e,
11,prot-1951--ak--13,cdca04e0bc6ce855,s- v,
12,prot-1951--ak--13,cdca04e0bc6ce855,l- s,
13,prot-1951--ak--13,cdca04e0bc6ce855,s- s,
14,prot-1951--ak--13,cdca04e0bc6ce855,n- l,
15,prot-1951--ak--13,cdca04e0bc6ce855,r- d,
16,prot-1951--ak--13,cdca04e0bc6ce855,r- m,
17,prot-1951--ak--13,cdca04e0bc6ce855,r- l,
18,prot-1951--ak--13,cdca04e0bc6ce855,e- r,
19,prot-1951--ak--13,cdca04e0bc6ce855,n- d,
20,prot-1951--ak--13,cdca04e0bc6ce855,t- t,
21,prot-1951--ak--13,cdca04e0bc6ce855,t- s,
22,prot-1951--ak--13,cdca04e0bc6ce855,l- t,
23,prot-1951--ak--13,cdca04e0bc6ce855,t- s,
24,prot-1951--ak--13,cdca04e0bc6ce855,r- l,
25,prot-1951--ak--13,cdca04e0bc6ce855,t- s,
26,prot-1951--ak--13,cdca04e0bc6ce855,k- p,
27,prot-1951--ak--13,cdca04e0bc6ce855,d- n,
0,prot-1951--ak--13,cdca04e0bc6ce855,e- t,
1,prot-1951--ak--13,cdca04e0bc6ce855,ä- r,
2,prot-1951--ak--13,cdca04e0bc6ce855,e- n,
3,prot-1951--ak--13,cdca04e0bc6ce855,n- t,
4,prot-1951--ak--13,cdca04e0bc6ce855,a- n,
5,prot-1951--ak--13,cdca04e0bc6ce855,n- d,
6,prot-1951--ak--13,cdca04e0bc6ce855,t- t,
7,prot-1951--ak--13,cdca04e0bc6ce855,p- p,
8,prot-1951--ak--13,cdca04e0bc6ce855,g- a,
9,prot-1951--ak--13,cdca04e0bc6ce855,o- n,
10,prot-1951--ak--13,cdca04e0bc6ce855,n- p,
11,prot-1951--ak--13,cdca04e0bc6ce855,g- g,
12,prot-1951--ak--13,cdca04e0bc6ce855,i- s,
13,prot-1951--ak--13,cdca04e0bc6ce855,r- f,
14,prot-1951--ak--13,cdca04e0bc6ce855,e- t,
15,prot-1951--ak--13,cdca04e0bc6ce855,d- r,
16,prot-1951--ak--13,cdca04e0bc6ce855,d- d,
17,prot-1951--ak--13,cdca04e0bc6ce855,r- s,
18,prot-1951--ak--13,cdca04e0bc6ce855,u- v,
19,prot-1951--ak--13,cdca04e0bc6ce855,o- n,
20,prot-1951--ak--13,cdca04e0bc6ce855,k- p,
21,prot-1951--ak--13,cdca04e0bc6ce855,t- g,
22,prot-1951--ak--13,cdca04e0bc6ce855,t- o,
23,prot-1951--ak--13,cdca04e0bc6ce855,n- s,
24,prot-1951--ak--13,cdca04e0bc6ce855,k- t,
25,prot-1951--ak--13,cdca04e0bc6ce855,o- n,
26,prot-1951--ak--13,cdca04e0bc6ce855,k- h,
27,prot-1951--ak--13,cdca04e0bc6ce855,e- l,
28,prot-1951--ak--13,cdca04e0bc6ce855,n- s,
29,prot-1951--ak--13,cdca04e0bc6ce855,g- l,
30,prot-1951--ak--13,cdca04e0bc6ce855,s- b,
0,prot-1951--ak--13,cdca04e0bc6ce855,r- t,
1,prot-1951--ak--13,cdca04e0bc6ce855,m- m,
2,prot-1951--ak--13,cdca04e0bc6ce855,o- n,
3,prot-1951--ak--13,cdca04e0bc6ce855,k- p,
4,prot-1951--ak--13,cdca04e0bc6ce855,t- n,
5,prot-1951--ak--13,cdca04e0bc6ce855,å- g,
6,prot-1951--ak--13,cdca04e0bc6ce855,o- t,
7,prot-1951--ak--13,cdca04e0bc6ce855,t- h,
8,prot-1951--ak--13,cdca04e0bc6ce855,i- g,
9,prot-1951--ak--13,cdca04e0bc6ce855,i- m,
10,prot-1951--ak--13,cdca04e0bc6ce855,g- r,
11,prot-1951--ak--13,cdca04e0bc6ce855,v- d,
12,prot-1951--ak--13,cdca04e0bc6ce855,n- n,
13,prot-1951--ak--13,cdca04e0bc6ce855,s- t,
14,prot-1951--ak--13,cdca04e0bc6ce855,i- g,
15,prot-1951--ak--13,cdca04e0bc6ce855,å- g,
16,prot-1951--ak--13,cdca04e0bc6ce855,l- l,
17,prot-1951--ak--13,cdca04e0bc6ce855,e- s,
18,prot-1951--ak--13,cdca04e0bc6ce855,n- d,
19,prot-1951--ak--13,cdca04e0bc6ce855,t- r,
20,prot-1951--ak--13,cdca04e0bc6ce855,t- n,
21,prot-1951--ak--13,cdca04e0bc6ce855,t- s,
22,prot-1951--ak--13,cdca04e0bc6ce855,n- s,
23,prot-1951--ak--13,cdca04e0bc6ce855,n- s,
24,prot-1951--ak--13,cdca04e0bc6ce855,l- m,
25,prot-1951--ak--13,cdca04e0bc6ce855,s- k,
26,prot-1951--ak--13,cdca04e0bc6ce855,n- s,
27,prot-1951--ak--13,cdca04e0bc6ce855,r- m,
28,prot-1951--ak--13,cdca04e0bc6ce855,m- l,
29,prot-1951--ak--13,cdca04e0bc6ce855,a- m,
30,prot-1951--ak--13,cdca04e0bc6ce855,g- h,
31,prot-1951--ak--13,cdca04e0bc6ce855,y- r,
0,prot-1951--ak--13,cdca04e0bc6ce855,e- l,
1,prot-1951--ak--13,cdca04e0bc6ce855,l- k,
2,prot-1951--ak--13,cdca04e0bc6ce855,t- s,
3,prot-1951--ak--13,cdca04e0bc6ce855,r- n,
4,prot-1951--ak--13,cdca04e0bc6ce855,a- d,
5,prot-1951--ak--13,cdca04e0bc6ce855,t- n,
6,prot-1951--ak--13,cdca04e0bc6ce855,r- v,
7,prot-1951--ak--13,cdca04e0bc6ce855,i- v,
8,prot-1951--ak--13,cdca04e0bc6ce855,i- t,
9,prot-1951--ak--13,cdca04e0bc6ce855,s- o,
10,prot-1951--ak--13,cdca04e0bc6ce855,t- t,
11,prot-1951--ak--13,cdca04e0bc6ce855,o- p,
12,prot-1951--ak--13,cdca04e0bc6ce855,s- n,
13,prot-1951--ak--13,cdca04e0bc6ce855,i- f,
14,prot-1951--ak--13,cdca04e0bc6ce855,l- m,
15,prot-1951--ak--13,cdca04e0bc6ce855,t- f,
16,prot-1951--ak--13,cdca04e0bc6ce855,r- e,
0,prot-1951--ak--13,7b16a01c980ae2ac,"h
a",
1,prot-1951--ak--13,cdca04e0bc6ce855,r- j,
2,prot-1951--ak--13,cdca04e0bc6ce855,o- p,
3,prot-1951--ak--13,cdca04e0bc6ce855,r- f,
4,prot-1951--ak--13,cdca04e0bc6ce855,k- t,
5,prot-1951--ak--13,cdca04e0bc6ce855,d- n,
6,prot-1951--ak--13,cdca04e0bc6ce855,o- t,
7,prot-1951--ak--13,cdca04e0bc6ce855,e- g,
8,prot-1951--ak--13,cdca04e0bc6ce855,ö- r,
9,prot-1951--ak--13,cdca04e0bc6ce855,n- n,
10,prot-1951--ak--13,cdca04e0bc6ce855,g- e,
11,prot-1951--ak--13,cdca04e0bc6ce855,l- m,
12,prot-1951--ak--13,cdca04e0bc6ce855,s- d,
13,prot-1951--ak--13,cdca04e0bc6ce855,s- s,
14,prot-1951--ak--13,cdca04e0bc6ce855,m- m,
15,prot-1951--ak--13,cdca04e0bc6ce855,t- b,
16,prot-1951--ak--13,cdca04e0bc6ce855,d- r,
17,prot-1951--ak--13,cdca04e0bc6ce855,l- g,
18,prot-1951--ak--13,cdca04e0bc6ce855,v- b,
19,prot-1951--ak--13,cdca04e0bc6ce855,a- g,
20,prot-1951--ak--13,cdca04e0bc6ce855,v- b,
21,prot-1951--ak--13,cdca04e0bc6ce855,i- g,
22,prot-1951--ak--13,cdca04e0bc6ce855,p- o,
23,prot-1951--ak--13,cdca04e0bc6ce855,m- h,
24,prot-1951--ak--13,cdca04e0bc6ce855,n- j,
25,prot-1951--ak--13,cdca04e0bc6ce855,t- t,
26,prot-1951--ak--13,cdca04e0bc6ce855,n- n,
27,prot-1951--ak--13,cdca04e0bc6ce855,n- d,
28,prot-1951--ak--13,cdca04e0bc6ce855,o- t,
29,prot-1951--ak--13,cdca04e0bc6ce855,m- f,
30,prot-1951--ak--13,cdca04e0bc6ce855,v- r,
0,prot-1951--ak--13,7b16a01c980ae2ac,"v
o",
1,prot-1951--ak--13,cdca04e0bc6ce855,d- g,
2,prot-1951--ak--13,cdca04e0bc6ce855,s- f,
3,prot-1951--ak--13,cdca04e0bc6ce855,r- k,
4,prot-1951--ak--13,cdca04e0bc6ce855,r- b,
5,prot-1951--ak--13,cdca04e0bc6ce855,l- l,
6,prot-1951--ak--13,cdca04e0bc6ce855,n- l,
7,prot-1951--ak--13,cdca04e0bc6ce855,r- t,
8,prot-1951--ak--13,cdca04e0bc6ce855,r- t,
9,prot-1951--ak--13,cdca04e0bc6ce855,t- v,
10,prot-1951--ak--13,cdca04e0bc6ce855,e- t,
11,prot-1951--ak--13,cdca04e0bc6ce855,l- l,
12,prot-1951--ak--13,cdca04e0bc6ce855,n- s,
13,prot-1951--ak--13,cdca04e0bc6ce855,n- d,
14,prot-1951--ak--13,cdca04e0bc6ce855,r- s,
15,prot-1951--ak--13,cdca04e0bc6ce855,e- g,
16,prot-1951--ak--13,cdca04e0bc6ce855,r- g,
17,prot-1951--ak--13,cdca04e0bc6ce855,s- k,
18,prot-1951--ak--13,cdca04e0bc6ce855,e- g,
19,prot-1951--ak--13,cdca04e0bc6ce855,s- p,
20,prot-1951--ak--13,cdca04e0bc6ce855,t- b,
21,prot-1951--ak--13,cdca04e0bc6ce855,r- c,
22,prot-1951--ak--13,cdca04e0bc6ce855,n- s,
23,prot-1951--ak--13,cdca04e0bc6ce855,ä- r,
24,prot-1951--ak--13,cdca04e0bc6ce855,l- s,
25,prot-1951--ak--13,cdca04e0bc6ce855,m- s,
26,prot-1951--ak--13,cdca04e0bc6ce855,a- r,
27,prot-1951--ak--13,cdca04e0bc6ce855,n- n,
28,prot-1951--ak--13,cdca04e0bc6ce855,e- r,
29,prot-1951--ak--13,cdca04e0bc6ce855,r- b,
30,prot-1951--ak--13,cdca04e0bc6ce855,m- h,
31,prot-1951--ak--13,cdca04e0bc6ce855,y- k,
32,prot-1951--ak--13,cdca04e0bc6ce855,u- v,
0,prot-1951--ak--13,cdca04e0bc6ce855,t- m,
1,prot-1951--ak--13,cdca04e0bc6ce855,o- n,
2,prot-1951--ak--13,cdca04e0bc6ce855,n- d,
3,prot-1951--ak--13,cdca04e0bc6ce855,n- n,
4,prot-1951--ak--13,cdca04e0bc6ce855,n- d,
5,prot-1951--ak--13,cdca04e0bc6ce855,d- r,
6,prot-1951--ak--13,cdca04e0bc6ce855,t- m,
7,prot-1951--ak--13,cdca04e0bc6ce855,r- s,
8,prot-1951--ak--13,cdca04e0bc6ce855,r- s,
9,prot-1951--ak--13,cdca04e0bc6ce855,n- s,
10,prot-1951--ak--13,cdca04e0bc6ce855,r- s,
11,prot-1951--ak--13,cdca04e0bc6ce855,e- g,
12,prot-1951--ak--13,cdca04e0bc6ce855,r- s,
13,prot-1951--ak--13,cdca04e0bc6ce855,n- t,
14,prot-1951--ak--13,cdca04e0bc6ce855,ä- r,
15,prot-1951--ak--13,cdca04e0bc6ce855,a- l,
16,prot-1951--ak--13,cdca04e0bc6ce855,a- c,
17,prot-1951--ak--13,cdca04e0bc6ce855,r- s,
18,prot-1951--ak--13,cdca04e0bc6ce855,e- n,
19,prot-1951--ak--13,cdca04e0bc6ce855,n- n,
20,prot-1951--ak--13,cdca04e0bc6ce855,e- s,
21,prot-1951--ak--13,cdca04e0bc6ce855,ä- r,
22,prot-1951--ak--13,cdca04e0bc6ce855,n- t,
23,prot-1951--ak--13,cdca04e0bc6ce855,o- m,
24,prot-1951--ak--13,cdca04e0bc6ce855,v- b,
25,prot-1951--ak--13,cdca04e0bc6ce855,å- l,
0,prot-1951--ak--13,cdca04e0bc6ce855,s- s,
1,prot-1951--ak--13,cdca04e0bc6ce855,n- s,
2,prot-1951--ak--13,cdca04e0bc6ce855,v- s,
3,prot-1951--ak--13,cdca04e0bc6ce855,t- v,
4,prot-1951--ak--13,cdca04e0bc6ce855,t- v,
5,prot-1951--ak--13,cdca04e0bc6ce855,k- b,
6,prot-1951--ak--13,cdca04e0bc6ce855,n- g,
7,prot-1951--ak--13,cdca04e0bc6ce855,t- f,
8,prot-1951--ak--13,cdca04e0bc6ce855,s- t,
9,prot-1951--ak--13,cdca04e0bc6ce855,g- a,
10,prot-1951--ak--13,cdca04e0bc6ce855,ä- g,
11,prot-1951--ak--13,cdca04e0bc6ce855,i- r,
12,prot-1951--ak--13,cdca04e0bc6ce855,t- s,
13,prot-1951--ak--13,cdca04e0bc6ce855,v- b,
14,prot-1951--ak--13,cdca04e0bc6ce855,g- h,
15,prot-1951--ak--13,cdca04e0bc6ce855,y- l,
16,prot-1951--ak--13,cdca04e0bc6ce855,n- n,
17,prot-1951--ak--13,cdca04e0bc6ce855,v- b,
18,prot-1951--ak--13,cdca04e0bc6ce855,k- t,
19,prot-1951--ak--13,cdca04e0bc6ce855,l- m,
20,prot-1951--ak--13,cdca04e0bc6ce855,o- t,
21,prot-1951--ak--13,cdca04e0bc6ce855,m- s,
22,prot-1951--ak--13,cdca04e0bc6ce855,t- v,
23,prot-1951--ak--13,cdca04e0bc6ce855,n- s,
0,prot-1951--ak--13,cdca04e0bc6ce855,l- p,
1,prot-1951--ak--13,cdca04e0bc6ce855,n- v,
2,prot-1951--ak--13,cdca04e0bc6ce855,s- b,
3,prot-1951--ak--13,cdca04e0bc6ce855,n- d,
4,prot-1951--ak--13,cdca04e0bc6ce855,e- t,
5,prot-1951--ak--13,cdca04e0bc6ce855,s- m,
6,prot-1951--ak--13,cdca04e0bc6ce855,ä- g,
7,prot-1951--ak--13,cdca04e0bc6ce855,l- k,
8,prot-1951--ak--13,cdca04e0bc6ce855,s- p,
9,prot-1951--ak--13,cdca04e0bc6ce855,å- d,
10,prot-1951--ak--13,cdca04e0bc6ce855,v- b,
11,prot-1951--ak--13,cdca04e0bc6ce855,ö- r,
12,prot-1951--ak--13,cdca04e0bc6ce855,m- m,
13,prot-1951--ak--13,cdca04e0bc6ce855,t- b,
14,prot-1951--ak--13,cdca04e0bc6ce855,n- d,
15,prot-1951--ak--13,cdca04e0bc6ce855,å- g,
16,prot-1951--ak--13,cdca04e0bc6ce855,r- s,
17,prot-1951--ak--13,cdca04e0bc6ce855,f- f,
18,prot-1951--ak--13,cdca04e0bc6ce855,n- v,
19,prot-1951--ak--13,cdca04e0bc6ce855,n- n,
20,prot-1951--ak--13,cdca04e0bc6ce855,n- d,
21,prot-1951--ak--13,cdca04e0bc6ce855,n- b,
22,prot-1951--ak--13,cdca04e0bc6ce855,l- n,
23,prot-1951--ak--13,cdca04e0bc6ce855,n- n,
24,prot-1951--ak--13,cdca04e0bc6ce855,i- g,
25,prot-1951--ak--13,cdca04e0bc6ce855,o- s,
26,prot-1951--ak--13,cdca04e0bc6ce855,m- m,
27,prot-1951--ak--13,cdca04e0bc6ce855,n- n,
28,prot-1951--ak--13,cdca04e0bc6ce855,p- l,
0,prot-1951--ak--13,7b16a01c980ae2ac,"n
r",
1,prot-1951--ak--13,7b16a01c980ae2ac,",
r",
2,prot-1951--ak--13,7b16a01c980ae2ac,",
r",
3,prot-1951--ak--13,7b16a01c980ae2ac,",
r",
4,prot-1951--ak--13,7b16a01c980ae2ac,",
r",
5,prot-1951--ak--13,7b16a01c980ae2ac,",
r",
6,prot-1951--ak--13,7b16a01c980ae2ac,",
r",
7,prot-1951--ak--13,cdca04e0bc6ce855,r- s,
8,prot-1951--ak--13,cdca04e0bc6ce855,o- p,
9,prot-1951--ak--13,cdca04e0bc6ce855,å- d,
10,prot-1951--ak--13,cdca04e0bc6ce855,g- t,
11,prot-1951--ak--13,cdca04e0bc6ce855,i- t,
12,prot-1951--ak--13,cdca04e0bc6ce855,o- k,
13,prot-1951--ak--13,cdca04e0bc6ce855,n- d,
14,prot-1951--ak--13,cdca04e0bc6ce855,m- f,
15,prot-1951--ak--13,cdca04e0bc6ce855,n- d,
16,prot-1951--ak--13,cdca04e0bc6ce855,i- n,
17,prot-1951--ak--13,cdca04e0bc6ce855,f- f,
18,prot-1951--ak--13,cdca04e0bc6ce855,n- t,
19,prot-1951--ak--13,cdca04e0bc6ce855,l- o,
20,prot-1951--ak--13,cdca04e0bc6ce855,t- t,
21,prot-1951--ak--13,cdca04e0bc6ce855,l- s,
22,prot-1951--ak--13,cdca04e0bc6ce855,t- t,
23,prot-1951--ak--13,cdca04e0bc6ce855,e- r,
24,prot-1951--ak--13,cdca04e0bc6ce855,a- r,
25,prot-1951--ak--13,cdca04e0bc6ce855,s- s,
26,prot-1951--ak--13,cdca04e0bc6ce855,n- s,
27,prot-1951--ak--13,cdca04e0bc6ce855,r- s,
28,prot-1951--ak--13,cdca04e0bc6ce855,e- g,
29,prot-1951--ak--13,cdca04e0bc6ce855,n- l,
30,prot-1951--ak--13,cdca04e0bc6ce855,n- t,
31,prot-1951--ak--13,cdca04e0bc6ce855,r- l,
32,prot-1951--ak--13,cdca04e0bc6ce855,i- e,
33,prot-1951--ak--13,cdca04e0bc6ce855,e- t,
34,prot-1951--ak--13,cdca04e0bc6ce855,a- m,
35,prot-1951--ak--13,cdca04e0bc6ce855,s- s,
36,prot-1951--ak--13,cdca04e0bc6ce855,s- d,
37,prot-1951--ak--13,cdca04e0bc6ce855,m- r,
38,prot-1951--ak--13,cdca04e0bc6ce855,å- g,
39,prot-1951--ak--13,cdca04e0bc6ce855,e- s,
0,prot-1951--ak--13,7b16a01c980ae2ac,"e
f",
1,prot-1951--ak--13,7b16a01c980ae2ac,"m
a",
2,prot-1951--ak--13,cdca04e0bc6ce855,s- s,
3,prot-1951--ak--13,cdca04e0bc6ce855,j- l,
4,prot-1951--ak--13,cdca04e0bc6ce855,m- t,
5,prot-1951--ak--13,cdca04e0bc6ce855,å- g,
6,prot-1951--ak--13,cdca04e0bc6ce855,i- s,
7,prot-1951--ak--13,cdca04e0bc6ce855,i- s,
8,prot-1951--ak--13,cdca04e0bc6ce855,k- s,
9,prot-1951--ak--13,cdca04e0bc6ce855,g- a,
10,prot-1951--ak--13,cdca04e0bc6ce855,n- s,
11,prot-1951--ak--13,cdca04e0bc6ce855,o- m,
12,prot-1951--ak--13,cdca04e0bc6ce855,e- r,
13,prot-1951--ak--13,cdca04e0bc6ce855,a- t,
14,prot-1951--ak--13,cdca04e0bc6ce855,i- g,
15,prot-1951--ak--13,cdca04e0bc6ce855,n- g,
16,prot-1951--ak--13,cdca04e0bc6ce855,o- n,
17,prot-1951--ak--13,cdca04e0bc6ce855,s- s,
18,prot-1951--ak--13,cdca04e0bc6ce855,f- t,
19,prot-1951--ak--13,cdca04e0bc6ce855,r- k,
20,prot-1951--ak--13,cdca04e0bc6ce855,o- n,
21,prot-1951--ak--13,cdca04e0bc6ce855,å- r,
22,prot-1951--ak--13,cdca04e0bc6ce855,l- a,
23,prot-1951--ak--13,cdca04e0bc6ce855,f- m,
24,prot-1951--ak--13,cdca04e0bc6ce855,n- n,
25,prot-1951--ak--13,cdca04e0bc6ce855,n- t,
26,prot-1951--ak--13,cdca04e0bc6ce855,n- d,
27,prot-1951--ak--13,cdca04e0bc6ce855,i- l,
28,prot-1951--ak--13,cdca04e0bc6ce855,o- h,
29,prot-1951--ak--13,cdca04e0bc6ce855,e- g,
30,prot-1951--ak--13,cdca04e0bc6ce855,l- l,
31,prot-1951--ak--13,cdca04e0bc6ce855,a- k,
32,prot-1951--ak--13,cdca04e0bc6ce855,g- g,
33,prot-1951--ak--13,cdca04e0bc6ce855,e- n,
34,prot-1951--ak--13,cdca04e0bc6ce855,e- m,
35,prot-1951--ak--13,cdca04e0bc6ce855,i- e,
36,prot-1951--ak--13,cdca04e0bc6ce855,u- r,
37,prot-1951--ak--13,cdca04e0bc6ce855,e- m,
38,prot-1951--ak--13,cdca04e0bc6ce855,e- t,
39,prot-1951--ak--13,cdca04e0bc6ce855,m- m,
40,prot-1951--ak--13,cdca04e0bc6ce855,v- n,
0,prot-1951--ak--13,7b16a01c980ae2ac,"e
f",
1,prot-1951--ak--13,cdca04e0bc6ce855,m- a,
2,prot-1951--ak--13,cdca04e0bc6ce855,a- r,
3,prot-1951--ak--13,cdca04e0bc6ce855,t- v,
4,prot-1951--ak--13,cdca04e0bc6ce855,k- o,
5,prot-1951--ak--13,cdca04e0bc6ce855,d- r,
6,prot-1951--ak--13,cdca04e0bc6ce855,t- s,
7,prot-1951--ak--13,cdca04e0bc6ce855,n- d,
8,prot-1951--ak--13,cdca04e0bc6ce855,s- o,
9,prot-1951--ak--13,cdca04e0bc6ce855,o- p,
10,prot-1951--ak--13,cdca04e0bc6ce855,n- d,
11,prot-1951--ak--13,cdca04e0bc6ce855,n- s,
12,prot-1951--ak--13,cdca04e0bc6ce855,e- d,
13,prot-1951--ak--13,cdca04e0bc6ce855,o- n,
14,prot-1951--ak--13,cdca04e0bc6ce855,e- r,
15,prot-1951--ak--13,cdca04e0bc6ce855,p- s,
16,prot-1951--ak--13,cdca04e0bc6ce855,s- s,
17,prot-1951--ak--13,cdca04e0bc6ce855,s- s,
18,prot-1951--ak--13,cdca04e0bc6ce855,o- j,
19,prot-1951--ak--13,cdca04e0bc6ce855,i- t,
20,prot-1951--ak--13,cdca04e0bc6ce855,k- l,
21,prot-1951--ak--13,cdca04e0bc6ce855,o- p,
22,prot-1951--ak--13,cdca04e0bc6ce855,u- t,
23,prot-1951--ak--13,cdca04e0bc6ce855,r- v,
24,prot-1951--ak--13,cdca04e0bc6ce855,k- l,
0,prot-1951--ak--13,7b16a01c980ae2ac,"e
f",
1,prot-1951--ak--13,cdca04e0bc6ce855,n- n,
2,prot-1951--ak--13,cdca04e0bc6ce855,e- p,
3,prot-1951--ak--13,cdca04e0bc6ce855,s- k,
4,prot-1951--ak--13,cdca04e0bc6ce855,r- g,
5,prot-1951--ak--13,cdca04e0bc6ce855,o- p,
6,prot-1951--ak--13,cdca04e0bc6ce855,v- r,
7,prot-1951--ak--13,cdca04e0bc6ce855,e- n,
8,prot-1951--ak--13,cdca04e0bc6ce855,å- g,
9,prot-1951--ak--13,cdca04e0bc6ce855,r- d,
10,prot-1951--ak--13,cdca04e0bc6ce855,k- s,
11,prot-1951--ak--13,cdca04e0bc6ce855,a- m,
12,prot-1951--ak--13,cdca04e0bc6ce855,n- n,
13,prot-1951--ak--13,cdca04e0bc6ce855,l- t,
14,prot-1951--ak--13,cdca04e0bc6ce855,ö- r,
15,prot-1951--ak--13,cdca04e0bc6ce855,e- c,
16,prot-1951--ak--13,cdca04e0bc6ce855,l- o,
17,prot-1951--ak--13,cdca04e0bc6ce855,n- s,
18,prot-1951--ak--13,cdca04e0bc6ce855,y- d,
19,prot-1951--ak--13,cdca04e0bc6ce855,t- t,
20,prot-1951--ak--13,cdca04e0bc6ce855,t- t,
21,prot-1951--ak--13,cdca04e0bc6ce855,r- m,
22,prot-1951--ak--13,cdca04e0bc6ce855,e- t,
23,prot-1951--ak--13,cdca04e0bc6ce855,k- t,
24,prot-1951--ak--13,cdca04e0bc6ce855,l- l,
25,prot-1951--ak--13,cdca04e0bc6ce855,l- s,
26,prot-1951--ak--13,cdca04e0bc6ce855,u- v,
27,prot-1951--ak--13,cdca04e0bc6ce855,å- d,
28,prot-1951--ak--13,cdca04e0bc6ce855,r- b,
0,prot-1951--ak--13,7b16a01c980ae2ac,"e
f",
1,prot-1951--ak--13,cdca04e0bc6ce855,a- t,
2,prot-1951--ak--13,cdca04e0bc6ce855,n- d,
3,prot-1951--ak--13,cdca04e0bc6ce855,e- g,
4,prot-1951--ak--13,cdca04e0bc6ce855,r- j,
5,prot-1951--ak--13,cdca04e0bc6ce855,a- r,
6,prot-1951--ak--13,cdca04e0bc6ce855,r- s,
7,prot-1951--ak--13,cdca04e0bc6ce855,e- n,
8,prot-1951--ak--13,cdca04e0bc6ce855,r- m,
9,prot-1951--ak--13,cdca04e0bc6ce855,m- m,
10,prot-1951--ak--13,cdca04e0bc6ce855,m- l,
11,prot-1951--ak--13,cdca04e0bc6ce855,o- b,
12,prot-1951--ak--13,cdca04e0bc6ce855,e- d,
13,prot-1951--ak--13,cdca04e0bc6ce855,a- g,
14,prot-1951--ak--13,cdca04e0bc6ce855,r- n,
15,prot-1951--ak--13,cdca04e0bc6ce855,u- r,
16,prot-1951--ak--13,cdca04e0bc6ce855,m- p,
17,prot-1951--ak--13,cdca04e0bc6ce855,l- n,
18,prot-1951--ak--13,cdca04e0bc6ce855,a- t,
19,prot-1951--ak--13,cdca04e0bc6ce855,r- s,
20,prot-1951--ak--13,cdca04e0bc6ce855,r- g,
21,prot-1951--ak--13,cdca04e0bc6ce855,o- p,
22,prot-1951--ak--13,cdca04e0bc6ce855,o- r,
23,prot-1951--ak--13,cdca04e0bc6ce855,e- b,
24,prot-1951--ak--13,cdca04e0bc6ce855,m- o,
25,prot-1951--ak--13,cdca04e0bc6ce855,r- b,
26,prot-1951--ak--13,cdca04e0bc6ce855,n- s,
27,prot-1951--ak--13,cdca04e0bc6ce855,r- g,
28,prot-1951--ak--13,cdca04e0bc6ce855,i- t,
29,prot-1951--ak--13,cdca04e0bc6ce855,s- t,
0,prot-1951--ak--13,7b16a01c980ae2ac,"e
f",
1,prot-1951--ak--13,cdca04e0bc6ce855,n- n,
2,prot-1951--ak--13,cdca04e0bc6ce855,o- n,
3,prot-1951--ak--13,cdca04e0bc6ce855,i- v,
4,prot-1951--ak--13,cdca04e0bc6ce855,n- d,
5,prot-1951--ak--13,cdca04e0bc6ce855,u- l,
6,prot-1951--ak--13,cdca04e0bc6ce855,m- m,
7,prot-1951--ak--13,cdca04e0bc6ce855,n- s,
8,prot-1951--ak--13,cdca04e0bc6ce855,f- f,
9,prot-1951--ak--13,cdca04e0bc6ce855,r- s,
10,prot-1951--ak--13,cdca04e0bc6ce855,n- s,
11,prot-1951--ak--13,cdca04e0bc6ce855,å- l,
12,prot-1951--ak--13,cdca04e0bc6ce855,i- g,
13,prot-1951--ak--13,cdca04e0bc6ce855,ö- r,
14,prot-1951--ak--13,cdca04e0bc6ce855,r- m,
15,prot-1951--ak--13,cdca04e0bc6ce855,t- p,
16,prot-1951--ak--13,cdca04e0bc6ce855,å- d,
17,prot-1951--ak--13,cdca04e0bc6ce855,s- h,
18,prot-1951--ak--13,cdca04e0bc6ce855,r- g,
19,prot-1951--ak--13,cdca04e0bc6ce855,n- k,
20,prot-1951--ak--13,cdca04e0bc6ce855,a- l,
21,prot-1951--ak--13,cdca04e0bc6ce855,m- o,
22,prot-1951--ak--13,cdca04e0bc6ce855,t- j,
23,prot-1951--ak--13,cdca04e0bc6ce855,s- i,
24,prot-1951--ak--13,cdca04e0bc6ce855,m- m,
25,prot-1951--ak--13,cdca04e0bc6ce855,l- l,
26,prot-1951--ak--13,cdca04e0bc6ce855,a- r,
27,prot-1951--ak--13,cdca04e0bc6ce855,a- r,
28,prot-1951--ak--13,cdca04e0bc6ce855,e- d,
29,prot-1951--ak--13,cdca04e0bc6ce855,å- d,
30,prot-1951--ak--13,cdca04e0bc6ce855,e- t,
0,prot-1951--ak--13,7b16a01c980ae2ac,"e
f",
1,prot-1951--ak--13,7b16a01c980ae2ac,"s
o",
2,prot-1951--ak--13,cdca04e0bc6ce855,i- d,
3,prot-1951--ak--13,cdca04e0bc6ce855,t- s,
4,prot-1951--ak--13,cdca04e0bc6ce855,r- t,
5,prot-1951--ak--13,cdca04e0bc6ce855,a- r,
6,prot-1951--ak--13,cdca04e0bc6ce855,b- l,
7,prot-1951--ak--13,cdca04e0bc6ce855,n- h,
8,prot-1951--ak--13,cdca04e0bc6ce855,n- d,
9,prot-1951--ak--13,cdca04e0bc6ce855,i- d,
10,prot-1951--ak--13,cdca04e0bc6ce855,t- t,
11,prot-1951--ak--13,cdca04e0bc6ce855,i- f,
12,prot-1951--ak--13,cdca04e0bc6ce855,r- n,
13,prot-1951--ak--13,cdca04e0bc6ce855,l- d,
14,prot-1951--ak--13,cdca04e0bc6ce855,n- s,
15,prot-1951--ak--13,cdca04e0bc6ce855,l- l,
16,prot-1951--ak--13,cdca04e0bc6ce855,l- o,
17,prot-1951--ak--13,cdca04e0bc6ce855,e- r,
18,prot-1951--ak--13,cdca04e0bc6ce855,r- a,
19,prot-1951--ak--13,cdca04e0bc6ce855,n- e,
20,prot-1951--ak--13,cdca04e0bc6ce855,e- f,
21,prot-1951--ak--13,cdca04e0bc6ce855,e- f,
22,prot-1951--ak--13,cdca04e0bc6ce855,d- n,
23,prot-1951--ak--13,cdca04e0bc6ce855,t- e,
24,prot-1951--ak--13,cdca04e0bc6ce855,k- l,
25,prot-1951--ak--13,cdca04e0bc6ce855,å- n,
26,prot-1951--ak--13,cdca04e0bc6ce855,o- n,
27,prot-1951--ak--13,cdca04e0bc6ce855,n- d,
28,prot-1951--ak--13,cdca04e0bc6ce855,e- b,
29,prot-1951--ak--13,cdca04e0bc6ce855,n- p,
30,prot-1951--ak--13,cdca04e0bc6ce855,n- s,
31,prot-1951--ak--13,cdca04e0bc6ce855,d- l,
0,prot-1951--ak--13,7b16a01c980ae2ac,"e
f",
1,prot-1951--ak--13,cdca04e0bc6ce855,n- s,
2,prot-1951--ak--13,cdca04e0bc6ce855,a- s,
3,prot-1951--ak--13,cdca04e0bc6ce855,k- t,
4,prot-1951--ak--13,cdca04e0bc6ce855,r- h,
5,prot-1951--ak--13,cdca04e0bc6ce855,r- i,
6,prot-1951--ak--13,cdca04e0bc6ce855,a- r,
7,prot-1951--ak--13,cdca04e0bc6ce855,s- k,
8,prot-1951--ak--13,cdca04e0bc6ce855,k- t,
9,prot-1951--ak--13,cdca04e0bc6ce855,d- l,
10,prot-1951--ak--13,cdca04e0bc6ce855,l- m,
11,prot-1951--ak--13,cdca04e0bc6ce855,o- p,
12,prot-1951--ak--13,cdca04e0bc6ce855,n- m,
13,prot-1951--ak--13,cdca04e0bc6ce855,e- p,
14,prot-1951--ak--13,cdca04e0bc6ce855,å- d,
15,prot-1951--ak--13,cdca04e0bc6ce855,a- r,
16,prot-1951--ak--13,cdca04e0bc6ce855,f- t,
17,prot-1951--ak--13,cdca04e0bc6ce855,p- r,
18,prot-1951--ak--13,cdca04e0bc6ce855,e- t,
19,prot-1951--ak--13,cdca04e0bc6ce855,l- o,
20,prot-1951--ak--13,cdca04e0bc6ce855,l- v,
21,prot-1951--ak--13,cdca04e0bc6ce855,d- b,
22,prot-1951--ak--13,cdca04e0bc6ce855,i- v,
23,prot-1951--ak--13,cdca04e0bc6ce855,o- p,
24,prot-1951--ak--13,cdca04e0bc6ce855,e- d,
25,prot-1951--ak--13,cdca04e0bc6ce855,e- r,
0,prot-1951--ak--13,7b16a01c980ae2ac,"e
f",
1,prot-1951--ak--13,cdca04e0bc6ce855,i- t,
2,prot-1951--ak--13,cdca04e0bc6ce855,n- s,
3,prot-1951--ak--13,cdca04e0bc6ce855,n- t,
4,prot-1951--ak--13,cdca04e0bc6ce855,n- t,
5,prot-1951--ak--13,cdca04e0bc6ce855,d- l,
6,prot-1951--ak--13,cdca04e0bc6ce855,n- d,
7,prot-1951--ak--13,cdca04e0bc6ce855,a- r,
8,prot-1951--ak--13,cdca04e0bc6ce855,i- g,
9,prot-1951--ak--13,cdca04e0bc6ce855,m- b,
10,prot-1951--ak--13,cdca04e0bc6ce855,m- n,
11,prot-1951--ak--13,cdca04e0bc6ce855,n- h,
12,prot-1951--ak--13,cdca04e0bc6ce855,r- s,
13,prot-1951--ak--13,cdca04e0bc6ce855,a- g,
14,prot-1951--ak--13,cdca04e0bc6ce855,p- m,
15,prot-1951--ak--13,cdca04e0bc6ce855,o- m,
16,prot-1951--ak--13,cdca04e0bc6ce855,r- g,
17,prot-1951--ak--13,cdca04e0bc6ce855,n- t,
18,prot-1951--ak--13,cdca04e0bc6ce855,i- s,
19,prot-1951--ak--13,cdca04e0bc6ce855,i- s,
20,prot-1951--ak--13,cdca04e0bc6ce855,e- m,
21,prot-1951--ak--13,cdca04e0bc6ce855,t- s,
22,prot-1951--ak--13,cdca04e0bc6ce855,o- p,
23,prot-1951--ak--13,cdca04e0bc6ce855,o- n,
24,prot-1951--ak--13,cdca04e0bc6ce855,e- n,
25,prot-1951--ak--13,cdca04e0bc6ce855,n- k,
26,prot-1951--ak--13,cdca04e0bc6ce855,l- o,
27,prot-1951--ak--13,cdca04e0bc6ce855,t- n,
28,prot-1951--ak--13,cdca04e0bc6ce855,f- t,
29,prot-1951--ak--13,cdca04e0bc6ce855,i- c,
30,prot-1951--ak--13,cdca04e0bc6ce855,s- t,
31,prot-1951--ak--13,cdca04e0bc6ce855,a- r,
32,prot-1951--ak--13,cdca04e0bc6ce855,m- m,
33,prot-1951--ak--13,cdca04e0bc6ce855,a- r,
34,prot-1951--ak--13,cdca04e0bc6ce855,r- t,
35,prot-1951--ak--13,cdca04e0bc6ce855,n- l,
0,prot-1951--ak--13,7b16a01c980ae2ac,"e
f",
1,prot-1951--ak--13,7b16a01c980ae2ac,"å
e",
2,prot-1951--ak--13,cdca04e0bc6ce855,n- d,
3,prot-1951--ak--13,cdca04e0bc6ce855,l- m,
4,prot-1951--ak--13,cdca04e0bc6ce855,t- s,
5,prot-1951--ak--13,cdca04e0bc6ce855,e- f,
6,prot-1951--ak--13,cdca04e0bc6ce855,l- v,
7,prot-1951--ak--13,cdca04e0bc6ce855,k- h,
8,prot-1951--ak--13,cdca04e0bc6ce855,r- b,
9,prot-1951--ak--13,cdca04e0bc6ce855,r- n,
10,prot-1951--ak--13,cdca04e0bc6ce855,n- d,
11,prot-1951--ak--13,cdca04e0bc6ce855,r- s,
12,prot-1951--ak--13,cdca04e0bc6ce855,l- m,
13,prot-1951--ak--13,cdca04e0bc6ce855,e- f,
14,prot-1951--ak--13,cdca04e0bc6ce855,e- m,
15,prot-1951--ak--13,cdca04e0bc6ce855,e- m,
16,prot-1951--ak--13,cdca04e0bc6ce855,d- d,
17,prot-1951--ak--13,cdca04e0bc6ce855,o- p,
18,prot-1951--ak--13,cdca04e0bc6ce855,e- g,
19,prot-1951--ak--13,cdca04e0bc6ce855,m- l,
20,prot-1951--ak--13,cdca04e0bc6ce855,n- n,
21,prot-1951--ak--13,cdca04e0bc6ce855,o- p,
22,prot-1951--ak--13,cdca04e0bc6ce855,n- k,
23,prot-1951--ak--13,cdca04e0bc6ce855,g- h,
24,prot-1951--ak--13,cdca04e0bc6ce855,s- t,
25,prot-1951--ak--13,cdca04e0bc6ce855,e- d,
26,prot-1951--ak--13,cdca04e0bc6ce855,i- s,
27,prot-1951--ak--13,cdca04e0bc6ce855,k- t,
28,prot-1951--ak--13,cdca04e0bc6ce855,r- a,
0,prot-1951--ak--13,7b16a01c980ae2ac,"e
f",
1,prot-1951--ak--13,7b16a01c980ae2ac,",
i",
2,prot-1951--ak--13,cdca04e0bc6ce855,g- g,
3,prot-1951--ak--13,cdca04e0bc6ce855,r- t,
4,prot-1951--ak--13,cdca04e0bc6ce855,t- t,
5,prot-1951--ak--13,cdca04e0bc6ce855,a- t,
6,prot-1951--ak--13,cdca04e0bc6ce855,r- s,
7,prot-1951--ak--13,cdca04e0bc6ce855,p- m,
8,prot-1951--ak--13,cdca04e0bc6ce855,v- s,
9,prot-1951--ak--13,cdca04e0bc6ce855,t- i,
10,prot-1951--ak--13,cdca04e0bc6ce855,n- t,
11,prot-1951--ak--13,cdca04e0bc6ce855,m- p,
12,prot-1951--ak--13,cdca04e0bc6ce855,r- m,
13,prot-1951--ak--13,cdca04e0bc6ce855,s- p,
14,prot-1951--ak--13,cdca04e0bc6ce855,o- p,
15,prot-1951--ak--13,cdca04e0bc6ce855,t- s,
16,prot-1951--ak--13,cdca04e0bc6ce855,t- l,
17,prot-1951--ak--13,cdca04e0bc6ce855,s- d,
18,prot-1951--ak--13,cdca04e0bc6ce855,e- t,
19,prot-1951--ak--13,cdca04e0bc6ce855,d- r,
20,prot-1951--ak--13,cdca04e0bc6ce855,n- d,
21,prot-1951--ak--13,cdca04e0bc6ce855,o- l,
22,prot-1951--ak--13,cdca04e0bc6ce855,o- p,
23,prot-1951--ak--13,cdca04e0bc6ce855,l- g,
24,prot-1951--ak--13,cdca04e0bc6ce855,r- s,
25,prot-1951--ak--13,cdca04e0bc6ce855,o- n,
26,prot-1951--ak--13,cdca04e0bc6ce855,n- d,
27,prot-1951--ak--13,cdca04e0bc6ce855,e- m,
28,prot-1951--ak--13,cdca04e0bc6ce855,a- t,
29,prot-1951--ak--13,cdca04e0bc6ce855,m- s,
30,prot-1951--ak--13,cdca04e0bc6ce855,n- i,
31,prot-1951--ak--13,cdca04e0bc6ce855,e- h,
0,prot-1951--ak--13,7b16a01c980ae2ac,"e
f",
1,prot-1951--ak--13,7b16a01c980ae2ac,"p
o",
2,prot-1951--ak--13,cdca04e0bc6ce855,n- n,
3,prot-1951--ak--13,cdca04e0bc6ce855,a- r,
4,prot-1951--ak--13,cdca04e0bc6ce855,d- j,
5,prot-1951--ak--13,cdca04e0bc6ce855,m- m,
6,prot-1951--ak--13,cdca04e0bc6ce855,s- k,
7,prot-1951--ak--13,cdca04e0bc6ce855,l- l,
8,prot-1951--ak--13,cdca04e0bc6ce855,n- t,
9,prot-1951--ak--13,cdca04e0bc6ce855,n- s,
10,prot-1951--ak--13,cdca04e0bc6ce855,y- l,
11,prot-1951--ak--13,cdca04e0bc6ce855,f- t,
12,prot-1951--ak--13,cdca04e0bc6ce855,e- t,
13,prot-1951--ak--13,cdca04e0bc6ce855,a- r,
14,prot-1951--ak--13,cdca04e0bc6ce855,e- r,
15,prot-1951--ak--13,cdca04e0bc6ce855,s- t,
16,prot-1951--ak--13,cdca04e0bc6ce855,n- d,
17,prot-1951--ak--13,cdca04e0bc6ce855,n- s,
18,prot-1951--ak--13,cdca04e0bc6ce855,m- p,
19,prot-1951--ak--13,cdca04e0bc6ce855,r- t,
20,prot-1951--ak--13,cdca04e0bc6ce855,n- t,
21,prot-1951--ak--13,cdca04e0bc6ce855,n- k,
22,prot-1951--ak--13,cdca04e0bc6ce855,i- s,
23,prot-1951--ak--13,cdca04e0bc6ce855,n- k,
24,prot-1951--ak--13,cdca04e0bc6ce855,l- g,
25,prot-1951--ak--13,cdca04e0bc6ce855,n- s,
26,prot-1951--ak--13,cdca04e0bc6ce855,r- l,
27,prot-1951--ak--13,cdca04e0bc6ce855,k- l,
28,prot-1951--ak--13,cdca04e0bc6ce855,o- b,
0,prot-1951--ak--13,7b16a01c980ae2ac,"e
f",
1,prot-1951--ak--13,7b16a01c980ae2ac,"v
d",
2,prot-1951--ak--13,cdca04e0bc6ce855,n- n,
3,prot-1951--ak--13,cdca04e0bc6ce855,i- t,
4,prot-1951--ak--13,cdca04e0bc6ce855,m- a,
5,prot-1951--ak--13,cdca04e0bc6ce855,r- b,
6,prot-1951--ak--13,cdca04e0bc6ce855,s- s,
7,prot-1951--ak--13,cdca04e0bc6ce855,e- r,
8,prot-1951--ak--13,cdca04e0bc6ce855,v- f,
9,prot-1951--ak--13,cdca04e0bc6ce855,p- g,
10,prot-1951--ak--13,cdca04e0bc6ce855,n- h,
11,prot-1951--ak--13,cdca04e0bc6ce855,a- t,
12,prot-1951--ak--13,cdca04e0bc6ce855,r- b,
13,prot-1951--ak--13,cdca04e0bc6ce855,t- r,
14,prot-1951--ak--13,cdca04e0bc6ce855,l- k,
15,prot-1951--ak--13,cdca04e0bc6ce855,m- m,
16,prot-1951--ak--13,cdca04e0bc6ce855,a- g,
17,prot-1951--ak--13,cdca04e0bc6ce855,g- e,
18,prot-1951--ak--13,cdca04e0bc6ce855,a- t,
19,prot-1951--ak--13,cdca04e0bc6ce855,r- s,
20,prot-1951--ak--13,cdca04e0bc6ce855,l- l,
21,prot-1951--ak--13,cdca04e0bc6ce855,a- t,
22,prot-1951--ak--13,cdca04e0bc6ce855,å- d,
23,prot-1951--ak--13,cdca04e0bc6ce855,i- n,
24,prot-1951--ak--13,cdca04e0bc6ce855,o- n,
25,prot-1951--ak--13,cdca04e0bc6ce855,n- t,
0,prot-1951--ak--13,7b16a01c980ae2ac,"e
f",
1,prot-1951--ak--13,7b16a01c980ae2ac,"d
m",
2,prot-1951--ak--13,7b16a01c980ae2ac,"t
s",
3,prot-1951--ak--13,7b16a01c980ae2ac,"m
m",
4,prot-1951--ak--13,cdca04e0bc6ce855,l- l,
5,prot-1951--ak--13,cdca04e0bc6ce855,s- s,
6,prot-1951--ak--13,cdca04e0bc6ce855,s- s,
7,prot-1951--ak--13,cdca04e0bc6ce855,ä- k,
8,prot-1951--ak--13,cdca04e0bc6ce855,s- k,
9,prot-1951--ak--13,cdca04e0bc6ce855,i- s,
10,prot-1951--ak--13,cdca04e0bc6ce855,o- p,
11,prot-1951--ak--13,cdca04e0bc6ce855,n- f,
12,prot-1951--ak--13,cdca04e0bc6ce855,r- b,
13,prot-1951--ak--13,cdca04e0bc6ce855,a- r,
14,prot-1951--ak--13,cdca04e0bc6ce855,a- t,
15,prot-1951--ak--13,cdca04e0bc6ce855,r- f,
16,prot-1951--ak--13,cdca04e0bc6ce855,e- k,
17,prot-1951--ak--13,cdca04e0bc6ce855,s- t,
18,prot-1951--ak--13,cdca04e0bc6ce855,m- l,
19,prot-1951--ak--13,cdca04e0bc6ce855,a- r,
20,prot-1951--ak--13,cdca04e0bc6ce855,t- t,
21,prot-1951--ak--13,cdca04e0bc6ce855,e- r,
22,prot-1951--ak--13,cdca04e0bc6ce855,r- k,
23,prot-1951--ak--13,cdca04e0bc6ce855,r- s,
24,prot-1951--ak--13,cdca04e0bc6ce855,o- n,
25,prot-1951--ak--13,cdca04e0bc6ce855,k- t,
26,prot-1951--ak--13,cdca04e0bc6ce855,c- k,
27,prot-1951--ak--13,cdca04e0bc6ce855,n- t,
28,prot-1951--ak--13,cdca04e0bc6ce855,r- b,
29,prot-1951--ak--13,cdca04e0bc6ce855,c- k,
30,prot-1951--ak--13,cdca04e0bc6ce855,r- m,
31,prot-1951--ak--13,cdca04e0bc6ce855,o- n,
32,prot-1951--ak--13,cdca04e0bc6ce855,e- d,
0,prot-1951--ak--13,7b16a01c980ae2ac,"e
f",
1,prot-1951--ak--13,cdca04e0bc6ce855,l- s,
2,prot-1951--ak--13,cdca04e0bc6ce855,s- s,
3,prot-1951--ak--13,cdca04e0bc6ce855,r- s,
4,prot-1951--ak--13,cdca04e0bc6ce855,k- t,
5,prot-1951--ak--13,cdca04e0bc6ce855,r- o,
6,prot-1951--ak--13,cdca04e0bc6ce855,l- o,
7,prot-1951--ak--13,cdca04e0bc6ce855,m- n,
8,prot-1951--ak--13,cdca04e0bc6ce855,o- n,
9,prot-1951--ak--13,cdca04e0bc6ce855,e- t,
10,prot-1951--ak--13,cdca04e0bc6ce855,t- n,
11,prot-1951--ak--13,cdca04e0bc6ce855,å- d,
12,prot-1951--ak--13,cdca04e0bc6ce855,l- l,
13,prot-1951--ak--13,cdca04e0bc6ce855,o- p,
14,prot-1951--ak--13,cdca04e0bc6ce855,a- g,
15,prot-1951--ak--13,cdca04e0bc6ce855,n- l,
16,prot-1951--ak--13,cdca04e0bc6ce855,k- s,
17,prot-1951--ak--13,cdca04e0bc6ce855,m- m,
18,prot-1951--ak--13,cdca04e0bc6ce855,å- d,
19,prot-1951--ak--13,cdca04e0bc6ce855,o- r,
20,prot-1951--ak--13,cdca04e0bc6ce855,m- m,
21,prot-1951--ak--13,cdca04e0bc6ce855,k- t,
22,prot-1951--ak--13,cdca04e0bc6ce855,a- r,
23,prot-1951--ak--13,cdca04e0bc6ce855,r- m,
24,prot-1951--ak--13,cdca04e0bc6ce855,d- k,
25,prot-1951--ak--13,cdca04e0bc6ce855,k- s,
26,prot-1951--ak--13,cdca04e0bc6ce855,e- g,
27,prot-1951--ak--13,cdca04e0bc6ce855,n- d,
28,prot-1951--ak--13,cdca04e0bc6ce855,ä- d,
29,prot-1951--ak--13,cdca04e0bc6ce855,p- p,
30,prot-1951--ak--13,cdca04e0bc6ce855,n- t,
31,prot-1951--ak--13,cdca04e0bc6ce855,f- t,
32,prot-1951--ak--13,cdca04e0bc6ce855,n- d,
33,prot-1951--ak--13,cdca04e0bc6ce855,n- d,
34,prot-1951--ak--13,cdca04e0bc6ce855,s- m,
35,prot-1951--ak--13,cdca04e0bc6ce855,o- h,
36,prot-1951--ak--13,cdca04e0bc6ce855,t- n,
0,prot-1951--ak--13,7b16a01c980ae2ac,"e
f",
1,prot-1951--ak--13,7b16a01c980ae2ac,"o
ö",
2,prot-1951--ak--13,cdca04e0bc6ce855,å- g,
3,prot-1951--ak--13,cdca04e0bc6ce855,r- s,
4,prot-1951--ak--13,cdca04e0bc6ce855,n- d,
5,prot-1951--ak--13,cdca04e0bc6ce855,k- s,
6,prot-1951--ak--13,cdca04e0bc6ce855,s- p,
7,prot-1951--ak--13,cdca04e0bc6ce855,n- s,
8,prot-1951--ak--13,cdca04e0bc6ce855,l- i,
9,prot-1951--ak--13,cdca04e0bc6ce855,n- h,
10,prot-1951--ak--13,cdca04e0bc6ce855,s- k,
11,prot-1951--ak--13,cdca04e0bc6ce855,e- h,
12,prot-1951--ak--13,cdca04e0bc6ce855,t- t,
13,prot-1951--ak--13,cdca04e0bc6ce855,r- l,
14,prot-1951--ak--13,cdca04e0bc6ce855,a- t,
15,prot-1951--ak--13,cdca04e0bc6ce855,m- p,
16,prot-1951--ak--13,cdca04e0bc6ce855,t- g,
17,prot-1951--ak--13,cdca04e0bc6ce855,a- t,
18,prot-1951--ak--13,cdca04e0bc6ce855,e- r,
19,prot-1951--ak--13,cdca04e0bc6ce855,r- k,
20,prot-1951--ak--13,cdca04e0bc6ce855,e- t,
21,prot-1951--ak--13,cdca04e0bc6ce855,b- b,
22,prot-1951--ak--13,cdca04e0bc6ce855,e- r,
23,prot-1951--ak--13,cdca04e0bc6ce855,e- s,
24,prot-1951--ak--13,cdca04e0bc6ce855,l- l,
25,prot-1951--ak--13,cdca04e0bc6ce855,u- t,
26,prot-1951--ak--13,cdca04e0bc6ce855,i- e,
27,prot-1951--ak--13,cdca04e0bc6ce855,n- h,
28,prot-1951--ak--13,cdca04e0bc6ce855,l- l,
29,prot-1951--ak--13,cdca04e0bc6ce855,e- l,
30,prot-1951--ak--13,cdca04e0bc6ce855,s- b,
31,prot-1951--ak--13,cdca04e0bc6ce855,o- p,
32,prot-1951--ak--13,cdca04e0bc6ce855,t- l,
33,prot-1951--ak--13,cdca04e0bc6ce855,l- t,
34,prot-1951--ak--13,cdca04e0bc6ce855,e- n,
35,prot-1951--ak--13,cdca04e0bc6ce855,u- r,
36,prot-1951--ak--13,cdca04e0bc6ce855,d- r,
37,prot-1951--ak--13,cdca04e0bc6ce855,m- m,
0,prot-1951--ak--13,7b16a01c980ae2ac,"e
f",
1,prot-1951--ak--13,7b16a01c980ae2ac,"s
o",
2,prot-1951--ak--13,cdca04e0bc6ce855,r- k,
3,prot-1951--ak--13,cdca04e0bc6ce855,a- t,
4,prot-1951--ak--13,cdca04e0bc6ce855,i- k,
5,prot-1951--ak--13,cdca04e0bc6ce855,a- r,
6,prot-1951--ak--13,cdca04e0bc6ce855,f- t,
7,prot-1951--ak--13,cdca04e0bc6ce855,ä- g,
8,prot-1951--ak--13,cdca04e0bc6ce855,l- t,
9,prot-1951--ak--13,cdca04e0bc6ce855,o- p,
10,prot-1951--ak--13,cdca04e0bc6ce855,g- a,
11,prot-1951--ak--13,cdca04e0bc6ce855,e- g,
12,prot-1951--ak--13,cdca04e0bc6ce855,n- v,
13,prot-1951--ak--13,cdca04e0bc6ce855,l- l,
14,prot-1951--ak--13,cdca04e0bc6ce855,l- l,
15,prot-1951--ak--13,cdca04e0bc6ce855,r- t,
16,prot-1951--ak--13,cdca04e0bc6ce855,d- l,
17,prot-1951--ak--13,cdca04e0bc6ce855,n- h,
18,prot-1951--ak--13,cdca04e0bc6ce855,m- m,
19,prot-1951--ak--13,cdca04e0bc6ce855,a- r,
20,prot-1951--ak--13,cdca04e0bc6ce855,i- f,
21,prot-1951--ak--13,cdca04e0bc6ce855,e- g,
22,prot-1951--ak--13,cdca04e0bc6ce855,e- g,
23,prot-1951--ak--13,cdca04e0bc6ce855,e- n,
0,prot-1951--ak--13,7b16a01c980ae2ac,"e
f",
1,prot-1951--ak--13,7b16a01c980ae2ac,"å
s",
2,prot-1951--ak--13,cdca04e0bc6ce855,m- m,
3,prot-1951--ak--13,cdca04e0bc6ce855,e- r,
4,prot-1951--ak--13,cdca04e0bc6ce855,g- l,
5,prot-1951--ak--13,cdca04e0bc6ce855,r- t,
6,prot-1951--ak--13,cdca04e0bc6ce855,b- b,
7,prot-1951--ak--13,cdca04e0bc6ce855,å- l,
8,prot-1951--ak--13,cdca04e0bc6ce855,a- r,
9,prot-1951--ak--13,cdca04e0bc6ce855,i- v,
10,prot-1951--ak--13,cdca04e0bc6ce855,a- t,
11,prot-1951--ak--13,cdca04e0bc6ce855,r- l,
12,prot-1951--ak--13,cdca04e0bc6ce855,b- b,
13,prot-1951--ak--13,cdca04e0bc6ce855,c- k,
14,prot-1951--ak--13,cdca04e0bc6ce855,f- f,
15,prot-1951--ak--13,cdca04e0bc6ce855,ä- g,
16,prot-1951--ak--13,cdca04e0bc6ce855,e- g,
17,prot-1951--ak--13,cdca04e0bc6ce855,r- s,
18,prot-1951--ak--13,cdca04e0bc6ce855,a- t,
19,prot-1951--ak--13,cdca04e0bc6ce855,r- d,
20,prot-1951--ak--13,cdca04e0bc6ce855,e- s,
21,prot-1951--ak--13,cdca04e0bc6ce855,e- r,
0,prot-1951--ak--13,7b16a01c980ae2ac,"e
f",
1,prot-1951--ak--13,7b16a01c980ae2ac,"n
i",
2,prot-1951--ak--13,cdca04e0bc6ce855,r- s,
3,prot-1951--ak--13,cdca04e0bc6ce855,s- f,
4,prot-1951--ak--13,cdca04e0bc6ce855,i- t,
5,prot-1951--ak--13,cdca04e0bc6ce855,t- t,
6,prot-1951--ak--13,cdca04e0bc6ce855,e- c,
7,prot-1951--ak--13,cdca04e0bc6ce855,m- m,
8,prot-1951--ak--13,cdca04e0bc6ce855,å- p,
9,prot-1951--ak--13,cdca04e0bc6ce855,n- d,
10,prot-1951--ak--13,cdca04e0bc6ce855,s- m,
11,prot-1951--ak--13,cdca04e0bc6ce855,m- l,
12,prot-1951--ak--13,cdca04e0bc6ce855,s- t,
13,prot-1951--ak--13,cdca04e0bc6ce855,o- l,
14,prot-1951--ak--13,cdca04e0bc6ce855,e- p,
15,prot-1951--ak--13,cdca04e0bc6ce855,o- m,
16,prot-1951--ak--13,cdca04e0bc6ce855,s- t,
17,prot-1951--ak--13,cdca04e0bc6ce855,r- s,
18,prot-1951--ak--13,cdca04e0bc6ce855,n- h,
19,prot-1951--ak--13,cdca04e0bc6ce855,n- s,
20,prot-1951--ak--13,cdca04e0bc6ce855,d- b,
21,prot-1951--ak--13,cdca04e0bc6ce855,e- p,
0,prot-1951--ak--13,7b16a01c980ae2ac,"e
f",
1,prot-1951--ak--13,cdca04e0bc6ce855,c- k,
2,prot-1951--ak--13,cdca04e0bc6ce855,e- r,
3,prot-1951--ak--13,cdca04e0bc6ce855,x- c,
4,prot-1951--ak--13,cdca04e0bc6ce855,l- v,
5,prot-1951--ak--13,cdca04e0bc6ce855,n- t,
6,prot-1951--ak--13,cdca04e0bc6ce855,l- t,
7,prot-1951--ak--13,cdca04e0bc6ce855,p- r,
8,prot-1951--ak--13,cdca04e0bc6ce855,ä- g,
9,prot-1951--ak--13,cdca04e0bc6ce855,d- b,
10,prot-1951--ak--13,cdca04e0bc6ce855,x- c,
11,prot-1951--ak--13,cdca04e0bc6ce855,l- s,
12,prot-1951--ak--13,cdca04e0bc6ce855,ö- r,
13,prot-1951--ak--13,cdca04e0bc6ce855,n- m,
14,prot-1951--ak--13,cdca04e0bc6ce855,e- s,
15,prot-1951--ak--13,cdca04e0bc6ce855,j- l,
16,prot-1951--ak--13,cdca04e0bc6ce855,e- t,
17,prot-1951--ak--13,cdca04e0bc6ce855,e- n,
18,prot-1951--ak--13,cdca04e0bc6ce855,e- d,
19,prot-1951--ak--13,cdca04e0bc6ce855,e- g,
20,prot-1951--ak--13,cdca04e0bc6ce855,r- i,
21,prot-1951--ak--13,cdca04e0bc6ce855,o- m,
22,prot-1951--ak--13,cdca04e0bc6ce855,s- s,
23,prot-1951--ak--13,cdca04e0bc6ce855,n- s,
24,prot-1951--ak--13,cdca04e0bc6ce855,n- n,
25,prot-1951--ak--13,cdca04e0bc6ce855,u- l,
26,prot-1951--ak--13,cdca04e0bc6ce855,t- n,
27,prot-1951--ak--13,cdca04e0bc6ce855,r- m,
28,prot-1951--ak--13,cdca04e0bc6ce855,m- m,
0,prot-1951--ak--13,7b16a01c980ae2ac,"e
f",
1,prot-1951--ak--13,cdca04e0bc6ce855,r- k,
2,prot-1951--ak--13,cdca04e0bc6ce855,å- d,
3,prot-1951--ak--13,cdca04e0bc6ce855,e- b,
4,prot-1951--ak--13,cdca04e0bc6ce855,m- t,
5,prot-1951--ak--13,cdca04e0bc6ce855,r- g,
6,prot-1951--ak--13,cdca04e0bc6ce855,a- n,
7,prot-1951--ak--13,cdca04e0bc6ce855,r- l,
8,prot-1951--ak--13,cdca04e0bc6ce855,t- s,
9,prot-1951--ak--13,cdca04e0bc6ce855,n- r,
10,prot-1951--ak--13,cdca04e0bc6ce855,e- r,
11,prot-1951--ak--13,cdca04e0bc6ce855,j- l,
12,prot-1951--ak--13,cdca04e0bc6ce855,e- s,
13,prot-1951--ak--13,cdca04e0bc6ce855,o- p,
14,prot-1951--ak--13,cdca04e0bc6ce855,l- t,
15,prot-1951--ak--13,cdca04e0bc6ce855,i- t,
16,prot-1951--ak--13,cdca04e0bc6ce855,u- t,
17,prot-1951--ak--13,cdca04e0bc6ce855,e- t,
18,prot-1951--ak--13,cdca04e0bc6ce855,t- b,
19,prot-1951--ak--13,cdca04e0bc6ce855,i- s,
20,prot-1951--ak--13,cdca04e0bc6ce855,o- s,
21,prot-1951--ak--13,cdca04e0bc6ce855,o- p,
0,prot-1951--ak--13,cdca04e0bc6ce855,e- n,
1,prot-1951--ak--13,cdca04e0bc6ce855,n- d,
2,prot-1951--ak--13,cdca04e0bc6ce855,t- r,
3,prot-1951--ak--13,cdca04e0bc6ce855,i- g,
4,prot-1951--ak--13,cdca04e0bc6ce855,ö- r,
5,prot-1951--ak--13,cdca04e0bc6ce855,l- h,
6,prot-1951--ak--13,cdca04e0bc6ce855,m- t,
7,prot-1951--ak--13,cdca04e0bc6ce855,a- t,
8,prot-1951--ak--13,cdca04e0bc6ce855,a- r,
9,prot-1951--ak--13,cdca04e0bc6ce855,e- n,
10,prot-1951--ak--13,cdca04e0bc6ce855,k- t,
11,prot-1951--ak--13,cdca04e0bc6ce855,m- l,
12,prot-1951--ak--13,cdca04e0bc6ce855,e- l,
13,prot-1951--ak--13,cdca04e0bc6ce855,n- n,
14,prot-1951--ak--13,cdca04e0bc6ce855,a- l,
15,prot-1951--ak--13,cdca04e0bc6ce855,r- n,
16,prot-1951--ak--13,cdca04e0bc6ce855,m- t,
17,prot-1951--ak--13,cdca04e0bc6ce855,t- t,
18,prot-1951--ak--13,cdca04e0bc6ce855,c- k,
19,prot-1951--ak--13,cdca04e0bc6ce855,o- l,
20,prot-1951--ak--13,cdca04e0bc6ce855,s- k,
21,prot-1951--ak--13,cdca04e0bc6ce855,p- p,
22,prot-1951--ak--13,cdca04e0bc6ce855,o- n,
23,prot-1951--ak--13,cdca04e0bc6ce855,d- r,
24,prot-1951--ak--13,cdca04e0bc6ce855,o- n,
25,prot-1951--ak--13,cdca04e0bc6ce855,m- s,
26,prot-1951--ak--13,cdca04e0bc6ce855,f- f,
27,prot-1951--ak--13,cdca04e0bc6ce855,r- l,
28,prot-1951--ak--13,cdca04e0bc6ce855,s- s,
29,prot-1951--ak--13,cdca04e0bc6ce855,a- r,
30,prot-1951--ak--13,cdca04e0bc6ce855,a- v,
31,prot-1951--ak--13,cdca04e0bc6ce855,p- g,
32,prot-1951--ak--13,cdca04e0bc6ce855,l- k,
33,prot-1951--ak--13,cdca04e0bc6ce855,m- a,
34,prot-1951--ak--13,cdca04e0bc6ce855,g- g,
35,prot-1951--ak--13,cdca04e0bc6ce855,k- n,
0,prot-1951--ak--13,cdca04e0bc6ce855,r- l,
1,prot-1951--ak--13,cdca04e0bc6ce855,i- e,
2,prot-1951--ak--13,cdca04e0bc6ce855,a- t,
3,prot-1951--ak--13,cdca04e0bc6ce855,a- l,
4,prot-1951--ak--13,cdca04e0bc6ce855,s- o,
5,prot-1951--ak--13,cdca04e0bc6ce855,i- t,
6,prot-1951--ak--13,cdca04e0bc6ce855,g- h,
7,prot-1951--ak--13,cdca04e0bc6ce855,l- k,
8,prot-1951--ak--13,cdca04e0bc6ce855,n- t,
9,prot-1951--ak--13,cdca04e0bc6ce855,n- n,
10,prot-1951--ak--13,cdca04e0bc6ce855,t- r,
11,prot-1951--ak--13,cdca04e0bc6ce855,d- l,
12,prot-1951--ak--13,cdca04e0bc6ce855,r- l,
13,prot-1951--ak--13,cdca04e0bc6ce855,e- r,
14,prot-1951--ak--13,cdca04e0bc6ce855,r- b,
15,prot-1951--ak--13,cdca04e0bc6ce855,e- n,
16,prot-1951--ak--13,cdca04e0bc6ce855,o- n,
17,prot-1951--ak--13,cdca04e0bc6ce855,i- d,
18,prot-1951--ak--13,cdca04e0bc6ce855,r- g,
19,prot-1951--ak--13,cdca04e0bc6ce855,m- r,
20,prot-1951--ak--13,cdca04e0bc6ce855,m- m,
21,prot-1951--ak--13,cdca04e0bc6ce855,t- t,
22,prot-1951--ak--13,cdca04e0bc6ce855,n- t,
23,prot-1951--ak--13,cdca04e0bc6ce855,n- n,
24,prot-1951--ak--13,cdca04e0bc6ce855,i- t,
25,prot-1951--ak--13,cdca04e0bc6ce855,n- s,
26,prot-1951--ak--13,cdca04e0bc6ce855,m- s,
27,prot-1951--ak--13,cdca04e0bc6ce855,s- v,
28,prot-1951--ak--13,cdca04e0bc6ce855,l- n,
29,prot-1951--ak--13,cdca04e0bc6ce855,u- v,
30,prot-1951--ak--13,cdca04e0bc6ce855,n- r,
31,prot-1951--ak--13,cdca04e0bc6ce855,å- d,
0,prot-1951--ak--13,cdca04e0bc6ce855,l- l,
1,prot-1951--ak--13,cdca04e0bc6ce855,s- b,
2,prot-1951--ak--13,cdca04e0bc6ce855,o- s,
3,prot-1951--ak--13,cdca04e0bc6ce855,o- s,
4,prot-1951--ak--13,cdca04e0bc6ce855,g- d,
5,prot-1951--ak--13,cdca04e0bc6ce855,e- v,
6,prot-1951--ak--13,cdca04e0bc6ce855,e- h,
7,prot-1951--ak--13,cdca04e0bc6ce855,o- t,
8,prot-1951--ak--13,cdca04e0bc6ce855,r- n,
9,prot-1951--ak--13,cdca04e0bc6ce855,e- s,
10,prot-1951--ak--13,cdca04e0bc6ce855,s- d,
11,prot-1951--ak--13,cdca04e0bc6ce855,l- s,
12,prot-1951--ak--13,cdca04e0bc6ce855,e- l,
13,prot-1951--ak--13,cdca04e0bc6ce855,r- d,
14,prot-1951--ak--13,cdca04e0bc6ce855,o- s,
15,prot-1951--ak--13,cdca04e0bc6ce855,g- d,
16,prot-1951--ak--13,cdca04e0bc6ce855,n- d,
17,prot-1951--ak--13,cdca04e0bc6ce855,t- s,
18,prot-1951--ak--13,cdca04e0bc6ce855,a- d,
19,prot-1951--ak--13,cdca04e0bc6ce855,m- m,
20,prot-1951--ak--13,cdca04e0bc6ce855,l- t,
21,prot-1951--ak--13,cdca04e0bc6ce855,r- n,
22,prot-1951--ak--13,cdca04e0bc6ce855,r- s,
23,prot-1951--ak--13,cdca04e0bc6ce855,ö- r,
24,prot-1951--ak--13,cdca04e0bc6ce855,t- t,
25,prot-1951--ak--13,cdca04e0bc6ce855,l- l,
26,prot-1951--ak--13,cdca04e0bc6ce855,l- l,
27,prot-1951--ak--13,cdca04e0bc6ce855,m- m,
28,prot-1951--ak--13,cdca04e0bc6ce855,r- s,
29,prot-1951--ak--13,cdca04e0bc6ce855,n- n,
30,prot-1951--ak--13,cdca04e0bc6ce855,r- e,
31,prot-1951--ak--13,cdca04e0bc6ce855,n- s,
32,prot-1951--ak--13,cdca04e0bc6ce855,n- d,
0,prot-1951--ak--13,7b16a01c980ae2ac,"n
s",
1,prot-1951--ak--13,cdca04e0bc6ce855,a- v,
2,prot-1951--ak--13,cdca04e0bc6ce855,e- p,
3,prot-1951--ak--13,cdca04e0bc6ce855,d- k,
4,prot-1951--ak--13,cdca04e0bc6ce855,l- l,
5,prot-1951--ak--13,cdca04e0bc6ce855,a- g,
6,prot-1951--ak--13,cdca04e0bc6ce855,n- d,
7,prot-1951--ak--13,cdca04e0bc6ce855,t- r,
8,prot-1951--ak--13,cdca04e0bc6ce855,i- n,
9,prot-1951--ak--13,cdca04e0bc6ce855,n- s,
10,prot-1951--ak--13,cdca04e0bc6ce855,l- s,
11,prot-1951--ak--13,cdca04e0bc6ce855,n- s,
12,prot-1951--ak--13,cdca04e0bc6ce855,m- g,
13,prot-1951--ak--13,cdca04e0bc6ce855,l- t,
14,prot-1951--ak--13,cdca04e0bc6ce855,m- m,
15,prot-1951--ak--13,cdca04e0bc6ce855,e- r,
16,prot-1951--ak--13,cdca04e0bc6ce855,u- n,
17,prot-1951--ak--13,cdca04e0bc6ce855,e- s,
18,prot-1951--ak--13,cdca04e0bc6ce855,v- s,
19,prot-1951--ak--13,cdca04e0bc6ce855,m- s,
20,prot-1951--ak--13,cdca04e0bc6ce855,m- s,
21,prot-1951--ak--13,cdca04e0bc6ce855,e- t,
22,prot-1951--ak--13,cdca04e0bc6ce855,r- s,
23,prot-1951--ak--13,cdca04e0bc6ce855,n- d,
24,prot-1951--ak--13,cdca04e0bc6ce855,s- k,
25,prot-1951--ak--13,cdca04e0bc6ce855,l- l,
26,prot-1951--ak--13,cdca04e0bc6ce855,r- j,
27,prot-1951--ak--13,cdca04e0bc6ce855,ö- r,
28,prot-1951--ak--13,cdca04e0bc6ce855,r- v,
29,prot-1951--ak--13,cdca04e0bc6ce855,g- h,
30,prot-1951--ak--13,cdca04e0bc6ce855,m- m,
31,prot-1951--ak--13,cdca04e0bc6ce855,e- s,
0,prot-1951--ak--13,cdca04e0bc6ce855,n- n,
1,prot-1951--ak--13,cdca04e0bc6ce855,l- m,
2,prot-1951--ak--13,cdca04e0bc6ce855,p- f,
3,prot-1951--ak--13,cdca04e0bc6ce855,m- m,
4,prot-1951--ak--13,cdca04e0bc6ce855,r- b,
5,prot-1951--ak--13,cdca04e0bc6ce855,e- d,
6,prot-1951--ak--13,cdca04e0bc6ce855,m- l,
7,prot-1951--ak--13,cdca04e0bc6ce855,r- t,
8,prot-1951--ak--13,cdca04e0bc6ce855,e- f,
9,prot-1951--ak--13,cdca04e0bc6ce855,d- r,
10,prot-1951--ak--13,cdca04e0bc6ce855,e- m,
11,prot-1951--ak--13,cdca04e0bc6ce855,n- d,
12,prot-1951--ak--13,cdca04e0bc6ce855,e- m,
13,prot-1951--ak--13,cdca04e0bc6ce855,n- s,
14,prot-1951--ak--13,cdca04e0bc6ce855,s- d,
15,prot-1951--ak--13,cdca04e0bc6ce855,m- n,
16,prot-1951--ak--13,cdca04e0bc6ce855,n- s,
17,prot-1951--ak--13,cdca04e0bc6ce855,a- t,
18,prot-1951--ak--13,cdca04e0bc6ce855,e- k,
19,prot-1951--ak--13,cdca04e0bc6ce855,l- s,
20,prot-1951--ak--13,cdca04e0bc6ce855,å- t,
21,prot-1951--ak--13,cdca04e0bc6ce855,m- m,
22,prot-1951--ak--13,cdca04e0bc6ce855,d- r,
23,prot-1951--ak--13,cdca04e0bc6ce855,n- s,
24,prot-1951--ak--13,cdca04e0bc6ce855,i- s,
25,prot-1951--ak--13,cdca04e0bc6ce855,å- d,
26,prot-1951--ak--13,cdca04e0bc6ce855,m- n,
0,prot-1951--ak--13,7b16a01c980ae2ac,"n
f",
1,prot-1951--ak--13,7b16a01c980ae2ac,"m
y",
2,prot-1951--ak--13,cdca04e0bc6ce855,n- s,
3,prot-1951--ak--13,cdca04e0bc6ce855,m- l,
4,prot-1951--ak--13,cdca04e0bc6ce855,e- d,
5,prot-1951--ak--13,cdca04e0bc6ce855,ö- v,
6,prot-1951--ak--13,cdca04e0bc6ce855,m- m,
7,prot-1951--ak--13,cdca04e0bc6ce855,d- p,
8,prot-1951--ak--13,cdca04e0bc6ce855,m- f,
9,prot-1951--ak--13,cdca04e0bc6ce855,ä- k,
10,prot-1951--ak--13,cdca04e0bc6ce855,l- s,
11,prot-1951--ak--13,cdca04e0bc6ce855,k- n,
12,prot-1951--ak--13,cdca04e0bc6ce855,ö- r,
13,prot-1951--ak--13,cdca04e0bc6ce855,p- l,
14,prot-1951--ak--13,cdca04e0bc6ce855,n- d,
15,prot-1951--ak--13,cdca04e0bc6ce855,n- n,
16,prot-1951--ak--13,cdca04e0bc6ce855,i- f,
17,prot-1951--ak--13,cdca04e0bc6ce855,i- t,
18,prot-1951--ak--13,cdca04e0bc6ce855,m- s,
19,prot-1951--ak--13,cdca04e0bc6ce855,l- l,
20,prot-1951--ak--13,cdca04e0bc6ce855,s- t,
21,prot-1951--ak--13,cdca04e0bc6ce855,l- n,
22,prot-1951--ak--13,cdca04e0bc6ce855,t- t,
23,prot-1951--ak--13,cdca04e0bc6ce855,t- v,
24,prot-1951--ak--13,cdca04e0bc6ce855,e- s,
25,prot-1951--ak--13,cdca04e0bc6ce855,l- b,
26,prot-1951--ak--13,cdca04e0bc6ce855,e- g,
0,prot-1951--ak--13,cdca04e0bc6ce855,r- l,
1,prot-1951--ak--13,cdca04e0bc6ce855,d- r,
2,prot-1951--ak--13,cdca04e0bc6ce855,ö- r,
3,prot-1951--ak--13,cdca04e0bc6ce855,m- m,
4,prot-1951--ak--13,cdca04e0bc6ce855,m- s,
5,prot-1951--ak--13,cdca04e0bc6ce855,o- t,
6,prot-1951--ak--13,cdca04e0bc6ce855,s- s,
7,prot-1951--ak--13,cdca04e0bc6ce855,l- v,
8,prot-1951--ak--13,cdca04e0bc6ce855,s- t,
9,prot-1951--ak--13,cdca04e0bc6ce855,s- s,
10,prot-1951--ak--13,cdca04e0bc6ce855,u- m,
11,prot-1951--ak--13,cdca04e0bc6ce855,a- r,
12,prot-1951--ak--13,cdca04e0bc6ce855,r- l,
13,prot-1951--ak--13,cdca04e0bc6ce855,e- n,
14,prot-1951--ak--13,cdca04e0bc6ce855,o- n,
15,prot-1951--ak--13,cdca04e0bc6ce855,å- d,
16,prot-1951--ak--13,cdca04e0bc6ce855,a- r,
17,prot-1951--ak--13,cdca04e0bc6ce855,n- s,
18,prot-1951--ak--13,cdca04e0bc6ce855,l- s,
19,prot-1951--ak--13,cdca04e0bc6ce855,l- s,
20,prot-1951--ak--13,cdca04e0bc6ce855,p- h,
21,prot-1951--ak--13,cdca04e0bc6ce855,s- f,
22,prot-1951--ak--13,cdca04e0bc6ce855,i- v,
23,prot-1951--ak--13,cdca04e0bc6ce855,t- j,
24,prot-1951--ak--13,cdca04e0bc6ce855,i- s,
25,prot-1951--ak--13,cdca04e0bc6ce855,n- g,
26,prot-1951--ak--13,cdca04e0bc6ce855,r- f,
27,prot-1951--ak--13,cdca04e0bc6ce855,k- t,
28,prot-1951--ak--13,cdca04e0bc6ce855,r- s,
29,prot-1951--ak--13,cdca04e0bc6ce855,j- l,
0,prot-1951--ak--13,cdca04e0bc6ce855,d- j,
1,prot-1951--ak--13,cdca04e0bc6ce855,m- s,
2,prot-1951--ak--13,cdca04e0bc6ce855,d- l,
3,prot-1951--ak--13,cdca04e0bc6ce855,l- n,
4,prot-1951--ak--13,cdca04e0bc6ce855,n- s,
5,prot-1951--ak--13,cdca04e0bc6ce855,m- m,
6,prot-1951--ak--13,cdca04e0bc6ce855,l- l,
7,prot-1951--ak--13,cdca04e0bc6ce855,n- t,
8,prot-1951--ak--13,cdca04e0bc6ce855,ä- g,
9,prot-1951--ak--13,cdca04e0bc6ce855,l- t,
10,prot-1951--ak--13,cdca04e0bc6ce855,k- n,
11,prot-1951--ak--13,cdca04e0bc6ce855,r- h,
12,prot-1951--ak--13,cdca04e0bc6ce855,l- n,
13,prot-1951--ak--13,cdca04e0bc6ce855,g- e,
14,prot-1951--ak--13,cdca04e0bc6ce855,i- n,
15,prot-1951--ak--13,cdca04e0bc6ce855,n- d,
16,prot-1951--ak--13,cdca04e0bc6ce855,m- s,
17,prot-1951--ak--13,cdca04e0bc6ce855,o- s,
18,prot-1951--ak--13,cdca04e0bc6ce855,t- å,
19,prot-1951--ak--13,cdca04e0bc6ce855,s- s,
20,prot-1951--ak--13,cdca04e0bc6ce855,d- r,
21,prot-1951--ak--13,cdca04e0bc6ce855,i- d,
22,prot-1951--ak--13,cdca04e0bc6ce855,r- d,
23,prot-1951--ak--13,cdca04e0bc6ce855,n- d,
24,prot-1951--ak--13,cdca04e0bc6ce855,s- a,
25,prot-1951--ak--13,cdca04e0bc6ce855,r- s,
26,prot-1951--ak--13,cdca04e0bc6ce855,l- m,
27,prot-1951--ak--13,cdca04e0bc6ce855,d- l,
28,prot-1951--ak--13,cdca04e0bc6ce855,n- s,
29,prot-1951--ak--13,cdca04e0bc6ce855,s- k,
0,prot-1951--ak--13,cdca04e0bc6ce855,t- t,
1,prot-1951--ak--13,cdca04e0bc6ce855,ö- p,
2,prot-1951--ak--13,cdca04e0bc6ce855,d- l,
3,prot-1951--ak--13,cdca04e0bc6ce855,o- t,
4,prot-1951--ak--13,cdca04e0bc6ce855,r- m,
5,prot-1951--ak--13,cdca04e0bc6ce855,n- d,
6,prot-1951--ak--13,cdca04e0bc6ce855,k- v,
7,prot-1951--ak--13,cdca04e0bc6ce855,e- b,
8,prot-1951--ak--13,cdca04e0bc6ce855,k- t,
9,prot-1951--ak--13,cdca04e0bc6ce855,i- d,
10,prot-1951--ak--13,cdca04e0bc6ce855,t- n,
11,prot-1951--ak--13,cdca04e0bc6ce855,t- t,
12,prot-1951--ak--13,cdca04e0bc6ce855,ä- g,
13,prot-1951--ak--13,cdca04e0bc6ce855,l- v,
14,prot-1951--ak--13,cdca04e0bc6ce855,u- v,
15,prot-1951--ak--13,cdca04e0bc6ce855,e- s,
16,prot-1951--ak--13,cdca04e0bc6ce855,r- d,
17,prot-1951--ak--13,cdca04e0bc6ce855,a- t,
18,prot-1951--ak--13,cdca04e0bc6ce855,e- b,
19,prot-1951--ak--13,cdca04e0bc6ce855,e- a,
20,prot-1951--ak--13,cdca04e0bc6ce855,u- d,
21,prot-1951--ak--13,cdca04e0bc6ce855,m- s,
22,prot-1951--ak--13,cdca04e0bc6ce855,e- d,
23,prot-1951--ak--13,cdca04e0bc6ce855,n- k,
24,prot-1951--ak--13,cdca04e0bc6ce855,t- n,
25,prot-1951--ak--13,cdca04e0bc6ce855,a- t,
26,prot-1951--ak--13,cdca04e0bc6ce855,i- f,
27,prot-1951--ak--13,cdca04e0bc6ce855,n- g,
28,prot-1951--ak--13,cdca04e0bc6ce855,a- d,
0,prot-1951--ak--13,cdca04e0bc6ce855,e- s,
1,prot-1951--ak--13,cdca04e0bc6ce855,j- l,
2,prot-1951--ak--13,cdca04e0bc6ce855,t- t,
3,prot-1951--ak--13,cdca04e0bc6ce855,å- s,
4,prot-1951--ak--13,cdca04e0bc6ce855,å- g,
5,prot-1951--ak--13,cdca04e0bc6ce855,o- t,
6,prot-1951--ak--13,cdca04e0bc6ce855,n- n,
7,prot-1951--ak--13,cdca04e0bc6ce855,e- m,
8,prot-1951--ak--13,cdca04e0bc6ce855,e- s,
9,prot-1951--ak--13,cdca04e0bc6ce855,d- r,
10,prot-1951--ak--13,cdca04e0bc6ce855,s- t,
11,prot-1951--ak--13,cdca04e0bc6ce855,i- k,
12,prot-1951--ak--13,cdca04e0bc6ce855,s- s,
13,prot-1951--ak--13,cdca04e0bc6ce855,g- h,
14,prot-1951--ak--13,cdca04e0bc6ce855,g- n,
15,prot-1951--ak--13,cdca04e0bc6ce855,r- e,
16,prot-1951--ak--13,cdca04e0bc6ce855,u- v,
17,prot-1951--ak--13,cdca04e0bc6ce855,s- a,
18,prot-1951--ak--13,cdca04e0bc6ce855,e- s,
19,prot-1951--ak--13,cdca04e0bc6ce855,n- t,
20,prot-1951--ak--13,cdca04e0bc6ce855,n- d,
21,prot-1951--ak--13,cdca04e0bc6ce855,v- s,
22,prot-1951--ak--13,cdca04e0bc6ce855,e- s,
23,prot-1951--ak--13,cdca04e0bc6ce855,å- v,
24,prot-1951--ak--13,cdca04e0bc6ce855,n- d,
25,prot-1951--ak--13,cdca04e0bc6ce855,r- b,
26,prot-1951--ak--13,cdca04e0bc6ce855,k- n,
27,prot-1951--ak--13,cdca04e0bc6ce855,k- v,
28,prot-1951--ak--13,cdca04e0bc6ce855,m- m,
29,prot-1951--ak--13,cdca04e0bc6ce855,e- d,
30,prot-1951--ak--13,cdca04e0bc6ce855,t- t,
31,prot-1951--ak--13,cdca04e0bc6ce855,n- t,
32,prot-1951--ak--13,cdca04e0bc6ce855,g- n,
33,prot-1951--ak--13,cdca04e0bc6ce855,n- d,
34,prot-1951--ak--13,cdca04e0bc6ce855,k- v,
35,prot-1951--ak--13,cdca04e0bc6ce855,r- d,
36,prot-1951--ak--13,cdca04e0bc6ce855,o- t,
37,prot-1951--ak--13,cdca04e0bc6ce855,r- h,
0,prot-1951--ak--13,cdca04e0bc6ce855,s- m,
1,prot-1951--ak--13,cdca04e0bc6ce855,s- b,
2,prot-1951--ak--13,cdca04e0bc6ce855,l- l,
3,prot-1951--ak--13,cdca04e0bc6ce855,ö- d,
4,prot-1951--ak--13,cdca04e0bc6ce855,i- v,
5,prot-1951--ak--13,cdca04e0bc6ce855,t- t,
6,prot-1951--ak--13,cdca04e0bc6ce855,c- k,
7,prot-1951--ak--13,cdca04e0bc6ce855,a- t,
8,prot-1951--ak--13,cdca04e0bc6ce855,s- b,
9,prot-1951--ak--13,cdca04e0bc6ce855,t- n,
10,prot-1951--ak--13,cdca04e0bc6ce855,e- b,
11,prot-1951--ak--13,cdca04e0bc6ce855,n- n,
12,prot-1951--ak--13,cdca04e0bc6ce855,p- r,
13,prot-1951--ak--13,cdca04e0bc6ce855,m- m,
14,prot-1951--ak--13,cdca04e0bc6ce855,a- t,
15,prot-1951--ak--13,cdca04e0bc6ce855,n- n,
16,prot-1951--ak--13,cdca04e0bc6ce855,t- t,
17,prot-1951--ak--13,cdca04e0bc6ce855,n- n,
18,prot-1951--ak--13,cdca04e0bc6ce855,m- n,
19,prot-1951--ak--13,cdca04e0bc6ce855,m- n,
20,prot-1951--ak--13,cdca04e0bc6ce855,o- t,
21,prot-1951--ak--13,cdca04e0bc6ce855,i- f,
22,prot-1951--ak--13,cdca04e0bc6ce855,m- m,
23,prot-1951--ak--13,cdca04e0bc6ce855,k- h,
24,prot-1951--ak--13,cdca04e0bc6ce855,r- h,
25,prot-1951--ak--13,cdca04e0bc6ce855,r- n,
0,prot-1951--ak--13,cdca04e0bc6ce855,i- f,
1,prot-1951--ak--13,cdca04e0bc6ce855,n- m,
2,prot-1951--ak--13,cdca04e0bc6ce855,s- t,
3,prot-1951--ak--13,cdca04e0bc6ce855,n- n,
4,prot-1951--ak--13,cdca04e0bc6ce855,a- t,
5,prot-1951--ak--13,cdca04e0bc6ce855,i- g,
6,prot-1951--ak--13,cdca04e0bc6ce855,e- s,
7,prot-1951--ak--13,cdca04e0bc6ce855,e- t,
8,prot-1951--ak--13,cdca04e0bc6ce855,d- d,
9,prot-1951--ak--13,cdca04e0bc6ce855,r- s,
10,prot-1951--ak--13,cdca04e0bc6ce855,n- n,
11,prot-1951--ak--13,cdca04e0bc6ce855,t- t,
12,prot-1951--ak--13,cdca04e0bc6ce855,l- p,
13,prot-1951--ak--13,cdca04e0bc6ce855,e- s,
14,prot-1951--ak--13,cdca04e0bc6ce855,n- s,
15,prot-1951--ak--13,cdca04e0bc6ce855,n- s,
16,prot-1951--ak--13,cdca04e0bc6ce855,n- f,
17,prot-1951--ak--13,cdca04e0bc6ce855,a- r,
18,prot-1951--ak--13,cdca04e0bc6ce855,l- m,
19,prot-1951--ak--13,cdca04e0bc6ce855,d- l,
20,prot-1951--ak--13,cdca04e0bc6ce855,e- s,
21,prot-1951--ak--13,cdca04e0bc6ce855,m- m,
22,prot-1951--ak--13,cdca04e0bc6ce855,s- f,
23,prot-1951--ak--13,cdca04e0bc6ce855,e- c,
24,prot-1951--ak--13,cdca04e0bc6ce855,t- v,
25,prot-1951--ak--13,cdca04e0bc6ce855,ä- g,
26,prot-1951--ak--13,cdca04e0bc6ce855,ä- k,
0,prot-1951--ak--13,7b16a01c980ae2ac,"r
s",
1,prot-1951--ak--13,cdca04e0bc6ce855,e- s,
2,prot-1951--ak--13,cdca04e0bc6ce855,d- l,
3,prot-1951--ak--13,cdca04e0bc6ce855,n- g,
4,prot-1951--ak--13,cdca04e0bc6ce855,s- t,
5,prot-1951--ak--13,cdca04e0bc6ce855,d- k,
6,prot-1951--ak--13,cdca04e0bc6ce855,o- n,
7,prot-1951--ak--13,cdca04e0bc6ce855,k- t,
8,prot-1951--ak--13,cdca04e0bc6ce855,i- f,
9,prot-1951--ak--13,cdca04e0bc6ce855,o- n,
10,prot-1951--ak--13,cdca04e0bc6ce855,ä- g,
11,prot-1951--ak--13,cdca04e0bc6ce855,d- n,
12,prot-1951--ak--13,cdca04e0bc6ce855,d- k,
13,prot-1951--ak--13,cdca04e0bc6ce855,p- r,
14,prot-1951--ak--13,cdca04e0bc6ce855,n- m,
15,prot-1951--ak--13,cdca04e0bc6ce855,l- m,
16,prot-1951--ak--13,cdca04e0bc6ce855,m- f,
17,prot-1951--ak--13,cdca04e0bc6ce855,s- v,
18,prot-1951--ak--13,cdca04e0bc6ce855,g- g,
19,prot-1951--ak--13,cdca04e0bc6ce855,s- b,
20,prot-1951--ak--13,cdca04e0bc6ce855,y- d,
21,prot-1951--ak--13,cdca04e0bc6ce855,n- d,
22,prot-1951--ak--13,cdca04e0bc6ce855,a- o,
23,prot-1951--ak--13,cdca04e0bc6ce855,r- b,
24,prot-1951--ak--13,cdca04e0bc6ce855,s- n,
25,prot-1951--ak--13,cdca04e0bc6ce855,i- n,
26,prot-1951--ak--13,cdca04e0bc6ce855,g- a,
27,prot-1951--ak--13,cdca04e0bc6ce855,a- t,
28,prot-1951--ak--13,cdca04e0bc6ce855,g- g,
29,prot-1951--ak--13,cdca04e0bc6ce855,å- e,
0,prot-1951--ak--13,7b16a01c980ae2ac,"n
v",
1,prot-1951--ak--13,cdca04e0bc6ce855,r- h,
2,prot-1951--ak--13,cdca04e0bc6ce855,a- g,
3,prot-1951--ak--13,cdca04e0bc6ce855,s- s,
4,prot-1951--ak--13,cdca04e0bc6ce855,r- s,
5,prot-1951--ak--13,cdca04e0bc6ce855,s- k,
6,prot-1951--ak--13,cdca04e0bc6ce855,r- v,
7,prot-1951--ak--13,cdca04e0bc6ce855,r- l,
8,prot-1951--ak--13,cdca04e0bc6ce855,l- g,
9,prot-1951--ak--13,cdca04e0bc6ce855,r- n,
10,prot-1951--ak--13,cdca04e0bc6ce855,m- t,
11,prot-1951--ak--13,cdca04e0bc6ce855,s- d,
12,prot-1951--ak--13,cdca04e0bc6ce855,m- d,
13,prot-1951--ak--13,cdca04e0bc6ce855,ö- r,
14,prot-1951--ak--13,cdca04e0bc6ce855,n- t,
15,prot-1951--ak--13,cdca04e0bc6ce855,t- n,
16,prot-1951--ak--13,cdca04e0bc6ce855,e- h,
17,prot-1951--ak--13,cdca04e0bc6ce855,a- t,
18,prot-1951--ak--13,cdca04e0bc6ce855,n- h,
19,prot-1951--ak--13,cdca04e0bc6ce855,g- l,
20,prot-1951--ak--13,cdca04e0bc6ce855,s- u,
21,prot-1951--ak--13,cdca04e0bc6ce855,l- s,
22,prot-1951--ak--13,cdca04e0bc6ce855,s- t,
23,prot-1951--ak--13,cdca04e0bc6ce855,o- o,
24,prot-1951--ak--13,cdca04e0bc6ce855,s- k,
25,prot-1951--ak--13,cdca04e0bc6ce855,n- d,
26,prot-1951--ak--13,cdca04e0bc6ce855,m- m,
27,prot-1951--ak--13,cdca04e0bc6ce855,g- e,
28,prot-1951--ak--13,cdca04e0bc6ce855,s- k,
29,prot-1951--ak--13,cdca04e0bc6ce855,k- o,
30,prot-1951--ak--13,cdca04e0bc6ce855,e- m,
31,prot-1951--ak--13,cdca04e0bc6ce855,t- g,
32,prot-1951--ak--13,cdca04e0bc6ce855,t- s,
33,prot-1951--ak--13,cdca04e0bc6ce855,l- s,
34,prot-1951--ak--13,cdca04e0bc6ce855,e- s,
35,prot-1951--ak--13,cdca04e0bc6ce855,a- l,
36,prot-1951--ak--13,cdca04e0bc6ce855,m- h,
37,prot-1951--ak--13,cdca04e0bc6ce855,s- å,
38,prot-1951--ak--13,cdca04e0bc6ce855,a- t,
39,prot-1951--ak--13,cdca04e0bc6ce855,d- t,
0,prot-1951--ak--13,7b16a01c980ae2ac,"o
v",
1,prot-1951--ak--13,7b16a01c980ae2ac,"n
s",
2,prot-1951--ak--13,cdca04e0bc6ce855,y- r,
3,prot-1951--ak--13,cdca04e0bc6ce855,n- p,
4,prot-1951--ak--13,cdca04e0bc6ce855,r- t,
5,prot-1951--ak--13,cdca04e0bc6ce855,r- s,
6,prot-1951--ak--13,cdca04e0bc6ce855,s- s,
7,prot-1951--ak--13,cdca04e0bc6ce855,å- g,
8,prot-1951--ak--13,cdca04e0bc6ce855,l- t,
9,prot-1951--ak--13,cdca04e0bc6ce855,a- l,
10,prot-1951--ak--13,cdca04e0bc6ce855,i- g,
11,prot-1951--ak--13,cdca04e0bc6ce855,t- b,
12,prot-1951--ak--13,cdca04e0bc6ce855,r- l,
13,prot-1951--ak--13,cdca04e0bc6ce855,d- n,
14,prot-1951--ak--13,cdca04e0bc6ce855,i- f,
15,prot-1951--ak--13,cdca04e0bc6ce855,l- m,
16,prot-1951--ak--13,cdca04e0bc6ce855,n- d,
17,prot-1951--ak--13,cdca04e0bc6ce855,e- r,
18,prot-1951--ak--13,cdca04e0bc6ce855,f- t,
19,prot-1951--ak--13,cdca04e0bc6ce855,l- r,
20,prot-1951--ak--13,cdca04e0bc6ce855,ö- m,
21,prot-1951--ak--13,cdca04e0bc6ce855,x- e,
22,prot-1951--ak--13,cdca04e0bc6ce855,d- n,
23,prot-1951--ak--13,cdca04e0bc6ce855,i- f,
0,prot-1951--ak--13,cdca04e0bc6ce855,e- n,
1,prot-1951--ak--13,cdca04e0bc6ce855,o- s,
2,prot-1951--ak--13,cdca04e0bc6ce855,r- s,
3,prot-1951--ak--13,cdca04e0bc6ce855,i- s,
4,prot-1951--ak--13,cdca04e0bc6ce855,r- v,
5,prot-1951--ak--13,cdca04e0bc6ce855,t- l,
6,prot-1951--ak--13,cdca04e0bc6ce855,o- m,
7,prot-1951--ak--13,cdca04e0bc6ce855,i- d,
8,prot-1951--ak--13,cdca04e0bc6ce855,r- f,
9,prot-1951--ak--13,cdca04e0bc6ce855,n- f,
10,prot-1951--ak--13,cdca04e0bc6ce855,t- t,
11,prot-1951--ak--13,cdca04e0bc6ce855,i- s,
12,prot-1951--ak--13,cdca04e0bc6ce855,u- a,
13,prot-1951--ak--13,cdca04e0bc6ce855,t- s,
14,prot-1951--ak--13,cdca04e0bc6ce855,t- t,
15,prot-1951--ak--13,cdca04e0bc6ce855,e- m,
16,prot-1951--ak--13,cdca04e0bc6ce855,e- s,
17,prot-1951--ak--13,cdca04e0bc6ce855,e- d,
18,prot-1951--ak--13,cdca04e0bc6ce855,g- h,
19,prot-1951--ak--13,cdca04e0bc6ce855,l- l,
20,prot-1951--ak--13,cdca04e0bc6ce855,o- s,
21,prot-1951--ak--13,cdca04e0bc6ce855,e- s,
22,prot-1951--ak--13,cdca04e0bc6ce855,t- s,
23,prot-1951--ak--13,cdca04e0bc6ce855,o- s,
24,prot-1951--ak--13,cdca04e0bc6ce855,t- f,
25,prot-1951--ak--13,cdca04e0bc6ce855,r- s,
0,prot-1951--ak--13,cdca04e0bc6ce855,s- a,
1,prot-1951--ak--13,cdca04e0bc6ce855,n- n,
2,prot-1951--ak--13,cdca04e0bc6ce855,n- s,
3,prot-1951--ak--13,cdca04e0bc6ce855,t- g,
4,prot-1951--ak--13,cdca04e0bc6ce855,e- s,
5,prot-1951--ak--13,cdca04e0bc6ce855,r- s,
6,prot-1951--ak--13,cdca04e0bc6ce855,r- v,
7,prot-1951--ak--13,cdca04e0bc6ce855,t- ö,
8,prot-1951--ak--13,cdca04e0bc6ce855,r- f,
9,prot-1951--ak--13,cdca04e0bc6ce855,r- v,
10,prot-1951--ak--13,cdca04e0bc6ce855,d- n,
11,prot-1951--ak--13,cdca04e0bc6ce855,m- s,
12,prot-1951--ak--13,cdca04e0bc6ce855,o- s,
13,prot-1951--ak--13,cdca04e0bc6ce855,e- s,
14,prot-1951--ak--13,cdca04e0bc6ce855,t- s,
15,prot-1951--ak--13,cdca04e0bc6ce855,m- s,
16,prot-1951--ak--13,cdca04e0bc6ce855,o- t,
17,prot-1951--ak--13,cdca04e0bc6ce855,r- k,
18,prot-1951--ak--13,cdca04e0bc6ce855,r- t,
19,prot-1951--ak--13,cdca04e0bc6ce855,s- u,
20,prot-1951--ak--13,cdca04e0bc6ce855,m- m,
21,prot-1951--ak--13,cdca04e0bc6ce855,d- n,
22,prot-1951--ak--13,cdca04e0bc6ce855,m- f,
23,prot-1951--ak--13,cdca04e0bc6ce855,l- s,
24,prot-1951--ak--13,cdca04e0bc6ce855,t- s,
25,prot-1951--ak--13,cdca04e0bc6ce855,e- l,
26,prot-1951--ak--13,cdca04e0bc6ce855,t- t,
27,prot-1951--ak--13,cdca04e0bc6ce855,e- h,
28,prot-1951--ak--13,cdca04e0bc6ce855,r- u,
0,prot-1951--ak--13,cdca04e0bc6ce855,m- m,
1,prot-1951--ak--13,cdca04e0bc6ce855,r- a,
2,prot-1951--ak--13,cdca04e0bc6ce855,e- s,
3,prot-1951--ak--13,cdca04e0bc6ce855,s- k,
4,prot-1951--ak--13,cdca04e0bc6ce855,m- f,
5,prot-1951--ak--13,cdca04e0bc6ce855,l- d,
6,prot-1951--ak--13,cdca04e0bc6ce855,s- t,
7,prot-1951--ak--13,cdca04e0bc6ce855,l- n,
8,prot-1951--ak--13,cdca04e0bc6ce855,a- r,
9,prot-1951--ak--13,cdca04e0bc6ce855,f- t,
10,prot-1951--ak--13,cdca04e0bc6ce855,m- f,
11,prot-1951--ak--13,cdca04e0bc6ce855,e- l,
12,prot-1951--ak--13,cdca04e0bc6ce855,n- h,
13,prot-1951--ak--13,cdca04e0bc6ce855,s- n,
14,prot-1951--ak--13,cdca04e0bc6ce855,r- d,
15,prot-1951--ak--13,cdca04e0bc6ce855,å- d,
16,prot-1951--ak--13,cdca04e0bc6ce855,l- t,
17,prot-1951--ak--13,cdca04e0bc6ce855,i- f,
18,prot-1951--ak--13,cdca04e0bc6ce855,m- s,
19,prot-1951--ak--13,cdca04e0bc6ce855,n- r,
20,prot-1951--ak--13,cdca04e0bc6ce855,n- g,
21,prot-1951--ak--13,cdca04e0bc6ce855,e- f,
22,prot-1951--ak--13,cdca04e0bc6ce855,r- d,
23,prot-1951--ak--13,cdca04e0bc6ce855,s- o,
24,prot-1951--ak--13,cdca04e0bc6ce855,v- d,
0,prot-1951--ak--13,7b16a01c980ae2ac,"v
m",
1,prot-1951--ak--13,cdca04e0bc6ce855,t- s,
2,prot-1951--ak--13,cdca04e0bc6ce855,j- l,
3,prot-1951--ak--13,cdca04e0bc6ce855,i- g,
4,prot-1951--ak--13,cdca04e0bc6ce855,l- t,
5,prot-1951--ak--13,cdca04e0bc6ce855,n- s,
6,prot-1951--ak--13,cdca04e0bc6ce855,m- s,
7,prot-1951--ak--13,cdca04e0bc6ce855,m- s,
8,prot-1951--ak--13,cdca04e0bc6ce855,o- p,
9,prot-1951--ak--13,cdca04e0bc6ce855,n- g,
10,prot-1951--ak--13,cdca04e0bc6ce855,l- f,
11,prot-1951--ak--13,cdca04e0bc6ce855,f- n,
12,prot-1951--ak--13,cdca04e0bc6ce855,r- s,
13,prot-1951--ak--13,cdca04e0bc6ce855,s- a,
14,prot-1951--ak--13,cdca04e0bc6ce855,g- l,
15,prot-1951--ak--13,cdca04e0bc6ce855,o- n,
16,prot-1951--ak--13,cdca04e0bc6ce855,o- n,
17,prot-1951--ak--13,cdca04e0bc6ce855,r- v,
18,prot-1951--ak--13,cdca04e0bc6ce855,o- p,
19,prot-1951--ak--13,cdca04e0bc6ce855,a- t,
20,prot-1951--ak--13,cdca04e0bc6ce855,r- v,
21,prot-1951--ak--13,cdca04e0bc6ce855,å- g,
22,prot-1951--ak--13,cdca04e0bc6ce855,s- m,
23,prot-1951--ak--13,cdca04e0bc6ce855,e- m,
24,prot-1951--ak--13,cdca04e0bc6ce855,o- n,
25,prot-1951--ak--13,cdca04e0bc6ce855,l- l,
26,prot-1951--ak--13,cdca04e0bc6ce855,k- s,
27,prot-1951--ak--13,cdca04e0bc6ce855,n- t,
28,prot-1951--ak--13,cdca04e0bc6ce855,i- g,
0,prot-1951--ak--13,cdca04e0bc6ce855,k- n,
1,prot-1951--ak--13,cdca04e0bc6ce855,u- v,
2,prot-1951--ak--13,cdca04e0bc6ce855,f- n,
3,prot-1951--ak--13,cdca04e0bc6ce855,s- s,
4,prot-1951--ak--13,cdca04e0bc6ce855,å- t,
5,prot-1951--ak--13,cdca04e0bc6ce855,r- v,
6,prot-1951--ak--13,cdca04e0bc6ce855,g- h,
7,prot-1951--ak--13,cdca04e0bc6ce855,n- d,
8,prot-1951--ak--13,cdca04e0bc6ce855,l- k,
9,prot-1951--ak--13,cdca04e0bc6ce855,n- s,
10,prot-1951--ak--13,cdca04e0bc6ce855,j- l,
11,prot-1951--ak--13,cdca04e0bc6ce855,d- s,
12,prot-1951--ak--13,cdca04e0bc6ce855,j- l,
13,prot-1951--ak--13,cdca04e0bc6ce855,a- r,
14,prot-1951--ak--13,cdca04e0bc6ce855,å- s,
15,prot-1951--ak--13,cdca04e0bc6ce855,s- m,
16,prot-1951--ak--13,cdca04e0bc6ce855,i- f,
17,prot-1951--ak--13,cdca04e0bc6ce855,s- m,
18,prot-1951--ak--13,cdca04e0bc6ce855,m- m,
0,prot-1951--ak--13,cdca04e0bc6ce855,o- t,
1,prot-1951--ak--13,cdca04e0bc6ce855,n- v,
2,prot-1951--ak--13,cdca04e0bc6ce855,e- s,
3,prot-1951--ak--13,cdca04e0bc6ce855,k- t,
4,prot-1951--ak--13,cdca04e0bc6ce855,t- t,
5,prot-1951--ak--13,cdca04e0bc6ce855,a- g,
6,prot-1951--ak--13,cdca04e0bc6ce855,n- n,
7,prot-1951--ak--13,cdca04e0bc6ce855,n- v,
8,prot-1951--ak--13,cdca04e0bc6ce855,n- c,
9,prot-1951--ak--13,cdca04e0bc6ce855,b- b,
10,prot-1951--ak--13,cdca04e0bc6ce855,e- f,
11,prot-1951--ak--13,cdca04e0bc6ce855,i- n,
12,prot-1951--ak--13,cdca04e0bc6ce855,n- d,
13,prot-1951--ak--13,cdca04e0bc6ce855,s- p,
14,prot-1951--ak--13,cdca04e0bc6ce855,v- s,
15,prot-1951--ak--13,cdca04e0bc6ce855,t- g,
16,prot-1951--ak--13,cdca04e0bc6ce855,s- c,
17,prot-1951--ak--13,cdca04e0bc6ce855,d- f,
18,prot-1951--ak--13,cdca04e0bc6ce855,k- l,
19,prot-1951--ak--13,cdca04e0bc6ce855,e- l,
20,prot-1951--ak--13,cdca04e0bc6ce855,ö- m,
21,prot-1951--ak--13,cdca04e0bc6ce855,s- k,
22,prot-1951--ak--13,cdca04e0bc6ce855,k- s,
23,prot-1951--ak--13,cdca04e0bc6ce855,s- m,
24,prot-1951--ak--13,cdca04e0bc6ce855,e- t,
25,prot-1951--ak--13,cdca04e0bc6ce855,s- m,
26,prot-1951--ak--13,cdca04e0bc6ce855,s- k,
27,prot-1951--ak--13,cdca04e0bc6ce855,s- k,
0,prot-1951--ak--13,cdca04e0bc6ce855,n- k,
1,prot-1951--ak--13,cdca04e0bc6ce855,s- k,
2,prot-1951--ak--13,cdca04e0bc6ce855,k- t,
3,prot-1951--ak--13,cdca04e0bc6ce855,e- r,
4,prot-1951--ak--13,cdca04e0bc6ce855,e- d,
5,prot-1951--ak--13,cdca04e0bc6ce855,k- n,
6,prot-1951--ak--13,cdca04e0bc6ce855,s- b,
7,prot-1951--ak--13,cdca04e0bc6ce855,s- s,
8,prot-1951--ak--13,cdca04e0bc6ce855,e- r,
9,prot-1951--ak--13,cdca04e0bc6ce855,a- r,
10,prot-1951--ak--13,cdca04e0bc6ce855,t- n,
11,prot-1951--ak--13,cdca04e0bc6ce855,j- l,
12,prot-1951--ak--13,cdca04e0bc6ce855,s- t,
13,prot-1951--ak--13,cdca04e0bc6ce855,e- r,
14,prot-1951--ak--13,cdca04e0bc6ce855,å- t,
15,prot-1951--ak--13,cdca04e0bc6ce855,s- m,
16,prot-1951--ak--13,cdca04e0bc6ce855,n- p,
17,prot-1951--ak--13,cdca04e0bc6ce855,a- s,
18,prot-1951--ak--13,cdca04e0bc6ce855,l- j,
19,prot-1951--ak--13,cdca04e0bc6ce855,n- d,
20,prot-1951--ak--13,cdca04e0bc6ce855,f- n,
0,prot-1951--ak--13,7b16a01c980ae2ac,"n
a",
1,prot-1951--ak--13,7b16a01c980ae2ac,"r
s",
2,prot-1951--ak--13,cdca04e0bc6ce855,l- f,
3,prot-1951--ak--13,cdca04e0bc6ce855,l- j,
4,prot-1951--ak--13,cdca04e0bc6ce855,n- d,
5,prot-1951--ak--13,cdca04e0bc6ce855,p- k,
6,prot-1951--ak--13,cdca04e0bc6ce855,i- s,
7,prot-1951--ak--13,cdca04e0bc6ce855,n- s,
8,prot-1951--ak--13,cdca04e0bc6ce855,d- r,
9,prot-1951--ak--13,cdca04e0bc6ce855,n- d,
10,prot-1951--ak--13,cdca04e0bc6ce855,d- b,
11,prot-1951--ak--13,cdca04e0bc6ce855,o- s,
12,prot-1951--ak--13,cdca04e0bc6ce855,e- s,
13,prot-1951--ak--13,cdca04e0bc6ce855,a- r,
14,prot-1951--ak--13,cdca04e0bc6ce855,o- t,
15,prot-1951--ak--13,cdca04e0bc6ce855,o- p,
16,prot-1951--ak--13,cdca04e0bc6ce855,p- r,
17,prot-1951--ak--13,cdca04e0bc6ce855,l- k,
0,prot-1951--ak--13,7b16a01c980ae2ac,"n
a",
1,prot-1951--ak--13,7b16a01c980ae2ac,"h
s",
2,prot-1951--ak--13,cdca04e0bc6ce855,s- a,
3,prot-1951--ak--13,cdca04e0bc6ce855,m- m,
4,prot-1951--ak--13,cdca04e0bc6ce855,r- s,
5,prot-1951--ak--13,cdca04e0bc6ce855,o- n,
6,prot-1951--ak--13,cdca04e0bc6ce855,d- n,
7,prot-1951--ak--13,cdca04e0bc6ce855,å- e,
8,prot-1951--ak--13,cdca04e0bc6ce855,s- t,
9,prot-1951--ak--13,cdca04e0bc6ce855,s- o,
10,prot-1951--ak--13,cdca04e0bc6ce855,t- s,
11,prot-1951--ak--13,cdca04e0bc6ce855,e- r,
12,prot-1951--ak--13,cdca04e0bc6ce855,m- l,
13,prot-1951--ak--13,cdca04e0bc6ce855,l- f,
14,prot-1951--ak--13,cdca04e0bc6ce855,s- o,
15,prot-1951--ak--13,cdca04e0bc6ce855,t- n,
16,prot-1951--ak--13,cdca04e0bc6ce855,s- l,
17,prot-1951--ak--13,cdca04e0bc6ce855,d- r,
18,prot-1951--ak--13,cdca04e0bc6ce855,p- t,
19,prot-1951--ak--13,cdca04e0bc6ce855,r- n,
20,prot-1951--ak--13,cdca04e0bc6ce855,d- r,
21,prot-1951--ak--13,cdca04e0bc6ce855,a- t,
22,prot-1951--ak--13,cdca04e0bc6ce855,a- f,
23,prot-1951--ak--13,cdca04e0bc6ce855,ö- s,
24,prot-1951--ak--13,cdca04e0bc6ce855,s- t,
25,prot-1951--ak--13,cdca04e0bc6ce855,l- l,
26,prot-1951--ak--13,cdca04e0bc6ce855,r- s,
27,prot-1951--ak--13,cdca04e0bc6ce855,n- k,
28,prot-1951--ak--13,cdca04e0bc6ce855,d- r,
29,prot-1951--ak--13,cdca04e0bc6ce855,a- g,
30,prot-1951--ak--13,cdca04e0bc6ce855,a- r,
31,prot-1951--ak--13,cdca04e0bc6ce855,i- d,
32,prot-1951--ak--13,cdca04e0bc6ce855,m- m,
33,prot-1951--ak--13,cdca04e0bc6ce855,i- v,
34,prot-1951--ak--13,cdca04e0bc6ce855,e- o,
35,prot-1951--ak--13,cdca04e0bc6ce855,e- p,
36,prot-1951--ak--13,cdca04e0bc6ce855,t- s,
37,prot-1951--ak--13,cdca04e0bc6ce855,n- o,
38,prot-1951--ak--13,cdca04e0bc6ce855,s- d,
39,prot-1951--ak--13,cdca04e0bc6ce855,l- m,
40,prot-1951--ak--13,cdca04e0bc6ce855,l- d,
41,prot-1951--ak--13,cdca04e0bc6ce855,l- g,
42,prot-1951--ak--13,cdca04e0bc6ce855,s- o,
43,prot-1951--ak--13,cdca04e0bc6ce855,g- a,
0,prot-1951--ak--13,7b16a01c980ae2ac,"h
n",
1,prot-1951--ak--13,7b16a01c980ae2ac,"n
i",
2,prot-1951--ak--13,7b16a01c980ae2ac,"h
n",
3,prot-1951--ak--13,7b16a01c980ae2ac,"t
i",
4,prot-1951--ak--13,7b16a01c980ae2ac,"d
t",
5,prot-1951--ak--13,7b16a01c980ae2ac,"h
n",
6,prot-1951--ak--13,cdca04e0bc6ce855,t- s,
7,prot-1951--ak--13,cdca04e0bc6ce855,m- m,
8,prot-1951--ak--13,cdca04e0bc6ce855,d- r,
9,prot-1951--ak--13,cdca04e0bc6ce855,d- v,
10,prot-1951--ak--13,cdca04e0bc6ce855,s- ö,
11,prot-1951--ak--13,cdca04e0bc6ce855,p- n,
12,prot-1951--ak--13,cdca04e0bc6ce855,n- d,
13,prot-1951--ak--13,cdca04e0bc6ce855,i- t,
14,prot-1951--ak--13,cdca04e0bc6ce855,d- g,
15,prot-1951--ak--13,cdca04e0bc6ce855,o- s,
16,prot-1951--ak--13,cdca04e0bc6ce855,e- g,
17,prot-1951--ak--13,cdca04e0bc6ce855,o- s,
18,prot-1951--ak--13,cdca04e0bc6ce855,g- e,
19,prot-1951--ak--13,cdca04e0bc6ce855,r- e,
20,prot-1951--ak--13,cdca04e0bc6ce855,i- l,
21,prot-1951--ak--13,cdca04e0bc6ce855,i- t,
22,prot-1951--ak--13,cdca04e0bc6ce855,s- o,
23,prot-1951--ak--13,cdca04e0bc6ce855,t- n,
24,prot-1951--ak--13,cdca04e0bc6ce855,s- l,
25,prot-1951--ak--13,cdca04e0bc6ce855,d- r,
26,prot-1951--ak--13,cdca04e0bc6ce855,p- t,
27,prot-1951--ak--13,cdca04e0bc6ce855,r- n,
28,prot-1951--ak--13,cdca04e0bc6ce855,i- t,
0,prot-1951--ak--13,7b16a01c980ae2ac,"h
n",
1,prot-1951--ak--13,7b16a01c980ae2ac,"h
n",
2,prot-1951--ak--13,7b16a01c980ae2ac,"t
t",
3,prot-1951--ak--13,7b16a01c980ae2ac,"d
t",
4,prot-1951--ak--13,7b16a01c980ae2ac,"h
n",
5,prot-1951--ak--13,7b16a01c980ae2ac,"t
t",
6,prot-1951--ak--13,cdca04e0bc6ce855,k- a,
7,prot-1951--ak--13,cdca04e0bc6ce855,e- d,
8,prot-1951--ak--13,cdca04e0bc6ce855,a- v,
9,prot-1951--ak--13,cdca04e0bc6ce855,l- s,
10,prot-1951--ak--13,cdca04e0bc6ce855,e- o,
11,prot-1951--ak--13,cdca04e0bc6ce855,e- p,
12,prot-1951--ak--13,cdca04e0bc6ce855,m- r,
13,prot-1951--ak--13,cdca04e0bc6ce855,n- o,
14,prot-1951--ak--13,cdca04e0bc6ce855,i- t,
15,prot-1951--ak--13,cdca04e0bc6ce855,s- d,
16,prot-1951--ak--13,cdca04e0bc6ce855,l- l,
17,prot-1951--ak--13,cdca04e0bc6ce855,l- m,
18,prot-1951--ak--13,cdca04e0bc6ce855,l- g,
19,prot-1951--ak--13,cdca04e0bc6ce855,s- o,
20,prot-1951--ak--13,cdca04e0bc6ce855,v- n,
21,prot-1951--ak--13,cdca04e0bc6ce855,l- t,
22,prot-1951--ak--13,cdca04e0bc6ce855,m- m,
23,prot-1951--ak--13,cdca04e0bc6ce855,i- t,
24,prot-1951--ak--13,cdca04e0bc6ce855,r- e,
25,prot-1951--ak--13,cdca04e0bc6ce855,o- n,
26,prot-1951--ak--13,cdca04e0bc6ce855,o- s,
27,prot-1951--ak--13,cdca04e0bc6ce855,p- n,
28,prot-1951--ak--13,cdca04e0bc6ce855,k- t,
29,prot-1951--ak--13,cdca04e0bc6ce855,d- v,
30,prot-1951--ak--13,cdca04e0bc6ce855,f- f,
31,prot-1951--ak--13,cdca04e0bc6ce855,t- t,
32,prot-1951--ak--13,cdca04e0bc6ce855,e- g,
0,prot-1951--ak--13,7b16a01c980ae2ac,"t
s",
1,prot-1951--ak--13,7b16a01c980ae2ac,"h
n",
2,prot-1951--ak--13,7b16a01c980ae2ac,"h
s",
3,prot-1951--ak--13,7b16a01c980ae2ac,"n
m",
4,prot-1951--ak--13,cdca04e0bc6ce855,t- å,
5,prot-1951--ak--13,cdca04e0bc6ce855,d- g,
6,prot-1951--ak--13,cdca04e0bc6ce855,r- s,
7,prot-1951--ak--13,cdca04e0bc6ce855,r- h,
8,prot-1951--ak--13,cdca04e0bc6ce855,k- n,
9,prot-1951--ak--13,cdca04e0bc6ce855,s- o,
10,prot-1951--ak--13,cdca04e0bc6ce855,f- t,
11,prot-1951--ak--13,cdca04e0bc6ce855,m- m,
12,prot-1951--ak--13,cdca04e0bc6ce855,s- b,
13,prot-1951--ak--13,cdca04e0bc6ce855,o- s,
14,prot-1951--ak--13,cdca04e0bc6ce855,å- e,
15,prot-1951--ak--13,cdca04e0bc6ce855,l- s,
16,prot-1951--ak--13,cdca04e0bc6ce855,o- p,
17,prot-1951--ak--13,cdca04e0bc6ce855,e- v,
18,prot-1951--ak--13,cdca04e0bc6ce855,n- l,
19,prot-1951--ak--13,cdca04e0bc6ce855,n- d,
20,prot-1951--ak--13,cdca04e0bc6ce855,m- s,
21,prot-1951--ak--13,cdca04e0bc6ce855,m- m,
22,prot-1951--ak--13,cdca04e0bc6ce855,r- s,
23,prot-1951--ak--13,cdca04e0bc6ce855,y- d,
24,prot-1951--ak--13,cdca04e0bc6ce855,s- v,
25,prot-1951--ak--13,cdca04e0bc6ce855,d- o,
26,prot-1951--ak--13,cdca04e0bc6ce855,l- t,
27,prot-1951--ak--13,cdca04e0bc6ce855,d- o,
28,prot-1951--ak--13,cdca04e0bc6ce855,v- n,
29,prot-1951--ak--13,cdca04e0bc6ce855,d- b,
30,prot-1951--ak--13,cdca04e0bc6ce855,d- b,
31,prot-1951--ak--13,cdca04e0bc6ce855,s- s,
0,prot-1951--ak--13,cdca04e0bc6ce855,d- b,
1,prot-1951--ak--13,cdca04e0bc6ce855,e- s,
2,prot-1951--ak--13,cdca04e0bc6ce855,n- r,
3,prot-1951--ak--13,cdca04e0bc6ce855,k- t,
4,prot-1951--ak--13,cdca04e0bc6ce855,n- p,
5,prot-1951--ak--13,cdca04e0bc6ce855,n- s,
6,prot-1951--ak--13,cdca04e0bc6ce855,u- t,
7,prot-1951--ak--13,cdca04e0bc6ce855,o- n,
8,prot-1951--ak--13,cdca04e0bc6ce855,a- t,
9,prot-1951--ak--13,cdca04e0bc6ce855,o- d,
10,prot-1951--ak--13,cdca04e0bc6ce855,r- m,
11,prot-1951--ak--13,cdca04e0bc6ce855,e- t,
12,prot-1951--ak--13,cdca04e0bc6ce855,y- r,
13,prot-1951--ak--13,cdca04e0bc6ce855,r- m,
14,prot-1951--ak--13,cdca04e0bc6ce855,l- s,
15,prot-1951--ak--13,cdca04e0bc6ce855,k- l,
16,prot-1951--ak--13,cdca04e0bc6ce855,g- e,
17,prot-1951--ak--13,cdca04e0bc6ce855,å- v,
18,prot-1951--ak--13,cdca04e0bc6ce855,e- p,
19,prot-1951--ak--13,cdca04e0bc6ce855,d- k,
20,prot-1951--ak--13,cdca04e0bc6ce855,n- s,
21,prot-1951--ak--13,cdca04e0bc6ce855,o- t,
22,prot-1951--ak--13,cdca04e0bc6ce855,å- g,
23,prot-1951--ak--13,cdca04e0bc6ce855,m- l,
24,prot-1951--ak--13,cdca04e0bc6ce855,n- s,
25,prot-1951--ak--13,cdca04e0bc6ce855,r- s,
26,prot-1951--ak--13,cdca04e0bc6ce855,r- k,
27,prot-1951--ak--13,cdca04e0bc6ce855,å- g,
28,prot-1951--ak--13,cdca04e0bc6ce855,e- r,
29,prot-1951--ak--13,cdca04e0bc6ce855,y- r,
30,prot-1951--ak--13,cdca04e0bc6ce855,e- s,
0,prot-1951--ak--13,7b16a01c980ae2ac,"g
b",
1,prot-1951--ak--13,7b16a01c980ae2ac,"h
n",
2,prot-1951--ak--13,7b16a01c980ae2ac,"h
f",
3,prot-1951--ak--13,cdca04e0bc6ce855,ä- l,
4,prot-1951--ak--13,cdca04e0bc6ce855,a- r,
5,prot-1951--ak--13,cdca04e0bc6ce855,t- t,
6,prot-1951--ak--13,cdca04e0bc6ce855,s- t,
7,prot-1951--ak--13,cdca04e0bc6ce855,n- k,
8,prot-1951--ak--13,cdca04e0bc6ce855,c- k,
9,prot-1951--ak--13,cdca04e0bc6ce855,n- p,
10,prot-1951--ak--13,cdca04e0bc6ce855,t- b,
11,prot-1951--ak--13,cdca04e0bc6ce855,k- s,
12,prot-1951--ak--13,cdca04e0bc6ce855,a- r,
13,prot-1951--ak--13,cdca04e0bc6ce855,n- m,
14,prot-1951--ak--13,cdca04e0bc6ce855,i- f,
15,prot-1951--ak--13,cdca04e0bc6ce855,k- t,
16,prot-1951--ak--13,cdca04e0bc6ce855,t- g,
17,prot-1951--ak--13,cdca04e0bc6ce855,m- p,
18,prot-1951--ak--13,cdca04e0bc6ce855,n- l,
19,prot-1951--ak--13,cdca04e0bc6ce855,å- t,
20,prot-1951--ak--13,cdca04e0bc6ce855,o- t,
21,prot-1951--ak--13,cdca04e0bc6ce855,a- g,
22,prot-1951--ak--13,cdca04e0bc6ce855,a- r,
23,prot-1951--ak--13,cdca04e0bc6ce855,r- f,
24,prot-1951--ak--13,cdca04e0bc6ce855,o- n,
25,prot-1951--ak--13,cdca04e0bc6ce855,e- m,
26,prot-1951--ak--13,cdca04e0bc6ce855,o- t,
27,prot-1951--ak--13,cdca04e0bc6ce855,i- s,
0,prot-1951--ak--13,cdca04e0bc6ce855,m- f,
1,prot-1951--ak--13,cdca04e0bc6ce855,u- m,
2,prot-1951--ak--13,cdca04e0bc6ce855,v- g,
3,prot-1951--ak--13,cdca04e0bc6ce855,n- m,
4,prot-1951--ak--13,cdca04e0bc6ce855,s- o,
5,prot-1951--ak--13,cdca04e0bc6ce855,n- d,
6,prot-1951--ak--13,cdca04e0bc6ce855,t- t,
7,prot-1951--ak--13,cdca04e0bc6ce855,n- d,
8,prot-1951--ak--13,cdca04e0bc6ce855,t- r,
9,prot-1951--ak--13,cdca04e0bc6ce855,r- e,
10,prot-1951--ak--13,cdca04e0bc6ce855,r- s,
11,prot-1951--ak--13,cdca04e0bc6ce855,n- d,
12,prot-1951--ak--13,cdca04e0bc6ce855,m- f,
13,prot-1951--ak--13,cdca04e0bc6ce855,n- p,
14,prot-1951--ak--13,cdca04e0bc6ce855,s- m,
15,prot-1951--ak--13,cdca04e0bc6ce855,s- p,
16,prot-1951--ak--13,cdca04e0bc6ce855,o- n,
17,prot-1951--ak--13,cdca04e0bc6ce855,i- d,
18,prot-1951--ak--13,cdca04e0bc6ce855,å- l,
19,prot-1951--ak--13,cdca04e0bc6ce855,s- s,
20,prot-1951--ak--13,cdca04e0bc6ce855,s- d,
21,prot-1951--ak--13,cdca04e0bc6ce855,k- t,
22,prot-1951--ak--13,cdca04e0bc6ce855,m- s,
23,prot-1951--ak--13,cdca04e0bc6ce855,å- t,
24,prot-1951--ak--13,cdca04e0bc6ce855,o- t,
25,prot-1951--ak--13,cdca04e0bc6ce855,n- d,
26,prot-1951--ak--13,cdca04e0bc6ce855,d- l,
27,prot-1951--ak--13,cdca04e0bc6ce855,o- n,
28,prot-1951--ak--13,cdca04e0bc6ce855,m- s,
29,prot-1951--ak--13,cdca04e0bc6ce855,t- f,
30,prot-1951--ak--13,cdca04e0bc6ce855,e- r,
31,prot-1951--ak--13,cdca04e0bc6ce855,a- r,
32,prot-1951--ak--13,cdca04e0bc6ce855,a- b,
33,prot-1951--ak--13,cdca04e0bc6ce855,i- v,
0,prot-1951--ak--13,7b16a01c980ae2ac,"å
t",
1,prot-1951--ak--13,cdca04e0bc6ce855,e- t,
2,prot-1951--ak--13,cdca04e0bc6ce855,r- k,
3,prot-1951--ak--13,cdca04e0bc6ce855,k- t,
4,prot-1951--ak--13,cdca04e0bc6ce855,k- s,
5,prot-1951--ak--13,cdca04e0bc6ce855,e- h,
6,prot-1951--ak--13,cdca04e0bc6ce855,d- r,
7,prot-1951--ak--13,cdca04e0bc6ce855,r- m,
8,prot-1951--ak--13,cdca04e0bc6ce855,i- g,
9,prot-1951--ak--13,cdca04e0bc6ce855,n- s,
10,prot-1951--ak--13,cdca04e0bc6ce855,b- l,
11,prot-1951--ak--13,cdca04e0bc6ce855,n- t,
12,prot-1951--ak--13,cdca04e0bc6ce855,f- t,
13,prot-1951--ak--13,cdca04e0bc6ce855,r- ä,
14,prot-1951--ak--13,cdca04e0bc6ce855,j- l,
15,prot-1951--ak--13,cdca04e0bc6ce855,a- c,
16,prot-1951--ak--13,cdca04e0bc6ce855,r- h,
17,prot-1951--ak--13,cdca04e0bc6ce855,t- r,
18,prot-1951--ak--13,cdca04e0bc6ce855,e- f,
19,prot-1951--ak--13,cdca04e0bc6ce855,r- g,
20,prot-1951--ak--13,cdca04e0bc6ce855,e- g,
21,prot-1951--ak--13,cdca04e0bc6ce855,l- m,
22,prot-1951--ak--13,cdca04e0bc6ce855,r- v,
23,prot-1951--ak--13,cdca04e0bc6ce855,t- l,
24,prot-1951--ak--13,cdca04e0bc6ce855,d- n,
25,prot-1951--ak--13,cdca04e0bc6ce855,n- d,
26,prot-1951--ak--13,cdca04e0bc6ce855,e- r,
27,prot-1951--ak--13,cdca04e0bc6ce855,e- s,
28,prot-1951--ak--13,cdca04e0bc6ce855,o- b,
29,prot-1951--ak--13,cdca04e0bc6ce855,r- e,
30,prot-1951--ak--13,cdca04e0bc6ce855,e- s,
31,prot-1951--ak--13,cdca04e0bc6ce855,k- h,
32,prot-1951--ak--13,cdca04e0bc6ce855,u- k,
0,prot-1951--ak--13,cdca04e0bc6ce855,r- b,
1,prot-1951--ak--13,cdca04e0bc6ce855,u- r,
2,prot-1951--ak--13,cdca04e0bc6ce855,e- r,
3,prot-1951--ak--13,cdca04e0bc6ce855,o- n,
4,prot-1951--ak--13,cdca04e0bc6ce855,e- b,
5,prot-1951--ak--13,cdca04e0bc6ce855,r- p,
6,prot-1951--ak--13,cdca04e0bc6ce855,a- t,
7,prot-1951--ak--13,cdca04e0bc6ce855,e- b,
8,prot-1951--ak--13,cdca04e0bc6ce855,d- l,
9,prot-1951--ak--13,cdca04e0bc6ce855,ä- r,
10,prot-1951--ak--13,cdca04e0bc6ce855,r- h,
11,prot-1951--ak--13,cdca04e0bc6ce855,o- t,
12,prot-1951--ak--13,cdca04e0bc6ce855,l- g,
13,prot-1951--ak--13,cdca04e0bc6ce855,r- h,
14,prot-1951--ak--13,cdca04e0bc6ce855,r- u,
15,prot-1951--ak--13,cdca04e0bc6ce855,e- l,
16,prot-1951--ak--13,cdca04e0bc6ce855,å- k,
17,prot-1951--ak--13,cdca04e0bc6ce855,m- n,
18,prot-1951--ak--13,cdca04e0bc6ce855,e- k,
19,prot-1951--ak--13,cdca04e0bc6ce855,u- s,
20,prot-1951--ak--13,cdca04e0bc6ce855,r- m,
21,prot-1951--ak--13,cdca04e0bc6ce855,l- s,
22,prot-1951--ak--13,cdca04e0bc6ce855,t- t,
23,prot-1951--ak--13,cdca04e0bc6ce855,v- k,
0,prot-1951--ak--13,cdca04e0bc6ce855,n- d,
1,prot-1951--ak--13,cdca04e0bc6ce855,k- s,
2,prot-1951--ak--13,cdca04e0bc6ce855,c- k,
3,prot-1951--ak--13,cdca04e0bc6ce855,n- d,
4,prot-1951--ak--13,cdca04e0bc6ce855,r- d,
5,prot-1951--ak--13,cdca04e0bc6ce855,t- m,
6,prot-1951--ak--13,cdca04e0bc6ce855,d- l,
7,prot-1951--ak--13,cdca04e0bc6ce855,ö- r,
8,prot-1951--ak--13,cdca04e0bc6ce855,d- l,
9,prot-1951--ak--13,cdca04e0bc6ce855,n- d,
10,prot-1951--ak--13,cdca04e0bc6ce855,m- r,
11,prot-1951--ak--13,cdca04e0bc6ce855,e- s,
12,prot-1951--ak--13,cdca04e0bc6ce855,n- f,
13,prot-1951--ak--13,cdca04e0bc6ce855,r- m,
14,prot-1951--ak--13,cdca04e0bc6ce855,r- m,
15,prot-1951--ak--13,cdca04e0bc6ce855,n- d,
16,prot-1951--ak--13,cdca04e0bc6ce855,ö- p,
17,prot-1951--ak--13,cdca04e0bc6ce855,d- l,
18,prot-1951--ak--13,cdca04e0bc6ce855,o- n,
19,prot-1951--ak--13,cdca04e0bc6ce855,l- l,
20,prot-1951--ak--13,cdca04e0bc6ce855,o- n,
21,prot-1951--ak--13,cdca04e0bc6ce855,o- t,
22,prot-1951--ak--13,cdca04e0bc6ce855,t- t,
23,prot-1951--ak--13,cdca04e0bc6ce855,a- t,
24,prot-1951--ak--13,cdca04e0bc6ce855,o- s,
25,prot-1951--ak--13,cdca04e0bc6ce855,s- n,
26,prot-1951--ak--13,cdca04e0bc6ce855,i- f,
0,prot-1951--ak--13,7b16a01c980ae2ac,"n
n",
1,prot-1951--ak--13,7b16a01c980ae2ac,",
n",
2,prot-1951--ak--13,7b16a01c980ae2ac,",
n",
3,prot-1951--ak--13,7b16a01c980ae2ac,"t
n",
4,prot-1951--ak--13,7b16a01c980ae2ac,",
ä",
5,prot-1951--ak--13,7b16a01c980ae2ac,"n
n",
6,prot-1951--ak--13,7b16a01c980ae2ac,",
n",
7,prot-1951--ak--13,7b16a01c980ae2ac,",
n",
8,prot-1951--ak--13,7b16a01c980ae2ac,",
n",
9,prot-1951--ak--13,7b16a01c980ae2ac,",
n",
10,prot-1951--ak--13,7b16a01c980ae2ac,",
n",
11,prot-1951--ak--13,7b16a01c980ae2ac,"t
n",
12,prot-1951--ak--13,cdca04e0bc6ce855,å- t,
13,prot-1951--ak--13,cdca04e0bc6ce855,t- t,
14,prot-1951--ak--13,cdca04e0bc6ce855,å- t,
15,prot-1951--ak--13,cdca04e0bc6ce855,t- t,
16,prot-1951--ak--13,cdca04e0bc6ce855,g- t,
17,prot-1951--ak--13,cdca04e0bc6ce855,n- v,
18,prot-1951--ak--13,cdca04e0bc6ce855,i- l,
19,prot-1951--ak--13,cdca04e0bc6ce855,n- t,
20,prot-1951--ak--13,cdca04e0bc6ce855,s- t,
21,prot-1951--ak--13,cdca04e0bc6ce855,r- k,
22,prot-1951--ak--13,cdca04e0bc6ce855,r- s,
23,prot-1951--ak--13,cdca04e0bc6ce855,p- l,
24,prot-1951--ak--13,cdca04e0bc6ce855,k- t,
25,prot-1951--ak--13,cdca04e0bc6ce855,i- s,
26,prot-1951--ak--13,cdca04e0bc6ce855,i- g,
27,prot-1951--ak--13,cdca04e0bc6ce855,n- d,
28,prot-1951--ak--13,cdca04e0bc6ce855,o- t,
29,prot-1951--ak--13,cdca04e0bc6ce855,s- g,
30,prot-1951--ak--13,cdca04e0bc6ce855,e- g,
31,prot-1951--ak--13,cdca04e0bc6ce855,s- t,
32,prot-1951--ak--13,cdca04e0bc6ce855,t- m,
33,prot-1951--ak--13,cdca04e0bc6ce855,t- b,
34,prot-1951--ak--13,cdca04e0bc6ce855,ä- t,
35,prot-1951--ak--13,cdca04e0bc6ce855,r- v,
36,prot-1951--ak--13,cdca04e0bc6ce855,t- t,
0,prot-1951--ak--13,7b16a01c980ae2ac,"t
n",
1,prot-1951--ak--13,7b16a01c980ae2ac,",
ä",
2,prot-1951--ak--13,7b16a01c980ae2ac,"n
n",
3,prot-1951--ak--13,7b16a01c980ae2ac,",
n",
4,prot-1951--ak--13,7b16a01c980ae2ac,",
n",
5,prot-1951--ak--13,7b16a01c980ae2ac,"t
n",
6,prot-1951--ak--13,cdca04e0bc6ce855,a- c,
7,prot-1951--ak--13,cdca04e0bc6ce855,r- k,
8,prot-1951--ak--13,cdca04e0bc6ce855,d- b,
9,prot-1951--ak--13,cdca04e0bc6ce855,e- n,
10,prot-1951--ak--13,cdca04e0bc6ce855,n- d,
11,prot-1951--ak--13,cdca04e0bc6ce855,e- n,
12,prot-1951--ak--13,cdca04e0bc6ce855,r- k,
13,prot-1951--ak--13,cdca04e0bc6ce855,e- c,
14,prot-1951--ak--13,cdca04e0bc6ce855,t- s,
15,prot-1951--ak--13,cdca04e0bc6ce855,t- g,
16,prot-1951--ak--13,cdca04e0bc6ce855,a- r,
17,prot-1951--ak--13,cdca04e0bc6ce855,v- s,
18,prot-1951--ak--13,cdca04e0bc6ce855,n- s,
19,prot-1951--ak--13,cdca04e0bc6ce855,d- b,
20,prot-1951--ak--13,cdca04e0bc6ce855,o- t,
21,prot-1951--ak--13,cdca04e0bc6ce855,g- f,
22,prot-1951--ak--13,cdca04e0bc6ce855,m- s,
23,prot-1951--ak--13,cdca04e0bc6ce855,a- g,
24,prot-1951--ak--13,cdca04e0bc6ce855,k- n,
25,prot-1951--ak--13,cdca04e0bc6ce855,s- f,
26,prot-1951--ak--13,cdca04e0bc6ce855,l- t,
0,prot-1951--ak--13,7b16a01c980ae2ac,",
a",
1,prot-1951--ak--13,7b16a01c980ae2ac,"å
e",
2,prot-1951--ak--13,cdca04e0bc6ce855,d- r,
3,prot-1951--ak--13,cdca04e0bc6ce855,a- g,
4,prot-1951--ak--13,cdca04e0bc6ce855,s- r,
5,prot-1951--ak--13,cdca04e0bc6ce855,v- s,
6,prot-1951--ak--13,cdca04e0bc6ce855,a- g,
7,prot-1951--ak--13,cdca04e0bc6ce855,o- n,
8,prot-1951--ak--13,cdca04e0bc6ce855,n- d,
9,prot-1951--ak--13,cdca04e0bc6ce855,e- s,
10,prot-1951--ak--13,cdca04e0bc6ce855,s- s,
11,prot-1951--ak--13,cdca04e0bc6ce855,r- v,
12,prot-1951--ak--13,cdca04e0bc6ce855,k- n,
13,prot-1951--ak--13,cdca04e0bc6ce855,s- f,
14,prot-1951--ak--13,cdca04e0bc6ce855,a- g,
15,prot-1951--ak--13,cdca04e0bc6ce855,t- n,
16,prot-1951--ak--13,cdca04e0bc6ce855,d- b,
17,prot-1951--ak--13,cdca04e0bc6ce855,i- t,
18,prot-1951--ak--13,cdca04e0bc6ce855,g- h,
19,prot-1951--ak--13,cdca04e0bc6ce855,n- d,
20,prot-1951--ak--13,cdca04e0bc6ce855,g- h,
21,prot-1951--ak--13,cdca04e0bc6ce855,n- o,
22,prot-1951--ak--13,cdca04e0bc6ce855,y- r,
23,prot-1951--ak--13,cdca04e0bc6ce855,r- h,
24,prot-1951--ak--13,cdca04e0bc6ce855,e- g,
25,prot-1951--ak--13,cdca04e0bc6ce855,e- f,
26,prot-1951--ak--13,cdca04e0bc6ce855,r- k,
27,prot-1951--ak--13,cdca04e0bc6ce855,l- n,
28,prot-1951--ak--13,cdca04e0bc6ce855,n- t,
29,prot-1951--ak--13,cdca04e0bc6ce855,e- r,
30,prot-1951--ak--13,cdca04e0bc6ce855,å- v,
31,prot-1951--ak--13,cdca04e0bc6ce855,l- d,
0,prot-1951--ak--13,7b16a01c980ae2ac,"t
s",
1,prot-1951--ak--13,7b16a01c980ae2ac,"t
f",
2,prot-1951--ak--13,cdca04e0bc6ce855,å- v,
3,prot-1951--ak--13,cdca04e0bc6ce855,s- t,
4,prot-1951--ak--13,cdca04e0bc6ce855,s- f,
5,prot-1951--ak--13,cdca04e0bc6ce855,r- o,
6,prot-1951--ak--13,cdca04e0bc6ce855,r- t,
7,prot-1951--ak--13,cdca04e0bc6ce855,t- r,
8,prot-1951--ak--13,cdca04e0bc6ce855,v- s,
9,prot-1951--ak--13,cdca04e0bc6ce855,n- l,
10,prot-1951--ak--13,cdca04e0bc6ce855,n- n,
11,prot-1951--ak--13,cdca04e0bc6ce855,t- g,
12,prot-1951--ak--13,cdca04e0bc6ce855,y- r,
13,prot-1951--ak--13,cdca04e0bc6ce855,s- c,
14,prot-1951--ak--13,cdca04e0bc6ce855,o- n,
15,prot-1951--ak--13,cdca04e0bc6ce855,t- t,
16,prot-1951--ak--13,cdca04e0bc6ce855,t- s,
17,prot-1951--ak--13,cdca04e0bc6ce855,i- t,
18,prot-1951--ak--13,cdca04e0bc6ce855,ö- r,
19,prot-1951--ak--13,cdca04e0bc6ce855,a- g,
20,prot-1951--ak--13,cdca04e0bc6ce855,s- l,
21,prot-1951--ak--13,cdca04e0bc6ce855,s- t,
22,prot-1951--ak--13,cdca04e0bc6ce855,g- f,
23,prot-1951--ak--13,cdca04e0bc6ce855,s- l,
24,prot-1951--ak--13,cdca04e0bc6ce855,g- f,
25,prot-1951--ak--13,cdca04e0bc6ce855,l- d,
26,prot-1951--ak--13,cdca04e0bc6ce855,e- b,
27,prot-1951--ak--13,cdca04e0bc6ce855,t- t,
28,prot-1951--ak--13,cdca04e0bc6ce855,e- s,
29,prot-1951--ak--13,cdca04e0bc6ce855,n- n,
30,prot-1951--ak--13,cdca04e0bc6ce855,r- g,
0,prot-1951--ak--13,7b16a01c980ae2ac,"u
f",
1,prot-1951--ak--13,cdca04e0bc6ce855,s- g,
2,prot-1951--ak--13,cdca04e0bc6ce855,n- d,
3,prot-1951--ak--13,cdca04e0bc6ce855,r- l,
4,prot-1951--ak--13,cdca04e0bc6ce855,k- n,
5,prot-1951--ak--13,cdca04e0bc6ce855,e- s,
6,prot-1951--ak--13,cdca04e0bc6ce855,e- b,
7,prot-1951--ak--13,cdca04e0bc6ce855,a- g,
8,prot-1951--ak--13,cdca04e0bc6ce855,r- k,
9,prot-1951--ak--13,cdca04e0bc6ce855,t- r,
10,prot-1951--ak--13,cdca04e0bc6ce855,t- n,
11,prot-1951--ak--13,cdca04e0bc6ce855,l- m,
12,prot-1951--ak--13,cdca04e0bc6ce855,k- n,
13,prot-1951--ak--13,cdca04e0bc6ce855,å- g,
14,prot-1951--ak--13,cdca04e0bc6ce855,i- v,
15,prot-1951--ak--13,cdca04e0bc6ce855,r- j,
16,prot-1951--ak--13,cdca04e0bc6ce855,k- t,
17,prot-1951--ak--13,cdca04e0bc6ce855,d- t,
18,prot-1951--ak--13,cdca04e0bc6ce855,t- t,
19,prot-1951--ak--13,cdca04e0bc6ce855,p- h,
20,prot-1951--ak--13,cdca04e0bc6ce855,r- g,
21,prot-1951--ak--13,cdca04e0bc6ce855,o- n,
22,prot-1951--ak--13,cdca04e0bc6ce855,r- m,
23,prot-1951--ak--13,cdca04e0bc6ce855,n- t,
0,prot-1951--ak--13,7b16a01c980ae2ac,"a
a",
1,prot-1951--ak--13,cdca04e0bc6ce855,e- t,
2,prot-1951--ak--13,cdca04e0bc6ce855,n- t,
3,prot-1951--ak--13,cdca04e0bc6ce855,s- s,
4,prot-1951--ak--13,cdca04e0bc6ce855,d- f,
5,prot-1951--ak--13,cdca04e0bc6ce855,e- m,
6,prot-1951--ak--13,cdca04e0bc6ce855,d- v,
7,prot-1951--ak--13,cdca04e0bc6ce855,a- g,
8,prot-1951--ak--13,cdca04e0bc6ce855,m- h,
9,prot-1951--ak--13,cdca04e0bc6ce855,n- t,
10,prot-1951--ak--13,cdca04e0bc6ce855,m- m,
11,prot-1951--ak--13,cdca04e0bc6ce855,e- s,
12,prot-1951--ak--13,cdca04e0bc6ce855,l- s,
13,prot-1951--ak--13,cdca04e0bc6ce855,l- l,
14,prot-1951--ak--13,cdca04e0bc6ce855,m- r,
15,prot-1951--ak--13,cdca04e0bc6ce855,l- a,
16,prot-1951--ak--13,cdca04e0bc6ce855,i- d,
17,prot-1951--ak--13,cdca04e0bc6ce855,t- m,
18,prot-1951--ak--13,cdca04e0bc6ce855,n- g,
19,prot-1951--ak--13,cdca04e0bc6ce855,m- m,
20,prot-1951--ak--13,cdca04e0bc6ce855,s- r,
21,prot-1951--ak--13,cdca04e0bc6ce855,e- s,
22,prot-1951--ak--13,cdca04e0bc6ce855,l- m,
23,prot-1951--ak--13,cdca04e0bc6ce855,d- n,
24,prot-1951--ak--13,cdca04e0bc6ce855,t- l,
25,prot-1951--ak--13,cdca04e0bc6ce855,g- s,
26,prot-1951--ak--13,cdca04e0bc6ce855,å- l,
27,prot-1951--ak--13,cdca04e0bc6ce855,r- l,
28,prot-1951--ak--13,cdca04e0bc6ce855,n- d,
29,prot-1951--ak--13,cdca04e0bc6ce855,g- e,
0,prot-1951--ak--13,7b16a01c980ae2ac,"h
d",
1,prot-1951--ak--13,cdca04e0bc6ce855,k- n,
2,prot-1951--ak--13,cdca04e0bc6ce855,s- f,
3,prot-1951--ak--13,cdca04e0bc6ce855,s- t,
4,prot-1951--ak--13,cdca04e0bc6ce855,s- m,
5,prot-1951--ak--13,cdca04e0bc6ce855,r- t,
6,prot-1951--ak--13,cdca04e0bc6ce855,a- g,
7,prot-1951--ak--13,cdca04e0bc6ce855,n- d,
8,prot-1951--ak--13,cdca04e0bc6ce855,k- n,
9,prot-1951--ak--13,cdca04e0bc6ce855,r- s,
10,prot-1951--ak--13,cdca04e0bc6ce855,e- g,
11,prot-1951--ak--13,cdca04e0bc6ce855,t- n,
12,prot-1951--ak--13,cdca04e0bc6ce855,n- l,
13,prot-1951--ak--13,cdca04e0bc6ce855,g- a,
14,prot-1951--ak--13,cdca04e0bc6ce855,s- a,
15,prot-1951--ak--13,cdca04e0bc6ce855,ä- r,
16,prot-1951--ak--13,cdca04e0bc6ce855,n- t,
17,prot-1951--ak--13,cdca04e0bc6ce855,n- k,
18,prot-1951--ak--13,cdca04e0bc6ce855,s- a,
19,prot-1951--ak--13,cdca04e0bc6ce855,l- l,
20,prot-1951--ak--13,cdca04e0bc6ce855,j- n,
21,prot-1951--ak--13,cdca04e0bc6ce855,n- n,
22,prot-1951--ak--13,cdca04e0bc6ce855,i- g,
23,prot-1951--ak--13,cdca04e0bc6ce855,d- g,
24,prot-1951--ak--13,cdca04e0bc6ce855,n- n,
25,prot-1951--ak--13,cdca04e0bc6ce855,t- n,
26,prot-1951--ak--13,cdca04e0bc6ce855,m- n,
27,prot-1951--ak--13,cdca04e0bc6ce855,e- n,
28,prot-1951--ak--13,cdca04e0bc6ce855,o- n,
29,prot-1951--ak--13,cdca04e0bc6ce855,e- t,
30,prot-1951--ak--13,cdca04e0bc6ce855,s- o,
31,prot-1951--ak--13,cdca04e0bc6ce855,t- r,
32,prot-1951--ak--13,cdca04e0bc6ce855,t- t,
33,prot-1951--ak--13,cdca04e0bc6ce855,g- a,
34,prot-1951--ak--13,cdca04e0bc6ce855,r- k,
35,prot-1951--ak--13,cdca04e0bc6ce855,e- k,
36,prot-1951--ak--13,cdca04e0bc6ce855,o- l,
37,prot-1951--ak--13,cdca04e0bc6ce855,t- r,
0,prot-1951--ak--13,cdca04e0bc6ce855,r- r,
1,prot-1951--ak--13,cdca04e0bc6ce855,i- t,
2,prot-1951--ak--13,cdca04e0bc6ce855,n- d,
3,prot-1951--ak--13,cdca04e0bc6ce855,o- n,
4,prot-1951--ak--13,cdca04e0bc6ce855,l- l,
5,prot-1951--ak--13,cdca04e0bc6ce855,ä- v,
6,prot-1951--ak--13,cdca04e0bc6ce855,s- r,
7,prot-1951--ak--13,cdca04e0bc6ce855,e- n,
8,prot-1951--ak--13,cdca04e0bc6ce855,t- s,
9,prot-1951--ak--13,cdca04e0bc6ce855,a- g,
10,prot-1951--ak--13,cdca04e0bc6ce855,l- l,
11,prot-1951--ak--13,cdca04e0bc6ce855,k- n,
12,prot-1951--ak--13,cdca04e0bc6ce855,ä- r,
13,prot-1951--ak--13,cdca04e0bc6ce855,l- l,
14,prot-1951--ak--13,cdca04e0bc6ce855,a- g,
15,prot-1951--ak--13,cdca04e0bc6ce855,l- l,
16,prot-1951--ak--13,cdca04e0bc6ce855,s- ä,
17,prot-1951--ak--13,cdca04e0bc6ce855,y- l,
18,prot-1951--ak--13,cdca04e0bc6ce855,e- t,
19,prot-1951--ak--13,cdca04e0bc6ce855,a- g,
20,prot-1951--ak--13,cdca04e0bc6ce855,r- m,
21,prot-1951--ak--13,cdca04e0bc6ce855,p- f,
22,prot-1951--ak--13,cdca04e0bc6ce855,e- s,
23,prot-1951--ak--13,cdca04e0bc6ce855,a- m,
24,prot-1951--ak--13,cdca04e0bc6ce855,n- f,
25,prot-1951--ak--13,cdca04e0bc6ce855,k- t,
26,prot-1951--ak--13,cdca04e0bc6ce855,ö- r,
27,prot-1951--ak--13,cdca04e0bc6ce855,e- r,
28,prot-1951--ak--13,cdca04e0bc6ce855,v- s,
29,prot-1951--ak--13,cdca04e0bc6ce855,e- s,
30,prot-1951--ak--13,cdca04e0bc6ce855,t- t,
31,prot-1951--ak--13,cdca04e0bc6ce855,r- g,
32,prot-1951--ak--13,cdca04e0bc6ce855,k- l,
33,prot-1951--ak--13,cdca04e0bc6ce855,e- m,
34,prot-1951--ak--13,cdca04e0bc6ce855,m- m,
35,prot-1951--ak--13,cdca04e0bc6ce855,t- s,
36,prot-1951--ak--13,cdca04e0bc6ce855,n- d,
37,prot-1951--ak--13,cdca04e0bc6ce855,l- l,
38,prot-1951--ak--13,cdca04e0bc6ce855,u- v,
39,prot-1951--ak--13,cdca04e0bc6ce855,g- h,
40,prot-1951--ak--13,cdca04e0bc6ce855,d- r,
41,prot-1951--ak--13,cdca04e0bc6ce855,a- g,
42,prot-1951--ak--13,cdca04e0bc6ce855,g- h,
43,prot-1951--ak--13,cdca04e0bc6ce855,t- g,
0,prot-1951--ak--13,cdca04e0bc6ce855,g- h,
1,prot-1951--ak--13,cdca04e0bc6ce855,e- d,
2,prot-1951--ak--13,cdca04e0bc6ce855,k- t,
3,prot-1951--ak--13,cdca04e0bc6ce855,u- v,
4,prot-1951--ak--13,cdca04e0bc6ce855,o- n,
5,prot-1951--ak--13,cdca04e0bc6ce855,r- g,
6,prot-1951--ak--13,cdca04e0bc6ce855,j- l,
7,prot-1951--ak--13,cdca04e0bc6ce855,v- r,
8,prot-1951--ak--13,cdca04e0bc6ce855,s- t,
9,prot-1951--ak--13,cdca04e0bc6ce855,e- g,
10,prot-1951--ak--13,cdca04e0bc6ce855,n- d,
11,prot-1951--ak--13,cdca04e0bc6ce855,r- m,
12,prot-1951--ak--13,cdca04e0bc6ce855,e- t,
13,prot-1951--ak--13,cdca04e0bc6ce855,å- d,
14,prot-1951--ak--13,cdca04e0bc6ce855,j- n,
15,prot-1951--ak--13,cdca04e0bc6ce855,t- b,
16,prot-1951--ak--13,cdca04e0bc6ce855,t- t,
17,prot-1951--ak--13,cdca04e0bc6ce855,k- l,
18,prot-1951--ak--13,cdca04e0bc6ce855,s- d,
19,prot-1951--ak--13,cdca04e0bc6ce855,s- f,
20,prot-1951--ak--13,cdca04e0bc6ce855,s- d,
21,prot-1951--ak--13,cdca04e0bc6ce855,a- t,
22,prot-1951--ak--13,cdca04e0bc6ce855,n- t,
23,prot-1951--ak--13,cdca04e0bc6ce855,s- i,
24,prot-1951--ak--13,cdca04e0bc6ce855,e- f,
25,prot-1951--ak--13,cdca04e0bc6ce855,a- t,
26,prot-1951--ak--13,cdca04e0bc6ce855,s- t,
27,prot-1951--ak--13,cdca04e0bc6ce855,c- k,
0,prot-1951--ak--13,7b16a01c980ae2ac,"n
s",
1,prot-1951--ak--13,cdca04e0bc6ce855,s- a,
2,prot-1951--ak--13,cdca04e0bc6ce855,t- b,
3,prot-1951--ak--13,cdca04e0bc6ce855,i- s,
4,prot-1951--ak--13,cdca04e0bc6ce855,t- v,
5,prot-1951--ak--13,cdca04e0bc6ce855,m- m,
6,prot-1951--ak--13,cdca04e0bc6ce855,n- t,
7,prot-1951--ak--13,cdca04e0bc6ce855,e- n,
8,prot-1951--ak--13,cdca04e0bc6ce855,e- t,
9,prot-1951--ak--13,cdca04e0bc6ce855,r- n,
10,prot-1951--ak--13,cdca04e0bc6ce855,t- m,
11,prot-1951--ak--13,cdca04e0bc6ce855,k- m,
12,prot-1951--ak--13,cdca04e0bc6ce855,ö- m,
13,prot-1951--ak--13,cdca04e0bc6ce855,a- k,
14,prot-1951--ak--13,cdca04e0bc6ce855,t- s,
15,prot-1951--ak--13,cdca04e0bc6ce855,r- s,
16,prot-1951--ak--13,cdca04e0bc6ce855,å- t,
17,prot-1951--ak--13,cdca04e0bc6ce855,n- d,
18,prot-1951--ak--13,cdca04e0bc6ce855,a- r,
19,prot-1951--ak--13,cdca04e0bc6ce855,s- s,
20,prot-1951--ak--13,cdca04e0bc6ce855,o- v,
21,prot-1951--ak--13,cdca04e0bc6ce855,s- l,
22,prot-1951--ak--13,cdca04e0bc6ce855,m- m,
23,prot-1951--ak--13,cdca04e0bc6ce855,s- t,
24,prot-1951--ak--13,cdca04e0bc6ce855,n- n,
25,prot-1951--ak--13,cdca04e0bc6ce855,t- s,
26,prot-1951--ak--13,cdca04e0bc6ce855,e- t,
27,prot-1951--ak--13,cdca04e0bc6ce855,g- g,
28,prot-1951--ak--13,cdca04e0bc6ce855,e- s,
29,prot-1951--ak--13,cdca04e0bc6ce855,t- g,
30,prot-1951--ak--13,cdca04e0bc6ce855,n- f,
31,prot-1951--ak--13,cdca04e0bc6ce855,r- s,
32,prot-1951--ak--13,cdca04e0bc6ce855,t- t,
33,prot-1951--ak--13,cdca04e0bc6ce855,e- v,
34,prot-1951--ak--13,cdca04e0bc6ce855,e- d,
35,prot-1951--ak--13,cdca04e0bc6ce855,v- f,
36,prot-1951--ak--13,cdca04e0bc6ce855,e- f,
0,prot-1951--ak--13,cdca04e0bc6ce855,a- n,
1,prot-1951--ak--13,cdca04e0bc6ce855,k- n,
2,prot-1951--ak--13,cdca04e0bc6ce855,l- s,
3,prot-1951--ak--13,cdca04e0bc6ce855,l- m,
4,prot-1951--ak--13,cdca04e0bc6ce855,m- n,
5,prot-1951--ak--13,cdca04e0bc6ce855,n- t,
6,prot-1951--ak--13,cdca04e0bc6ce855,g- l,
7,prot-1951--ak--13,cdca04e0bc6ce855,s- l,
8,prot-1951--ak--13,cdca04e0bc6ce855,e- t,
9,prot-1951--ak--13,cdca04e0bc6ce855,e- s,
10,prot-1951--ak--13,cdca04e0bc6ce855,s- t,
11,prot-1951--ak--13,cdca04e0bc6ce855,e- t,
12,prot-1951--ak--13,cdca04e0bc6ce855,n- n,
13,prot-1951--ak--13,cdca04e0bc6ce855,t- b,
14,prot-1951--ak--13,cdca04e0bc6ce855,e- r,
15,prot-1951--ak--13,cdca04e0bc6ce855,m- m,
16,prot-1951--ak--13,cdca04e0bc6ce855,l- n,
17,prot-1951--ak--13,cdca04e0bc6ce855,n- d,
18,prot-1951--ak--13,cdca04e0bc6ce855,k- t,
19,prot-1951--ak--13,cdca04e0bc6ce855,n- n,
20,prot-1951--ak--13,cdca04e0bc6ce855,m- m,
21,prot-1951--ak--13,cdca04e0bc6ce855,s- g,
22,prot-1951--ak--13,cdca04e0bc6ce855,o- t,
23,prot-1951--ak--13,cdca04e0bc6ce855,r- g,
24,prot-1951--ak--13,cdca04e0bc6ce855,n- n,
0,prot-1951--ak--13,cdca04e0bc6ce855,r- g,
1,prot-1951--ak--13,cdca04e0bc6ce855,n- p,
2,prot-1951--ak--13,cdca04e0bc6ce855,r- g,
3,prot-1951--ak--13,cdca04e0bc6ce855,i- k,
4,prot-1951--ak--13,cdca04e0bc6ce855,n- n,
5,prot-1951--ak--13,cdca04e0bc6ce855,d- ä,
6,prot-1951--ak--13,cdca04e0bc6ce855,s- k,
7,prot-1951--ak--13,cdca04e0bc6ce855,r- g,
8,prot-1951--ak--13,cdca04e0bc6ce855,d- b,
9,prot-1951--ak--13,cdca04e0bc6ce855,k- t,
10,prot-1951--ak--13,cdca04e0bc6ce855,r- h,
11,prot-1951--ak--13,cdca04e0bc6ce855,l- s,
12,prot-1951--ak--13,cdca04e0bc6ce855,a- m,
13,prot-1951--ak--13,cdca04e0bc6ce855,r- s,
14,prot-1951--ak--13,cdca04e0bc6ce855,t- b,
15,prot-1951--ak--13,cdca04e0bc6ce855,n- n,
16,prot-1951--ak--13,cdca04e0bc6ce855,s- n,
17,prot-1951--ak--13,cdca04e0bc6ce855,s- n,
18,prot-1951--ak--13,cdca04e0bc6ce855,k- t,
19,prot-1951--ak--13,cdca04e0bc6ce855,g- h,
20,prot-1951--ak--13,cdca04e0bc6ce855,r- d,
21,prot-1951--ak--13,cdca04e0bc6ce855,s- m,
22,prot-1951--ak--13,cdca04e0bc6ce855,e- n,
23,prot-1951--ak--13,cdca04e0bc6ce855,l- l,
24,prot-1951--ak--13,cdca04e0bc6ce855,d- r,
25,prot-1951--ak--13,cdca04e0bc6ce855,s- n,
26,prot-1951--ak--13,cdca04e0bc6ce855,t- n,
27,prot-1951--ak--13,cdca04e0bc6ce855,g- f,
28,prot-1951--ak--13,cdca04e0bc6ce855,e- l,
29,prot-1951--ak--13,cdca04e0bc6ce855,g- n,
30,prot-1951--ak--13,cdca04e0bc6ce855,u- e,
31,prot-1951--ak--13,cdca04e0bc6ce855,r- s,
32,prot-1951--ak--13,cdca04e0bc6ce855,g- n,
0,prot-1951--ak--13,7b16a01c980ae2ac,"t
m",
1,prot-1951--ak--13,cdca04e0bc6ce855,i- g,
2,prot-1951--ak--13,cdca04e0bc6ce855,e- r,
3,prot-1951--ak--13,cdca04e0bc6ce855,k- l,
4,prot-1951--ak--13,cdca04e0bc6ce855,å- d,
5,prot-1951--ak--13,cdca04e0bc6ce855,s- t,
6,prot-1951--ak--13,cdca04e0bc6ce855,m- b,
7,prot-1951--ak--13,cdca04e0bc6ce855,k- s,
8,prot-1951--ak--13,cdca04e0bc6ce855,u- k,
9,prot-1951--ak--13,cdca04e0bc6ce855,e- m,
10,prot-1951--ak--13,cdca04e0bc6ce855,s- k,
11,prot-1951--ak--13,cdca04e0bc6ce855,r- m,
12,prot-1951--ak--13,cdca04e0bc6ce855,d- b,
13,prot-1951--ak--13,cdca04e0bc6ce855,a- t,
14,prot-1951--ak--13,cdca04e0bc6ce855,r- n,
15,prot-1951--ak--13,cdca04e0bc6ce855,ö- g,
16,prot-1951--ak--13,cdca04e0bc6ce855,e- t,
17,prot-1951--ak--13,cdca04e0bc6ce855,u- l,
18,prot-1951--ak--13,cdca04e0bc6ce855,r- r,
19,prot-1951--ak--13,cdca04e0bc6ce855,v- s,
20,prot-1951--ak--13,cdca04e0bc6ce855,o- n,
21,prot-1951--ak--13,cdca04e0bc6ce855,n- m,
22,prot-1951--ak--13,cdca04e0bc6ce855,d- a,
23,prot-1951--ak--13,cdca04e0bc6ce855,i- k,
0,prot-1951--ak--13,7b16a01c980ae2ac,"n
f",
1,prot-1951--ak--13,cdca04e0bc6ce855,s- s,
2,prot-1951--ak--13,cdca04e0bc6ce855,r- s,
3,prot-1951--ak--13,cdca04e0bc6ce855,t- o,
4,prot-1951--ak--13,cdca04e0bc6ce855,r- b,
5,prot-1951--ak--13,cdca04e0bc6ce855,s- l,
6,prot-1951--ak--13,cdca04e0bc6ce855,d- p,
7,prot-1951--ak--13,cdca04e0bc6ce855,n- t,
8,prot-1951--ak--13,cdca04e0bc6ce855,e- f,
9,prot-1951--ak--13,cdca04e0bc6ce855,n- t,
10,prot-1951--ak--13,cdca04e0bc6ce855,m- s,
11,prot-1951--ak--13,cdca04e0bc6ce855,i- t,
12,prot-1951--ak--13,cdca04e0bc6ce855,e- h,
13,prot-1951--ak--13,cdca04e0bc6ce855,n- d,
14,prot-1951--ak--13,cdca04e0bc6ce855,n- m,
15,prot-1951--ak--13,cdca04e0bc6ce855,r- i,
16,prot-1951--ak--13,cdca04e0bc6ce855,c- k,
17,prot-1951--ak--13,cdca04e0bc6ce855,e- r,
18,prot-1951--ak--13,cdca04e0bc6ce855,a- r,
19,prot-1951--ak--13,cdca04e0bc6ce855,d- l,
20,prot-1951--ak--13,cdca04e0bc6ce855,l- m,
21,prot-1951--ak--13,cdca04e0bc6ce855,g- a,
22,prot-1951--ak--13,cdca04e0bc6ce855,d- r,
23,prot-1951--ak--13,cdca04e0bc6ce855,a- g,
24,prot-1951--ak--13,cdca04e0bc6ce855,d- b,
25,prot-1951--ak--13,cdca04e0bc6ce855,s- s,
26,prot-1951--ak--13,cdca04e0bc6ce855,n- t,
0,prot-1951--ak--13,cdca04e0bc6ce855,a- g,
1,prot-1951--ak--13,cdca04e0bc6ce855,n- d,
2,prot-1951--ak--13,cdca04e0bc6ce855,r- s,
3,prot-1951--ak--13,cdca04e0bc6ce855,e- t,
4,prot-1951--ak--13,cdca04e0bc6ce855,n- s,
5,prot-1951--ak--13,cdca04e0bc6ce855,a- g,
6,prot-1951--ak--13,cdca04e0bc6ce855,r- k,
7,prot-1951--ak--13,cdca04e0bc6ce855,d- b,
8,prot-1951--ak--13,cdca04e0bc6ce855,k- n,
9,prot-1951--ak--13,cdca04e0bc6ce855,r- v,
10,prot-1951--ak--13,cdca04e0bc6ce855,j- l,
11,prot-1951--ak--13,cdca04e0bc6ce855,å- d,
12,prot-1951--ak--13,cdca04e0bc6ce855,r- v,
13,prot-1951--ak--13,cdca04e0bc6ce855,t- t,
14,prot-1951--ak--13,cdca04e0bc6ce855,a- g,
15,prot-1951--ak--13,cdca04e0bc6ce855,e- r,
16,prot-1951--ak--13,cdca04e0bc6ce855,l- l,
17,prot-1951--ak--13,cdca04e0bc6ce855,e- n,
18,prot-1951--ak--13,cdca04e0bc6ce855,n- t,
19,prot-1951--ak--13,cdca04e0bc6ce855,k- t,
20,prot-1951--ak--13,cdca04e0bc6ce855,e- s,
21,prot-1951--ak--13,cdca04e0bc6ce855,a- t,
22,prot-1951--ak--13,cdca04e0bc6ce855,i- t,
23,prot-1951--ak--13,cdca04e0bc6ce855,e- r,
24,prot-1951--ak--13,cdca04e0bc6ce855,r- t,
25,prot-1951--ak--13,cdca04e0bc6ce855,u- t,
26,prot-1951--ak--13,cdca04e0bc6ce855,s- v,
27,prot-1951--ak--13,cdca04e0bc6ce855,m- d,
28,prot-1951--ak--13,cdca04e0bc6ce855,t- g,
29,prot-1951--ak--13,cdca04e0bc6ce855,r- s,
30,prot-1951--ak--13,cdca04e0bc6ce855,t- t,
31,prot-1951--ak--13,cdca04e0bc6ce855,å- d,
32,prot-1951--ak--13,cdca04e0bc6ce855,m- n,
33,prot-1951--ak--13,cdca04e0bc6ce855,r- s,
0,prot-1951--ak--13,7b16a01c980ae2ac,"a
f",
1,prot-1951--ak--13,cdca04e0bc6ce855,e- f,
2,prot-1951--ak--13,cdca04e0bc6ce855,n- d,
3,prot-1951--ak--13,cdca04e0bc6ce855,p- t,
4,prot-1951--ak--13,cdca04e0bc6ce855,n- s,
5,prot-1951--ak--13,cdca04e0bc6ce855,a- d,
6,prot-1951--ak--13,cdca04e0bc6ce855,n- s,
7,prot-1951--ak--13,cdca04e0bc6ce855,e- s,
8,prot-1951--ak--13,cdca04e0bc6ce855,l- s,
9,prot-1951--ak--13,cdca04e0bc6ce855,o- t,
10,prot-1951--ak--13,cdca04e0bc6ce855,g- h,
11,prot-1951--ak--13,cdca04e0bc6ce855,n- d,
12,prot-1951--ak--13,cdca04e0bc6ce855,s- g,
13,prot-1951--ak--13,cdca04e0bc6ce855,r- r,
14,prot-1951--ak--13,cdca04e0bc6ce855,t- m,
15,prot-1951--ak--13,cdca04e0bc6ce855,e- t,
16,prot-1951--ak--13,cdca04e0bc6ce855,l- s,
17,prot-1951--ak--13,cdca04e0bc6ce855,ö- k,
18,prot-1951--ak--13,cdca04e0bc6ce855,n- s,
19,prot-1951--ak--13,cdca04e0bc6ce855,n- m,
0,prot-1951--ak--13,7b16a01c980ae2ac,"e
o",
1,prot-1951--ak--13,cdca04e0bc6ce855,e- r,
2,prot-1951--ak--13,cdca04e0bc6ce855,s- t,
3,prot-1951--ak--13,cdca04e0bc6ce855,m- n,
4,prot-1951--ak--13,cdca04e0bc6ce855,å- d,
5,prot-1951--ak--13,cdca04e0bc6ce855,t- s,
6,prot-1951--ak--13,cdca04e0bc6ce855,n- f,
7,prot-1951--ak--13,cdca04e0bc6ce855,s- s,
8,prot-1951--ak--13,cdca04e0bc6ce855,r- s,
9,prot-1951--ak--13,cdca04e0bc6ce855,m- m,
10,prot-1951--ak--13,cdca04e0bc6ce855,t- b,
11,prot-1951--ak--13,cdca04e0bc6ce855,c- k,
12,prot-1951--ak--13,cdca04e0bc6ce855,o- k,
13,prot-1951--ak--13,cdca04e0bc6ce855,a- s,
14,prot-1951--ak--13,cdca04e0bc6ce855,a- m,
15,prot-1951--ak--13,cdca04e0bc6ce855,r- l,
16,prot-1951--ak--13,cdca04e0bc6ce855,s- r,
17,prot-1951--ak--13,cdca04e0bc6ce855,l- m,
18,prot-1951--ak--13,cdca04e0bc6ce855,r- s,
19,prot-1951--ak--13,cdca04e0bc6ce855,s- t,
20,prot-1951--ak--13,cdca04e0bc6ce855,n- s,
21,prot-1951--ak--13,cdca04e0bc6ce855,n- f,
22,prot-1951--ak--13,cdca04e0bc6ce855,n- n,
23,prot-1951--ak--13,cdca04e0bc6ce855,r- r,
24,prot-1951--ak--13,cdca04e0bc6ce855,i- d,
25,prot-1951--ak--13,cdca04e0bc6ce855,a- r,
26,prot-1951--ak--13,cdca04e0bc6ce855,c- k,
27,prot-1951--ak--13,cdca04e0bc6ce855,m- l,
28,prot-1951--ak--13,cdca04e0bc6ce855,s- l,
29,prot-1951--ak--13,cdca04e0bc6ce855,n- t,
30,prot-1951--ak--13,cdca04e0bc6ce855,n- n,
31,prot-1951--ak--13,cdca04e0bc6ce855,k- n,
32,prot-1951--ak--13,cdca04e0bc6ce855,u- v,
33,prot-1951--ak--13,cdca04e0bc6ce855,d- f,
34,prot-1951--ak--13,cdca04e0bc6ce855,i- d,
35,prot-1951--ak--13,cdca04e0bc6ce855,d- r,
0,prot-1951--ak--13,7b16a01c980ae2ac,"m
s",
1,prot-1951--ak--13,cdca04e0bc6ce855,a- g,
2,prot-1951--ak--13,cdca04e0bc6ce855,k- t,
3,prot-1951--ak--13,cdca04e0bc6ce855,r- d,
4,prot-1951--ak--13,cdca04e0bc6ce855,i- t,
5,prot-1951--ak--13,cdca04e0bc6ce855,n- d,
6,prot-1951--ak--13,cdca04e0bc6ce855,ö- d,
7,prot-1951--ak--13,cdca04e0bc6ce855,u- k,
8,prot-1951--ak--13,cdca04e0bc6ce855,e- n,
9,prot-1951--ak--13,cdca04e0bc6ce855,å- n,
10,prot-1951--ak--13,cdca04e0bc6ce855,o- m,
11,prot-1951--ak--13,cdca04e0bc6ce855,i- g,
12,prot-1951--ak--13,cdca04e0bc6ce855,a- t,
13,prot-1951--ak--13,cdca04e0bc6ce855,m- m,
14,prot-1951--ak--13,cdca04e0bc6ce855,e- k,
15,prot-1951--ak--13,cdca04e0bc6ce855,m- m,
16,prot-1951--ak--13,cdca04e0bc6ce855,s- s,
17,prot-1951--ak--13,cdca04e0bc6ce855,a- l,
18,prot-1951--ak--13,cdca04e0bc6ce855,i- f,
19,prot-1951--ak--13,cdca04e0bc6ce855,r- k,
20,prot-1951--ak--13,cdca04e0bc6ce855,d- b,
21,prot-1951--ak--13,cdca04e0bc6ce855,p- p,
22,prot-1951--ak--13,cdca04e0bc6ce855,o- n,
23,prot-1951--ak--13,cdca04e0bc6ce855,t- g,
24,prot-1951--ak--13,cdca04e0bc6ce855,n- n,
25,prot-1951--ak--13,cdca04e0bc6ce855,k- s,
26,prot-1951--ak--13,cdca04e0bc6ce855,o- p,
27,prot-1951--ak--13,cdca04e0bc6ce855,g- h,
28,prot-1951--ak--13,cdca04e0bc6ce855,a- l,
29,prot-1951--ak--13,cdca04e0bc6ce855,d- b,
30,prot-1951--ak--13,cdca04e0bc6ce855,n- d,
31,prot-1951--ak--13,cdca04e0bc6ce855,l- l,
32,prot-1951--ak--13,cdca04e0bc6ce855,l- l,
0,prot-1951--ak--13,cdca04e0bc6ce855,e- t,
1,prot-1951--ak--13,cdca04e0bc6ce855,t- t,
2,prot-1951--ak--13,cdca04e0bc6ce855,s- t,
3,prot-1951--ak--13,cdca04e0bc6ce855,l- l,
4,prot-1951--ak--13,cdca04e0bc6ce855,g- n,
5,prot-1951--ak--13,cdca04e0bc6ce855,o- n,
6,prot-1951--ak--13,cdca04e0bc6ce855,i- s,
7,prot-1951--ak--13,cdca04e0bc6ce855,g- s,
8,prot-1951--ak--13,cdca04e0bc6ce855,e- n,
9,prot-1951--ak--13,cdca04e0bc6ce855,s- o,
10,prot-1951--ak--13,cdca04e0bc6ce855,r- a,
11,prot-1951--ak--13,cdca04e0bc6ce855,e- s,
12,prot-1951--ak--13,cdca04e0bc6ce855,n- d,
13,prot-1951--ak--13,cdca04e0bc6ce855,n- d,
14,prot-1951--ak--13,cdca04e0bc6ce855,f- f,
15,prot-1951--ak--13,cdca04e0bc6ce855,r- k,
16,prot-1951--ak--13,cdca04e0bc6ce855,k- t,
17,prot-1951--ak--13,cdca04e0bc6ce855,n- n,
18,prot-1951--ak--13,cdca04e0bc6ce855,o- d,
19,prot-1951--ak--13,cdca04e0bc6ce855,t- s,
20,prot-1951--ak--13,cdca04e0bc6ce855,d- r,
21,prot-1951--ak--13,cdca04e0bc6ce855,r- s,
22,prot-1951--ak--13,cdca04e0bc6ce855,n- d,
23,prot-1951--ak--13,cdca04e0bc6ce855,n- d,
24,prot-1951--ak--13,cdca04e0bc6ce855,m- m,
25,prot-1951--ak--13,cdca04e0bc6ce855,r- m,
26,prot-1951--ak--13,cdca04e0bc6ce855,r- d,
27,prot-1951--ak--13,cdca04e0bc6ce855,r- k,
28,prot-1951--ak--13,cdca04e0bc6ce855,o- n,
29,prot-1951--ak--13,cdca04e0bc6ce855,t- n,
30,prot-1951--ak--13,cdca04e0bc6ce855,s- f,
31,prot-1951--ak--13,cdca04e0bc6ce855,ä- v,
0,prot-1951--ak--13,7b16a01c980ae2ac,"v
h",
1,prot-1951--ak--13,cdca04e0bc6ce855,o- n,
2,prot-1951--ak--13,cdca04e0bc6ce855,m- s,
3,prot-1951--ak--13,cdca04e0bc6ce855,r- v,
4,prot-1951--ak--13,cdca04e0bc6ce855,r- t,
5,prot-1951--ak--13,cdca04e0bc6ce855,l- r,
6,prot-1951--ak--13,cdca04e0bc6ce855,n- d,
7,prot-1951--ak--13,cdca04e0bc6ce855,n- d,
8,prot-1951--ak--13,cdca04e0bc6ce855,r- t,
9,prot-1951--ak--13,cdca04e0bc6ce855,l- m,
10,prot-1951--ak--13,cdca04e0bc6ce855,k- l,
11,prot-1951--ak--13,cdca04e0bc6ce855,a- r,
12,prot-1951--ak--13,cdca04e0bc6ce855,o- v,
13,prot-1951--ak--13,cdca04e0bc6ce855,r- n,
14,prot-1951--ak--13,cdca04e0bc6ce855,r- s,
15,prot-1951--ak--13,cdca04e0bc6ce855,r- k,
16,prot-1951--ak--13,cdca04e0bc6ce855,n- d,
17,prot-1951--ak--13,cdca04e0bc6ce855,r- r,
18,prot-1951--ak--13,cdca04e0bc6ce855,e- l,
19,prot-1951--ak--13,cdca04e0bc6ce855,r- n,
20,prot-1951--ak--13,cdca04e0bc6ce855,v- g,
21,prot-1951--ak--13,cdca04e0bc6ce855,r- k,
22,prot-1951--ak--13,cdca04e0bc6ce855,e- d,
23,prot-1951--ak--13,cdca04e0bc6ce855,o- n,
24,prot-1951--ak--13,cdca04e0bc6ce855,e- h,
25,prot-1951--ak--13,cdca04e0bc6ce855,r- t,
26,prot-1951--ak--13,cdca04e0bc6ce855,t- t,
27,prot-1951--ak--13,cdca04e0bc6ce855,m- m,
28,prot-1951--ak--13,cdca04e0bc6ce855,r- l,
29,prot-1951--ak--13,cdca04e0bc6ce855,t- b,
30,prot-1951--ak--13,cdca04e0bc6ce855,t- b,
0,prot-1951--ak--13,7b16a01c980ae2ac,"n
o",
1,prot-1951--ak--13,cdca04e0bc6ce855,t- g,
2,prot-1951--ak--13,cdca04e0bc6ce855,k- t,
3,prot-1951--ak--13,cdca04e0bc6ce855,n- h,
4,prot-1951--ak--13,cdca04e0bc6ce855,r- v,
5,prot-1951--ak--13,cdca04e0bc6ce855,s- l,
6,prot-1951--ak--13,cdca04e0bc6ce855,e- p,
7,prot-1951--ak--13,cdca04e0bc6ce855,n- d,
8,prot-1951--ak--13,cdca04e0bc6ce855,e- r,
9,prot-1951--ak--13,cdca04e0bc6ce855,v- h,
10,prot-1951--ak--13,cdca04e0bc6ce855,r- i,
11,prot-1951--ak--13,cdca04e0bc6ce855,g- f,
12,prot-1951--ak--13,cdca04e0bc6ce855,r- t,
13,prot-1951--ak--13,cdca04e0bc6ce855,t- e,
14,prot-1951--ak--13,cdca04e0bc6ce855,n- d,
15,prot-1951--ak--13,cdca04e0bc6ce855,j- n,
16,prot-1951--ak--13,cdca04e0bc6ce855,å- g,
17,prot-1951--ak--13,cdca04e0bc6ce855,b- l,
18,prot-1951--ak--13,cdca04e0bc6ce855,e- n,
19,prot-1951--ak--13,cdca04e0bc6ce855,s- n,
20,prot-1951--ak--13,cdca04e0bc6ce855,ä- g,
21,prot-1951--ak--13,cdca04e0bc6ce855,s- n,
22,prot-1951--ak--13,cdca04e0bc6ce855,n- n,
23,prot-1951--ak--13,cdca04e0bc6ce855,e- d,
24,prot-1951--ak--13,cdca04e0bc6ce855,v- t,
25,prot-1951--ak--13,cdca04e0bc6ce855,n- d,
26,prot-1951--ak--13,cdca04e0bc6ce855,r- s,
27,prot-1951--ak--13,cdca04e0bc6ce855,e- m,
28,prot-1951--ak--13,cdca04e0bc6ce855,g- l,
29,prot-1951--ak--13,cdca04e0bc6ce855,e- m,
30,prot-1951--ak--13,cdca04e0bc6ce855,r- s,
31,prot-1951--ak--13,cdca04e0bc6ce855,i- n,
32,prot-1951--ak--13,cdca04e0bc6ce855,n- n,
33,prot-1951--ak--13,cdca04e0bc6ce855,l- l,
34,prot-1951--ak--13,cdca04e0bc6ce855,n- k,
0,prot-1951--ak--13,7b16a01c980ae2ac,"t
s",
1,prot-1951--ak--13,cdca04e0bc6ce855,c- c,
2,prot-1951--ak--13,cdca04e0bc6ce855,s- e,
3,prot-1951--ak--13,cdca04e0bc6ce855,i- t,
4,prot-1951--ak--13,cdca04e0bc6ce855,n- d,
5,prot-1951--ak--13,cdca04e0bc6ce855,e- r,
6,prot-1951--ak--13,cdca04e0bc6ce855,u- s,
7,prot-1951--ak--13,cdca04e0bc6ce855,a- r,
8,prot-1951--ak--13,cdca04e0bc6ce855,e- n,
9,prot-1951--ak--13,cdca04e0bc6ce855,t- b,
10,prot-1951--ak--13,cdca04e0bc6ce855,n- b,
11,prot-1951--ak--13,cdca04e0bc6ce855,r- l,
12,prot-1951--ak--13,cdca04e0bc6ce855,g- g,
13,prot-1951--ak--13,cdca04e0bc6ce855,e- k,
14,prot-1951--ak--13,cdca04e0bc6ce855,s- n,
15,prot-1951--ak--13,cdca04e0bc6ce855,r- l,
16,prot-1951--ak--13,cdca04e0bc6ce855,d- b,
17,prot-1951--ak--13,cdca04e0bc6ce855,e- h,
18,prot-1951--ak--13,cdca04e0bc6ce855,r- v,
19,prot-1951--ak--13,cdca04e0bc6ce855,n- d,
20,prot-1951--ak--13,cdca04e0bc6ce855,o- t,
21,prot-1951--ak--13,cdca04e0bc6ce855,i- t,
22,prot-1951--ak--13,cdca04e0bc6ce855,s- y,
23,prot-1951--ak--13,cdca04e0bc6ce855,o- p,
0,prot-1951--ak--13,7b16a01c980ae2ac,"n
y",
1,prot-1951--ak--13,cdca04e0bc6ce855,d- b,
2,prot-1951--ak--13,cdca04e0bc6ce855,k- l,
3,prot-1951--ak--13,cdca04e0bc6ce855,r- h,
4,prot-1951--ak--13,cdca04e0bc6ce855,n- l,
5,prot-1951--ak--13,cdca04e0bc6ce855,e- h,
6,prot-1951--ak--13,cdca04e0bc6ce855,m- n,
7,prot-1951--ak--13,cdca04e0bc6ce855,l- l,
8,prot-1951--ak--13,cdca04e0bc6ce855,l- l,
9,prot-1951--ak--13,cdca04e0bc6ce855,e- s,
10,prot-1951--ak--13,cdca04e0bc6ce855,n- p,
11,prot-1951--ak--13,cdca04e0bc6ce855,s- l,
12,prot-1951--ak--13,cdca04e0bc6ce855,a- r,
13,prot-1951--ak--13,cdca04e0bc6ce855,ä- g,
14,prot-1951--ak--13,cdca04e0bc6ce855,d- b,
15,prot-1951--ak--13,cdca04e0bc6ce855,r- b,
16,prot-1951--ak--13,cdca04e0bc6ce855,m- m,
17,prot-1951--ak--13,cdca04e0bc6ce855,ö- r,
18,prot-1951--ak--13,cdca04e0bc6ce855,e- l,
19,prot-1951--ak--13,cdca04e0bc6ce855,s- y,
20,prot-1951--ak--13,cdca04e0bc6ce855,k- l,
21,prot-1951--ak--13,cdca04e0bc6ce855,t- s,
22,prot-1951--ak--13,cdca04e0bc6ce855,r- s,
23,prot-1951--ak--13,cdca04e0bc6ce855,s- y,
24,prot-1951--ak--13,cdca04e0bc6ce855,o- n,
25,prot-1951--ak--13,cdca04e0bc6ce855,r- n,
26,prot-1951--ak--13,cdca04e0bc6ce855,m- l,
27,prot-1951--ak--13,cdca04e0bc6ce855,d- f,
28,prot-1951--ak--13,cdca04e0bc6ce855,a- g,
0,prot-1951--ak--13,7b16a01c980ae2ac,"h
i",
1,prot-1951--ak--13,cdca04e0bc6ce855,m- m,
2,prot-1951--ak--13,cdca04e0bc6ce855,d- l,
3,prot-1951--ak--13,cdca04e0bc6ce855,o- n,
4,prot-1951--ak--13,cdca04e0bc6ce855,r- k,
5,prot-1951--ak--13,cdca04e0bc6ce855,n- n,
6,prot-1951--ak--13,cdca04e0bc6ce855,d- b,
7,prot-1951--ak--13,cdca04e0bc6ce855,t- b,
8,prot-1951--ak--13,cdca04e0bc6ce855,m- m,
9,prot-1951--ak--13,cdca04e0bc6ce855,e- s,
10,prot-1951--ak--13,cdca04e0bc6ce855,m- m,
11,prot-1951--ak--13,cdca04e0bc6ce855,r- k,
12,prot-1951--ak--13,cdca04e0bc6ce855,d- k,
13,prot-1951--ak--13,cdca04e0bc6ce855,i- d,
14,prot-1951--ak--13,cdca04e0bc6ce855,r- v,
15,prot-1951--ak--13,cdca04e0bc6ce855,p- h,
16,prot-1951--ak--13,cdca04e0bc6ce855,i- g,
17,prot-1951--ak--13,cdca04e0bc6ce855,t- s,
18,prot-1951--ak--13,cdca04e0bc6ce855,k- n,
19,prot-1951--ak--13,cdca04e0bc6ce855,r- g,
20,prot-1951--ak--13,cdca04e0bc6ce855,s- o,
21,prot-1951--ak--13,cdca04e0bc6ce855,v- s,
22,prot-1951--ak--13,cdca04e0bc6ce855,s- a,
23,prot-1951--ak--13,cdca04e0bc6ce855,l- s,
24,prot-1951--ak--13,cdca04e0bc6ce855,o- l,
25,prot-1951--ak--13,cdca04e0bc6ce855,n- c,
26,prot-1951--ak--13,cdca04e0bc6ce855,n- l,
0,prot-1951--ak--13,cdca04e0bc6ce855,e- s,
1,prot-1951--ak--13,cdca04e0bc6ce855,r- k,
2,prot-1951--ak--13,cdca04e0bc6ce855,k- l,
3,prot-1951--ak--13,cdca04e0bc6ce855,e- k,
4,prot-1951--ak--13,cdca04e0bc6ce855,s- l,
5,prot-1951--ak--13,cdca04e0bc6ce855,g- h,
6,prot-1951--ak--13,cdca04e0bc6ce855,t- v,
7,prot-1951--ak--13,cdca04e0bc6ce855,å- g,
8,prot-1951--ak--13,cdca04e0bc6ce855,n- d,
9,prot-1951--ak--13,cdca04e0bc6ce855,s- d,
10,prot-1951--ak--13,cdca04e0bc6ce855,k- t,
11,prot-1951--ak--13,cdca04e0bc6ce855,a- m,
12,prot-1951--ak--13,cdca04e0bc6ce855,m- m,
13,prot-1951--ak--13,cdca04e0bc6ce855,a- t,
14,prot-1951--ak--13,cdca04e0bc6ce855,f- f,
15,prot-1951--ak--13,cdca04e0bc6ce855,r- l,
16,prot-1951--ak--13,cdca04e0bc6ce855,o- j,
17,prot-1951--ak--13,cdca04e0bc6ce855,g- h,
18,prot-1951--ak--13,cdca04e0bc6ce855,s- s,
19,prot-1951--ak--13,cdca04e0bc6ce855,t- n,
20,prot-1951--ak--13,cdca04e0bc6ce855,e- t,
21,prot-1951--ak--13,cdca04e0bc6ce855,m- h,
22,prot-1951--ak--13,cdca04e0bc6ce855,e- d,
23,prot-1951--ak--13,cdca04e0bc6ce855,s- l,
24,prot-1951--ak--13,cdca04e0bc6ce855,r- n,
25,prot-1951--ak--13,cdca04e0bc6ce855,a- p,
26,prot-1951--ak--13,cdca04e0bc6ce855,e- k,
0,prot-1951--ak--13,cdca04e0bc6ce855,l- l,
1,prot-1951--ak--13,cdca04e0bc6ce855,n- d,
2,prot-1951--ak--13,cdca04e0bc6ce855,r- a,
3,prot-1951--ak--13,cdca04e0bc6ce855,n- d,
4,prot-1951--ak--13,cdca04e0bc6ce855,n- d,
5,prot-1951--ak--13,cdca04e0bc6ce855,l- d,
6,prot-1951--ak--13,cdca04e0bc6ce855,n- n,
7,prot-1951--ak--13,cdca04e0bc6ce855,a- r,
8,prot-1951--ak--13,cdca04e0bc6ce855,e- n,
9,prot-1951--ak--13,cdca04e0bc6ce855,m- p,
10,prot-1951--ak--13,cdca04e0bc6ce855,g- e,
11,prot-1951--ak--13,cdca04e0bc6ce855,n- r,
12,prot-1951--ak--13,cdca04e0bc6ce855,l- l,
13,prot-1951--ak--13,cdca04e0bc6ce855,a- t,
14,prot-1951--ak--13,cdca04e0bc6ce855,k- l,
15,prot-1951--ak--13,cdca04e0bc6ce855,k- o,
16,prot-1951--ak--13,cdca04e0bc6ce855,d- i,
17,prot-1951--ak--13,cdca04e0bc6ce855,e- r,
18,prot-1951--ak--13,cdca04e0bc6ce855,d- b,
19,prot-1951--ak--13,cdca04e0bc6ce855,e- s,
20,prot-1951--ak--13,cdca04e0bc6ce855,s- k,
21,prot-1951--ak--13,cdca04e0bc6ce855,p- n,
22,prot-1951--ak--13,cdca04e0bc6ce855,u- m,
23,prot-1951--ak--13,cdca04e0bc6ce855,e- l,
24,prot-1951--ak--13,cdca04e0bc6ce855,d- b,
25,prot-1951--ak--13,cdca04e0bc6ce855,e- m,
26,prot-1951--ak--13,cdca04e0bc6ce855,t- b,
27,prot-1951--ak--13,cdca04e0bc6ce855,g- h,
28,prot-1951--ak--13,cdca04e0bc6ce855,n- t,
29,prot-1951--ak--13,cdca04e0bc6ce855,e- s,
30,prot-1951--ak--13,cdca04e0bc6ce855,r- d,
31,prot-1951--ak--13,cdca04e0bc6ce855,m- r,
32,prot-1951--ak--13,cdca04e0bc6ce855,n- t,
0,prot-1951--ak--13,cdca04e0bc6ce855,t- s,
1,prot-1951--ak--13,cdca04e0bc6ce855,k- n,
2,prot-1951--ak--13,cdca04e0bc6ce855,e- n,
3,prot-1951--ak--13,cdca04e0bc6ce855,a- t,
4,prot-1951--ak--13,cdca04e0bc6ce855,v- n,
5,prot-1951--ak--13,cdca04e0bc6ce855,r- s,
6,prot-1951--ak--13,cdca04e0bc6ce855,a- r,
7,prot-1951--ak--13,cdca04e0bc6ce855,t- m,
8,prot-1951--ak--13,cdca04e0bc6ce855,e- r,
9,prot-1951--ak--13,cdca04e0bc6ce855,u- t,
10,prot-1951--ak--13,cdca04e0bc6ce855,o- r,
11,prot-1951--ak--13,cdca04e0bc6ce855,a- m,
12,prot-1951--ak--13,cdca04e0bc6ce855,d- o,
13,prot-1951--ak--13,cdca04e0bc6ce855,s- t,
14,prot-1951--ak--13,cdca04e0bc6ce855,s- l,
15,prot-1951--ak--13,cdca04e0bc6ce855,n- d,
16,prot-1951--ak--13,cdca04e0bc6ce855,s- b,
17,prot-1951--ak--13,cdca04e0bc6ce855,o- p,
18,prot-1951--ak--13,cdca04e0bc6ce855,a- t,
19,prot-1951--ak--13,cdca04e0bc6ce855,i- m,
20,prot-1951--ak--13,cdca04e0bc6ce855,å- g,
21,prot-1951--ak--13,cdca04e0bc6ce855,g- g,
22,prot-1951--ak--13,cdca04e0bc6ce855,s- r,
23,prot-1951--ak--13,cdca04e0bc6ce855,ö- r,
24,prot-1951--ak--13,cdca04e0bc6ce855,a- t,
25,prot-1951--ak--13,cdca04e0bc6ce855,r- b,
26,prot-1951--ak--13,cdca04e0bc6ce855,r- d,
27,prot-1951--ak--13,cdca04e0bc6ce855,s- m,
28,prot-1951--ak--13,cdca04e0bc6ce855,r- d,
0,prot-1951--ak--13,7b16a01c980ae2ac,"t
s",
1,prot-1951--ak--13,cdca04e0bc6ce855,m- s,
2,prot-1951--ak--13,cdca04e0bc6ce855,r- s,
3,prot-1951--ak--13,cdca04e0bc6ce855,o- m,
4,prot-1951--ak--13,cdca04e0bc6ce855,n- d,
5,prot-1951--ak--13,cdca04e0bc6ce855,t- n,
6,prot-1951--ak--13,cdca04e0bc6ce855,o- r,
7,prot-1951--ak--13,cdca04e0bc6ce855,g- h,
8,prot-1951--ak--13,cdca04e0bc6ce855,e- k,
9,prot-1951--ak--13,cdca04e0bc6ce855,i- m,
10,prot-1951--ak--13,cdca04e0bc6ce855,l- l,
11,prot-1951--ak--13,cdca04e0bc6ce855,o- n,
12,prot-1951--ak--13,cdca04e0bc6ce855,r- d,
13,prot-1951--ak--13,cdca04e0bc6ce855,n- d,
14,prot-1951--ak--13,cdca04e0bc6ce855,o- l,
15,prot-1951--ak--13,cdca04e0bc6ce855,s- n,
16,prot-1951--ak--13,cdca04e0bc6ce855,n- t,
17,prot-1951--ak--13,cdca04e0bc6ce855,a- r,
18,prot-1951--ak--13,cdca04e0bc6ce855,t- n,
19,prot-1951--ak--13,cdca04e0bc6ce855,m- m,
20,prot-1951--ak--13,cdca04e0bc6ce855,d- b,
21,prot-1951--ak--13,cdca04e0bc6ce855,e- b,
22,prot-1951--ak--13,cdca04e0bc6ce855,k- t,
23,prot-1951--ak--13,cdca04e0bc6ce855,e- s,
24,prot-1951--ak--13,cdca04e0bc6ce855,l- t,
25,prot-1951--ak--13,cdca04e0bc6ce855,e- b,
26,prot-1951--ak--13,cdca04e0bc6ce855,s- l,
27,prot-1951--ak--13,cdca04e0bc6ce855,e- g,
28,prot-1951--ak--13,cdca04e0bc6ce855,l- ä,
29,prot-1951--ak--13,cdca04e0bc6ce855,r- d,
30,prot-1951--ak--13,cdca04e0bc6ce855,y- d,
31,prot-1951--ak--13,cdca04e0bc6ce855,n- l,
0,prot-1951--ak--13,7b16a01c980ae2ac,"g
n",
1,prot-1951--ak--13,cdca04e0bc6ce855,g- s,
2,prot-1951--ak--13,cdca04e0bc6ce855,ä- g,
3,prot-1951--ak--13,cdca04e0bc6ce855,k- n,
4,prot-1951--ak--13,cdca04e0bc6ce855,n- s,
5,prot-1951--ak--13,cdca04e0bc6ce855,i- d,
6,prot-1951--ak--13,cdca04e0bc6ce855,r- v,
7,prot-1951--ak--13,cdca04e0bc6ce855,r- t,
8,prot-1951--ak--13,cdca04e0bc6ce855,i- g,
9,prot-1951--ak--13,cdca04e0bc6ce855,ä- s,
10,prot-1951--ak--13,cdca04e0bc6ce855,s- f,
11,prot-1951--ak--13,cdca04e0bc6ce855,n- t,
12,prot-1951--ak--13,cdca04e0bc6ce855,n- n,
13,prot-1951--ak--13,cdca04e0bc6ce855,g- b,
14,prot-1951--ak--13,cdca04e0bc6ce855,r- s,
15,prot-1951--ak--13,cdca04e0bc6ce855,r- t,
16,prot-1951--ak--13,cdca04e0bc6ce855,d- l,
17,prot-1951--ak--13,cdca04e0bc6ce855,n- m,
18,prot-1951--ak--13,cdca04e0bc6ce855,n- l,
19,prot-1951--ak--13,cdca04e0bc6ce855,r- s,
20,prot-1951--ak--13,cdca04e0bc6ce855,o- v,
21,prot-1951--ak--13,cdca04e0bc6ce855,l- h,
22,prot-1951--ak--13,cdca04e0bc6ce855,n- n,
23,prot-1951--ak--13,cdca04e0bc6ce855,t- n,
0,prot-1951--ak--13,cdca04e0bc6ce855,l- j,
1,prot-1951--ak--13,cdca04e0bc6ce855,s- k,
2,prot-1951--ak--13,cdca04e0bc6ce855,g- e,
3,prot-1951--ak--13,cdca04e0bc6ce855,g- b,
4,prot-1951--ak--13,cdca04e0bc6ce855,g- b,
5,prot-1951--ak--13,cdca04e0bc6ce855,n- m,
6,prot-1951--ak--13,cdca04e0bc6ce855,e- n,
7,prot-1951--ak--13,cdca04e0bc6ce855,r- s,
8,prot-1951--ak--13,cdca04e0bc6ce855,e- s,
9,prot-1951--ak--13,cdca04e0bc6ce855,p- v,
10,prot-1951--ak--13,cdca04e0bc6ce855,n- t,
11,prot-1951--ak--13,cdca04e0bc6ce855,n- f,
12,prot-1951--ak--13,cdca04e0bc6ce855,s- t,
13,prot-1951--ak--13,cdca04e0bc6ce855,t- s,
14,prot-1951--ak--13,cdca04e0bc6ce855,s- g,
15,prot-1951--ak--13,cdca04e0bc6ce855,k- n,
16,prot-1951--ak--13,cdca04e0bc6ce855,n- n,
17,prot-1951--ak--13,cdca04e0bc6ce855,n- s,
18,prot-1951--ak--13,cdca04e0bc6ce855,g- g,
19,prot-1951--ak--13,cdca04e0bc6ce855,e- k,
20,prot-1951--ak--13,cdca04e0bc6ce855,k- t,
21,prot-1951--ak--13,cdca04e0bc6ce855,n- t,
22,prot-1951--ak--13,cdca04e0bc6ce855,k- n,
23,prot-1951--ak--13,cdca04e0bc6ce855,e- k,
24,prot-1951--ak--13,cdca04e0bc6ce855,r- s,
0,prot-1951--ak--13,cdca04e0bc6ce855,l- l,
1,prot-1951--ak--13,cdca04e0bc6ce855,m- m,
2,prot-1951--ak--13,cdca04e0bc6ce855,b- v,
3,prot-1951--ak--13,cdca04e0bc6ce855,u- k,
4,prot-1951--ak--13,cdca04e0bc6ce855,u- k,
5,prot-1951--ak--13,cdca04e0bc6ce855,o- n,
6,prot-1951--ak--13,cdca04e0bc6ce855,a- t,
7,prot-1951--ak--13,cdca04e0bc6ce855,r- b,
8,prot-1951--ak--13,cdca04e0bc6ce855,m- m,
9,prot-1951--ak--13,cdca04e0bc6ce855,g- v,
10,prot-1951--ak--13,cdca04e0bc6ce855,n- t,
11,prot-1951--ak--13,cdca04e0bc6ce855,å- v,
12,prot-1951--ak--13,cdca04e0bc6ce855,e- n,
13,prot-1951--ak--13,cdca04e0bc6ce855,s- f,
14,prot-1951--ak--13,cdca04e0bc6ce855,m- m,
15,prot-1951--ak--13,cdca04e0bc6ce855,y- v,
16,prot-1951--ak--13,cdca04e0bc6ce855,a- r,
17,prot-1951--ak--13,cdca04e0bc6ce855,e- t,
18,prot-1951--ak--13,cdca04e0bc6ce855,e- d,
19,prot-1951--ak--13,cdca04e0bc6ce855,e- d,
20,prot-1951--ak--13,cdca04e0bc6ce855,r- s,
21,prot-1951--ak--13,cdca04e0bc6ce855,g- e,
22,prot-1951--ak--13,cdca04e0bc6ce855,r- s,
23,prot-1951--ak--13,cdca04e0bc6ce855,t- s,
24,prot-1951--ak--13,cdca04e0bc6ce855,i- t,
25,prot-1951--ak--13,cdca04e0bc6ce855,l- d,
26,prot-1951--ak--13,cdca04e0bc6ce855,a- r,
27,prot-1951--ak--13,cdca04e0bc6ce855,s- u,
28,prot-1951--ak--13,cdca04e0bc6ce855,r- v,
29,prot-1951--ak--13,cdca04e0bc6ce855,r- s,
30,prot-1951--ak--13,cdca04e0bc6ce855,a- t,
31,prot-1951--ak--13,cdca04e0bc6ce855,n- t,
32,prot-1951--ak--13,cdca04e0bc6ce855,å- d,
33,prot-1951--ak--13,cdca04e0bc6ce855,m- f,
34,prot-1951--ak--13,cdca04e0bc6ce855,n- s,
0,prot-1951--ak--13,7b16a01c980ae2ac,"e
f",
1,prot-1951--ak--13,cdca04e0bc6ce855,m- l,
2,prot-1951--ak--13,cdca04e0bc6ce855,k- t,
3,prot-1951--ak--13,cdca04e0bc6ce855,d- n,
4,prot-1951--ak--13,cdca04e0bc6ce855,n- s,
5,prot-1951--ak--13,cdca04e0bc6ce855,a- r,
6,prot-1951--ak--13,cdca04e0bc6ce855,e- s,
7,prot-1951--ak--13,cdca04e0bc6ce855,d- d,
8,prot-1951--ak--13,cdca04e0bc6ce855,a- g,
9,prot-1951--ak--13,cdca04e0bc6ce855,v- n,
10,prot-1951--ak--13,cdca04e0bc6ce855,p- l,
11,prot-1951--ak--13,cdca04e0bc6ce855,l- g,
12,prot-1951--ak--13,cdca04e0bc6ce855,n- m,
13,prot-1951--ak--13,cdca04e0bc6ce855,v- e,
14,prot-1951--ak--13,cdca04e0bc6ce855,s- r,
15,prot-1951--ak--13,cdca04e0bc6ce855,i- t,
16,prot-1951--ak--13,cdca04e0bc6ce855,r- b,
17,prot-1951--ak--13,cdca04e0bc6ce855,s- n,
18,prot-1951--ak--13,cdca04e0bc6ce855,ä- g,
0,prot-1951--ak--13,cdca04e0bc6ce855,n- m,
1,prot-1951--ak--13,cdca04e0bc6ce855,r- d,
2,prot-1951--ak--13,cdca04e0bc6ce855,d- b,
3,prot-1951--ak--13,cdca04e0bc6ce855,r- s,
4,prot-1951--ak--13,cdca04e0bc6ce855,e- n,
5,prot-1951--ak--13,cdca04e0bc6ce855,t- t,
6,prot-1951--ak--13,cdca04e0bc6ce855,l- k,
7,prot-1951--ak--13,cdca04e0bc6ce855,s- s,
8,prot-1951--ak--13,cdca04e0bc6ce855,o- t,
9,prot-1951--ak--13,cdca04e0bc6ce855,s- k,
10,prot-1951--ak--13,cdca04e0bc6ce855,d- k,
11,prot-1951--ak--13,cdca04e0bc6ce855,r- s,
12,prot-1951--ak--13,cdca04e0bc6ce855,n- m,
13,prot-1951--ak--13,cdca04e0bc6ce855,n- d,
14,prot-1951--ak--13,cdca04e0bc6ce855,r- d,
15,prot-1951--ak--13,cdca04e0bc6ce855,g- b,
16,prot-1951--ak--13,cdca04e0bc6ce855,l- s,
17,prot-1951--ak--13,cdca04e0bc6ce855,n- m,
18,prot-1951--ak--13,cdca04e0bc6ce855,f- f,
19,prot-1951--ak--13,cdca04e0bc6ce855,n- n,
20,prot-1951--ak--13,cdca04e0bc6ce855,n- d,
21,prot-1951--ak--13,cdca04e0bc6ce855,l- m,
22,prot-1951--ak--13,cdca04e0bc6ce855,i- d,
23,prot-1951--ak--13,cdca04e0bc6ce855,l- l,
24,prot-1951--ak--13,cdca04e0bc6ce855,d- b,
25,prot-1951--ak--13,cdca04e0bc6ce855,e- s,
26,prot-1951--ak--13,cdca04e0bc6ce855,s- n,
27,prot-1951--ak--13,cdca04e0bc6ce855,m- m,
28,prot-1951--ak--13,cdca04e0bc6ce855,d- b,
29,prot-1951--ak--13,cdca04e0bc6ce855,m- m,
30,prot-1951--ak--13,cdca04e0bc6ce855,t- n,
0,prot-1951--ak--13,7b16a01c980ae2ac,"a
s",
1,prot-1951--ak--13,cdca04e0bc6ce855,a- g,
2,prot-1951--ak--13,cdca04e0bc6ce855,k- t,
3,prot-1951--ak--13,cdca04e0bc6ce855,s- d,
4,prot-1951--ak--13,cdca04e0bc6ce855,d- b,
5,prot-1951--ak--13,cdca04e0bc6ce855,d- r,
6,prot-1951--ak--13,cdca04e0bc6ce855,d- f,
7,prot-1951--ak--13,cdca04e0bc6ce855,d- f,
8,prot-1951--ak--13,cdca04e0bc6ce855,a- d,
9,prot-1951--ak--13,cdca04e0bc6ce855,m- r,
10,prot-1951--ak--13,cdca04e0bc6ce855,s- s,
11,prot-1951--ak--13,cdca04e0bc6ce855,e- f,
12,prot-1951--ak--13,cdca04e0bc6ce855,o- m,
13,prot-1951--ak--13,cdca04e0bc6ce855,t- t,
14,prot-1951--ak--13,cdca04e0bc6ce855,a- r,
15,prot-1951--ak--13,cdca04e0bc6ce855,n- d,
16,prot-1951--ak--13,cdca04e0bc6ce855,k- s,
17,prot-1951--ak--13,cdca04e0bc6ce855,e- r,
18,prot-1951--ak--13,cdca04e0bc6ce855,v- l,
19,prot-1951--ak--13,cdca04e0bc6ce855,o- t,
20,prot-1951--ak--13,cdca04e0bc6ce855,r- s,
21,prot-1951--ak--13,cdca04e0bc6ce855,n- s,
22,prot-1951--ak--13,cdca04e0bc6ce855,r- v,
23,prot-1951--ak--13,cdca04e0bc6ce855,a- v,
24,prot-1951--ak--13,cdca04e0bc6ce855,k- r,
25,prot-1951--ak--13,cdca04e0bc6ce855,y- g,
26,prot-1951--ak--13,cdca04e0bc6ce855,e- p,
27,prot-1951--ak--13,cdca04e0bc6ce855,k- t,
28,prot-1951--ak--13,cdca04e0bc6ce855,n- d,
29,prot-1951--ak--13,cdca04e0bc6ce855,r- n,
30,prot-1951--ak--13,cdca04e0bc6ce855,s- p,
31,prot-1951--ak--13,cdca04e0bc6ce855,s- r,
0,prot-1951--ak--13,cdca04e0bc6ce855,l- s,
1,prot-1951--ak--13,cdca04e0bc6ce855,o- p,
2,prot-1951--ak--13,cdca04e0bc6ce855,v- n,
3,prot-1951--ak--13,cdca04e0bc6ce855,n- d,
4,prot-1951--ak--13,cdca04e0bc6ce855,m- m,
5,prot-1951--ak--13,cdca04e0bc6ce855,t- n,
6,prot-1951--ak--13,cdca04e0bc6ce855,r- f,
7,prot-1951--ak--13,cdca04e0bc6ce855,m- m,
8,prot-1951--ak--13,cdca04e0bc6ce855,r- f,
9,prot-1951--ak--13,cdca04e0bc6ce855,m- a,
10,prot-1951--ak--13,cdca04e0bc6ce855,r- t,
11,prot-1951--ak--13,cdca04e0bc6ce855,m- b,
12,prot-1951--ak--13,cdca04e0bc6ce855,t- b,
13,prot-1951--ak--13,cdca04e0bc6ce855,m- f,
14,prot-1951--ak--13,cdca04e0bc6ce855,g- n,
15,prot-1951--ak--13,cdca04e0bc6ce855,t- ö,
16,prot-1951--ak--13,cdca04e0bc6ce855,r- s,
17,prot-1951--ak--13,cdca04e0bc6ce855,a- t,
18,prot-1951--ak--13,cdca04e0bc6ce855,e- s,
19,prot-1951--ak--13,cdca04e0bc6ce855,o- s,
20,prot-1951--ak--13,cdca04e0bc6ce855,l- l,
21,prot-1951--ak--13,cdca04e0bc6ce855,s- j,
22,prot-1951--ak--13,cdca04e0bc6ce855,n- d,
23,prot-1951--ak--13,cdca04e0bc6ce855,r- b,
24,prot-1951--ak--13,cdca04e0bc6ce855,d- f,
25,prot-1951--ak--13,cdca04e0bc6ce855,j- l,
26,prot-1951--ak--13,cdca04e0bc6ce855,k- t,
27,prot-1951--ak--13,cdca04e0bc6ce855,t- s,
28,prot-1951--ak--13,cdca04e0bc6ce855,r- l,
29,prot-1951--ak--13,cdca04e0bc6ce855,i- s,
30,prot-1951--ak--13,cdca04e0bc6ce855,n- t,
31,prot-1951--ak--13,cdca04e0bc6ce855,i- m,
0,prot-1951--ak--13,cdca04e0bc6ce855,t- b,
1,prot-1951--ak--13,cdca04e0bc6ce855,d- p,
2,prot-1951--ak--13,cdca04e0bc6ce855,e- r,
3,prot-1951--ak--13,cdca04e0bc6ce855,s- t,
4,prot-1951--ak--13,cdca04e0bc6ce855,m- n,
5,prot-1951--ak--13,cdca04e0bc6ce855,v- n,
6,prot-1951--ak--13,cdca04e0bc6ce855,r- l,
7,prot-1951--ak--13,cdca04e0bc6ce855,n- s,
8,prot-1951--ak--13,cdca04e0bc6ce855,n- d,
9,prot-1951--ak--13,cdca04e0bc6ce855,s- r,
10,prot-1951--ak--13,cdca04e0bc6ce855,n- n,
11,prot-1951--ak--13,cdca04e0bc6ce855,n- d,
12,prot-1951--ak--13,cdca04e0bc6ce855,i- v,
13,prot-1951--ak--13,cdca04e0bc6ce855,n- m,
14,prot-1951--ak--13,cdca04e0bc6ce855,v- n,
15,prot-1951--ak--13,cdca04e0bc6ce855,r- n,
16,prot-1951--ak--13,cdca04e0bc6ce855,r- n,
17,prot-1951--ak--13,cdca04e0bc6ce855,r- f,
18,prot-1951--ak--13,cdca04e0bc6ce855,s- m,
19,prot-1951--ak--13,cdca04e0bc6ce855,g- h,
20,prot-1951--ak--13,cdca04e0bc6ce855,t- g,
21,prot-1951--ak--13,cdca04e0bc6ce855,n- l,
22,prot-1951--ak--13,cdca04e0bc6ce855,l- m,
23,prot-1951--ak--13,cdca04e0bc6ce855,e- k,
24,prot-1951--ak--13,cdca04e0bc6ce855,s- t,
0,prot-1951--ak--13,7b16a01c980ae2ac,"å
l",
1,prot-1951--ak--13,7b16a01c980ae2ac,"e
h",
2,prot-1951--ak--13,7b16a01c980ae2ac,"t
o",
3,prot-1951--ak--13,cdca04e0bc6ce855,n- s,
4,prot-1951--ak--13,cdca04e0bc6ce855,r- v,
5,prot-1951--ak--13,cdca04e0bc6ce855,e- m,
6,prot-1951--ak--13,cdca04e0bc6ce855,n- l,
7,prot-1951--ak--13,cdca04e0bc6ce855,l- l,
8,prot-1951--ak--13,cdca04e0bc6ce855,y- r,
9,prot-1951--ak--13,cdca04e0bc6ce855,o- g,
10,prot-1951--ak--13,cdca04e0bc6ce855,i- p,
11,prot-1951--ak--13,cdca04e0bc6ce855,m- s,
12,prot-1951--ak--13,cdca04e0bc6ce855,e- t,
13,prot-1951--ak--13,cdca04e0bc6ce855,r- h,
14,prot-1951--ak--13,cdca04e0bc6ce855,s- r,
15,prot-1951--ak--13,cdca04e0bc6ce855,p- r,
16,prot-1951--ak--13,cdca04e0bc6ce855,n- s,
17,prot-1951--ak--13,cdca04e0bc6ce855,p- s,
18,prot-1951--ak--13,cdca04e0bc6ce855,e- h,
19,prot-1951--ak--13,cdca04e0bc6ce855,å- k,
20,prot-1951--ak--13,cdca04e0bc6ce855,n- d,
21,prot-1951--ak--13,cdca04e0bc6ce855,ö- r,
22,prot-1951--ak--13,cdca04e0bc6ce855,a- d,
23,prot-1951--ak--13,cdca04e0bc6ce855,e- l,
0,prot-1951--ak--13,7b16a01c980ae2ac,"v
s",
1,prot-1951--ak--13,cdca04e0bc6ce855,p- n,
2,prot-1951--ak--13,cdca04e0bc6ce855,g- h,
3,prot-1951--ak--13,cdca04e0bc6ce855,b- b,
4,prot-1951--ak--13,cdca04e0bc6ce855,s- l,
5,prot-1951--ak--13,cdca04e0bc6ce855,e- g,
6,prot-1951--ak--13,cdca04e0bc6ce855,r- f,
7,prot-1951--ak--13,cdca04e0bc6ce855,l- d,
8,prot-1951--ak--13,cdca04e0bc6ce855,a- g,
9,prot-1951--ak--13,cdca04e0bc6ce855,a- m,
10,prot-1951--ak--13,cdca04e0bc6ce855,t- n,
11,prot-1951--ak--13,cdca04e0bc6ce855,s- s,
12,prot-1951--ak--13,cdca04e0bc6ce855,e- h,
13,prot-1951--ak--13,cdca04e0bc6ce855,g- h,
14,prot-1951--ak--13,cdca04e0bc6ce855,n- d,
15,prot-1951--ak--13,cdca04e0bc6ce855,å- s,
16,prot-1951--ak--13,cdca04e0bc6ce855,e- s,
17,prot-1951--ak--13,cdca04e0bc6ce855,g- g,
18,prot-1951--ak--13,cdca04e0bc6ce855,n- f,
19,prot-1951--ak--13,cdca04e0bc6ce855,r- m,
20,prot-1951--ak--13,cdca04e0bc6ce855,l- d,
21,prot-1951--ak--13,cdca04e0bc6ce855,m- m,
0,prot-1951--ak--13,cdca04e0bc6ce855,l- l,
1,prot-1951--ak--13,cdca04e0bc6ce855,å- g,
2,prot-1951--ak--13,cdca04e0bc6ce855,r- h,
3,prot-1951--ak--13,cdca04e0bc6ce855,e- g,
4,prot-1951--ak--13,cdca04e0bc6ce855,k- t,
5,prot-1951--ak--13,cdca04e0bc6ce855,n- t,
6,prot-1951--ak--13,cdca04e0bc6ce855,o- p,
7,prot-1951--ak--13,cdca04e0bc6ce855,o- n,
8,prot-1951--ak--13,cdca04e0bc6ce855,l- d,
9,prot-1951--ak--13,cdca04e0bc6ce855,m- m,
10,prot-1951--ak--13,cdca04e0bc6ce855,r- h,
11,prot-1951--ak--13,cdca04e0bc6ce855,l- j,
12,prot-1951--ak--13,cdca04e0bc6ce855,s- i,
13,prot-1951--ak--13,cdca04e0bc6ce855,l- j,
14,prot-1951--ak--13,cdca04e0bc6ce855,ö- p,
15,prot-1951--ak--13,cdca04e0bc6ce855,s- t,
16,prot-1951--ak--13,cdca04e0bc6ce855,g- h,
17,prot-1951--ak--13,cdca04e0bc6ce855,c- k,
18,prot-1951--ak--13,cdca04e0bc6ce855,t- b,
19,prot-1951--ak--13,cdca04e0bc6ce855,a- k,
20,prot-1951--ak--13,cdca04e0bc6ce855,d- f,
21,prot-1951--ak--13,cdca04e0bc6ce855,r- f,
22,prot-1951--ak--13,cdca04e0bc6ce855,ö- d,
23,prot-1951--ak--13,cdca04e0bc6ce855,j- d,
24,prot-1951--ak--13,cdca04e0bc6ce855,r- b,
25,prot-1951--ak--13,cdca04e0bc6ce855,ö- t,
26,prot-1951--ak--13,cdca04e0bc6ce855,f- f,
27,prot-1951--ak--13,cdca04e0bc6ce855,a- t,
28,prot-1951--ak--13,cdca04e0bc6ce855,k- h,
29,prot-1951--ak--13,cdca04e0bc6ce855,t- t,
30,prot-1951--ak--13,cdca04e0bc6ce855,e- l,
0,prot-1951--ak--13,7b16a01c980ae2ac,"e
g",
1,prot-1951--ak--13,cdca04e0bc6ce855,l- l,
2,prot-1951--ak--13,cdca04e0bc6ce855,r- d,
3,prot-1951--ak--13,cdca04e0bc6ce855,r- f,
4,prot-1951--ak--13,cdca04e0bc6ce855,n- g,
5,prot-1951--ak--13,cdca04e0bc6ce855,s- o,
6,prot-1951--ak--13,cdca04e0bc6ce855,g- h,
7,prot-1951--ak--13,cdca04e0bc6ce855,s- e,
8,prot-1951--ak--13,cdca04e0bc6ce855,o- l,
9,prot-1951--ak--13,cdca04e0bc6ce855,g- g,
10,prot-1951--ak--13,cdca04e0bc6ce855,t- n,
11,prot-1951--ak--13,cdca04e0bc6ce855,l- d,
12,prot-1951--ak--13,cdca04e0bc6ce855,n- f,
13,prot-1951--ak--13,cdca04e0bc6ce855,m- s,
14,prot-1951--ak--13,cdca04e0bc6ce855,l- m,
15,prot-1951--ak--13,cdca04e0bc6ce855,t- t,
16,prot-1951--ak--13,cdca04e0bc6ce855,å- g,
17,prot-1951--ak--13,cdca04e0bc6ce855,r- d,
18,prot-1951--ak--13,cdca04e0bc6ce855,u- k,
19,prot-1951--ak--13,cdca04e0bc6ce855,t- f,
20,prot-1951--ak--13,cdca04e0bc6ce855,r- p,
21,prot-1951--ak--13,cdca04e0bc6ce855,e- s,
22,prot-1951--ak--13,cdca04e0bc6ce855,i- v,
23,prot-1951--ak--13,cdca04e0bc6ce855,i- d,
24,prot-1951--ak--13,cdca04e0bc6ce855,n- d,
25,prot-1951--ak--13,cdca04e0bc6ce855,f- f,
26,prot-1951--ak--13,cdca04e0bc6ce855,e- n,
27,prot-1951--ak--13,cdca04e0bc6ce855,r- d,
28,prot-1951--ak--13,cdca04e0bc6ce855,s- t,
29,prot-1951--ak--13,cdca04e0bc6ce855,s- b,
30,prot-1951--ak--13,cdca04e0bc6ce855,k- n,
31,prot-1951--ak--13,cdca04e0bc6ce855,o- n,
32,prot-1951--ak--13,cdca04e0bc6ce855,r- s,
0,prot-1951--ak--13,7b16a01c980ae2ac,"i
n",
1,prot-1951--ak--13,cdca04e0bc6ce855,k- n,
2,prot-1951--ak--13,cdca04e0bc6ce855,n- f,
3,prot-1951--ak--13,cdca04e0bc6ce855,å- s,
4,prot-1951--ak--13,cdca04e0bc6ce855,t- t,
5,prot-1951--ak--13,cdca04e0bc6ce855,å- n,
6,prot-1951--ak--13,cdca04e0bc6ce855,s- d,
7,prot-1951--ak--13,cdca04e0bc6ce855,r- d,
8,prot-1951--ak--13,cdca04e0bc6ce855,e- s,
9,prot-1951--ak--13,cdca04e0bc6ce855,l- l,
10,prot-1951--ak--13,cdca04e0bc6ce855,n- k,
11,prot-1951--ak--13,cdca04e0bc6ce855,l- m,
12,prot-1951--ak--13,cdca04e0bc6ce855,r- d,
13,prot-1951--ak--13,cdca04e0bc6ce855,n- c,
14,prot-1951--ak--13,cdca04e0bc6ce855,a- c,
15,prot-1951--ak--13,cdca04e0bc6ce855,r- b,
16,prot-1951--ak--13,cdca04e0bc6ce855,v- s,
17,prot-1951--ak--13,cdca04e0bc6ce855,a- g,
18,prot-1951--ak--13,cdca04e0bc6ce855,o- p,
19,prot-1951--ak--13,cdca04e0bc6ce855,m- s,
20,prot-1951--ak--13,cdca04e0bc6ce855,n- d,
21,prot-1951--ak--13,cdca04e0bc6ce855,i- f,
22,prot-1951--ak--13,cdca04e0bc6ce855,e- t,
23,prot-1951--ak--13,cdca04e0bc6ce855,o- n,
24,prot-1951--ak--13,cdca04e0bc6ce855,l- m,
25,prot-1951--ak--13,cdca04e0bc6ce855,o- n,
26,prot-1951--ak--13,cdca04e0bc6ce855,a- r,
27,prot-1951--ak--13,cdca04e0bc6ce855,e- r,
28,prot-1951--ak--13,cdca04e0bc6ce855,i- v,
29,prot-1951--ak--13,cdca04e0bc6ce855,i- t,
0,prot-1951--ak--13,7b16a01c980ae2ac,"t
d",
1,prot-1951--ak--13,cdca04e0bc6ce855,k- t,
2,prot-1951--ak--13,cdca04e0bc6ce855,o- s,
3,prot-1951--ak--13,cdca04e0bc6ce855,k- s,
4,prot-1951--ak--13,cdca04e0bc6ce855,s- a,
5,prot-1951--ak--13,cdca04e0bc6ce855,a- r,
6,prot-1951--ak--13,cdca04e0bc6ce855,t- t,
7,prot-1951--ak--13,cdca04e0bc6ce855,l- s,
8,prot-1951--ak--13,cdca04e0bc6ce855,e- s,
9,prot-1951--ak--13,cdca04e0bc6ce855,r- v,
10,prot-1951--ak--13,cdca04e0bc6ce855,l- j,
11,prot-1951--ak--13,cdca04e0bc6ce855,k- t,
12,prot-1951--ak--13,cdca04e0bc6ce855,n- d,
13,prot-1951--ak--13,cdca04e0bc6ce855,m- m,
14,prot-1951--ak--13,cdca04e0bc6ce855,l- m,
15,prot-1951--ak--13,cdca04e0bc6ce855,m- b,
16,prot-1951--ak--13,cdca04e0bc6ce855,k- t,
17,prot-1951--ak--13,cdca04e0bc6ce855,o- p,
18,prot-1951--ak--13,cdca04e0bc6ce855,n- d,
19,prot-1951--ak--13,cdca04e0bc6ce855,i- t,
20,prot-1951--ak--13,cdca04e0bc6ce855,k- t,
21,prot-1951--ak--13,cdca04e0bc6ce855,n- n,
22,prot-1951--ak--13,cdca04e0bc6ce855,f- t,
23,prot-1951--ak--13,cdca04e0bc6ce855,r- j,
24,prot-1951--ak--13,cdca04e0bc6ce855,r- k,
0,prot-1951--ak--13,7b16a01c980ae2ac,"t
a",
1,prot-1951--ak--13,cdca04e0bc6ce855,t- t,
2,prot-1951--ak--13,cdca04e0bc6ce855,o- s,
3,prot-1951--ak--13,cdca04e0bc6ce855,m- l,
4,prot-1951--ak--13,cdca04e0bc6ce855,m- s,
5,prot-1951--ak--13,cdca04e0bc6ce855,e- s,
6,prot-1951--ak--13,cdca04e0bc6ce855,d- n,
7,prot-1951--ak--13,cdca04e0bc6ce855,d- k,
8,prot-1951--ak--13,cdca04e0bc6ce855,k- t,
9,prot-1951--ak--13,cdca04e0bc6ce855,l- d,
10,prot-1951--ak--13,cdca04e0bc6ce855,t- t,
11,prot-1951--ak--13,cdca04e0bc6ce855,i- g,
12,prot-1951--ak--13,cdca04e0bc6ce855,s- t,
13,prot-1951--ak--13,cdca04e0bc6ce855,d- j,
14,prot-1951--ak--13,cdca04e0bc6ce855,n- h,
15,prot-1951--ak--13,cdca04e0bc6ce855,d- n,
16,prot-1951--ak--13,cdca04e0bc6ce855,d- n,
17,prot-1951--ak--13,cdca04e0bc6ce855,n- s,
18,prot-1951--ak--13,cdca04e0bc6ce855,s- s,
19,prot-1951--ak--13,cdca04e0bc6ce855,r- b,
20,prot-1951--ak--13,cdca04e0bc6ce855,n- n,
21,prot-1951--ak--13,cdca04e0bc6ce855,t- l,
22,prot-1951--ak--13,cdca04e0bc6ce855,s- k,
23,prot-1951--ak--13,cdca04e0bc6ce855,n- n,
24,prot-1951--ak--13,cdca04e0bc6ce855,n- s,
25,prot-1951--ak--13,cdca04e0bc6ce855,n- f,
26,prot-1951--ak--13,cdca04e0bc6ce855,m- m,
0,prot-1951--ak--13,7b16a01c980ae2ac,"a
i",
1,prot-1951--ak--13,7b16a01c980ae2ac,"n
j",
2,prot-1951--ak--13,7b16a01c980ae2ac,"a
t",
3,prot-1951--ak--13,cdca04e0bc6ce855,l- m,
4,prot-1951--ak--13,cdca04e0bc6ce855,v- n,
5,prot-1951--ak--13,cdca04e0bc6ce855,n- s,
6,prot-1951--ak--13,cdca04e0bc6ce855,m- m,
7,prot-1951--ak--13,cdca04e0bc6ce855,o- t,
8,prot-1951--ak--13,cdca04e0bc6ce855,r- f,
9,prot-1951--ak--13,cdca04e0bc6ce855,s- s,
10,prot-1951--ak--13,cdca04e0bc6ce855,t- r,
11,prot-1951--ak--13,cdca04e0bc6ce855,t- l,
12,prot-1951--ak--13,cdca04e0bc6ce855,e- s,
13,prot-1951--ak--13,cdca04e0bc6ce855,p- f,
14,prot-1951--ak--13,cdca04e0bc6ce855,e- d,
15,prot-1951--ak--13,cdca04e0bc6ce855,l- t,
16,prot-1951--ak--13,cdca04e0bc6ce855,n- n,
17,prot-1951--ak--13,cdca04e0bc6ce855,d- v,
18,prot-1951--ak--13,cdca04e0bc6ce855,l- f,
19,prot-1951--ak--13,cdca04e0bc6ce855,s- a,
20,prot-1951--ak--13,cdca04e0bc6ce855,r- h,
21,prot-1951--ak--13,cdca04e0bc6ce855,s- k,
22,prot-1951--ak--13,cdca04e0bc6ce855,s- b,
23,prot-1951--ak--13,cdca04e0bc6ce855,e- r,
24,prot-1951--ak--13,cdca04e0bc6ce855,t- t,
25,prot-1951--ak--13,cdca04e0bc6ce855,s- o,
26,prot-1951--ak--13,cdca04e0bc6ce855,y- r,
27,prot-1951--ak--13,cdca04e0bc6ce855,s- o,
28,prot-1951--ak--13,cdca04e0bc6ce855,ä- g,
29,prot-1951--ak--13,cdca04e0bc6ce855,n- h,
30,prot-1951--ak--13,cdca04e0bc6ce855,s- m,
31,prot-1951--ak--13,cdca04e0bc6ce855,m- m,
32,prot-1951--ak--13,cdca04e0bc6ce855,s- o,
33,prot-1951--ak--13,cdca04e0bc6ce855,a- r,
34,prot-1951--ak--13,cdca04e0bc6ce855,m- s,
35,prot-1951--ak--13,cdca04e0bc6ce855,s- i,
36,prot-1951--ak--13,cdca04e0bc6ce855,r- b,
37,prot-1951--ak--13,cdca04e0bc6ce855,s- n,
38,prot-1951--ak--13,cdca04e0bc6ce855,s- m,
39,prot-1951--ak--13,cdca04e0bc6ce855,n- d,
40,prot-1951--ak--13,cdca04e0bc6ce855,k- t,
41,prot-1951--ak--13,cdca04e0bc6ce855,e- r,
42,prot-1951--ak--13,cdca04e0bc6ce855,u- k,
43,prot-1951--ak--13,cdca04e0bc6ce855,r- b,
44,prot-1951--ak--13,cdca04e0bc6ce855,r- b,
45,prot-1951--ak--13,cdca04e0bc6ce855,e- f,
46,prot-1951--ak--13,cdca04e0bc6ce855,e- s,
47,prot-1951--ak--13,cdca04e0bc6ce855,n- n,
48,prot-1951--ak--13,cdca04e0bc6ce855,s- f,
49,prot-1951--ak--13,cdca04e0bc6ce855,r- b,
50,prot-1951--ak--13,cdca04e0bc6ce855,s- o,
51,prot-1951--ak--13,cdca04e0bc6ce855,t- n,
52,prot-1951--ak--13,cdca04e0bc6ce855,o- n,
0,prot-1951--ak--13,7b16a01c980ae2ac,"i
g",
1,prot-1951--ak--13,cdca04e0bc6ce855,a- r,
2,prot-1951--ak--13,cdca04e0bc6ce855,r- b,
3,prot-1951--ak--13,cdca04e0bc6ce855,r- l,
4,prot-1951--ak--13,cdca04e0bc6ce855,e- r,
5,prot-1951--ak--13,cdca04e0bc6ce855,s- ä,
6,prot-1951--ak--13,cdca04e0bc6ce855,v- v,
7,prot-1951--ak--13,cdca04e0bc6ce855,g- a,
8,prot-1951--ak--13,cdca04e0bc6ce855,e- t,
9,prot-1951--ak--13,cdca04e0bc6ce855,t- s,
10,prot-1951--ak--13,cdca04e0bc6ce855,t- s,
11,prot-1951--ak--13,cdca04e0bc6ce855,m- m,
12,prot-1951--ak--13,cdca04e0bc6ce855,v- v,
13,prot-1951--ak--13,cdca04e0bc6ce855,t- n,
14,prot-1951--ak--13,cdca04e0bc6ce855,l- n,
15,prot-1951--ak--13,cdca04e0bc6ce855,m- b,
16,prot-1951--ak--13,cdca04e0bc6ce855,n- d,
17,prot-1951--ak--13,cdca04e0bc6ce855,s- k,
18,prot-1951--ak--13,cdca04e0bc6ce855,k- t,
19,prot-1951--ak--13,cdca04e0bc6ce855,r- b,
20,prot-1951--ak--13,cdca04e0bc6ce855,e- d,
21,prot-1951--ak--13,cdca04e0bc6ce855,u- k,
22,prot-1951--ak--13,cdca04e0bc6ce855,n- d,
23,prot-1951--ak--13,cdca04e0bc6ce855,l- f,
24,prot-1951--ak--13,cdca04e0bc6ce855,g- a,
25,prot-1951--ak--13,cdca04e0bc6ce855,k- s,
26,prot-1951--ak--13,cdca04e0bc6ce855,m- t,
27,prot-1951--ak--13,cdca04e0bc6ce855,e- m,
0,prot-1951--ak--13,cdca04e0bc6ce855,n- d,
1,prot-1951--ak--13,cdca04e0bc6ce855,j- l,
2,prot-1951--ak--13,cdca04e0bc6ce855,r- b,
3,prot-1951--ak--13,cdca04e0bc6ce855,r- v,
4,prot-1951--ak--13,cdca04e0bc6ce855,i- v,
5,prot-1951--ak--13,cdca04e0bc6ce855,n- n,
6,prot-1951--ak--13,cdca04e0bc6ce855,a- r,
7,prot-1951--ak--13,cdca04e0bc6ce855,m- m,
8,prot-1951--ak--13,cdca04e0bc6ce855,t- t,
9,prot-1951--ak--13,cdca04e0bc6ce855,l- m,
10,prot-1951--ak--13,cdca04e0bc6ce855,d- s,
11,prot-1951--ak--13,cdca04e0bc6ce855,a- r,
12,prot-1951--ak--13,cdca04e0bc6ce855,d- n,
13,prot-1951--ak--13,cdca04e0bc6ce855,n- d,
14,prot-1951--ak--13,cdca04e0bc6ce855,m- m,
15,prot-1951--ak--13,cdca04e0bc6ce855,m- p,
16,prot-1951--ak--13,cdca04e0bc6ce855,i- g,
17,prot-1951--ak--13,cdca04e0bc6ce855,a- r,
18,prot-1951--ak--13,cdca04e0bc6ce855,l- l,
19,prot-1951--ak--13,cdca04e0bc6ce855,l- l,
20,prot-1951--ak--13,cdca04e0bc6ce855,a- v,
21,prot-1951--ak--13,cdca04e0bc6ce855,e- h,
22,prot-1951--ak--13,cdca04e0bc6ce855,s- ä,
23,prot-1951--ak--13,cdca04e0bc6ce855,s- ä,
0,prot-1951--ak--13,cdca04e0bc6ce855,n- t,
1,prot-1951--ak--13,cdca04e0bc6ce855,i- s,
2,prot-1951--ak--13,cdca04e0bc6ce855,o- s,
3,prot-1951--ak--13,cdca04e0bc6ce855,p- p,
4,prot-1951--ak--13,cdca04e0bc6ce855,n- n,
5,prot-1951--ak--13,cdca04e0bc6ce855,å- v,
6,prot-1951--ak--13,cdca04e0bc6ce855,n- m,
7,prot-1951--ak--13,cdca04e0bc6ce855,s- a,
8,prot-1951--ak--13,cdca04e0bc6ce855,u- v,
9,prot-1951--ak--13,cdca04e0bc6ce855,o- g,
10,prot-1951--ak--13,cdca04e0bc6ce855,l- a,
11,prot-1951--ak--13,cdca04e0bc6ce855,k- s,
12,prot-1951--ak--13,cdca04e0bc6ce855,n- h,
13,prot-1951--ak--13,cdca04e0bc6ce855,r- b,
14,prot-1951--ak--13,cdca04e0bc6ce855,i- v,
15,prot-1951--ak--13,cdca04e0bc6ce855,e- r,
16,prot-1951--ak--13,cdca04e0bc6ce855,s- ä,
17,prot-1951--ak--13,cdca04e0bc6ce855,n- m,
18,prot-1951--ak--13,cdca04e0bc6ce855,r- f,
19,prot-1951--ak--13,cdca04e0bc6ce855,n- t,
20,prot-1951--ak--13,cdca04e0bc6ce855,u- v,
21,prot-1951--ak--13,cdca04e0bc6ce855,r- b,
22,prot-1951--ak--13,cdca04e0bc6ce855,n- d,
23,prot-1951--ak--13,cdca04e0bc6ce855,i- g,
24,prot-1951--ak--13,cdca04e0bc6ce855,m- p,
25,prot-1951--ak--13,cdca04e0bc6ce855,n- n,
0,prot-1951--ak--13,7b16a01c980ae2ac,"r
b",
1,prot-1951--ak--13,7b16a01c980ae2ac,"e
h",
2,prot-1951--ak--13,cdca04e0bc6ce855,n- t,
3,prot-1951--ak--13,cdca04e0bc6ce855,g- a,
4,prot-1951--ak--13,cdca04e0bc6ce855,s- a,
5,prot-1951--ak--13,cdca04e0bc6ce855,r- f,
6,prot-1951--ak--13,cdca04e0bc6ce855,s- t,
7,prot-1951--ak--13,cdca04e0bc6ce855,a- t,
8,prot-1951--ak--13,cdca04e0bc6ce855,d- l,
9,prot-1951--ak--13,cdca04e0bc6ce855,t- t,
10,prot-1951--ak--13,cdca04e0bc6ce855,e- f,
11,prot-1951--ak--13,cdca04e0bc6ce855,r- s,
12,prot-1951--ak--13,cdca04e0bc6ce855,e- f,
13,prot-1951--ak--13,cdca04e0bc6ce855,d- n,
14,prot-1951--ak--13,cdca04e0bc6ce855,e- r,
15,prot-1951--ak--13,cdca04e0bc6ce855,e- t,
16,prot-1951--ak--13,cdca04e0bc6ce855,l- s,
17,prot-1951--ak--13,cdca04e0bc6ce855,a- r,
18,prot-1951--ak--13,cdca04e0bc6ce855,n- d,
19,prot-1951--ak--13,cdca04e0bc6ce855,e- d,
20,prot-1951--ak--13,cdca04e0bc6ce855,d- d,
21,prot-1951--ak--13,cdca04e0bc6ce855,r- h,
22,prot-1951--ak--13,cdca04e0bc6ce855,n- v,
23,prot-1951--ak--13,cdca04e0bc6ce855,v- n,
24,prot-1951--ak--13,cdca04e0bc6ce855,j- l,
25,prot-1951--ak--13,cdca04e0bc6ce855,t- g,
26,prot-1951--ak--13,cdca04e0bc6ce855,n- m,
27,prot-1951--ak--13,cdca04e0bc6ce855,s- o,
28,prot-1951--ak--13,cdca04e0bc6ce855,r- b,
29,prot-1951--ak--13,cdca04e0bc6ce855,å- l,
30,prot-1951--ak--13,cdca04e0bc6ce855,l- d,
31,prot-1951--ak--13,cdca04e0bc6ce855,a- t,
0,prot-1951--ak--13,7b16a01c980ae2ac,"n
d",
1,prot-1951--ak--13,cdca04e0bc6ce855,t- s,
2,prot-1951--ak--13,cdca04e0bc6ce855,s- o,
3,prot-1951--ak--13,cdca04e0bc6ce855,e- f,
4,prot-1951--ak--13,cdca04e0bc6ce855,a- l,
5,prot-1951--ak--13,cdca04e0bc6ce855,g- s,
6,prot-1951--ak--13,cdca04e0bc6ce855,s- k,
7,prot-1951--ak--13,cdca04e0bc6ce855,e- r,
8,prot-1951--ak--13,cdca04e0bc6ce855,o- n,
9,prot-1951--ak--13,cdca04e0bc6ce855,l- m,
10,prot-1951--ak--13,cdca04e0bc6ce855,s- s,
11,prot-1951--ak--13,cdca04e0bc6ce855,e- l,
12,prot-1951--ak--13,cdca04e0bc6ce855,å- r,
13,prot-1951--ak--13,cdca04e0bc6ce855,ö- r,
14,prot-1951--ak--13,cdca04e0bc6ce855,t- t,
15,prot-1951--ak--13,cdca04e0bc6ce855,n- v,
16,prot-1951--ak--13,cdca04e0bc6ce855,r- f,
17,prot-1951--ak--13,cdca04e0bc6ce855,å- s,
18,prot-1951--ak--13,cdca04e0bc6ce855,l- l,
19,prot-1951--ak--13,cdca04e0bc6ce855,t- s,
20,prot-1951--ak--13,cdca04e0bc6ce855,r- b,
21,prot-1951--ak--13,cdca04e0bc6ce855,ä- r,
22,prot-1951--ak--13,cdca04e0bc6ce855,t- l,
23,prot-1951--ak--13,cdca04e0bc6ce855,e- k,
24,prot-1951--ak--13,cdca04e0bc6ce855,n- s,
25,prot-1951--ak--13,cdca04e0bc6ce855,n- s,
26,prot-1951--ak--13,cdca04e0bc6ce855,d- v,
27,prot-1951--ak--13,cdca04e0bc6ce855,n- d,
28,prot-1951--ak--13,cdca04e0bc6ce855,m- p,
29,prot-1951--ak--13,cdca04e0bc6ce855,o- g,
30,prot-1951--ak--13,cdca04e0bc6ce855,n- s,
0,prot-1951--ak--13,7b16a01c980ae2ac,"d
v",
1,prot-1951--ak--13,7b16a01c980ae2ac,"n
s",
2,prot-1951--ak--13,7b16a01c980ae2ac,"h
n",
3,prot-1951--ak--13,cdca04e0bc6ce855,e- s,
4,prot-1951--ak--13,cdca04e0bc6ce855,t- s,
5,prot-1951--ak--13,cdca04e0bc6ce855,d- t,
6,prot-1951--ak--13,cdca04e0bc6ce855,i- f,
7,prot-1951--ak--13,cdca04e0bc6ce855,t- r,
8,prot-1951--ak--13,cdca04e0bc6ce855,t- t,
9,prot-1951--ak--13,cdca04e0bc6ce855,ö- k,
10,prot-1951--ak--13,cdca04e0bc6ce855,e- d,
11,prot-1951--ak--13,cdca04e0bc6ce855,t- t,
12,prot-1951--ak--13,cdca04e0bc6ce855,o- n,
13,prot-1951--ak--13,cdca04e0bc6ce855,m- s,
14,prot-1951--ak--13,cdca04e0bc6ce855,t- s,
15,prot-1951--ak--13,cdca04e0bc6ce855,l- m,
16,prot-1951--ak--13,cdca04e0bc6ce855,l- l,
17,prot-1951--ak--13,cdca04e0bc6ce855,f- t,
18,prot-1951--ak--13,cdca04e0bc6ce855,s- p,
19,prot-1951--ak--13,cdca04e0bc6ce855,p- l,
20,prot-1951--ak--13,cdca04e0bc6ce855,r- t,
21,prot-1951--ak--13,cdca04e0bc6ce855,m- m,
22,prot-1951--ak--13,cdca04e0bc6ce855,n- n,
23,prot-1951--ak--13,cdca04e0bc6ce855,s- u,
24,prot-1951--ak--13,cdca04e0bc6ce855,i- v,
25,prot-1951--ak--13,cdca04e0bc6ce855,e- v,
26,prot-1951--ak--13,cdca04e0bc6ce855,o- n,
27,prot-1951--ak--13,cdca04e0bc6ce855,m- p,
0,prot-1951--ak--13,7b16a01c980ae2ac,"l
d",
1,prot-1951--ak--13,7b16a01c980ae2ac,"h
n",
2,prot-1951--ak--13,7b16a01c980ae2ac,"n
n",
3,prot-1951--ak--13,7b16a01c980ae2ac,"h
n",
4,prot-1951--ak--13,cdca04e0bc6ce855,s- d,
5,prot-1951--ak--13,cdca04e0bc6ce855,r- s,
6,prot-1951--ak--13,cdca04e0bc6ce855,r- s,
7,prot-1951--ak--13,cdca04e0bc6ce855,r- s,
8,prot-1951--ak--13,cdca04e0bc6ce855,n- d,
9,prot-1951--ak--13,cdca04e0bc6ce855,å- d,
10,prot-1951--ak--13,cdca04e0bc6ce855,å- d,
11,prot-1951--ak--13,cdca04e0bc6ce855,å- d,
12,prot-1951--ak--13,cdca04e0bc6ce855,a- r,
13,prot-1951--ak--13,cdca04e0bc6ce855,a- r,
14,prot-1951--ak--13,cdca04e0bc6ce855,a- r,
15,prot-1951--ak--13,cdca04e0bc6ce855,k- n,
16,prot-1951--ak--13,cdca04e0bc6ce855,e- t,
17,prot-1951--ak--13,cdca04e0bc6ce855,m- l,
18,prot-1951--ak--13,cdca04e0bc6ce855,e- o,
19,prot-1951--ak--13,cdca04e0bc6ce855,s- r,
20,prot-1951--ak--13,cdca04e0bc6ce855,d- r,
21,prot-1951--ak--13,cdca04e0bc6ce855,e- e,
22,prot-1951--ak--13,cdca04e0bc6ce855,f- f,
23,prot-1951--ak--13,cdca04e0bc6ce855,m- m,
24,prot-1951--ak--13,cdca04e0bc6ce855,d- r,
25,prot-1951--ak--13,cdca04e0bc6ce855,o- t,
26,prot-1951--ak--13,cdca04e0bc6ce855,s- k,
27,prot-1951--ak--13,cdca04e0bc6ce855,å- e,
28,prot-1951--ak--13,cdca04e0bc6ce855,e- r,
29,prot-1951--ak--13,cdca04e0bc6ce855,r- e,
