,filename,pattern,txt,person
0,prot-1951--ak--16,7b16a01c980ae2ac,"e
s",
1,prot-1951--ak--16,cdca04e0bc6ce855,n- s,
2,prot-1951--ak--16,cdca04e0bc6ce855,e- s,
3,prot-1951--ak--16,cdca04e0bc6ce855,d- b,
0,prot-1951--ak--16,cdca04e0bc6ce855,s- t,
1,prot-1951--ak--16,cdca04e0bc6ce855,s- d,
2,prot-1951--ak--16,cdca04e0bc6ce855,e- o,
3,prot-1951--ak--16,cdca04e0bc6ce855,e- m,
4,prot-1951--ak--16,cdca04e0bc6ce855,e- m,
0,prot-1951--ak--16,cdca04e0bc6ce855,o- p,
1,prot-1951--ak--16,cdca04e0bc6ce855,t- n,
2,prot-1951--ak--16,cdca04e0bc6ce855,d- b,
3,prot-1951--ak--16,cdca04e0bc6ce855,g- k,
4,prot-1951--ak--16,cdca04e0bc6ce855,r- b,
5,prot-1951--ak--16,cdca04e0bc6ce855,s- l,
6,prot-1951--ak--16,cdca04e0bc6ce855,k- d,
7,prot-1951--ak--16,cdca04e0bc6ce855,s- s,
0,prot-1951--ak--16,7b16a01c980ae2ac,"d
t",
1,prot-1951--ak--16,7b16a01c980ae2ac,"h
n",
2,prot-1951--ak--16,7b16a01c980ae2ac,"d
t",
3,prot-1951--ak--16,7b16a01c980ae2ac,"h
n",
4,prot-1951--ak--16,7b16a01c980ae2ac,"h
n",
5,prot-1951--ak--16,7b16a01c980ae2ac,"h
n",
6,prot-1951--ak--16,7b16a01c980ae2ac,"t
t",
7,prot-1951--ak--16,7b16a01c980ae2ac,"h
n",
8,prot-1951--ak--16,7b16a01c980ae2ac,"h
u",
9,prot-1951--ak--16,cdca04e0bc6ce855,o- s,
10,prot-1951--ak--16,cdca04e0bc6ce855,e- o,
11,prot-1951--ak--16,cdca04e0bc6ce855,n- s,
12,prot-1951--ak--16,cdca04e0bc6ce855,v- g,
13,prot-1951--ak--16,cdca04e0bc6ce855,a- d,
14,prot-1951--ak--16,cdca04e0bc6ce855,p- t,
15,prot-1951--ak--16,cdca04e0bc6ce855,d- g,
16,prot-1951--ak--16,cdca04e0bc6ce855,v- g,
17,prot-1951--ak--16,cdca04e0bc6ce855,l- l,
18,prot-1951--ak--16,cdca04e0bc6ce855,s- t,
19,prot-1951--ak--16,cdca04e0bc6ce855,l- j,
20,prot-1951--ak--16,cdca04e0bc6ce855,o- n,
21,prot-1951--ak--16,cdca04e0bc6ce855,o- n,
22,prot-1951--ak--16,cdca04e0bc6ce855,n- l,
23,prot-1951--ak--16,cdca04e0bc6ce855,n- l,
24,prot-1951--ak--16,cdca04e0bc6ce855,n- s,
25,prot-1951--ak--16,cdca04e0bc6ce855,i- v,
26,prot-1951--ak--16,cdca04e0bc6ce855,a- t,
27,prot-1951--ak--16,cdca04e0bc6ce855,m- s,
28,prot-1951--ak--16,cdca04e0bc6ce855,s- v,
29,prot-1951--ak--16,cdca04e0bc6ce855,l- n,
30,prot-1951--ak--16,cdca04e0bc6ce855,u- v,
31,prot-1951--ak--16,cdca04e0bc6ce855,m- m,
32,prot-1951--ak--16,cdca04e0bc6ce855,m- h,
33,prot-1951--ak--16,cdca04e0bc6ce855,o- t,
0,prot-1951--ak--16,7b16a01c980ae2ac,"n
s",
1,prot-1951--ak--16,cdca04e0bc6ce855,o- s,
2,prot-1951--ak--16,cdca04e0bc6ce855,r- v,
3,prot-1951--ak--16,cdca04e0bc6ce855,r- t,
4,prot-1951--ak--16,cdca04e0bc6ce855,e- v,
5,prot-1951--ak--16,cdca04e0bc6ce855,r- h,
6,prot-1951--ak--16,cdca04e0bc6ce855,d- g,
7,prot-1951--ak--16,cdca04e0bc6ce855,s- a,
8,prot-1951--ak--16,cdca04e0bc6ce855,r- v,
9,prot-1951--ak--16,cdca04e0bc6ce855,l- m,
10,prot-1951--ak--16,cdca04e0bc6ce855,t- f,
11,prot-1951--ak--16,cdca04e0bc6ce855,r- d,
12,prot-1951--ak--16,cdca04e0bc6ce855,n- s,
13,prot-1951--ak--16,cdca04e0bc6ce855,o- d,
14,prot-1951--ak--16,cdca04e0bc6ce855,n- d,
15,prot-1951--ak--16,cdca04e0bc6ce855,u- v,
16,prot-1951--ak--16,cdca04e0bc6ce855,r- f,
17,prot-1951--ak--16,cdca04e0bc6ce855,c- k,
18,prot-1951--ak--16,cdca04e0bc6ce855,l- l,
19,prot-1951--ak--16,cdca04e0bc6ce855,e- d,
20,prot-1951--ak--16,cdca04e0bc6ce855,i- n,
21,prot-1951--ak--16,cdca04e0bc6ce855,a- t,
22,prot-1951--ak--16,cdca04e0bc6ce855,r- h,
23,prot-1951--ak--16,cdca04e0bc6ce855,ä- s,
24,prot-1951--ak--16,cdca04e0bc6ce855,r- t,
0,prot-1951--ak--16,7b16a01c980ae2ac,"t
s",
1,prot-1951--ak--16,cdca04e0bc6ce855,k- t,
2,prot-1951--ak--16,cdca04e0bc6ce855,n- d,
3,prot-1951--ak--16,cdca04e0bc6ce855,i- g,
4,prot-1951--ak--16,cdca04e0bc6ce855,v- s,
5,prot-1951--ak--16,cdca04e0bc6ce855,t- r,
6,prot-1951--ak--16,cdca04e0bc6ce855,a- d,
7,prot-1951--ak--16,cdca04e0bc6ce855,r- f,
8,prot-1951--ak--16,cdca04e0bc6ce855,r- u,
9,prot-1951--ak--16,cdca04e0bc6ce855,p- å,
10,prot-1951--ak--16,cdca04e0bc6ce855,v- r,
11,prot-1951--ak--16,cdca04e0bc6ce855,o- s,
12,prot-1951--ak--16,cdca04e0bc6ce855,l- m,
13,prot-1951--ak--16,cdca04e0bc6ce855,k- s,
14,prot-1951--ak--16,cdca04e0bc6ce855,e- n,
15,prot-1951--ak--16,cdca04e0bc6ce855,o- n,
16,prot-1951--ak--16,cdca04e0bc6ce855,g- o,
17,prot-1951--ak--16,cdca04e0bc6ce855,y- r,
18,prot-1951--ak--16,cdca04e0bc6ce855,d- g,
19,prot-1951--ak--16,cdca04e0bc6ce855,o- n,
20,prot-1951--ak--16,cdca04e0bc6ce855,g- o,
21,prot-1951--ak--16,cdca04e0bc6ce855,g- n,
22,prot-1951--ak--16,cdca04e0bc6ce855,d- s,
23,prot-1951--ak--16,cdca04e0bc6ce855,g- a,
24,prot-1951--ak--16,cdca04e0bc6ce855,u- v,
25,prot-1951--ak--16,cdca04e0bc6ce855,a- d,
26,prot-1951--ak--16,cdca04e0bc6ce855,d- s,
27,prot-1951--ak--16,cdca04e0bc6ce855,n- s,
28,prot-1951--ak--16,cdca04e0bc6ce855,v- g,
29,prot-1951--ak--16,cdca04e0bc6ce855,r- m,
30,prot-1951--ak--16,cdca04e0bc6ce855,l- d,
31,prot-1951--ak--16,cdca04e0bc6ce855,s- s,
0,prot-1951--ak--16,cdca04e0bc6ce855,s- d,
1,prot-1951--ak--16,cdca04e0bc6ce855,x- c,
2,prot-1951--ak--16,cdca04e0bc6ce855,o- m,
3,prot-1951--ak--16,cdca04e0bc6ce855,o- g,
4,prot-1951--ak--16,cdca04e0bc6ce855,y- d,
5,prot-1951--ak--16,cdca04e0bc6ce855,u- l,
6,prot-1951--ak--16,cdca04e0bc6ce855,m- r,
7,prot-1951--ak--16,cdca04e0bc6ce855,l- g,
8,prot-1951--ak--16,cdca04e0bc6ce855,i- t,
9,prot-1951--ak--16,cdca04e0bc6ce855,t- g,
10,prot-1951--ak--16,cdca04e0bc6ce855,r- h,
11,prot-1951--ak--16,cdca04e0bc6ce855,s- o,
12,prot-1951--ak--16,cdca04e0bc6ce855,t- n,
13,prot-1951--ak--16,cdca04e0bc6ce855,m- b,
14,prot-1951--ak--16,cdca04e0bc6ce855,r- b,
15,prot-1951--ak--16,cdca04e0bc6ce855,s- o,
16,prot-1951--ak--16,cdca04e0bc6ce855,t- s,
17,prot-1951--ak--16,cdca04e0bc6ce855,g- l,
18,prot-1951--ak--16,cdca04e0bc6ce855,s- o,
19,prot-1951--ak--16,cdca04e0bc6ce855,t- t,
20,prot-1951--ak--16,cdca04e0bc6ce855,n- o,
21,prot-1951--ak--16,cdca04e0bc6ce855,m- m,
22,prot-1951--ak--16,cdca04e0bc6ce855,l- m,
23,prot-1951--ak--16,cdca04e0bc6ce855,e- f,
24,prot-1951--ak--16,cdca04e0bc6ce855,a- g,
25,prot-1951--ak--16,cdca04e0bc6ce855,å- g,
26,prot-1951--ak--16,cdca04e0bc6ce855,k- t,
27,prot-1951--ak--16,cdca04e0bc6ce855,t- s,
28,prot-1951--ak--16,cdca04e0bc6ce855,e- d,
29,prot-1951--ak--16,cdca04e0bc6ce855,n- l,
30,prot-1951--ak--16,cdca04e0bc6ce855,r- s,
0,prot-1951--ak--16,7b16a01c980ae2ac,"r
s",
1,prot-1951--ak--16,7b16a01c980ae2ac,"t
u",
2,prot-1951--ak--16,cdca04e0bc6ce855,l- l,
3,prot-1951--ak--16,cdca04e0bc6ce855,t- t,
4,prot-1951--ak--16,cdca04e0bc6ce855,o- n,
5,prot-1951--ak--16,cdca04e0bc6ce855,k- t,
6,prot-1951--ak--16,cdca04e0bc6ce855,o- p,
7,prot-1951--ak--16,cdca04e0bc6ce855,e- s,
8,prot-1951--ak--16,cdca04e0bc6ce855,o- p,
9,prot-1951--ak--16,cdca04e0bc6ce855,o- s,
10,prot-1951--ak--16,cdca04e0bc6ce855,s- n,
11,prot-1951--ak--16,cdca04e0bc6ce855,i- f,
12,prot-1951--ak--16,cdca04e0bc6ce855,m- s,
13,prot-1951--ak--16,cdca04e0bc6ce855,o- s,
14,prot-1951--ak--16,cdca04e0bc6ce855,m- s,
15,prot-1951--ak--16,cdca04e0bc6ce855,r- s,
16,prot-1951--ak--16,cdca04e0bc6ce855,s- a,
17,prot-1951--ak--16,cdca04e0bc6ce855,n- d,
18,prot-1951--ak--16,cdca04e0bc6ce855,o- t,
0,prot-1951--ak--16,cdca04e0bc6ce855,l- m,
1,prot-1951--ak--16,cdca04e0bc6ce855,i- t,
2,prot-1951--ak--16,cdca04e0bc6ce855,m- b,
3,prot-1951--ak--16,cdca04e0bc6ce855,k- t,
4,prot-1951--ak--16,cdca04e0bc6ce855,r- ä,
5,prot-1951--ak--16,cdca04e0bc6ce855,g- o,
6,prot-1951--ak--16,cdca04e0bc6ce855,s- s,
7,prot-1951--ak--16,cdca04e0bc6ce855,b- b,
8,prot-1951--ak--16,cdca04e0bc6ce855,g- o,
9,prot-1951--ak--16,cdca04e0bc6ce855,ä- r,
10,prot-1951--ak--16,cdca04e0bc6ce855,m- l,
11,prot-1951--ak--16,cdca04e0bc6ce855,l- l,
12,prot-1951--ak--16,cdca04e0bc6ce855,o- n,
13,prot-1951--ak--16,cdca04e0bc6ce855,r- s,
14,prot-1951--ak--16,cdca04e0bc6ce855,r- t,
15,prot-1951--ak--16,cdca04e0bc6ce855,r- t,
16,prot-1951--ak--16,cdca04e0bc6ce855,n- o,
17,prot-1951--ak--16,cdca04e0bc6ce855,e- l,
18,prot-1951--ak--16,cdca04e0bc6ce855,t- s,
19,prot-1951--ak--16,cdca04e0bc6ce855,y- d,
20,prot-1951--ak--16,cdca04e0bc6ce855,g- d,
21,prot-1951--ak--16,cdca04e0bc6ce855,s- b,
22,prot-1951--ak--16,cdca04e0bc6ce855,d- d,
23,prot-1951--ak--16,cdca04e0bc6ce855,n- p,
24,prot-1951--ak--16,cdca04e0bc6ce855,y- d,
25,prot-1951--ak--16,cdca04e0bc6ce855,o- n,
26,prot-1951--ak--16,cdca04e0bc6ce855,g- o,
27,prot-1951--ak--16,cdca04e0bc6ce855,l- f,
28,prot-1951--ak--16,cdca04e0bc6ce855,n- f,
29,prot-1951--ak--16,cdca04e0bc6ce855,e- s,
30,prot-1951--ak--16,cdca04e0bc6ce855,l- m,
31,prot-1951--ak--16,cdca04e0bc6ce855,s- l,
32,prot-1951--ak--16,cdca04e0bc6ce855,a- r,
0,prot-1951--ak--16,cdca04e0bc6ce855,e- m,
1,prot-1951--ak--16,cdca04e0bc6ce855,a- r,
2,prot-1951--ak--16,cdca04e0bc6ce855,r- l,
3,prot-1951--ak--16,cdca04e0bc6ce855,d- s,
4,prot-1951--ak--16,cdca04e0bc6ce855,r- t,
5,prot-1951--ak--16,cdca04e0bc6ce855,e- d,
6,prot-1951--ak--16,cdca04e0bc6ce855,a- g,
7,prot-1951--ak--16,cdca04e0bc6ce855,a- t,
8,prot-1951--ak--16,cdca04e0bc6ce855,a- d,
9,prot-1951--ak--16,cdca04e0bc6ce855,e- r,
10,prot-1951--ak--16,cdca04e0bc6ce855,r- d,
11,prot-1951--ak--16,cdca04e0bc6ce855,k- t,
12,prot-1951--ak--16,cdca04e0bc6ce855,k- t,
13,prot-1951--ak--16,cdca04e0bc6ce855,n- t,
14,prot-1951--ak--16,cdca04e0bc6ce855,l- m,
15,prot-1951--ak--16,cdca04e0bc6ce855,o- s,
16,prot-1951--ak--16,cdca04e0bc6ce855,e- s,
17,prot-1951--ak--16,cdca04e0bc6ce855,e- g,
18,prot-1951--ak--16,cdca04e0bc6ce855,e- r,
19,prot-1951--ak--16,cdca04e0bc6ce855,d- k,
20,prot-1951--ak--16,cdca04e0bc6ce855,o- s,
21,prot-1951--ak--16,cdca04e0bc6ce855,s- n,
22,prot-1951--ak--16,cdca04e0bc6ce855,a- m,
23,prot-1951--ak--16,cdca04e0bc6ce855,l- l,
24,prot-1951--ak--16,cdca04e0bc6ce855,e- d,
25,prot-1951--ak--16,cdca04e0bc6ce855,r- j,
26,prot-1951--ak--16,cdca04e0bc6ce855,r- k,
27,prot-1951--ak--16,cdca04e0bc6ce855,t- t,
28,prot-1951--ak--16,cdca04e0bc6ce855,o- s,
0,prot-1951--ak--16,cdca04e0bc6ce855,e- v,
1,prot-1951--ak--16,cdca04e0bc6ce855,r- s,
2,prot-1951--ak--16,cdca04e0bc6ce855,s- k,
3,prot-1951--ak--16,cdca04e0bc6ce855,n- d,
4,prot-1951--ak--16,cdca04e0bc6ce855,g- s,
5,prot-1951--ak--16,cdca04e0bc6ce855,a- g,
6,prot-1951--ak--16,cdca04e0bc6ce855,r- v,
7,prot-1951--ak--16,cdca04e0bc6ce855,l- m,
8,prot-1951--ak--16,cdca04e0bc6ce855,e- v,
9,prot-1951--ak--16,cdca04e0bc6ce855,o- n,
10,prot-1951--ak--16,cdca04e0bc6ce855,g- o,
11,prot-1951--ak--16,cdca04e0bc6ce855,g- o,
12,prot-1951--ak--16,cdca04e0bc6ce855,r- s,
13,prot-1951--ak--16,cdca04e0bc6ce855,ö- r,
14,prot-1951--ak--16,cdca04e0bc6ce855,e- h,
15,prot-1951--ak--16,cdca04e0bc6ce855,m- f,
16,prot-1951--ak--16,cdca04e0bc6ce855,s- t,
17,prot-1951--ak--16,cdca04e0bc6ce855,r- v,
18,prot-1951--ak--16,cdca04e0bc6ce855,g- e,
19,prot-1951--ak--16,cdca04e0bc6ce855,e- h,
20,prot-1951--ak--16,cdca04e0bc6ce855,l- f,
21,prot-1951--ak--16,cdca04e0bc6ce855,i- v,
22,prot-1951--ak--16,cdca04e0bc6ce855,t- r,
23,prot-1951--ak--16,cdca04e0bc6ce855,s- s,
24,prot-1951--ak--16,cdca04e0bc6ce855,g- o,
25,prot-1951--ak--16,cdca04e0bc6ce855,k- n,
26,prot-1951--ak--16,cdca04e0bc6ce855,s- a,
27,prot-1951--ak--16,cdca04e0bc6ce855,r- r,
28,prot-1951--ak--16,cdca04e0bc6ce855,a- g,
0,prot-1951--ak--16,cdca04e0bc6ce855,m- m,
1,prot-1951--ak--16,cdca04e0bc6ce855,r- s,
2,prot-1951--ak--16,cdca04e0bc6ce855,s- v,
3,prot-1951--ak--16,cdca04e0bc6ce855,ä- r,
4,prot-1951--ak--16,cdca04e0bc6ce855,l- k,
5,prot-1951--ak--16,cdca04e0bc6ce855,v- d,
6,prot-1951--ak--16,cdca04e0bc6ce855,e- n,
7,prot-1951--ak--16,cdca04e0bc6ce855,s- b,
8,prot-1951--ak--16,cdca04e0bc6ce855,å- g,
9,prot-1951--ak--16,cdca04e0bc6ce855,e- t,
10,prot-1951--ak--16,cdca04e0bc6ce855,o- m,
11,prot-1951--ak--16,cdca04e0bc6ce855,e- t,
12,prot-1951--ak--16,cdca04e0bc6ce855,s- s,
13,prot-1951--ak--16,cdca04e0bc6ce855,i- t,
14,prot-1951--ak--16,cdca04e0bc6ce855,t- t,
15,prot-1951--ak--16,cdca04e0bc6ce855,l- p,
16,prot-1951--ak--16,cdca04e0bc6ce855,g- b,
17,prot-1951--ak--16,cdca04e0bc6ce855,v- d,
18,prot-1951--ak--16,cdca04e0bc6ce855,k- t,
19,prot-1951--ak--16,cdca04e0bc6ce855,m- n,
20,prot-1951--ak--16,cdca04e0bc6ce855,s- k,
21,prot-1951--ak--16,cdca04e0bc6ce855,p- p,
22,prot-1951--ak--16,cdca04e0bc6ce855,a- r,
23,prot-1951--ak--16,cdca04e0bc6ce855,a- d,
24,prot-1951--ak--16,cdca04e0bc6ce855,n- d,
0,prot-1951--ak--16,7b16a01c980ae2ac,"r
s",
1,prot-1951--ak--16,7b16a01c980ae2ac,"r
h",
2,prot-1951--ak--16,cdca04e0bc6ce855,a- m,
3,prot-1951--ak--16,cdca04e0bc6ce855,m- b,
4,prot-1951--ak--16,cdca04e0bc6ce855,r- b,
5,prot-1951--ak--16,cdca04e0bc6ce855,t- n,
6,prot-1951--ak--16,cdca04e0bc6ce855,å- s,
7,prot-1951--ak--16,cdca04e0bc6ce855,n- s,
8,prot-1951--ak--16,cdca04e0bc6ce855,o- n,
9,prot-1951--ak--16,cdca04e0bc6ce855,r- h,
10,prot-1951--ak--16,cdca04e0bc6ce855,a- t,
11,prot-1951--ak--16,cdca04e0bc6ce855,o- p,
12,prot-1951--ak--16,cdca04e0bc6ce855,e- g,
13,prot-1951--ak--16,cdca04e0bc6ce855,e- r,
14,prot-1951--ak--16,cdca04e0bc6ce855,d- k,
15,prot-1951--ak--16,cdca04e0bc6ce855,o- s,
16,prot-1951--ak--16,cdca04e0bc6ce855,r- v,
17,prot-1951--ak--16,cdca04e0bc6ce855,t- t,
18,prot-1951--ak--16,cdca04e0bc6ce855,r- s,
19,prot-1951--ak--16,cdca04e0bc6ce855,o- s,
20,prot-1951--ak--16,cdca04e0bc6ce855,n- v,
21,prot-1951--ak--16,cdca04e0bc6ce855,r- s,
0,prot-1951--ak--16,7b16a01c980ae2ac,"r
s",
1,prot-1951--ak--16,cdca04e0bc6ce855,o- n,
2,prot-1951--ak--16,cdca04e0bc6ce855,k- t,
3,prot-1951--ak--16,cdca04e0bc6ce855,i- f,
4,prot-1951--ak--16,cdca04e0bc6ce855,m- b,
5,prot-1951--ak--16,cdca04e0bc6ce855,ä- g,
6,prot-1951--ak--16,cdca04e0bc6ce855,e- g,
7,prot-1951--ak--16,cdca04e0bc6ce855,e- r,
8,prot-1951--ak--16,cdca04e0bc6ce855,d- k,
9,prot-1951--ak--16,cdca04e0bc6ce855,f- t,
10,prot-1951--ak--16,cdca04e0bc6ce855,s- p,
11,prot-1951--ak--16,cdca04e0bc6ce855,p- l,
12,prot-1951--ak--16,cdca04e0bc6ce855,r- t,
13,prot-1951--ak--16,cdca04e0bc6ce855,s- t,
14,prot-1951--ak--16,cdca04e0bc6ce855,a- r,
15,prot-1951--ak--16,cdca04e0bc6ce855,o- s,
16,prot-1951--ak--16,cdca04e0bc6ce855,r- s,
17,prot-1951--ak--16,cdca04e0bc6ce855,r- r,
18,prot-1951--ak--16,cdca04e0bc6ce855,e- b,
19,prot-1951--ak--16,cdca04e0bc6ce855,n- r,
20,prot-1951--ak--16,cdca04e0bc6ce855,r- s,
21,prot-1951--ak--16,cdca04e0bc6ce855,n- r,
22,prot-1951--ak--16,cdca04e0bc6ce855,l- s,
23,prot-1951--ak--16,cdca04e0bc6ce855,s- s,
24,prot-1951--ak--16,cdca04e0bc6ce855,s- t,
25,prot-1951--ak--16,cdca04e0bc6ce855,t- s,
26,prot-1951--ak--16,cdca04e0bc6ce855,r- s,
27,prot-1951--ak--16,cdca04e0bc6ce855,n- r,
28,prot-1951--ak--16,cdca04e0bc6ce855,r- v,
29,prot-1951--ak--16,cdca04e0bc6ce855,l- m,
30,prot-1951--ak--16,cdca04e0bc6ce855,e- r,
31,prot-1951--ak--16,cdca04e0bc6ce855,å- g,
32,prot-1951--ak--16,cdca04e0bc6ce855,s- f,
33,prot-1951--ak--16,cdca04e0bc6ce855,e- f,
34,prot-1951--ak--16,cdca04e0bc6ce855,u- l,
35,prot-1951--ak--16,cdca04e0bc6ce855,e- p,
36,prot-1951--ak--16,cdca04e0bc6ce855,e- p,
0,prot-1951--ak--16,cdca04e0bc6ce855,n- t,
1,prot-1951--ak--16,cdca04e0bc6ce855,k- n,
2,prot-1951--ak--16,cdca04e0bc6ce855,n- s,
3,prot-1951--ak--16,cdca04e0bc6ce855,e- m,
4,prot-1951--ak--16,cdca04e0bc6ce855,k- h,
5,prot-1951--ak--16,cdca04e0bc6ce855,u- t,
6,prot-1951--ak--16,cdca04e0bc6ce855,s- k,
7,prot-1951--ak--16,cdca04e0bc6ce855,k- l,
8,prot-1951--ak--16,cdca04e0bc6ce855,å- n,
9,prot-1951--ak--16,cdca04e0bc6ce855,t- v,
10,prot-1951--ak--16,cdca04e0bc6ce855,m- s,
11,prot-1951--ak--16,cdca04e0bc6ce855,b- v,
12,prot-1951--ak--16,cdca04e0bc6ce855,p- t,
13,prot-1951--ak--16,cdca04e0bc6ce855,e- n,
14,prot-1951--ak--16,cdca04e0bc6ce855,r- h,
15,prot-1951--ak--16,cdca04e0bc6ce855,r- t,
16,prot-1951--ak--16,cdca04e0bc6ce855,o- l,
17,prot-1951--ak--16,cdca04e0bc6ce855,t- s,
18,prot-1951--ak--16,cdca04e0bc6ce855,s- v,
19,prot-1951--ak--16,cdca04e0bc6ce855,m- l,
20,prot-1951--ak--16,cdca04e0bc6ce855,o- n,
21,prot-1951--ak--16,cdca04e0bc6ce855,b- v,
22,prot-1951--ak--16,cdca04e0bc6ce855,r- b,
23,prot-1951--ak--16,cdca04e0bc6ce855,r- r,
24,prot-1951--ak--16,cdca04e0bc6ce855,o- v,
25,prot-1951--ak--16,cdca04e0bc6ce855,n- d,
26,prot-1951--ak--16,cdca04e0bc6ce855,g- d,
27,prot-1951--ak--16,cdca04e0bc6ce855,a- g,
28,prot-1951--ak--16,cdca04e0bc6ce855,m- m,
29,prot-1951--ak--16,cdca04e0bc6ce855,g- g,
30,prot-1951--ak--16,cdca04e0bc6ce855,a- f,
31,prot-1951--ak--16,cdca04e0bc6ce855,s- s,
32,prot-1951--ak--16,cdca04e0bc6ce855,t- n,
33,prot-1951--ak--16,cdca04e0bc6ce855,d- r,
34,prot-1951--ak--16,cdca04e0bc6ce855,f- t,
0,prot-1951--ak--16,cdca04e0bc6ce855,t- n,
1,prot-1951--ak--16,cdca04e0bc6ce855,e- f,
2,prot-1951--ak--16,cdca04e0bc6ce855,g- p,
3,prot-1951--ak--16,cdca04e0bc6ce855,b- b,
4,prot-1951--ak--16,cdca04e0bc6ce855,o- n,
5,prot-1951--ak--16,cdca04e0bc6ce855,d- n,
6,prot-1951--ak--16,cdca04e0bc6ce855,s- l,
7,prot-1951--ak--16,cdca04e0bc6ce855,s- k,
8,prot-1951--ak--16,cdca04e0bc6ce855,r- b,
9,prot-1951--ak--16,cdca04e0bc6ce855,i- s,
10,prot-1951--ak--16,cdca04e0bc6ce855,s- s,
11,prot-1951--ak--16,cdca04e0bc6ce855,e- l,
12,prot-1951--ak--16,cdca04e0bc6ce855,n- t,
13,prot-1951--ak--16,cdca04e0bc6ce855,o- n,
14,prot-1951--ak--16,cdca04e0bc6ce855,e- n,
15,prot-1951--ak--16,cdca04e0bc6ce855,r- h,
16,prot-1951--ak--16,cdca04e0bc6ce855,a- t,
17,prot-1951--ak--16,cdca04e0bc6ce855,u- t,
18,prot-1951--ak--16,cdca04e0bc6ce855,n- d,
19,prot-1951--ak--16,cdca04e0bc6ce855,p- f,
20,prot-1951--ak--16,cdca04e0bc6ce855,m- m,
21,prot-1951--ak--16,cdca04e0bc6ce855,a- t,
22,prot-1951--ak--16,cdca04e0bc6ce855,t- n,
23,prot-1951--ak--16,cdca04e0bc6ce855,k- t,
24,prot-1951--ak--16,cdca04e0bc6ce855,m- m,
25,prot-1951--ak--16,cdca04e0bc6ce855,n- k,
26,prot-1951--ak--16,cdca04e0bc6ce855,n- d,
27,prot-1951--ak--16,cdca04e0bc6ce855,e- k,
28,prot-1951--ak--16,cdca04e0bc6ce855,e- t,
0,prot-1951--ak--16,7b16a01c980ae2ac,"m
s",
1,prot-1951--ak--16,cdca04e0bc6ce855,d- g,
2,prot-1951--ak--16,cdca04e0bc6ce855,g- n,
3,prot-1951--ak--16,cdca04e0bc6ce855,t- g,
4,prot-1951--ak--16,cdca04e0bc6ce855,n- m,
5,prot-1951--ak--16,cdca04e0bc6ce855,n- s,
6,prot-1951--ak--16,cdca04e0bc6ce855,m- f,
7,prot-1951--ak--16,cdca04e0bc6ce855,n- t,
8,prot-1951--ak--16,cdca04e0bc6ce855,n- d,
9,prot-1951--ak--16,cdca04e0bc6ce855,t- n,
10,prot-1951--ak--16,cdca04e0bc6ce855,d- g,
11,prot-1951--ak--16,cdca04e0bc6ce855,k- s,
12,prot-1951--ak--16,cdca04e0bc6ce855,n- s,
13,prot-1951--ak--16,cdca04e0bc6ce855,y- g,
14,prot-1951--ak--16,cdca04e0bc6ce855,e- t,
15,prot-1951--ak--16,cdca04e0bc6ce855,e- b,
16,prot-1951--ak--16,cdca04e0bc6ce855,n- t,
17,prot-1951--ak--16,cdca04e0bc6ce855,å- v,
18,prot-1951--ak--16,cdca04e0bc6ce855,f- f,
19,prot-1951--ak--16,cdca04e0bc6ce855,t- t,
20,prot-1951--ak--16,cdca04e0bc6ce855,å- l,
21,prot-1951--ak--16,cdca04e0bc6ce855,g- r,
22,prot-1951--ak--16,cdca04e0bc6ce855,n- r,
23,prot-1951--ak--16,cdca04e0bc6ce855,s- s,
24,prot-1951--ak--16,cdca04e0bc6ce855,n- d,
0,prot-1951--ak--16,cdca04e0bc6ce855,l- m,
1,prot-1951--ak--16,cdca04e0bc6ce855,m- m,
2,prot-1951--ak--16,cdca04e0bc6ce855,a- l,
3,prot-1951--ak--16,cdca04e0bc6ce855,r- d,
4,prot-1951--ak--16,cdca04e0bc6ce855,i- k,
5,prot-1951--ak--16,cdca04e0bc6ce855,n- n,
6,prot-1951--ak--16,cdca04e0bc6ce855,d- l,
7,prot-1951--ak--16,cdca04e0bc6ce855,y- g,
8,prot-1951--ak--16,cdca04e0bc6ce855,t- v,
9,prot-1951--ak--16,cdca04e0bc6ce855,t- r,
10,prot-1951--ak--16,cdca04e0bc6ce855,i- s,
11,prot-1951--ak--16,cdca04e0bc6ce855,o- k,
12,prot-1951--ak--16,cdca04e0bc6ce855,a- r,
13,prot-1951--ak--16,cdca04e0bc6ce855,n- d,
14,prot-1951--ak--16,cdca04e0bc6ce855,i- k,
15,prot-1951--ak--16,cdca04e0bc6ce855,t- s,
16,prot-1951--ak--16,cdca04e0bc6ce855,a- g,
17,prot-1951--ak--16,cdca04e0bc6ce855,s- t,
18,prot-1951--ak--16,cdca04e0bc6ce855,t- b,
19,prot-1951--ak--16,cdca04e0bc6ce855,s- s,
20,prot-1951--ak--16,cdca04e0bc6ce855,å- g,
21,prot-1951--ak--16,cdca04e0bc6ce855,i- d,
22,prot-1951--ak--16,cdca04e0bc6ce855,e- r,
23,prot-1951--ak--16,cdca04e0bc6ce855,n- l,
24,prot-1951--ak--16,cdca04e0bc6ce855,k- l,
25,prot-1951--ak--16,cdca04e0bc6ce855,m- m,
26,prot-1951--ak--16,cdca04e0bc6ce855,r- d,
27,prot-1951--ak--16,cdca04e0bc6ce855,n- t,
28,prot-1951--ak--16,cdca04e0bc6ce855,n- j,
29,prot-1951--ak--16,cdca04e0bc6ce855,v- s,
30,prot-1951--ak--16,cdca04e0bc6ce855,v- s,
31,prot-1951--ak--16,cdca04e0bc6ce855,n- d,
32,prot-1951--ak--16,cdca04e0bc6ce855,e- g,
33,prot-1951--ak--16,cdca04e0bc6ce855,d- p,
34,prot-1951--ak--16,cdca04e0bc6ce855,a- d,
35,prot-1951--ak--16,cdca04e0bc6ce855,n- b,
36,prot-1951--ak--16,cdca04e0bc6ce855,m- s,
37,prot-1951--ak--16,cdca04e0bc6ce855,å- g,
38,prot-1951--ak--16,cdca04e0bc6ce855,o- b,
39,prot-1951--ak--16,cdca04e0bc6ce855,m- m,
0,prot-1951--ak--16,cdca04e0bc6ce855,o- n,
1,prot-1951--ak--16,cdca04e0bc6ce855,n- n,
2,prot-1951--ak--16,cdca04e0bc6ce855,n- t,
3,prot-1951--ak--16,cdca04e0bc6ce855,o- n,
4,prot-1951--ak--16,cdca04e0bc6ce855,a- d,
5,prot-1951--ak--16,cdca04e0bc6ce855,t- n,
6,prot-1951--ak--16,cdca04e0bc6ce855,i- t,
7,prot-1951--ak--16,cdca04e0bc6ce855,r- m,
8,prot-1951--ak--16,cdca04e0bc6ce855,t- t,
9,prot-1951--ak--16,cdca04e0bc6ce855,i- k,
10,prot-1951--ak--16,cdca04e0bc6ce855,e- f,
11,prot-1951--ak--16,cdca04e0bc6ce855,t- n,
12,prot-1951--ak--16,cdca04e0bc6ce855,a- r,
13,prot-1951--ak--16,cdca04e0bc6ce855,m- b,
14,prot-1951--ak--16,cdca04e0bc6ce855,i- g,
15,prot-1951--ak--16,cdca04e0bc6ce855,s- t,
16,prot-1951--ak--16,cdca04e0bc6ce855,l- v,
17,prot-1951--ak--16,cdca04e0bc6ce855,n- s,
18,prot-1951--ak--16,cdca04e0bc6ce855,m- m,
19,prot-1951--ak--16,cdca04e0bc6ce855,v- r,
20,prot-1951--ak--16,cdca04e0bc6ce855,n- l,
21,prot-1951--ak--16,cdca04e0bc6ce855,n- k,
22,prot-1951--ak--16,cdca04e0bc6ce855,a- t,
23,prot-1951--ak--16,cdca04e0bc6ce855,g- p,
24,prot-1951--ak--16,cdca04e0bc6ce855,m- m,
25,prot-1951--ak--16,cdca04e0bc6ce855,s- i,
26,prot-1951--ak--16,cdca04e0bc6ce855,g- n,
27,prot-1951--ak--16,cdca04e0bc6ce855,c- k,
28,prot-1951--ak--16,cdca04e0bc6ce855,s- b,
29,prot-1951--ak--16,cdca04e0bc6ce855,ö- f,
30,prot-1951--ak--16,cdca04e0bc6ce855,r- l,
31,prot-1951--ak--16,cdca04e0bc6ce855,o- p,
32,prot-1951--ak--16,cdca04e0bc6ce855,n- l,
33,prot-1951--ak--16,cdca04e0bc6ce855,n- n,
0,prot-1951--ak--16,cdca04e0bc6ce855,d- v,
1,prot-1951--ak--16,cdca04e0bc6ce855,l- f,
2,prot-1951--ak--16,cdca04e0bc6ce855,r- d,
3,prot-1951--ak--16,cdca04e0bc6ce855,p- p,
4,prot-1951--ak--16,cdca04e0bc6ce855,t- v,
5,prot-1951--ak--16,cdca04e0bc6ce855,t- v,
6,prot-1951--ak--16,cdca04e0bc6ce855,d- v,
7,prot-1951--ak--16,cdca04e0bc6ce855,b- s,
8,prot-1951--ak--16,cdca04e0bc6ce855,e- l,
9,prot-1951--ak--16,cdca04e0bc6ce855,n- n,
10,prot-1951--ak--16,cdca04e0bc6ce855,s- f,
11,prot-1951--ak--16,cdca04e0bc6ce855,s- k,
12,prot-1951--ak--16,cdca04e0bc6ce855,l- l,
13,prot-1951--ak--16,cdca04e0bc6ce855,s- u,
14,prot-1951--ak--16,cdca04e0bc6ce855,ö- r,
15,prot-1951--ak--16,cdca04e0bc6ce855,n- n,
16,prot-1951--ak--16,cdca04e0bc6ce855,k- h,
17,prot-1951--ak--16,cdca04e0bc6ce855,k- n,
18,prot-1951--ak--16,cdca04e0bc6ce855,i- k,
19,prot-1951--ak--16,cdca04e0bc6ce855,r- s,
20,prot-1951--ak--16,cdca04e0bc6ce855,y- k,
21,prot-1951--ak--16,cdca04e0bc6ce855,å- d,
22,prot-1951--ak--16,cdca04e0bc6ce855,n- d,
23,prot-1951--ak--16,cdca04e0bc6ce855,d- n,
24,prot-1951--ak--16,cdca04e0bc6ce855,s- s,
25,prot-1951--ak--16,cdca04e0bc6ce855,n- h,
0,prot-1951--ak--16,cdca04e0bc6ce855,r- s,
1,prot-1951--ak--16,cdca04e0bc6ce855,i- r,
2,prot-1951--ak--16,cdca04e0bc6ce855,n- t,
3,prot-1951--ak--16,cdca04e0bc6ce855,t- s,
4,prot-1951--ak--16,cdca04e0bc6ce855,r- n,
5,prot-1951--ak--16,cdca04e0bc6ce855,s- f,
6,prot-1951--ak--16,cdca04e0bc6ce855,o- t,
7,prot-1951--ak--16,cdca04e0bc6ce855,e- t,
8,prot-1951--ak--16,cdca04e0bc6ce855,s- f,
9,prot-1951--ak--16,cdca04e0bc6ce855,c- k,
10,prot-1951--ak--16,cdca04e0bc6ce855,y- g,
11,prot-1951--ak--16,cdca04e0bc6ce855,r- b,
12,prot-1951--ak--16,cdca04e0bc6ce855,m- g,
13,prot-1951--ak--16,cdca04e0bc6ce855,n- d,
14,prot-1951--ak--16,cdca04e0bc6ce855,f- f,
15,prot-1951--ak--16,cdca04e0bc6ce855,e- r,
16,prot-1951--ak--16,cdca04e0bc6ce855,g- h,
17,prot-1951--ak--16,cdca04e0bc6ce855,p- r,
18,prot-1951--ak--16,cdca04e0bc6ce855,g- h,
19,prot-1951--ak--16,cdca04e0bc6ce855,s- u,
20,prot-1951--ak--16,cdca04e0bc6ce855,l- a,
21,prot-1951--ak--16,cdca04e0bc6ce855,k- t,
22,prot-1951--ak--16,cdca04e0bc6ce855,t- r,
23,prot-1951--ak--16,cdca04e0bc6ce855,r- l,
24,prot-1951--ak--16,cdca04e0bc6ce855,r- s,
25,prot-1951--ak--16,cdca04e0bc6ce855,u- l,
26,prot-1951--ak--16,cdca04e0bc6ce855,n- t,
0,prot-1951--ak--16,cdca04e0bc6ce855,g- l,
1,prot-1951--ak--16,cdca04e0bc6ce855,i- g,
2,prot-1951--ak--16,cdca04e0bc6ce855,s- b,
3,prot-1951--ak--16,cdca04e0bc6ce855,n- r,
4,prot-1951--ak--16,cdca04e0bc6ce855,n- k,
5,prot-1951--ak--16,cdca04e0bc6ce855,l- l,
6,prot-1951--ak--16,cdca04e0bc6ce855,e- l,
7,prot-1951--ak--16,cdca04e0bc6ce855,g- s,
8,prot-1951--ak--16,cdca04e0bc6ce855,n- m,
9,prot-1951--ak--16,cdca04e0bc6ce855,o- t,
10,prot-1951--ak--16,cdca04e0bc6ce855,n- t,
11,prot-1951--ak--16,cdca04e0bc6ce855,l- d,
12,prot-1951--ak--16,cdca04e0bc6ce855,e- m,
13,prot-1951--ak--16,cdca04e0bc6ce855,t- s,
14,prot-1951--ak--16,cdca04e0bc6ce855,n- d,
15,prot-1951--ak--16,cdca04e0bc6ce855,n- s,
16,prot-1951--ak--16,cdca04e0bc6ce855,c- k,
17,prot-1951--ak--16,cdca04e0bc6ce855,k- t,
18,prot-1951--ak--16,cdca04e0bc6ce855,r- f,
19,prot-1951--ak--16,cdca04e0bc6ce855,l- k,
20,prot-1951--ak--16,cdca04e0bc6ce855,g- t,
21,prot-1951--ak--16,cdca04e0bc6ce855,n- m,
22,prot-1951--ak--16,cdca04e0bc6ce855,å- h,
23,prot-1951--ak--16,cdca04e0bc6ce855,t- t,
24,prot-1951--ak--16,cdca04e0bc6ce855,m- m,
25,prot-1951--ak--16,cdca04e0bc6ce855,p- t,
26,prot-1951--ak--16,cdca04e0bc6ce855,t- s,
27,prot-1951--ak--16,cdca04e0bc6ce855,t- ö,
28,prot-1951--ak--16,cdca04e0bc6ce855,o- n,
29,prot-1951--ak--16,cdca04e0bc6ce855,k- t,
30,prot-1951--ak--16,cdca04e0bc6ce855,e- s,
31,prot-1951--ak--16,cdca04e0bc6ce855,n- p,
32,prot-1951--ak--16,cdca04e0bc6ce855,å- p,
33,prot-1951--ak--16,cdca04e0bc6ce855,i- s,
0,prot-1951--ak--16,cdca04e0bc6ce855,p- p,
1,prot-1951--ak--16,cdca04e0bc6ce855,n- s,
2,prot-1951--ak--16,cdca04e0bc6ce855,s- l,
3,prot-1951--ak--16,cdca04e0bc6ce855,e- n,
4,prot-1951--ak--16,cdca04e0bc6ce855,n- m,
5,prot-1951--ak--16,cdca04e0bc6ce855,ä- g,
6,prot-1951--ak--16,cdca04e0bc6ce855,v- h,
7,prot-1951--ak--16,cdca04e0bc6ce855,y- l,
8,prot-1951--ak--16,cdca04e0bc6ce855,i- g,
9,prot-1951--ak--16,cdca04e0bc6ce855,n- j,
10,prot-1951--ak--16,cdca04e0bc6ce855,e- m,
11,prot-1951--ak--16,cdca04e0bc6ce855,n- h,
12,prot-1951--ak--16,cdca04e0bc6ce855,t- o,
13,prot-1951--ak--16,cdca04e0bc6ce855,e- k,
14,prot-1951--ak--16,cdca04e0bc6ce855,l- l,
15,prot-1951--ak--16,cdca04e0bc6ce855,o- v,
16,prot-1951--ak--16,cdca04e0bc6ce855,m- h,
17,prot-1951--ak--16,cdca04e0bc6ce855,b- v,
18,prot-1951--ak--16,cdca04e0bc6ce855,e- r,
19,prot-1951--ak--16,cdca04e0bc6ce855,m- b,
20,prot-1951--ak--16,cdca04e0bc6ce855,r- o,
21,prot-1951--ak--16,cdca04e0bc6ce855,t- v,
22,prot-1951--ak--16,cdca04e0bc6ce855,r- t,
23,prot-1951--ak--16,cdca04e0bc6ce855,m- h,
24,prot-1951--ak--16,cdca04e0bc6ce855,n- m,
25,prot-1951--ak--16,cdca04e0bc6ce855,n- f,
26,prot-1951--ak--16,cdca04e0bc6ce855,t- t,
0,prot-1951--ak--16,cdca04e0bc6ce855,n- n,
1,prot-1951--ak--16,cdca04e0bc6ce855,å- g,
2,prot-1951--ak--16,cdca04e0bc6ce855,e- r,
3,prot-1951--ak--16,cdca04e0bc6ce855,n- k,
4,prot-1951--ak--16,cdca04e0bc6ce855,t- h,
5,prot-1951--ak--16,cdca04e0bc6ce855,o- n,
6,prot-1951--ak--16,cdca04e0bc6ce855,m- k,
7,prot-1951--ak--16,cdca04e0bc6ce855,v- s,
8,prot-1951--ak--16,cdca04e0bc6ce855,t- s,
9,prot-1951--ak--16,cdca04e0bc6ce855,e- d,
10,prot-1951--ak--16,cdca04e0bc6ce855,m- h,
11,prot-1951--ak--16,cdca04e0bc6ce855,l- d,
12,prot-1951--ak--16,cdca04e0bc6ce855,t- t,
13,prot-1951--ak--16,cdca04e0bc6ce855,g- t,
14,prot-1951--ak--16,cdca04e0bc6ce855,ö- r,
15,prot-1951--ak--16,cdca04e0bc6ce855,n- r,
16,prot-1951--ak--16,cdca04e0bc6ce855,n- l,
17,prot-1951--ak--16,cdca04e0bc6ce855,n- t,
18,prot-1951--ak--16,cdca04e0bc6ce855,s- f,
19,prot-1951--ak--16,cdca04e0bc6ce855,e- r,
20,prot-1951--ak--16,cdca04e0bc6ce855,n- t,
21,prot-1951--ak--16,cdca04e0bc6ce855,e- r,
22,prot-1951--ak--16,cdca04e0bc6ce855,n- s,
23,prot-1951--ak--16,cdca04e0bc6ce855,k- h,
24,prot-1951--ak--16,cdca04e0bc6ce855,o- m,
25,prot-1951--ak--16,cdca04e0bc6ce855,r- v,
0,prot-1951--ak--16,cdca04e0bc6ce855,l- l,
1,prot-1951--ak--16,cdca04e0bc6ce855,n- t,
2,prot-1951--ak--16,cdca04e0bc6ce855,n- f,
3,prot-1951--ak--16,cdca04e0bc6ce855,e- a,
4,prot-1951--ak--16,cdca04e0bc6ce855,n- r,
5,prot-1951--ak--16,cdca04e0bc6ce855,e- d,
6,prot-1951--ak--16,cdca04e0bc6ce855,p- p,
7,prot-1951--ak--16,cdca04e0bc6ce855,n- r,
8,prot-1951--ak--16,cdca04e0bc6ce855,l- k,
9,prot-1951--ak--16,cdca04e0bc6ce855,r- l,
10,prot-1951--ak--16,cdca04e0bc6ce855,t- s,
11,prot-1951--ak--16,cdca04e0bc6ce855,g- e,
12,prot-1951--ak--16,cdca04e0bc6ce855,e- d,
13,prot-1951--ak--16,cdca04e0bc6ce855,ö- l,
14,prot-1951--ak--16,cdca04e0bc6ce855,s- r,
15,prot-1951--ak--16,cdca04e0bc6ce855,i- d,
16,prot-1951--ak--16,cdca04e0bc6ce855,g- t,
17,prot-1951--ak--16,cdca04e0bc6ce855,k- l,
18,prot-1951--ak--16,cdca04e0bc6ce855,e- r,
19,prot-1951--ak--16,cdca04e0bc6ce855,å- g,
0,prot-1951--ak--16,cdca04e0bc6ce855,m- f,
1,prot-1951--ak--16,cdca04e0bc6ce855,r- d,
2,prot-1951--ak--16,cdca04e0bc6ce855,a- f,
3,prot-1951--ak--16,cdca04e0bc6ce855,t- l,
4,prot-1951--ak--16,cdca04e0bc6ce855,a- t,
5,prot-1951--ak--16,cdca04e0bc6ce855,r- v,
6,prot-1951--ak--16,cdca04e0bc6ce855,a- g,
7,prot-1951--ak--16,cdca04e0bc6ce855,r- s,
8,prot-1951--ak--16,cdca04e0bc6ce855,e- l,
9,prot-1951--ak--16,cdca04e0bc6ce855,b- v,
10,prot-1951--ak--16,cdca04e0bc6ce855,t- f,
11,prot-1951--ak--16,cdca04e0bc6ce855,n- t,
12,prot-1951--ak--16,cdca04e0bc6ce855,k- t,
13,prot-1951--ak--16,cdca04e0bc6ce855,l- l,
14,prot-1951--ak--16,cdca04e0bc6ce855,a- t,
15,prot-1951--ak--16,cdca04e0bc6ce855,n- d,
16,prot-1951--ak--16,cdca04e0bc6ce855,m- b,
17,prot-1951--ak--16,cdca04e0bc6ce855,u- n,
18,prot-1951--ak--16,cdca04e0bc6ce855,r- b,
19,prot-1951--ak--16,cdca04e0bc6ce855,r- h,
20,prot-1951--ak--16,cdca04e0bc6ce855,r- s,
21,prot-1951--ak--16,cdca04e0bc6ce855,o- g,
22,prot-1951--ak--16,cdca04e0bc6ce855,i- l,
23,prot-1951--ak--16,cdca04e0bc6ce855,r- e,
24,prot-1951--ak--16,cdca04e0bc6ce855,ä- k,
25,prot-1951--ak--16,cdca04e0bc6ce855,n- s,
26,prot-1951--ak--16,cdca04e0bc6ce855,a- m,
27,prot-1951--ak--16,cdca04e0bc6ce855,m- m,
0,prot-1951--ak--16,cdca04e0bc6ce855,e- t,
1,prot-1951--ak--16,cdca04e0bc6ce855,r- l,
2,prot-1951--ak--16,cdca04e0bc6ce855,r- s,
3,prot-1951--ak--16,cdca04e0bc6ce855,o- t,
4,prot-1951--ak--16,cdca04e0bc6ce855,g- l,
5,prot-1951--ak--16,cdca04e0bc6ce855,e- d,
6,prot-1951--ak--16,cdca04e0bc6ce855,o- n,
7,prot-1951--ak--16,cdca04e0bc6ce855,e- s,
8,prot-1951--ak--16,cdca04e0bc6ce855,e- m,
9,prot-1951--ak--16,cdca04e0bc6ce855,s- u,
10,prot-1951--ak--16,cdca04e0bc6ce855,l- n,
11,prot-1951--ak--16,cdca04e0bc6ce855,d- n,
12,prot-1951--ak--16,cdca04e0bc6ce855,m- f,
13,prot-1951--ak--16,cdca04e0bc6ce855,s- m,
14,prot-1951--ak--16,cdca04e0bc6ce855,u- n,
15,prot-1951--ak--16,cdca04e0bc6ce855,i- g,
16,prot-1951--ak--16,cdca04e0bc6ce855,o- p,
17,prot-1951--ak--16,cdca04e0bc6ce855,e- r,
18,prot-1951--ak--16,cdca04e0bc6ce855,s- t,
19,prot-1951--ak--16,cdca04e0bc6ce855,i- d,
20,prot-1951--ak--16,cdca04e0bc6ce855,e- d,
21,prot-1951--ak--16,cdca04e0bc6ce855,m- t,
22,prot-1951--ak--16,cdca04e0bc6ce855,o- l,
23,prot-1951--ak--16,cdca04e0bc6ce855,b- v,
24,prot-1951--ak--16,cdca04e0bc6ce855,n- d,
25,prot-1951--ak--16,cdca04e0bc6ce855,i- g,
0,prot-1951--ak--16,cdca04e0bc6ce855,n- n,
1,prot-1951--ak--16,cdca04e0bc6ce855,g- a,
2,prot-1951--ak--16,cdca04e0bc6ce855,r- o,
3,prot-1951--ak--16,cdca04e0bc6ce855,n- r,
4,prot-1951--ak--16,cdca04e0bc6ce855,v- s,
5,prot-1951--ak--16,cdca04e0bc6ce855,t- n,
6,prot-1951--ak--16,cdca04e0bc6ce855,m- h,
7,prot-1951--ak--16,cdca04e0bc6ce855,n- t,
8,prot-1951--ak--16,cdca04e0bc6ce855,s- ä,
9,prot-1951--ak--16,cdca04e0bc6ce855,m- m,
10,prot-1951--ak--16,cdca04e0bc6ce855,a- s,
11,prot-1951--ak--16,cdca04e0bc6ce855,r- b,
12,prot-1951--ak--16,cdca04e0bc6ce855,e- l,
13,prot-1951--ak--16,cdca04e0bc6ce855,m- t,
14,prot-1951--ak--16,cdca04e0bc6ce855,a- t,
15,prot-1951--ak--16,cdca04e0bc6ce855,e- r,
16,prot-1951--ak--16,cdca04e0bc6ce855,n- n,
17,prot-1951--ak--16,cdca04e0bc6ce855,o- d,
18,prot-1951--ak--16,cdca04e0bc6ce855,p- p,
19,prot-1951--ak--16,cdca04e0bc6ce855,m- s,
20,prot-1951--ak--16,cdca04e0bc6ce855,r- v,
21,prot-1951--ak--16,cdca04e0bc6ce855,e- f,
22,prot-1951--ak--16,cdca04e0bc6ce855,m- m,
23,prot-1951--ak--16,cdca04e0bc6ce855,r- g,
24,prot-1951--ak--16,cdca04e0bc6ce855,t- s,
25,prot-1951--ak--16,cdca04e0bc6ce855,å- g,
0,prot-1951--ak--16,cdca04e0bc6ce855,n- v,
1,prot-1951--ak--16,cdca04e0bc6ce855,n- k,
2,prot-1951--ak--16,cdca04e0bc6ce855,n- t,
3,prot-1951--ak--16,cdca04e0bc6ce855,o- m,
4,prot-1951--ak--16,cdca04e0bc6ce855,e- d,
5,prot-1951--ak--16,cdca04e0bc6ce855,s- t,
6,prot-1951--ak--16,cdca04e0bc6ce855,i- g,
7,prot-1951--ak--16,cdca04e0bc6ce855,f- f,
8,prot-1951--ak--16,cdca04e0bc6ce855,g- i,
9,prot-1951--ak--16,cdca04e0bc6ce855,e- s,
10,prot-1951--ak--16,cdca04e0bc6ce855,d- l,
11,prot-1951--ak--16,cdca04e0bc6ce855,n- r,
12,prot-1951--ak--16,cdca04e0bc6ce855,t- s,
13,prot-1951--ak--16,cdca04e0bc6ce855,m- b,
14,prot-1951--ak--16,cdca04e0bc6ce855,r- n,
15,prot-1951--ak--16,cdca04e0bc6ce855,s- ä,
16,prot-1951--ak--16,cdca04e0bc6ce855,l- l,
17,prot-1951--ak--16,cdca04e0bc6ce855,k- t,
18,prot-1951--ak--16,cdca04e0bc6ce855,e- d,
19,prot-1951--ak--16,cdca04e0bc6ce855,s- r,
20,prot-1951--ak--16,cdca04e0bc6ce855,n- l,
21,prot-1951--ak--16,cdca04e0bc6ce855,i- v,
22,prot-1951--ak--16,cdca04e0bc6ce855,g- l,
23,prot-1951--ak--16,cdca04e0bc6ce855,r- f,
24,prot-1951--ak--16,cdca04e0bc6ce855,r- l,
25,prot-1951--ak--16,cdca04e0bc6ce855,y- g,
26,prot-1951--ak--16,cdca04e0bc6ce855,n- n,
27,prot-1951--ak--16,cdca04e0bc6ce855,i- s,
28,prot-1951--ak--16,cdca04e0bc6ce855,n- n,
29,prot-1951--ak--16,cdca04e0bc6ce855,e- l,
30,prot-1951--ak--16,cdca04e0bc6ce855,n- n,
31,prot-1951--ak--16,cdca04e0bc6ce855,g- a,
32,prot-1951--ak--16,cdca04e0bc6ce855,s- i,
0,prot-1951--ak--16,7b16a01c980ae2ac,"u
a",
1,prot-1951--ak--16,cdca04e0bc6ce855,n- d,
2,prot-1951--ak--16,cdca04e0bc6ce855,t- f,
3,prot-1951--ak--16,cdca04e0bc6ce855,ä- g,
4,prot-1951--ak--16,cdca04e0bc6ce855,a- p,
5,prot-1951--ak--16,cdca04e0bc6ce855,k- n,
6,prot-1951--ak--16,cdca04e0bc6ce855,n- s,
7,prot-1951--ak--16,cdca04e0bc6ce855,e- r,
8,prot-1951--ak--16,cdca04e0bc6ce855,i- m,
9,prot-1951--ak--16,cdca04e0bc6ce855,s- f,
10,prot-1951--ak--16,cdca04e0bc6ce855,t- r,
11,prot-1951--ak--16,cdca04e0bc6ce855,l- f,
12,prot-1951--ak--16,cdca04e0bc6ce855,f- t,
13,prot-1951--ak--16,cdca04e0bc6ce855,t- n,
14,prot-1951--ak--16,cdca04e0bc6ce855,r- s,
15,prot-1951--ak--16,cdca04e0bc6ce855,å- l,
16,prot-1951--ak--16,cdca04e0bc6ce855,a- t,
17,prot-1951--ak--16,cdca04e0bc6ce855,l- l,
18,prot-1951--ak--16,cdca04e0bc6ce855,r- b,
19,prot-1951--ak--16,cdca04e0bc6ce855,a- v,
20,prot-1951--ak--16,cdca04e0bc6ce855,n- t,
21,prot-1951--ak--16,cdca04e0bc6ce855,s- s,
0,prot-1951--ak--16,cdca04e0bc6ce855,g- h,
1,prot-1951--ak--16,cdca04e0bc6ce855,d- s,
2,prot-1951--ak--16,cdca04e0bc6ce855,n- t,
3,prot-1951--ak--16,cdca04e0bc6ce855,r- l,
4,prot-1951--ak--16,cdca04e0bc6ce855,n- d,
5,prot-1951--ak--16,cdca04e0bc6ce855,g- f,
6,prot-1951--ak--16,cdca04e0bc6ce855,p- p,
7,prot-1951--ak--16,cdca04e0bc6ce855,ä- k,
8,prot-1951--ak--16,cdca04e0bc6ce855,i- e,
9,prot-1951--ak--16,cdca04e0bc6ce855,r- l,
10,prot-1951--ak--16,cdca04e0bc6ce855,e- k,
11,prot-1951--ak--16,cdca04e0bc6ce855,u- r,
12,prot-1951--ak--16,cdca04e0bc6ce855,m- m,
13,prot-1951--ak--16,cdca04e0bc6ce855,s- l,
14,prot-1951--ak--16,cdca04e0bc6ce855,ö- v,
15,prot-1951--ak--16,cdca04e0bc6ce855,l- l,
16,prot-1951--ak--16,cdca04e0bc6ce855,y- g,
17,prot-1951--ak--16,cdca04e0bc6ce855,g- n,
18,prot-1951--ak--16,cdca04e0bc6ce855,g- g,
19,prot-1951--ak--16,cdca04e0bc6ce855,e- n,
20,prot-1951--ak--16,cdca04e0bc6ce855,f- t,
21,prot-1951--ak--16,cdca04e0bc6ce855,o- n,
22,prot-1951--ak--16,cdca04e0bc6ce855,ö- v,
23,prot-1951--ak--16,cdca04e0bc6ce855,e- d,
24,prot-1951--ak--16,cdca04e0bc6ce855,o- m,
25,prot-1951--ak--16,cdca04e0bc6ce855,r- f,
0,prot-1951--ak--16,cdca04e0bc6ce855,s- m,
1,prot-1951--ak--16,cdca04e0bc6ce855,m- m,
2,prot-1951--ak--16,cdca04e0bc6ce855,e- d,
3,prot-1951--ak--16,cdca04e0bc6ce855,i- t,
4,prot-1951--ak--16,cdca04e0bc6ce855,r- l,
5,prot-1951--ak--16,cdca04e0bc6ce855,r- s,
6,prot-1951--ak--16,cdca04e0bc6ce855,o- n,
7,prot-1951--ak--16,cdca04e0bc6ce855,n- d,
8,prot-1951--ak--16,cdca04e0bc6ce855,n- d,
9,prot-1951--ak--16,cdca04e0bc6ce855,t- t,
10,prot-1951--ak--16,cdca04e0bc6ce855,o- n,
11,prot-1951--ak--16,cdca04e0bc6ce855,n- k,
12,prot-1951--ak--16,cdca04e0bc6ce855,t- s,
13,prot-1951--ak--16,cdca04e0bc6ce855,e- s,
14,prot-1951--ak--16,cdca04e0bc6ce855,s- s,
15,prot-1951--ak--16,cdca04e0bc6ce855,e- d,
16,prot-1951--ak--16,cdca04e0bc6ce855,g- n,
17,prot-1951--ak--16,cdca04e0bc6ce855,t- s,
18,prot-1951--ak--16,cdca04e0bc6ce855,n- n,
19,prot-1951--ak--16,cdca04e0bc6ce855,l- s,
20,prot-1951--ak--16,cdca04e0bc6ce855,n- t,
21,prot-1951--ak--16,cdca04e0bc6ce855,d- v,
22,prot-1951--ak--16,cdca04e0bc6ce855,o- n,
23,prot-1951--ak--16,cdca04e0bc6ce855,n- m,
24,prot-1951--ak--16,cdca04e0bc6ce855,a- r,
0,prot-1951--ak--16,cdca04e0bc6ce855,i- s,
1,prot-1951--ak--16,cdca04e0bc6ce855,n- n,
2,prot-1951--ak--16,cdca04e0bc6ce855,e- f,
3,prot-1951--ak--16,cdca04e0bc6ce855,n- n,
4,prot-1951--ak--16,cdca04e0bc6ce855,a- g,
5,prot-1951--ak--16,cdca04e0bc6ce855,n- s,
6,prot-1951--ak--16,cdca04e0bc6ce855,e- r,
7,prot-1951--ak--16,cdca04e0bc6ce855,n- t,
8,prot-1951--ak--16,cdca04e0bc6ce855,b- b,
9,prot-1951--ak--16,cdca04e0bc6ce855,e- m,
10,prot-1951--ak--16,cdca04e0bc6ce855,n- v,
11,prot-1951--ak--16,cdca04e0bc6ce855,ä- r,
12,prot-1951--ak--16,cdca04e0bc6ce855,k- t,
13,prot-1951--ak--16,cdca04e0bc6ce855,å- t,
14,prot-1951--ak--16,cdca04e0bc6ce855,k- h,
15,prot-1951--ak--16,cdca04e0bc6ce855,r- f,
16,prot-1951--ak--16,cdca04e0bc6ce855,m- l,
17,prot-1951--ak--16,cdca04e0bc6ce855,p- l,
18,prot-1951--ak--16,cdca04e0bc6ce855,n- n,
19,prot-1951--ak--16,cdca04e0bc6ce855,r- l,
20,prot-1951--ak--16,cdca04e0bc6ce855,v- r,
21,prot-1951--ak--16,cdca04e0bc6ce855,s- f,
22,prot-1951--ak--16,cdca04e0bc6ce855,s- v,
23,prot-1951--ak--16,cdca04e0bc6ce855,e- k,
24,prot-1951--ak--16,cdca04e0bc6ce855,ö- o,
0,prot-1951--ak--16,7b16a01c980ae2ac,",
a",
1,prot-1951--ak--16,cdca04e0bc6ce855,n- t,
2,prot-1951--ak--16,cdca04e0bc6ce855,g- p,
3,prot-1951--ak--16,cdca04e0bc6ce855,n- b,
4,prot-1951--ak--16,cdca04e0bc6ce855,n- l,
5,prot-1951--ak--16,cdca04e0bc6ce855,d- s,
6,prot-1951--ak--16,cdca04e0bc6ce855,g- f,
7,prot-1951--ak--16,cdca04e0bc6ce855,l- d,
8,prot-1951--ak--16,cdca04e0bc6ce855,e- s,
9,prot-1951--ak--16,cdca04e0bc6ce855,r- n,
10,prot-1951--ak--16,cdca04e0bc6ce855,r- d,
11,prot-1951--ak--16,cdca04e0bc6ce855,e- l,
12,prot-1951--ak--16,cdca04e0bc6ce855,i- o,
13,prot-1951--ak--16,cdca04e0bc6ce855,k- d,
14,prot-1951--ak--16,cdca04e0bc6ce855,l- l,
15,prot-1951--ak--16,cdca04e0bc6ce855,g- g,
16,prot-1951--ak--16,cdca04e0bc6ce855,e- t,
17,prot-1951--ak--16,cdca04e0bc6ce855,p- b,
18,prot-1951--ak--16,cdca04e0bc6ce855,t- g,
19,prot-1951--ak--16,cdca04e0bc6ce855,i- g,
20,prot-1951--ak--16,cdca04e0bc6ce855,r- h,
21,prot-1951--ak--16,cdca04e0bc6ce855,r- d,
22,prot-1951--ak--16,cdca04e0bc6ce855,k- t,
23,prot-1951--ak--16,cdca04e0bc6ce855,o- n,
24,prot-1951--ak--16,cdca04e0bc6ce855,l- l,
25,prot-1951--ak--16,cdca04e0bc6ce855,i- t,
26,prot-1951--ak--16,cdca04e0bc6ce855,k- t,
27,prot-1951--ak--16,cdca04e0bc6ce855,f- t,
28,prot-1951--ak--16,cdca04e0bc6ce855,s- p,
29,prot-1951--ak--16,cdca04e0bc6ce855,p- l,
30,prot-1951--ak--16,cdca04e0bc6ce855,p- r,
0,prot-1951--ak--16,7b16a01c980ae2ac,"d
a",
1,prot-1951--ak--16,7b16a01c980ae2ac,"e
n",
2,prot-1951--ak--16,cdca04e0bc6ce855,i- t,
3,prot-1951--ak--16,cdca04e0bc6ce855,l- l,
4,prot-1951--ak--16,cdca04e0bc6ce855,e- d,
5,prot-1951--ak--16,cdca04e0bc6ce855,r- j,
6,prot-1951--ak--16,cdca04e0bc6ce855,r- k,
7,prot-1951--ak--16,cdca04e0bc6ce855,a- d,
8,prot-1951--ak--16,cdca04e0bc6ce855,r- h,
9,prot-1951--ak--16,cdca04e0bc6ce855,m- s,
10,prot-1951--ak--16,cdca04e0bc6ce855,l- b,
11,prot-1951--ak--16,cdca04e0bc6ce855,m- h,
12,prot-1951--ak--16,cdca04e0bc6ce855,m- s,
13,prot-1951--ak--16,cdca04e0bc6ce855,l- b,
14,prot-1951--ak--16,cdca04e0bc6ce855,m- h,
15,prot-1951--ak--16,cdca04e0bc6ce855,m- s,
16,prot-1951--ak--16,cdca04e0bc6ce855,l- b,
17,prot-1951--ak--16,cdca04e0bc6ce855,m- h,
18,prot-1951--ak--16,cdca04e0bc6ce855,d- g,
19,prot-1951--ak--16,cdca04e0bc6ce855,n- d,
20,prot-1951--ak--16,cdca04e0bc6ce855,a- g,
21,prot-1951--ak--16,cdca04e0bc6ce855,n- s,
22,prot-1951--ak--16,cdca04e0bc6ce855,s- m,
0,prot-1951--ak--16,7b16a01c980ae2ac,",
a",
1,prot-1951--ak--16,7b16a01c980ae2ac,",
a",
2,prot-1951--ak--16,cdca04e0bc6ce855,s- s,
3,prot-1951--ak--16,cdca04e0bc6ce855,s- p,
4,prot-1951--ak--16,cdca04e0bc6ce855,g- b,
5,prot-1951--ak--16,cdca04e0bc6ce855,d- r,
6,prot-1951--ak--16,cdca04e0bc6ce855,o- n,
7,prot-1951--ak--16,cdca04e0bc6ce855,e- m,
8,prot-1951--ak--16,cdca04e0bc6ce855,n- d,
9,prot-1951--ak--16,cdca04e0bc6ce855,r- r,
10,prot-1951--ak--16,cdca04e0bc6ce855,r- r,
11,prot-1951--ak--16,cdca04e0bc6ce855,s- m,
12,prot-1951--ak--16,cdca04e0bc6ce855,l- s,
13,prot-1951--ak--16,cdca04e0bc6ce855,n- d,
14,prot-1951--ak--16,cdca04e0bc6ce855,s- a,
15,prot-1951--ak--16,cdca04e0bc6ce855,l- l,
16,prot-1951--ak--16,cdca04e0bc6ce855,u- v,
17,prot-1951--ak--16,cdca04e0bc6ce855,r- s,
18,prot-1951--ak--16,cdca04e0bc6ce855,r- h,
19,prot-1951--ak--16,cdca04e0bc6ce855,s- a,
20,prot-1951--ak--16,cdca04e0bc6ce855,l- s,
21,prot-1951--ak--16,cdca04e0bc6ce855,s- s,
22,prot-1951--ak--16,cdca04e0bc6ce855,i- f,
23,prot-1951--ak--16,cdca04e0bc6ce855,m- t,
24,prot-1951--ak--16,cdca04e0bc6ce855,r- s,
25,prot-1951--ak--16,cdca04e0bc6ce855,s- t,
26,prot-1951--ak--16,cdca04e0bc6ce855,s- a,
27,prot-1951--ak--16,cdca04e0bc6ce855,k- s,
0,prot-1951--ak--16,cdca04e0bc6ce855,c- k,
1,prot-1951--ak--16,cdca04e0bc6ce855,v- g,
2,prot-1951--ak--16,cdca04e0bc6ce855,l- b,
3,prot-1951--ak--16,cdca04e0bc6ce855,r- d,
4,prot-1951--ak--16,cdca04e0bc6ce855,å- g,
5,prot-1951--ak--16,cdca04e0bc6ce855,e- f,
6,prot-1951--ak--16,cdca04e0bc6ce855,r- u,
7,prot-1951--ak--16,cdca04e0bc6ce855,m- m,
8,prot-1951--ak--16,cdca04e0bc6ce855,s- b,
9,prot-1951--ak--16,cdca04e0bc6ce855,m- l,
10,prot-1951--ak--16,cdca04e0bc6ce855,m- m,
11,prot-1951--ak--16,cdca04e0bc6ce855,p- d,
12,prot-1951--ak--16,cdca04e0bc6ce855,s- t,
13,prot-1951--ak--16,cdca04e0bc6ce855,e- s,
14,prot-1951--ak--16,cdca04e0bc6ce855,r- n,
15,prot-1951--ak--16,cdca04e0bc6ce855,n- v,
16,prot-1951--ak--16,cdca04e0bc6ce855,m- f,
17,prot-1951--ak--16,cdca04e0bc6ce855,f- t,
18,prot-1951--ak--16,cdca04e0bc6ce855,e- s,
19,prot-1951--ak--16,cdca04e0bc6ce855,m- m,
20,prot-1951--ak--16,cdca04e0bc6ce855,e- s,
21,prot-1951--ak--16,cdca04e0bc6ce855,t- j,
0,prot-1951--ak--16,cdca04e0bc6ce855,l- s,
1,prot-1951--ak--16,cdca04e0bc6ce855,l- l,
2,prot-1951--ak--16,cdca04e0bc6ce855,r- s,
3,prot-1951--ak--16,cdca04e0bc6ce855,t- s,
4,prot-1951--ak--16,cdca04e0bc6ce855,n- s,
5,prot-1951--ak--16,cdca04e0bc6ce855,n- h,
6,prot-1951--ak--16,cdca04e0bc6ce855,n- t,
7,prot-1951--ak--16,cdca04e0bc6ce855,r- v,
8,prot-1951--ak--16,cdca04e0bc6ce855,ä- g,
9,prot-1951--ak--16,cdca04e0bc6ce855,b- b,
10,prot-1951--ak--16,cdca04e0bc6ce855,n- n,
11,prot-1951--ak--16,cdca04e0bc6ce855,e- s,
12,prot-1951--ak--16,cdca04e0bc6ce855,i- g,
13,prot-1951--ak--16,cdca04e0bc6ce855,ä- k,
14,prot-1951--ak--16,cdca04e0bc6ce855,m- r,
15,prot-1951--ak--16,cdca04e0bc6ce855,t- m,
16,prot-1951--ak--16,cdca04e0bc6ce855,ö- r,
17,prot-1951--ak--16,cdca04e0bc6ce855,s- m,
18,prot-1951--ak--16,cdca04e0bc6ce855,u- t,
19,prot-1951--ak--16,cdca04e0bc6ce855,r- n,
20,prot-1951--ak--16,cdca04e0bc6ce855,s- t,
21,prot-1951--ak--16,cdca04e0bc6ce855,s- t,
0,prot-1951--ak--16,cdca04e0bc6ce855,i- f,
1,prot-1951--ak--16,cdca04e0bc6ce855,r- s,
2,prot-1951--ak--16,cdca04e0bc6ce855,n- b,
3,prot-1951--ak--16,cdca04e0bc6ce855,n- d,
4,prot-1951--ak--16,cdca04e0bc6ce855,d- m,
5,prot-1951--ak--16,cdca04e0bc6ce855,l- l,
6,prot-1951--ak--16,cdca04e0bc6ce855,a- t,
7,prot-1951--ak--16,cdca04e0bc6ce855,t- t,
8,prot-1951--ak--16,cdca04e0bc6ce855,n- r,
9,prot-1951--ak--16,cdca04e0bc6ce855,l- j,
10,prot-1951--ak--16,cdca04e0bc6ce855,i- n,
11,prot-1951--ak--16,cdca04e0bc6ce855,b- b,
12,prot-1951--ak--16,cdca04e0bc6ce855,r- d,
13,prot-1951--ak--16,cdca04e0bc6ce855,a- r,
14,prot-1951--ak--16,cdca04e0bc6ce855,n- t,
15,prot-1951--ak--16,cdca04e0bc6ce855,r- m,
16,prot-1951--ak--16,cdca04e0bc6ce855,r- l,
17,prot-1951--ak--16,cdca04e0bc6ce855,i- m,
18,prot-1951--ak--16,cdca04e0bc6ce855,o- s,
19,prot-1951--ak--16,cdca04e0bc6ce855,r- m,
20,prot-1951--ak--16,cdca04e0bc6ce855,m- n,
0,prot-1951--ak--16,cdca04e0bc6ce855,m- f,
1,prot-1951--ak--16,cdca04e0bc6ce855,r- d,
2,prot-1951--ak--16,cdca04e0bc6ce855,e- d,
3,prot-1951--ak--16,cdca04e0bc6ce855,k- t,
4,prot-1951--ak--16,cdca04e0bc6ce855,e- v,
5,prot-1951--ak--16,cdca04e0bc6ce855,i- n,
6,prot-1951--ak--16,cdca04e0bc6ce855,o- n,
7,prot-1951--ak--16,cdca04e0bc6ce855,o- c,
8,prot-1951--ak--16,cdca04e0bc6ce855,n- l,
9,prot-1951--ak--16,cdca04e0bc6ce855,n- d,
10,prot-1951--ak--16,cdca04e0bc6ce855,t- s,
11,prot-1951--ak--16,cdca04e0bc6ce855,c- k,
12,prot-1951--ak--16,cdca04e0bc6ce855,t- s,
13,prot-1951--ak--16,cdca04e0bc6ce855,d- n,
14,prot-1951--ak--16,cdca04e0bc6ce855,s- s,
15,prot-1951--ak--16,cdca04e0bc6ce855,ö- t,
16,prot-1951--ak--16,cdca04e0bc6ce855,i- g,
17,prot-1951--ak--16,cdca04e0bc6ce855,r- s,
18,prot-1951--ak--16,cdca04e0bc6ce855,n- t,
19,prot-1951--ak--16,cdca04e0bc6ce855,t- s,
20,prot-1951--ak--16,cdca04e0bc6ce855,n- l,
21,prot-1951--ak--16,cdca04e0bc6ce855,e- n,
22,prot-1951--ak--16,cdca04e0bc6ce855,t- o,
23,prot-1951--ak--16,cdca04e0bc6ce855,r- f,
24,prot-1951--ak--16,cdca04e0bc6ce855,n- d,
25,prot-1951--ak--16,cdca04e0bc6ce855,i- d,
26,prot-1951--ak--16,cdca04e0bc6ce855,r- b,
27,prot-1951--ak--16,cdca04e0bc6ce855,m- t,
28,prot-1951--ak--16,cdca04e0bc6ce855,c- k,
0,prot-1951--ak--16,cdca04e0bc6ce855,k- h,
1,prot-1951--ak--16,cdca04e0bc6ce855,s- b,
2,prot-1951--ak--16,cdca04e0bc6ce855,s- k,
3,prot-1951--ak--16,cdca04e0bc6ce855,n- d,
4,prot-1951--ak--16,cdca04e0bc6ce855,s- o,
5,prot-1951--ak--16,cdca04e0bc6ce855,r- s,
6,prot-1951--ak--16,cdca04e0bc6ce855,i- d,
7,prot-1951--ak--16,cdca04e0bc6ce855,n- r,
8,prot-1951--ak--16,cdca04e0bc6ce855,o- c,
9,prot-1951--ak--16,cdca04e0bc6ce855,i- v,
10,prot-1951--ak--16,cdca04e0bc6ce855,d- n,
11,prot-1951--ak--16,cdca04e0bc6ce855,n- d,
12,prot-1951--ak--16,cdca04e0bc6ce855,ä- v,
13,prot-1951--ak--16,cdca04e0bc6ce855,c- k,
14,prot-1951--ak--16,cdca04e0bc6ce855,o- p,
15,prot-1951--ak--16,cdca04e0bc6ce855,k- t,
16,prot-1951--ak--16,cdca04e0bc6ce855,m- m,
17,prot-1951--ak--16,cdca04e0bc6ce855,n- s,
18,prot-1951--ak--16,cdca04e0bc6ce855,t- t,
19,prot-1951--ak--16,cdca04e0bc6ce855,n- d,
20,prot-1951--ak--16,cdca04e0bc6ce855,r- m,
21,prot-1951--ak--16,cdca04e0bc6ce855,d- v,
22,prot-1951--ak--16,cdca04e0bc6ce855,o- c,
23,prot-1951--ak--16,cdca04e0bc6ce855,r- v,
24,prot-1951--ak--16,cdca04e0bc6ce855,n- c,
25,prot-1951--ak--16,cdca04e0bc6ce855,s- k,
26,prot-1951--ak--16,cdca04e0bc6ce855,v- l,
27,prot-1951--ak--16,cdca04e0bc6ce855,a- t,
28,prot-1951--ak--16,cdca04e0bc6ce855,a- r,
29,prot-1951--ak--16,cdca04e0bc6ce855,e- s,
30,prot-1951--ak--16,cdca04e0bc6ce855,r- f,
31,prot-1951--ak--16,cdca04e0bc6ce855,s- r,
32,prot-1951--ak--16,cdca04e0bc6ce855,t- n,
33,prot-1951--ak--16,cdca04e0bc6ce855,n- t,
34,prot-1951--ak--16,cdca04e0bc6ce855,o- t,
35,prot-1951--ak--16,cdca04e0bc6ce855,e- s,
36,prot-1951--ak--16,cdca04e0bc6ce855,e- r,
37,prot-1951--ak--16,cdca04e0bc6ce855,t- t,
38,prot-1951--ak--16,cdca04e0bc6ce855,n- s,
39,prot-1951--ak--16,cdca04e0bc6ce855,e- s,
40,prot-1951--ak--16,cdca04e0bc6ce855,g- g,
41,prot-1951--ak--16,cdca04e0bc6ce855,n- d,
0,prot-1951--ak--16,7b16a01c980ae2ac,"t
m",
1,prot-1951--ak--16,7b16a01c980ae2ac,"a
s",
2,prot-1951--ak--16,cdca04e0bc6ce855,a- r,
3,prot-1951--ak--16,cdca04e0bc6ce855,d- l,
4,prot-1951--ak--16,cdca04e0bc6ce855,n- m,
5,prot-1951--ak--16,cdca04e0bc6ce855,s- r,
6,prot-1951--ak--16,cdca04e0bc6ce855,n- d,
7,prot-1951--ak--16,cdca04e0bc6ce855,e- d,
8,prot-1951--ak--16,cdca04e0bc6ce855,r- f,
9,prot-1951--ak--16,cdca04e0bc6ce855,c- k,
10,prot-1951--ak--16,cdca04e0bc6ce855,f- t,
11,prot-1951--ak--16,cdca04e0bc6ce855,y- r,
12,prot-1951--ak--16,cdca04e0bc6ce855,n- d,
13,prot-1951--ak--16,cdca04e0bc6ce855,r- s,
14,prot-1951--ak--16,cdca04e0bc6ce855,r- n,
15,prot-1951--ak--16,cdca04e0bc6ce855,t- t,
16,prot-1951--ak--16,cdca04e0bc6ce855,å- g,
17,prot-1951--ak--16,cdca04e0bc6ce855,e- k,
18,prot-1951--ak--16,cdca04e0bc6ce855,a- r,
19,prot-1951--ak--16,cdca04e0bc6ce855,s- l,
20,prot-1951--ak--16,cdca04e0bc6ce855,t- t,
21,prot-1951--ak--16,cdca04e0bc6ce855,s- m,
22,prot-1951--ak--16,cdca04e0bc6ce855,c- k,
23,prot-1951--ak--16,cdca04e0bc6ce855,e- s,
0,prot-1951--ak--16,cdca04e0bc6ce855,å- g,
1,prot-1951--ak--16,cdca04e0bc6ce855,o- m,
2,prot-1951--ak--16,cdca04e0bc6ce855,e- n,
3,prot-1951--ak--16,cdca04e0bc6ce855,e- t,
4,prot-1951--ak--16,cdca04e0bc6ce855,m- r,
5,prot-1951--ak--16,cdca04e0bc6ce855,t- t,
6,prot-1951--ak--16,cdca04e0bc6ce855,ä- k,
7,prot-1951--ak--16,cdca04e0bc6ce855,s- t,
8,prot-1951--ak--16,cdca04e0bc6ce855,r- s,
9,prot-1951--ak--16,cdca04e0bc6ce855,l- j,
10,prot-1951--ak--16,cdca04e0bc6ce855,i- f,
11,prot-1951--ak--16,cdca04e0bc6ce855,n- d,
12,prot-1951--ak--16,cdca04e0bc6ce855,i- s,
13,prot-1951--ak--16,cdca04e0bc6ce855,n- s,
14,prot-1951--ak--16,cdca04e0bc6ce855,ä- g,
15,prot-1951--ak--16,cdca04e0bc6ce855,p- l,
16,prot-1951--ak--16,cdca04e0bc6ce855,s- m,
17,prot-1951--ak--16,cdca04e0bc6ce855,r- h,
18,prot-1951--ak--16,cdca04e0bc6ce855,k- n,
19,prot-1951--ak--16,cdca04e0bc6ce855,t- b,
20,prot-1951--ak--16,cdca04e0bc6ce855,e- k,
21,prot-1951--ak--16,cdca04e0bc6ce855,n- t,
22,prot-1951--ak--16,cdca04e0bc6ce855,r- k,
23,prot-1951--ak--16,cdca04e0bc6ce855,a- r,
24,prot-1951--ak--16,cdca04e0bc6ce855,å- g,
25,prot-1951--ak--16,cdca04e0bc6ce855,m- h,
0,prot-1951--ak--16,cdca04e0bc6ce855,n- h,
1,prot-1951--ak--16,cdca04e0bc6ce855,r- s,
2,prot-1951--ak--16,cdca04e0bc6ce855,l- s,
3,prot-1951--ak--16,cdca04e0bc6ce855,r- s,
4,prot-1951--ak--16,cdca04e0bc6ce855,r- s,
5,prot-1951--ak--16,cdca04e0bc6ce855,l- l,
6,prot-1951--ak--16,cdca04e0bc6ce855,k- r,
7,prot-1951--ak--16,cdca04e0bc6ce855,r- s,
8,prot-1951--ak--16,cdca04e0bc6ce855,s- m,
9,prot-1951--ak--16,cdca04e0bc6ce855,o- s,
10,prot-1951--ak--16,cdca04e0bc6ce855,p- g,
11,prot-1951--ak--16,cdca04e0bc6ce855,s- m,
12,prot-1951--ak--16,cdca04e0bc6ce855,g- n,
13,prot-1951--ak--16,cdca04e0bc6ce855,s- m,
14,prot-1951--ak--16,cdca04e0bc6ce855,i- g,
15,prot-1951--ak--16,cdca04e0bc6ce855,e- r,
16,prot-1951--ak--16,cdca04e0bc6ce855,s- m,
17,prot-1951--ak--16,cdca04e0bc6ce855,r- n,
18,prot-1951--ak--16,cdca04e0bc6ce855,n- n,
19,prot-1951--ak--16,cdca04e0bc6ce855,n- n,
20,prot-1951--ak--16,cdca04e0bc6ce855,n- n,
21,prot-1951--ak--16,cdca04e0bc6ce855,m- v,
22,prot-1951--ak--16,cdca04e0bc6ce855,k- s,
23,prot-1951--ak--16,cdca04e0bc6ce855,l- j,
24,prot-1951--ak--16,cdca04e0bc6ce855,r- b,
25,prot-1951--ak--16,cdca04e0bc6ce855,r- s,
26,prot-1951--ak--16,cdca04e0bc6ce855,d- l,
27,prot-1951--ak--16,cdca04e0bc6ce855,v- g,
28,prot-1951--ak--16,cdca04e0bc6ce855,t- t,
29,prot-1951--ak--16,cdca04e0bc6ce855,n- k,
30,prot-1951--ak--16,cdca04e0bc6ce855,s- t,
31,prot-1951--ak--16,cdca04e0bc6ce855,j- l,
32,prot-1951--ak--16,cdca04e0bc6ce855,e- t,
0,prot-1951--ak--16,cdca04e0bc6ce855,s- m,
1,prot-1951--ak--16,cdca04e0bc6ce855,s- d,
2,prot-1951--ak--16,cdca04e0bc6ce855,k- o,
3,prot-1951--ak--16,cdca04e0bc6ce855,l- s,
4,prot-1951--ak--16,cdca04e0bc6ce855,s- b,
5,prot-1951--ak--16,cdca04e0bc6ce855,l- l,
6,prot-1951--ak--16,cdca04e0bc6ce855,s- s,
7,prot-1951--ak--16,cdca04e0bc6ce855,s- l,
8,prot-1951--ak--16,cdca04e0bc6ce855,t- s,
9,prot-1951--ak--16,cdca04e0bc6ce855,s- b,
10,prot-1951--ak--16,cdca04e0bc6ce855,s- b,
11,prot-1951--ak--16,cdca04e0bc6ce855,å- d,
12,prot-1951--ak--16,cdca04e0bc6ce855,e- c,
13,prot-1951--ak--16,cdca04e0bc6ce855,r- d,
14,prot-1951--ak--16,cdca04e0bc6ce855,r- h,
15,prot-1951--ak--16,cdca04e0bc6ce855,k- h,
16,prot-1951--ak--16,cdca04e0bc6ce855,e- m,
17,prot-1951--ak--16,cdca04e0bc6ce855,r- l,
18,prot-1951--ak--16,cdca04e0bc6ce855,s- b,
19,prot-1951--ak--16,cdca04e0bc6ce855,s- m,
20,prot-1951--ak--16,cdca04e0bc6ce855,e- s,
21,prot-1951--ak--16,cdca04e0bc6ce855,v- g,
22,prot-1951--ak--16,cdca04e0bc6ce855,m- k,
23,prot-1951--ak--16,cdca04e0bc6ce855,t- l,
24,prot-1951--ak--16,cdca04e0bc6ce855,t- t,
0,prot-1951--ak--16,cdca04e0bc6ce855,n- n,
1,prot-1951--ak--16,cdca04e0bc6ce855,m- n,
2,prot-1951--ak--16,cdca04e0bc6ce855,m- h,
3,prot-1951--ak--16,cdca04e0bc6ce855,r- v,
4,prot-1951--ak--16,cdca04e0bc6ce855,l- k,
5,prot-1951--ak--16,cdca04e0bc6ce855,r- l,
6,prot-1951--ak--16,cdca04e0bc6ce855,n- s,
7,prot-1951--ak--16,cdca04e0bc6ce855,r- t,
8,prot-1951--ak--16,cdca04e0bc6ce855,a- t,
9,prot-1951--ak--16,cdca04e0bc6ce855,o- r,
10,prot-1951--ak--16,cdca04e0bc6ce855,r- d,
11,prot-1951--ak--16,cdca04e0bc6ce855,m- r,
12,prot-1951--ak--16,cdca04e0bc6ce855,å- g,
13,prot-1951--ak--16,cdca04e0bc6ce855,r- s,
14,prot-1951--ak--16,cdca04e0bc6ce855,x- p,
15,prot-1951--ak--16,cdca04e0bc6ce855,r- m,
16,prot-1951--ak--16,cdca04e0bc6ce855,e- k,
17,prot-1951--ak--16,cdca04e0bc6ce855,l- j,
18,prot-1951--ak--16,cdca04e0bc6ce855,a- r,
19,prot-1951--ak--16,cdca04e0bc6ce855,b- s,
20,prot-1951--ak--16,cdca04e0bc6ce855,k- t,
21,prot-1951--ak--16,cdca04e0bc6ce855,e- t,
22,prot-1951--ak--16,cdca04e0bc6ce855,r- m,
0,prot-1951--ak--16,cdca04e0bc6ce855,m- m,
1,prot-1951--ak--16,cdca04e0bc6ce855,o- d,
2,prot-1951--ak--16,cdca04e0bc6ce855,d- v,
3,prot-1951--ak--16,cdca04e0bc6ce855,å- g,
4,prot-1951--ak--16,cdca04e0bc6ce855,o- v,
5,prot-1951--ak--16,cdca04e0bc6ce855,s- m,
6,prot-1951--ak--16,cdca04e0bc6ce855,e- n,
7,prot-1951--ak--16,cdca04e0bc6ce855,n- s,
8,prot-1951--ak--16,cdca04e0bc6ce855,p- t,
9,prot-1951--ak--16,cdca04e0bc6ce855,u- m,
10,prot-1951--ak--16,cdca04e0bc6ce855,e- n,
11,prot-1951--ak--16,cdca04e0bc6ce855,e- h,
12,prot-1951--ak--16,cdca04e0bc6ce855,n- p,
13,prot-1951--ak--16,cdca04e0bc6ce855,ä- v,
14,prot-1951--ak--16,cdca04e0bc6ce855,g- g,
15,prot-1951--ak--16,cdca04e0bc6ce855,a- r,
16,prot-1951--ak--16,cdca04e0bc6ce855,e- l,
17,prot-1951--ak--16,cdca04e0bc6ce855,r- d,
18,prot-1951--ak--16,cdca04e0bc6ce855,l- l,
19,prot-1951--ak--16,cdca04e0bc6ce855,n- v,
20,prot-1951--ak--16,cdca04e0bc6ce855,e- t,
21,prot-1951--ak--16,cdca04e0bc6ce855,s- s,
22,prot-1951--ak--16,cdca04e0bc6ce855,a- r,
0,prot-1951--ak--16,cdca04e0bc6ce855,r- h,
1,prot-1951--ak--16,cdca04e0bc6ce855,n- d,
2,prot-1951--ak--16,cdca04e0bc6ce855,r- m,
3,prot-1951--ak--16,cdca04e0bc6ce855,n- s,
4,prot-1951--ak--16,cdca04e0bc6ce855,t- t,
5,prot-1951--ak--16,cdca04e0bc6ce855,a- d,
6,prot-1951--ak--16,cdca04e0bc6ce855,e- t,
7,prot-1951--ak--16,cdca04e0bc6ce855,f- f,
8,prot-1951--ak--16,cdca04e0bc6ce855,e- f,
9,prot-1951--ak--16,cdca04e0bc6ce855,l- r,
10,prot-1951--ak--16,cdca04e0bc6ce855,n- t,
11,prot-1951--ak--16,cdca04e0bc6ce855,r- s,
12,prot-1951--ak--16,cdca04e0bc6ce855,n- t,
13,prot-1951--ak--16,cdca04e0bc6ce855,a- r,
14,prot-1951--ak--16,cdca04e0bc6ce855,u- m,
15,prot-1951--ak--16,cdca04e0bc6ce855,t- r,
16,prot-1951--ak--16,cdca04e0bc6ce855,å- r,
17,prot-1951--ak--16,cdca04e0bc6ce855,t- r,
18,prot-1951--ak--16,cdca04e0bc6ce855,l- s,
19,prot-1951--ak--16,cdca04e0bc6ce855,l- t,
20,prot-1951--ak--16,cdca04e0bc6ce855,a- t,
21,prot-1951--ak--16,cdca04e0bc6ce855,r- s,
22,prot-1951--ak--16,cdca04e0bc6ce855,d- n,
23,prot-1951--ak--16,cdca04e0bc6ce855,n- m,
24,prot-1951--ak--16,cdca04e0bc6ce855,t- n,
25,prot-1951--ak--16,cdca04e0bc6ce855,s- t,
26,prot-1951--ak--16,cdca04e0bc6ce855,ä- g,
0,prot-1951--ak--16,cdca04e0bc6ce855,p- l,
1,prot-1951--ak--16,cdca04e0bc6ce855,o- n,
2,prot-1951--ak--16,cdca04e0bc6ce855,m- m,
3,prot-1951--ak--16,cdca04e0bc6ce855,s- m,
4,prot-1951--ak--16,cdca04e0bc6ce855,r- r,
5,prot-1951--ak--16,cdca04e0bc6ce855,d- r,
6,prot-1951--ak--16,cdca04e0bc6ce855,i- v,
7,prot-1951--ak--16,cdca04e0bc6ce855,r- t,
8,prot-1951--ak--16,cdca04e0bc6ce855,n- j,
9,prot-1951--ak--16,cdca04e0bc6ce855,s- f,
10,prot-1951--ak--16,cdca04e0bc6ce855,m- m,
11,prot-1951--ak--16,cdca04e0bc6ce855,i- s,
12,prot-1951--ak--16,cdca04e0bc6ce855,n- s,
13,prot-1951--ak--16,cdca04e0bc6ce855,s- o,
14,prot-1951--ak--16,cdca04e0bc6ce855,s- a,
15,prot-1951--ak--16,cdca04e0bc6ce855,s- t,
16,prot-1951--ak--16,cdca04e0bc6ce855,r- r,
17,prot-1951--ak--16,cdca04e0bc6ce855,c- k,
18,prot-1951--ak--16,cdca04e0bc6ce855,r- k,
19,prot-1951--ak--16,cdca04e0bc6ce855,e- g,
20,prot-1951--ak--16,cdca04e0bc6ce855,s- u,
21,prot-1951--ak--16,cdca04e0bc6ce855,t- t,
22,prot-1951--ak--16,cdca04e0bc6ce855,r- s,
23,prot-1951--ak--16,cdca04e0bc6ce855,ä- d,
24,prot-1951--ak--16,cdca04e0bc6ce855,i- g,
0,prot-1951--ak--16,cdca04e0bc6ce855,t- n,
1,prot-1951--ak--16,cdca04e0bc6ce855,a- t,
2,prot-1951--ak--16,cdca04e0bc6ce855,i- g,
3,prot-1951--ak--16,cdca04e0bc6ce855,s- g,
4,prot-1951--ak--16,cdca04e0bc6ce855,o- c,
5,prot-1951--ak--16,cdca04e0bc6ce855,å- n,
6,prot-1951--ak--16,cdca04e0bc6ce855,a- g,
7,prot-1951--ak--16,cdca04e0bc6ce855,t- s,
8,prot-1951--ak--16,cdca04e0bc6ce855,s- s,
9,prot-1951--ak--16,cdca04e0bc6ce855,i- n,
10,prot-1951--ak--16,cdca04e0bc6ce855,t- s,
11,prot-1951--ak--16,cdca04e0bc6ce855,m- m,
12,prot-1951--ak--16,cdca04e0bc6ce855,n- k,
13,prot-1951--ak--16,cdca04e0bc6ce855,m- h,
14,prot-1951--ak--16,cdca04e0bc6ce855,a- r,
15,prot-1951--ak--16,cdca04e0bc6ce855,m- h,
16,prot-1951--ak--16,cdca04e0bc6ce855,i- t,
17,prot-1951--ak--16,cdca04e0bc6ce855,i- n,
18,prot-1951--ak--16,cdca04e0bc6ce855,r- l,
19,prot-1951--ak--16,cdca04e0bc6ce855,s- m,
20,prot-1951--ak--16,cdca04e0bc6ce855,t- n,
21,prot-1951--ak--16,cdca04e0bc6ce855,s- t,
22,prot-1951--ak--16,cdca04e0bc6ce855,r- j,
23,prot-1951--ak--16,cdca04e0bc6ce855,m- m,
24,prot-1951--ak--16,cdca04e0bc6ce855,t- n,
25,prot-1951--ak--16,cdca04e0bc6ce855,o- s,
26,prot-1951--ak--16,cdca04e0bc6ce855,a- t,
27,prot-1951--ak--16,cdca04e0bc6ce855,n- d,
28,prot-1951--ak--16,cdca04e0bc6ce855,a- g,
29,prot-1951--ak--16,cdca04e0bc6ce855,a- m,
30,prot-1951--ak--16,cdca04e0bc6ce855,m- m,
31,prot-1951--ak--16,cdca04e0bc6ce855,e- t,
0,prot-1951--ak--16,cdca04e0bc6ce855,n- p,
1,prot-1951--ak--16,cdca04e0bc6ce855,r- m,
2,prot-1951--ak--16,cdca04e0bc6ce855,s- o,
3,prot-1951--ak--16,cdca04e0bc6ce855,t- t,
4,prot-1951--ak--16,cdca04e0bc6ce855,l- l,
5,prot-1951--ak--16,cdca04e0bc6ce855,i- t,
6,prot-1951--ak--16,cdca04e0bc6ce855,e- p,
7,prot-1951--ak--16,cdca04e0bc6ce855,n- s,
8,prot-1951--ak--16,cdca04e0bc6ce855,m- m,
9,prot-1951--ak--16,cdca04e0bc6ce855,e- h,
10,prot-1951--ak--16,cdca04e0bc6ce855,ö- v,
11,prot-1951--ak--16,cdca04e0bc6ce855,e- v,
12,prot-1951--ak--16,cdca04e0bc6ce855,å- g,
13,prot-1951--ak--16,cdca04e0bc6ce855,i- n,
14,prot-1951--ak--16,cdca04e0bc6ce855,j- d,
15,prot-1951--ak--16,cdca04e0bc6ce855,r- k,
16,prot-1951--ak--16,cdca04e0bc6ce855,n- k,
17,prot-1951--ak--16,cdca04e0bc6ce855,e- t,
18,prot-1951--ak--16,cdca04e0bc6ce855,å- m,
19,prot-1951--ak--16,cdca04e0bc6ce855,e- r,
0,prot-1951--ak--16,cdca04e0bc6ce855,n- d,
1,prot-1951--ak--16,cdca04e0bc6ce855,t- l,
2,prot-1951--ak--16,cdca04e0bc6ce855,k- s,
3,prot-1951--ak--16,cdca04e0bc6ce855,ä- g,
4,prot-1951--ak--16,cdca04e0bc6ce855,n- n,
5,prot-1951--ak--16,cdca04e0bc6ce855,e- s,
6,prot-1951--ak--16,cdca04e0bc6ce855,å- d,
7,prot-1951--ak--16,cdca04e0bc6ce855,d- r,
8,prot-1951--ak--16,cdca04e0bc6ce855,r- s,
9,prot-1951--ak--16,cdca04e0bc6ce855,n- d,
10,prot-1951--ak--16,cdca04e0bc6ce855,l- l,
11,prot-1951--ak--16,cdca04e0bc6ce855,ö- r,
12,prot-1951--ak--16,cdca04e0bc6ce855,i- n,
13,prot-1951--ak--16,cdca04e0bc6ce855,e- s,
14,prot-1951--ak--16,cdca04e0bc6ce855,t- t,
15,prot-1951--ak--16,cdca04e0bc6ce855,t- n,
16,prot-1951--ak--16,cdca04e0bc6ce855,r- s,
17,prot-1951--ak--16,cdca04e0bc6ce855,t- t,
18,prot-1951--ak--16,cdca04e0bc6ce855,n- d,
19,prot-1951--ak--16,cdca04e0bc6ce855,r- m,
0,prot-1951--ak--16,cdca04e0bc6ce855,t- s,
1,prot-1951--ak--16,cdca04e0bc6ce855,i- f,
2,prot-1951--ak--16,cdca04e0bc6ce855,a- l,
3,prot-1951--ak--16,cdca04e0bc6ce855,m- h,
4,prot-1951--ak--16,cdca04e0bc6ce855,å- n,
5,prot-1951--ak--16,cdca04e0bc6ce855,n- f,
6,prot-1951--ak--16,cdca04e0bc6ce855,o- v,
7,prot-1951--ak--16,cdca04e0bc6ce855,c- k,
8,prot-1951--ak--16,cdca04e0bc6ce855,n- d,
9,prot-1951--ak--16,cdca04e0bc6ce855,i- g,
10,prot-1951--ak--16,cdca04e0bc6ce855,r- m,
11,prot-1951--ak--16,cdca04e0bc6ce855,n- s,
12,prot-1951--ak--16,cdca04e0bc6ce855,s- t,
13,prot-1951--ak--16,cdca04e0bc6ce855,s- s,
14,prot-1951--ak--16,cdca04e0bc6ce855,r- m,
15,prot-1951--ak--16,cdca04e0bc6ce855,r- n,
16,prot-1951--ak--16,cdca04e0bc6ce855,e- r,
17,prot-1951--ak--16,cdca04e0bc6ce855,n- d,
18,prot-1951--ak--16,cdca04e0bc6ce855,n- j,
19,prot-1951--ak--16,cdca04e0bc6ce855,r- v,
20,prot-1951--ak--16,cdca04e0bc6ce855,o- c,
0,prot-1951--ak--16,cdca04e0bc6ce855,m- m,
1,prot-1951--ak--16,cdca04e0bc6ce855,ä- k,
2,prot-1951--ak--16,cdca04e0bc6ce855,n- d,
3,prot-1951--ak--16,cdca04e0bc6ce855,t- n,
4,prot-1951--ak--16,cdca04e0bc6ce855,e- o,
5,prot-1951--ak--16,cdca04e0bc6ce855,l- l,
6,prot-1951--ak--16,cdca04e0bc6ce855,e- v,
7,prot-1951--ak--16,cdca04e0bc6ce855,l- m,
8,prot-1951--ak--16,cdca04e0bc6ce855,n- m,
9,prot-1951--ak--16,cdca04e0bc6ce855,f- t,
10,prot-1951--ak--16,cdca04e0bc6ce855,r- d,
11,prot-1951--ak--16,cdca04e0bc6ce855,d- r,
12,prot-1951--ak--16,cdca04e0bc6ce855,n- n,
13,prot-1951--ak--16,cdca04e0bc6ce855,l- k,
14,prot-1951--ak--16,cdca04e0bc6ce855,f- t,
15,prot-1951--ak--16,cdca04e0bc6ce855,s- u,
16,prot-1951--ak--16,cdca04e0bc6ce855,r- g,
17,prot-1951--ak--16,cdca04e0bc6ce855,t- h,
18,prot-1951--ak--16,cdca04e0bc6ce855,n- k,
19,prot-1951--ak--16,cdca04e0bc6ce855,f- t,
20,prot-1951--ak--16,cdca04e0bc6ce855,t- n,
21,prot-1951--ak--16,cdca04e0bc6ce855,g- g,
22,prot-1951--ak--16,cdca04e0bc6ce855,n- s,
23,prot-1951--ak--16,cdca04e0bc6ce855,k- t,
0,prot-1951--ak--16,cdca04e0bc6ce855,a- r,
1,prot-1951--ak--16,cdca04e0bc6ce855,n- d,
2,prot-1951--ak--16,cdca04e0bc6ce855,n- s,
3,prot-1951--ak--16,cdca04e0bc6ce855,s- t,
4,prot-1951--ak--16,cdca04e0bc6ce855,l- m,
5,prot-1951--ak--16,cdca04e0bc6ce855,s- k,
6,prot-1951--ak--16,cdca04e0bc6ce855,r- l,
7,prot-1951--ak--16,cdca04e0bc6ce855,y- g,
8,prot-1951--ak--16,cdca04e0bc6ce855,s- u,
9,prot-1951--ak--16,cdca04e0bc6ce855,e- t,
10,prot-1951--ak--16,cdca04e0bc6ce855,u- t,
11,prot-1951--ak--16,cdca04e0bc6ce855,e- t,
12,prot-1951--ak--16,cdca04e0bc6ce855,s- s,
13,prot-1951--ak--16,cdca04e0bc6ce855,i- d,
14,prot-1951--ak--16,cdca04e0bc6ce855,k- t,
15,prot-1951--ak--16,cdca04e0bc6ce855,l- l,
16,prot-1951--ak--16,cdca04e0bc6ce855,s- t,
17,prot-1951--ak--16,cdca04e0bc6ce855,o- n,
18,prot-1951--ak--16,cdca04e0bc6ce855,l- m,
19,prot-1951--ak--16,cdca04e0bc6ce855,s- s,
20,prot-1951--ak--16,cdca04e0bc6ce855,n- n,
21,prot-1951--ak--16,cdca04e0bc6ce855,r- n,
22,prot-1951--ak--16,cdca04e0bc6ce855,m- m,
23,prot-1951--ak--16,cdca04e0bc6ce855,a- d,
24,prot-1951--ak--16,cdca04e0bc6ce855,g- e,
25,prot-1951--ak--16,cdca04e0bc6ce855,e- n,
26,prot-1951--ak--16,cdca04e0bc6ce855,r- l,
27,prot-1951--ak--16,cdca04e0bc6ce855,s- u,
28,prot-1951--ak--16,cdca04e0bc6ce855,e- l,
29,prot-1951--ak--16,cdca04e0bc6ce855,r- t,
0,prot-1951--ak--16,cdca04e0bc6ce855,t- t,
1,prot-1951--ak--16,cdca04e0bc6ce855,n- k,
2,prot-1951--ak--16,cdca04e0bc6ce855,n- d,
3,prot-1951--ak--16,cdca04e0bc6ce855,s- t,
4,prot-1951--ak--16,cdca04e0bc6ce855,b- b,
5,prot-1951--ak--16,cdca04e0bc6ce855,e- s,
6,prot-1951--ak--16,cdca04e0bc6ce855,k- l,
7,prot-1951--ak--16,cdca04e0bc6ce855,u- t,
8,prot-1951--ak--16,cdca04e0bc6ce855,d- r,
9,prot-1951--ak--16,cdca04e0bc6ce855,n- o,
10,prot-1951--ak--16,cdca04e0bc6ce855,o- d,
11,prot-1951--ak--16,cdca04e0bc6ce855,e- v,
12,prot-1951--ak--16,cdca04e0bc6ce855,n- s,
13,prot-1951--ak--16,cdca04e0bc6ce855,r- r,
14,prot-1951--ak--16,cdca04e0bc6ce855,f- r,
15,prot-1951--ak--16,cdca04e0bc6ce855,k- t,
16,prot-1951--ak--16,cdca04e0bc6ce855,o- d,
17,prot-1951--ak--16,cdca04e0bc6ce855,s- s,
18,prot-1951--ak--16,cdca04e0bc6ce855,s- s,
19,prot-1951--ak--16,cdca04e0bc6ce855,r- l,
20,prot-1951--ak--16,cdca04e0bc6ce855,n- s,
21,prot-1951--ak--16,cdca04e0bc6ce855,e- t,
22,prot-1951--ak--16,cdca04e0bc6ce855,å- g,
23,prot-1951--ak--16,cdca04e0bc6ce855,l- t,
24,prot-1951--ak--16,cdca04e0bc6ce855,v- s,
0,prot-1951--ak--16,cdca04e0bc6ce855,r- m,
1,prot-1951--ak--16,cdca04e0bc6ce855,i- s,
2,prot-1951--ak--16,cdca04e0bc6ce855,r- t,
3,prot-1951--ak--16,cdca04e0bc6ce855,o- r,
4,prot-1951--ak--16,cdca04e0bc6ce855,n- m,
5,prot-1951--ak--16,cdca04e0bc6ce855,r- l,
6,prot-1951--ak--16,cdca04e0bc6ce855,l- d,
7,prot-1951--ak--16,cdca04e0bc6ce855,d- s,
8,prot-1951--ak--16,cdca04e0bc6ce855,a- t,
9,prot-1951--ak--16,cdca04e0bc6ce855,r- l,
10,prot-1951--ak--16,cdca04e0bc6ce855,a- t,
11,prot-1951--ak--16,cdca04e0bc6ce855,s- d,
12,prot-1951--ak--16,cdca04e0bc6ce855,m- m,
13,prot-1951--ak--16,cdca04e0bc6ce855,r- m,
14,prot-1951--ak--16,cdca04e0bc6ce855,f- r,
15,prot-1951--ak--16,cdca04e0bc6ce855,g- g,
16,prot-1951--ak--16,cdca04e0bc6ce855,o- c,
17,prot-1951--ak--16,cdca04e0bc6ce855,e- t,
18,prot-1951--ak--16,cdca04e0bc6ce855,s- t,
19,prot-1951--ak--16,cdca04e0bc6ce855,e- t,
20,prot-1951--ak--16,cdca04e0bc6ce855,r- n,
21,prot-1951--ak--16,cdca04e0bc6ce855,r- n,
22,prot-1951--ak--16,cdca04e0bc6ce855,a- j,
23,prot-1951--ak--16,cdca04e0bc6ce855,t- s,
24,prot-1951--ak--16,cdca04e0bc6ce855,r- k,
0,prot-1951--ak--16,cdca04e0bc6ce855,o- n,
1,prot-1951--ak--16,cdca04e0bc6ce855,o- c,
2,prot-1951--ak--16,cdca04e0bc6ce855,r- h,
3,prot-1951--ak--16,cdca04e0bc6ce855,r- d,
4,prot-1951--ak--16,cdca04e0bc6ce855,e- a,
5,prot-1951--ak--16,cdca04e0bc6ce855,g- l,
6,prot-1951--ak--16,cdca04e0bc6ce855,g- n,
7,prot-1951--ak--16,cdca04e0bc6ce855,s- p,
8,prot-1951--ak--16,cdca04e0bc6ce855,o- k,
9,prot-1951--ak--16,cdca04e0bc6ce855,e- m,
10,prot-1951--ak--16,cdca04e0bc6ce855,b- s,
11,prot-1951--ak--16,cdca04e0bc6ce855,n- l,
12,prot-1951--ak--16,cdca04e0bc6ce855,n- d,
13,prot-1951--ak--16,cdca04e0bc6ce855,g- r,
14,prot-1951--ak--16,cdca04e0bc6ce855,r- t,
15,prot-1951--ak--16,cdca04e0bc6ce855,u- e,
16,prot-1951--ak--16,cdca04e0bc6ce855,e- g,
17,prot-1951--ak--16,cdca04e0bc6ce855,ö- v,
18,prot-1951--ak--16,cdca04e0bc6ce855,r- o,
19,prot-1951--ak--16,cdca04e0bc6ce855,l- m,
20,prot-1951--ak--16,cdca04e0bc6ce855,r- f,
21,prot-1951--ak--16,cdca04e0bc6ce855,l- k,
22,prot-1951--ak--16,cdca04e0bc6ce855,m- s,
0,prot-1951--ak--16,cdca04e0bc6ce855,o- p,
1,prot-1951--ak--16,cdca04e0bc6ce855,m- v,
2,prot-1951--ak--16,cdca04e0bc6ce855,k- h,
3,prot-1951--ak--16,cdca04e0bc6ce855,r- m,
4,prot-1951--ak--16,cdca04e0bc6ce855,t- u,
5,prot-1951--ak--16,cdca04e0bc6ce855,n- n,
6,prot-1951--ak--16,cdca04e0bc6ce855,n- s,
7,prot-1951--ak--16,cdca04e0bc6ce855,s- m,
8,prot-1951--ak--16,cdca04e0bc6ce855,o- c,
9,prot-1951--ak--16,cdca04e0bc6ce855,t- n,
10,prot-1951--ak--16,cdca04e0bc6ce855,a- m,
11,prot-1951--ak--16,cdca04e0bc6ce855,e- s,
12,prot-1951--ak--16,cdca04e0bc6ce855,s- t,
13,prot-1951--ak--16,cdca04e0bc6ce855,å- m,
14,prot-1951--ak--16,cdca04e0bc6ce855,n- n,
15,prot-1951--ak--16,cdca04e0bc6ce855,d- v,
16,prot-1951--ak--16,cdca04e0bc6ce855,a- g,
17,prot-1951--ak--16,cdca04e0bc6ce855,å- n,
18,prot-1951--ak--16,cdca04e0bc6ce855,r- ä,
19,prot-1951--ak--16,cdca04e0bc6ce855,r- d,
20,prot-1951--ak--16,cdca04e0bc6ce855,u- p,
21,prot-1951--ak--16,cdca04e0bc6ce855,o- n,
22,prot-1951--ak--16,cdca04e0bc6ce855,r- s,
23,prot-1951--ak--16,cdca04e0bc6ce855,t- s,
0,prot-1951--ak--16,7b16a01c980ae2ac,"a
s",
1,prot-1951--ak--16,7b16a01c980ae2ac,"h
n",
2,prot-1951--ak--16,cdca04e0bc6ce855,e- r,
3,prot-1951--ak--16,cdca04e0bc6ce855,d- k,
4,prot-1951--ak--16,cdca04e0bc6ce855,t- l,
5,prot-1951--ak--16,cdca04e0bc6ce855,f- t,
6,prot-1951--ak--16,cdca04e0bc6ce855,s- p,
7,prot-1951--ak--16,cdca04e0bc6ce855,p- l,
8,prot-1951--ak--16,cdca04e0bc6ce855,p- r,
9,prot-1951--ak--16,cdca04e0bc6ce855,å- e,
10,prot-1951--ak--16,cdca04e0bc6ce855,a- k,
11,prot-1951--ak--16,cdca04e0bc6ce855,å- v,
12,prot-1951--ak--16,cdca04e0bc6ce855,t- s,
13,prot-1951--ak--16,cdca04e0bc6ce855,u- v,
14,prot-1951--ak--16,cdca04e0bc6ce855,f- t,
15,prot-1951--ak--16,cdca04e0bc6ce855,f- t,
16,prot-1951--ak--16,cdca04e0bc6ce855,s- t,
17,prot-1951--ak--16,cdca04e0bc6ce855,s- s,
18,prot-1951--ak--16,cdca04e0bc6ce855,e- g,
19,prot-1951--ak--16,cdca04e0bc6ce855,s- r,
20,prot-1951--ak--16,cdca04e0bc6ce855,r- r,
21,prot-1951--ak--16,cdca04e0bc6ce855,e- s,
22,prot-1951--ak--16,cdca04e0bc6ce855,l- m,
23,prot-1951--ak--16,cdca04e0bc6ce855,i- t,
24,prot-1951--ak--16,cdca04e0bc6ce855,p- d,
25,prot-1951--ak--16,cdca04e0bc6ce855,s- d,
26,prot-1951--ak--16,cdca04e0bc6ce855,ö- d,
0,prot-1951--ak--16,cdca04e0bc6ce855,m- s,
1,prot-1951--ak--16,cdca04e0bc6ce855,e- m,
2,prot-1951--ak--16,cdca04e0bc6ce855,å- d,
3,prot-1951--ak--16,cdca04e0bc6ce855,n- n,
4,prot-1951--ak--16,cdca04e0bc6ce855,r- s,
5,prot-1951--ak--16,cdca04e0bc6ce855,m- s,
6,prot-1951--ak--16,cdca04e0bc6ce855,s- r,
7,prot-1951--ak--16,cdca04e0bc6ce855,p- d,
8,prot-1951--ak--16,cdca04e0bc6ce855,a- g,
9,prot-1951--ak--16,cdca04e0bc6ce855,a- t,
10,prot-1951--ak--16,cdca04e0bc6ce855,d- f,
11,prot-1951--ak--16,cdca04e0bc6ce855,t- t,
12,prot-1951--ak--16,cdca04e0bc6ce855,a- r,
13,prot-1951--ak--16,cdca04e0bc6ce855,n- g,
14,prot-1951--ak--16,cdca04e0bc6ce855,n- m,
15,prot-1951--ak--16,cdca04e0bc6ce855,ö- v,
16,prot-1951--ak--16,cdca04e0bc6ce855,n- d,
17,prot-1951--ak--16,cdca04e0bc6ce855,t- n,
18,prot-1951--ak--16,cdca04e0bc6ce855,e- h,
19,prot-1951--ak--16,cdca04e0bc6ce855,e- r,
20,prot-1951--ak--16,cdca04e0bc6ce855,ä- r,
21,prot-1951--ak--16,cdca04e0bc6ce855,e- n,
22,prot-1951--ak--16,cdca04e0bc6ce855,e- o,
23,prot-1951--ak--16,cdca04e0bc6ce855,n- n,
24,prot-1951--ak--16,cdca04e0bc6ce855,v- n,
25,prot-1951--ak--16,cdca04e0bc6ce855,n- n,
26,prot-1951--ak--16,cdca04e0bc6ce855,t- s,
27,prot-1951--ak--16,cdca04e0bc6ce855,e- m,
28,prot-1951--ak--16,cdca04e0bc6ce855,m- m,
29,prot-1951--ak--16,cdca04e0bc6ce855,l- j,
30,prot-1951--ak--16,cdca04e0bc6ce855,i- n,
31,prot-1951--ak--16,cdca04e0bc6ce855,n- d,
32,prot-1951--ak--16,cdca04e0bc6ce855,o- g,
33,prot-1951--ak--16,cdca04e0bc6ce855,a- r,
34,prot-1951--ak--16,cdca04e0bc6ce855,s- b,
35,prot-1951--ak--16,cdca04e0bc6ce855,s- h,
36,prot-1951--ak--16,cdca04e0bc6ce855,l- s,
0,prot-1951--ak--16,cdca04e0bc6ce855,m- s,
1,prot-1951--ak--16,cdca04e0bc6ce855,o- b,
2,prot-1951--ak--16,cdca04e0bc6ce855,v- u,
3,prot-1951--ak--16,cdca04e0bc6ce855,r- l,
4,prot-1951--ak--16,cdca04e0bc6ce855,t- n,
5,prot-1951--ak--16,cdca04e0bc6ce855,d- k,
6,prot-1951--ak--16,cdca04e0bc6ce855,s- t,
7,prot-1951--ak--16,cdca04e0bc6ce855,s- t,
8,prot-1951--ak--16,cdca04e0bc6ce855,a- d,
9,prot-1951--ak--16,cdca04e0bc6ce855,e- s,
10,prot-1951--ak--16,cdca04e0bc6ce855,t- g,
11,prot-1951--ak--16,cdca04e0bc6ce855,m- m,
12,prot-1951--ak--16,cdca04e0bc6ce855,v- g,
13,prot-1951--ak--16,cdca04e0bc6ce855,k- s,
14,prot-1951--ak--16,cdca04e0bc6ce855,e- n,
15,prot-1951--ak--16,cdca04e0bc6ce855,l- m,
16,prot-1951--ak--16,cdca04e0bc6ce855,d- b,
17,prot-1951--ak--16,cdca04e0bc6ce855,a- g,
18,prot-1951--ak--16,cdca04e0bc6ce855,l- l,
19,prot-1951--ak--16,cdca04e0bc6ce855,s- t,
20,prot-1951--ak--16,cdca04e0bc6ce855,n- l,
21,prot-1951--ak--16,cdca04e0bc6ce855,ö- n,
22,prot-1951--ak--16,cdca04e0bc6ce855,n- h,
23,prot-1951--ak--16,cdca04e0bc6ce855,r- d,
24,prot-1951--ak--16,cdca04e0bc6ce855,n- s,
25,prot-1951--ak--16,cdca04e0bc6ce855,r- v,
26,prot-1951--ak--16,cdca04e0bc6ce855,a- g,
27,prot-1951--ak--16,cdca04e0bc6ce855,l- g,
28,prot-1951--ak--16,cdca04e0bc6ce855,e- s,
29,prot-1951--ak--16,cdca04e0bc6ce855,t- v,
30,prot-1951--ak--16,cdca04e0bc6ce855,a- g,
31,prot-1951--ak--16,cdca04e0bc6ce855,n- h,
0,prot-1951--ak--16,7b16a01c980ae2ac,"a
f",
1,prot-1951--ak--16,cdca04e0bc6ce855,e- r,
2,prot-1951--ak--16,cdca04e0bc6ce855,n- k,
3,prot-1951--ak--16,cdca04e0bc6ce855,l- l,
4,prot-1951--ak--16,cdca04e0bc6ce855,v- d,
5,prot-1951--ak--16,cdca04e0bc6ce855,r- g,
6,prot-1951--ak--16,cdca04e0bc6ce855,d- s,
7,prot-1951--ak--16,cdca04e0bc6ce855,t- s,
8,prot-1951--ak--16,cdca04e0bc6ce855,m- s,
9,prot-1951--ak--16,cdca04e0bc6ce855,å- e,
10,prot-1951--ak--16,cdca04e0bc6ce855,n- n,
11,prot-1951--ak--16,cdca04e0bc6ce855,o- n,
12,prot-1951--ak--16,cdca04e0bc6ce855,m- a,
13,prot-1951--ak--16,cdca04e0bc6ce855,s- t,
14,prot-1951--ak--16,cdca04e0bc6ce855,i- d,
15,prot-1951--ak--16,cdca04e0bc6ce855,e- f,
16,prot-1951--ak--16,cdca04e0bc6ce855,l- m,
17,prot-1951--ak--16,cdca04e0bc6ce855,t- n,
18,prot-1951--ak--16,cdca04e0bc6ce855,s- d,
19,prot-1951--ak--16,cdca04e0bc6ce855,m- b,
20,prot-1951--ak--16,cdca04e0bc6ce855,a- g,
21,prot-1951--ak--16,cdca04e0bc6ce855,p- s,
22,prot-1951--ak--16,cdca04e0bc6ce855,å- g,
0,prot-1951--ak--16,7b16a01c980ae2ac,"g
e",
1,prot-1951--ak--16,cdca04e0bc6ce855,v- s,
2,prot-1951--ak--16,cdca04e0bc6ce855,u- t,
3,prot-1951--ak--16,cdca04e0bc6ce855,e- f,
4,prot-1951--ak--16,cdca04e0bc6ce855,t- n,
5,prot-1951--ak--16,cdca04e0bc6ce855,m- d,
6,prot-1951--ak--16,cdca04e0bc6ce855,e- s,
7,prot-1951--ak--16,cdca04e0bc6ce855,n- d,
8,prot-1951--ak--16,cdca04e0bc6ce855,j- l,
9,prot-1951--ak--16,cdca04e0bc6ce855,p- s,
10,prot-1951--ak--16,cdca04e0bc6ce855,r- h,
11,prot-1951--ak--16,cdca04e0bc6ce855,r- e,
12,prot-1951--ak--16,cdca04e0bc6ce855,c- k,
13,prot-1951--ak--16,cdca04e0bc6ce855,e- d,
14,prot-1951--ak--16,cdca04e0bc6ce855,n- t,
15,prot-1951--ak--16,cdca04e0bc6ce855,m- s,
16,prot-1951--ak--16,cdca04e0bc6ce855,r- v,
17,prot-1951--ak--16,cdca04e0bc6ce855,m- m,
18,prot-1951--ak--16,cdca04e0bc6ce855,v- r,
19,prot-1951--ak--16,cdca04e0bc6ce855,n- n,
20,prot-1951--ak--16,cdca04e0bc6ce855,ä- g,
21,prot-1951--ak--16,cdca04e0bc6ce855,e- s,
22,prot-1951--ak--16,cdca04e0bc6ce855,m- f,
23,prot-1951--ak--16,cdca04e0bc6ce855,n- n,
24,prot-1951--ak--16,cdca04e0bc6ce855,r- b,
25,prot-1951--ak--16,cdca04e0bc6ce855,r- k,
0,prot-1951--ak--16,7b16a01c980ae2ac,"e
n",
1,prot-1951--ak--16,7b16a01c980ae2ac,"n
f",
2,prot-1951--ak--16,cdca04e0bc6ce855,m- m,
3,prot-1951--ak--16,cdca04e0bc6ce855,e- m,
4,prot-1951--ak--16,cdca04e0bc6ce855,o- p,
5,prot-1951--ak--16,cdca04e0bc6ce855,d- g,
6,prot-1951--ak--16,cdca04e0bc6ce855,v- s,
7,prot-1951--ak--16,cdca04e0bc6ce855,s- o,
8,prot-1951--ak--16,cdca04e0bc6ce855,a- g,
9,prot-1951--ak--16,cdca04e0bc6ce855,e- g,
10,prot-1951--ak--16,cdca04e0bc6ce855,d- l,
11,prot-1951--ak--16,cdca04e0bc6ce855,ä- r,
12,prot-1951--ak--16,cdca04e0bc6ce855,n- n,
13,prot-1951--ak--16,cdca04e0bc6ce855,t- s,
14,prot-1951--ak--16,cdca04e0bc6ce855,r- g,
15,prot-1951--ak--16,cdca04e0bc6ce855,o- b,
16,prot-1951--ak--16,cdca04e0bc6ce855,r- s,
17,prot-1951--ak--16,cdca04e0bc6ce855,p- r,
18,prot-1951--ak--16,cdca04e0bc6ce855,r- b,
19,prot-1951--ak--16,cdca04e0bc6ce855,e- m,
20,prot-1951--ak--16,cdca04e0bc6ce855,n- d,
21,prot-1951--ak--16,cdca04e0bc6ce855,k- l,
22,prot-1951--ak--16,cdca04e0bc6ce855,å- g,
23,prot-1951--ak--16,cdca04e0bc6ce855,e- k,
0,prot-1951--ak--16,7b16a01c980ae2ac,"n
i",
1,prot-1951--ak--16,cdca04e0bc6ce855,k- n,
2,prot-1951--ak--16,cdca04e0bc6ce855,k- t,
3,prot-1951--ak--16,cdca04e0bc6ce855,s- b,
4,prot-1951--ak--16,cdca04e0bc6ce855,r- s,
5,prot-1951--ak--16,cdca04e0bc6ce855,f- v,
6,prot-1951--ak--16,cdca04e0bc6ce855,å- d,
7,prot-1951--ak--16,cdca04e0bc6ce855,å- d,
8,prot-1951--ak--16,cdca04e0bc6ce855,s- f,
9,prot-1951--ak--16,cdca04e0bc6ce855,j- n,
10,prot-1951--ak--16,cdca04e0bc6ce855,r- l,
11,prot-1951--ak--16,cdca04e0bc6ce855,r- s,
12,prot-1951--ak--16,cdca04e0bc6ce855,r- s,
13,prot-1951--ak--16,cdca04e0bc6ce855,e- n,
14,prot-1951--ak--16,cdca04e0bc6ce855,n- n,
15,prot-1951--ak--16,cdca04e0bc6ce855,a- r,
16,prot-1951--ak--16,cdca04e0bc6ce855,o- d,
17,prot-1951--ak--16,cdca04e0bc6ce855,i- g,
18,prot-1951--ak--16,cdca04e0bc6ce855,e- d,
19,prot-1951--ak--16,cdca04e0bc6ce855,e- f,
20,prot-1951--ak--16,cdca04e0bc6ce855,l- l,
21,prot-1951--ak--16,cdca04e0bc6ce855,m- s,
22,prot-1951--ak--16,cdca04e0bc6ce855,n- d,
23,prot-1951--ak--16,cdca04e0bc6ce855,n- n,
24,prot-1951--ak--16,cdca04e0bc6ce855,å- d,
25,prot-1951--ak--16,cdca04e0bc6ce855,e- g,
26,prot-1951--ak--16,cdca04e0bc6ce855,n- d,
0,prot-1951--ak--16,7b16a01c980ae2ac,"h
n",
1,prot-1951--ak--16,7b16a01c980ae2ac,"e
n",
2,prot-1951--ak--16,cdca04e0bc6ce855,n- d,
3,prot-1951--ak--16,cdca04e0bc6ce855,c- k,
4,prot-1951--ak--16,cdca04e0bc6ce855,a- d,
5,prot-1951--ak--16,cdca04e0bc6ce855,ä- v,
6,prot-1951--ak--16,cdca04e0bc6ce855,o- n,
7,prot-1951--ak--16,cdca04e0bc6ce855,r- p,
8,prot-1951--ak--16,cdca04e0bc6ce855,t- n,
9,prot-1951--ak--16,cdca04e0bc6ce855,l- l,
10,prot-1951--ak--16,cdca04e0bc6ce855,s- s,
11,prot-1951--ak--16,cdca04e0bc6ce855,r- v,
12,prot-1951--ak--16,cdca04e0bc6ce855,r- r,
13,prot-1951--ak--16,cdca04e0bc6ce855,n- v,
14,prot-1951--ak--16,cdca04e0bc6ce855,m- s,
15,prot-1951--ak--16,cdca04e0bc6ce855,t- s,
16,prot-1951--ak--16,cdca04e0bc6ce855,f- t,
17,prot-1951--ak--16,cdca04e0bc6ce855,o- n,
18,prot-1951--ak--16,cdca04e0bc6ce855,k- s,
19,prot-1951--ak--16,cdca04e0bc6ce855,d- g,
20,prot-1951--ak--16,cdca04e0bc6ce855,s- s,
21,prot-1951--ak--16,cdca04e0bc6ce855,m- s,
22,prot-1951--ak--16,cdca04e0bc6ce855,v- l,
23,prot-1951--ak--16,cdca04e0bc6ce855,o- n,
24,prot-1951--ak--16,cdca04e0bc6ce855,l- l,
25,prot-1951--ak--16,cdca04e0bc6ce855,n- s,
26,prot-1951--ak--16,cdca04e0bc6ce855,f- t,
27,prot-1951--ak--16,cdca04e0bc6ce855,m- h,
28,prot-1951--ak--16,cdca04e0bc6ce855,s- s,
29,prot-1951--ak--16,cdca04e0bc6ce855,s- b,
30,prot-1951--ak--16,cdca04e0bc6ce855,m- s,
0,prot-1951--ak--16,cdca04e0bc6ce855,n- t,
1,prot-1951--ak--16,cdca04e0bc6ce855,e- h,
2,prot-1951--ak--16,cdca04e0bc6ce855,å- d,
3,prot-1951--ak--16,cdca04e0bc6ce855,e- v,
4,prot-1951--ak--16,cdca04e0bc6ce855,s- f,
5,prot-1951--ak--16,cdca04e0bc6ce855,m- m,
6,prot-1951--ak--16,cdca04e0bc6ce855,t- t,
7,prot-1951--ak--16,cdca04e0bc6ce855,r- n,
8,prot-1951--ak--16,cdca04e0bc6ce855,t- v,
9,prot-1951--ak--16,cdca04e0bc6ce855,k- s,
10,prot-1951--ak--16,cdca04e0bc6ce855,n- b,
11,prot-1951--ak--16,cdca04e0bc6ce855,s- f,
12,prot-1951--ak--16,cdca04e0bc6ce855,e- t,
13,prot-1951--ak--16,cdca04e0bc6ce855,u- e,
14,prot-1951--ak--16,cdca04e0bc6ce855,r- k,
15,prot-1951--ak--16,cdca04e0bc6ce855,m- s,
16,prot-1951--ak--16,cdca04e0bc6ce855,l- m,
17,prot-1951--ak--16,cdca04e0bc6ce855,g- n,
18,prot-1951--ak--16,cdca04e0bc6ce855,p- s,
19,prot-1951--ak--16,cdca04e0bc6ce855,n- v,
20,prot-1951--ak--16,cdca04e0bc6ce855,f- n,
21,prot-1951--ak--16,cdca04e0bc6ce855,l- m,
22,prot-1951--ak--16,cdca04e0bc6ce855,n- v,
23,prot-1951--ak--16,cdca04e0bc6ce855,e- r,
24,prot-1951--ak--16,cdca04e0bc6ce855,n- v,
25,prot-1951--ak--16,cdca04e0bc6ce855,e- c,
26,prot-1951--ak--16,cdca04e0bc6ce855,n- d,
27,prot-1951--ak--16,cdca04e0bc6ce855,e- m,
28,prot-1951--ak--16,cdca04e0bc6ce855,e- r,
29,prot-1951--ak--16,cdca04e0bc6ce855,r- t,
30,prot-1951--ak--16,cdca04e0bc6ce855,u- a,
31,prot-1951--ak--16,cdca04e0bc6ce855,i- t,
32,prot-1951--ak--16,cdca04e0bc6ce855,e- r,
33,prot-1951--ak--16,cdca04e0bc6ce855,t- t,
34,prot-1951--ak--16,cdca04e0bc6ce855,s- s,
35,prot-1951--ak--16,cdca04e0bc6ce855,n- v,
36,prot-1951--ak--16,cdca04e0bc6ce855,m- l,
37,prot-1951--ak--16,cdca04e0bc6ce855,e- d,
38,prot-1951--ak--16,cdca04e0bc6ce855,m- n,
39,prot-1951--ak--16,cdca04e0bc6ce855,g- e,
40,prot-1951--ak--16,cdca04e0bc6ce855,g- s,
41,prot-1951--ak--16,cdca04e0bc6ce855,m- s,
42,prot-1951--ak--16,cdca04e0bc6ce855,e- n,
43,prot-1951--ak--16,cdca04e0bc6ce855,l- l,
0,prot-1951--ak--16,7b16a01c980ae2ac,"h
n",
1,prot-1951--ak--16,cdca04e0bc6ce855,r- t,
2,prot-1951--ak--16,cdca04e0bc6ce855,s- m,
3,prot-1951--ak--16,cdca04e0bc6ce855,o- n,
4,prot-1951--ak--16,cdca04e0bc6ce855,f- n,
5,prot-1951--ak--16,cdca04e0bc6ce855,r- e,
6,prot-1951--ak--16,cdca04e0bc6ce855,a- d,
7,prot-1951--ak--16,cdca04e0bc6ce855,l- n,
8,prot-1951--ak--16,cdca04e0bc6ce855,n- v,
9,prot-1951--ak--16,cdca04e0bc6ce855,r- m,
10,prot-1951--ak--16,cdca04e0bc6ce855,t- r,
11,prot-1951--ak--16,cdca04e0bc6ce855,s- s,
12,prot-1951--ak--16,cdca04e0bc6ce855,e- t,
13,prot-1951--ak--16,cdca04e0bc6ce855,n- d,
14,prot-1951--ak--16,cdca04e0bc6ce855,i- v,
15,prot-1951--ak--16,cdca04e0bc6ce855,l- l,
16,prot-1951--ak--16,cdca04e0bc6ce855,y- d,
17,prot-1951--ak--16,cdca04e0bc6ce855,l- m,
18,prot-1951--ak--16,cdca04e0bc6ce855,n- s,
19,prot-1951--ak--16,cdca04e0bc6ce855,d- s,
20,prot-1951--ak--16,cdca04e0bc6ce855,t- o,
21,prot-1951--ak--16,cdca04e0bc6ce855,t- r,
22,prot-1951--ak--16,cdca04e0bc6ce855,r- v,
0,prot-1951--ak--16,cdca04e0bc6ce855,l- m,
1,prot-1951--ak--16,cdca04e0bc6ce855,n- d,
2,prot-1951--ak--16,cdca04e0bc6ce855,a- s,
3,prot-1951--ak--16,cdca04e0bc6ce855,m- t,
4,prot-1951--ak--16,cdca04e0bc6ce855,n- d,
5,prot-1951--ak--16,cdca04e0bc6ce855,v- s,
6,prot-1951--ak--16,cdca04e0bc6ce855,t- t,
7,prot-1951--ak--16,cdca04e0bc6ce855,s- m,
8,prot-1951--ak--16,cdca04e0bc6ce855,e- v,
9,prot-1951--ak--16,cdca04e0bc6ce855,n- n,
10,prot-1951--ak--16,cdca04e0bc6ce855,i- k,
11,prot-1951--ak--16,cdca04e0bc6ce855,n- d,
12,prot-1951--ak--16,cdca04e0bc6ce855,o- n,
13,prot-1951--ak--16,cdca04e0bc6ce855,e- v,
14,prot-1951--ak--16,cdca04e0bc6ce855,r- u,
15,prot-1951--ak--16,cdca04e0bc6ce855,r- h,
16,prot-1951--ak--16,cdca04e0bc6ce855,m- l,
17,prot-1951--ak--16,cdca04e0bc6ce855,e- g,
18,prot-1951--ak--16,cdca04e0bc6ce855,e- r,
19,prot-1951--ak--16,cdca04e0bc6ce855,s- k,
20,prot-1951--ak--16,cdca04e0bc6ce855,s- o,
21,prot-1951--ak--16,cdca04e0bc6ce855,l- v,
22,prot-1951--ak--16,cdca04e0bc6ce855,u- v,
23,prot-1951--ak--16,cdca04e0bc6ce855,t- k,
24,prot-1951--ak--16,cdca04e0bc6ce855,v- t,
25,prot-1951--ak--16,cdca04e0bc6ce855,k- n,
26,prot-1951--ak--16,cdca04e0bc6ce855,e- t,
27,prot-1951--ak--16,cdca04e0bc6ce855,t- t,
28,prot-1951--ak--16,cdca04e0bc6ce855,l- l,
0,prot-1951--ak--16,cdca04e0bc6ce855,n- s,
1,prot-1951--ak--16,cdca04e0bc6ce855,e- t,
2,prot-1951--ak--16,cdca04e0bc6ce855,ö- d,
3,prot-1951--ak--16,cdca04e0bc6ce855,n- s,
4,prot-1951--ak--16,cdca04e0bc6ce855,e- p,
5,prot-1951--ak--16,cdca04e0bc6ce855,t- o,
6,prot-1951--ak--16,cdca04e0bc6ce855,m- r,
7,prot-1951--ak--16,cdca04e0bc6ce855,å- b,
8,prot-1951--ak--16,cdca04e0bc6ce855,i- d,
9,prot-1951--ak--16,cdca04e0bc6ce855,o- n,
10,prot-1951--ak--16,cdca04e0bc6ce855,m- t,
11,prot-1951--ak--16,cdca04e0bc6ce855,a- v,
12,prot-1951--ak--16,cdca04e0bc6ce855,o- g,
13,prot-1951--ak--16,cdca04e0bc6ce855,å- d,
14,prot-1951--ak--16,cdca04e0bc6ce855,t- n,
15,prot-1951--ak--16,cdca04e0bc6ce855,t- f,
16,prot-1951--ak--16,cdca04e0bc6ce855,r- t,
17,prot-1951--ak--16,cdca04e0bc6ce855,o- n,
18,prot-1951--ak--16,cdca04e0bc6ce855,o- g,
19,prot-1951--ak--16,cdca04e0bc6ce855,r- s,
20,prot-1951--ak--16,cdca04e0bc6ce855,t- s,
21,prot-1951--ak--16,cdca04e0bc6ce855,m- p,
22,prot-1951--ak--16,cdca04e0bc6ce855,k- n,
23,prot-1951--ak--16,cdca04e0bc6ce855,n- n,
24,prot-1951--ak--16,cdca04e0bc6ce855,m- l,
25,prot-1951--ak--16,cdca04e0bc6ce855,n- s,
26,prot-1951--ak--16,cdca04e0bc6ce855,m- l,
27,prot-1951--ak--16,cdca04e0bc6ce855,s- d,
0,prot-1951--ak--16,cdca04e0bc6ce855,t- h,
1,prot-1951--ak--16,cdca04e0bc6ce855,l- l,
2,prot-1951--ak--16,cdca04e0bc6ce855,e- r,
3,prot-1951--ak--16,cdca04e0bc6ce855,s- s,
4,prot-1951--ak--16,cdca04e0bc6ce855,s- s,
5,prot-1951--ak--16,cdca04e0bc6ce855,m- p,
6,prot-1951--ak--16,cdca04e0bc6ce855,o- t,
7,prot-1951--ak--16,cdca04e0bc6ce855,e- s,
8,prot-1951--ak--16,cdca04e0bc6ce855,e- d,
9,prot-1951--ak--16,cdca04e0bc6ce855,n- v,
10,prot-1951--ak--16,cdca04e0bc6ce855,m- m,
11,prot-1951--ak--16,cdca04e0bc6ce855,a- d,
12,prot-1951--ak--16,cdca04e0bc6ce855,e- h,
13,prot-1951--ak--16,cdca04e0bc6ce855,e- r,
14,prot-1951--ak--16,cdca04e0bc6ce855,l- v,
15,prot-1951--ak--16,cdca04e0bc6ce855,i- f,
16,prot-1951--ak--16,cdca04e0bc6ce855,n- t,
17,prot-1951--ak--16,cdca04e0bc6ce855,ä- g,
18,prot-1951--ak--16,cdca04e0bc6ce855,r- f,
0,prot-1951--ak--16,cdca04e0bc6ce855,y- d,
1,prot-1951--ak--16,cdca04e0bc6ce855,t- s,
2,prot-1951--ak--16,cdca04e0bc6ce855,a- g,
3,prot-1951--ak--16,cdca04e0bc6ce855,n- d,
4,prot-1951--ak--16,cdca04e0bc6ce855,j- l,
5,prot-1951--ak--16,cdca04e0bc6ce855,r- b,
6,prot-1951--ak--16,cdca04e0bc6ce855,n- d,
7,prot-1951--ak--16,cdca04e0bc6ce855,e- n,
8,prot-1951--ak--16,cdca04e0bc6ce855,å- v,
9,prot-1951--ak--16,cdca04e0bc6ce855,t- o,
10,prot-1951--ak--16,cdca04e0bc6ce855,n- d,
11,prot-1951--ak--16,cdca04e0bc6ce855,n- s,
12,prot-1951--ak--16,cdca04e0bc6ce855,o- g,
13,prot-1951--ak--16,cdca04e0bc6ce855,l- s,
14,prot-1951--ak--16,cdca04e0bc6ce855,l- l,
15,prot-1951--ak--16,cdca04e0bc6ce855,s- s,
16,prot-1951--ak--16,cdca04e0bc6ce855,t- r,
17,prot-1951--ak--16,cdca04e0bc6ce855,l- o,
18,prot-1951--ak--16,cdca04e0bc6ce855,d- r,
19,prot-1951--ak--16,cdca04e0bc6ce855,d- r,
20,prot-1951--ak--16,cdca04e0bc6ce855,k- t,
21,prot-1951--ak--16,cdca04e0bc6ce855,e- r,
22,prot-1951--ak--16,cdca04e0bc6ce855,m- r,
23,prot-1951--ak--16,cdca04e0bc6ce855,d- b,
24,prot-1951--ak--16,cdca04e0bc6ce855,s- e,
25,prot-1951--ak--16,cdca04e0bc6ce855,r- v,
26,prot-1951--ak--16,cdca04e0bc6ce855,r- o,
27,prot-1951--ak--16,cdca04e0bc6ce855,d- l,
28,prot-1951--ak--16,cdca04e0bc6ce855,a- r,
29,prot-1951--ak--16,cdca04e0bc6ce855,r- v,
30,prot-1951--ak--16,cdca04e0bc6ce855,l- o,
31,prot-1951--ak--16,cdca04e0bc6ce855,s- n,
32,prot-1951--ak--16,cdca04e0bc6ce855,m- p,
0,prot-1951--ak--16,cdca04e0bc6ce855,r- k,
1,prot-1951--ak--16,cdca04e0bc6ce855,d- k,
2,prot-1951--ak--16,cdca04e0bc6ce855,s- u,
3,prot-1951--ak--16,cdca04e0bc6ce855,a- n,
4,prot-1951--ak--16,cdca04e0bc6ce855,g- l,
5,prot-1951--ak--16,cdca04e0bc6ce855,l- o,
6,prot-1951--ak--16,cdca04e0bc6ce855,å- p,
7,prot-1951--ak--16,cdca04e0bc6ce855,m- m,
8,prot-1951--ak--16,cdca04e0bc6ce855,i- g,
9,prot-1951--ak--16,cdca04e0bc6ce855,s- s,
10,prot-1951--ak--16,cdca04e0bc6ce855,å- g,
11,prot-1951--ak--16,cdca04e0bc6ce855,i- d,
12,prot-1951--ak--16,cdca04e0bc6ce855,d- r,
13,prot-1951--ak--16,cdca04e0bc6ce855,n- g,
14,prot-1951--ak--16,cdca04e0bc6ce855,n- g,
15,prot-1951--ak--16,cdca04e0bc6ce855,n- g,
16,prot-1951--ak--16,cdca04e0bc6ce855,t- r,
17,prot-1951--ak--16,cdca04e0bc6ce855,m- h,
18,prot-1951--ak--16,cdca04e0bc6ce855,l- l,
19,prot-1951--ak--16,cdca04e0bc6ce855,n- n,
20,prot-1951--ak--16,cdca04e0bc6ce855,e- a,
21,prot-1951--ak--16,cdca04e0bc6ce855,d- b,
22,prot-1951--ak--16,cdca04e0bc6ce855,d- n,
23,prot-1951--ak--16,cdca04e0bc6ce855,j- l,
24,prot-1951--ak--16,cdca04e0bc6ce855,t- s,
25,prot-1951--ak--16,cdca04e0bc6ce855,d- l,
26,prot-1951--ak--16,cdca04e0bc6ce855,e- n,
27,prot-1951--ak--16,cdca04e0bc6ce855,t- l,
28,prot-1951--ak--16,cdca04e0bc6ce855,o- d,
29,prot-1951--ak--16,cdca04e0bc6ce855,v- s,
30,prot-1951--ak--16,cdca04e0bc6ce855,t- t,
31,prot-1951--ak--16,cdca04e0bc6ce855,å- g,
32,prot-1951--ak--16,cdca04e0bc6ce855,a- t,
33,prot-1951--ak--16,cdca04e0bc6ce855,n- d,
34,prot-1951--ak--16,cdca04e0bc6ce855,e- r,
35,prot-1951--ak--16,cdca04e0bc6ce855,n- m,
36,prot-1951--ak--16,cdca04e0bc6ce855,i- f,
37,prot-1951--ak--16,cdca04e0bc6ce855,j- a,
38,prot-1951--ak--16,cdca04e0bc6ce855,l- l,
39,prot-1951--ak--16,cdca04e0bc6ce855,l- g,
0,prot-1951--ak--16,cdca04e0bc6ce855,n- n,
1,prot-1951--ak--16,cdca04e0bc6ce855,a- r,
2,prot-1951--ak--16,cdca04e0bc6ce855,r- h,
3,prot-1951--ak--16,cdca04e0bc6ce855,l- s,
4,prot-1951--ak--16,cdca04e0bc6ce855,a- t,
5,prot-1951--ak--16,cdca04e0bc6ce855,u- k,
6,prot-1951--ak--16,cdca04e0bc6ce855,s- o,
7,prot-1951--ak--16,cdca04e0bc6ce855,r- s,
8,prot-1951--ak--16,cdca04e0bc6ce855,i- t,
9,prot-1951--ak--16,cdca04e0bc6ce855,k- n,
10,prot-1951--ak--16,cdca04e0bc6ce855,k- n,
11,prot-1951--ak--16,cdca04e0bc6ce855,a- g,
12,prot-1951--ak--16,cdca04e0bc6ce855,l- m,
13,prot-1951--ak--16,cdca04e0bc6ce855,d- n,
14,prot-1951--ak--16,cdca04e0bc6ce855,d- l,
15,prot-1951--ak--16,cdca04e0bc6ce855,a- d,
16,prot-1951--ak--16,cdca04e0bc6ce855,t- m,
17,prot-1951--ak--16,cdca04e0bc6ce855,a- s,
18,prot-1951--ak--16,cdca04e0bc6ce855,n- d,
0,prot-1951--ak--16,cdca04e0bc6ce855,a- l,
1,prot-1951--ak--16,cdca04e0bc6ce855,m- t,
2,prot-1951--ak--16,cdca04e0bc6ce855,t- v,
3,prot-1951--ak--16,cdca04e0bc6ce855,y- v,
4,prot-1951--ak--16,cdca04e0bc6ce855,n- k,
5,prot-1951--ak--16,cdca04e0bc6ce855,n- s,
6,prot-1951--ak--16,cdca04e0bc6ce855,v- s,
7,prot-1951--ak--16,cdca04e0bc6ce855,r- f,
8,prot-1951--ak--16,cdca04e0bc6ce855,k- f,
9,prot-1951--ak--16,cdca04e0bc6ce855,o- d,
10,prot-1951--ak--16,cdca04e0bc6ce855,k- t,
11,prot-1951--ak--16,cdca04e0bc6ce855,n- s,
12,prot-1951--ak--16,cdca04e0bc6ce855,e- h,
13,prot-1951--ak--16,cdca04e0bc6ce855,g- g,
14,prot-1951--ak--16,cdca04e0bc6ce855,d- l,
15,prot-1951--ak--16,cdca04e0bc6ce855,n- s,
16,prot-1951--ak--16,cdca04e0bc6ce855,s- k,
17,prot-1951--ak--16,cdca04e0bc6ce855,d- l,
18,prot-1951--ak--16,cdca04e0bc6ce855,n- s,
19,prot-1951--ak--16,cdca04e0bc6ce855,j- l,
20,prot-1951--ak--16,cdca04e0bc6ce855,a- n,
21,prot-1951--ak--16,cdca04e0bc6ce855,r- t,
22,prot-1951--ak--16,cdca04e0bc6ce855,s- s,
23,prot-1951--ak--16,cdca04e0bc6ce855,s- u,
24,prot-1951--ak--16,cdca04e0bc6ce855,t- t,
25,prot-1951--ak--16,cdca04e0bc6ce855,l- s,
0,prot-1951--ak--16,cdca04e0bc6ce855,e- l,
1,prot-1951--ak--16,cdca04e0bc6ce855,e- v,
2,prot-1951--ak--16,cdca04e0bc6ce855,å- s,
3,prot-1951--ak--16,cdca04e0bc6ce855,t- b,
4,prot-1951--ak--16,cdca04e0bc6ce855,e- v,
5,prot-1951--ak--16,cdca04e0bc6ce855,y- k,
6,prot-1951--ak--16,cdca04e0bc6ce855,r- b,
7,prot-1951--ak--16,cdca04e0bc6ce855,r- n,
8,prot-1951--ak--16,cdca04e0bc6ce855,l- n,
9,prot-1951--ak--16,cdca04e0bc6ce855,m- m,
10,prot-1951--ak--16,cdca04e0bc6ce855,t- o,
11,prot-1951--ak--16,cdca04e0bc6ce855,i- t,
12,prot-1951--ak--16,cdca04e0bc6ce855,n- g,
13,prot-1951--ak--16,cdca04e0bc6ce855,m- m,
14,prot-1951--ak--16,cdca04e0bc6ce855,i- f,
15,prot-1951--ak--16,cdca04e0bc6ce855,o- s,
16,prot-1951--ak--16,cdca04e0bc6ce855,r- v,
17,prot-1951--ak--16,cdca04e0bc6ce855,l- j,
18,prot-1951--ak--16,cdca04e0bc6ce855,t- s,
19,prot-1951--ak--16,cdca04e0bc6ce855,o- n,
20,prot-1951--ak--16,cdca04e0bc6ce855,o- s,
21,prot-1951--ak--16,cdca04e0bc6ce855,s- n,
22,prot-1951--ak--16,cdca04e0bc6ce855,l- k,
23,prot-1951--ak--16,cdca04e0bc6ce855,e- k,
24,prot-1951--ak--16,cdca04e0bc6ce855,p- p,
25,prot-1951--ak--16,cdca04e0bc6ce855,a- r,
26,prot-1951--ak--16,cdca04e0bc6ce855,t- t,
27,prot-1951--ak--16,cdca04e0bc6ce855,l- n,
0,prot-1951--ak--16,7b16a01c980ae2ac,"h
n",
1,prot-1951--ak--16,cdca04e0bc6ce855,s- s,
2,prot-1951--ak--16,cdca04e0bc6ce855,n- s,
3,prot-1951--ak--16,cdca04e0bc6ce855,e- t,
4,prot-1951--ak--16,cdca04e0bc6ce855,n- s,
5,prot-1951--ak--16,cdca04e0bc6ce855,i- s,
6,prot-1951--ak--16,cdca04e0bc6ce855,e- h,
7,prot-1951--ak--16,cdca04e0bc6ce855,n- d,
8,prot-1951--ak--16,cdca04e0bc6ce855,t- t,
9,prot-1951--ak--16,cdca04e0bc6ce855,d- b,
10,prot-1951--ak--16,cdca04e0bc6ce855,n- d,
11,prot-1951--ak--16,cdca04e0bc6ce855,n- s,
12,prot-1951--ak--16,cdca04e0bc6ce855,d- b,
13,prot-1951--ak--16,cdca04e0bc6ce855,s- s,
14,prot-1951--ak--16,cdca04e0bc6ce855,m- p,
15,prot-1951--ak--16,cdca04e0bc6ce855,n- s,
16,prot-1951--ak--16,cdca04e0bc6ce855,m- m,
17,prot-1951--ak--16,cdca04e0bc6ce855,n- s,
18,prot-1951--ak--16,cdca04e0bc6ce855,d- n,
19,prot-1951--ak--16,cdca04e0bc6ce855,a- d,
20,prot-1951--ak--16,cdca04e0bc6ce855,t- g,
0,prot-1951--ak--16,7b16a01c980ae2ac,"n
g",
1,prot-1951--ak--16,cdca04e0bc6ce855,e- h,
2,prot-1951--ak--16,cdca04e0bc6ce855,t- t,
3,prot-1951--ak--16,cdca04e0bc6ce855,a- g,
4,prot-1951--ak--16,cdca04e0bc6ce855,s- k,
5,prot-1951--ak--16,cdca04e0bc6ce855,i- t,
6,prot-1951--ak--16,cdca04e0bc6ce855,t- t,
7,prot-1951--ak--16,cdca04e0bc6ce855,t- r,
8,prot-1951--ak--16,cdca04e0bc6ce855,e- g,
9,prot-1951--ak--16,cdca04e0bc6ce855,d- n,
10,prot-1951--ak--16,cdca04e0bc6ce855,k- k,
11,prot-1951--ak--16,cdca04e0bc6ce855,l- n,
12,prot-1951--ak--16,cdca04e0bc6ce855,å- g,
13,prot-1951--ak--16,cdca04e0bc6ce855,e- d,
14,prot-1951--ak--16,cdca04e0bc6ce855,n- s,
15,prot-1951--ak--16,cdca04e0bc6ce855,d- n,
16,prot-1951--ak--16,cdca04e0bc6ce855,n- s,
17,prot-1951--ak--16,cdca04e0bc6ce855,m- m,
18,prot-1951--ak--16,cdca04e0bc6ce855,e- k,
19,prot-1951--ak--16,cdca04e0bc6ce855,s- s,
20,prot-1951--ak--16,cdca04e0bc6ce855,e- s,
21,prot-1951--ak--16,cdca04e0bc6ce855,s- r,
22,prot-1951--ak--16,cdca04e0bc6ce855,o- n,
23,prot-1951--ak--16,cdca04e0bc6ce855,r- s,
24,prot-1951--ak--16,cdca04e0bc6ce855,t- s,
0,prot-1951--ak--16,cdca04e0bc6ce855,l- m,
1,prot-1951--ak--16,cdca04e0bc6ce855,t- s,
2,prot-1951--ak--16,cdca04e0bc6ce855,l- k,
3,prot-1951--ak--16,cdca04e0bc6ce855,n- n,
4,prot-1951--ak--16,cdca04e0bc6ce855,t- n,
5,prot-1951--ak--16,cdca04e0bc6ce855,c- k,
6,prot-1951--ak--16,cdca04e0bc6ce855,n- d,
7,prot-1951--ak--16,cdca04e0bc6ce855,n- l,
8,prot-1951--ak--16,cdca04e0bc6ce855,r- r,
9,prot-1951--ak--16,cdca04e0bc6ce855,o- m,
10,prot-1951--ak--16,cdca04e0bc6ce855,d- b,
11,prot-1951--ak--16,cdca04e0bc6ce855,n- d,
12,prot-1951--ak--16,cdca04e0bc6ce855,s- n,
13,prot-1951--ak--16,cdca04e0bc6ce855,n- s,
14,prot-1951--ak--16,cdca04e0bc6ce855,m- m,
15,prot-1951--ak--16,cdca04e0bc6ce855,l- s,
16,prot-1951--ak--16,cdca04e0bc6ce855,s- b,
17,prot-1951--ak--16,cdca04e0bc6ce855,t- s,
18,prot-1951--ak--16,cdca04e0bc6ce855,m- l,
19,prot-1951--ak--16,cdca04e0bc6ce855,l- n,
20,prot-1951--ak--16,cdca04e0bc6ce855,i- t,
21,prot-1951--ak--16,cdca04e0bc6ce855,c- k,
22,prot-1951--ak--16,cdca04e0bc6ce855,n- d,
23,prot-1951--ak--16,cdca04e0bc6ce855,t- g,
24,prot-1951--ak--16,cdca04e0bc6ce855,l- l,
25,prot-1951--ak--16,cdca04e0bc6ce855,r- l,
26,prot-1951--ak--16,cdca04e0bc6ce855,i- t,
27,prot-1951--ak--16,cdca04e0bc6ce855,t- g,
28,prot-1951--ak--16,cdca04e0bc6ce855,n- d,
29,prot-1951--ak--16,cdca04e0bc6ce855,r- g,
30,prot-1951--ak--16,cdca04e0bc6ce855,s- t,
31,prot-1951--ak--16,cdca04e0bc6ce855,n- l,
32,prot-1951--ak--16,cdca04e0bc6ce855,e- s,
33,prot-1951--ak--16,cdca04e0bc6ce855,n- n,
34,prot-1951--ak--16,cdca04e0bc6ce855,t- r,
35,prot-1951--ak--16,cdca04e0bc6ce855,t- r,
36,prot-1951--ak--16,cdca04e0bc6ce855,l- s,
37,prot-1951--ak--16,cdca04e0bc6ce855,i- t,
0,prot-1951--ak--16,cdca04e0bc6ce855,s- v,
1,prot-1951--ak--16,cdca04e0bc6ce855,r- n,
2,prot-1951--ak--16,cdca04e0bc6ce855,e- s,
3,prot-1951--ak--16,cdca04e0bc6ce855,a- r,
4,prot-1951--ak--16,cdca04e0bc6ce855,m- m,
5,prot-1951--ak--16,cdca04e0bc6ce855,a- n,
6,prot-1951--ak--16,cdca04e0bc6ce855,u- t,
7,prot-1951--ak--16,cdca04e0bc6ce855,t- s,
8,prot-1951--ak--16,cdca04e0bc6ce855,e- t,
9,prot-1951--ak--16,cdca04e0bc6ce855,n- d,
10,prot-1951--ak--16,cdca04e0bc6ce855,d- b,
11,prot-1951--ak--16,cdca04e0bc6ce855,d- l,
12,prot-1951--ak--16,cdca04e0bc6ce855,n- n,
13,prot-1951--ak--16,cdca04e0bc6ce855,r- b,
14,prot-1951--ak--16,cdca04e0bc6ce855,n- t,
15,prot-1951--ak--16,cdca04e0bc6ce855,å- d,
16,prot-1951--ak--16,cdca04e0bc6ce855,n- n,
17,prot-1951--ak--16,cdca04e0bc6ce855,s- r,
18,prot-1951--ak--16,cdca04e0bc6ce855,e- m,
19,prot-1951--ak--16,cdca04e0bc6ce855,d- n,
20,prot-1951--ak--16,cdca04e0bc6ce855,s- c,
21,prot-1951--ak--16,cdca04e0bc6ce855,r- h,
22,prot-1951--ak--16,cdca04e0bc6ce855,l- m,
23,prot-1951--ak--16,cdca04e0bc6ce855,n- n,
24,prot-1951--ak--16,cdca04e0bc6ce855,m- f,
25,prot-1951--ak--16,cdca04e0bc6ce855,n- k,
26,prot-1951--ak--16,cdca04e0bc6ce855,r- s,
0,prot-1951--ak--16,cdca04e0bc6ce855,n- n,
1,prot-1951--ak--16,cdca04e0bc6ce855,m- m,
2,prot-1951--ak--16,cdca04e0bc6ce855,p- n,
3,prot-1951--ak--16,cdca04e0bc6ce855,p- p,
4,prot-1951--ak--16,cdca04e0bc6ce855,n- v,
5,prot-1951--ak--16,cdca04e0bc6ce855,n- v,
6,prot-1951--ak--16,cdca04e0bc6ce855,t- r,
7,prot-1951--ak--16,cdca04e0bc6ce855,k- t,
8,prot-1951--ak--16,cdca04e0bc6ce855,e- g,
9,prot-1951--ak--16,cdca04e0bc6ce855,k- f,
10,prot-1951--ak--16,cdca04e0bc6ce855,j- l,
11,prot-1951--ak--16,cdca04e0bc6ce855,c- k,
12,prot-1951--ak--16,cdca04e0bc6ce855,n- n,
13,prot-1951--ak--16,cdca04e0bc6ce855,n- t,
14,prot-1951--ak--16,cdca04e0bc6ce855,e- n,
15,prot-1951--ak--16,cdca04e0bc6ce855,m- r,
16,prot-1951--ak--16,cdca04e0bc6ce855,i- t,
17,prot-1951--ak--16,cdca04e0bc6ce855,n- s,
18,prot-1951--ak--16,cdca04e0bc6ce855,m- m,
19,prot-1951--ak--16,cdca04e0bc6ce855,s- b,
20,prot-1951--ak--16,cdca04e0bc6ce855,n- o,
21,prot-1951--ak--16,cdca04e0bc6ce855,t- t,
22,prot-1951--ak--16,cdca04e0bc6ce855,l- f,
23,prot-1951--ak--16,cdca04e0bc6ce855,p- m,
24,prot-1951--ak--16,cdca04e0bc6ce855,m- b,
25,prot-1951--ak--16,cdca04e0bc6ce855,n- s,
26,prot-1951--ak--16,cdca04e0bc6ce855,s- p,
27,prot-1951--ak--16,cdca04e0bc6ce855,t- g,
28,prot-1951--ak--16,cdca04e0bc6ce855,å- g,
29,prot-1951--ak--16,cdca04e0bc6ce855,i- t,
30,prot-1951--ak--16,cdca04e0bc6ce855,e- t,
31,prot-1951--ak--16,cdca04e0bc6ce855,i- t,
0,prot-1951--ak--16,cdca04e0bc6ce855,r- s,
1,prot-1951--ak--16,cdca04e0bc6ce855,r- f,
2,prot-1951--ak--16,cdca04e0bc6ce855,n- s,
3,prot-1951--ak--16,cdca04e0bc6ce855,r- s,
4,prot-1951--ak--16,cdca04e0bc6ce855,d- n,
5,prot-1951--ak--16,cdca04e0bc6ce855,o- t,
6,prot-1951--ak--16,cdca04e0bc6ce855,e- t,
7,prot-1951--ak--16,cdca04e0bc6ce855,l- m,
8,prot-1951--ak--16,cdca04e0bc6ce855,å- g,
9,prot-1951--ak--16,cdca04e0bc6ce855,r- s,
10,prot-1951--ak--16,cdca04e0bc6ce855,y- k,
11,prot-1951--ak--16,cdca04e0bc6ce855,v- d,
12,prot-1951--ak--16,cdca04e0bc6ce855,å- v,
13,prot-1951--ak--16,cdca04e0bc6ce855,l- d,
14,prot-1951--ak--16,cdca04e0bc6ce855,r- s,
15,prot-1951--ak--16,cdca04e0bc6ce855,o- p,
16,prot-1951--ak--16,cdca04e0bc6ce855,e- g,
17,prot-1951--ak--16,cdca04e0bc6ce855,å- g,
18,prot-1951--ak--16,cdca04e0bc6ce855,a- r,
19,prot-1951--ak--16,cdca04e0bc6ce855,b- l,
20,prot-1951--ak--16,cdca04e0bc6ce855,ö- r,
21,prot-1951--ak--16,cdca04e0bc6ce855,g- g,
22,prot-1951--ak--16,cdca04e0bc6ce855,a- m,
23,prot-1951--ak--16,cdca04e0bc6ce855,t- t,
24,prot-1951--ak--16,cdca04e0bc6ce855,s- d,
25,prot-1951--ak--16,cdca04e0bc6ce855,n- h,
26,prot-1951--ak--16,cdca04e0bc6ce855,t- r,
27,prot-1951--ak--16,cdca04e0bc6ce855,a- g,
28,prot-1951--ak--16,cdca04e0bc6ce855,o- g,
29,prot-1951--ak--16,cdca04e0bc6ce855,s- s,
30,prot-1951--ak--16,cdca04e0bc6ce855,t- v,
31,prot-1951--ak--16,cdca04e0bc6ce855,l- l,
32,prot-1951--ak--16,cdca04e0bc6ce855,a- t,
33,prot-1951--ak--16,cdca04e0bc6ce855,i- f,
0,prot-1951--ak--16,cdca04e0bc6ce855,a- l,
1,prot-1951--ak--16,cdca04e0bc6ce855,r- h,
2,prot-1951--ak--16,cdca04e0bc6ce855,a- r,
3,prot-1951--ak--16,cdca04e0bc6ce855,t- s,
4,prot-1951--ak--16,cdca04e0bc6ce855,r- d,
5,prot-1951--ak--16,cdca04e0bc6ce855,n- c,
6,prot-1951--ak--16,cdca04e0bc6ce855,l- f,
7,prot-1951--ak--16,cdca04e0bc6ce855,s- s,
8,prot-1951--ak--16,cdca04e0bc6ce855,a- t,
9,prot-1951--ak--16,cdca04e0bc6ce855,o- n,
10,prot-1951--ak--16,cdca04e0bc6ce855,t- o,
11,prot-1951--ak--16,cdca04e0bc6ce855,a- g,
12,prot-1951--ak--16,cdca04e0bc6ce855,m- m,
13,prot-1951--ak--16,cdca04e0bc6ce855,e- v,
14,prot-1951--ak--16,cdca04e0bc6ce855,r- g,
15,prot-1951--ak--16,cdca04e0bc6ce855,l- s,
16,prot-1951--ak--16,cdca04e0bc6ce855,p- p,
17,prot-1951--ak--16,cdca04e0bc6ce855,s- s,
18,prot-1951--ak--16,cdca04e0bc6ce855,l- m,
19,prot-1951--ak--16,cdca04e0bc6ce855,l- k,
20,prot-1951--ak--16,cdca04e0bc6ce855,u- t,
21,prot-1951--ak--16,cdca04e0bc6ce855,o- n,
22,prot-1951--ak--16,cdca04e0bc6ce855,g- s,
23,prot-1951--ak--16,cdca04e0bc6ce855,s- m,
24,prot-1951--ak--16,cdca04e0bc6ce855,i- g,
25,prot-1951--ak--16,cdca04e0bc6ce855,k- t,
26,prot-1951--ak--16,cdca04e0bc6ce855,r- t,
27,prot-1951--ak--16,cdca04e0bc6ce855,n- s,
28,prot-1951--ak--16,cdca04e0bc6ce855,n- d,
29,prot-1951--ak--16,cdca04e0bc6ce855,g- g,
0,prot-1951--ak--16,cdca04e0bc6ce855,m- m,
1,prot-1951--ak--16,cdca04e0bc6ce855,l- f,
2,prot-1951--ak--16,cdca04e0bc6ce855,t- n,
3,prot-1951--ak--16,cdca04e0bc6ce855,å- s,
4,prot-1951--ak--16,cdca04e0bc6ce855,d- k,
5,prot-1951--ak--16,cdca04e0bc6ce855,i- n,
6,prot-1951--ak--16,cdca04e0bc6ce855,i- d,
7,prot-1951--ak--16,cdca04e0bc6ce855,m- m,
8,prot-1951--ak--16,cdca04e0bc6ce855,t- r,
9,prot-1951--ak--16,cdca04e0bc6ce855,n- n,
10,prot-1951--ak--16,cdca04e0bc6ce855,d- b,
11,prot-1951--ak--16,cdca04e0bc6ce855,t- k,
12,prot-1951--ak--16,cdca04e0bc6ce855,n- d,
13,prot-1951--ak--16,cdca04e0bc6ce855,n- s,
14,prot-1951--ak--16,cdca04e0bc6ce855,r- m,
15,prot-1951--ak--16,cdca04e0bc6ce855,e- d,
16,prot-1951--ak--16,cdca04e0bc6ce855,r- i,
17,prot-1951--ak--16,cdca04e0bc6ce855,n- t,
18,prot-1951--ak--16,cdca04e0bc6ce855,s- d,
19,prot-1951--ak--16,cdca04e0bc6ce855,o- n,
20,prot-1951--ak--16,cdca04e0bc6ce855,o- n,
21,prot-1951--ak--16,cdca04e0bc6ce855,å- g,
22,prot-1951--ak--16,cdca04e0bc6ce855,i- f,
23,prot-1951--ak--16,cdca04e0bc6ce855,i- n,
24,prot-1951--ak--16,cdca04e0bc6ce855,a- r,
25,prot-1951--ak--16,cdca04e0bc6ce855,e- s,
26,prot-1951--ak--16,cdca04e0bc6ce855,k- t,
27,prot-1951--ak--16,cdca04e0bc6ce855,n- s,
28,prot-1951--ak--16,cdca04e0bc6ce855,p- p,
29,prot-1951--ak--16,cdca04e0bc6ce855,o- v,
30,prot-1951--ak--16,cdca04e0bc6ce855,s- m,
0,prot-1951--ak--16,7b16a01c980ae2ac,"e
b",
1,prot-1951--ak--16,7b16a01c980ae2ac,"t
d",
2,prot-1951--ak--16,7b16a01c980ae2ac,"h
n",
3,prot-1951--ak--16,cdca04e0bc6ce855,e- s,
4,prot-1951--ak--16,cdca04e0bc6ce855,d- p,
5,prot-1951--ak--16,cdca04e0bc6ce855,i- n,
6,prot-1951--ak--16,cdca04e0bc6ce855,a- g,
7,prot-1951--ak--16,cdca04e0bc6ce855,s- s,
8,prot-1951--ak--16,cdca04e0bc6ce855,r- s,
9,prot-1951--ak--16,cdca04e0bc6ce855,r- b,
10,prot-1951--ak--16,cdca04e0bc6ce855,n- l,
11,prot-1951--ak--16,cdca04e0bc6ce855,t- v,
12,prot-1951--ak--16,cdca04e0bc6ce855,t- t,
13,prot-1951--ak--16,cdca04e0bc6ce855,s- m,
14,prot-1951--ak--16,cdca04e0bc6ce855,n- t,
15,prot-1951--ak--16,cdca04e0bc6ce855,n- s,
16,prot-1951--ak--16,cdca04e0bc6ce855,r- s,
17,prot-1951--ak--16,cdca04e0bc6ce855,o- s,
18,prot-1951--ak--16,cdca04e0bc6ce855,ä- g,
19,prot-1951--ak--16,cdca04e0bc6ce855,d- n,
20,prot-1951--ak--16,cdca04e0bc6ce855,d- k,
21,prot-1951--ak--16,cdca04e0bc6ce855,t- s,
22,prot-1951--ak--16,cdca04e0bc6ce855,e- t,
23,prot-1951--ak--16,cdca04e0bc6ce855,o- s,
24,prot-1951--ak--16,cdca04e0bc6ce855,s- n,
25,prot-1951--ak--16,cdca04e0bc6ce855,l- k,
26,prot-1951--ak--16,cdca04e0bc6ce855,p- p,
27,prot-1951--ak--16,cdca04e0bc6ce855,n- d,
28,prot-1951--ak--16,cdca04e0bc6ce855,t- t,
29,prot-1951--ak--16,cdca04e0bc6ce855,o- n,
30,prot-1951--ak--16,cdca04e0bc6ce855,s- t,
0,prot-1951--ak--16,cdca04e0bc6ce855,å- t,
1,prot-1951--ak--16,cdca04e0bc6ce855,o- t,
2,prot-1951--ak--16,cdca04e0bc6ce855,j- l,
3,prot-1951--ak--16,cdca04e0bc6ce855,n- g,
4,prot-1951--ak--16,cdca04e0bc6ce855,d- l,
5,prot-1951--ak--16,cdca04e0bc6ce855,k- t,
6,prot-1951--ak--16,cdca04e0bc6ce855,t- r,
7,prot-1951--ak--16,cdca04e0bc6ce855,t- n,
8,prot-1951--ak--16,cdca04e0bc6ce855,g- g,
9,prot-1951--ak--16,cdca04e0bc6ce855,r- t,
10,prot-1951--ak--16,cdca04e0bc6ce855,r- a,
11,prot-1951--ak--16,cdca04e0bc6ce855,a- g,
12,prot-1951--ak--16,cdca04e0bc6ce855,i- d,
13,prot-1951--ak--16,cdca04e0bc6ce855,n- g,
14,prot-1951--ak--16,cdca04e0bc6ce855,m- t,
15,prot-1951--ak--16,cdca04e0bc6ce855,n- s,
16,prot-1951--ak--16,cdca04e0bc6ce855,e- r,
17,prot-1951--ak--16,cdca04e0bc6ce855,v- r,
18,prot-1951--ak--16,cdca04e0bc6ce855,i- t,
19,prot-1951--ak--16,cdca04e0bc6ce855,d- v,
20,prot-1951--ak--16,cdca04e0bc6ce855,i- n,
21,prot-1951--ak--16,cdca04e0bc6ce855,r- m,
22,prot-1951--ak--16,cdca04e0bc6ce855,k- r,
23,prot-1951--ak--16,cdca04e0bc6ce855,r- s,
24,prot-1951--ak--16,cdca04e0bc6ce855,o- v,
25,prot-1951--ak--16,cdca04e0bc6ce855,e- f,
26,prot-1951--ak--16,cdca04e0bc6ce855,i- o,
27,prot-1951--ak--16,cdca04e0bc6ce855,g- h,
28,prot-1951--ak--16,cdca04e0bc6ce855,t- t,
29,prot-1951--ak--16,cdca04e0bc6ce855,n- n,
0,prot-1951--ak--16,7b16a01c980ae2ac,"t
m",
1,prot-1951--ak--16,cdca04e0bc6ce855,e- r,
2,prot-1951--ak--16,cdca04e0bc6ce855,a- t,
3,prot-1951--ak--16,cdca04e0bc6ce855,e- r,
4,prot-1951--ak--16,cdca04e0bc6ce855,ä- k,
5,prot-1951--ak--16,cdca04e0bc6ce855,s- s,
6,prot-1951--ak--16,cdca04e0bc6ce855,d- s,
7,prot-1951--ak--16,cdca04e0bc6ce855,t- t,
8,prot-1951--ak--16,cdca04e0bc6ce855,o- n,
9,prot-1951--ak--16,cdca04e0bc6ce855,e- t,
10,prot-1951--ak--16,cdca04e0bc6ce855,o- n,
11,prot-1951--ak--16,cdca04e0bc6ce855,s- d,
12,prot-1951--ak--16,cdca04e0bc6ce855,o- t,
13,prot-1951--ak--16,cdca04e0bc6ce855,s- t,
14,prot-1951--ak--16,cdca04e0bc6ce855,n- d,
15,prot-1951--ak--16,cdca04e0bc6ce855,e- r,
16,prot-1951--ak--16,cdca04e0bc6ce855,e- f,
17,prot-1951--ak--16,cdca04e0bc6ce855,i- d,
18,prot-1951--ak--16,cdca04e0bc6ce855,d- v,
19,prot-1951--ak--16,cdca04e0bc6ce855,n- n,
20,prot-1951--ak--16,cdca04e0bc6ce855,n- d,
21,prot-1951--ak--16,cdca04e0bc6ce855,d- v,
22,prot-1951--ak--16,cdca04e0bc6ce855,s- p,
23,prot-1951--ak--16,cdca04e0bc6ce855,e- d,
24,prot-1951--ak--16,cdca04e0bc6ce855,e- g,
25,prot-1951--ak--16,cdca04e0bc6ce855,i- t,
26,prot-1951--ak--16,cdca04e0bc6ce855,e- d,
27,prot-1951--ak--16,cdca04e0bc6ce855,m- m,
28,prot-1951--ak--16,cdca04e0bc6ce855,r- l,
29,prot-1951--ak--16,cdca04e0bc6ce855,n- d,
30,prot-1951--ak--16,cdca04e0bc6ce855,s- t,
31,prot-1951--ak--16,cdca04e0bc6ce855,g- s,
32,prot-1951--ak--16,cdca04e0bc6ce855,t- g,
33,prot-1951--ak--16,cdca04e0bc6ce855,g- s,
34,prot-1951--ak--16,cdca04e0bc6ce855,e- m,
35,prot-1951--ak--16,cdca04e0bc6ce855,n- h,
0,prot-1951--ak--16,7b16a01c980ae2ac,"t
f",
1,prot-1951--ak--16,cdca04e0bc6ce855,r- n,
2,prot-1951--ak--16,cdca04e0bc6ce855,n- d,
3,prot-1951--ak--16,cdca04e0bc6ce855,n- n,
4,prot-1951--ak--16,cdca04e0bc6ce855,k- t,
5,prot-1951--ak--16,cdca04e0bc6ce855,r- g,
6,prot-1951--ak--16,cdca04e0bc6ce855,i- g,
7,prot-1951--ak--16,cdca04e0bc6ce855,g- h,
8,prot-1951--ak--16,cdca04e0bc6ce855,v- f,
9,prot-1951--ak--16,cdca04e0bc6ce855,d- n,
10,prot-1951--ak--16,cdca04e0bc6ce855,g- a,
11,prot-1951--ak--16,cdca04e0bc6ce855,f- f,
12,prot-1951--ak--16,cdca04e0bc6ce855,l- m,
13,prot-1951--ak--16,cdca04e0bc6ce855,e- g,
14,prot-1951--ak--16,cdca04e0bc6ce855,e- g,
15,prot-1951--ak--16,cdca04e0bc6ce855,i- v,
16,prot-1951--ak--16,cdca04e0bc6ce855,k- n,
17,prot-1951--ak--16,cdca04e0bc6ce855,d- d,
18,prot-1951--ak--16,cdca04e0bc6ce855,e- s,
19,prot-1951--ak--16,cdca04e0bc6ce855,r- f,
20,prot-1951--ak--16,cdca04e0bc6ce855,r- t,
21,prot-1951--ak--16,cdca04e0bc6ce855,k- v,
22,prot-1951--ak--16,cdca04e0bc6ce855,t- s,
23,prot-1951--ak--16,cdca04e0bc6ce855,e- m,
24,prot-1951--ak--16,cdca04e0bc6ce855,t- h,
25,prot-1951--ak--16,cdca04e0bc6ce855,f- f,
26,prot-1951--ak--16,cdca04e0bc6ce855,e- t,
27,prot-1951--ak--16,cdca04e0bc6ce855,e- s,
28,prot-1951--ak--16,cdca04e0bc6ce855,r- l,
29,prot-1951--ak--16,cdca04e0bc6ce855,m- n,
30,prot-1951--ak--16,cdca04e0bc6ce855,o- n,
31,prot-1951--ak--16,cdca04e0bc6ce855,d- l,
0,prot-1951--ak--16,cdca04e0bc6ce855,n- d,
1,prot-1951--ak--16,cdca04e0bc6ce855,e- r,
2,prot-1951--ak--16,cdca04e0bc6ce855,r- e,
3,prot-1951--ak--16,cdca04e0bc6ce855,r- i,
4,prot-1951--ak--16,cdca04e0bc6ce855,ä- g,
5,prot-1951--ak--16,cdca04e0bc6ce855,s- t,
6,prot-1951--ak--16,cdca04e0bc6ce855,l- p,
7,prot-1951--ak--16,cdca04e0bc6ce855,a- d,
8,prot-1951--ak--16,cdca04e0bc6ce855,r- s,
9,prot-1951--ak--16,cdca04e0bc6ce855,n- d,
10,prot-1951--ak--16,cdca04e0bc6ce855,r- s,
11,prot-1951--ak--16,cdca04e0bc6ce855,n- t,
12,prot-1951--ak--16,cdca04e0bc6ce855,ä- d,
13,prot-1951--ak--16,cdca04e0bc6ce855,ä- v,
14,prot-1951--ak--16,cdca04e0bc6ce855,n- n,
15,prot-1951--ak--16,cdca04e0bc6ce855,l- p,
16,prot-1951--ak--16,cdca04e0bc6ce855,d- v,
17,prot-1951--ak--16,cdca04e0bc6ce855,s- t,
18,prot-1951--ak--16,cdca04e0bc6ce855,l- m,
19,prot-1951--ak--16,cdca04e0bc6ce855,l- f,
20,prot-1951--ak--16,cdca04e0bc6ce855,ö- t,
21,prot-1951--ak--16,cdca04e0bc6ce855,v- s,
22,prot-1951--ak--16,cdca04e0bc6ce855,l- l,
23,prot-1951--ak--16,cdca04e0bc6ce855,i- s,
24,prot-1951--ak--16,cdca04e0bc6ce855,r- h,
25,prot-1951--ak--16,cdca04e0bc6ce855,e- s,
26,prot-1951--ak--16,cdca04e0bc6ce855,j- l,
27,prot-1951--ak--16,cdca04e0bc6ce855,a- t,
28,prot-1951--ak--16,cdca04e0bc6ce855,k- t,
29,prot-1951--ak--16,cdca04e0bc6ce855,å- t,
30,prot-1951--ak--16,cdca04e0bc6ce855,ä- r,
31,prot-1951--ak--16,cdca04e0bc6ce855,r- s,
32,prot-1951--ak--16,cdca04e0bc6ce855,t- l,
33,prot-1951--ak--16,cdca04e0bc6ce855,o- n,
0,prot-1951--ak--16,cdca04e0bc6ce855,i- h,
1,prot-1951--ak--16,cdca04e0bc6ce855,s- i,
2,prot-1951--ak--16,cdca04e0bc6ce855,r- f,
3,prot-1951--ak--16,cdca04e0bc6ce855,e- r,
4,prot-1951--ak--16,cdca04e0bc6ce855,s- p,
5,prot-1951--ak--16,cdca04e0bc6ce855,o- n,
6,prot-1951--ak--16,cdca04e0bc6ce855,n- d,
7,prot-1951--ak--16,cdca04e0bc6ce855,d- s,
8,prot-1951--ak--16,cdca04e0bc6ce855,g- e,
9,prot-1951--ak--16,cdca04e0bc6ce855,n- s,
10,prot-1951--ak--16,cdca04e0bc6ce855,r- n,
11,prot-1951--ak--16,cdca04e0bc6ce855,s- s,
12,prot-1951--ak--16,cdca04e0bc6ce855,e- h,
13,prot-1951--ak--16,cdca04e0bc6ce855,e- k,
14,prot-1951--ak--16,cdca04e0bc6ce855,o- v,
15,prot-1951--ak--16,cdca04e0bc6ce855,s- g,
16,prot-1951--ak--16,cdca04e0bc6ce855,i- n,
17,prot-1951--ak--16,cdca04e0bc6ce855,a- g,
18,prot-1951--ak--16,cdca04e0bc6ce855,i- t,
19,prot-1951--ak--16,cdca04e0bc6ce855,t- l,
20,prot-1951--ak--16,cdca04e0bc6ce855,r- g,
21,prot-1951--ak--16,cdca04e0bc6ce855,e- t,
22,prot-1951--ak--16,cdca04e0bc6ce855,n- c,
23,prot-1951--ak--16,cdca04e0bc6ce855,s- k,
24,prot-1951--ak--16,cdca04e0bc6ce855,n- d,
25,prot-1951--ak--16,cdca04e0bc6ce855,ö- r,
26,prot-1951--ak--16,cdca04e0bc6ce855,f- f,
27,prot-1951--ak--16,cdca04e0bc6ce855,n- g,
28,prot-1951--ak--16,cdca04e0bc6ce855,a- o,
29,prot-1951--ak--16,cdca04e0bc6ce855,i- g,
30,prot-1951--ak--16,cdca04e0bc6ce855,e- t,
31,prot-1951--ak--16,cdca04e0bc6ce855,r- l,
32,prot-1951--ak--16,cdca04e0bc6ce855,o- f,
33,prot-1951--ak--16,cdca04e0bc6ce855,d- s,
34,prot-1951--ak--16,cdca04e0bc6ce855,n- k,
35,prot-1951--ak--16,cdca04e0bc6ce855,v- d,
36,prot-1951--ak--16,cdca04e0bc6ce855,n- e,
37,prot-1951--ak--16,cdca04e0bc6ce855,s- s,
38,prot-1951--ak--16,cdca04e0bc6ce855,s- k,
39,prot-1951--ak--16,cdca04e0bc6ce855,n- d,
40,prot-1951--ak--16,cdca04e0bc6ce855,n- l,
0,prot-1951--ak--16,7b16a01c980ae2ac,"t
o",
1,prot-1951--ak--16,cdca04e0bc6ce855,u- k,
2,prot-1951--ak--16,cdca04e0bc6ce855,n- t,
3,prot-1951--ak--16,cdca04e0bc6ce855,l- l,
4,prot-1951--ak--16,cdca04e0bc6ce855,e- t,
5,prot-1951--ak--16,cdca04e0bc6ce855,t- g,
6,prot-1951--ak--16,cdca04e0bc6ce855,a- r,
7,prot-1951--ak--16,cdca04e0bc6ce855,n- d,
8,prot-1951--ak--16,cdca04e0bc6ce855,g- a,
9,prot-1951--ak--16,cdca04e0bc6ce855,k- l,
10,prot-1951--ak--16,cdca04e0bc6ce855,i- h,
11,prot-1951--ak--16,cdca04e0bc6ce855,u- d,
12,prot-1951--ak--16,cdca04e0bc6ce855,m- m,
13,prot-1951--ak--16,cdca04e0bc6ce855,k- t,
14,prot-1951--ak--16,cdca04e0bc6ce855,e- m,
15,prot-1951--ak--16,cdca04e0bc6ce855,g- s,
16,prot-1951--ak--16,cdca04e0bc6ce855,e- g,
17,prot-1951--ak--16,cdca04e0bc6ce855,å- d,
18,prot-1951--ak--16,cdca04e0bc6ce855,p- f,
19,prot-1951--ak--16,cdca04e0bc6ce855,t- r,
20,prot-1951--ak--16,cdca04e0bc6ce855,o- n,
21,prot-1951--ak--16,cdca04e0bc6ce855,s- r,
22,prot-1951--ak--16,cdca04e0bc6ce855,ä- s,
23,prot-1951--ak--16,cdca04e0bc6ce855,l- t,
24,prot-1951--ak--16,cdca04e0bc6ce855,n- s,
25,prot-1951--ak--16,cdca04e0bc6ce855,ä- r,
26,prot-1951--ak--16,cdca04e0bc6ce855,å- t,
27,prot-1951--ak--16,cdca04e0bc6ce855,f- a,
28,prot-1951--ak--16,cdca04e0bc6ce855,e- l,
29,prot-1951--ak--16,cdca04e0bc6ce855,n- n,
30,prot-1951--ak--16,cdca04e0bc6ce855,n- d,
31,prot-1951--ak--16,cdca04e0bc6ce855,r- n,
32,prot-1951--ak--16,cdca04e0bc6ce855,a- d,
33,prot-1951--ak--16,cdca04e0bc6ce855,n- l,
0,prot-1951--ak--16,cdca04e0bc6ce855,n- p,
1,prot-1951--ak--16,cdca04e0bc6ce855,o- l,
2,prot-1951--ak--16,cdca04e0bc6ce855,e- f,
3,prot-1951--ak--16,cdca04e0bc6ce855,r- s,
4,prot-1951--ak--16,cdca04e0bc6ce855,s- o,
5,prot-1951--ak--16,cdca04e0bc6ce855,l- s,
6,prot-1951--ak--16,cdca04e0bc6ce855,t- f,
7,prot-1951--ak--16,cdca04e0bc6ce855,s- v,
8,prot-1951--ak--16,cdca04e0bc6ce855,i- m,
9,prot-1951--ak--16,cdca04e0bc6ce855,p- p,
10,prot-1951--ak--16,cdca04e0bc6ce855,y- p,
11,prot-1951--ak--16,cdca04e0bc6ce855,t- g,
12,prot-1951--ak--16,cdca04e0bc6ce855,o- n,
13,prot-1951--ak--16,cdca04e0bc6ce855,e- r,
14,prot-1951--ak--16,cdca04e0bc6ce855,m- n,
15,prot-1951--ak--16,cdca04e0bc6ce855,s- b,
16,prot-1951--ak--16,cdca04e0bc6ce855,s- f,
17,prot-1951--ak--16,cdca04e0bc6ce855,g- s,
18,prot-1951--ak--16,cdca04e0bc6ce855,t- s,
19,prot-1951--ak--16,cdca04e0bc6ce855,n- k,
20,prot-1951--ak--16,cdca04e0bc6ce855,t- n,
21,prot-1951--ak--16,cdca04e0bc6ce855,s- å,
22,prot-1951--ak--16,cdca04e0bc6ce855,n- d,
23,prot-1951--ak--16,cdca04e0bc6ce855,a- l,
24,prot-1951--ak--16,cdca04e0bc6ce855,k- f,
25,prot-1951--ak--16,cdca04e0bc6ce855,g- h,
26,prot-1951--ak--16,cdca04e0bc6ce855,g- s,
27,prot-1951--ak--16,cdca04e0bc6ce855,t- n,
28,prot-1951--ak--16,cdca04e0bc6ce855,n- d,
29,prot-1951--ak--16,cdca04e0bc6ce855,i- k,
30,prot-1951--ak--16,cdca04e0bc6ce855,e- h,
31,prot-1951--ak--16,cdca04e0bc6ce855,i- o,
32,prot-1951--ak--16,cdca04e0bc6ce855,a- t,
33,prot-1951--ak--16,cdca04e0bc6ce855,n- s,
34,prot-1951--ak--16,cdca04e0bc6ce855,e- r,
35,prot-1951--ak--16,cdca04e0bc6ce855,n- g,
36,prot-1951--ak--16,cdca04e0bc6ce855,a- l,
37,prot-1951--ak--16,cdca04e0bc6ce855,f- f,
38,prot-1951--ak--16,cdca04e0bc6ce855,e- k,
39,prot-1951--ak--16,cdca04e0bc6ce855,o- k,
40,prot-1951--ak--16,cdca04e0bc6ce855,i- o,
41,prot-1951--ak--16,cdca04e0bc6ce855,t- l,
42,prot-1951--ak--16,cdca04e0bc6ce855,e- s,
43,prot-1951--ak--16,cdca04e0bc6ce855,n- t,
0,prot-1951--ak--16,7b16a01c980ae2ac,"i
g",
1,prot-1951--ak--16,cdca04e0bc6ce855,n- s,
2,prot-1951--ak--16,cdca04e0bc6ce855,t- t,
3,prot-1951--ak--16,cdca04e0bc6ce855,g- e,
4,prot-1951--ak--16,cdca04e0bc6ce855,r- o,
5,prot-1951--ak--16,cdca04e0bc6ce855,t- s,
6,prot-1951--ak--16,cdca04e0bc6ce855,g- a,
7,prot-1951--ak--16,cdca04e0bc6ce855,n- d,
8,prot-1951--ak--16,cdca04e0bc6ce855,k- p,
9,prot-1951--ak--16,cdca04e0bc6ce855,å- r,
10,prot-1951--ak--16,cdca04e0bc6ce855,t- g,
11,prot-1951--ak--16,cdca04e0bc6ce855,e- p,
12,prot-1951--ak--16,cdca04e0bc6ce855,r- f,
13,prot-1951--ak--16,cdca04e0bc6ce855,a- m,
14,prot-1951--ak--16,cdca04e0bc6ce855,n- l,
15,prot-1951--ak--16,cdca04e0bc6ce855,d- n,
16,prot-1951--ak--16,cdca04e0bc6ce855,d- n,
17,prot-1951--ak--16,cdca04e0bc6ce855,j- l,
18,prot-1951--ak--16,cdca04e0bc6ce855,r- s,
19,prot-1951--ak--16,cdca04e0bc6ce855,s- l,
20,prot-1951--ak--16,cdca04e0bc6ce855,e- h,
21,prot-1951--ak--16,cdca04e0bc6ce855,r- l,
22,prot-1951--ak--16,cdca04e0bc6ce855,a- g,
23,prot-1951--ak--16,cdca04e0bc6ce855,e- r,
24,prot-1951--ak--16,cdca04e0bc6ce855,å- g,
25,prot-1951--ak--16,cdca04e0bc6ce855,y- r,
26,prot-1951--ak--16,cdca04e0bc6ce855,g- b,
27,prot-1951--ak--16,cdca04e0bc6ce855,t- f,
28,prot-1951--ak--16,cdca04e0bc6ce855,l- t,
29,prot-1951--ak--16,cdca04e0bc6ce855,n- d,
30,prot-1951--ak--16,cdca04e0bc6ce855,i- o,
31,prot-1951--ak--16,cdca04e0bc6ce855,n- s,
32,prot-1951--ak--16,cdca04e0bc6ce855,i- o,
33,prot-1951--ak--16,cdca04e0bc6ce855,o- t,
0,prot-1951--ak--16,cdca04e0bc6ce855,m- s,
1,prot-1951--ak--16,cdca04e0bc6ce855,n- f,
2,prot-1951--ak--16,cdca04e0bc6ce855,r- l,
3,prot-1951--ak--16,cdca04e0bc6ce855,s- t,
4,prot-1951--ak--16,cdca04e0bc6ce855,u- n,
5,prot-1951--ak--16,cdca04e0bc6ce855,r- s,
6,prot-1951--ak--16,cdca04e0bc6ce855,a- l,
7,prot-1951--ak--16,cdca04e0bc6ce855,t- b,
8,prot-1951--ak--16,cdca04e0bc6ce855,a- t,
9,prot-1951--ak--16,cdca04e0bc6ce855,a- k,
10,prot-1951--ak--16,cdca04e0bc6ce855,t- f,
11,prot-1951--ak--16,cdca04e0bc6ce855,n- s,
12,prot-1951--ak--16,cdca04e0bc6ce855,e- m,
13,prot-1951--ak--16,cdca04e0bc6ce855,e- r,
14,prot-1951--ak--16,cdca04e0bc6ce855,m- h,
15,prot-1951--ak--16,cdca04e0bc6ce855,g- n,
16,prot-1951--ak--16,cdca04e0bc6ce855,a- r,
17,prot-1951--ak--16,cdca04e0bc6ce855,r- v,
18,prot-1951--ak--16,cdca04e0bc6ce855,o- n,
19,prot-1951--ak--16,cdca04e0bc6ce855,e- s,
20,prot-1951--ak--16,cdca04e0bc6ce855,m- m,
21,prot-1951--ak--16,cdca04e0bc6ce855,l- l,
22,prot-1951--ak--16,cdca04e0bc6ce855,r- i,
23,prot-1951--ak--16,cdca04e0bc6ce855,l- d,
24,prot-1951--ak--16,cdca04e0bc6ce855,g- r,
0,prot-1951--ak--16,cdca04e0bc6ce855,u- k,
1,prot-1951--ak--16,cdca04e0bc6ce855,l- l,
2,prot-1951--ak--16,cdca04e0bc6ce855,a- t,
3,prot-1951--ak--16,cdca04e0bc6ce855,d- t,
4,prot-1951--ak--16,cdca04e0bc6ce855,g- b,
5,prot-1951--ak--16,cdca04e0bc6ce855,m- h,
6,prot-1951--ak--16,cdca04e0bc6ce855,i- g,
7,prot-1951--ak--16,cdca04e0bc6ce855,o- k,
8,prot-1951--ak--16,cdca04e0bc6ce855,s- l,
9,prot-1951--ak--16,cdca04e0bc6ce855,e- m,
10,prot-1951--ak--16,cdca04e0bc6ce855,s- k,
11,prot-1951--ak--16,cdca04e0bc6ce855,g- b,
12,prot-1951--ak--16,cdca04e0bc6ce855,k- n,
13,prot-1951--ak--16,cdca04e0bc6ce855,e- k,
14,prot-1951--ak--16,cdca04e0bc6ce855,o- k,
15,prot-1951--ak--16,cdca04e0bc6ce855,e- t,
16,prot-1951--ak--16,cdca04e0bc6ce855,i- d,
17,prot-1951--ak--16,cdca04e0bc6ce855,g- s,
18,prot-1951--ak--16,cdca04e0bc6ce855,k- l,
19,prot-1951--ak--16,cdca04e0bc6ce855,t- n,
20,prot-1951--ak--16,cdca04e0bc6ce855,t- n,
21,prot-1951--ak--16,cdca04e0bc6ce855,e- h,
22,prot-1951--ak--16,cdca04e0bc6ce855,s- s,
23,prot-1951--ak--16,cdca04e0bc6ce855,t- s,
24,prot-1951--ak--16,cdca04e0bc6ce855,t- r,
25,prot-1951--ak--16,cdca04e0bc6ce855,r- s,
26,prot-1951--ak--16,cdca04e0bc6ce855,å- h,
27,prot-1951--ak--16,cdca04e0bc6ce855,n- h,
0,prot-1951--ak--16,7b16a01c980ae2ac,"e
ä",
1,prot-1951--ak--16,cdca04e0bc6ce855,e- r,
2,prot-1951--ak--16,cdca04e0bc6ce855,l- r,
3,prot-1951--ak--16,cdca04e0bc6ce855,t- l,
4,prot-1951--ak--16,cdca04e0bc6ce855,l- n,
5,prot-1951--ak--16,cdca04e0bc6ce855,e- d,
6,prot-1951--ak--16,cdca04e0bc6ce855,a- k,
7,prot-1951--ak--16,cdca04e0bc6ce855,s- å,
8,prot-1951--ak--16,cdca04e0bc6ce855,r- i,
9,prot-1951--ak--16,cdca04e0bc6ce855,o- l,
10,prot-1951--ak--16,cdca04e0bc6ce855,o- e,
11,prot-1951--ak--16,cdca04e0bc6ce855,o- l,
12,prot-1951--ak--16,cdca04e0bc6ce855,g- g,
13,prot-1951--ak--16,cdca04e0bc6ce855,ö- r,
14,prot-1951--ak--16,cdca04e0bc6ce855,p- l,
15,prot-1951--ak--16,cdca04e0bc6ce855,i- n,
16,prot-1951--ak--16,cdca04e0bc6ce855,e- v,
17,prot-1951--ak--16,cdca04e0bc6ce855,m- f,
18,prot-1951--ak--16,cdca04e0bc6ce855,d- n,
19,prot-1951--ak--16,cdca04e0bc6ce855,e- t,
20,prot-1951--ak--16,cdca04e0bc6ce855,e- m,
21,prot-1951--ak--16,cdca04e0bc6ce855,g- h,
22,prot-1951--ak--16,cdca04e0bc6ce855,e- r,
23,prot-1951--ak--16,cdca04e0bc6ce855,s- p,
24,prot-1951--ak--16,cdca04e0bc6ce855,r- s,
25,prot-1951--ak--16,cdca04e0bc6ce855,r- l,
26,prot-1951--ak--16,cdca04e0bc6ce855,i- s,
0,prot-1951--ak--16,7b16a01c980ae2ac,"t
d",
1,prot-1951--ak--16,7b16a01c980ae2ac,"t
l",
2,prot-1951--ak--16,cdca04e0bc6ce855,t- s,
3,prot-1951--ak--16,cdca04e0bc6ce855,p- r,
4,prot-1951--ak--16,cdca04e0bc6ce855,s- h,
5,prot-1951--ak--16,cdca04e0bc6ce855,l- m,
6,prot-1951--ak--16,cdca04e0bc6ce855,i- n,
7,prot-1951--ak--16,cdca04e0bc6ce855,u- n,
8,prot-1951--ak--16,cdca04e0bc6ce855,o- n,
9,prot-1951--ak--16,cdca04e0bc6ce855,r- s,
10,prot-1951--ak--16,cdca04e0bc6ce855,k- l,
11,prot-1951--ak--16,cdca04e0bc6ce855,e- p,
12,prot-1951--ak--16,cdca04e0bc6ce855,o- c,
13,prot-1951--ak--16,cdca04e0bc6ce855,i- g,
14,prot-1951--ak--16,cdca04e0bc6ce855,r- s,
15,prot-1951--ak--16,cdca04e0bc6ce855,r- s,
16,prot-1951--ak--16,cdca04e0bc6ce855,k- s,
17,prot-1951--ak--16,cdca04e0bc6ce855,s- å,
18,prot-1951--ak--16,cdca04e0bc6ce855,n- t,
19,prot-1951--ak--16,cdca04e0bc6ce855,g- s,
20,prot-1951--ak--16,cdca04e0bc6ce855,g- s,
21,prot-1951--ak--16,cdca04e0bc6ce855,e- m,
22,prot-1951--ak--16,cdca04e0bc6ce855,e- t,
23,prot-1951--ak--16,cdca04e0bc6ce855,n- d,
24,prot-1951--ak--16,cdca04e0bc6ce855,l- l,
25,prot-1951--ak--16,cdca04e0bc6ce855,l- f,
26,prot-1951--ak--16,cdca04e0bc6ce855,p- g,
27,prot-1951--ak--16,cdca04e0bc6ce855,t- s,
28,prot-1951--ak--16,cdca04e0bc6ce855,a- t,
29,prot-1951--ak--16,cdca04e0bc6ce855,t- v,
0,prot-1951--ak--16,7b16a01c980ae2ac,"a
k",
1,prot-1951--ak--16,cdca04e0bc6ce855,s- k,
2,prot-1951--ak--16,cdca04e0bc6ce855,i- e,
3,prot-1951--ak--16,cdca04e0bc6ce855,l- l,
4,prot-1951--ak--16,cdca04e0bc6ce855,m- m,
5,prot-1951--ak--16,cdca04e0bc6ce855,i- g,
6,prot-1951--ak--16,cdca04e0bc6ce855,a- t,
7,prot-1951--ak--16,cdca04e0bc6ce855,i- h,
8,prot-1951--ak--16,cdca04e0bc6ce855,k- t,
9,prot-1951--ak--16,cdca04e0bc6ce855,r- f,
10,prot-1951--ak--16,cdca04e0bc6ce855,l- l,
11,prot-1951--ak--16,cdca04e0bc6ce855,g- b,
12,prot-1951--ak--16,cdca04e0bc6ce855,l- d,
13,prot-1951--ak--16,cdca04e0bc6ce855,l- l,
14,prot-1951--ak--16,cdca04e0bc6ce855,f- t,
15,prot-1951--ak--16,cdca04e0bc6ce855,b- s,
16,prot-1951--ak--16,cdca04e0bc6ce855,r- f,
17,prot-1951--ak--16,cdca04e0bc6ce855,ä- k,
18,prot-1951--ak--16,cdca04e0bc6ce855,u- l,
19,prot-1951--ak--16,cdca04e0bc6ce855,l- n,
20,prot-1951--ak--16,cdca04e0bc6ce855,a- k,
21,prot-1951--ak--16,cdca04e0bc6ce855,t- f,
22,prot-1951--ak--16,cdca04e0bc6ce855,n- s,
23,prot-1951--ak--16,cdca04e0bc6ce855,u- m,
24,prot-1951--ak--16,cdca04e0bc6ce855,g- s,
25,prot-1951--ak--16,cdca04e0bc6ce855,t- n,
0,prot-1951--ak--16,cdca04e0bc6ce855,t- r,
1,prot-1951--ak--16,cdca04e0bc6ce855,d- r,
2,prot-1951--ak--16,cdca04e0bc6ce855,m- h,
3,prot-1951--ak--16,cdca04e0bc6ce855,e- g,
4,prot-1951--ak--16,cdca04e0bc6ce855,i- c,
5,prot-1951--ak--16,cdca04e0bc6ce855,p- l,
6,prot-1951--ak--16,cdca04e0bc6ce855,l- l,
7,prot-1951--ak--16,cdca04e0bc6ce855,d- l,
8,prot-1951--ak--16,cdca04e0bc6ce855,r- m,
9,prot-1951--ak--16,cdca04e0bc6ce855,r- b,
10,prot-1951--ak--16,cdca04e0bc6ce855,r- n,
11,prot-1951--ak--16,cdca04e0bc6ce855,n- s,
12,prot-1951--ak--16,cdca04e0bc6ce855,n- s,
13,prot-1951--ak--16,cdca04e0bc6ce855,r- m,
14,prot-1951--ak--16,cdca04e0bc6ce855,o- l,
15,prot-1951--ak--16,cdca04e0bc6ce855,d- l,
16,prot-1951--ak--16,cdca04e0bc6ce855,r- r,
17,prot-1951--ak--16,cdca04e0bc6ce855,d- l,
18,prot-1951--ak--16,cdca04e0bc6ce855,o- n,
19,prot-1951--ak--16,cdca04e0bc6ce855,e- r,
20,prot-1951--ak--16,cdca04e0bc6ce855,k- b,
21,prot-1951--ak--16,cdca04e0bc6ce855,e- s,
22,prot-1951--ak--16,cdca04e0bc6ce855,e- t,
23,prot-1951--ak--16,cdca04e0bc6ce855,m- l,
24,prot-1951--ak--16,cdca04e0bc6ce855,p- l,
25,prot-1951--ak--16,cdca04e0bc6ce855,t- f,
26,prot-1951--ak--16,cdca04e0bc6ce855,n- d,
27,prot-1951--ak--16,cdca04e0bc6ce855,p- n,
28,prot-1951--ak--16,cdca04e0bc6ce855,o- n,
29,prot-1951--ak--16,cdca04e0bc6ce855,i- b,
30,prot-1951--ak--16,cdca04e0bc6ce855,n- d,
31,prot-1951--ak--16,cdca04e0bc6ce855,n- d,
32,prot-1951--ak--16,cdca04e0bc6ce855,o- l,
0,prot-1951--ak--16,cdca04e0bc6ce855,u- t,
1,prot-1951--ak--16,cdca04e0bc6ce855,k- t,
2,prot-1951--ak--16,cdca04e0bc6ce855,n- g,
3,prot-1951--ak--16,cdca04e0bc6ce855,a- r,
4,prot-1951--ak--16,cdca04e0bc6ce855,i- v,
5,prot-1951--ak--16,cdca04e0bc6ce855,s- h,
6,prot-1951--ak--16,cdca04e0bc6ce855,n- d,
7,prot-1951--ak--16,cdca04e0bc6ce855,n- f,
8,prot-1951--ak--16,cdca04e0bc6ce855,n- t,
9,prot-1951--ak--16,cdca04e0bc6ce855,t- g,
10,prot-1951--ak--16,cdca04e0bc6ce855,n- n,
11,prot-1951--ak--16,cdca04e0bc6ce855,r- l,
12,prot-1951--ak--16,cdca04e0bc6ce855,s- h,
13,prot-1951--ak--16,cdca04e0bc6ce855,m- m,
14,prot-1951--ak--16,cdca04e0bc6ce855,e- f,
15,prot-1951--ak--16,cdca04e0bc6ce855,o- n,
16,prot-1951--ak--16,cdca04e0bc6ce855,g- s,
17,prot-1951--ak--16,cdca04e0bc6ce855,e- b,
18,prot-1951--ak--16,cdca04e0bc6ce855,o- m,
19,prot-1951--ak--16,cdca04e0bc6ce855,v- j,
20,prot-1951--ak--16,cdca04e0bc6ce855,r- s,
21,prot-1951--ak--16,cdca04e0bc6ce855,t- h,
22,prot-1951--ak--16,cdca04e0bc6ce855,u- m,
23,prot-1951--ak--16,cdca04e0bc6ce855,ö- m,
24,prot-1951--ak--16,cdca04e0bc6ce855,p- f,
25,prot-1951--ak--16,cdca04e0bc6ce855,n- d,
26,prot-1951--ak--16,cdca04e0bc6ce855,t- n,
27,prot-1951--ak--16,cdca04e0bc6ce855,i- r,
28,prot-1951--ak--16,cdca04e0bc6ce855,s- k,
29,prot-1951--ak--16,cdca04e0bc6ce855,n- l,
30,prot-1951--ak--16,cdca04e0bc6ce855,s- d,
31,prot-1951--ak--16,cdca04e0bc6ce855,s- a,
32,prot-1951--ak--16,cdca04e0bc6ce855,b- n,
33,prot-1951--ak--16,cdca04e0bc6ce855,t- t,
34,prot-1951--ak--16,cdca04e0bc6ce855,n- t,
35,prot-1951--ak--16,cdca04e0bc6ce855,e- r,
36,prot-1951--ak--16,cdca04e0bc6ce855,a- n,
37,prot-1951--ak--16,cdca04e0bc6ce855,a- t,
0,prot-1951--ak--16,cdca04e0bc6ce855,s- k,
1,prot-1951--ak--16,cdca04e0bc6ce855,f- k,
2,prot-1951--ak--16,cdca04e0bc6ce855,y- l,
3,prot-1951--ak--16,cdca04e0bc6ce855,g- l,
4,prot-1951--ak--16,cdca04e0bc6ce855,e- d,
5,prot-1951--ak--16,cdca04e0bc6ce855,t- s,
6,prot-1951--ak--16,cdca04e0bc6ce855,u- n,
7,prot-1951--ak--16,cdca04e0bc6ce855,r- s,
8,prot-1951--ak--16,cdca04e0bc6ce855,n- t,
9,prot-1951--ak--16,cdca04e0bc6ce855,l- n,
10,prot-1951--ak--16,cdca04e0bc6ce855,l- v,
11,prot-1951--ak--16,cdca04e0bc6ce855,d- r,
12,prot-1951--ak--16,cdca04e0bc6ce855,ö- d,
13,prot-1951--ak--16,cdca04e0bc6ce855,k- t,
14,prot-1951--ak--16,cdca04e0bc6ce855,v- r,
15,prot-1951--ak--16,cdca04e0bc6ce855,l- m,
16,prot-1951--ak--16,cdca04e0bc6ce855,i- t,
17,prot-1951--ak--16,cdca04e0bc6ce855,ö- k,
18,prot-1951--ak--16,cdca04e0bc6ce855,g- e,
19,prot-1951--ak--16,cdca04e0bc6ce855,t- r,
20,prot-1951--ak--16,cdca04e0bc6ce855,t- n,
21,prot-1951--ak--16,cdca04e0bc6ce855,o- k,
22,prot-1951--ak--16,cdca04e0bc6ce855,o- m,
23,prot-1951--ak--16,cdca04e0bc6ce855,s- k,
24,prot-1951--ak--16,cdca04e0bc6ce855,e- k,
25,prot-1951--ak--16,cdca04e0bc6ce855,e- d,
26,prot-1951--ak--16,cdca04e0bc6ce855,g- e,
0,prot-1951--ak--16,7b16a01c980ae2ac,"t
l",
1,prot-1951--ak--16,cdca04e0bc6ce855,n- s,
2,prot-1951--ak--16,cdca04e0bc6ce855,e- h,
3,prot-1951--ak--16,cdca04e0bc6ce855,s- å,
4,prot-1951--ak--16,cdca04e0bc6ce855,s- l,
5,prot-1951--ak--16,cdca04e0bc6ce855,n- s,
6,prot-1951--ak--16,cdca04e0bc6ce855,n- t,
7,prot-1951--ak--16,cdca04e0bc6ce855,e- p,
8,prot-1951--ak--16,cdca04e0bc6ce855,r- n,
9,prot-1951--ak--16,cdca04e0bc6ce855,n- l,
10,prot-1951--ak--16,cdca04e0bc6ce855,n- r,
11,prot-1951--ak--16,cdca04e0bc6ce855,g- s,
12,prot-1951--ak--16,cdca04e0bc6ce855,t- s,
13,prot-1951--ak--16,cdca04e0bc6ce855,s- d,
14,prot-1951--ak--16,cdca04e0bc6ce855,t- s,
15,prot-1951--ak--16,cdca04e0bc6ce855,a- g,
16,prot-1951--ak--16,cdca04e0bc6ce855,r- s,
17,prot-1951--ak--16,cdca04e0bc6ce855,e- r,
18,prot-1951--ak--16,cdca04e0bc6ce855,d- r,
19,prot-1951--ak--16,cdca04e0bc6ce855,v- n,
20,prot-1951--ak--16,cdca04e0bc6ce855,m- m,
21,prot-1951--ak--16,cdca04e0bc6ce855,i- n,
22,prot-1951--ak--16,cdca04e0bc6ce855,a- n,
23,prot-1951--ak--16,cdca04e0bc6ce855,s- å,
0,prot-1951--ak--16,cdca04e0bc6ce855,t- t,
1,prot-1951--ak--16,cdca04e0bc6ce855,t- s,
2,prot-1951--ak--16,cdca04e0bc6ce855,n- f,
3,prot-1951--ak--16,cdca04e0bc6ce855,f- f,
4,prot-1951--ak--16,cdca04e0bc6ce855,å- g,
5,prot-1951--ak--16,cdca04e0bc6ce855,s- s,
6,prot-1951--ak--16,cdca04e0bc6ce855,i- v,
7,prot-1951--ak--16,cdca04e0bc6ce855,d- l,
8,prot-1951--ak--16,cdca04e0bc6ce855,a- l,
9,prot-1951--ak--16,cdca04e0bc6ce855,o- k,
10,prot-1951--ak--16,cdca04e0bc6ce855,r- f,
11,prot-1951--ak--16,cdca04e0bc6ce855,l- m,
12,prot-1951--ak--16,cdca04e0bc6ce855,e- d,
13,prot-1951--ak--16,cdca04e0bc6ce855,s- k,
14,prot-1951--ak--16,cdca04e0bc6ce855,s- t,
15,prot-1951--ak--16,cdca04e0bc6ce855,e- r,
16,prot-1951--ak--16,cdca04e0bc6ce855,d- l,
17,prot-1951--ak--16,cdca04e0bc6ce855,p- r,
18,prot-1951--ak--16,cdca04e0bc6ce855,n- l,
19,prot-1951--ak--16,cdca04e0bc6ce855,r- s,
20,prot-1951--ak--16,cdca04e0bc6ce855,r- l,
21,prot-1951--ak--16,cdca04e0bc6ce855,l- s,
22,prot-1951--ak--16,cdca04e0bc6ce855,n- d,
23,prot-1951--ak--16,cdca04e0bc6ce855,o- m,
24,prot-1951--ak--16,cdca04e0bc6ce855,e- h,
25,prot-1951--ak--16,cdca04e0bc6ce855,n- n,
26,prot-1951--ak--16,cdca04e0bc6ce855,o- k,
0,prot-1951--ak--16,7b16a01c980ae2ac,"r
f",
1,prot-1951--ak--16,cdca04e0bc6ce855,g- s,
2,prot-1951--ak--16,cdca04e0bc6ce855,n- n,
3,prot-1951--ak--16,cdca04e0bc6ce855,å- d,
4,prot-1951--ak--16,cdca04e0bc6ce855,t- t,
5,prot-1951--ak--16,cdca04e0bc6ce855,l- m,
6,prot-1951--ak--16,cdca04e0bc6ce855,y- l,
7,prot-1951--ak--16,cdca04e0bc6ce855,k- l,
8,prot-1951--ak--16,cdca04e0bc6ce855,i- o,
9,prot-1951--ak--16,cdca04e0bc6ce855,m- h,
10,prot-1951--ak--16,cdca04e0bc6ce855,r- v,
11,prot-1951--ak--16,cdca04e0bc6ce855,m- m,
12,prot-1951--ak--16,cdca04e0bc6ce855,ö- g,
13,prot-1951--ak--16,cdca04e0bc6ce855,y- l,
14,prot-1951--ak--16,cdca04e0bc6ce855,m- m,
15,prot-1951--ak--16,cdca04e0bc6ce855,e- m,
16,prot-1951--ak--16,cdca04e0bc6ce855,e- m,
17,prot-1951--ak--16,cdca04e0bc6ce855,n- v,
18,prot-1951--ak--16,cdca04e0bc6ce855,f- f,
19,prot-1951--ak--16,cdca04e0bc6ce855,r- k,
20,prot-1951--ak--16,cdca04e0bc6ce855,t- n,
21,prot-1951--ak--16,cdca04e0bc6ce855,m- m,
22,prot-1951--ak--16,cdca04e0bc6ce855,e- h,
23,prot-1951--ak--16,cdca04e0bc6ce855,r- t,
24,prot-1951--ak--16,cdca04e0bc6ce855,u- n,
25,prot-1951--ak--16,cdca04e0bc6ce855,g- h,
26,prot-1951--ak--16,cdca04e0bc6ce855,a- t,
27,prot-1951--ak--16,cdca04e0bc6ce855,e- g,
28,prot-1951--ak--16,cdca04e0bc6ce855,f- t,
29,prot-1951--ak--16,cdca04e0bc6ce855,m- h,
30,prot-1951--ak--16,cdca04e0bc6ce855,s- s,
31,prot-1951--ak--16,cdca04e0bc6ce855,r- d,
32,prot-1951--ak--16,cdca04e0bc6ce855,n- t,
33,prot-1951--ak--16,cdca04e0bc6ce855,m- m,
0,prot-1951--ak--16,7b16a01c980ae2ac,"i
k",
1,prot-1951--ak--16,cdca04e0bc6ce855,e- s,
2,prot-1951--ak--16,cdca04e0bc6ce855,o- n,
3,prot-1951--ak--16,cdca04e0bc6ce855,s- p,
4,prot-1951--ak--16,cdca04e0bc6ce855,a- r,
5,prot-1951--ak--16,cdca04e0bc6ce855,i- g,
6,prot-1951--ak--16,cdca04e0bc6ce855,d- s,
7,prot-1951--ak--16,cdca04e0bc6ce855,t- t,
8,prot-1951--ak--16,cdca04e0bc6ce855,e- t,
9,prot-1951--ak--16,cdca04e0bc6ce855,n- r,
10,prot-1951--ak--16,cdca04e0bc6ce855,k- t,
11,prot-1951--ak--16,cdca04e0bc6ce855,r- t,
12,prot-1951--ak--16,cdca04e0bc6ce855,o- t,
13,prot-1951--ak--16,cdca04e0bc6ce855,t- s,
14,prot-1951--ak--16,cdca04e0bc6ce855,l- l,
15,prot-1951--ak--16,cdca04e0bc6ce855,ö- v,
16,prot-1951--ak--16,cdca04e0bc6ce855,i- g,
17,prot-1951--ak--16,cdca04e0bc6ce855,t- l,
18,prot-1951--ak--16,cdca04e0bc6ce855,s- f,
19,prot-1951--ak--16,cdca04e0bc6ce855,n- s,
20,prot-1951--ak--16,cdca04e0bc6ce855,d- n,
21,prot-1951--ak--16,cdca04e0bc6ce855,r- d,
22,prot-1951--ak--16,cdca04e0bc6ce855,e- l,
23,prot-1951--ak--16,cdca04e0bc6ce855,f- s,
24,prot-1951--ak--16,cdca04e0bc6ce855,o- n,
25,prot-1951--ak--16,cdca04e0bc6ce855,n- f,
26,prot-1951--ak--16,cdca04e0bc6ce855,e- m,
27,prot-1951--ak--16,cdca04e0bc6ce855,i- t,
0,prot-1951--ak--16,7b16a01c980ae2ac,"n
d",
1,prot-1951--ak--16,7b16a01c980ae2ac,",
d",
2,prot-1951--ak--16,7b16a01c980ae2ac,"l
v",
3,prot-1951--ak--16,cdca04e0bc6ce855,å- t,
4,prot-1951--ak--16,cdca04e0bc6ce855,n- n,
5,prot-1951--ak--16,cdca04e0bc6ce855,u- t,
6,prot-1951--ak--16,cdca04e0bc6ce855,a- r,
7,prot-1951--ak--16,cdca04e0bc6ce855,n- d,
8,prot-1951--ak--16,cdca04e0bc6ce855,o- n,
9,prot-1951--ak--16,cdca04e0bc6ce855,d- l,
10,prot-1951--ak--16,cdca04e0bc6ce855,k- t,
11,prot-1951--ak--16,cdca04e0bc6ce855,m- m,
12,prot-1951--ak--16,cdca04e0bc6ce855,l- l,
13,prot-1951--ak--16,cdca04e0bc6ce855,a- g,
14,prot-1951--ak--16,cdca04e0bc6ce855,u- d,
15,prot-1951--ak--16,cdca04e0bc6ce855,t- a,
16,prot-1951--ak--16,cdca04e0bc6ce855,r- s,
17,prot-1951--ak--16,cdca04e0bc6ce855,r- s,
18,prot-1951--ak--16,cdca04e0bc6ce855,c- k,
19,prot-1951--ak--16,cdca04e0bc6ce855,r- b,
20,prot-1951--ak--16,cdca04e0bc6ce855,e- d,
21,prot-1951--ak--16,cdca04e0bc6ce855,m- m,
22,prot-1951--ak--16,cdca04e0bc6ce855,d- g,
23,prot-1951--ak--16,cdca04e0bc6ce855,s- s,
24,prot-1951--ak--16,cdca04e0bc6ce855,n- s,
25,prot-1951--ak--16,cdca04e0bc6ce855,n- l,
26,prot-1951--ak--16,cdca04e0bc6ce855,r- v,
0,prot-1951--ak--16,cdca04e0bc6ce855,s- l,
1,prot-1951--ak--16,cdca04e0bc6ce855,e- n,
2,prot-1951--ak--16,cdca04e0bc6ce855,t- ö,
3,prot-1951--ak--16,cdca04e0bc6ce855,u- s,
4,prot-1951--ak--16,cdca04e0bc6ce855,e- s,
5,prot-1951--ak--16,cdca04e0bc6ce855,r- b,
6,prot-1951--ak--16,cdca04e0bc6ce855,o- n,
7,prot-1951--ak--16,cdca04e0bc6ce855,a- g,
8,prot-1951--ak--16,cdca04e0bc6ce855,n- s,
9,prot-1951--ak--16,cdca04e0bc6ce855,t- s,
10,prot-1951--ak--16,cdca04e0bc6ce855,s- a,
11,prot-1951--ak--16,cdca04e0bc6ce855,d- f,
12,prot-1951--ak--16,cdca04e0bc6ce855,i- g,
13,prot-1951--ak--16,cdca04e0bc6ce855,l- s,
14,prot-1951--ak--16,cdca04e0bc6ce855,l- s,
15,prot-1951--ak--16,cdca04e0bc6ce855,l- s,
16,prot-1951--ak--16,cdca04e0bc6ce855,t- s,
17,prot-1951--ak--16,cdca04e0bc6ce855,r- s,
18,prot-1951--ak--16,cdca04e0bc6ce855,a- n,
19,prot-1951--ak--16,cdca04e0bc6ce855,t- s,
20,prot-1951--ak--16,cdca04e0bc6ce855,o- n,
21,prot-1951--ak--16,cdca04e0bc6ce855,o- d,
22,prot-1951--ak--16,cdca04e0bc6ce855,r- v,
23,prot-1951--ak--16,cdca04e0bc6ce855,r- s,
24,prot-1951--ak--16,cdca04e0bc6ce855,r- b,
25,prot-1951--ak--16,cdca04e0bc6ce855,n- s,
26,prot-1951--ak--16,cdca04e0bc6ce855,k- n,
27,prot-1951--ak--16,cdca04e0bc6ce855,l- k,
28,prot-1951--ak--16,cdca04e0bc6ce855,r- b,
29,prot-1951--ak--16,cdca04e0bc6ce855,r- i,
30,prot-1951--ak--16,cdca04e0bc6ce855,x- c,
31,prot-1951--ak--16,cdca04e0bc6ce855,n- d,
32,prot-1951--ak--16,cdca04e0bc6ce855,i- f,
33,prot-1951--ak--16,cdca04e0bc6ce855,l- l,
34,prot-1951--ak--16,cdca04e0bc6ce855,o- n,
35,prot-1951--ak--16,cdca04e0bc6ce855,å- g,
36,prot-1951--ak--16,cdca04e0bc6ce855,s- s,
37,prot-1951--ak--16,cdca04e0bc6ce855,r- k,
38,prot-1951--ak--16,cdca04e0bc6ce855,d- p,
39,prot-1951--ak--16,cdca04e0bc6ce855,ä- g,
0,prot-1951--ak--16,7b16a01c980ae2ac,"a
b",
1,prot-1951--ak--16,cdca04e0bc6ce855,d- v,
2,prot-1951--ak--16,cdca04e0bc6ce855,u- d,
3,prot-1951--ak--16,cdca04e0bc6ce855,i- t,
4,prot-1951--ak--16,cdca04e0bc6ce855,t- s,
5,prot-1951--ak--16,cdca04e0bc6ce855,n- d,
6,prot-1951--ak--16,cdca04e0bc6ce855,t- r,
7,prot-1951--ak--16,cdca04e0bc6ce855,r- l,
8,prot-1951--ak--16,cdca04e0bc6ce855,r- b,
9,prot-1951--ak--16,cdca04e0bc6ce855,a- t,
10,prot-1951--ak--16,cdca04e0bc6ce855,r- n,
11,prot-1951--ak--16,cdca04e0bc6ce855,e- d,
12,prot-1951--ak--16,cdca04e0bc6ce855,r- s,
13,prot-1951--ak--16,cdca04e0bc6ce855,o- h,
14,prot-1951--ak--16,cdca04e0bc6ce855,a- g,
15,prot-1951--ak--16,cdca04e0bc6ce855,y- r,
16,prot-1951--ak--16,cdca04e0bc6ce855,e- l,
17,prot-1951--ak--16,cdca04e0bc6ce855,s- k,
18,prot-1951--ak--16,cdca04e0bc6ce855,n- n,
19,prot-1951--ak--16,cdca04e0bc6ce855,e- t,
20,prot-1951--ak--16,cdca04e0bc6ce855,n- t,
21,prot-1951--ak--16,cdca04e0bc6ce855,g- h,
22,prot-1951--ak--16,cdca04e0bc6ce855,n- k,
23,prot-1951--ak--16,cdca04e0bc6ce855,l- l,
24,prot-1951--ak--16,cdca04e0bc6ce855,k- l,
25,prot-1951--ak--16,cdca04e0bc6ce855,d- d,
26,prot-1951--ak--16,cdca04e0bc6ce855,n- t,
27,prot-1951--ak--16,cdca04e0bc6ce855,u- d,
28,prot-1951--ak--16,cdca04e0bc6ce855,s- s,
29,prot-1951--ak--16,cdca04e0bc6ce855,f- t,
30,prot-1951--ak--16,cdca04e0bc6ce855,r- k,
31,prot-1951--ak--16,cdca04e0bc6ce855,e- p,
32,prot-1951--ak--16,cdca04e0bc6ce855,r- l,
33,prot-1951--ak--16,cdca04e0bc6ce855,s- p,
34,prot-1951--ak--16,cdca04e0bc6ce855,p- p,
35,prot-1951--ak--16,cdca04e0bc6ce855,e- r,
36,prot-1951--ak--16,cdca04e0bc6ce855,u- d,
0,prot-1951--ak--16,7b16a01c980ae2ac,"v
p",
1,prot-1951--ak--16,7b16a01c980ae2ac,"å
e",
2,prot-1951--ak--16,cdca04e0bc6ce855,m- m,
3,prot-1951--ak--16,cdca04e0bc6ce855,e- t,
4,prot-1951--ak--16,cdca04e0bc6ce855,t- v,
5,prot-1951--ak--16,cdca04e0bc6ce855,m- r,
6,prot-1951--ak--16,cdca04e0bc6ce855,o- r,
7,prot-1951--ak--16,cdca04e0bc6ce855,å- d,
8,prot-1951--ak--16,cdca04e0bc6ce855,e- s,
9,prot-1951--ak--16,cdca04e0bc6ce855,e- m,
10,prot-1951--ak--16,cdca04e0bc6ce855,p- s,
11,prot-1951--ak--16,cdca04e0bc6ce855,a- j,
12,prot-1951--ak--16,cdca04e0bc6ce855,e- s,
13,prot-1951--ak--16,cdca04e0bc6ce855,f- t,
14,prot-1951--ak--16,cdca04e0bc6ce855,n- p,
15,prot-1951--ak--16,cdca04e0bc6ce855,l- m,
16,prot-1951--ak--16,cdca04e0bc6ce855,e- m,
17,prot-1951--ak--16,cdca04e0bc6ce855,n- d,
18,prot-1951--ak--16,cdca04e0bc6ce855,t- t,
19,prot-1951--ak--16,cdca04e0bc6ce855,n- d,
20,prot-1951--ak--16,cdca04e0bc6ce855,e- g,
21,prot-1951--ak--16,cdca04e0bc6ce855,ö- d,
22,prot-1951--ak--16,cdca04e0bc6ce855,r- f,
23,prot-1951--ak--16,cdca04e0bc6ce855,l- s,
24,prot-1951--ak--16,cdca04e0bc6ce855,r- b,
25,prot-1951--ak--16,cdca04e0bc6ce855,n- s,
26,prot-1951--ak--16,cdca04e0bc6ce855,e- n,
27,prot-1951--ak--16,cdca04e0bc6ce855,r- s,
28,prot-1951--ak--16,cdca04e0bc6ce855,u- d,
29,prot-1951--ak--16,cdca04e0bc6ce855,n- n,
30,prot-1951--ak--16,cdca04e0bc6ce855,r- e,
31,prot-1951--ak--16,cdca04e0bc6ce855,ä- d,
32,prot-1951--ak--16,cdca04e0bc6ce855,t- r,
0,prot-1951--ak--16,cdca04e0bc6ce855,s- k,
1,prot-1951--ak--16,cdca04e0bc6ce855,r- b,
2,prot-1951--ak--16,cdca04e0bc6ce855,o- d,
3,prot-1951--ak--16,cdca04e0bc6ce855,d- g,
4,prot-1951--ak--16,cdca04e0bc6ce855,e- t,
5,prot-1951--ak--16,cdca04e0bc6ce855,s- s,
6,prot-1951--ak--16,cdca04e0bc6ce855,t- s,
7,prot-1951--ak--16,cdca04e0bc6ce855,v- t,
8,prot-1951--ak--16,cdca04e0bc6ce855,n- s,
9,prot-1951--ak--16,cdca04e0bc6ce855,r- b,
10,prot-1951--ak--16,cdca04e0bc6ce855,d- g,
11,prot-1951--ak--16,cdca04e0bc6ce855,e- v,
12,prot-1951--ak--16,cdca04e0bc6ce855,r- b,
13,prot-1951--ak--16,cdca04e0bc6ce855,e- s,
14,prot-1951--ak--16,cdca04e0bc6ce855,r- b,
15,prot-1951--ak--16,cdca04e0bc6ce855,t- v,
16,prot-1951--ak--16,cdca04e0bc6ce855,t- a,
17,prot-1951--ak--16,cdca04e0bc6ce855,n- h,
18,prot-1951--ak--16,cdca04e0bc6ce855,s- t,
19,prot-1951--ak--16,cdca04e0bc6ce855,e- t,
20,prot-1951--ak--16,cdca04e0bc6ce855,t- a,
21,prot-1951--ak--16,cdca04e0bc6ce855,s- n,
22,prot-1951--ak--16,cdca04e0bc6ce855,g- n,
23,prot-1951--ak--16,cdca04e0bc6ce855,r- b,
24,prot-1951--ak--16,cdca04e0bc6ce855,t- a,
25,prot-1951--ak--16,cdca04e0bc6ce855,i- d,
26,prot-1951--ak--16,cdca04e0bc6ce855,å- d,
27,prot-1951--ak--16,cdca04e0bc6ce855,s- d,
28,prot-1951--ak--16,cdca04e0bc6ce855,t- a,
29,prot-1951--ak--16,cdca04e0bc6ce855,g- g,
30,prot-1951--ak--16,cdca04e0bc6ce855,t- l,
31,prot-1951--ak--16,cdca04e0bc6ce855,n- l,
32,prot-1951--ak--16,cdca04e0bc6ce855,s- d,
33,prot-1951--ak--16,cdca04e0bc6ce855,i- k,
34,prot-1951--ak--16,cdca04e0bc6ce855,l- l,
0,prot-1951--ak--16,cdca04e0bc6ce855,l- m,
1,prot-1951--ak--16,cdca04e0bc6ce855,g- g,
2,prot-1951--ak--16,cdca04e0bc6ce855,o- t,
3,prot-1951--ak--16,cdca04e0bc6ce855,t- a,
4,prot-1951--ak--16,cdca04e0bc6ce855,l- l,
5,prot-1951--ak--16,cdca04e0bc6ce855,u- v,
6,prot-1951--ak--16,cdca04e0bc6ce855,n- n,
7,prot-1951--ak--16,cdca04e0bc6ce855,u- d,
8,prot-1951--ak--16,cdca04e0bc6ce855,r- b,
9,prot-1951--ak--16,cdca04e0bc6ce855,l- i,
10,prot-1951--ak--16,cdca04e0bc6ce855,k- t,
11,prot-1951--ak--16,cdca04e0bc6ce855,d- r,
12,prot-1951--ak--16,cdca04e0bc6ce855,t- a,
13,prot-1951--ak--16,cdca04e0bc6ce855,e- v,
14,prot-1951--ak--16,cdca04e0bc6ce855,r- b,
15,prot-1951--ak--16,cdca04e0bc6ce855,d- k,
16,prot-1951--ak--16,cdca04e0bc6ce855,r- k,
17,prot-1951--ak--16,cdca04e0bc6ce855,t- a,
18,prot-1951--ak--16,cdca04e0bc6ce855,k- t,
19,prot-1951--ak--16,cdca04e0bc6ce855,k- t,
20,prot-1951--ak--16,cdca04e0bc6ce855,i- f,
21,prot-1951--ak--16,cdca04e0bc6ce855,t- l,
22,prot-1951--ak--16,cdca04e0bc6ce855,e- d,
23,prot-1951--ak--16,cdca04e0bc6ce855,n- s,
24,prot-1951--ak--16,cdca04e0bc6ce855,a- r,
25,prot-1951--ak--16,cdca04e0bc6ce855,a- d,
26,prot-1951--ak--16,cdca04e0bc6ce855,e- t,
27,prot-1951--ak--16,cdca04e0bc6ce855,t- r,
28,prot-1951--ak--16,cdca04e0bc6ce855,t- t,
29,prot-1951--ak--16,cdca04e0bc6ce855,l- m,
30,prot-1951--ak--16,cdca04e0bc6ce855,r- h,
31,prot-1951--ak--16,cdca04e0bc6ce855,k- l,
32,prot-1951--ak--16,cdca04e0bc6ce855,n- c,
33,prot-1951--ak--16,cdca04e0bc6ce855,e- p,
34,prot-1951--ak--16,cdca04e0bc6ce855,d- j,
35,prot-1951--ak--16,cdca04e0bc6ce855,o- n,
0,prot-1951--ak--16,7b16a01c980ae2ac,"t
d",
1,prot-1951--ak--16,cdca04e0bc6ce855,k- n,
2,prot-1951--ak--16,cdca04e0bc6ce855,g- g,
3,prot-1951--ak--16,cdca04e0bc6ce855,l- l,
4,prot-1951--ak--16,cdca04e0bc6ce855,r- b,
5,prot-1951--ak--16,cdca04e0bc6ce855,m- f,
6,prot-1951--ak--16,cdca04e0bc6ce855,n- t,
7,prot-1951--ak--16,cdca04e0bc6ce855,e- s,
8,prot-1951--ak--16,cdca04e0bc6ce855,i- f,
9,prot-1951--ak--16,cdca04e0bc6ce855,k- t,
10,prot-1951--ak--16,cdca04e0bc6ce855,i- g,
11,prot-1951--ak--16,cdca04e0bc6ce855,m- m,
12,prot-1951--ak--16,cdca04e0bc6ce855,e- t,
13,prot-1951--ak--16,cdca04e0bc6ce855,k- n,
14,prot-1951--ak--16,cdca04e0bc6ce855,e- s,
15,prot-1951--ak--16,cdca04e0bc6ce855,s- k,
16,prot-1951--ak--16,cdca04e0bc6ce855,s- p,
17,prot-1951--ak--16,cdca04e0bc6ce855,s- k,
18,prot-1951--ak--16,cdca04e0bc6ce855,l- n,
19,prot-1951--ak--16,cdca04e0bc6ce855,r- g,
20,prot-1951--ak--16,cdca04e0bc6ce855,o- l,
21,prot-1951--ak--16,cdca04e0bc6ce855,k- t,
22,prot-1951--ak--16,cdca04e0bc6ce855,å- g,
23,prot-1951--ak--16,cdca04e0bc6ce855,l- l,
24,prot-1951--ak--16,cdca04e0bc6ce855,s- f,
25,prot-1951--ak--16,cdca04e0bc6ce855,e- l,
0,prot-1951--ak--16,7b16a01c980ae2ac,"a
r",
1,prot-1951--ak--16,cdca04e0bc6ce855,r- l,
2,prot-1951--ak--16,cdca04e0bc6ce855,s- e,
3,prot-1951--ak--16,cdca04e0bc6ce855,a- t,
4,prot-1951--ak--16,cdca04e0bc6ce855,o- m,
5,prot-1951--ak--16,cdca04e0bc6ce855,e- n,
6,prot-1951--ak--16,cdca04e0bc6ce855,l- s,
7,prot-1951--ak--16,cdca04e0bc6ce855,a- m,
8,prot-1951--ak--16,cdca04e0bc6ce855,l- s,
9,prot-1951--ak--16,cdca04e0bc6ce855,m- m,
10,prot-1951--ak--16,cdca04e0bc6ce855,i- b,
11,prot-1951--ak--16,cdca04e0bc6ce855,o- k,
12,prot-1951--ak--16,cdca04e0bc6ce855,r- k,
13,prot-1951--ak--16,cdca04e0bc6ce855,s- s,
14,prot-1951--ak--16,cdca04e0bc6ce855,g- h,
15,prot-1951--ak--16,cdca04e0bc6ce855,k- n,
16,prot-1951--ak--16,cdca04e0bc6ce855,s- t,
17,prot-1951--ak--16,cdca04e0bc6ce855,o- d,
18,prot-1951--ak--16,cdca04e0bc6ce855,e- r,
19,prot-1951--ak--16,cdca04e0bc6ce855,m- l,
20,prot-1951--ak--16,cdca04e0bc6ce855,i- t,
21,prot-1951--ak--16,cdca04e0bc6ce855,n- d,
22,prot-1951--ak--16,cdca04e0bc6ce855,k- t,
23,prot-1951--ak--16,cdca04e0bc6ce855,l- l,
24,prot-1951--ak--16,cdca04e0bc6ce855,m- v,
25,prot-1951--ak--16,cdca04e0bc6ce855,k- t,
26,prot-1951--ak--16,cdca04e0bc6ce855,l- l,
27,prot-1951--ak--16,cdca04e0bc6ce855,ä- g,
28,prot-1951--ak--16,cdca04e0bc6ce855,t- t,
29,prot-1951--ak--16,cdca04e0bc6ce855,e- s,
30,prot-1951--ak--16,cdca04e0bc6ce855,i- s,
31,prot-1951--ak--16,cdca04e0bc6ce855,k- n,
32,prot-1951--ak--16,cdca04e0bc6ce855,n- s,
33,prot-1951--ak--16,cdca04e0bc6ce855,m- m,
0,prot-1951--ak--16,7b16a01c980ae2ac,"t
k",
1,prot-1951--ak--16,cdca04e0bc6ce855,e- t,
2,prot-1951--ak--16,cdca04e0bc6ce855,f- t,
3,prot-1951--ak--16,cdca04e0bc6ce855,m- h,
4,prot-1951--ak--16,cdca04e0bc6ce855,k- n,
5,prot-1951--ak--16,cdca04e0bc6ce855,e- t,
6,prot-1951--ak--16,cdca04e0bc6ce855,ä- d,
7,prot-1951--ak--16,cdca04e0bc6ce855,k- t,
8,prot-1951--ak--16,cdca04e0bc6ce855,g- n,
9,prot-1951--ak--16,cdca04e0bc6ce855,e- r,
10,prot-1951--ak--16,cdca04e0bc6ce855,s- b,
11,prot-1951--ak--16,cdca04e0bc6ce855,l- l,
12,prot-1951--ak--16,cdca04e0bc6ce855,l- l,
13,prot-1951--ak--16,cdca04e0bc6ce855,s- p,
14,prot-1951--ak--16,cdca04e0bc6ce855,r- b,
15,prot-1951--ak--16,cdca04e0bc6ce855,r- s,
16,prot-1951--ak--16,cdca04e0bc6ce855,m- m,
17,prot-1951--ak--16,cdca04e0bc6ce855,s- p,
18,prot-1951--ak--16,cdca04e0bc6ce855,m- m,
19,prot-1951--ak--16,cdca04e0bc6ce855,s- f,
20,prot-1951--ak--16,cdca04e0bc6ce855,l- n,
21,prot-1951--ak--16,cdca04e0bc6ce855,l- l,
22,prot-1951--ak--16,cdca04e0bc6ce855,g- g,
23,prot-1951--ak--16,cdca04e0bc6ce855,s- a,
24,prot-1951--ak--16,cdca04e0bc6ce855,t- a,
25,prot-1951--ak--16,cdca04e0bc6ce855,r- b,
26,prot-1951--ak--16,cdca04e0bc6ce855,u- t,
27,prot-1951--ak--16,cdca04e0bc6ce855,r- k,
28,prot-1951--ak--16,cdca04e0bc6ce855,k- n,
29,prot-1951--ak--16,cdca04e0bc6ce855,p- p,
30,prot-1951--ak--16,cdca04e0bc6ce855,k- t,
31,prot-1951--ak--16,cdca04e0bc6ce855,e- g,
32,prot-1951--ak--16,cdca04e0bc6ce855,s- u,
33,prot-1951--ak--16,cdca04e0bc6ce855,a- g,
34,prot-1951--ak--16,cdca04e0bc6ce855,n- s,
35,prot-1951--ak--16,cdca04e0bc6ce855,å- d,
36,prot-1951--ak--16,cdca04e0bc6ce855,t- r,
37,prot-1951--ak--16,cdca04e0bc6ce855,o- g,
0,prot-1951--ak--16,7b16a01c980ae2ac,"a
l",
1,prot-1951--ak--16,cdca04e0bc6ce855,o- h,
2,prot-1951--ak--16,cdca04e0bc6ce855,r- t,
3,prot-1951--ak--16,cdca04e0bc6ce855,i- t,
4,prot-1951--ak--16,cdca04e0bc6ce855,t- t,
5,prot-1951--ak--16,cdca04e0bc6ce855,o- n,
6,prot-1951--ak--16,cdca04e0bc6ce855,o- s,
7,prot-1951--ak--16,cdca04e0bc6ce855,p- p,
8,prot-1951--ak--16,cdca04e0bc6ce855,a- r,
9,prot-1951--ak--16,cdca04e0bc6ce855,å- t,
10,prot-1951--ak--16,cdca04e0bc6ce855,o- t,
11,prot-1951--ak--16,cdca04e0bc6ce855,l- s,
12,prot-1951--ak--16,cdca04e0bc6ce855,r- b,
13,prot-1951--ak--16,cdca04e0bc6ce855,å- t,
14,prot-1951--ak--16,cdca04e0bc6ce855,a- g,
15,prot-1951--ak--16,cdca04e0bc6ce855,e- l,
16,prot-1951--ak--16,cdca04e0bc6ce855,d- l,
17,prot-1951--ak--16,cdca04e0bc6ce855,o- n,
18,prot-1951--ak--16,cdca04e0bc6ce855,d- l,
19,prot-1951--ak--16,cdca04e0bc6ce855,t- s,
20,prot-1951--ak--16,cdca04e0bc6ce855,r- t,
21,prot-1951--ak--16,cdca04e0bc6ce855,g- t,
22,prot-1951--ak--16,cdca04e0bc6ce855,d- l,
23,prot-1951--ak--16,cdca04e0bc6ce855,r- k,
24,prot-1951--ak--16,cdca04e0bc6ce855,p- p,
25,prot-1951--ak--16,cdca04e0bc6ce855,r- l,
26,prot-1951--ak--16,cdca04e0bc6ce855,t- r,
27,prot-1951--ak--16,cdca04e0bc6ce855,t- r,
0,prot-1951--ak--16,cdca04e0bc6ce855,r- n,
1,prot-1951--ak--16,cdca04e0bc6ce855,r- h,
2,prot-1951--ak--16,cdca04e0bc6ce855,m- s,
3,prot-1951--ak--16,cdca04e0bc6ce855,å- t,
4,prot-1951--ak--16,cdca04e0bc6ce855,r- o,
5,prot-1951--ak--16,cdca04e0bc6ce855,g- t,
6,prot-1951--ak--16,cdca04e0bc6ce855,n- v,
7,prot-1951--ak--16,cdca04e0bc6ce855,i- l,
8,prot-1951--ak--16,cdca04e0bc6ce855,e- s,
9,prot-1951--ak--16,cdca04e0bc6ce855,n- s,
10,prot-1951--ak--16,cdca04e0bc6ce855,d- n,
11,prot-1951--ak--16,cdca04e0bc6ce855,t- n,
12,prot-1951--ak--16,cdca04e0bc6ce855,g- g,
13,prot-1951--ak--16,cdca04e0bc6ce855,d- h,
14,prot-1951--ak--16,cdca04e0bc6ce855,g- a,
15,prot-1951--ak--16,cdca04e0bc6ce855,k- f,
16,prot-1951--ak--16,cdca04e0bc6ce855,t- n,
17,prot-1951--ak--16,cdca04e0bc6ce855,n- t,
18,prot-1951--ak--16,cdca04e0bc6ce855,r- o,
19,prot-1951--ak--16,cdca04e0bc6ce855,n- o,
20,prot-1951--ak--16,cdca04e0bc6ce855,o- t,
21,prot-1951--ak--16,cdca04e0bc6ce855,a- r,
22,prot-1951--ak--16,cdca04e0bc6ce855,a- r,
23,prot-1951--ak--16,cdca04e0bc6ce855,e- s,
24,prot-1951--ak--16,cdca04e0bc6ce855,d- n,
25,prot-1951--ak--16,cdca04e0bc6ce855,r- e,
26,prot-1951--ak--16,cdca04e0bc6ce855,d- k,
27,prot-1951--ak--16,cdca04e0bc6ce855,r- o,
28,prot-1951--ak--16,cdca04e0bc6ce855,o- p,
29,prot-1951--ak--16,cdca04e0bc6ce855,d- n,
30,prot-1951--ak--16,cdca04e0bc6ce855,r- n,
31,prot-1951--ak--16,cdca04e0bc6ce855,a- g,
32,prot-1951--ak--16,cdca04e0bc6ce855,l- j,
0,prot-1951--ak--16,cdca04e0bc6ce855,n- t,
1,prot-1951--ak--16,cdca04e0bc6ce855,d- n,
2,prot-1951--ak--16,cdca04e0bc6ce855,a- r,
3,prot-1951--ak--16,cdca04e0bc6ce855,a- g,
4,prot-1951--ak--16,cdca04e0bc6ce855,n- d,
5,prot-1951--ak--16,cdca04e0bc6ce855,o- t,
6,prot-1951--ak--16,cdca04e0bc6ce855,n- d,
7,prot-1951--ak--16,cdca04e0bc6ce855,s- h,
8,prot-1951--ak--16,cdca04e0bc6ce855,n- t,
9,prot-1951--ak--16,cdca04e0bc6ce855,e- s,
10,prot-1951--ak--16,cdca04e0bc6ce855,m- s,
11,prot-1951--ak--16,cdca04e0bc6ce855,e- m,
12,prot-1951--ak--16,cdca04e0bc6ce855,m- h,
13,prot-1951--ak--16,cdca04e0bc6ce855,t- t,
14,prot-1951--ak--16,cdca04e0bc6ce855,s- k,
15,prot-1951--ak--16,cdca04e0bc6ce855,n- n,
16,prot-1951--ak--16,cdca04e0bc6ce855,s- h,
17,prot-1951--ak--16,cdca04e0bc6ce855,n- t,
18,prot-1951--ak--16,cdca04e0bc6ce855,n- t,
19,prot-1951--ak--16,cdca04e0bc6ce855,å- g,
20,prot-1951--ak--16,cdca04e0bc6ce855,d- g,
21,prot-1951--ak--16,cdca04e0bc6ce855,å- d,
22,prot-1951--ak--16,cdca04e0bc6ce855,i- t,
23,prot-1951--ak--16,cdca04e0bc6ce855,p- p,
24,prot-1951--ak--16,cdca04e0bc6ce855,p- l,
25,prot-1951--ak--16,cdca04e0bc6ce855,s- t,
26,prot-1951--ak--16,cdca04e0bc6ce855,c- k,
27,prot-1951--ak--16,cdca04e0bc6ce855,e- s,
28,prot-1951--ak--16,cdca04e0bc6ce855,l- l,
29,prot-1951--ak--16,cdca04e0bc6ce855,r- k,
30,prot-1951--ak--16,cdca04e0bc6ce855,l- l,
31,prot-1951--ak--16,cdca04e0bc6ce855,n- p,
0,prot-1951--ak--16,7b16a01c980ae2ac,",
å",
1,prot-1951--ak--16,cdca04e0bc6ce855,r- s,
2,prot-1951--ak--16,cdca04e0bc6ce855,ä- r,
3,prot-1951--ak--16,cdca04e0bc6ce855,n- s,
4,prot-1951--ak--16,cdca04e0bc6ce855,u- v,
5,prot-1951--ak--16,cdca04e0bc6ce855,s- s,
6,prot-1951--ak--16,cdca04e0bc6ce855,l- l,
7,prot-1951--ak--16,cdca04e0bc6ce855,u- k,
8,prot-1951--ak--16,cdca04e0bc6ce855,n- n,
9,prot-1951--ak--16,cdca04e0bc6ce855,l- l,
10,prot-1951--ak--16,cdca04e0bc6ce855,r- b,
11,prot-1951--ak--16,cdca04e0bc6ce855,a- n,
12,prot-1951--ak--16,cdca04e0bc6ce855,e- s,
13,prot-1951--ak--16,cdca04e0bc6ce855,n- d,
14,prot-1951--ak--16,cdca04e0bc6ce855,t- n,
15,prot-1951--ak--16,cdca04e0bc6ce855,n- d,
16,prot-1951--ak--16,cdca04e0bc6ce855,n- n,
17,prot-1951--ak--16,cdca04e0bc6ce855,n- d,
18,prot-1951--ak--16,cdca04e0bc6ce855,t- s,
19,prot-1951--ak--16,cdca04e0bc6ce855,r- v,
20,prot-1951--ak--16,cdca04e0bc6ce855,k- d,
21,prot-1951--ak--16,cdca04e0bc6ce855,t- t,
22,prot-1951--ak--16,cdca04e0bc6ce855,k- d,
23,prot-1951--ak--16,cdca04e0bc6ce855,s- s,
24,prot-1951--ak--16,cdca04e0bc6ce855,r- s,
25,prot-1951--ak--16,cdca04e0bc6ce855,d- k,
26,prot-1951--ak--16,cdca04e0bc6ce855,n- s,
27,prot-1951--ak--16,cdca04e0bc6ce855,i- s,
28,prot-1951--ak--16,cdca04e0bc6ce855,p- n,
0,prot-1951--ak--16,7b16a01c980ae2ac,"a
v",
1,prot-1951--ak--16,cdca04e0bc6ce855,r- n,
2,prot-1951--ak--16,cdca04e0bc6ce855,n- n,
3,prot-1951--ak--16,cdca04e0bc6ce855,l- l,
4,prot-1951--ak--16,cdca04e0bc6ce855,n- s,
5,prot-1951--ak--16,cdca04e0bc6ce855,l- m,
6,prot-1951--ak--16,cdca04e0bc6ce855,u- v,
7,prot-1951--ak--16,cdca04e0bc6ce855,l- n,
8,prot-1951--ak--16,cdca04e0bc6ce855,i- f,
9,prot-1951--ak--16,cdca04e0bc6ce855,r- d,
10,prot-1951--ak--16,cdca04e0bc6ce855,n- d,
11,prot-1951--ak--16,cdca04e0bc6ce855,t- s,
12,prot-1951--ak--16,cdca04e0bc6ce855,e- v,
13,prot-1951--ak--16,cdca04e0bc6ce855,t- i,
14,prot-1951--ak--16,cdca04e0bc6ce855,n- n,
15,prot-1951--ak--16,cdca04e0bc6ce855,d- n,
16,prot-1951--ak--16,cdca04e0bc6ce855,l- n,
17,prot-1951--ak--16,cdca04e0bc6ce855,r- b,
18,prot-1951--ak--16,cdca04e0bc6ce855,e- g,
19,prot-1951--ak--16,cdca04e0bc6ce855,d- d,
20,prot-1951--ak--16,cdca04e0bc6ce855,g- e,
21,prot-1951--ak--16,cdca04e0bc6ce855,a- k,
22,prot-1951--ak--16,cdca04e0bc6ce855,o- n,
23,prot-1951--ak--16,cdca04e0bc6ce855,t- t,
24,prot-1951--ak--16,cdca04e0bc6ce855,t- t,
25,prot-1951--ak--16,cdca04e0bc6ce855,ä- d,
26,prot-1951--ak--16,cdca04e0bc6ce855,d- p,
27,prot-1951--ak--16,cdca04e0bc6ce855,m- m,
28,prot-1951--ak--16,cdca04e0bc6ce855,r- b,
29,prot-1951--ak--16,cdca04e0bc6ce855,m- r,
30,prot-1951--ak--16,cdca04e0bc6ce855,r- s,
31,prot-1951--ak--16,cdca04e0bc6ce855,d- l,
32,prot-1951--ak--16,cdca04e0bc6ce855,d- l,
33,prot-1951--ak--16,cdca04e0bc6ce855,t- s,
34,prot-1951--ak--16,cdca04e0bc6ce855,s- h,
35,prot-1951--ak--16,cdca04e0bc6ce855,i- s,
36,prot-1951--ak--16,cdca04e0bc6ce855,e- d,
0,prot-1951--ak--16,7b16a01c980ae2ac,"s
t",
1,prot-1951--ak--16,cdca04e0bc6ce855,o- s,
2,prot-1951--ak--16,cdca04e0bc6ce855,t- l,
3,prot-1951--ak--16,cdca04e0bc6ce855,l- m,
4,prot-1951--ak--16,cdca04e0bc6ce855,o- n,
5,prot-1951--ak--16,cdca04e0bc6ce855,a- p,
6,prot-1951--ak--16,cdca04e0bc6ce855,t- t,
7,prot-1951--ak--16,cdca04e0bc6ce855,o- n,
8,prot-1951--ak--16,cdca04e0bc6ce855,o- s,
9,prot-1951--ak--16,cdca04e0bc6ce855,s- n,
10,prot-1951--ak--16,cdca04e0bc6ce855,i- f,
11,prot-1951--ak--16,cdca04e0bc6ce855,å- t,
12,prot-1951--ak--16,cdca04e0bc6ce855,s- t,
13,prot-1951--ak--16,cdca04e0bc6ce855,k- n,
14,prot-1951--ak--16,cdca04e0bc6ce855,o- k,
15,prot-1951--ak--16,cdca04e0bc6ce855,l- j,
16,prot-1951--ak--16,cdca04e0bc6ce855,s- t,
17,prot-1951--ak--16,cdca04e0bc6ce855,m- m,
18,prot-1951--ak--16,cdca04e0bc6ce855,m- n,
19,prot-1951--ak--16,cdca04e0bc6ce855,l- s,
20,prot-1951--ak--16,cdca04e0bc6ce855,o- n,
21,prot-1951--ak--16,cdca04e0bc6ce855,e- v,
0,prot-1951--ak--16,cdca04e0bc6ce855,s- d,
1,prot-1951--ak--16,cdca04e0bc6ce855,e- v,
2,prot-1951--ak--16,cdca04e0bc6ce855,r- v,
3,prot-1951--ak--16,cdca04e0bc6ce855,l- m,
4,prot-1951--ak--16,cdca04e0bc6ce855,e- s,
5,prot-1951--ak--16,cdca04e0bc6ce855,r- v,
6,prot-1951--ak--16,cdca04e0bc6ce855,g- n,
7,prot-1951--ak--16,cdca04e0bc6ce855,o- s,
8,prot-1951--ak--16,cdca04e0bc6ce855,e- t,
9,prot-1951--ak--16,cdca04e0bc6ce855,n- b,
10,prot-1951--ak--16,cdca04e0bc6ce855,o- s,
11,prot-1951--ak--16,cdca04e0bc6ce855,l- r,
12,prot-1951--ak--16,cdca04e0bc6ce855,e- r,
13,prot-1951--ak--16,cdca04e0bc6ce855,e- o,
14,prot-1951--ak--16,cdca04e0bc6ce855,t- g,
15,prot-1951--ak--16,cdca04e0bc6ce855,e- r,
16,prot-1951--ak--16,cdca04e0bc6ce855,n- n,
17,prot-1951--ak--16,cdca04e0bc6ce855,m- g,
18,prot-1951--ak--16,cdca04e0bc6ce855,e- r,
19,prot-1951--ak--16,cdca04e0bc6ce855,g- n,
20,prot-1951--ak--16,cdca04e0bc6ce855,e- t,
21,prot-1951--ak--16,cdca04e0bc6ce855,e- l,
22,prot-1951--ak--16,cdca04e0bc6ce855,n- s,
23,prot-1951--ak--16,cdca04e0bc6ce855,k- n,
24,prot-1951--ak--16,cdca04e0bc6ce855,g- n,
25,prot-1951--ak--16,cdca04e0bc6ce855,m- n,
26,prot-1951--ak--16,cdca04e0bc6ce855,t- t,
27,prot-1951--ak--16,cdca04e0bc6ce855,e- d,
28,prot-1951--ak--16,cdca04e0bc6ce855,t- v,
29,prot-1951--ak--16,cdca04e0bc6ce855,e- r,
30,prot-1951--ak--16,cdca04e0bc6ce855,n- s,
31,prot-1951--ak--16,cdca04e0bc6ce855,p- n,
32,prot-1951--ak--16,cdca04e0bc6ce855,e- t,
33,prot-1951--ak--16,cdca04e0bc6ce855,e- r,
34,prot-1951--ak--16,cdca04e0bc6ce855,s- v,
35,prot-1951--ak--16,cdca04e0bc6ce855,g- u,
36,prot-1951--ak--16,cdca04e0bc6ce855,t- l,
37,prot-1951--ak--16,cdca04e0bc6ce855,e- r,
38,prot-1951--ak--16,cdca04e0bc6ce855,n- t,
39,prot-1951--ak--16,cdca04e0bc6ce855,b- b,
40,prot-1951--ak--16,cdca04e0bc6ce855,v- n,
0,prot-1951--ak--16,cdca04e0bc6ce855,p- h,
1,prot-1951--ak--16,cdca04e0bc6ce855,n- g,
2,prot-1951--ak--16,cdca04e0bc6ce855,n- h,
3,prot-1951--ak--16,cdca04e0bc6ce855,d- v,
4,prot-1951--ak--16,cdca04e0bc6ce855,e- h,
5,prot-1951--ak--16,cdca04e0bc6ce855,k- n,
6,prot-1951--ak--16,cdca04e0bc6ce855,f- f,
7,prot-1951--ak--16,cdca04e0bc6ce855,r- n,
8,prot-1951--ak--16,cdca04e0bc6ce855,r- h,
9,prot-1951--ak--16,cdca04e0bc6ce855,k- t,
10,prot-1951--ak--16,cdca04e0bc6ce855,r- l,
11,prot-1951--ak--16,cdca04e0bc6ce855,m- m,
12,prot-1951--ak--16,cdca04e0bc6ce855,n- o,
13,prot-1951--ak--16,cdca04e0bc6ce855,n- s,
14,prot-1951--ak--16,cdca04e0bc6ce855,l- g,
15,prot-1951--ak--16,cdca04e0bc6ce855,i- d,
16,prot-1951--ak--16,cdca04e0bc6ce855,ä- g,
17,prot-1951--ak--16,cdca04e0bc6ce855,s- m,
18,prot-1951--ak--16,cdca04e0bc6ce855,n- t,
19,prot-1951--ak--16,cdca04e0bc6ce855,t- l,
20,prot-1951--ak--16,cdca04e0bc6ce855,o- t,
21,prot-1951--ak--16,cdca04e0bc6ce855,t- n,
22,prot-1951--ak--16,cdca04e0bc6ce855,s- b,
23,prot-1951--ak--16,cdca04e0bc6ce855,r- g,
24,prot-1951--ak--16,cdca04e0bc6ce855,o- n,
25,prot-1951--ak--16,cdca04e0bc6ce855,o- n,
26,prot-1951--ak--16,cdca04e0bc6ce855,s- v,
0,prot-1951--ak--16,7b16a01c980ae2ac,"t
s",
1,prot-1951--ak--16,cdca04e0bc6ce855,t- s,
2,prot-1951--ak--16,cdca04e0bc6ce855,y- r,
3,prot-1951--ak--16,cdca04e0bc6ce855,g- n,
4,prot-1951--ak--16,cdca04e0bc6ce855,r- s,
5,prot-1951--ak--16,cdca04e0bc6ce855,n- d,
6,prot-1951--ak--16,cdca04e0bc6ce855,c- k,
7,prot-1951--ak--16,cdca04e0bc6ce855,l- s,
8,prot-1951--ak--16,cdca04e0bc6ce855,a- d,
9,prot-1951--ak--16,cdca04e0bc6ce855,e- d,
10,prot-1951--ak--16,cdca04e0bc6ce855,o- n,
11,prot-1951--ak--16,cdca04e0bc6ce855,g- e,
12,prot-1951--ak--16,cdca04e0bc6ce855,r- l,
13,prot-1951--ak--16,cdca04e0bc6ce855,a- k,
14,prot-1951--ak--16,cdca04e0bc6ce855,i- t,
15,prot-1951--ak--16,cdca04e0bc6ce855,r- v,
16,prot-1951--ak--16,cdca04e0bc6ce855,r- n,
17,prot-1951--ak--16,cdca04e0bc6ce855,i- f,
18,prot-1951--ak--16,cdca04e0bc6ce855,å- g,
19,prot-1951--ak--16,cdca04e0bc6ce855,l- m,
20,prot-1951--ak--16,cdca04e0bc6ce855,g- n,
21,prot-1951--ak--16,cdca04e0bc6ce855,t- t,
22,prot-1951--ak--16,cdca04e0bc6ce855,n- t,
23,prot-1951--ak--16,cdca04e0bc6ce855,l- f,
24,prot-1951--ak--16,cdca04e0bc6ce855,t- l,
25,prot-1951--ak--16,cdca04e0bc6ce855,v- l,
26,prot-1951--ak--16,cdca04e0bc6ce855,k- l,
27,prot-1951--ak--16,cdca04e0bc6ce855,i- t,
28,prot-1951--ak--16,cdca04e0bc6ce855,ä- s,
29,prot-1951--ak--16,cdca04e0bc6ce855,a- s,
30,prot-1951--ak--16,cdca04e0bc6ce855,a- m,
31,prot-1951--ak--16,cdca04e0bc6ce855,o- t,
32,prot-1951--ak--16,cdca04e0bc6ce855,t- t,
33,prot-1951--ak--16,cdca04e0bc6ce855,s- n,
34,prot-1951--ak--16,cdca04e0bc6ce855,l- s,
35,prot-1951--ak--16,cdca04e0bc6ce855,r- s,
36,prot-1951--ak--16,cdca04e0bc6ce855,r- n,
37,prot-1951--ak--16,cdca04e0bc6ce855,l- s,
38,prot-1951--ak--16,cdca04e0bc6ce855,o- n,
39,prot-1951--ak--16,cdca04e0bc6ce855,e- s,
40,prot-1951--ak--16,cdca04e0bc6ce855,a- g,
41,prot-1951--ak--16,cdca04e0bc6ce855,a- m,
0,prot-1951--ak--16,cdca04e0bc6ce855,s- a,
1,prot-1951--ak--16,cdca04e0bc6ce855,g- h,
2,prot-1951--ak--16,cdca04e0bc6ce855,p- s,
3,prot-1951--ak--16,cdca04e0bc6ce855,l- b,
4,prot-1951--ak--16,cdca04e0bc6ce855,r- v,
5,prot-1951--ak--16,cdca04e0bc6ce855,n- f,
6,prot-1951--ak--16,cdca04e0bc6ce855,e- r,
7,prot-1951--ak--16,cdca04e0bc6ce855,r- k,
8,prot-1951--ak--16,cdca04e0bc6ce855,g- n,
9,prot-1951--ak--16,cdca04e0bc6ce855,s- s,
10,prot-1951--ak--16,cdca04e0bc6ce855,d- l,
11,prot-1951--ak--16,cdca04e0bc6ce855,ö- r,
12,prot-1951--ak--16,cdca04e0bc6ce855,g- n,
13,prot-1951--ak--16,cdca04e0bc6ce855,n- t,
14,prot-1951--ak--16,cdca04e0bc6ce855,g- d,
15,prot-1951--ak--16,cdca04e0bc6ce855,i- f,
16,prot-1951--ak--16,cdca04e0bc6ce855,o- s,
17,prot-1951--ak--16,cdca04e0bc6ce855,m- s,
18,prot-1951--ak--16,cdca04e0bc6ce855,å- t,
19,prot-1951--ak--16,cdca04e0bc6ce855,o- t,
20,prot-1951--ak--16,cdca04e0bc6ce855,a- g,
21,prot-1951--ak--16,cdca04e0bc6ce855,r- n,
22,prot-1951--ak--16,cdca04e0bc6ce855,t- s,
23,prot-1951--ak--16,cdca04e0bc6ce855,a- g,
24,prot-1951--ak--16,cdca04e0bc6ce855,n- f,
25,prot-1951--ak--16,cdca04e0bc6ce855,k- s,
26,prot-1951--ak--16,cdca04e0bc6ce855,i- v,
27,prot-1951--ak--16,cdca04e0bc6ce855,m- m,
28,prot-1951--ak--16,cdca04e0bc6ce855,o- t,
0,prot-1951--ak--16,cdca04e0bc6ce855,t- t,
1,prot-1951--ak--16,cdca04e0bc6ce855,t- t,
2,prot-1951--ak--16,cdca04e0bc6ce855,e- f,
3,prot-1951--ak--16,cdca04e0bc6ce855,a- d,
4,prot-1951--ak--16,cdca04e0bc6ce855,t- t,
5,prot-1951--ak--16,cdca04e0bc6ce855,o- t,
6,prot-1951--ak--16,cdca04e0bc6ce855,l- l,
7,prot-1951--ak--16,cdca04e0bc6ce855,e- n,
8,prot-1951--ak--16,cdca04e0bc6ce855,i- t,
9,prot-1951--ak--16,cdca04e0bc6ce855,e- n,
10,prot-1951--ak--16,cdca04e0bc6ce855,y- k,
11,prot-1951--ak--16,cdca04e0bc6ce855,e- f,
12,prot-1951--ak--16,cdca04e0bc6ce855,r- h,
13,prot-1951--ak--16,cdca04e0bc6ce855,t- s,
14,prot-1951--ak--16,cdca04e0bc6ce855,i- f,
15,prot-1951--ak--16,cdca04e0bc6ce855,a- g,
16,prot-1951--ak--16,cdca04e0bc6ce855,n- k,
17,prot-1951--ak--16,cdca04e0bc6ce855,å- n,
18,prot-1951--ak--16,cdca04e0bc6ce855,e- v,
19,prot-1951--ak--16,cdca04e0bc6ce855,r- k,
20,prot-1951--ak--16,cdca04e0bc6ce855,m- s,
21,prot-1951--ak--16,cdca04e0bc6ce855,t- t,
22,prot-1951--ak--16,cdca04e0bc6ce855,e- r,
23,prot-1951--ak--16,cdca04e0bc6ce855,e- d,
24,prot-1951--ak--16,cdca04e0bc6ce855,o- n,
25,prot-1951--ak--16,cdca04e0bc6ce855,o- n,
26,prot-1951--ak--16,cdca04e0bc6ce855,e- b,
27,prot-1951--ak--16,cdca04e0bc6ce855,g- d,
28,prot-1951--ak--16,cdca04e0bc6ce855,g- h,
29,prot-1951--ak--16,cdca04e0bc6ce855,c- k,
30,prot-1951--ak--16,cdca04e0bc6ce855,e- m,
0,prot-1951--ak--16,7b16a01c980ae2ac,"e
t",
1,prot-1951--ak--16,cdca04e0bc6ce855,e- n,
2,prot-1951--ak--16,cdca04e0bc6ce855,t- t,
3,prot-1951--ak--16,cdca04e0bc6ce855,t- ö,
4,prot-1951--ak--16,cdca04e0bc6ce855,e- v,
5,prot-1951--ak--16,cdca04e0bc6ce855,e- v,
6,prot-1951--ak--16,cdca04e0bc6ce855,d- l,
7,prot-1951--ak--16,cdca04e0bc6ce855,t- s,
8,prot-1951--ak--16,cdca04e0bc6ce855,t- l,
9,prot-1951--ak--16,cdca04e0bc6ce855,n- n,
10,prot-1951--ak--16,cdca04e0bc6ce855,l- v,
11,prot-1951--ak--16,cdca04e0bc6ce855,s- t,
12,prot-1951--ak--16,cdca04e0bc6ce855,a- g,
13,prot-1951--ak--16,cdca04e0bc6ce855,k- n,
14,prot-1951--ak--16,cdca04e0bc6ce855,s- k,
15,prot-1951--ak--16,cdca04e0bc6ce855,t- e,
16,prot-1951--ak--16,cdca04e0bc6ce855,n- n,
17,prot-1951--ak--16,cdca04e0bc6ce855,k- n,
18,prot-1951--ak--16,cdca04e0bc6ce855,s- k,
19,prot-1951--ak--16,cdca04e0bc6ce855,s- d,
20,prot-1951--ak--16,cdca04e0bc6ce855,n- h,
21,prot-1951--ak--16,cdca04e0bc6ce855,t- t,
22,prot-1951--ak--16,cdca04e0bc6ce855,p- p,
23,prot-1951--ak--16,cdca04e0bc6ce855,v- n,
24,prot-1951--ak--16,cdca04e0bc6ce855,v- n,
25,prot-1951--ak--16,cdca04e0bc6ce855,i- t,
26,prot-1951--ak--16,cdca04e0bc6ce855,n- n,
27,prot-1951--ak--16,cdca04e0bc6ce855,i- f,
28,prot-1951--ak--16,cdca04e0bc6ce855,å- t,
29,prot-1951--ak--16,cdca04e0bc6ce855,o- t,
30,prot-1951--ak--16,cdca04e0bc6ce855,d- l,
31,prot-1951--ak--16,cdca04e0bc6ce855,r- s,
0,prot-1951--ak--16,7b16a01c980ae2ac,"å
f",
1,prot-1951--ak--16,cdca04e0bc6ce855,å- k,
2,prot-1951--ak--16,cdca04e0bc6ce855,r- v,
3,prot-1951--ak--16,cdca04e0bc6ce855,y- v,
4,prot-1951--ak--16,cdca04e0bc6ce855,å- t,
5,prot-1951--ak--16,cdca04e0bc6ce855,ä- n,
6,prot-1951--ak--16,cdca04e0bc6ce855,n- s,
7,prot-1951--ak--16,cdca04e0bc6ce855,t- t,
8,prot-1951--ak--16,cdca04e0bc6ce855,l- m,
9,prot-1951--ak--16,cdca04e0bc6ce855,e- k,
10,prot-1951--ak--16,cdca04e0bc6ce855,g- d,
11,prot-1951--ak--16,cdca04e0bc6ce855,n- n,
12,prot-1951--ak--16,cdca04e0bc6ce855,t- f,
13,prot-1951--ak--16,cdca04e0bc6ce855,c- k,
14,prot-1951--ak--16,cdca04e0bc6ce855,n- n,
15,prot-1951--ak--16,cdca04e0bc6ce855,r- h,
16,prot-1951--ak--16,cdca04e0bc6ce855,j- l,
17,prot-1951--ak--16,cdca04e0bc6ce855,n- d,
18,prot-1951--ak--16,cdca04e0bc6ce855,i- f,
19,prot-1951--ak--16,cdca04e0bc6ce855,e- k,
0,prot-1951--ak--16,cdca04e0bc6ce855,e- r,
1,prot-1951--ak--16,cdca04e0bc6ce855,n- s,
2,prot-1951--ak--16,cdca04e0bc6ce855,t- s,
3,prot-1951--ak--16,cdca04e0bc6ce855,s- v,
4,prot-1951--ak--16,cdca04e0bc6ce855,e- t,
5,prot-1951--ak--16,cdca04e0bc6ce855,o- s,
6,prot-1951--ak--16,cdca04e0bc6ce855,å- t,
7,prot-1951--ak--16,cdca04e0bc6ce855,o- t,
8,prot-1951--ak--16,cdca04e0bc6ce855,d- l,
9,prot-1951--ak--16,cdca04e0bc6ce855,n- d,
10,prot-1951--ak--16,cdca04e0bc6ce855,i- v,
11,prot-1951--ak--16,cdca04e0bc6ce855,t- g,
12,prot-1951--ak--16,cdca04e0bc6ce855,e- f,
13,prot-1951--ak--16,cdca04e0bc6ce855,n- d,
14,prot-1951--ak--16,cdca04e0bc6ce855,t- t,
15,prot-1951--ak--16,cdca04e0bc6ce855,r- a,
16,prot-1951--ak--16,cdca04e0bc6ce855,o- h,
17,prot-1951--ak--16,cdca04e0bc6ce855,a- g,
18,prot-1951--ak--16,cdca04e0bc6ce855,s- d,
19,prot-1951--ak--16,cdca04e0bc6ce855,t- n,
20,prot-1951--ak--16,cdca04e0bc6ce855,l- g,
21,prot-1951--ak--16,cdca04e0bc6ce855,k- n,
22,prot-1951--ak--16,cdca04e0bc6ce855,a- g,
23,prot-1951--ak--16,cdca04e0bc6ce855,e- v,
24,prot-1951--ak--16,cdca04e0bc6ce855,o- n,
25,prot-1951--ak--16,cdca04e0bc6ce855,o- s,
26,prot-1951--ak--16,cdca04e0bc6ce855,r- l,
27,prot-1951--ak--16,cdca04e0bc6ce855,t- t,
0,prot-1951--ak--16,7b16a01c980ae2ac,"r
f",
1,prot-1951--ak--16,7b16a01c980ae2ac,"l
u",
2,prot-1951--ak--16,cdca04e0bc6ce855,m- b,
3,prot-1951--ak--16,cdca04e0bc6ce855,d- n,
4,prot-1951--ak--16,cdca04e0bc6ce855,o- m,
5,prot-1951--ak--16,cdca04e0bc6ce855,t- t,
6,prot-1951--ak--16,cdca04e0bc6ce855,i- g,
7,prot-1951--ak--16,cdca04e0bc6ce855,k- t,
8,prot-1951--ak--16,cdca04e0bc6ce855,s- b,
9,prot-1951--ak--16,cdca04e0bc6ce855,u- d,
10,prot-1951--ak--16,cdca04e0bc6ce855,e- s,
11,prot-1951--ak--16,cdca04e0bc6ce855,å- d,
12,prot-1951--ak--16,cdca04e0bc6ce855,t- t,
13,prot-1951--ak--16,cdca04e0bc6ce855,r- k,
14,prot-1951--ak--16,cdca04e0bc6ce855,t- v,
15,prot-1951--ak--16,cdca04e0bc6ce855,l- n,
16,prot-1951--ak--16,cdca04e0bc6ce855,o- l,
17,prot-1951--ak--16,cdca04e0bc6ce855,s- k,
18,prot-1951--ak--16,cdca04e0bc6ce855,v- f,
19,prot-1951--ak--16,cdca04e0bc6ce855,g- v,
20,prot-1951--ak--16,cdca04e0bc6ce855,l- l,
21,prot-1951--ak--16,cdca04e0bc6ce855,r- i,
22,prot-1951--ak--16,cdca04e0bc6ce855,a- r,
23,prot-1951--ak--16,cdca04e0bc6ce855,ä- g,
24,prot-1951--ak--16,cdca04e0bc6ce855,r- b,
25,prot-1951--ak--16,cdca04e0bc6ce855,d- n,
26,prot-1951--ak--16,cdca04e0bc6ce855,k- s,
0,prot-1951--ak--16,cdca04e0bc6ce855,t- a,
1,prot-1951--ak--16,cdca04e0bc6ce855,t- l,
2,prot-1951--ak--16,cdca04e0bc6ce855,t- v,
3,prot-1951--ak--16,cdca04e0bc6ce855,d- l,
4,prot-1951--ak--16,cdca04e0bc6ce855,o- p,
5,prot-1951--ak--16,cdca04e0bc6ce855,f- f,
6,prot-1951--ak--16,cdca04e0bc6ce855,r- n,
7,prot-1951--ak--16,cdca04e0bc6ce855,e- v,
8,prot-1951--ak--16,cdca04e0bc6ce855,n- d,
9,prot-1951--ak--16,cdca04e0bc6ce855,e- s,
10,prot-1951--ak--16,cdca04e0bc6ce855,m- g,
11,prot-1951--ak--16,cdca04e0bc6ce855,a- t,
12,prot-1951--ak--16,cdca04e0bc6ce855,m- m,
13,prot-1951--ak--16,cdca04e0bc6ce855,e- t,
14,prot-1951--ak--16,cdca04e0bc6ce855,k- t,
15,prot-1951--ak--16,cdca04e0bc6ce855,s- k,
16,prot-1951--ak--16,cdca04e0bc6ce855,e- s,
17,prot-1951--ak--16,cdca04e0bc6ce855,e- n,
18,prot-1951--ak--16,cdca04e0bc6ce855,e- v,
19,prot-1951--ak--16,cdca04e0bc6ce855,i- f,
20,prot-1951--ak--16,cdca04e0bc6ce855,o- g,
21,prot-1951--ak--16,cdca04e0bc6ce855,l- m,
22,prot-1951--ak--16,cdca04e0bc6ce855,e- r,
23,prot-1951--ak--16,cdca04e0bc6ce855,r- s,
24,prot-1951--ak--16,cdca04e0bc6ce855,p- l,
25,prot-1951--ak--16,cdca04e0bc6ce855,t- t,
0,prot-1951--ak--16,7b16a01c980ae2ac,"h
n",
1,prot-1951--ak--16,7b16a01c980ae2ac,"t
a",
2,prot-1951--ak--16,7b16a01c980ae2ac,"n
f",
3,prot-1951--ak--16,7b16a01c980ae2ac,"t
f",
4,prot-1951--ak--16,7b16a01c980ae2ac,"h
a",
5,prot-1951--ak--16,cdca04e0bc6ce855,o- n,
6,prot-1951--ak--16,cdca04e0bc6ce855,o- s,
7,prot-1951--ak--16,cdca04e0bc6ce855,ö- t,
8,prot-1951--ak--16,cdca04e0bc6ce855,l- l,
9,prot-1951--ak--16,cdca04e0bc6ce855,e- d,
10,prot-1951--ak--16,cdca04e0bc6ce855,r- j,
11,prot-1951--ak--16,cdca04e0bc6ce855,r- k,
12,prot-1951--ak--16,cdca04e0bc6ce855,f- t,
13,prot-1951--ak--16,cdca04e0bc6ce855,i- p,
14,prot-1951--ak--16,cdca04e0bc6ce855,m- r,
15,prot-1951--ak--16,cdca04e0bc6ce855,k- t,
16,prot-1951--ak--16,cdca04e0bc6ce855,d- n,
17,prot-1951--ak--16,cdca04e0bc6ce855,u- n,
18,prot-1951--ak--16,cdca04e0bc6ce855,s- s,
19,prot-1951--ak--16,cdca04e0bc6ce855,f- t,
20,prot-1951--ak--16,cdca04e0bc6ce855,m- h,
21,prot-1951--ak--16,cdca04e0bc6ce855,n- v,
22,prot-1951--ak--16,cdca04e0bc6ce855,r- m,
23,prot-1951--ak--16,cdca04e0bc6ce855,t- r,
24,prot-1951--ak--16,cdca04e0bc6ce855,g- e,
0,prot-1951--ak--16,7b16a01c980ae2ac,"t
n",
1,prot-1951--ak--16,cdca04e0bc6ce855,i- t,
2,prot-1951--ak--16,cdca04e0bc6ce855,n- d,
3,prot-1951--ak--16,cdca04e0bc6ce855,s- s,
4,prot-1951--ak--16,cdca04e0bc6ce855,s- f,
5,prot-1951--ak--16,cdca04e0bc6ce855,n- l,
6,prot-1951--ak--16,cdca04e0bc6ce855,n- k,
7,prot-1951--ak--16,cdca04e0bc6ce855,r- e,
