,filename,pattern,txt,person
0,prot-1951--ak--10,cdca04e0bc6ce855,n- b,
1,prot-1951--ak--10,cdca04e0bc6ce855,i- f,
2,prot-1951--ak--10,cdca04e0bc6ce855,l- s,
3,prot-1951--ak--10,cdca04e0bc6ce855,a- o,
0,prot-1951--ak--10,cdca04e0bc6ce855,g- o,
1,prot-1951--ak--10,cdca04e0bc6ce855,a- o,
2,prot-1951--ak--10,cdca04e0bc6ce855,e- d,
3,prot-1951--ak--10,cdca04e0bc6ce855,k- o,
4,prot-1951--ak--10,cdca04e0bc6ce855,s- o,
0,prot-1951--ak--10,cdca04e0bc6ce855,t- b,
1,prot-1951--ak--10,cdca04e0bc6ce855,s- k,
2,prot-1951--ak--10,cdca04e0bc6ce855,e- m,
3,prot-1951--ak--10,cdca04e0bc6ce855,u- n,
4,prot-1951--ak--10,cdca04e0bc6ce855,a- t,
5,prot-1951--ak--10,cdca04e0bc6ce855,e- r,
6,prot-1951--ak--10,cdca04e0bc6ce855,k- o,
0,prot-1951--ak--10,7b16a01c980ae2ac,"d
t",
1,prot-1951--ak--10,7b16a01c980ae2ac,"t
n",
2,prot-1951--ak--10,7b16a01c980ae2ac,"t
t",
3,prot-1951--ak--10,7b16a01c980ae2ac,"h
n",
4,prot-1951--ak--10,7b16a01c980ae2ac,"h
n",
5,prot-1951--ak--10,cdca04e0bc6ce855,n- t,
6,prot-1951--ak--10,cdca04e0bc6ce855,t- l,
7,prot-1951--ak--10,cdca04e0bc6ce855,e- g,
8,prot-1951--ak--10,cdca04e0bc6ce855,m- m,
9,prot-1951--ak--10,cdca04e0bc6ce855,n- d,
10,prot-1951--ak--10,cdca04e0bc6ce855,d- p,
11,prot-1951--ak--10,cdca04e0bc6ce855,k- l,
12,prot-1951--ak--10,cdca04e0bc6ce855,e- t,
13,prot-1951--ak--10,cdca04e0bc6ce855,t- n,
14,prot-1951--ak--10,cdca04e0bc6ce855,e- d,
15,prot-1951--ak--10,cdca04e0bc6ce855,s- t,
16,prot-1951--ak--10,cdca04e0bc6ce855,s- c,
17,prot-1951--ak--10,cdca04e0bc6ce855,e- n,
18,prot-1951--ak--10,cdca04e0bc6ce855,e- f,
19,prot-1951--ak--10,cdca04e0bc6ce855,a- r,
20,prot-1951--ak--10,cdca04e0bc6ce855,n- n,
21,prot-1951--ak--10,cdca04e0bc6ce855,n- d,
22,prot-1951--ak--10,cdca04e0bc6ce855,f- f,
23,prot-1951--ak--10,cdca04e0bc6ce855,n- f,
24,prot-1951--ak--10,cdca04e0bc6ce855,l- s,
25,prot-1951--ak--10,cdca04e0bc6ce855,s- l,
26,prot-1951--ak--10,cdca04e0bc6ce855,r- b,
27,prot-1951--ak--10,cdca04e0bc6ce855,l- m,
28,prot-1951--ak--10,cdca04e0bc6ce855,r- s,
29,prot-1951--ak--10,cdca04e0bc6ce855,o- s,
30,prot-1951--ak--10,cdca04e0bc6ce855,n- g,
31,prot-1951--ak--10,cdca04e0bc6ce855,t- t,
32,prot-1951--ak--10,cdca04e0bc6ce855,o- n,
0,prot-1951--ak--10,7b16a01c980ae2ac,"t
t",
1,prot-1951--ak--10,cdca04e0bc6ce855,ä- d,
2,prot-1951--ak--10,cdca04e0bc6ce855,r- t,
3,prot-1951--ak--10,cdca04e0bc6ce855,e- g,
4,prot-1951--ak--10,cdca04e0bc6ce855,n- t,
5,prot-1951--ak--10,cdca04e0bc6ce855,e- f,
6,prot-1951--ak--10,cdca04e0bc6ce855,g- n,
7,prot-1951--ak--10,cdca04e0bc6ce855,n- d,
8,prot-1951--ak--10,cdca04e0bc6ce855,e- r,
9,prot-1951--ak--10,cdca04e0bc6ce855,k- t,
10,prot-1951--ak--10,cdca04e0bc6ce855,v- g,
11,prot-1951--ak--10,cdca04e0bc6ce855,l- m,
12,prot-1951--ak--10,cdca04e0bc6ce855,v- g,
13,prot-1951--ak--10,cdca04e0bc6ce855,e- v,
14,prot-1951--ak--10,cdca04e0bc6ce855,o- c,
15,prot-1951--ak--10,cdca04e0bc6ce855,å- n,
16,prot-1951--ak--10,cdca04e0bc6ce855,r- t,
17,prot-1951--ak--10,cdca04e0bc6ce855,o- c,
18,prot-1951--ak--10,cdca04e0bc6ce855,o- c,
19,prot-1951--ak--10,cdca04e0bc6ce855,r- o,
20,prot-1951--ak--10,cdca04e0bc6ce855,r- b,
21,prot-1951--ak--10,cdca04e0bc6ce855,å- n,
22,prot-1951--ak--10,cdca04e0bc6ce855,y- r,
23,prot-1951--ak--10,cdca04e0bc6ce855,a- d,
24,prot-1951--ak--10,cdca04e0bc6ce855,l- l,
25,prot-1951--ak--10,cdca04e0bc6ce855,n- n,
26,prot-1951--ak--10,cdca04e0bc6ce855,k- n,
27,prot-1951--ak--10,cdca04e0bc6ce855,a- t,
28,prot-1951--ak--10,cdca04e0bc6ce855,m- m,
29,prot-1951--ak--10,cdca04e0bc6ce855,k- s,
30,prot-1951--ak--10,cdca04e0bc6ce855,s- b,
0,prot-1951--ak--10,7b16a01c980ae2ac,"n
f",
1,prot-1951--ak--10,7b16a01c980ae2ac,"e
h",
2,prot-1951--ak--10,7b16a01c980ae2ac,"s
p",
3,prot-1951--ak--10,7b16a01c980ae2ac,"h
n",
4,prot-1951--ak--10,7b16a01c980ae2ac,"t
f",
5,prot-1951--ak--10,7b16a01c980ae2ac,"h
n",
6,prot-1951--ak--10,cdca04e0bc6ce855,l- l,
7,prot-1951--ak--10,cdca04e0bc6ce855,r- t,
8,prot-1951--ak--10,cdca04e0bc6ce855,n- b,
9,prot-1951--ak--10,cdca04e0bc6ce855,u- t,
10,prot-1951--ak--10,cdca04e0bc6ce855,d- n,
11,prot-1951--ak--10,cdca04e0bc6ce855,l- j,
12,prot-1951--ak--10,cdca04e0bc6ce855,m- s,
13,prot-1951--ak--10,cdca04e0bc6ce855,f- t,
14,prot-1951--ak--10,cdca04e0bc6ce855,m- r,
15,prot-1951--ak--10,cdca04e0bc6ce855,s- s,
16,prot-1951--ak--10,cdca04e0bc6ce855,m- m,
17,prot-1951--ak--10,cdca04e0bc6ce855,m- h,
18,prot-1951--ak--10,cdca04e0bc6ce855,a- r,
19,prot-1951--ak--10,cdca04e0bc6ce855,i- t,
20,prot-1951--ak--10,cdca04e0bc6ce855,a- t,
21,prot-1951--ak--10,cdca04e0bc6ce855,d- f,
22,prot-1951--ak--10,cdca04e0bc6ce855,o- p,
23,prot-1951--ak--10,cdca04e0bc6ce855,t- n,
24,prot-1951--ak--10,cdca04e0bc6ce855,t- n,
25,prot-1951--ak--10,cdca04e0bc6ce855,s- t,
26,prot-1951--ak--10,cdca04e0bc6ce855,r- o,
27,prot-1951--ak--10,cdca04e0bc6ce855,s- f,
28,prot-1951--ak--10,cdca04e0bc6ce855,r- s,
29,prot-1951--ak--10,cdca04e0bc6ce855,s- o,
30,prot-1951--ak--10,cdca04e0bc6ce855,e- t,
31,prot-1951--ak--10,cdca04e0bc6ce855,r- e,
32,prot-1951--ak--10,cdca04e0bc6ce855,l- l,
0,prot-1951--ak--10,7b16a01c980ae2ac,"h
n",
1,prot-1951--ak--10,7b16a01c980ae2ac,"h
n",
2,prot-1951--ak--10,cdca04e0bc6ce855,t- n,
3,prot-1951--ak--10,cdca04e0bc6ce855,m- s,
4,prot-1951--ak--10,cdca04e0bc6ce855,f- t,
5,prot-1951--ak--10,cdca04e0bc6ce855,m- r,
6,prot-1951--ak--10,cdca04e0bc6ce855,m- s,
7,prot-1951--ak--10,cdca04e0bc6ce855,r- k,
8,prot-1951--ak--10,cdca04e0bc6ce855,t- t,
9,prot-1951--ak--10,cdca04e0bc6ce855,g- o,
10,prot-1951--ak--10,cdca04e0bc6ce855,o- t,
11,prot-1951--ak--10,cdca04e0bc6ce855,m- s,
12,prot-1951--ak--10,cdca04e0bc6ce855,f- t,
13,prot-1951--ak--10,cdca04e0bc6ce855,m- r,
14,prot-1951--ak--10,cdca04e0bc6ce855,m- s,
15,prot-1951--ak--10,cdca04e0bc6ce855,t- å,
16,prot-1951--ak--10,cdca04e0bc6ce855,s- a,
17,prot-1951--ak--10,cdca04e0bc6ce855,a- o,
18,prot-1951--ak--10,cdca04e0bc6ce855,m- s,
19,prot-1951--ak--10,cdca04e0bc6ce855,m- s,
20,prot-1951--ak--10,cdca04e0bc6ce855,g- h,
21,prot-1951--ak--10,cdca04e0bc6ce855,s- d,
22,prot-1951--ak--10,cdca04e0bc6ce855,m- s,
23,prot-1951--ak--10,cdca04e0bc6ce855,r- s,
24,prot-1951--ak--10,cdca04e0bc6ce855,e- p,
25,prot-1951--ak--10,cdca04e0bc6ce855,m- s,
26,prot-1951--ak--10,cdca04e0bc6ce855,r- l,
27,prot-1951--ak--10,cdca04e0bc6ce855,o- n,
28,prot-1951--ak--10,cdca04e0bc6ce855,r- s,
29,prot-1951--ak--10,cdca04e0bc6ce855,a- v,
30,prot-1951--ak--10,cdca04e0bc6ce855,r- s,
31,prot-1951--ak--10,cdca04e0bc6ce855,s- m,
32,prot-1951--ak--10,cdca04e0bc6ce855,u- l,
33,prot-1951--ak--10,cdca04e0bc6ce855,s- s,
34,prot-1951--ak--10,cdca04e0bc6ce855,f- t,
35,prot-1951--ak--10,cdca04e0bc6ce855,k- s,
36,prot-1951--ak--10,cdca04e0bc6ce855,o- n,
37,prot-1951--ak--10,cdca04e0bc6ce855,k- n,
0,prot-1951--ak--10,7b16a01c980ae2ac,"h
n",
1,prot-1951--ak--10,7b16a01c980ae2ac,"h
n",
2,prot-1951--ak--10,7b16a01c980ae2ac,"t
a",
3,prot-1951--ak--10,7b16a01c980ae2ac,"h
n",
4,prot-1951--ak--10,7b16a01c980ae2ac,"h
n",
5,prot-1951--ak--10,7b16a01c980ae2ac,"h
n",
6,prot-1951--ak--10,cdca04e0bc6ce855,o- n,
7,prot-1951--ak--10,cdca04e0bc6ce855,l- f,
8,prot-1951--ak--10,cdca04e0bc6ce855,t- t,
9,prot-1951--ak--10,cdca04e0bc6ce855,d- n,
10,prot-1951--ak--10,cdca04e0bc6ce855,k- o,
11,prot-1951--ak--10,cdca04e0bc6ce855,s- f,
12,prot-1951--ak--10,cdca04e0bc6ce855,l- m,
13,prot-1951--ak--10,cdca04e0bc6ce855,d- n,
14,prot-1951--ak--10,cdca04e0bc6ce855,r- g,
15,prot-1951--ak--10,cdca04e0bc6ce855,b- b,
16,prot-1951--ak--10,cdca04e0bc6ce855,s- t,
17,prot-1951--ak--10,cdca04e0bc6ce855,r- n,
18,prot-1951--ak--10,cdca04e0bc6ce855,l- l,
19,prot-1951--ak--10,cdca04e0bc6ce855,m- l,
20,prot-1951--ak--10,cdca04e0bc6ce855,i- t,
21,prot-1951--ak--10,cdca04e0bc6ce855,e- e,
22,prot-1951--ak--10,cdca04e0bc6ce855,n- d,
23,prot-1951--ak--10,cdca04e0bc6ce855,n- n,
24,prot-1951--ak--10,cdca04e0bc6ce855,o- p,
25,prot-1951--ak--10,cdca04e0bc6ce855,n- g,
26,prot-1951--ak--10,cdca04e0bc6ce855,r- e,
0,prot-1951--ak--10,7b16a01c980ae2ac,"r
ä",
1,prot-1951--ak--10,cdca04e0bc6ce855,i- f,
2,prot-1951--ak--10,cdca04e0bc6ce855,r- v,
3,prot-1951--ak--10,cdca04e0bc6ce855,a- t,
4,prot-1951--ak--10,cdca04e0bc6ce855,p- p,
5,prot-1951--ak--10,cdca04e0bc6ce855,n- n,
6,prot-1951--ak--10,cdca04e0bc6ce855,n- d,
7,prot-1951--ak--10,cdca04e0bc6ce855,i- h,
8,prot-1951--ak--10,cdca04e0bc6ce855,i- v,
9,prot-1951--ak--10,cdca04e0bc6ce855,p- d,
10,prot-1951--ak--10,cdca04e0bc6ce855,t- v,
11,prot-1951--ak--10,cdca04e0bc6ce855,p- l,
12,prot-1951--ak--10,cdca04e0bc6ce855,l- j,
13,prot-1951--ak--10,cdca04e0bc6ce855,t- s,
14,prot-1951--ak--10,cdca04e0bc6ce855,l- m,
15,prot-1951--ak--10,cdca04e0bc6ce855,n- k,
16,prot-1951--ak--10,cdca04e0bc6ce855,n- n,
17,prot-1951--ak--10,cdca04e0bc6ce855,r- a,
18,prot-1951--ak--10,cdca04e0bc6ce855,n- d,
19,prot-1951--ak--10,cdca04e0bc6ce855,a- r,
20,prot-1951--ak--10,cdca04e0bc6ce855,a- g,
21,prot-1951--ak--10,cdca04e0bc6ce855,t- t,
22,prot-1951--ak--10,cdca04e0bc6ce855,p- s,
23,prot-1951--ak--10,cdca04e0bc6ce855,s- d,
24,prot-1951--ak--10,cdca04e0bc6ce855,l- d,
25,prot-1951--ak--10,cdca04e0bc6ce855,n- v,
26,prot-1951--ak--10,cdca04e0bc6ce855,t- v,
27,prot-1951--ak--10,cdca04e0bc6ce855,r- b,
28,prot-1951--ak--10,cdca04e0bc6ce855,d- n,
29,prot-1951--ak--10,cdca04e0bc6ce855,l- b,
30,prot-1951--ak--10,cdca04e0bc6ce855,b- b,
31,prot-1951--ak--10,cdca04e0bc6ce855,t- s,
32,prot-1951--ak--10,cdca04e0bc6ce855,f- f,
33,prot-1951--ak--10,cdca04e0bc6ce855,l- b,
34,prot-1951--ak--10,cdca04e0bc6ce855,u- v,
35,prot-1951--ak--10,cdca04e0bc6ce855,a- l,
36,prot-1951--ak--10,cdca04e0bc6ce855,e- r,
37,prot-1951--ak--10,cdca04e0bc6ce855,p- k,
0,prot-1951--ak--10,7b16a01c980ae2ac,"t
n",
1,prot-1951--ak--10,cdca04e0bc6ce855,e- m,
2,prot-1951--ak--10,cdca04e0bc6ce855,d- r,
3,prot-1951--ak--10,cdca04e0bc6ce855,ä- d,
4,prot-1951--ak--10,cdca04e0bc6ce855,n- t,
5,prot-1951--ak--10,cdca04e0bc6ce855,n- s,
6,prot-1951--ak--10,cdca04e0bc6ce855,i- d,
7,prot-1951--ak--10,cdca04e0bc6ce855,d- n,
8,prot-1951--ak--10,cdca04e0bc6ce855,t- s,
9,prot-1951--ak--10,cdca04e0bc6ce855,i- v,
10,prot-1951--ak--10,cdca04e0bc6ce855,n- d,
11,prot-1951--ak--10,cdca04e0bc6ce855,t- t,
12,prot-1951--ak--10,cdca04e0bc6ce855,f- f,
13,prot-1951--ak--10,cdca04e0bc6ce855,g- h,
14,prot-1951--ak--10,cdca04e0bc6ce855,m- m,
15,prot-1951--ak--10,cdca04e0bc6ce855,a- l,
16,prot-1951--ak--10,cdca04e0bc6ce855,l- s,
17,prot-1951--ak--10,cdca04e0bc6ce855,e- g,
18,prot-1951--ak--10,cdca04e0bc6ce855,r- n,
19,prot-1951--ak--10,cdca04e0bc6ce855,f- r,
20,prot-1951--ak--10,cdca04e0bc6ce855,n- d,
21,prot-1951--ak--10,cdca04e0bc6ce855,d- l,
22,prot-1951--ak--10,cdca04e0bc6ce855,å- g,
23,prot-1951--ak--10,cdca04e0bc6ce855,a- g,
24,prot-1951--ak--10,cdca04e0bc6ce855,s- p,
25,prot-1951--ak--10,cdca04e0bc6ce855,a- n,
26,prot-1951--ak--10,cdca04e0bc6ce855,s- o,
27,prot-1951--ak--10,cdca04e0bc6ce855,l- m,
28,prot-1951--ak--10,cdca04e0bc6ce855,l- m,
29,prot-1951--ak--10,cdca04e0bc6ce855,l- f,
30,prot-1951--ak--10,cdca04e0bc6ce855,m- s,
31,prot-1951--ak--10,cdca04e0bc6ce855,m- b,
32,prot-1951--ak--10,cdca04e0bc6ce855,e- s,
33,prot-1951--ak--10,cdca04e0bc6ce855,m- b,
34,prot-1951--ak--10,cdca04e0bc6ce855,o- g,
35,prot-1951--ak--10,cdca04e0bc6ce855,n- d,
36,prot-1951--ak--10,cdca04e0bc6ce855,d- g,
37,prot-1951--ak--10,cdca04e0bc6ce855,d- b,
38,prot-1951--ak--10,cdca04e0bc6ce855,m- h,
39,prot-1951--ak--10,cdca04e0bc6ce855,n- d,
40,prot-1951--ak--10,cdca04e0bc6ce855,e- s,
41,prot-1951--ak--10,cdca04e0bc6ce855,r- b,
42,prot-1951--ak--10,cdca04e0bc6ce855,p- l,
0,prot-1951--ak--10,7b16a01c980ae2ac,"n
ä",
1,prot-1951--ak--10,cdca04e0bc6ce855,l- m,
2,prot-1951--ak--10,cdca04e0bc6ce855,s- b,
3,prot-1951--ak--10,cdca04e0bc6ce855,s- o,
4,prot-1951--ak--10,cdca04e0bc6ce855,m- b,
5,prot-1951--ak--10,cdca04e0bc6ce855,r- l,
6,prot-1951--ak--10,cdca04e0bc6ce855,t- s,
7,prot-1951--ak--10,cdca04e0bc6ce855,e- m,
8,prot-1951--ak--10,cdca04e0bc6ce855,e- m,
9,prot-1951--ak--10,cdca04e0bc6ce855,e- m,
10,prot-1951--ak--10,cdca04e0bc6ce855,n- d,
11,prot-1951--ak--10,cdca04e0bc6ce855,o- g,
12,prot-1951--ak--10,cdca04e0bc6ce855,e- m,
13,prot-1951--ak--10,cdca04e0bc6ce855,l- s,
14,prot-1951--ak--10,cdca04e0bc6ce855,c- k,
15,prot-1951--ak--10,cdca04e0bc6ce855,å- s,
16,prot-1951--ak--10,cdca04e0bc6ce855,i- t,
17,prot-1951--ak--10,cdca04e0bc6ce855,å- d,
18,prot-1951--ak--10,cdca04e0bc6ce855,e- h,
19,prot-1951--ak--10,cdca04e0bc6ce855,å- d,
20,prot-1951--ak--10,cdca04e0bc6ce855,ä- d,
21,prot-1951--ak--10,cdca04e0bc6ce855,a- l,
22,prot-1951--ak--10,cdca04e0bc6ce855,p- m,
23,prot-1951--ak--10,cdca04e0bc6ce855,m- s,
24,prot-1951--ak--10,cdca04e0bc6ce855,s- b,
25,prot-1951--ak--10,cdca04e0bc6ce855,r- s,
26,prot-1951--ak--10,cdca04e0bc6ce855,l- s,
27,prot-1951--ak--10,cdca04e0bc6ce855,r- s,
28,prot-1951--ak--10,cdca04e0bc6ce855,n- d,
29,prot-1951--ak--10,cdca04e0bc6ce855,m- m,
30,prot-1951--ak--10,cdca04e0bc6ce855,k- n,
0,prot-1951--ak--10,7b16a01c980ae2ac,"m
o",
1,prot-1951--ak--10,cdca04e0bc6ce855,r- d,
2,prot-1951--ak--10,cdca04e0bc6ce855,s- t,
3,prot-1951--ak--10,cdca04e0bc6ce855,e- l,
4,prot-1951--ak--10,cdca04e0bc6ce855,l- s,
5,prot-1951--ak--10,cdca04e0bc6ce855,e- d,
6,prot-1951--ak--10,cdca04e0bc6ce855,l- k,
7,prot-1951--ak--10,cdca04e0bc6ce855,a- l,
8,prot-1951--ak--10,cdca04e0bc6ce855,t- o,
9,prot-1951--ak--10,cdca04e0bc6ce855,e- n,
10,prot-1951--ak--10,cdca04e0bc6ce855,l- k,
11,prot-1951--ak--10,cdca04e0bc6ce855,m- f,
12,prot-1951--ak--10,cdca04e0bc6ce855,a- t,
13,prot-1951--ak--10,cdca04e0bc6ce855,n- s,
14,prot-1951--ak--10,cdca04e0bc6ce855,t- s,
15,prot-1951--ak--10,cdca04e0bc6ce855,m- d,
16,prot-1951--ak--10,cdca04e0bc6ce855,m- b,
17,prot-1951--ak--10,cdca04e0bc6ce855,r- v,
18,prot-1951--ak--10,cdca04e0bc6ce855,å- l,
19,prot-1951--ak--10,cdca04e0bc6ce855,r- h,
20,prot-1951--ak--10,cdca04e0bc6ce855,e- m,
21,prot-1951--ak--10,cdca04e0bc6ce855,a- l,
22,prot-1951--ak--10,cdca04e0bc6ce855,t- s,
23,prot-1951--ak--10,cdca04e0bc6ce855,v- k,
24,prot-1951--ak--10,cdca04e0bc6ce855,l- m,
25,prot-1951--ak--10,cdca04e0bc6ce855,l- l,
26,prot-1951--ak--10,cdca04e0bc6ce855,s- o,
27,prot-1951--ak--10,cdca04e0bc6ce855,s- r,
28,prot-1951--ak--10,cdca04e0bc6ce855,p- l,
0,prot-1951--ak--10,7b16a01c980ae2ac,"a
m",
1,prot-1951--ak--10,cdca04e0bc6ce855,y- l,
2,prot-1951--ak--10,cdca04e0bc6ce855,d- n,
3,prot-1951--ak--10,cdca04e0bc6ce855,å- h,
4,prot-1951--ak--10,cdca04e0bc6ce855,e- s,
5,prot-1951--ak--10,cdca04e0bc6ce855,n- d,
6,prot-1951--ak--10,cdca04e0bc6ce855,l- d,
7,prot-1951--ak--10,cdca04e0bc6ce855,n- h,
8,prot-1951--ak--10,cdca04e0bc6ce855,r- n,
9,prot-1951--ak--10,cdca04e0bc6ce855,r- m,
10,prot-1951--ak--10,cdca04e0bc6ce855,v- m,
11,prot-1951--ak--10,cdca04e0bc6ce855,r- b,
12,prot-1951--ak--10,cdca04e0bc6ce855,p- l,
13,prot-1951--ak--10,cdca04e0bc6ce855,s- k,
14,prot-1951--ak--10,cdca04e0bc6ce855,r- s,
15,prot-1951--ak--10,cdca04e0bc6ce855,e- t,
16,prot-1951--ak--10,cdca04e0bc6ce855,v- s,
17,prot-1951--ak--10,cdca04e0bc6ce855,e- t,
18,prot-1951--ak--10,cdca04e0bc6ce855,n- n,
19,prot-1951--ak--10,cdca04e0bc6ce855,l- l,
20,prot-1951--ak--10,cdca04e0bc6ce855,m- m,
21,prot-1951--ak--10,cdca04e0bc6ce855,n- s,
22,prot-1951--ak--10,cdca04e0bc6ce855,ä- s,
23,prot-1951--ak--10,cdca04e0bc6ce855,l- n,
24,prot-1951--ak--10,cdca04e0bc6ce855,l- t,
25,prot-1951--ak--10,cdca04e0bc6ce855,s- d,
26,prot-1951--ak--10,cdca04e0bc6ce855,r- m,
27,prot-1951--ak--10,cdca04e0bc6ce855,o- d,
0,prot-1951--ak--10,7b16a01c980ae2ac,"a
m",
1,prot-1951--ak--10,cdca04e0bc6ce855,u- d,
2,prot-1951--ak--10,cdca04e0bc6ce855,e- r,
3,prot-1951--ak--10,cdca04e0bc6ce855,e- l,
4,prot-1951--ak--10,cdca04e0bc6ce855,n- t,
5,prot-1951--ak--10,cdca04e0bc6ce855,r- t,
6,prot-1951--ak--10,cdca04e0bc6ce855,l- f,
7,prot-1951--ak--10,cdca04e0bc6ce855,d- l,
8,prot-1951--ak--10,cdca04e0bc6ce855,g- a,
9,prot-1951--ak--10,cdca04e0bc6ce855,r- e,
10,prot-1951--ak--10,cdca04e0bc6ce855,d- r,
11,prot-1951--ak--10,cdca04e0bc6ce855,n- t,
12,prot-1951--ak--10,cdca04e0bc6ce855,i- g,
13,prot-1951--ak--10,cdca04e0bc6ce855,l- t,
14,prot-1951--ak--10,cdca04e0bc6ce855,i- t,
15,prot-1951--ak--10,cdca04e0bc6ce855,r- p,
16,prot-1951--ak--10,cdca04e0bc6ce855,a- l,
17,prot-1951--ak--10,cdca04e0bc6ce855,l- t,
18,prot-1951--ak--10,cdca04e0bc6ce855,t- s,
19,prot-1951--ak--10,cdca04e0bc6ce855,ä- g,
20,prot-1951--ak--10,cdca04e0bc6ce855,n- s,
21,prot-1951--ak--10,cdca04e0bc6ce855,k- l,
22,prot-1951--ak--10,cdca04e0bc6ce855,e- r,
23,prot-1951--ak--10,cdca04e0bc6ce855,d- r,
24,prot-1951--ak--10,cdca04e0bc6ce855,l- t,
25,prot-1951--ak--10,cdca04e0bc6ce855,å- v,
26,prot-1951--ak--10,cdca04e0bc6ce855,e- f,
27,prot-1951--ak--10,cdca04e0bc6ce855,i- f,
28,prot-1951--ak--10,cdca04e0bc6ce855,u- s,
29,prot-1951--ak--10,cdca04e0bc6ce855,a- r,
30,prot-1951--ak--10,cdca04e0bc6ce855,r- s,
0,prot-1951--ak--10,7b16a01c980ae2ac,"a
m",
1,prot-1951--ak--10,cdca04e0bc6ce855,o- t,
2,prot-1951--ak--10,cdca04e0bc6ce855,n- l,
3,prot-1951--ak--10,cdca04e0bc6ce855,n- o,
4,prot-1951--ak--10,cdca04e0bc6ce855,o- s,
5,prot-1951--ak--10,cdca04e0bc6ce855,å- v,
6,prot-1951--ak--10,cdca04e0bc6ce855,m- s,
7,prot-1951--ak--10,cdca04e0bc6ce855,l- d,
8,prot-1951--ak--10,cdca04e0bc6ce855,n- n,
9,prot-1951--ak--10,cdca04e0bc6ce855,y- o,
10,prot-1951--ak--10,cdca04e0bc6ce855,n- s,
11,prot-1951--ak--10,cdca04e0bc6ce855,j- l,
12,prot-1951--ak--10,cdca04e0bc6ce855,l- s,
13,prot-1951--ak--10,cdca04e0bc6ce855,e- r,
14,prot-1951--ak--10,cdca04e0bc6ce855,g- t,
15,prot-1951--ak--10,cdca04e0bc6ce855,g- l,
16,prot-1951--ak--10,cdca04e0bc6ce855,r- u,
17,prot-1951--ak--10,cdca04e0bc6ce855,r- f,
18,prot-1951--ak--10,cdca04e0bc6ce855,o- n,
19,prot-1951--ak--10,cdca04e0bc6ce855,a- l,
20,prot-1951--ak--10,cdca04e0bc6ce855,l- n,
21,prot-1951--ak--10,cdca04e0bc6ce855,i- l,
22,prot-1951--ak--10,cdca04e0bc6ce855,d- r,
23,prot-1951--ak--10,cdca04e0bc6ce855,g- t,
24,prot-1951--ak--10,cdca04e0bc6ce855,n- k,
25,prot-1951--ak--10,cdca04e0bc6ce855,e- g,
26,prot-1951--ak--10,cdca04e0bc6ce855,n- m,
27,prot-1951--ak--10,cdca04e0bc6ce855,å- g,
28,prot-1951--ak--10,cdca04e0bc6ce855,m- l,
0,prot-1951--ak--10,cdca04e0bc6ce855,l- m,
1,prot-1951--ak--10,cdca04e0bc6ce855,e- g,
2,prot-1951--ak--10,cdca04e0bc6ce855,g- g,
3,prot-1951--ak--10,cdca04e0bc6ce855,o- p,
4,prot-1951--ak--10,cdca04e0bc6ce855,m- b,
5,prot-1951--ak--10,cdca04e0bc6ce855,o- h,
6,prot-1951--ak--10,cdca04e0bc6ce855,i- s,
7,prot-1951--ak--10,cdca04e0bc6ce855,n- k,
8,prot-1951--ak--10,cdca04e0bc6ce855,r- f,
9,prot-1951--ak--10,cdca04e0bc6ce855,j- n,
10,prot-1951--ak--10,cdca04e0bc6ce855,a- g,
11,prot-1951--ak--10,cdca04e0bc6ce855,r- s,
12,prot-1951--ak--10,cdca04e0bc6ce855,m- s,
13,prot-1951--ak--10,cdca04e0bc6ce855,r- s,
14,prot-1951--ak--10,cdca04e0bc6ce855,s- l,
15,prot-1951--ak--10,cdca04e0bc6ce855,e- n,
16,prot-1951--ak--10,cdca04e0bc6ce855,i- t,
17,prot-1951--ak--10,cdca04e0bc6ce855,e- h,
18,prot-1951--ak--10,cdca04e0bc6ce855,d- n,
19,prot-1951--ak--10,cdca04e0bc6ce855,ä- r,
20,prot-1951--ak--10,cdca04e0bc6ce855,i- v,
21,prot-1951--ak--10,cdca04e0bc6ce855,r- s,
22,prot-1951--ak--10,cdca04e0bc6ce855,t- t,
23,prot-1951--ak--10,cdca04e0bc6ce855,r- f,
24,prot-1951--ak--10,cdca04e0bc6ce855,e- v,
25,prot-1951--ak--10,cdca04e0bc6ce855,l- k,
26,prot-1951--ak--10,cdca04e0bc6ce855,i- p,
27,prot-1951--ak--10,cdca04e0bc6ce855,d- f,
28,prot-1951--ak--10,cdca04e0bc6ce855,o- r,
29,prot-1951--ak--10,cdca04e0bc6ce855,t- t,
30,prot-1951--ak--10,cdca04e0bc6ce855,l- l,
31,prot-1951--ak--10,cdca04e0bc6ce855,s- k,
32,prot-1951--ak--10,cdca04e0bc6ce855,å- l,
33,prot-1951--ak--10,cdca04e0bc6ce855,r- p,
34,prot-1951--ak--10,cdca04e0bc6ce855,m- m,
35,prot-1951--ak--10,cdca04e0bc6ce855,e- d,
36,prot-1951--ak--10,cdca04e0bc6ce855,ö- r,
0,prot-1951--ak--10,cdca04e0bc6ce855,l- l,
1,prot-1951--ak--10,cdca04e0bc6ce855,m- m,
2,prot-1951--ak--10,cdca04e0bc6ce855,r- s,
3,prot-1951--ak--10,cdca04e0bc6ce855,o- p,
4,prot-1951--ak--10,cdca04e0bc6ce855,l- m,
5,prot-1951--ak--10,cdca04e0bc6ce855,l- l,
6,prot-1951--ak--10,cdca04e0bc6ce855,å- g,
7,prot-1951--ak--10,cdca04e0bc6ce855,å- g,
8,prot-1951--ak--10,cdca04e0bc6ce855,s- r,
9,prot-1951--ak--10,cdca04e0bc6ce855,n- t,
10,prot-1951--ak--10,cdca04e0bc6ce855,a- g,
11,prot-1951--ak--10,cdca04e0bc6ce855,m- m,
12,prot-1951--ak--10,cdca04e0bc6ce855,y- s,
13,prot-1951--ak--10,cdca04e0bc6ce855,l- n,
14,prot-1951--ak--10,cdca04e0bc6ce855,k- l,
15,prot-1951--ak--10,cdca04e0bc6ce855,e- t,
16,prot-1951--ak--10,cdca04e0bc6ce855,n- d,
17,prot-1951--ak--10,cdca04e0bc6ce855,g- h,
18,prot-1951--ak--10,cdca04e0bc6ce855,r- t,
19,prot-1951--ak--10,cdca04e0bc6ce855,o- v,
20,prot-1951--ak--10,cdca04e0bc6ce855,t- r,
21,prot-1951--ak--10,cdca04e0bc6ce855,r- s,
22,prot-1951--ak--10,cdca04e0bc6ce855,e- t,
23,prot-1951--ak--10,cdca04e0bc6ce855,n- t,
24,prot-1951--ak--10,cdca04e0bc6ce855,s- n,
25,prot-1951--ak--10,cdca04e0bc6ce855,r- s,
26,prot-1951--ak--10,cdca04e0bc6ce855,n- n,
27,prot-1951--ak--10,cdca04e0bc6ce855,m- b,
28,prot-1951--ak--10,cdca04e0bc6ce855,å- k,
29,prot-1951--ak--10,cdca04e0bc6ce855,o- s,
30,prot-1951--ak--10,cdca04e0bc6ce855,a- g,
31,prot-1951--ak--10,cdca04e0bc6ce855,r- r,
32,prot-1951--ak--10,cdca04e0bc6ce855,p- f,
33,prot-1951--ak--10,cdca04e0bc6ce855,t- n,
34,prot-1951--ak--10,cdca04e0bc6ce855,r- t,
0,prot-1951--ak--10,7b16a01c980ae2ac,"d
t",
1,prot-1951--ak--10,7b16a01c980ae2ac,"h
t",
2,prot-1951--ak--10,cdca04e0bc6ce855,e- t,
3,prot-1951--ak--10,cdca04e0bc6ce855,i- n,
4,prot-1951--ak--10,cdca04e0bc6ce855,å- s,
5,prot-1951--ak--10,cdca04e0bc6ce855,s- k,
6,prot-1951--ak--10,cdca04e0bc6ce855,m- m,
7,prot-1951--ak--10,cdca04e0bc6ce855,r- d,
8,prot-1951--ak--10,cdca04e0bc6ce855,n- d,
9,prot-1951--ak--10,cdca04e0bc6ce855,o- r,
10,prot-1951--ak--10,cdca04e0bc6ce855,g- n,
11,prot-1951--ak--10,cdca04e0bc6ce855,s- n,
12,prot-1951--ak--10,cdca04e0bc6ce855,e- v,
13,prot-1951--ak--10,cdca04e0bc6ce855,o- r,
14,prot-1951--ak--10,cdca04e0bc6ce855,o- n,
15,prot-1951--ak--10,cdca04e0bc6ce855,e- t,
16,prot-1951--ak--10,cdca04e0bc6ce855,g- e,
17,prot-1951--ak--10,cdca04e0bc6ce855,a- t,
18,prot-1951--ak--10,cdca04e0bc6ce855,t- v,
19,prot-1951--ak--10,cdca04e0bc6ce855,a- t,
20,prot-1951--ak--10,cdca04e0bc6ce855,r- f,
21,prot-1951--ak--10,cdca04e0bc6ce855,r- l,
22,prot-1951--ak--10,cdca04e0bc6ce855,k- n,
23,prot-1951--ak--10,cdca04e0bc6ce855,r- v,
24,prot-1951--ak--10,cdca04e0bc6ce855,e- r,
25,prot-1951--ak--10,cdca04e0bc6ce855,s- l,
26,prot-1951--ak--10,cdca04e0bc6ce855,å- d,
27,prot-1951--ak--10,cdca04e0bc6ce855,ö- r,
28,prot-1951--ak--10,cdca04e0bc6ce855,n- d,
29,prot-1951--ak--10,cdca04e0bc6ce855,r- v,
30,prot-1951--ak--10,cdca04e0bc6ce855,i- t,
31,prot-1951--ak--10,cdca04e0bc6ce855,å- e,
32,prot-1951--ak--10,cdca04e0bc6ce855,v- d,
33,prot-1951--ak--10,cdca04e0bc6ce855,o- p,
34,prot-1951--ak--10,cdca04e0bc6ce855,i- s,
0,prot-1951--ak--10,7b16a01c980ae2ac,"t
t",
1,prot-1951--ak--10,7b16a01c980ae2ac,"e
g",
2,prot-1951--ak--10,7b16a01c980ae2ac,"h
n",
3,prot-1951--ak--10,7b16a01c980ae2ac,"n
i",
4,prot-1951--ak--10,cdca04e0bc6ce855,o- n,
5,prot-1951--ak--10,cdca04e0bc6ce855,t- r,
6,prot-1951--ak--10,cdca04e0bc6ce855,s- u,
7,prot-1951--ak--10,cdca04e0bc6ce855,n- d,
8,prot-1951--ak--10,cdca04e0bc6ce855,å- t,
9,prot-1951--ak--10,cdca04e0bc6ce855,a- r,
10,prot-1951--ak--10,cdca04e0bc6ce855,å- t,
11,prot-1951--ak--10,cdca04e0bc6ce855,m- m,
12,prot-1951--ak--10,cdca04e0bc6ce855,a- t,
13,prot-1951--ak--10,cdca04e0bc6ce855,d- l,
14,prot-1951--ak--10,cdca04e0bc6ce855,e- d,
15,prot-1951--ak--10,cdca04e0bc6ce855,å- t,
16,prot-1951--ak--10,cdca04e0bc6ce855,m- l,
17,prot-1951--ak--10,cdca04e0bc6ce855,i- r,
18,prot-1951--ak--10,cdca04e0bc6ce855,e- r,
19,prot-1951--ak--10,cdca04e0bc6ce855,i- h,
20,prot-1951--ak--10,cdca04e0bc6ce855,m- m,
21,prot-1951--ak--10,cdca04e0bc6ce855,m- m,
22,prot-1951--ak--10,cdca04e0bc6ce855,u- g,
23,prot-1951--ak--10,cdca04e0bc6ce855,d- l,
24,prot-1951--ak--10,cdca04e0bc6ce855,o- s,
25,prot-1951--ak--10,cdca04e0bc6ce855,s- f,
26,prot-1951--ak--10,cdca04e0bc6ce855,o- n,
27,prot-1951--ak--10,cdca04e0bc6ce855,s- l,
28,prot-1951--ak--10,cdca04e0bc6ce855,n- d,
29,prot-1951--ak--10,cdca04e0bc6ce855,o- s,
30,prot-1951--ak--10,cdca04e0bc6ce855,r- l,
31,prot-1951--ak--10,cdca04e0bc6ce855,n- v,
32,prot-1951--ak--10,cdca04e0bc6ce855,a- v,
33,prot-1951--ak--10,cdca04e0bc6ce855,e- d,
0,prot-1951--ak--10,7b16a01c980ae2ac,"r
t",
1,prot-1951--ak--10,7b16a01c980ae2ac,"h
n",
2,prot-1951--ak--10,7b16a01c980ae2ac,"t
i",
3,prot-1951--ak--10,cdca04e0bc6ce855,o- s,
4,prot-1951--ak--10,cdca04e0bc6ce855,å- e,
5,prot-1951--ak--10,cdca04e0bc6ce855,o- n,
6,prot-1951--ak--10,cdca04e0bc6ce855,o- s,
7,prot-1951--ak--10,cdca04e0bc6ce855,d- n,
8,prot-1951--ak--10,cdca04e0bc6ce855,t- v,
9,prot-1951--ak--10,cdca04e0bc6ce855,o- s,
10,prot-1951--ak--10,cdca04e0bc6ce855,s- s,
11,prot-1951--ak--10,cdca04e0bc6ce855,o- s,
12,prot-1951--ak--10,cdca04e0bc6ce855,i- s,
13,prot-1951--ak--10,cdca04e0bc6ce855,r- e,
14,prot-1951--ak--10,cdca04e0bc6ce855,t- r,
15,prot-1951--ak--10,cdca04e0bc6ce855,n- g,
16,prot-1951--ak--10,cdca04e0bc6ce855,m- m,
17,prot-1951--ak--10,cdca04e0bc6ce855,n- d,
18,prot-1951--ak--10,cdca04e0bc6ce855,l- l,
19,prot-1951--ak--10,cdca04e0bc6ce855,n- f,
20,prot-1951--ak--10,cdca04e0bc6ce855,n- s,
21,prot-1951--ak--10,cdca04e0bc6ce855,m- m,
0,prot-1951--ak--10,7b16a01c980ae2ac,"r
t",
1,prot-1951--ak--10,7b16a01c980ae2ac,"n
m",
2,prot-1951--ak--10,cdca04e0bc6ce855,k- o,
3,prot-1951--ak--10,cdca04e0bc6ce855,s- k,
4,prot-1951--ak--10,cdca04e0bc6ce855,k- n,
5,prot-1951--ak--10,cdca04e0bc6ce855,l- k,
6,prot-1951--ak--10,cdca04e0bc6ce855,b- j,
7,prot-1951--ak--10,cdca04e0bc6ce855,n- r,
8,prot-1951--ak--10,cdca04e0bc6ce855,k- t,
9,prot-1951--ak--10,cdca04e0bc6ce855,g- n,
10,prot-1951--ak--10,cdca04e0bc6ce855,g- n,
11,prot-1951--ak--10,cdca04e0bc6ce855,t- n,
12,prot-1951--ak--10,cdca04e0bc6ce855,c- k,
13,prot-1951--ak--10,cdca04e0bc6ce855,r- s,
14,prot-1951--ak--10,cdca04e0bc6ce855,n- s,
15,prot-1951--ak--10,cdca04e0bc6ce855,i- s,
16,prot-1951--ak--10,cdca04e0bc6ce855,a- v,
17,prot-1951--ak--10,cdca04e0bc6ce855,n- k,
18,prot-1951--ak--10,cdca04e0bc6ce855,e- f,
19,prot-1951--ak--10,cdca04e0bc6ce855,s- t,
20,prot-1951--ak--10,cdca04e0bc6ce855,s- s,
21,prot-1951--ak--10,cdca04e0bc6ce855,s- g,
22,prot-1951--ak--10,cdca04e0bc6ce855,m- h,
23,prot-1951--ak--10,cdca04e0bc6ce855,k- t,
24,prot-1951--ak--10,cdca04e0bc6ce855,ö- r,
25,prot-1951--ak--10,cdca04e0bc6ce855,p- f,
26,prot-1951--ak--10,cdca04e0bc6ce855,m- o,
27,prot-1951--ak--10,cdca04e0bc6ce855,l- b,
28,prot-1951--ak--10,cdca04e0bc6ce855,k- t,
29,prot-1951--ak--10,cdca04e0bc6ce855,n- h,
30,prot-1951--ak--10,cdca04e0bc6ce855,s- s,
31,prot-1951--ak--10,cdca04e0bc6ce855,g- h,
32,prot-1951--ak--10,cdca04e0bc6ce855,m- p,
33,prot-1951--ak--10,cdca04e0bc6ce855,a- d,
34,prot-1951--ak--10,cdca04e0bc6ce855,å- s,
35,prot-1951--ak--10,cdca04e0bc6ce855,d- l,
36,prot-1951--ak--10,cdca04e0bc6ce855,p- g,
0,prot-1951--ak--10,7b16a01c980ae2ac,"r
t",
1,prot-1951--ak--10,7b16a01c980ae2ac,"g
o",
2,prot-1951--ak--10,7b16a01c980ae2ac,"d
t",
3,prot-1951--ak--10,7b16a01c980ae2ac,"h
t",
4,prot-1951--ak--10,7b16a01c980ae2ac,"d
t",
5,prot-1951--ak--10,cdca04e0bc6ce855,k- h,
6,prot-1951--ak--10,cdca04e0bc6ce855,p- r,
7,prot-1951--ak--10,cdca04e0bc6ce855,k- r,
8,prot-1951--ak--10,cdca04e0bc6ce855,d- n,
9,prot-1951--ak--10,cdca04e0bc6ce855,e- s,
10,prot-1951--ak--10,cdca04e0bc6ce855,m- f,
11,prot-1951--ak--10,cdca04e0bc6ce855,i- s,
12,prot-1951--ak--10,cdca04e0bc6ce855,m- m,
13,prot-1951--ak--10,cdca04e0bc6ce855,u- v,
14,prot-1951--ak--10,cdca04e0bc6ce855,å- l,
15,prot-1951--ak--10,cdca04e0bc6ce855,r- m,
16,prot-1951--ak--10,cdca04e0bc6ce855,t- n,
17,prot-1951--ak--10,cdca04e0bc6ce855,r- d,
18,prot-1951--ak--10,cdca04e0bc6ce855,n- n,
19,prot-1951--ak--10,cdca04e0bc6ce855,m- g,
20,prot-1951--ak--10,cdca04e0bc6ce855,t- t,
21,prot-1951--ak--10,cdca04e0bc6ce855,m- n,
22,prot-1951--ak--10,cdca04e0bc6ce855,a- l,
23,prot-1951--ak--10,cdca04e0bc6ce855,n- n,
24,prot-1951--ak--10,cdca04e0bc6ce855,e- l,
25,prot-1951--ak--10,cdca04e0bc6ce855,n- d,
26,prot-1951--ak--10,cdca04e0bc6ce855,r- v,
27,prot-1951--ak--10,cdca04e0bc6ce855,o- s,
28,prot-1951--ak--10,cdca04e0bc6ce855,n- g,
29,prot-1951--ak--10,cdca04e0bc6ce855,s- l,
30,prot-1951--ak--10,cdca04e0bc6ce855,a- d,
31,prot-1951--ak--10,cdca04e0bc6ce855,a- v,
0,prot-1951--ak--10,7b16a01c980ae2ac,"h
n",
1,prot-1951--ak--10,7b16a01c980ae2ac,"h
n",
2,prot-1951--ak--10,7b16a01c980ae2ac,"t
t",
3,prot-1951--ak--10,7b16a01c980ae2ac,"t
u",
4,prot-1951--ak--10,7b16a01c980ae2ac,"h
n",
5,prot-1951--ak--10,7b16a01c980ae2ac,"e
a",
6,prot-1951--ak--10,cdca04e0bc6ce855,e- d,
7,prot-1951--ak--10,cdca04e0bc6ce855,o- n,
8,prot-1951--ak--10,cdca04e0bc6ce855,i- t,
9,prot-1951--ak--10,cdca04e0bc6ce855,a- g,
10,prot-1951--ak--10,cdca04e0bc6ce855,t- s,
11,prot-1951--ak--10,cdca04e0bc6ce855,s- o,
12,prot-1951--ak--10,cdca04e0bc6ce855,e- t,
13,prot-1951--ak--10,cdca04e0bc6ce855,r- e,
14,prot-1951--ak--10,cdca04e0bc6ce855,i- k,
15,prot-1951--ak--10,cdca04e0bc6ce855,t- n,
16,prot-1951--ak--10,cdca04e0bc6ce855,s- v,
17,prot-1951--ak--10,cdca04e0bc6ce855,l- n,
18,prot-1951--ak--10,cdca04e0bc6ce855,u- v,
19,prot-1951--ak--10,cdca04e0bc6ce855,o- c,
20,prot-1951--ak--10,cdca04e0bc6ce855,s- v,
21,prot-1951--ak--10,cdca04e0bc6ce855,d- t,
22,prot-1951--ak--10,cdca04e0bc6ce855,m- s,
23,prot-1951--ak--10,cdca04e0bc6ce855,n- d,
24,prot-1951--ak--10,cdca04e0bc6ce855,o- v,
25,prot-1951--ak--10,cdca04e0bc6ce855,s- a,
26,prot-1951--ak--10,cdca04e0bc6ce855,e- g,
0,prot-1951--ak--10,cdca04e0bc6ce855,e- g,
1,prot-1951--ak--10,cdca04e0bc6ce855,n- n,
2,prot-1951--ak--10,cdca04e0bc6ce855,r- s,
3,prot-1951--ak--10,cdca04e0bc6ce855,s- k,
4,prot-1951--ak--10,cdca04e0bc6ce855,ö- d,
5,prot-1951--ak--10,cdca04e0bc6ce855,r- n,
6,prot-1951--ak--10,cdca04e0bc6ce855,r- v,
7,prot-1951--ak--10,cdca04e0bc6ce855,n- d,
8,prot-1951--ak--10,cdca04e0bc6ce855,r- v,
9,prot-1951--ak--10,cdca04e0bc6ce855,k- t,
10,prot-1951--ak--10,cdca04e0bc6ce855,n- t,
11,prot-1951--ak--10,cdca04e0bc6ce855,n- n,
12,prot-1951--ak--10,cdca04e0bc6ce855,n- n,
13,prot-1951--ak--10,cdca04e0bc6ce855,ö- d,
14,prot-1951--ak--10,cdca04e0bc6ce855,e- s,
15,prot-1951--ak--10,cdca04e0bc6ce855,a- h,
16,prot-1951--ak--10,cdca04e0bc6ce855,g- a,
17,prot-1951--ak--10,cdca04e0bc6ce855,g- e,
18,prot-1951--ak--10,cdca04e0bc6ce855,n- s,
19,prot-1951--ak--10,cdca04e0bc6ce855,m- p,
20,prot-1951--ak--10,cdca04e0bc6ce855,o- h,
21,prot-1951--ak--10,cdca04e0bc6ce855,s- s,
22,prot-1951--ak--10,cdca04e0bc6ce855,ö- r,
23,prot-1951--ak--10,cdca04e0bc6ce855,n- d,
24,prot-1951--ak--10,cdca04e0bc6ce855,g- e,
25,prot-1951--ak--10,cdca04e0bc6ce855,l- k,
26,prot-1951--ak--10,cdca04e0bc6ce855,o- c,
27,prot-1951--ak--10,cdca04e0bc6ce855,d- n,
28,prot-1951--ak--10,cdca04e0bc6ce855,k- n,
29,prot-1951--ak--10,cdca04e0bc6ce855,e- s,
30,prot-1951--ak--10,cdca04e0bc6ce855,n- s,
31,prot-1951--ak--10,cdca04e0bc6ce855,ö- d,
32,prot-1951--ak--10,cdca04e0bc6ce855,e- s,
0,prot-1951--ak--10,cdca04e0bc6ce855,n- s,
1,prot-1951--ak--10,cdca04e0bc6ce855,e- s,
2,prot-1951--ak--10,cdca04e0bc6ce855,l- m,
3,prot-1951--ak--10,cdca04e0bc6ce855,v- s,
4,prot-1951--ak--10,cdca04e0bc6ce855,r- a,
5,prot-1951--ak--10,cdca04e0bc6ce855,t- s,
6,prot-1951--ak--10,cdca04e0bc6ce855,r- l,
7,prot-1951--ak--10,cdca04e0bc6ce855,n- v,
8,prot-1951--ak--10,cdca04e0bc6ce855,n- s,
9,prot-1951--ak--10,cdca04e0bc6ce855,i- v,
10,prot-1951--ak--10,cdca04e0bc6ce855,n- c,
11,prot-1951--ak--10,cdca04e0bc6ce855,s- m,
12,prot-1951--ak--10,cdca04e0bc6ce855,t- v,
13,prot-1951--ak--10,cdca04e0bc6ce855,r- n,
14,prot-1951--ak--10,cdca04e0bc6ce855,r- d,
15,prot-1951--ak--10,cdca04e0bc6ce855,r- s,
16,prot-1951--ak--10,cdca04e0bc6ce855,t- v,
17,prot-1951--ak--10,cdca04e0bc6ce855,n- n,
18,prot-1951--ak--10,cdca04e0bc6ce855,t- f,
19,prot-1951--ak--10,cdca04e0bc6ce855,n- d,
20,prot-1951--ak--10,cdca04e0bc6ce855,n- d,
0,prot-1951--ak--10,cdca04e0bc6ce855,e- p,
1,prot-1951--ak--10,cdca04e0bc6ce855,s- n,
2,prot-1951--ak--10,cdca04e0bc6ce855,y- r,
3,prot-1951--ak--10,cdca04e0bc6ce855,l- n,
4,prot-1951--ak--10,cdca04e0bc6ce855,r- t,
5,prot-1951--ak--10,cdca04e0bc6ce855,y- r,
6,prot-1951--ak--10,cdca04e0bc6ce855,n- d,
7,prot-1951--ak--10,cdca04e0bc6ce855,å- e,
8,prot-1951--ak--10,cdca04e0bc6ce855,n- h,
9,prot-1951--ak--10,cdca04e0bc6ce855,r- f,
10,prot-1951--ak--10,cdca04e0bc6ce855,a- h,
11,prot-1951--ak--10,cdca04e0bc6ce855,t- f,
12,prot-1951--ak--10,cdca04e0bc6ce855,n- n,
13,prot-1951--ak--10,cdca04e0bc6ce855,å- p,
14,prot-1951--ak--10,cdca04e0bc6ce855,e- t,
15,prot-1951--ak--10,cdca04e0bc6ce855,a- h,
16,prot-1951--ak--10,cdca04e0bc6ce855,s- b,
17,prot-1951--ak--10,cdca04e0bc6ce855,n- t,
18,prot-1951--ak--10,cdca04e0bc6ce855,a- l,
19,prot-1951--ak--10,cdca04e0bc6ce855,k- n,
20,prot-1951--ak--10,cdca04e0bc6ce855,o- n,
21,prot-1951--ak--10,cdca04e0bc6ce855,r- s,
22,prot-1951--ak--10,cdca04e0bc6ce855,t- r,
23,prot-1951--ak--10,cdca04e0bc6ce855,a- l,
24,prot-1951--ak--10,cdca04e0bc6ce855,k- s,
25,prot-1951--ak--10,cdca04e0bc6ce855,n- s,
26,prot-1951--ak--10,cdca04e0bc6ce855,p- p,
27,prot-1951--ak--10,cdca04e0bc6ce855,l- j,
28,prot-1951--ak--10,cdca04e0bc6ce855,r- k,
29,prot-1951--ak--10,cdca04e0bc6ce855,n- d,
30,prot-1951--ak--10,cdca04e0bc6ce855,m- h,
0,prot-1951--ak--10,7b16a01c980ae2ac,",
a",
1,prot-1951--ak--10,cdca04e0bc6ce855,e- s,
2,prot-1951--ak--10,cdca04e0bc6ce855,l- l,
3,prot-1951--ak--10,cdca04e0bc6ce855,a- g,
4,prot-1951--ak--10,cdca04e0bc6ce855,a- t,
5,prot-1951--ak--10,cdca04e0bc6ce855,ä- g,
6,prot-1951--ak--10,cdca04e0bc6ce855,s- p,
7,prot-1951--ak--10,cdca04e0bc6ce855,å- t,
8,prot-1951--ak--10,cdca04e0bc6ce855,t- s,
9,prot-1951--ak--10,cdca04e0bc6ce855,r- e,
10,prot-1951--ak--10,cdca04e0bc6ce855,s- p,
11,prot-1951--ak--10,cdca04e0bc6ce855,p- l,
12,prot-1951--ak--10,cdca04e0bc6ce855,r- t,
13,prot-1951--ak--10,cdca04e0bc6ce855,s- t,
14,prot-1951--ak--10,cdca04e0bc6ce855,m- m,
15,prot-1951--ak--10,cdca04e0bc6ce855,o- s,
16,prot-1951--ak--10,cdca04e0bc6ce855,l- m,
17,prot-1951--ak--10,cdca04e0bc6ce855,m- m,
18,prot-1951--ak--10,cdca04e0bc6ce855,n- g,
19,prot-1951--ak--10,cdca04e0bc6ce855,e- s,
20,prot-1951--ak--10,cdca04e0bc6ce855,t- å,
21,prot-1951--ak--10,cdca04e0bc6ce855,n- v,
22,prot-1951--ak--10,cdca04e0bc6ce855,v- g,
23,prot-1951--ak--10,cdca04e0bc6ce855,b- b,
24,prot-1951--ak--10,cdca04e0bc6ce855,m- s,
25,prot-1951--ak--10,cdca04e0bc6ce855,s- m,
26,prot-1951--ak--10,cdca04e0bc6ce855,t- n,
27,prot-1951--ak--10,cdca04e0bc6ce855,s- s,
28,prot-1951--ak--10,cdca04e0bc6ce855,t- n,
29,prot-1951--ak--10,cdca04e0bc6ce855,s- a,
30,prot-1951--ak--10,cdca04e0bc6ce855,e- l,
31,prot-1951--ak--10,cdca04e0bc6ce855,r- s,
0,prot-1951--ak--10,cdca04e0bc6ce855,s- o,
1,prot-1951--ak--10,cdca04e0bc6ce855,n- l,
2,prot-1951--ak--10,cdca04e0bc6ce855,t- l,
3,prot-1951--ak--10,cdca04e0bc6ce855,k- n,
4,prot-1951--ak--10,cdca04e0bc6ce855,f- t,
5,prot-1951--ak--10,cdca04e0bc6ce855,l- m,
6,prot-1951--ak--10,cdca04e0bc6ce855,t- t,
7,prot-1951--ak--10,cdca04e0bc6ce855,t- s,
8,prot-1951--ak--10,cdca04e0bc6ce855,å- g,
9,prot-1951--ak--10,cdca04e0bc6ce855,m- l,
10,prot-1951--ak--10,cdca04e0bc6ce855,o- t,
11,prot-1951--ak--10,cdca04e0bc6ce855,d- n,
12,prot-1951--ak--10,cdca04e0bc6ce855,n- d,
13,prot-1951--ak--10,cdca04e0bc6ce855,t- n,
14,prot-1951--ak--10,cdca04e0bc6ce855,t- r,
15,prot-1951--ak--10,cdca04e0bc6ce855,l- s,
16,prot-1951--ak--10,cdca04e0bc6ce855,u- n,
17,prot-1951--ak--10,cdca04e0bc6ce855,l- t,
18,prot-1951--ak--10,cdca04e0bc6ce855,e- t,
19,prot-1951--ak--10,cdca04e0bc6ce855,m- m,
20,prot-1951--ak--10,cdca04e0bc6ce855,s- å,
21,prot-1951--ak--10,cdca04e0bc6ce855,t- n,
22,prot-1951--ak--10,cdca04e0bc6ce855,a- k,
23,prot-1951--ak--10,cdca04e0bc6ce855,n- c,
24,prot-1951--ak--10,cdca04e0bc6ce855,e- s,
25,prot-1951--ak--10,cdca04e0bc6ce855,l- l,
26,prot-1951--ak--10,cdca04e0bc6ce855,u- v,
27,prot-1951--ak--10,cdca04e0bc6ce855,e- s,
28,prot-1951--ak--10,cdca04e0bc6ce855,u- r,
29,prot-1951--ak--10,cdca04e0bc6ce855,s- b,
30,prot-1951--ak--10,cdca04e0bc6ce855,d- n,
31,prot-1951--ak--10,cdca04e0bc6ce855,n- d,
0,prot-1951--ak--10,7b16a01c980ae2ac,"r
s",
1,prot-1951--ak--10,7b16a01c980ae2ac,",
a",
2,prot-1951--ak--10,cdca04e0bc6ce855,s- ö,
3,prot-1951--ak--10,cdca04e0bc6ce855,i- f,
4,prot-1951--ak--10,cdca04e0bc6ce855,t- t,
5,prot-1951--ak--10,cdca04e0bc6ce855,m- s,
6,prot-1951--ak--10,cdca04e0bc6ce855,a- t,
7,prot-1951--ak--10,cdca04e0bc6ce855,ä- g,
8,prot-1951--ak--10,cdca04e0bc6ce855,d- n,
9,prot-1951--ak--10,cdca04e0bc6ce855,d- k,
10,prot-1951--ak--10,cdca04e0bc6ce855,å- t,
11,prot-1951--ak--10,cdca04e0bc6ce855,o- s,
12,prot-1951--ak--10,cdca04e0bc6ce855,p- r,
13,prot-1951--ak--10,cdca04e0bc6ce855,m- s,
14,prot-1951--ak--10,cdca04e0bc6ce855,o- s,
15,prot-1951--ak--10,cdca04e0bc6ce855,m- s,
16,prot-1951--ak--10,cdca04e0bc6ce855,s- b,
17,prot-1951--ak--10,cdca04e0bc6ce855,o- n,
18,prot-1951--ak--10,cdca04e0bc6ce855,a- h,
19,prot-1951--ak--10,cdca04e0bc6ce855,n- d,
0,prot-1951--ak--10,cdca04e0bc6ce855,m- s,
1,prot-1951--ak--10,cdca04e0bc6ce855,d- k,
2,prot-1951--ak--10,cdca04e0bc6ce855,å- d,
3,prot-1951--ak--10,cdca04e0bc6ce855,d- n,
4,prot-1951--ak--10,cdca04e0bc6ce855,l- s,
5,prot-1951--ak--10,cdca04e0bc6ce855,s- s,
6,prot-1951--ak--10,cdca04e0bc6ce855,o- n,
7,prot-1951--ak--10,cdca04e0bc6ce855,n- d,
8,prot-1951--ak--10,cdca04e0bc6ce855,s- h,
9,prot-1951--ak--10,cdca04e0bc6ce855,o- t,
10,prot-1951--ak--10,cdca04e0bc6ce855,o- n,
11,prot-1951--ak--10,cdca04e0bc6ce855,i- g,
12,prot-1951--ak--10,cdca04e0bc6ce855,v- g,
13,prot-1951--ak--10,cdca04e0bc6ce855,å- f,
14,prot-1951--ak--10,cdca04e0bc6ce855,d- r,
15,prot-1951--ak--10,cdca04e0bc6ce855,d- n,
16,prot-1951--ak--10,cdca04e0bc6ce855,d- l,
17,prot-1951--ak--10,cdca04e0bc6ce855,e- d,
18,prot-1951--ak--10,cdca04e0bc6ce855,r- v,
19,prot-1951--ak--10,cdca04e0bc6ce855,e- f,
20,prot-1951--ak--10,cdca04e0bc6ce855,r- k,
21,prot-1951--ak--10,cdca04e0bc6ce855,t- g,
22,prot-1951--ak--10,cdca04e0bc6ce855,s- b,
23,prot-1951--ak--10,cdca04e0bc6ce855,f- t,
24,prot-1951--ak--10,cdca04e0bc6ce855,r- k,
25,prot-1951--ak--10,cdca04e0bc6ce855,d- n,
26,prot-1951--ak--10,cdca04e0bc6ce855,b- b,
27,prot-1951--ak--10,cdca04e0bc6ce855,i- s,
0,prot-1951--ak--10,cdca04e0bc6ce855,l- r,
1,prot-1951--ak--10,cdca04e0bc6ce855,v- l,
2,prot-1951--ak--10,cdca04e0bc6ce855,r- o,
3,prot-1951--ak--10,cdca04e0bc6ce855,o- m,
4,prot-1951--ak--10,cdca04e0bc6ce855,m- m,
5,prot-1951--ak--10,cdca04e0bc6ce855,m- m,
6,prot-1951--ak--10,cdca04e0bc6ce855,n- s,
7,prot-1951--ak--10,cdca04e0bc6ce855,r- v,
8,prot-1951--ak--10,cdca04e0bc6ce855,l- m,
9,prot-1951--ak--10,cdca04e0bc6ce855,t- s,
10,prot-1951--ak--10,cdca04e0bc6ce855,v- g,
11,prot-1951--ak--10,cdca04e0bc6ce855,n- d,
12,prot-1951--ak--10,cdca04e0bc6ce855,k- l,
13,prot-1951--ak--10,cdca04e0bc6ce855,g- r,
14,prot-1951--ak--10,cdca04e0bc6ce855,å- s,
15,prot-1951--ak--10,cdca04e0bc6ce855,t- s,
16,prot-1951--ak--10,cdca04e0bc6ce855,ä- r,
17,prot-1951--ak--10,cdca04e0bc6ce855,e- g,
18,prot-1951--ak--10,cdca04e0bc6ce855,n- s,
19,prot-1951--ak--10,cdca04e0bc6ce855,r- t,
20,prot-1951--ak--10,cdca04e0bc6ce855,t- g,
21,prot-1951--ak--10,cdca04e0bc6ce855,n- d,
22,prot-1951--ak--10,cdca04e0bc6ce855,m- s,
23,prot-1951--ak--10,cdca04e0bc6ce855,e- r,
24,prot-1951--ak--10,cdca04e0bc6ce855,å- g,
25,prot-1951--ak--10,cdca04e0bc6ce855,l- j,
26,prot-1951--ak--10,cdca04e0bc6ce855,p- p,
27,prot-1951--ak--10,cdca04e0bc6ce855,m- t,
28,prot-1951--ak--10,cdca04e0bc6ce855,l- k,
29,prot-1951--ak--10,cdca04e0bc6ce855,n- l,
30,prot-1951--ak--10,cdca04e0bc6ce855,p- p,
31,prot-1951--ak--10,cdca04e0bc6ce855,i- f,
0,prot-1951--ak--10,7b16a01c980ae2ac,"r
b",
1,prot-1951--ak--10,cdca04e0bc6ce855,a- o,
2,prot-1951--ak--10,cdca04e0bc6ce855,o- s,
3,prot-1951--ak--10,cdca04e0bc6ce855,e- s,
4,prot-1951--ak--10,cdca04e0bc6ce855,s- p,
5,prot-1951--ak--10,cdca04e0bc6ce855,f- t,
6,prot-1951--ak--10,cdca04e0bc6ce855,s- p,
7,prot-1951--ak--10,cdca04e0bc6ce855,p- l,
8,prot-1951--ak--10,cdca04e0bc6ce855,a- g,
9,prot-1951--ak--10,cdca04e0bc6ce855,a- d,
10,prot-1951--ak--10,cdca04e0bc6ce855,a- r,
11,prot-1951--ak--10,cdca04e0bc6ce855,a- o,
12,prot-1951--ak--10,cdca04e0bc6ce855,n- d,
13,prot-1951--ak--10,cdca04e0bc6ce855,k- n,
14,prot-1951--ak--10,cdca04e0bc6ce855,a- o,
15,prot-1951--ak--10,cdca04e0bc6ce855,e- m,
16,prot-1951--ak--10,cdca04e0bc6ce855,r- t,
17,prot-1951--ak--10,cdca04e0bc6ce855,a- o,
18,prot-1951--ak--10,cdca04e0bc6ce855,r- n,
19,prot-1951--ak--10,cdca04e0bc6ce855,a- o,
20,prot-1951--ak--10,cdca04e0bc6ce855,s- a,
21,prot-1951--ak--10,cdca04e0bc6ce855,s- v,
22,prot-1951--ak--10,cdca04e0bc6ce855,e- g,
23,prot-1951--ak--10,cdca04e0bc6ce855,s- t,
24,prot-1951--ak--10,cdca04e0bc6ce855,r- n,
25,prot-1951--ak--10,cdca04e0bc6ce855,s- s,
26,prot-1951--ak--10,cdca04e0bc6ce855,r- s,
27,prot-1951--ak--10,cdca04e0bc6ce855,r- s,
28,prot-1951--ak--10,cdca04e0bc6ce855,a- o,
29,prot-1951--ak--10,cdca04e0bc6ce855,e- m,
30,prot-1951--ak--10,cdca04e0bc6ce855,ö- n,
31,prot-1951--ak--10,cdca04e0bc6ce855,a- o,
32,prot-1951--ak--10,cdca04e0bc6ce855,r- n,
33,prot-1951--ak--10,cdca04e0bc6ce855,a- o,
34,prot-1951--ak--10,cdca04e0bc6ce855,s- a,
0,prot-1951--ak--10,cdca04e0bc6ce855,a- o,
1,prot-1951--ak--10,cdca04e0bc6ce855,s- s,
2,prot-1951--ak--10,cdca04e0bc6ce855,o- t,
3,prot-1951--ak--10,cdca04e0bc6ce855,a- o,
4,prot-1951--ak--10,cdca04e0bc6ce855,s- v,
5,prot-1951--ak--10,cdca04e0bc6ce855,t- r,
6,prot-1951--ak--10,cdca04e0bc6ce855,i- p,
7,prot-1951--ak--10,cdca04e0bc6ce855,e- m,
8,prot-1951--ak--10,cdca04e0bc6ce855,t- s,
9,prot-1951--ak--10,cdca04e0bc6ce855,n- l,
10,prot-1951--ak--10,cdca04e0bc6ce855,o- l,
11,prot-1951--ak--10,cdca04e0bc6ce855,e- m,
12,prot-1951--ak--10,cdca04e0bc6ce855,j- n,
13,prot-1951--ak--10,cdca04e0bc6ce855,k- s,
14,prot-1951--ak--10,cdca04e0bc6ce855,e- a,
15,prot-1951--ak--10,cdca04e0bc6ce855,o- l,
16,prot-1951--ak--10,cdca04e0bc6ce855,ä- r,
17,prot-1951--ak--10,cdca04e0bc6ce855,r- e,
18,prot-1951--ak--10,cdca04e0bc6ce855,s- k,
19,prot-1951--ak--10,cdca04e0bc6ce855,j- n,
20,prot-1951--ak--10,cdca04e0bc6ce855,s- g,
21,prot-1951--ak--10,cdca04e0bc6ce855,i- v,
22,prot-1951--ak--10,cdca04e0bc6ce855,s- g,
23,prot-1951--ak--10,cdca04e0bc6ce855,p- f,
24,prot-1951--ak--10,cdca04e0bc6ce855,r- n,
25,prot-1951--ak--10,cdca04e0bc6ce855,t- b,
26,prot-1951--ak--10,cdca04e0bc6ce855,s- s,
27,prot-1951--ak--10,cdca04e0bc6ce855,n- l,
28,prot-1951--ak--10,cdca04e0bc6ce855,v- v,
29,prot-1951--ak--10,cdca04e0bc6ce855,s- s,
30,prot-1951--ak--10,cdca04e0bc6ce855,p- f,
31,prot-1951--ak--10,cdca04e0bc6ce855,e- s,
32,prot-1951--ak--10,cdca04e0bc6ce855,i- g,
33,prot-1951--ak--10,cdca04e0bc6ce855,r- v,
34,prot-1951--ak--10,cdca04e0bc6ce855,n- n,
0,prot-1951--ak--10,cdca04e0bc6ce855,a- o,
1,prot-1951--ak--10,cdca04e0bc6ce855,k- h,
2,prot-1951--ak--10,cdca04e0bc6ce855,ö- k,
3,prot-1951--ak--10,cdca04e0bc6ce855,o- n,
4,prot-1951--ak--10,cdca04e0bc6ce855,ö- k,
5,prot-1951--ak--10,cdca04e0bc6ce855,n- c,
6,prot-1951--ak--10,cdca04e0bc6ce855,m- p,
7,prot-1951--ak--10,cdca04e0bc6ce855,s- v,
8,prot-1951--ak--10,cdca04e0bc6ce855,n- l,
9,prot-1951--ak--10,cdca04e0bc6ce855,r- ä,
10,prot-1951--ak--10,cdca04e0bc6ce855,r- l,
11,prot-1951--ak--10,cdca04e0bc6ce855,n- l,
12,prot-1951--ak--10,cdca04e0bc6ce855,l- l,
13,prot-1951--ak--10,cdca04e0bc6ce855,e- s,
14,prot-1951--ak--10,cdca04e0bc6ce855,n- n,
15,prot-1951--ak--10,cdca04e0bc6ce855,r- o,
16,prot-1951--ak--10,cdca04e0bc6ce855,ä- r,
17,prot-1951--ak--10,cdca04e0bc6ce855,r- n,
18,prot-1951--ak--10,cdca04e0bc6ce855,n- t,
19,prot-1951--ak--10,cdca04e0bc6ce855,m- f,
20,prot-1951--ak--10,cdca04e0bc6ce855,o- t,
21,prot-1951--ak--10,cdca04e0bc6ce855,r- l,
22,prot-1951--ak--10,cdca04e0bc6ce855,s- p,
23,prot-1951--ak--10,cdca04e0bc6ce855,n- d,
24,prot-1951--ak--10,cdca04e0bc6ce855,r- n,
25,prot-1951--ak--10,cdca04e0bc6ce855,ö- r,
26,prot-1951--ak--10,cdca04e0bc6ce855,e- k,
27,prot-1951--ak--10,cdca04e0bc6ce855,n- n,
28,prot-1951--ak--10,cdca04e0bc6ce855,ö- k,
29,prot-1951--ak--10,cdca04e0bc6ce855,j- l,
30,prot-1951--ak--10,cdca04e0bc6ce855,ö- r,
31,prot-1951--ak--10,cdca04e0bc6ce855,g- d,
32,prot-1951--ak--10,cdca04e0bc6ce855,e- s,
33,prot-1951--ak--10,cdca04e0bc6ce855,i- t,
34,prot-1951--ak--10,cdca04e0bc6ce855,m- r,
35,prot-1951--ak--10,cdca04e0bc6ce855,n- h,
36,prot-1951--ak--10,cdca04e0bc6ce855,n- d,
37,prot-1951--ak--10,cdca04e0bc6ce855,n- l,
38,prot-1951--ak--10,cdca04e0bc6ce855,f- f,
0,prot-1951--ak--10,cdca04e0bc6ce855,a- o,
1,prot-1951--ak--10,cdca04e0bc6ce855,t- n,
2,prot-1951--ak--10,cdca04e0bc6ce855,l- n,
3,prot-1951--ak--10,cdca04e0bc6ce855,ö- r,
4,prot-1951--ak--10,cdca04e0bc6ce855,e- r,
5,prot-1951--ak--10,cdca04e0bc6ce855,t- n,
6,prot-1951--ak--10,cdca04e0bc6ce855,o- l,
7,prot-1951--ak--10,cdca04e0bc6ce855,n- l,
8,prot-1951--ak--10,cdca04e0bc6ce855,n- d,
9,prot-1951--ak--10,cdca04e0bc6ce855,å- g,
10,prot-1951--ak--10,cdca04e0bc6ce855,o- n,
11,prot-1951--ak--10,cdca04e0bc6ce855,n- d,
12,prot-1951--ak--10,cdca04e0bc6ce855,i- r,
13,prot-1951--ak--10,cdca04e0bc6ce855,d- n,
14,prot-1951--ak--10,cdca04e0bc6ce855,o- n,
15,prot-1951--ak--10,cdca04e0bc6ce855,a- t,
16,prot-1951--ak--10,cdca04e0bc6ce855,s- p,
17,prot-1951--ak--10,cdca04e0bc6ce855,t- s,
18,prot-1951--ak--10,cdca04e0bc6ce855,s- s,
19,prot-1951--ak--10,cdca04e0bc6ce855,a- l,
20,prot-1951--ak--10,cdca04e0bc6ce855,e- l,
21,prot-1951--ak--10,cdca04e0bc6ce855,n- l,
22,prot-1951--ak--10,cdca04e0bc6ce855,d- s,
23,prot-1951--ak--10,cdca04e0bc6ce855,g- d,
24,prot-1951--ak--10,cdca04e0bc6ce855,n- l,
25,prot-1951--ak--10,cdca04e0bc6ce855,m- r,
26,prot-1951--ak--10,cdca04e0bc6ce855,n- s,
0,prot-1951--ak--10,7b16a01c980ae2ac,"t
d",
1,prot-1951--ak--10,cdca04e0bc6ce855,t- s,
2,prot-1951--ak--10,cdca04e0bc6ce855,n- d,
3,prot-1951--ak--10,cdca04e0bc6ce855,o- p,
4,prot-1951--ak--10,cdca04e0bc6ce855,p- l,
5,prot-1951--ak--10,cdca04e0bc6ce855,a- g,
6,prot-1951--ak--10,cdca04e0bc6ce855,a- r,
7,prot-1951--ak--10,cdca04e0bc6ce855,o- p,
8,prot-1951--ak--10,cdca04e0bc6ce855,r- j,
9,prot-1951--ak--10,cdca04e0bc6ce855,r- k,
10,prot-1951--ak--10,cdca04e0bc6ce855,t- t,
11,prot-1951--ak--10,cdca04e0bc6ce855,o- s,
12,prot-1951--ak--10,cdca04e0bc6ce855,s- a,
13,prot-1951--ak--10,cdca04e0bc6ce855,e- l,
14,prot-1951--ak--10,cdca04e0bc6ce855,e- h,
15,prot-1951--ak--10,cdca04e0bc6ce855,s- b,
16,prot-1951--ak--10,cdca04e0bc6ce855,s- k,
17,prot-1951--ak--10,cdca04e0bc6ce855,y- s,
18,prot-1951--ak--10,cdca04e0bc6ce855,r- m,
19,prot-1951--ak--10,cdca04e0bc6ce855,t- h,
20,prot-1951--ak--10,cdca04e0bc6ce855,t- r,
21,prot-1951--ak--10,cdca04e0bc6ce855,l- h,
22,prot-1951--ak--10,cdca04e0bc6ce855,s- b,
23,prot-1951--ak--10,cdca04e0bc6ce855,m- m,
24,prot-1951--ak--10,cdca04e0bc6ce855,s- k,
0,prot-1951--ak--10,7b16a01c980ae2ac,"e
a",
1,prot-1951--ak--10,7b16a01c980ae2ac,"e
a",
2,prot-1951--ak--10,cdca04e0bc6ce855,r- k,
3,prot-1951--ak--10,cdca04e0bc6ce855,t- å,
4,prot-1951--ak--10,cdca04e0bc6ce855,r- s,
5,prot-1951--ak--10,cdca04e0bc6ce855,s- n,
6,prot-1951--ak--10,cdca04e0bc6ce855,s- l,
7,prot-1951--ak--10,cdca04e0bc6ce855,n- v,
8,prot-1951--ak--10,cdca04e0bc6ce855,e- r,
9,prot-1951--ak--10,cdca04e0bc6ce855,e- r,
10,prot-1951--ak--10,cdca04e0bc6ce855,s- t,
11,prot-1951--ak--10,cdca04e0bc6ce855,o- h,
12,prot-1951--ak--10,cdca04e0bc6ce855,t- s,
13,prot-1951--ak--10,cdca04e0bc6ce855,r- s,
14,prot-1951--ak--10,cdca04e0bc6ce855,n- v,
15,prot-1951--ak--10,cdca04e0bc6ce855,r- b,
16,prot-1951--ak--10,cdca04e0bc6ce855,e- m,
17,prot-1951--ak--10,cdca04e0bc6ce855,s- l,
18,prot-1951--ak--10,cdca04e0bc6ce855,o- t,
19,prot-1951--ak--10,cdca04e0bc6ce855,a- r,
20,prot-1951--ak--10,cdca04e0bc6ce855,s- c,
21,prot-1951--ak--10,cdca04e0bc6ce855,r- s,
22,prot-1951--ak--10,cdca04e0bc6ce855,g- a,
23,prot-1951--ak--10,cdca04e0bc6ce855,ä- s,
24,prot-1951--ak--10,cdca04e0bc6ce855,c- k,
25,prot-1951--ak--10,cdca04e0bc6ce855,k- s,
26,prot-1951--ak--10,cdca04e0bc6ce855,c- k,
0,prot-1951--ak--10,cdca04e0bc6ce855,n- d,
1,prot-1951--ak--10,cdca04e0bc6ce855,å- n,
2,prot-1951--ak--10,cdca04e0bc6ce855,å- n,
3,prot-1951--ak--10,cdca04e0bc6ce855,e- p,
4,prot-1951--ak--10,cdca04e0bc6ce855,k- t,
5,prot-1951--ak--10,cdca04e0bc6ce855,e- t,
6,prot-1951--ak--10,cdca04e0bc6ce855,a- d,
7,prot-1951--ak--10,cdca04e0bc6ce855,g- r,
8,prot-1951--ak--10,cdca04e0bc6ce855,r- v,
9,prot-1951--ak--10,cdca04e0bc6ce855,t- n,
10,prot-1951--ak--10,cdca04e0bc6ce855,a- m,
11,prot-1951--ak--10,cdca04e0bc6ce855,d- s,
12,prot-1951--ak--10,cdca04e0bc6ce855,s- k,
13,prot-1951--ak--10,cdca04e0bc6ce855,r- b,
14,prot-1951--ak--10,cdca04e0bc6ce855,m- h,
15,prot-1951--ak--10,cdca04e0bc6ce855,s- b,
16,prot-1951--ak--10,cdca04e0bc6ce855,t- t,
17,prot-1951--ak--10,cdca04e0bc6ce855,k- t,
18,prot-1951--ak--10,cdca04e0bc6ce855,s- s,
19,prot-1951--ak--10,cdca04e0bc6ce855,n- m,
20,prot-1951--ak--10,cdca04e0bc6ce855,i- d,
21,prot-1951--ak--10,cdca04e0bc6ce855,s- l,
22,prot-1951--ak--10,cdca04e0bc6ce855,p- p,
23,prot-1951--ak--10,cdca04e0bc6ce855,r- b,
24,prot-1951--ak--10,cdca04e0bc6ce855,e- d,
25,prot-1951--ak--10,cdca04e0bc6ce855,i- g,
0,prot-1951--ak--10,cdca04e0bc6ce855,s- s,
1,prot-1951--ak--10,cdca04e0bc6ce855,e- n,
2,prot-1951--ak--10,cdca04e0bc6ce855,r- t,
3,prot-1951--ak--10,cdca04e0bc6ce855,n- s,
4,prot-1951--ak--10,cdca04e0bc6ce855,p- n,
5,prot-1951--ak--10,cdca04e0bc6ce855,r- f,
6,prot-1951--ak--10,cdca04e0bc6ce855,t- s,
7,prot-1951--ak--10,cdca04e0bc6ce855,e- n,
8,prot-1951--ak--10,cdca04e0bc6ce855,n- l,
9,prot-1951--ak--10,cdca04e0bc6ce855,e- s,
10,prot-1951--ak--10,cdca04e0bc6ce855,e- n,
11,prot-1951--ak--10,cdca04e0bc6ce855,n- t,
12,prot-1951--ak--10,cdca04e0bc6ce855,g- e,
13,prot-1951--ak--10,cdca04e0bc6ce855,a- t,
14,prot-1951--ak--10,cdca04e0bc6ce855,a- t,
15,prot-1951--ak--10,cdca04e0bc6ce855,n- n,
16,prot-1951--ak--10,cdca04e0bc6ce855,a- t,
17,prot-1951--ak--10,cdca04e0bc6ce855,e- r,
18,prot-1951--ak--10,cdca04e0bc6ce855,r- a,
19,prot-1951--ak--10,cdca04e0bc6ce855,å- g,
20,prot-1951--ak--10,cdca04e0bc6ce855,a- g,
21,prot-1951--ak--10,cdca04e0bc6ce855,s- g,
22,prot-1951--ak--10,cdca04e0bc6ce855,s- f,
23,prot-1951--ak--10,cdca04e0bc6ce855,s- b,
24,prot-1951--ak--10,cdca04e0bc6ce855,n- t,
0,prot-1951--ak--10,cdca04e0bc6ce855,s- k,
1,prot-1951--ak--10,cdca04e0bc6ce855,s- b,
2,prot-1951--ak--10,cdca04e0bc6ce855,l- j,
3,prot-1951--ak--10,cdca04e0bc6ce855,k- n,
4,prot-1951--ak--10,cdca04e0bc6ce855,n- d,
5,prot-1951--ak--10,cdca04e0bc6ce855,a- l,
6,prot-1951--ak--10,cdca04e0bc6ce855,s- k,
7,prot-1951--ak--10,cdca04e0bc6ce855,e- m,
8,prot-1951--ak--10,cdca04e0bc6ce855,s- s,
9,prot-1951--ak--10,cdca04e0bc6ce855,r- s,
10,prot-1951--ak--10,cdca04e0bc6ce855,å- d,
11,prot-1951--ak--10,cdca04e0bc6ce855,r- h,
12,prot-1951--ak--10,cdca04e0bc6ce855,l- g,
13,prot-1951--ak--10,cdca04e0bc6ce855,d- r,
14,prot-1951--ak--10,cdca04e0bc6ce855,r- n,
15,prot-1951--ak--10,cdca04e0bc6ce855,g- e,
16,prot-1951--ak--10,cdca04e0bc6ce855,s- l,
17,prot-1951--ak--10,cdca04e0bc6ce855,e- n,
18,prot-1951--ak--10,cdca04e0bc6ce855,g- a,
19,prot-1951--ak--10,cdca04e0bc6ce855,r- b,
20,prot-1951--ak--10,cdca04e0bc6ce855,n- s,
21,prot-1951--ak--10,cdca04e0bc6ce855,d- n,
22,prot-1951--ak--10,cdca04e0bc6ce855,s- s,
23,prot-1951--ak--10,cdca04e0bc6ce855,k- n,
24,prot-1951--ak--10,cdca04e0bc6ce855,t- g,
25,prot-1951--ak--10,cdca04e0bc6ce855,r- s,
26,prot-1951--ak--10,cdca04e0bc6ce855,s- t,
27,prot-1951--ak--10,cdca04e0bc6ce855,l- s,
28,prot-1951--ak--10,cdca04e0bc6ce855,r- n,
29,prot-1951--ak--10,cdca04e0bc6ce855,t- n,
0,prot-1951--ak--10,cdca04e0bc6ce855,p- m,
1,prot-1951--ak--10,cdca04e0bc6ce855,n- t,
2,prot-1951--ak--10,cdca04e0bc6ce855,r- f,
3,prot-1951--ak--10,cdca04e0bc6ce855,d- r,
4,prot-1951--ak--10,cdca04e0bc6ce855,s- k,
5,prot-1951--ak--10,cdca04e0bc6ce855,r- s,
6,prot-1951--ak--10,cdca04e0bc6ce855,s- u,
7,prot-1951--ak--10,cdca04e0bc6ce855,n- d,
8,prot-1951--ak--10,cdca04e0bc6ce855,t- s,
9,prot-1951--ak--10,cdca04e0bc6ce855,å- s,
10,prot-1951--ak--10,cdca04e0bc6ce855,g- v,
11,prot-1951--ak--10,cdca04e0bc6ce855,k- r,
12,prot-1951--ak--10,cdca04e0bc6ce855,s- l,
13,prot-1951--ak--10,cdca04e0bc6ce855,s- s,
14,prot-1951--ak--10,cdca04e0bc6ce855,å- g,
15,prot-1951--ak--10,cdca04e0bc6ce855,f- t,
16,prot-1951--ak--10,cdca04e0bc6ce855,s- s,
17,prot-1951--ak--10,cdca04e0bc6ce855,s- s,
18,prot-1951--ak--10,cdca04e0bc6ce855,n- h,
19,prot-1951--ak--10,cdca04e0bc6ce855,o- t,
20,prot-1951--ak--10,cdca04e0bc6ce855,r- b,
21,prot-1951--ak--10,cdca04e0bc6ce855,a- t,
22,prot-1951--ak--10,cdca04e0bc6ce855,r- e,
23,prot-1951--ak--10,cdca04e0bc6ce855,n- c,
24,prot-1951--ak--10,cdca04e0bc6ce855,r- f,
0,prot-1951--ak--10,cdca04e0bc6ce855,a- d,
1,prot-1951--ak--10,cdca04e0bc6ce855,s- l,
2,prot-1951--ak--10,cdca04e0bc6ce855,g- a,
3,prot-1951--ak--10,cdca04e0bc6ce855,d- r,
4,prot-1951--ak--10,cdca04e0bc6ce855,a- g,
5,prot-1951--ak--10,cdca04e0bc6ce855,l- m,
6,prot-1951--ak--10,cdca04e0bc6ce855,r- v,
7,prot-1951--ak--10,cdca04e0bc6ce855,å- g,
8,prot-1951--ak--10,cdca04e0bc6ce855,n- d,
9,prot-1951--ak--10,cdca04e0bc6ce855,r- b,
10,prot-1951--ak--10,cdca04e0bc6ce855,s- l,
11,prot-1951--ak--10,cdca04e0bc6ce855,s- h,
12,prot-1951--ak--10,cdca04e0bc6ce855,e- k,
13,prot-1951--ak--10,cdca04e0bc6ce855,r- b,
14,prot-1951--ak--10,cdca04e0bc6ce855,s- h,
15,prot-1951--ak--10,cdca04e0bc6ce855,f- f,
16,prot-1951--ak--10,cdca04e0bc6ce855,m- m,
17,prot-1951--ak--10,cdca04e0bc6ce855,i- v,
18,prot-1951--ak--10,cdca04e0bc6ce855,s- l,
19,prot-1951--ak--10,cdca04e0bc6ce855,i- v,
20,prot-1951--ak--10,cdca04e0bc6ce855,n- h,
21,prot-1951--ak--10,cdca04e0bc6ce855,r- b,
22,prot-1951--ak--10,cdca04e0bc6ce855,l- l,
23,prot-1951--ak--10,cdca04e0bc6ce855,c- k,
24,prot-1951--ak--10,cdca04e0bc6ce855,r- h,
25,prot-1951--ak--10,cdca04e0bc6ce855,l- g,
26,prot-1951--ak--10,cdca04e0bc6ce855,n- s,
0,prot-1951--ak--10,cdca04e0bc6ce855,n- f,
1,prot-1951--ak--10,cdca04e0bc6ce855,r- b,
2,prot-1951--ak--10,cdca04e0bc6ce855,r- s,
3,prot-1951--ak--10,cdca04e0bc6ce855,t- t,
4,prot-1951--ak--10,cdca04e0bc6ce855,s- h,
5,prot-1951--ak--10,cdca04e0bc6ce855,r- k,
6,prot-1951--ak--10,cdca04e0bc6ce855,s- t,
7,prot-1951--ak--10,cdca04e0bc6ce855,e- a,
8,prot-1951--ak--10,cdca04e0bc6ce855,r- t,
9,prot-1951--ak--10,cdca04e0bc6ce855,r- b,
10,prot-1951--ak--10,cdca04e0bc6ce855,e- s,
11,prot-1951--ak--10,cdca04e0bc6ce855,l- j,
12,prot-1951--ak--10,cdca04e0bc6ce855,s- g,
13,prot-1951--ak--10,cdca04e0bc6ce855,r- b,
14,prot-1951--ak--10,cdca04e0bc6ce855,n- t,
15,prot-1951--ak--10,cdca04e0bc6ce855,m- l,
16,prot-1951--ak--10,cdca04e0bc6ce855,m- r,
17,prot-1951--ak--10,cdca04e0bc6ce855,j- f,
18,prot-1951--ak--10,cdca04e0bc6ce855,k- k,
19,prot-1951--ak--10,cdca04e0bc6ce855,n- n,
20,prot-1951--ak--10,cdca04e0bc6ce855,t- s,
21,prot-1951--ak--10,cdca04e0bc6ce855,g- a,
22,prot-1951--ak--10,cdca04e0bc6ce855,e- m,
23,prot-1951--ak--10,cdca04e0bc6ce855,l- h,
24,prot-1951--ak--10,cdca04e0bc6ce855,r- s,
25,prot-1951--ak--10,cdca04e0bc6ce855,t- s,
0,prot-1951--ak--10,cdca04e0bc6ce855,e- m,
1,prot-1951--ak--10,cdca04e0bc6ce855,r- v,
2,prot-1951--ak--10,cdca04e0bc6ce855,e- l,
3,prot-1951--ak--10,cdca04e0bc6ce855,r- k,
4,prot-1951--ak--10,cdca04e0bc6ce855,o- b,
5,prot-1951--ak--10,cdca04e0bc6ce855,r- n,
6,prot-1951--ak--10,cdca04e0bc6ce855,i- s,
7,prot-1951--ak--10,cdca04e0bc6ce855,n- n,
8,prot-1951--ak--10,cdca04e0bc6ce855,t- s,
9,prot-1951--ak--10,cdca04e0bc6ce855,e- s,
10,prot-1951--ak--10,cdca04e0bc6ce855,n- s,
11,prot-1951--ak--10,cdca04e0bc6ce855,s- m,
12,prot-1951--ak--10,cdca04e0bc6ce855,r- m,
13,prot-1951--ak--10,cdca04e0bc6ce855,k- l,
14,prot-1951--ak--10,cdca04e0bc6ce855,e- g,
15,prot-1951--ak--10,cdca04e0bc6ce855,r- v,
16,prot-1951--ak--10,cdca04e0bc6ce855,s- l,
17,prot-1951--ak--10,cdca04e0bc6ce855,y- r,
18,prot-1951--ak--10,cdca04e0bc6ce855,e- t,
19,prot-1951--ak--10,cdca04e0bc6ce855,o- s,
20,prot-1951--ak--10,cdca04e0bc6ce855,s- d,
21,prot-1951--ak--10,cdca04e0bc6ce855,l- s,
22,prot-1951--ak--10,cdca04e0bc6ce855,g- h,
23,prot-1951--ak--10,cdca04e0bc6ce855,s- d,
24,prot-1951--ak--10,cdca04e0bc6ce855,g- e,
0,prot-1951--ak--10,cdca04e0bc6ce855,s- a,
1,prot-1951--ak--10,cdca04e0bc6ce855,n- n,
2,prot-1951--ak--10,cdca04e0bc6ce855,o- n,
3,prot-1951--ak--10,cdca04e0bc6ce855,d- n,
4,prot-1951--ak--10,cdca04e0bc6ce855,o- r,
5,prot-1951--ak--10,cdca04e0bc6ce855,d- p,
6,prot-1951--ak--10,cdca04e0bc6ce855,t- f,
7,prot-1951--ak--10,cdca04e0bc6ce855,r- s,
8,prot-1951--ak--10,cdca04e0bc6ce855,r- l,
9,prot-1951--ak--10,cdca04e0bc6ce855,k- t,
10,prot-1951--ak--10,cdca04e0bc6ce855,s- h,
11,prot-1951--ak--10,cdca04e0bc6ce855,n- s,
12,prot-1951--ak--10,cdca04e0bc6ce855,r- b,
13,prot-1951--ak--10,cdca04e0bc6ce855,s- b,
14,prot-1951--ak--10,cdca04e0bc6ce855,s- a,
15,prot-1951--ak--10,cdca04e0bc6ce855,n- t,
16,prot-1951--ak--10,cdca04e0bc6ce855,n- d,
17,prot-1951--ak--10,cdca04e0bc6ce855,e- t,
18,prot-1951--ak--10,cdca04e0bc6ce855,s- b,
19,prot-1951--ak--10,cdca04e0bc6ce855,l- b,
20,prot-1951--ak--10,cdca04e0bc6ce855,r- l,
21,prot-1951--ak--10,cdca04e0bc6ce855,j- d,
22,prot-1951--ak--10,cdca04e0bc6ce855,s- t,
23,prot-1951--ak--10,cdca04e0bc6ce855,m- m,
24,prot-1951--ak--10,cdca04e0bc6ce855,r- d,
25,prot-1951--ak--10,cdca04e0bc6ce855,s- l,
0,prot-1951--ak--10,cdca04e0bc6ce855,r- b,
1,prot-1951--ak--10,cdca04e0bc6ce855,s- h,
2,prot-1951--ak--10,cdca04e0bc6ce855,i- d,
3,prot-1951--ak--10,cdca04e0bc6ce855,d- t,
4,prot-1951--ak--10,cdca04e0bc6ce855,l- t,
5,prot-1951--ak--10,cdca04e0bc6ce855,s- b,
6,prot-1951--ak--10,cdca04e0bc6ce855,ö- r,
7,prot-1951--ak--10,cdca04e0bc6ce855,o- b,
8,prot-1951--ak--10,cdca04e0bc6ce855,n- t,
9,prot-1951--ak--10,cdca04e0bc6ce855,l- n,
10,prot-1951--ak--10,cdca04e0bc6ce855,e- t,
11,prot-1951--ak--10,cdca04e0bc6ce855,n- t,
12,prot-1951--ak--10,cdca04e0bc6ce855,n- t,
13,prot-1951--ak--10,cdca04e0bc6ce855,f- t,
14,prot-1951--ak--10,cdca04e0bc6ce855,o- n,
15,prot-1951--ak--10,cdca04e0bc6ce855,n- s,
16,prot-1951--ak--10,cdca04e0bc6ce855,t- r,
17,prot-1951--ak--10,cdca04e0bc6ce855,s- f,
18,prot-1951--ak--10,cdca04e0bc6ce855,o- n,
19,prot-1951--ak--10,cdca04e0bc6ce855,d- s,
20,prot-1951--ak--10,cdca04e0bc6ce855,s- d,
21,prot-1951--ak--10,cdca04e0bc6ce855,n- n,
22,prot-1951--ak--10,cdca04e0bc6ce855,y- k,
23,prot-1951--ak--10,cdca04e0bc6ce855,n- l,
24,prot-1951--ak--10,cdca04e0bc6ce855,k- n,
25,prot-1951--ak--10,cdca04e0bc6ce855,ä- g,
26,prot-1951--ak--10,cdca04e0bc6ce855,n- s,
27,prot-1951--ak--10,cdca04e0bc6ce855,t- s,
28,prot-1951--ak--10,cdca04e0bc6ce855,f- f,
29,prot-1951--ak--10,cdca04e0bc6ce855,o- n,
30,prot-1951--ak--10,cdca04e0bc6ce855,ä- g,
31,prot-1951--ak--10,cdca04e0bc6ce855,o- s,
32,prot-1951--ak--10,cdca04e0bc6ce855,f- f,
33,prot-1951--ak--10,cdca04e0bc6ce855,a- t,
34,prot-1951--ak--10,cdca04e0bc6ce855,o- s,
35,prot-1951--ak--10,cdca04e0bc6ce855,s- n,
36,prot-1951--ak--10,cdca04e0bc6ce855,i- f,
0,prot-1951--ak--10,7b16a01c980ae2ac,",
a",
1,prot-1951--ak--10,7b16a01c980ae2ac,"r
p",
2,prot-1951--ak--10,cdca04e0bc6ce855,m- l,
3,prot-1951--ak--10,cdca04e0bc6ce855,o- s,
4,prot-1951--ak--10,cdca04e0bc6ce855,s- l,
5,prot-1951--ak--10,cdca04e0bc6ce855,r- r,
6,prot-1951--ak--10,cdca04e0bc6ce855,e- s,
7,prot-1951--ak--10,cdca04e0bc6ce855,n- n,
8,prot-1951--ak--10,cdca04e0bc6ce855,m- m,
9,prot-1951--ak--10,cdca04e0bc6ce855,a- l,
10,prot-1951--ak--10,cdca04e0bc6ce855,e- s,
11,prot-1951--ak--10,cdca04e0bc6ce855,t- n,
12,prot-1951--ak--10,cdca04e0bc6ce855,s- l,
13,prot-1951--ak--10,cdca04e0bc6ce855,n- d,
14,prot-1951--ak--10,cdca04e0bc6ce855,e- m,
15,prot-1951--ak--10,cdca04e0bc6ce855,s- t,
16,prot-1951--ak--10,cdca04e0bc6ce855,n- s,
17,prot-1951--ak--10,cdca04e0bc6ce855,a- l,
18,prot-1951--ak--10,cdca04e0bc6ce855,n- g,
19,prot-1951--ak--10,cdca04e0bc6ce855,t- s,
20,prot-1951--ak--10,cdca04e0bc6ce855,n- r,
21,prot-1951--ak--10,cdca04e0bc6ce855,s- l,
22,prot-1951--ak--10,cdca04e0bc6ce855,t- s,
23,prot-1951--ak--10,cdca04e0bc6ce855,r- h,
24,prot-1951--ak--10,cdca04e0bc6ce855,n- s,
0,prot-1951--ak--10,7b16a01c980ae2ac,"n
p",
1,prot-1951--ak--10,cdca04e0bc6ce855,s- o,
2,prot-1951--ak--10,cdca04e0bc6ce855,t- n,
3,prot-1951--ak--10,cdca04e0bc6ce855,u- s,
4,prot-1951--ak--10,cdca04e0bc6ce855,s- k,
5,prot-1951--ak--10,cdca04e0bc6ce855,m- t,
6,prot-1951--ak--10,cdca04e0bc6ce855,e- b,
7,prot-1951--ak--10,cdca04e0bc6ce855,s- o,
8,prot-1951--ak--10,cdca04e0bc6ce855,l- b,
9,prot-1951--ak--10,cdca04e0bc6ce855,e- t,
10,prot-1951--ak--10,cdca04e0bc6ce855,i- g,
11,prot-1951--ak--10,cdca04e0bc6ce855,u- v,
12,prot-1951--ak--10,cdca04e0bc6ce855,a- l,
13,prot-1951--ak--10,cdca04e0bc6ce855,g- a,
14,prot-1951--ak--10,cdca04e0bc6ce855,m- m,
15,prot-1951--ak--10,cdca04e0bc6ce855,ö- r,
16,prot-1951--ak--10,cdca04e0bc6ce855,t- t,
17,prot-1951--ak--10,cdca04e0bc6ce855,v- s,
18,prot-1951--ak--10,cdca04e0bc6ce855,n- k,
19,prot-1951--ak--10,cdca04e0bc6ce855,g- e,
20,prot-1951--ak--10,cdca04e0bc6ce855,k- s,
21,prot-1951--ak--10,cdca04e0bc6ce855,g- n,
22,prot-1951--ak--10,cdca04e0bc6ce855,n- d,
23,prot-1951--ak--10,cdca04e0bc6ce855,o- s,
24,prot-1951--ak--10,cdca04e0bc6ce855,n- s,
25,prot-1951--ak--10,cdca04e0bc6ce855,å- g,
26,prot-1951--ak--10,cdca04e0bc6ce855,n- l,
27,prot-1951--ak--10,cdca04e0bc6ce855,ö- r,
28,prot-1951--ak--10,cdca04e0bc6ce855,e- o,
29,prot-1951--ak--10,cdca04e0bc6ce855,s- v,
30,prot-1951--ak--10,cdca04e0bc6ce855,r- s,
31,prot-1951--ak--10,cdca04e0bc6ce855,s- l,
32,prot-1951--ak--10,cdca04e0bc6ce855,p- g,
33,prot-1951--ak--10,cdca04e0bc6ce855,e- v,
34,prot-1951--ak--10,cdca04e0bc6ce855,s- s,
35,prot-1951--ak--10,cdca04e0bc6ce855,o- n,
36,prot-1951--ak--10,cdca04e0bc6ce855,k- s,
0,prot-1951--ak--10,7b16a01c980ae2ac,"s
å",
1,prot-1951--ak--10,7b16a01c980ae2ac,"s
o",
2,prot-1951--ak--10,7b16a01c980ae2ac,"h
i",
3,prot-1951--ak--10,cdca04e0bc6ce855,s- k,
4,prot-1951--ak--10,cdca04e0bc6ce855,a- l,
5,prot-1951--ak--10,cdca04e0bc6ce855,m- m,
6,prot-1951--ak--10,cdca04e0bc6ce855,l- l,
7,prot-1951--ak--10,cdca04e0bc6ce855,g- g,
8,prot-1951--ak--10,cdca04e0bc6ce855,e- g,
9,prot-1951--ak--10,cdca04e0bc6ce855,e- d,
10,prot-1951--ak--10,cdca04e0bc6ce855,k- s,
11,prot-1951--ak--10,cdca04e0bc6ce855,r- d,
12,prot-1951--ak--10,cdca04e0bc6ce855,k- t,
13,prot-1951--ak--10,cdca04e0bc6ce855,t- v,
14,prot-1951--ak--10,cdca04e0bc6ce855,a- l,
15,prot-1951--ak--10,cdca04e0bc6ce855,m- m,
16,prot-1951--ak--10,cdca04e0bc6ce855,n- s,
17,prot-1951--ak--10,cdca04e0bc6ce855,k- n,
18,prot-1951--ak--10,cdca04e0bc6ce855,l- m,
19,prot-1951--ak--10,cdca04e0bc6ce855,r- k,
20,prot-1951--ak--10,cdca04e0bc6ce855,l- m,
21,prot-1951--ak--10,cdca04e0bc6ce855,i- n,
22,prot-1951--ak--10,cdca04e0bc6ce855,r- s,
23,prot-1951--ak--10,cdca04e0bc6ce855,e- t,
24,prot-1951--ak--10,cdca04e0bc6ce855,n- d,
25,prot-1951--ak--10,cdca04e0bc6ce855,i- g,
0,prot-1951--ak--10,7b16a01c980ae2ac,"t
d",
1,prot-1951--ak--10,7b16a01c980ae2ac,"s
k",
2,prot-1951--ak--10,cdca04e0bc6ce855,m- l,
3,prot-1951--ak--10,cdca04e0bc6ce855,c- k,
4,prot-1951--ak--10,cdca04e0bc6ce855,m- m,
5,prot-1951--ak--10,cdca04e0bc6ce855,i- s,
6,prot-1951--ak--10,cdca04e0bc6ce855,m- h,
7,prot-1951--ak--10,cdca04e0bc6ce855,r- b,
8,prot-1951--ak--10,cdca04e0bc6ce855,e- c,
9,prot-1951--ak--10,cdca04e0bc6ce855,n- t,
10,prot-1951--ak--10,cdca04e0bc6ce855,k- k,
11,prot-1951--ak--10,cdca04e0bc6ce855,m- m,
12,prot-1951--ak--10,cdca04e0bc6ce855,n- n,
13,prot-1951--ak--10,cdca04e0bc6ce855,s- k,
14,prot-1951--ak--10,cdca04e0bc6ce855,m- m,
15,prot-1951--ak--10,cdca04e0bc6ce855,a- t,
16,prot-1951--ak--10,cdca04e0bc6ce855,k- t,
17,prot-1951--ak--10,cdca04e0bc6ce855,k- n,
18,prot-1951--ak--10,cdca04e0bc6ce855,n- p,
19,prot-1951--ak--10,cdca04e0bc6ce855,l- l,
20,prot-1951--ak--10,cdca04e0bc6ce855,n- s,
21,prot-1951--ak--10,cdca04e0bc6ce855,e- r,
22,prot-1951--ak--10,cdca04e0bc6ce855,o- r,
23,prot-1951--ak--10,cdca04e0bc6ce855,o- f,
24,prot-1951--ak--10,cdca04e0bc6ce855,m- m,
25,prot-1951--ak--10,cdca04e0bc6ce855,ä- g,
0,prot-1951--ak--10,7b16a01c980ae2ac,"t
d",
1,prot-1951--ak--10,7b16a01c980ae2ac,"e
a",
2,prot-1951--ak--10,cdca04e0bc6ce855,a- t,
3,prot-1951--ak--10,cdca04e0bc6ce855,e- l,
4,prot-1951--ak--10,cdca04e0bc6ce855,e- l,
5,prot-1951--ak--10,cdca04e0bc6ce855,e- l,
6,prot-1951--ak--10,cdca04e0bc6ce855,m- l,
7,prot-1951--ak--10,cdca04e0bc6ce855,t- v,
8,prot-1951--ak--10,cdca04e0bc6ce855,å- p,
9,prot-1951--ak--10,cdca04e0bc6ce855,m- p,
10,prot-1951--ak--10,cdca04e0bc6ce855,ö- v,
11,prot-1951--ak--10,cdca04e0bc6ce855,n- h,
12,prot-1951--ak--10,cdca04e0bc6ce855,t- s,
13,prot-1951--ak--10,cdca04e0bc6ce855,o- p,
14,prot-1951--ak--10,cdca04e0bc6ce855,t- s,
15,prot-1951--ak--10,cdca04e0bc6ce855,t- n,
16,prot-1951--ak--10,cdca04e0bc6ce855,s- t,
17,prot-1951--ak--10,cdca04e0bc6ce855,t- å,
18,prot-1951--ak--10,cdca04e0bc6ce855,s- f,
19,prot-1951--ak--10,cdca04e0bc6ce855,e- r,
20,prot-1951--ak--10,cdca04e0bc6ce855,s- o,
21,prot-1951--ak--10,cdca04e0bc6ce855,e- t,
22,prot-1951--ak--10,cdca04e0bc6ce855,s- o,
23,prot-1951--ak--10,cdca04e0bc6ce855,t- n,
24,prot-1951--ak--10,cdca04e0bc6ce855,p- g,
25,prot-1951--ak--10,cdca04e0bc6ce855,r- s,
26,prot-1951--ak--10,cdca04e0bc6ce855,t- g,
27,prot-1951--ak--10,cdca04e0bc6ce855,a- r,
28,prot-1951--ak--10,cdca04e0bc6ce855,i- v,
29,prot-1951--ak--10,cdca04e0bc6ce855,r- s,
30,prot-1951--ak--10,cdca04e0bc6ce855,l- f,
31,prot-1951--ak--10,cdca04e0bc6ce855,b- b,
32,prot-1951--ak--10,cdca04e0bc6ce855,n- d,
33,prot-1951--ak--10,cdca04e0bc6ce855,d- g,
0,prot-1951--ak--10,cdca04e0bc6ce855,k- p,
1,prot-1951--ak--10,cdca04e0bc6ce855,d- n,
2,prot-1951--ak--10,cdca04e0bc6ce855,s- o,
3,prot-1951--ak--10,cdca04e0bc6ce855,k- d,
4,prot-1951--ak--10,cdca04e0bc6ce855,s- o,
5,prot-1951--ak--10,cdca04e0bc6ce855,m- p,
6,prot-1951--ak--10,cdca04e0bc6ce855,r- m,
7,prot-1951--ak--10,cdca04e0bc6ce855,d- n,
8,prot-1951--ak--10,cdca04e0bc6ce855,d- n,
9,prot-1951--ak--10,cdca04e0bc6ce855,s- a,
10,prot-1951--ak--10,cdca04e0bc6ce855,i- k,
11,prot-1951--ak--10,cdca04e0bc6ce855,m- s,
12,prot-1951--ak--10,cdca04e0bc6ce855,u- v,
13,prot-1951--ak--10,cdca04e0bc6ce855,t- n,
14,prot-1951--ak--10,cdca04e0bc6ce855,r- s,
15,prot-1951--ak--10,cdca04e0bc6ce855,s- o,
16,prot-1951--ak--10,cdca04e0bc6ce855,i- d,
17,prot-1951--ak--10,cdca04e0bc6ce855,n- n,
18,prot-1951--ak--10,cdca04e0bc6ce855,s- b,
19,prot-1951--ak--10,cdca04e0bc6ce855,e- t,
20,prot-1951--ak--10,cdca04e0bc6ce855,n- s,
21,prot-1951--ak--10,cdca04e0bc6ce855,e- s,
22,prot-1951--ak--10,cdca04e0bc6ce855,e- s,
23,prot-1951--ak--10,cdca04e0bc6ce855,l- h,
24,prot-1951--ak--10,cdca04e0bc6ce855,a- g,
25,prot-1951--ak--10,cdca04e0bc6ce855,m- s,
26,prot-1951--ak--10,cdca04e0bc6ce855,a- t,
27,prot-1951--ak--10,cdca04e0bc6ce855,i- g,
28,prot-1951--ak--10,cdca04e0bc6ce855,n- d,
29,prot-1951--ak--10,cdca04e0bc6ce855,t- t,
30,prot-1951--ak--10,cdca04e0bc6ce855,a- k,
31,prot-1951--ak--10,cdca04e0bc6ce855,t- m,
32,prot-1951--ak--10,cdca04e0bc6ce855,t- v,
33,prot-1951--ak--10,cdca04e0bc6ce855,o- f,
0,prot-1951--ak--10,cdca04e0bc6ce855,e- r,
1,prot-1951--ak--10,cdca04e0bc6ce855,n- d,
2,prot-1951--ak--10,cdca04e0bc6ce855,a- d,
3,prot-1951--ak--10,cdca04e0bc6ce855,c- k,
4,prot-1951--ak--10,cdca04e0bc6ce855,r- k,
5,prot-1951--ak--10,cdca04e0bc6ce855,n- n,
6,prot-1951--ak--10,cdca04e0bc6ce855,t- t,
7,prot-1951--ak--10,cdca04e0bc6ce855,e- t,
8,prot-1951--ak--10,cdca04e0bc6ce855,a- d,
9,prot-1951--ak--10,cdca04e0bc6ce855,u- k,
10,prot-1951--ak--10,cdca04e0bc6ce855,ö- r,
11,prot-1951--ak--10,cdca04e0bc6ce855,m- p,
12,prot-1951--ak--10,cdca04e0bc6ce855,n- a,
13,prot-1951--ak--10,cdca04e0bc6ce855,y- k,
14,prot-1951--ak--10,cdca04e0bc6ce855,d- r,
15,prot-1951--ak--10,cdca04e0bc6ce855,s- r,
16,prot-1951--ak--10,cdca04e0bc6ce855,r- f,
17,prot-1951--ak--10,cdca04e0bc6ce855,i- l,
18,prot-1951--ak--10,cdca04e0bc6ce855,e- f,
19,prot-1951--ak--10,cdca04e0bc6ce855,k- d,
20,prot-1951--ak--10,cdca04e0bc6ce855,g- å,
21,prot-1951--ak--10,cdca04e0bc6ce855,o- n,
22,prot-1951--ak--10,cdca04e0bc6ce855,m- p,
23,prot-1951--ak--10,cdca04e0bc6ce855,i- m,
24,prot-1951--ak--10,cdca04e0bc6ce855,l- k,
25,prot-1951--ak--10,cdca04e0bc6ce855,r- t,
26,prot-1951--ak--10,cdca04e0bc6ce855,a- d,
27,prot-1951--ak--10,cdca04e0bc6ce855,s- f,
28,prot-1951--ak--10,cdca04e0bc6ce855,n- k,
29,prot-1951--ak--10,cdca04e0bc6ce855,o- d,
30,prot-1951--ak--10,cdca04e0bc6ce855,r- l,
31,prot-1951--ak--10,cdca04e0bc6ce855,i- v,
32,prot-1951--ak--10,cdca04e0bc6ce855,ö- n,
33,prot-1951--ak--10,cdca04e0bc6ce855,r- d,
34,prot-1951--ak--10,cdca04e0bc6ce855,i- d,
0,prot-1951--ak--10,7b16a01c980ae2ac,",
a",
1,prot-1951--ak--10,cdca04e0bc6ce855,r- b,
2,prot-1951--ak--10,cdca04e0bc6ce855,d- n,
3,prot-1951--ak--10,cdca04e0bc6ce855,g- h,
4,prot-1951--ak--10,cdca04e0bc6ce855,k- n,
5,prot-1951--ak--10,cdca04e0bc6ce855,r- v,
6,prot-1951--ak--10,cdca04e0bc6ce855,n- s,
7,prot-1951--ak--10,cdca04e0bc6ce855,n- n,
8,prot-1951--ak--10,cdca04e0bc6ce855,d- n,
9,prot-1951--ak--10,cdca04e0bc6ce855,s- y,
10,prot-1951--ak--10,cdca04e0bc6ce855,i- t,
11,prot-1951--ak--10,cdca04e0bc6ce855,m- s,
12,prot-1951--ak--10,cdca04e0bc6ce855,ä- g,
13,prot-1951--ak--10,cdca04e0bc6ce855,e- g,
14,prot-1951--ak--10,cdca04e0bc6ce855,e- r,
15,prot-1951--ak--10,cdca04e0bc6ce855,d- k,
16,prot-1951--ak--10,cdca04e0bc6ce855,t- s,
17,prot-1951--ak--10,cdca04e0bc6ce855,o- s,
18,prot-1951--ak--10,cdca04e0bc6ce855,s- n,
19,prot-1951--ak--10,cdca04e0bc6ce855,i- f,
20,prot-1951--ak--10,cdca04e0bc6ce855,o- n,
21,prot-1951--ak--10,cdca04e0bc6ce855,o- s,
22,prot-1951--ak--10,cdca04e0bc6ce855,t- n,
23,prot-1951--ak--10,cdca04e0bc6ce855,d- g,
24,prot-1951--ak--10,cdca04e0bc6ce855,n- s,
25,prot-1951--ak--10,cdca04e0bc6ce855,l- l,
26,prot-1951--ak--10,cdca04e0bc6ce855,n- d,
27,prot-1951--ak--10,cdca04e0bc6ce855,e- r,
28,prot-1951--ak--10,cdca04e0bc6ce855,t- g,
29,prot-1951--ak--10,cdca04e0bc6ce855,v- v,
0,prot-1951--ak--10,cdca04e0bc6ce855,i- v,
1,prot-1951--ak--10,cdca04e0bc6ce855,n- d,
2,prot-1951--ak--10,cdca04e0bc6ce855,m- s,
3,prot-1951--ak--10,cdca04e0bc6ce855,i- v,
4,prot-1951--ak--10,cdca04e0bc6ce855,r- v,
5,prot-1951--ak--10,cdca04e0bc6ce855,a- r,
6,prot-1951--ak--10,cdca04e0bc6ce855,n- s,
7,prot-1951--ak--10,cdca04e0bc6ce855,n- s,
8,prot-1951--ak--10,cdca04e0bc6ce855,e- f,
9,prot-1951--ak--10,cdca04e0bc6ce855,e- r,
10,prot-1951--ak--10,cdca04e0bc6ce855,r- s,
11,prot-1951--ak--10,cdca04e0bc6ce855,n- s,
12,prot-1951--ak--10,cdca04e0bc6ce855,n- n,
13,prot-1951--ak--10,cdca04e0bc6ce855,t- n,
14,prot-1951--ak--10,cdca04e0bc6ce855,l- r,
15,prot-1951--ak--10,cdca04e0bc6ce855,l- l,
16,prot-1951--ak--10,cdca04e0bc6ce855,r- v,
17,prot-1951--ak--10,cdca04e0bc6ce855,e- s,
18,prot-1951--ak--10,cdca04e0bc6ce855,v- g,
19,prot-1951--ak--10,cdca04e0bc6ce855,i- t,
20,prot-1951--ak--10,cdca04e0bc6ce855,o- g,
21,prot-1951--ak--10,cdca04e0bc6ce855,a- r,
22,prot-1951--ak--10,cdca04e0bc6ce855,s- v,
23,prot-1951--ak--10,cdca04e0bc6ce855,d- t,
24,prot-1951--ak--10,cdca04e0bc6ce855,m- s,
25,prot-1951--ak--10,cdca04e0bc6ce855,n- d,
26,prot-1951--ak--10,cdca04e0bc6ce855,å- s,
27,prot-1951--ak--10,cdca04e0bc6ce855,s- f,
28,prot-1951--ak--10,cdca04e0bc6ce855,t- å,
29,prot-1951--ak--10,cdca04e0bc6ce855,d- l,
30,prot-1951--ak--10,cdca04e0bc6ce855,r- i,
31,prot-1951--ak--10,cdca04e0bc6ce855,å- g,
32,prot-1951--ak--10,cdca04e0bc6ce855,s- u,
0,prot-1951--ak--10,cdca04e0bc6ce855,n- s,
1,prot-1951--ak--10,cdca04e0bc6ce855,i- d,
2,prot-1951--ak--10,cdca04e0bc6ce855,t- n,
3,prot-1951--ak--10,cdca04e0bc6ce855,d- l,
4,prot-1951--ak--10,cdca04e0bc6ce855,m- r,
5,prot-1951--ak--10,cdca04e0bc6ce855,ö- r,
6,prot-1951--ak--10,cdca04e0bc6ce855,o- g,
7,prot-1951--ak--10,cdca04e0bc6ce855,m- h,
8,prot-1951--ak--10,cdca04e0bc6ce855,n- n,
9,prot-1951--ak--10,cdca04e0bc6ce855,x- ä,
10,prot-1951--ak--10,cdca04e0bc6ce855,g- e,
11,prot-1951--ak--10,cdca04e0bc6ce855,o- n,
12,prot-1951--ak--10,cdca04e0bc6ce855,r- s,
13,prot-1951--ak--10,cdca04e0bc6ce855,j- n,
14,prot-1951--ak--10,cdca04e0bc6ce855,r- d,
15,prot-1951--ak--10,cdca04e0bc6ce855,n- o,
16,prot-1951--ak--10,cdca04e0bc6ce855,p- l,
17,prot-1951--ak--10,cdca04e0bc6ce855,r- l,
18,prot-1951--ak--10,cdca04e0bc6ce855,i- t,
19,prot-1951--ak--10,cdca04e0bc6ce855,m- s,
20,prot-1951--ak--10,cdca04e0bc6ce855,o- n,
21,prot-1951--ak--10,cdca04e0bc6ce855,n- n,
22,prot-1951--ak--10,cdca04e0bc6ce855,e- s,
23,prot-1951--ak--10,cdca04e0bc6ce855,d- n,
24,prot-1951--ak--10,cdca04e0bc6ce855,d- k,
0,prot-1951--ak--10,7b16a01c980ae2ac,"n
h",
1,prot-1951--ak--10,7b16a01c980ae2ac,"n
a",
2,prot-1951--ak--10,cdca04e0bc6ce855,o- s,
3,prot-1951--ak--10,cdca04e0bc6ce855,s- n,
4,prot-1951--ak--10,cdca04e0bc6ce855,i- f,
5,prot-1951--ak--10,cdca04e0bc6ce855,m- s,
6,prot-1951--ak--10,cdca04e0bc6ce855,s- v,
7,prot-1951--ak--10,cdca04e0bc6ce855,l- n,
8,prot-1951--ak--10,cdca04e0bc6ce855,a- t,
9,prot-1951--ak--10,cdca04e0bc6ce855,s- v,
10,prot-1951--ak--10,cdca04e0bc6ce855,g- o,
11,prot-1951--ak--10,cdca04e0bc6ce855,o- s,
12,prot-1951--ak--10,cdca04e0bc6ce855,i- k,
13,prot-1951--ak--10,cdca04e0bc6ce855,d- g,
14,prot-1951--ak--10,cdca04e0bc6ce855,o- k,
15,prot-1951--ak--10,cdca04e0bc6ce855,s- a,
16,prot-1951--ak--10,cdca04e0bc6ce855,i- l,
17,prot-1951--ak--10,cdca04e0bc6ce855,r- s,
18,prot-1951--ak--10,cdca04e0bc6ce855,n- d,
19,prot-1951--ak--10,cdca04e0bc6ce855,e- r,
20,prot-1951--ak--10,cdca04e0bc6ce855,i- v,
21,prot-1951--ak--10,cdca04e0bc6ce855,x- ä,
22,prot-1951--ak--10,cdca04e0bc6ce855,r- v,
23,prot-1951--ak--10,cdca04e0bc6ce855,d- p,
24,prot-1951--ak--10,cdca04e0bc6ce855,s- d,
25,prot-1951--ak--10,cdca04e0bc6ce855,i- p,
26,prot-1951--ak--10,cdca04e0bc6ce855,r- p,
27,prot-1951--ak--10,cdca04e0bc6ce855,e- s,
28,prot-1951--ak--10,cdca04e0bc6ce855,o- n,
0,prot-1951--ak--10,7b16a01c980ae2ac,"t
s",
1,prot-1951--ak--10,cdca04e0bc6ce855,r- s,
2,prot-1951--ak--10,cdca04e0bc6ce855,s- d,
3,prot-1951--ak--10,cdca04e0bc6ce855,i- v,
4,prot-1951--ak--10,cdca04e0bc6ce855,e- t,
5,prot-1951--ak--10,cdca04e0bc6ce855,e- r,
6,prot-1951--ak--10,cdca04e0bc6ce855,g- h,
7,prot-1951--ak--10,cdca04e0bc6ce855,t- r,
8,prot-1951--ak--10,cdca04e0bc6ce855,l- l,
9,prot-1951--ak--10,cdca04e0bc6ce855,e- l,
10,prot-1951--ak--10,cdca04e0bc6ce855,k- t,
11,prot-1951--ak--10,cdca04e0bc6ce855,g- n,
12,prot-1951--ak--10,cdca04e0bc6ce855,s- d,
13,prot-1951--ak--10,cdca04e0bc6ce855,n- d,
14,prot-1951--ak--10,cdca04e0bc6ce855,e- s,
15,prot-1951--ak--10,cdca04e0bc6ce855,v- s,
16,prot-1951--ak--10,cdca04e0bc6ce855,g- g,
17,prot-1951--ak--10,cdca04e0bc6ce855,e- d,
18,prot-1951--ak--10,cdca04e0bc6ce855,t- v,
19,prot-1951--ak--10,cdca04e0bc6ce855,n- j,
20,prot-1951--ak--10,cdca04e0bc6ce855,n- s,
21,prot-1951--ak--10,cdca04e0bc6ce855,r- s,
22,prot-1951--ak--10,cdca04e0bc6ce855,r- k,
23,prot-1951--ak--10,cdca04e0bc6ce855,m- l,
24,prot-1951--ak--10,cdca04e0bc6ce855,r- v,
25,prot-1951--ak--10,cdca04e0bc6ce855,r- v,
26,prot-1951--ak--10,cdca04e0bc6ce855,e- g,
27,prot-1951--ak--10,cdca04e0bc6ce855,e- t,
28,prot-1951--ak--10,cdca04e0bc6ce855,t- s,
29,prot-1951--ak--10,cdca04e0bc6ce855,n- c,
30,prot-1951--ak--10,cdca04e0bc6ce855,r- s,
31,prot-1951--ak--10,cdca04e0bc6ce855,e- s,
32,prot-1951--ak--10,cdca04e0bc6ce855,e- t,
33,prot-1951--ak--10,cdca04e0bc6ce855,g- o,
34,prot-1951--ak--10,cdca04e0bc6ce855,o- t,
35,prot-1951--ak--10,cdca04e0bc6ce855,g- u,
36,prot-1951--ak--10,cdca04e0bc6ce855,n- l,
37,prot-1951--ak--10,cdca04e0bc6ce855,n- d,
38,prot-1951--ak--10,cdca04e0bc6ce855,a- k,
39,prot-1951--ak--10,cdca04e0bc6ce855,g- o,
0,prot-1951--ak--10,cdca04e0bc6ce855,t- k,
1,prot-1951--ak--10,cdca04e0bc6ce855,s- p,
2,prot-1951--ak--10,cdca04e0bc6ce855,t- s,
3,prot-1951--ak--10,cdca04e0bc6ce855,g- o,
4,prot-1951--ak--10,cdca04e0bc6ce855,e- g,
5,prot-1951--ak--10,cdca04e0bc6ce855,o- n,
6,prot-1951--ak--10,cdca04e0bc6ce855,e- v,
7,prot-1951--ak--10,cdca04e0bc6ce855,i- v,
8,prot-1951--ak--10,cdca04e0bc6ce855,o- n,
9,prot-1951--ak--10,cdca04e0bc6ce855,n- d,
10,prot-1951--ak--10,cdca04e0bc6ce855,r- k,
11,prot-1951--ak--10,cdca04e0bc6ce855,l- m,
12,prot-1951--ak--10,cdca04e0bc6ce855,ö- r,
13,prot-1951--ak--10,cdca04e0bc6ce855,å- t,
14,prot-1951--ak--10,cdca04e0bc6ce855,r- v,
15,prot-1951--ak--10,cdca04e0bc6ce855,l- l,
16,prot-1951--ak--10,cdca04e0bc6ce855,g- g,
17,prot-1951--ak--10,cdca04e0bc6ce855,l- s,
18,prot-1951--ak--10,cdca04e0bc6ce855,l- g,
19,prot-1951--ak--10,cdca04e0bc6ce855,e- n,
20,prot-1951--ak--10,cdca04e0bc6ce855,r- t,
21,prot-1951--ak--10,cdca04e0bc6ce855,g- d,
22,prot-1951--ak--10,cdca04e0bc6ce855,k- s,
23,prot-1951--ak--10,cdca04e0bc6ce855,m- m,
24,prot-1951--ak--10,cdca04e0bc6ce855,g- o,
25,prot-1951--ak--10,cdca04e0bc6ce855,n- b,
26,prot-1951--ak--10,cdca04e0bc6ce855,g- o,
27,prot-1951--ak--10,cdca04e0bc6ce855,o- n,
28,prot-1951--ak--10,cdca04e0bc6ce855,r- r,
29,prot-1951--ak--10,cdca04e0bc6ce855,g- o,
30,prot-1951--ak--10,cdca04e0bc6ce855,n- k,
31,prot-1951--ak--10,cdca04e0bc6ce855,e- f,
32,prot-1951--ak--10,cdca04e0bc6ce855,r- r,
33,prot-1951--ak--10,cdca04e0bc6ce855,s- o,
34,prot-1951--ak--10,cdca04e0bc6ce855,m- s,
35,prot-1951--ak--10,cdca04e0bc6ce855,n- f,
36,prot-1951--ak--10,cdca04e0bc6ce855,n- p,
0,prot-1951--ak--10,cdca04e0bc6ce855,l- l,
1,prot-1951--ak--10,cdca04e0bc6ce855,e- m,
2,prot-1951--ak--10,cdca04e0bc6ce855,g- o,
3,prot-1951--ak--10,cdca04e0bc6ce855,n- b,
4,prot-1951--ak--10,cdca04e0bc6ce855,e- l,
5,prot-1951--ak--10,cdca04e0bc6ce855,r- d,
6,prot-1951--ak--10,cdca04e0bc6ce855,n- b,
7,prot-1951--ak--10,cdca04e0bc6ce855,x- ä,
8,prot-1951--ak--10,cdca04e0bc6ce855,å- d,
9,prot-1951--ak--10,cdca04e0bc6ce855,n- f,
10,prot-1951--ak--10,cdca04e0bc6ce855,e- p,
11,prot-1951--ak--10,cdca04e0bc6ce855,r- k,
12,prot-1951--ak--10,cdca04e0bc6ce855,t- n,
13,prot-1951--ak--10,cdca04e0bc6ce855,c- k,
14,prot-1951--ak--10,cdca04e0bc6ce855,r- n,
15,prot-1951--ak--10,cdca04e0bc6ce855,o- n,
16,prot-1951--ak--10,cdca04e0bc6ce855,r- s,
17,prot-1951--ak--10,cdca04e0bc6ce855,e- l,
18,prot-1951--ak--10,cdca04e0bc6ce855,p- g,
19,prot-1951--ak--10,cdca04e0bc6ce855,r- p,
20,prot-1951--ak--10,cdca04e0bc6ce855,s- v,
21,prot-1951--ak--10,cdca04e0bc6ce855,p- t,
22,prot-1951--ak--10,cdca04e0bc6ce855,y- k,
23,prot-1951--ak--10,cdca04e0bc6ce855,r- h,
24,prot-1951--ak--10,cdca04e0bc6ce855,n- d,
25,prot-1951--ak--10,cdca04e0bc6ce855,m- s,
26,prot-1951--ak--10,cdca04e0bc6ce855,l- m,
27,prot-1951--ak--10,cdca04e0bc6ce855,v- d,
28,prot-1951--ak--10,cdca04e0bc6ce855,r- t,
29,prot-1951--ak--10,cdca04e0bc6ce855,e- g,
30,prot-1951--ak--10,cdca04e0bc6ce855,n- n,
31,prot-1951--ak--10,cdca04e0bc6ce855,n- j,
0,prot-1951--ak--10,cdca04e0bc6ce855,n- s,
1,prot-1951--ak--10,cdca04e0bc6ce855,l- p,
2,prot-1951--ak--10,cdca04e0bc6ce855,g- o,
3,prot-1951--ak--10,cdca04e0bc6ce855,s- v,
4,prot-1951--ak--10,cdca04e0bc6ce855,e- d,
5,prot-1951--ak--10,cdca04e0bc6ce855,t- f,
6,prot-1951--ak--10,cdca04e0bc6ce855,l- l,
7,prot-1951--ak--10,cdca04e0bc6ce855,o- n,
8,prot-1951--ak--10,cdca04e0bc6ce855,d- f,
9,prot-1951--ak--10,cdca04e0bc6ce855,n- v,
10,prot-1951--ak--10,cdca04e0bc6ce855,r- m,
11,prot-1951--ak--10,cdca04e0bc6ce855,t- ä,
12,prot-1951--ak--10,cdca04e0bc6ce855,i- t,
13,prot-1951--ak--10,cdca04e0bc6ce855,o- s,
14,prot-1951--ak--10,cdca04e0bc6ce855,e- s,
15,prot-1951--ak--10,cdca04e0bc6ce855,r- t,
16,prot-1951--ak--10,cdca04e0bc6ce855,i- v,
17,prot-1951--ak--10,cdca04e0bc6ce855,o- s,
18,prot-1951--ak--10,cdca04e0bc6ce855,s- n,
19,prot-1951--ak--10,cdca04e0bc6ce855,i- f,
20,prot-1951--ak--10,cdca04e0bc6ce855,i- k,
21,prot-1951--ak--10,cdca04e0bc6ce855,o- g,
22,prot-1951--ak--10,cdca04e0bc6ce855,r- k,
23,prot-1951--ak--10,cdca04e0bc6ce855,i- f,
24,prot-1951--ak--10,cdca04e0bc6ce855,a- t,
25,prot-1951--ak--10,cdca04e0bc6ce855,t- r,
26,prot-1951--ak--10,cdca04e0bc6ce855,o- g,
27,prot-1951--ak--10,cdca04e0bc6ce855,m- m,
28,prot-1951--ak--10,cdca04e0bc6ce855,t- g,
29,prot-1951--ak--10,cdca04e0bc6ce855,r- k,
0,prot-1951--ak--10,7b16a01c980ae2ac,"n
n",
1,prot-1951--ak--10,7b16a01c980ae2ac,"t
k",
2,prot-1951--ak--10,cdca04e0bc6ce855,e- l,
3,prot-1951--ak--10,cdca04e0bc6ce855,e- t,
4,prot-1951--ak--10,cdca04e0bc6ce855,ö- r,
5,prot-1951--ak--10,cdca04e0bc6ce855,o- n,
6,prot-1951--ak--10,cdca04e0bc6ce855,n- d,
7,prot-1951--ak--10,cdca04e0bc6ce855,m- h,
8,prot-1951--ak--10,cdca04e0bc6ce855,i- s,
9,prot-1951--ak--10,cdca04e0bc6ce855,r- r,
10,prot-1951--ak--10,cdca04e0bc6ce855,d- n,
11,prot-1951--ak--10,cdca04e0bc6ce855,e- g,
12,prot-1951--ak--10,cdca04e0bc6ce855,l- m,
13,prot-1951--ak--10,cdca04e0bc6ce855,m- m,
14,prot-1951--ak--10,cdca04e0bc6ce855,g- h,
15,prot-1951--ak--10,cdca04e0bc6ce855,o- l,
16,prot-1951--ak--10,cdca04e0bc6ce855,o- g,
17,prot-1951--ak--10,cdca04e0bc6ce855,a- d,
18,prot-1951--ak--10,cdca04e0bc6ce855,a- n,
19,prot-1951--ak--10,cdca04e0bc6ce855,m- f,
20,prot-1951--ak--10,cdca04e0bc6ce855,r- s,
21,prot-1951--ak--10,cdca04e0bc6ce855,d- n,
22,prot-1951--ak--10,cdca04e0bc6ce855,å- e,
23,prot-1951--ak--10,cdca04e0bc6ce855,s- m,
24,prot-1951--ak--10,cdca04e0bc6ce855,e- v,
25,prot-1951--ak--10,cdca04e0bc6ce855,t- s,
26,prot-1951--ak--10,cdca04e0bc6ce855,l- f,
27,prot-1951--ak--10,cdca04e0bc6ce855,n- n,
28,prot-1951--ak--10,cdca04e0bc6ce855,i- g,
29,prot-1951--ak--10,cdca04e0bc6ce855,l- v,
30,prot-1951--ak--10,cdca04e0bc6ce855,n- d,
31,prot-1951--ak--10,cdca04e0bc6ce855,n- m,
32,prot-1951--ak--10,cdca04e0bc6ce855,k- t,
33,prot-1951--ak--10,cdca04e0bc6ce855,s- s,
34,prot-1951--ak--10,cdca04e0bc6ce855,e- l,
35,prot-1951--ak--10,cdca04e0bc6ce855,a- n,
36,prot-1951--ak--10,cdca04e0bc6ce855,e- t,
37,prot-1951--ak--10,cdca04e0bc6ce855,r- n,
38,prot-1951--ak--10,cdca04e0bc6ce855,m- m,
39,prot-1951--ak--10,cdca04e0bc6ce855,o- t,
0,prot-1951--ak--10,cdca04e0bc6ce855,e- v,
1,prot-1951--ak--10,cdca04e0bc6ce855,o- g,
2,prot-1951--ak--10,cdca04e0bc6ce855,n- s,
3,prot-1951--ak--10,cdca04e0bc6ce855,e- t,
4,prot-1951--ak--10,cdca04e0bc6ce855,t- n,
5,prot-1951--ak--10,cdca04e0bc6ce855,n- d,
6,prot-1951--ak--10,cdca04e0bc6ce855,s- p,
7,prot-1951--ak--10,cdca04e0bc6ce855,d- r,
8,prot-1951--ak--10,cdca04e0bc6ce855,a- d,
9,prot-1951--ak--10,cdca04e0bc6ce855,i- s,
10,prot-1951--ak--10,cdca04e0bc6ce855,e- t,
11,prot-1951--ak--10,cdca04e0bc6ce855,e- l,
12,prot-1951--ak--10,cdca04e0bc6ce855,o- g,
13,prot-1951--ak--10,cdca04e0bc6ce855,o- g,
14,prot-1951--ak--10,cdca04e0bc6ce855,e- m,
15,prot-1951--ak--10,cdca04e0bc6ce855,e- l,
16,prot-1951--ak--10,cdca04e0bc6ce855,t- t,
17,prot-1951--ak--10,cdca04e0bc6ce855,i- s,
18,prot-1951--ak--10,cdca04e0bc6ce855,k- n,
19,prot-1951--ak--10,cdca04e0bc6ce855,o- g,
20,prot-1951--ak--10,cdca04e0bc6ce855,m- n,
21,prot-1951--ak--10,cdca04e0bc6ce855,n- d,
22,prot-1951--ak--10,cdca04e0bc6ce855,l- v,
23,prot-1951--ak--10,cdca04e0bc6ce855,t- r,
24,prot-1951--ak--10,cdca04e0bc6ce855,d- n,
25,prot-1951--ak--10,cdca04e0bc6ce855,d- t,
26,prot-1951--ak--10,cdca04e0bc6ce855,s- v,
27,prot-1951--ak--10,cdca04e0bc6ce855,a- g,
28,prot-1951--ak--10,cdca04e0bc6ce855,i- f,
29,prot-1951--ak--10,cdca04e0bc6ce855,l- m,
30,prot-1951--ak--10,cdca04e0bc6ce855,l- f,
31,prot-1951--ak--10,cdca04e0bc6ce855,m- p,
32,prot-1951--ak--10,cdca04e0bc6ce855,o- m,
33,prot-1951--ak--10,cdca04e0bc6ce855,n- s,
34,prot-1951--ak--10,cdca04e0bc6ce855,n- s,
35,prot-1951--ak--10,cdca04e0bc6ce855,l- f,
36,prot-1951--ak--10,cdca04e0bc6ce855,t- s,
37,prot-1951--ak--10,cdca04e0bc6ce855,g- e,
38,prot-1951--ak--10,cdca04e0bc6ce855,g- n,
39,prot-1951--ak--10,cdca04e0bc6ce855,r- r,
0,prot-1951--ak--10,cdca04e0bc6ce855,i- t,
1,prot-1951--ak--10,cdca04e0bc6ce855,m- s,
2,prot-1951--ak--10,cdca04e0bc6ce855,o- s,
3,prot-1951--ak--10,cdca04e0bc6ce855,a- t,
4,prot-1951--ak--10,cdca04e0bc6ce855,n- g,
5,prot-1951--ak--10,cdca04e0bc6ce855,s- a,
6,prot-1951--ak--10,cdca04e0bc6ce855,o- t,
7,prot-1951--ak--10,cdca04e0bc6ce855,e- t,
8,prot-1951--ak--10,cdca04e0bc6ce855,n- s,
9,prot-1951--ak--10,cdca04e0bc6ce855,d- å,
10,prot-1951--ak--10,cdca04e0bc6ce855,n- v,
11,prot-1951--ak--10,cdca04e0bc6ce855,m- b,
12,prot-1951--ak--10,cdca04e0bc6ce855,s- h,
13,prot-1951--ak--10,cdca04e0bc6ce855,l- b,
14,prot-1951--ak--10,cdca04e0bc6ce855,r- s,
15,prot-1951--ak--10,cdca04e0bc6ce855,o- t,
16,prot-1951--ak--10,cdca04e0bc6ce855,g- n,
17,prot-1951--ak--10,cdca04e0bc6ce855,s- k,
18,prot-1951--ak--10,cdca04e0bc6ce855,s- l,
19,prot-1951--ak--10,cdca04e0bc6ce855,t- å,
20,prot-1951--ak--10,cdca04e0bc6ce855,n- s,
21,prot-1951--ak--10,cdca04e0bc6ce855,e- s,
22,prot-1951--ak--10,cdca04e0bc6ce855,d- d,
23,prot-1951--ak--10,cdca04e0bc6ce855,ä- g,
24,prot-1951--ak--10,cdca04e0bc6ce855,l- j,
25,prot-1951--ak--10,cdca04e0bc6ce855,n- v,
26,prot-1951--ak--10,cdca04e0bc6ce855,n- t,
27,prot-1951--ak--10,cdca04e0bc6ce855,o- r,
28,prot-1951--ak--10,cdca04e0bc6ce855,k- s,
29,prot-1951--ak--10,cdca04e0bc6ce855,å- d,
0,prot-1951--ak--10,cdca04e0bc6ce855,t- t,
1,prot-1951--ak--10,cdca04e0bc6ce855,i- g,
2,prot-1951--ak--10,cdca04e0bc6ce855,l- b,
3,prot-1951--ak--10,cdca04e0bc6ce855,o- r,
4,prot-1951--ak--10,cdca04e0bc6ce855,n- s,
5,prot-1951--ak--10,cdca04e0bc6ce855,l- s,
6,prot-1951--ak--10,cdca04e0bc6ce855,d- s,
7,prot-1951--ak--10,cdca04e0bc6ce855,ä- r,
8,prot-1951--ak--10,cdca04e0bc6ce855,r- h,
9,prot-1951--ak--10,cdca04e0bc6ce855,n- s,
10,prot-1951--ak--10,cdca04e0bc6ce855,s- t,
11,prot-1951--ak--10,cdca04e0bc6ce855,m- l,
12,prot-1951--ak--10,cdca04e0bc6ce855,o- n,
13,prot-1951--ak--10,cdca04e0bc6ce855,n- v,
14,prot-1951--ak--10,cdca04e0bc6ce855,k- s,
15,prot-1951--ak--10,cdca04e0bc6ce855,s- t,
16,prot-1951--ak--10,cdca04e0bc6ce855,o- r,
17,prot-1951--ak--10,cdca04e0bc6ce855,e- k,
18,prot-1951--ak--10,cdca04e0bc6ce855,n- v,
19,prot-1951--ak--10,cdca04e0bc6ce855,n- s,
20,prot-1951--ak--10,cdca04e0bc6ce855,r- i,
21,prot-1951--ak--10,cdca04e0bc6ce855,a- t,
22,prot-1951--ak--10,cdca04e0bc6ce855,m- m,
23,prot-1951--ak--10,cdca04e0bc6ce855,i- t,
24,prot-1951--ak--10,cdca04e0bc6ce855,m- m,
25,prot-1951--ak--10,cdca04e0bc6ce855,n- n,
26,prot-1951--ak--10,cdca04e0bc6ce855,k- l,
27,prot-1951--ak--10,cdca04e0bc6ce855,o- l,
28,prot-1951--ak--10,cdca04e0bc6ce855,o- n,
29,prot-1951--ak--10,cdca04e0bc6ce855,r- s,
30,prot-1951--ak--10,cdca04e0bc6ce855,s- d,
31,prot-1951--ak--10,cdca04e0bc6ce855,n- t,
32,prot-1951--ak--10,cdca04e0bc6ce855,i- g,
33,prot-1951--ak--10,cdca04e0bc6ce855,n- s,
34,prot-1951--ak--10,cdca04e0bc6ce855,d- n,
35,prot-1951--ak--10,cdca04e0bc6ce855,r- s,
0,prot-1951--ak--10,7b16a01c980ae2ac,",
o",
1,prot-1951--ak--10,cdca04e0bc6ce855,n- b,
2,prot-1951--ak--10,cdca04e0bc6ce855,y- v,
3,prot-1951--ak--10,cdca04e0bc6ce855,t- s,
4,prot-1951--ak--10,cdca04e0bc6ce855,r- n,
5,prot-1951--ak--10,cdca04e0bc6ce855,p- v,
6,prot-1951--ak--10,cdca04e0bc6ce855,n- d,
7,prot-1951--ak--10,cdca04e0bc6ce855,g- d,
8,prot-1951--ak--10,cdca04e0bc6ce855,t- g,
9,prot-1951--ak--10,cdca04e0bc6ce855,p- t,
10,prot-1951--ak--10,cdca04e0bc6ce855,l- l,
11,prot-1951--ak--10,cdca04e0bc6ce855,n- v,
12,prot-1951--ak--10,cdca04e0bc6ce855,i- d,
13,prot-1951--ak--10,cdca04e0bc6ce855,n- l,
14,prot-1951--ak--10,cdca04e0bc6ce855,e- g,
15,prot-1951--ak--10,cdca04e0bc6ce855,e- d,
16,prot-1951--ak--10,cdca04e0bc6ce855,s- r,
17,prot-1951--ak--10,cdca04e0bc6ce855,å- g,
18,prot-1951--ak--10,cdca04e0bc6ce855,o- g,
19,prot-1951--ak--10,cdca04e0bc6ce855,t- t,
20,prot-1951--ak--10,cdca04e0bc6ce855,r- n,
21,prot-1951--ak--10,cdca04e0bc6ce855,s- b,
22,prot-1951--ak--10,cdca04e0bc6ce855,t- s,
23,prot-1951--ak--10,cdca04e0bc6ce855,a- t,
24,prot-1951--ak--10,cdca04e0bc6ce855,e- s,
25,prot-1951--ak--10,cdca04e0bc6ce855,o- n,
26,prot-1951--ak--10,cdca04e0bc6ce855,n- s,
27,prot-1951--ak--10,cdca04e0bc6ce855,l- l,
0,prot-1951--ak--10,cdca04e0bc6ce855,ä- g,
1,prot-1951--ak--10,cdca04e0bc6ce855,m- p,
2,prot-1951--ak--10,cdca04e0bc6ce855,k- s,
3,prot-1951--ak--10,cdca04e0bc6ce855,å- g,
4,prot-1951--ak--10,cdca04e0bc6ce855,å- v,
5,prot-1951--ak--10,cdca04e0bc6ce855,å- g,
6,prot-1951--ak--10,cdca04e0bc6ce855,k- f,
7,prot-1951--ak--10,cdca04e0bc6ce855,c- k,
8,prot-1951--ak--10,cdca04e0bc6ce855,y- r,
9,prot-1951--ak--10,cdca04e0bc6ce855,t- g,
10,prot-1951--ak--10,cdca04e0bc6ce855,n- n,
11,prot-1951--ak--10,cdca04e0bc6ce855,n- v,
12,prot-1951--ak--10,cdca04e0bc6ce855,n- d,
13,prot-1951--ak--10,cdca04e0bc6ce855,k- f,
14,prot-1951--ak--10,cdca04e0bc6ce855,m- m,
15,prot-1951--ak--10,cdca04e0bc6ce855,u- s,
16,prot-1951--ak--10,cdca04e0bc6ce855,l- s,
17,prot-1951--ak--10,cdca04e0bc6ce855,a- l,
18,prot-1951--ak--10,cdca04e0bc6ce855,p- p,
19,prot-1951--ak--10,cdca04e0bc6ce855,t- v,
20,prot-1951--ak--10,cdca04e0bc6ce855,a- r,
21,prot-1951--ak--10,cdca04e0bc6ce855,g- d,
22,prot-1951--ak--10,cdca04e0bc6ce855,g- a,
0,prot-1951--ak--10,cdca04e0bc6ce855,r- r,
1,prot-1951--ak--10,cdca04e0bc6ce855,r- d,
2,prot-1951--ak--10,cdca04e0bc6ce855,t- n,
3,prot-1951--ak--10,cdca04e0bc6ce855,l- l,
4,prot-1951--ak--10,cdca04e0bc6ce855,t- t,
5,prot-1951--ak--10,cdca04e0bc6ce855,e- d,
6,prot-1951--ak--10,cdca04e0bc6ce855,s- e,
7,prot-1951--ak--10,cdca04e0bc6ce855,g- e,
8,prot-1951--ak--10,cdca04e0bc6ce855,k- n,
9,prot-1951--ak--10,cdca04e0bc6ce855,d- v,
10,prot-1951--ak--10,cdca04e0bc6ce855,d- t,
11,prot-1951--ak--10,cdca04e0bc6ce855,v- f,
12,prot-1951--ak--10,cdca04e0bc6ce855,k- f,
13,prot-1951--ak--10,cdca04e0bc6ce855,t- t,
14,prot-1951--ak--10,cdca04e0bc6ce855,e- t,
15,prot-1951--ak--10,cdca04e0bc6ce855,m- l,
16,prot-1951--ak--10,cdca04e0bc6ce855,m- m,
17,prot-1951--ak--10,cdca04e0bc6ce855,n- v,
18,prot-1951--ak--10,cdca04e0bc6ce855,r- b,
19,prot-1951--ak--10,cdca04e0bc6ce855,r- m,
20,prot-1951--ak--10,cdca04e0bc6ce855,l- l,
21,prot-1951--ak--10,cdca04e0bc6ce855,n- t,
22,prot-1951--ak--10,cdca04e0bc6ce855,t- n,
23,prot-1951--ak--10,cdca04e0bc6ce855,t- o,
24,prot-1951--ak--10,cdca04e0bc6ce855,p- k,
25,prot-1951--ak--10,cdca04e0bc6ce855,r- m,
26,prot-1951--ak--10,cdca04e0bc6ce855,ä- r,
27,prot-1951--ak--10,cdca04e0bc6ce855,n- d,
28,prot-1951--ak--10,cdca04e0bc6ce855,l- m,
29,prot-1951--ak--10,cdca04e0bc6ce855,e- r,
0,prot-1951--ak--10,cdca04e0bc6ce855,e- d,
1,prot-1951--ak--10,cdca04e0bc6ce855,t- s,
2,prot-1951--ak--10,cdca04e0bc6ce855,l- n,
3,prot-1951--ak--10,cdca04e0bc6ce855,l- g,
4,prot-1951--ak--10,cdca04e0bc6ce855,s- p,
5,prot-1951--ak--10,cdca04e0bc6ce855,e- n,
6,prot-1951--ak--10,cdca04e0bc6ce855,s- s,
7,prot-1951--ak--10,cdca04e0bc6ce855,n- s,
8,prot-1951--ak--10,cdca04e0bc6ce855,o- n,
9,prot-1951--ak--10,cdca04e0bc6ce855,t- t,
10,prot-1951--ak--10,cdca04e0bc6ce855,c- k,
11,prot-1951--ak--10,cdca04e0bc6ce855,m- m,
12,prot-1951--ak--10,cdca04e0bc6ce855,e- p,
13,prot-1951--ak--10,cdca04e0bc6ce855,e- r,
14,prot-1951--ak--10,cdca04e0bc6ce855,o- n,
15,prot-1951--ak--10,cdca04e0bc6ce855,o- j,
16,prot-1951--ak--10,cdca04e0bc6ce855,e- l,
17,prot-1951--ak--10,cdca04e0bc6ce855,t- n,
18,prot-1951--ak--10,cdca04e0bc6ce855,g- n,
19,prot-1951--ak--10,cdca04e0bc6ce855,e- r,
20,prot-1951--ak--10,cdca04e0bc6ce855,n- b,
21,prot-1951--ak--10,cdca04e0bc6ce855,a- r,
22,prot-1951--ak--10,cdca04e0bc6ce855,c- k,
23,prot-1951--ak--10,cdca04e0bc6ce855,o- t,
24,prot-1951--ak--10,cdca04e0bc6ce855,o- t,
25,prot-1951--ak--10,cdca04e0bc6ce855,s- c,
26,prot-1951--ak--10,cdca04e0bc6ce855,ä- r,
27,prot-1951--ak--10,cdca04e0bc6ce855,t- t,
28,prot-1951--ak--10,cdca04e0bc6ce855,u- s,
29,prot-1951--ak--10,cdca04e0bc6ce855,g- h,
30,prot-1951--ak--10,cdca04e0bc6ce855,e- r,
31,prot-1951--ak--10,cdca04e0bc6ce855,l- m,
32,prot-1951--ak--10,cdca04e0bc6ce855,k- s,
33,prot-1951--ak--10,cdca04e0bc6ce855,m- m,
34,prot-1951--ak--10,cdca04e0bc6ce855,e- l,
35,prot-1951--ak--10,cdca04e0bc6ce855,m- h,
36,prot-1951--ak--10,cdca04e0bc6ce855,o- t,
37,prot-1951--ak--10,cdca04e0bc6ce855,l- f,
38,prot-1951--ak--10,cdca04e0bc6ce855,n- p,
0,prot-1951--ak--10,7b16a01c980ae2ac,"i
h",
1,prot-1951--ak--10,cdca04e0bc6ce855,d- n,
2,prot-1951--ak--10,cdca04e0bc6ce855,r- f,
3,prot-1951--ak--10,cdca04e0bc6ce855,t- t,
4,prot-1951--ak--10,cdca04e0bc6ce855,a- t,
5,prot-1951--ak--10,cdca04e0bc6ce855,r- k,
6,prot-1951--ak--10,cdca04e0bc6ce855,n- v,
7,prot-1951--ak--10,cdca04e0bc6ce855,m- h,
8,prot-1951--ak--10,cdca04e0bc6ce855,m- f,
9,prot-1951--ak--10,cdca04e0bc6ce855,r- b,
10,prot-1951--ak--10,cdca04e0bc6ce855,n- n,
11,prot-1951--ak--10,cdca04e0bc6ce855,n- s,
12,prot-1951--ak--10,cdca04e0bc6ce855,r- b,
13,prot-1951--ak--10,cdca04e0bc6ce855,ä- g,
14,prot-1951--ak--10,cdca04e0bc6ce855,t- n,
15,prot-1951--ak--10,cdca04e0bc6ce855,d- n,
16,prot-1951--ak--10,cdca04e0bc6ce855,p- f,
17,prot-1951--ak--10,cdca04e0bc6ce855,k- f,
18,prot-1951--ak--10,cdca04e0bc6ce855,e- p,
19,prot-1951--ak--10,cdca04e0bc6ce855,k- f,
20,prot-1951--ak--10,cdca04e0bc6ce855,å- g,
21,prot-1951--ak--10,cdca04e0bc6ce855,m- m,
22,prot-1951--ak--10,cdca04e0bc6ce855,t- r,
23,prot-1951--ak--10,cdca04e0bc6ce855,k- f,
24,prot-1951--ak--10,cdca04e0bc6ce855,a- p,
25,prot-1951--ak--10,cdca04e0bc6ce855,n- v,
26,prot-1951--ak--10,cdca04e0bc6ce855,t- s,
27,prot-1951--ak--10,cdca04e0bc6ce855,r- u,
28,prot-1951--ak--10,cdca04e0bc6ce855,m- n,
29,prot-1951--ak--10,cdca04e0bc6ce855,n- d,
30,prot-1951--ak--10,cdca04e0bc6ce855,l- n,
31,prot-1951--ak--10,cdca04e0bc6ce855,t- s,
32,prot-1951--ak--10,cdca04e0bc6ce855,y- d,
33,prot-1951--ak--10,cdca04e0bc6ce855,e- r,
34,prot-1951--ak--10,cdca04e0bc6ce855,p- n,
35,prot-1951--ak--10,cdca04e0bc6ce855,n- v,
36,prot-1951--ak--10,cdca04e0bc6ce855,i- f,
37,prot-1951--ak--10,cdca04e0bc6ce855,p- p,
38,prot-1951--ak--10,cdca04e0bc6ce855,å- g,
0,prot-1951--ak--10,7b16a01c980ae2ac,"t
t",
1,prot-1951--ak--10,cdca04e0bc6ce855,s- t,
2,prot-1951--ak--10,cdca04e0bc6ce855,r- h,
3,prot-1951--ak--10,cdca04e0bc6ce855,e- h,
4,prot-1951--ak--10,cdca04e0bc6ce855,e- c,
5,prot-1951--ak--10,cdca04e0bc6ce855,m- b,
6,prot-1951--ak--10,cdca04e0bc6ce855,n- d,
7,prot-1951--ak--10,cdca04e0bc6ce855,a- r,
8,prot-1951--ak--10,cdca04e0bc6ce855,k- s,
9,prot-1951--ak--10,cdca04e0bc6ce855,t- s,
10,prot-1951--ak--10,cdca04e0bc6ce855,k- n,
11,prot-1951--ak--10,cdca04e0bc6ce855,e- t,
12,prot-1951--ak--10,cdca04e0bc6ce855,d- b,
13,prot-1951--ak--10,cdca04e0bc6ce855,s- a,
14,prot-1951--ak--10,cdca04e0bc6ce855,g- d,
15,prot-1951--ak--10,cdca04e0bc6ce855,m- r,
16,prot-1951--ak--10,cdca04e0bc6ce855,t- s,
17,prot-1951--ak--10,cdca04e0bc6ce855,r- b,
18,prot-1951--ak--10,cdca04e0bc6ce855,k- t,
19,prot-1951--ak--10,cdca04e0bc6ce855,g- s,
20,prot-1951--ak--10,cdca04e0bc6ce855,ä- g,
21,prot-1951--ak--10,cdca04e0bc6ce855,s- å,
22,prot-1951--ak--10,cdca04e0bc6ce855,r- o,
23,prot-1951--ak--10,cdca04e0bc6ce855,m- m,
24,prot-1951--ak--10,cdca04e0bc6ce855,t- n,
25,prot-1951--ak--10,cdca04e0bc6ce855,r- h,
26,prot-1951--ak--10,cdca04e0bc6ce855,e- t,
27,prot-1951--ak--10,cdca04e0bc6ce855,r- h,
28,prot-1951--ak--10,cdca04e0bc6ce855,a- r,
29,prot-1951--ak--10,cdca04e0bc6ce855,n- n,
30,prot-1951--ak--10,cdca04e0bc6ce855,n- n,
31,prot-1951--ak--10,cdca04e0bc6ce855,m- k,
32,prot-1951--ak--10,cdca04e0bc6ce855,ä- r,
33,prot-1951--ak--10,cdca04e0bc6ce855,l- l,
0,prot-1951--ak--10,7b16a01c980ae2ac,"a
i",
1,prot-1951--ak--10,cdca04e0bc6ce855,r- v,
2,prot-1951--ak--10,cdca04e0bc6ce855,n- d,
3,prot-1951--ak--10,cdca04e0bc6ce855,i- g,
4,prot-1951--ak--10,cdca04e0bc6ce855,t- n,
5,prot-1951--ak--10,cdca04e0bc6ce855,n- d,
6,prot-1951--ak--10,cdca04e0bc6ce855,n- d,
7,prot-1951--ak--10,cdca04e0bc6ce855,r- l,
8,prot-1951--ak--10,cdca04e0bc6ce855,n- o,
9,prot-1951--ak--10,cdca04e0bc6ce855,o- n,
10,prot-1951--ak--10,cdca04e0bc6ce855,r- v,
11,prot-1951--ak--10,cdca04e0bc6ce855,e- d,
12,prot-1951--ak--10,cdca04e0bc6ce855,r- t,
13,prot-1951--ak--10,cdca04e0bc6ce855,a- r,
14,prot-1951--ak--10,cdca04e0bc6ce855,r- s,
15,prot-1951--ak--10,cdca04e0bc6ce855,o- n,
16,prot-1951--ak--10,cdca04e0bc6ce855,r- s,
17,prot-1951--ak--10,cdca04e0bc6ce855,ö- r,
18,prot-1951--ak--10,cdca04e0bc6ce855,ö- r,
19,prot-1951--ak--10,cdca04e0bc6ce855,t- s,
20,prot-1951--ak--10,cdca04e0bc6ce855,o- t,
21,prot-1951--ak--10,cdca04e0bc6ce855,t- r,
22,prot-1951--ak--10,cdca04e0bc6ce855,t- s,
23,prot-1951--ak--10,cdca04e0bc6ce855,n- s,
24,prot-1951--ak--10,cdca04e0bc6ce855,n- s,
25,prot-1951--ak--10,cdca04e0bc6ce855,a- t,
26,prot-1951--ak--10,cdca04e0bc6ce855,r- s,
27,prot-1951--ak--10,cdca04e0bc6ce855,l- m,
28,prot-1951--ak--10,cdca04e0bc6ce855,e- s,
29,prot-1951--ak--10,cdca04e0bc6ce855,d- d,
0,prot-1951--ak--10,cdca04e0bc6ce855,e- s,
1,prot-1951--ak--10,cdca04e0bc6ce855,g- o,
2,prot-1951--ak--10,cdca04e0bc6ce855,t- t,
3,prot-1951--ak--10,cdca04e0bc6ce855,n- k,
4,prot-1951--ak--10,cdca04e0bc6ce855,s- o,
5,prot-1951--ak--10,cdca04e0bc6ce855,d- n,
6,prot-1951--ak--10,cdca04e0bc6ce855,a- n,
7,prot-1951--ak--10,cdca04e0bc6ce855,k- t,
8,prot-1951--ak--10,cdca04e0bc6ce855,e- k,
9,prot-1951--ak--10,cdca04e0bc6ce855,g- n,
10,prot-1951--ak--10,cdca04e0bc6ce855,i- k,
11,prot-1951--ak--10,cdca04e0bc6ce855,r- s,
12,prot-1951--ak--10,cdca04e0bc6ce855,r- s,
13,prot-1951--ak--10,cdca04e0bc6ce855,n- n,
14,prot-1951--ak--10,cdca04e0bc6ce855,e- k,
15,prot-1951--ak--10,cdca04e0bc6ce855,ö- r,
16,prot-1951--ak--10,cdca04e0bc6ce855,i- f,
17,prot-1951--ak--10,cdca04e0bc6ce855,m- s,
18,prot-1951--ak--10,cdca04e0bc6ce855,a- g,
19,prot-1951--ak--10,cdca04e0bc6ce855,e- s,
20,prot-1951--ak--10,cdca04e0bc6ce855,e- d,
21,prot-1951--ak--10,cdca04e0bc6ce855,a- s,
22,prot-1951--ak--10,cdca04e0bc6ce855,å- d,
23,prot-1951--ak--10,cdca04e0bc6ce855,l- t,
24,prot-1951--ak--10,cdca04e0bc6ce855,i- g,
25,prot-1951--ak--10,cdca04e0bc6ce855,l- s,
26,prot-1951--ak--10,cdca04e0bc6ce855,n- d,
27,prot-1951--ak--10,cdca04e0bc6ce855,r- s,
28,prot-1951--ak--10,cdca04e0bc6ce855,n- d,
29,prot-1951--ak--10,cdca04e0bc6ce855,r- r,
30,prot-1951--ak--10,cdca04e0bc6ce855,m- s,
31,prot-1951--ak--10,cdca04e0bc6ce855,g- n,
32,prot-1951--ak--10,cdca04e0bc6ce855,l- d,
33,prot-1951--ak--10,cdca04e0bc6ce855,k- n,
34,prot-1951--ak--10,cdca04e0bc6ce855,s- b,
35,prot-1951--ak--10,cdca04e0bc6ce855,y- a,
36,prot-1951--ak--10,cdca04e0bc6ce855,s- u,
0,prot-1951--ak--10,cdca04e0bc6ce855,d- g,
1,prot-1951--ak--10,cdca04e0bc6ce855,s- å,
2,prot-1951--ak--10,cdca04e0bc6ce855,i- m,
3,prot-1951--ak--10,cdca04e0bc6ce855,g- h,
4,prot-1951--ak--10,cdca04e0bc6ce855,n- d,
5,prot-1951--ak--10,cdca04e0bc6ce855,s- s,
6,prot-1951--ak--10,cdca04e0bc6ce855,m- m,
7,prot-1951--ak--10,cdca04e0bc6ce855,n- d,
8,prot-1951--ak--10,cdca04e0bc6ce855,k- n,
9,prot-1951--ak--10,cdca04e0bc6ce855,a- p,
10,prot-1951--ak--10,cdca04e0bc6ce855,m- m,
11,prot-1951--ak--10,cdca04e0bc6ce855,l- l,
12,prot-1951--ak--10,cdca04e0bc6ce855,e- d,
13,prot-1951--ak--10,cdca04e0bc6ce855,l- m,
14,prot-1951--ak--10,cdca04e0bc6ce855,r- n,
15,prot-1951--ak--10,cdca04e0bc6ce855,a- r,
16,prot-1951--ak--10,cdca04e0bc6ce855,n- d,
17,prot-1951--ak--10,cdca04e0bc6ce855,r- k,
18,prot-1951--ak--10,cdca04e0bc6ce855,a- g,
19,prot-1951--ak--10,cdca04e0bc6ce855,t- g,
20,prot-1951--ak--10,cdca04e0bc6ce855,a- t,
21,prot-1951--ak--10,cdca04e0bc6ce855,m- s,
22,prot-1951--ak--10,cdca04e0bc6ce855,o- s,
23,prot-1951--ak--10,cdca04e0bc6ce855,i- k,
24,prot-1951--ak--10,cdca04e0bc6ce855,n- v,
25,prot-1951--ak--10,cdca04e0bc6ce855,a- n,
0,prot-1951--ak--10,cdca04e0bc6ce855,n- d,
1,prot-1951--ak--10,cdca04e0bc6ce855,l- l,
2,prot-1951--ak--10,cdca04e0bc6ce855,n- s,
3,prot-1951--ak--10,cdca04e0bc6ce855,t- å,
4,prot-1951--ak--10,cdca04e0bc6ce855,n- s,
5,prot-1951--ak--10,cdca04e0bc6ce855,n- d,
6,prot-1951--ak--10,cdca04e0bc6ce855,e- r,
7,prot-1951--ak--10,cdca04e0bc6ce855,r- s,
8,prot-1951--ak--10,cdca04e0bc6ce855,t- n,
9,prot-1951--ak--10,cdca04e0bc6ce855,l- l,
10,prot-1951--ak--10,cdca04e0bc6ce855,s- t,
11,prot-1951--ak--10,cdca04e0bc6ce855,l- b,
12,prot-1951--ak--10,cdca04e0bc6ce855,n- s,
13,prot-1951--ak--10,cdca04e0bc6ce855,m- s,
14,prot-1951--ak--10,cdca04e0bc6ce855,l- l,
15,prot-1951--ak--10,cdca04e0bc6ce855,r- v,
16,prot-1951--ak--10,cdca04e0bc6ce855,l- l,
17,prot-1951--ak--10,cdca04e0bc6ce855,o- n,
18,prot-1951--ak--10,cdca04e0bc6ce855,n- v,
19,prot-1951--ak--10,cdca04e0bc6ce855,s- m,
20,prot-1951--ak--10,cdca04e0bc6ce855,d- h,
21,prot-1951--ak--10,cdca04e0bc6ce855,m- m,
22,prot-1951--ak--10,cdca04e0bc6ce855,o- t,
23,prot-1951--ak--10,cdca04e0bc6ce855,n- c,
24,prot-1951--ak--10,cdca04e0bc6ce855,l- ä,
25,prot-1951--ak--10,cdca04e0bc6ce855,n- t,
26,prot-1951--ak--10,cdca04e0bc6ce855,u- s,
27,prot-1951--ak--10,cdca04e0bc6ce855,a- t,
28,prot-1951--ak--10,cdca04e0bc6ce855,o- n,
29,prot-1951--ak--10,cdca04e0bc6ce855,n- s,
0,prot-1951--ak--10,cdca04e0bc6ce855,s- d,
1,prot-1951--ak--10,cdca04e0bc6ce855,i- g,
2,prot-1951--ak--10,cdca04e0bc6ce855,r- s,
3,prot-1951--ak--10,cdca04e0bc6ce855,t- g,
4,prot-1951--ak--10,cdca04e0bc6ce855,m- h,
5,prot-1951--ak--10,cdca04e0bc6ce855,s- k,
6,prot-1951--ak--10,cdca04e0bc6ce855,i- g,
7,prot-1951--ak--10,cdca04e0bc6ce855,å- r,
8,prot-1951--ak--10,cdca04e0bc6ce855,a- t,
9,prot-1951--ak--10,cdca04e0bc6ce855,e- r,
10,prot-1951--ak--10,cdca04e0bc6ce855,e- t,
11,prot-1951--ak--10,cdca04e0bc6ce855,n- n,
12,prot-1951--ak--10,cdca04e0bc6ce855,n- n,
13,prot-1951--ak--10,cdca04e0bc6ce855,n- s,
14,prot-1951--ak--10,cdca04e0bc6ce855,v- s,
15,prot-1951--ak--10,cdca04e0bc6ce855,r- l,
16,prot-1951--ak--10,cdca04e0bc6ce855,e- b,
17,prot-1951--ak--10,cdca04e0bc6ce855,r- n,
18,prot-1951--ak--10,cdca04e0bc6ce855,s- s,
19,prot-1951--ak--10,cdca04e0bc6ce855,g- g,
20,prot-1951--ak--10,cdca04e0bc6ce855,n- k,
21,prot-1951--ak--10,cdca04e0bc6ce855,s- s,
22,prot-1951--ak--10,cdca04e0bc6ce855,a- f,
23,prot-1951--ak--10,cdca04e0bc6ce855,g- e,
24,prot-1951--ak--10,cdca04e0bc6ce855,o- n,
25,prot-1951--ak--10,cdca04e0bc6ce855,l- t,
26,prot-1951--ak--10,cdca04e0bc6ce855,p- s,
27,prot-1951--ak--10,cdca04e0bc6ce855,a- f,
28,prot-1951--ak--10,cdca04e0bc6ce855,n- s,
29,prot-1951--ak--10,cdca04e0bc6ce855,e- t,
30,prot-1951--ak--10,cdca04e0bc6ce855,r- n,
31,prot-1951--ak--10,cdca04e0bc6ce855,e- r,
0,prot-1951--ak--10,cdca04e0bc6ce855,t- l,
1,prot-1951--ak--10,cdca04e0bc6ce855,e- t,
2,prot-1951--ak--10,cdca04e0bc6ce855,i- g,
3,prot-1951--ak--10,cdca04e0bc6ce855,l- f,
4,prot-1951--ak--10,cdca04e0bc6ce855,r- d,
5,prot-1951--ak--10,cdca04e0bc6ce855,e- s,
6,prot-1951--ak--10,cdca04e0bc6ce855,n- s,
7,prot-1951--ak--10,cdca04e0bc6ce855,n- s,
8,prot-1951--ak--10,cdca04e0bc6ce855,a- t,
9,prot-1951--ak--10,cdca04e0bc6ce855,o- n,
10,prot-1951--ak--10,cdca04e0bc6ce855,p- g,
11,prot-1951--ak--10,cdca04e0bc6ce855,r- t,
12,prot-1951--ak--10,cdca04e0bc6ce855,e- d,
13,prot-1951--ak--10,cdca04e0bc6ce855,e- r,
14,prot-1951--ak--10,cdca04e0bc6ce855,e- g,
15,prot-1951--ak--10,cdca04e0bc6ce855,c- k,
16,prot-1951--ak--10,cdca04e0bc6ce855,e- a,
17,prot-1951--ak--10,cdca04e0bc6ce855,e- n,
18,prot-1951--ak--10,cdca04e0bc6ce855,e- l,
19,prot-1951--ak--10,cdca04e0bc6ce855,t- s,
20,prot-1951--ak--10,cdca04e0bc6ce855,b- b,
0,prot-1951--ak--10,cdca04e0bc6ce855,e- d,
1,prot-1951--ak--10,cdca04e0bc6ce855,e- t,
2,prot-1951--ak--10,cdca04e0bc6ce855,r- e,
3,prot-1951--ak--10,cdca04e0bc6ce855,n- t,
4,prot-1951--ak--10,cdca04e0bc6ce855,å- t,
5,prot-1951--ak--10,cdca04e0bc6ce855,ä- g,
6,prot-1951--ak--10,cdca04e0bc6ce855,n- d,
7,prot-1951--ak--10,cdca04e0bc6ce855,å- v,
8,prot-1951--ak--10,cdca04e0bc6ce855,p- p,
9,prot-1951--ak--10,cdca04e0bc6ce855,r- k,
10,prot-1951--ak--10,cdca04e0bc6ce855,e- c,
11,prot-1951--ak--10,cdca04e0bc6ce855,u- d,
12,prot-1951--ak--10,cdca04e0bc6ce855,a- l,
13,prot-1951--ak--10,cdca04e0bc6ce855,e- t,
14,prot-1951--ak--10,cdca04e0bc6ce855,m- r,
15,prot-1951--ak--10,cdca04e0bc6ce855,m- k,
16,prot-1951--ak--10,cdca04e0bc6ce855,s- ä,
17,prot-1951--ak--10,cdca04e0bc6ce855,n- k,
18,prot-1951--ak--10,cdca04e0bc6ce855,n- d,
19,prot-1951--ak--10,cdca04e0bc6ce855,s- h,
20,prot-1951--ak--10,cdca04e0bc6ce855,i- v,
21,prot-1951--ak--10,cdca04e0bc6ce855,t- l,
22,prot-1951--ak--10,cdca04e0bc6ce855,s- s,
23,prot-1951--ak--10,cdca04e0bc6ce855,s- o,
0,prot-1951--ak--10,cdca04e0bc6ce855,ä- g,
1,prot-1951--ak--10,cdca04e0bc6ce855,j- n,
2,prot-1951--ak--10,cdca04e0bc6ce855,k- n,
3,prot-1951--ak--10,cdca04e0bc6ce855,r- s,
4,prot-1951--ak--10,cdca04e0bc6ce855,g- n,
5,prot-1951--ak--10,cdca04e0bc6ce855,m- r,
6,prot-1951--ak--10,cdca04e0bc6ce855,l- l,
7,prot-1951--ak--10,cdca04e0bc6ce855,l- a,
8,prot-1951--ak--10,cdca04e0bc6ce855,k- s,
9,prot-1951--ak--10,cdca04e0bc6ce855,n- v,
10,prot-1951--ak--10,cdca04e0bc6ce855,s- s,
11,prot-1951--ak--10,cdca04e0bc6ce855,s- s,
12,prot-1951--ak--10,cdca04e0bc6ce855,s- o,
13,prot-1951--ak--10,cdca04e0bc6ce855,t- t,
14,prot-1951--ak--10,cdca04e0bc6ce855,n- h,
15,prot-1951--ak--10,cdca04e0bc6ce855,e- t,
16,prot-1951--ak--10,cdca04e0bc6ce855,n- d,
17,prot-1951--ak--10,cdca04e0bc6ce855,r- l,
18,prot-1951--ak--10,cdca04e0bc6ce855,r- l,
19,prot-1951--ak--10,cdca04e0bc6ce855,e- r,
20,prot-1951--ak--10,cdca04e0bc6ce855,e- r,
21,prot-1951--ak--10,cdca04e0bc6ce855,s- o,
22,prot-1951--ak--10,cdca04e0bc6ce855,s- b,
23,prot-1951--ak--10,cdca04e0bc6ce855,n- c,
24,prot-1951--ak--10,cdca04e0bc6ce855,s- v,
25,prot-1951--ak--10,cdca04e0bc6ce855,t- r,
0,prot-1951--ak--10,cdca04e0bc6ce855,n- j,
1,prot-1951--ak--10,cdca04e0bc6ce855,k- n,
2,prot-1951--ak--10,cdca04e0bc6ce855,r- d,
3,prot-1951--ak--10,cdca04e0bc6ce855,n- t,
4,prot-1951--ak--10,cdca04e0bc6ce855,i- v,
5,prot-1951--ak--10,cdca04e0bc6ce855,s- u,
6,prot-1951--ak--10,cdca04e0bc6ce855,e- m,
7,prot-1951--ak--10,cdca04e0bc6ce855,l- b,
8,prot-1951--ak--10,cdca04e0bc6ce855,e- r,
9,prot-1951--ak--10,cdca04e0bc6ce855,e- f,
10,prot-1951--ak--10,cdca04e0bc6ce855,n- t,
11,prot-1951--ak--10,cdca04e0bc6ce855,n- s,
12,prot-1951--ak--10,cdca04e0bc6ce855,t- s,
13,prot-1951--ak--10,cdca04e0bc6ce855,s- s,
14,prot-1951--ak--10,cdca04e0bc6ce855,l- f,
15,prot-1951--ak--10,cdca04e0bc6ce855,s- v,
16,prot-1951--ak--10,cdca04e0bc6ce855,e- n,
17,prot-1951--ak--10,cdca04e0bc6ce855,x- p,
18,prot-1951--ak--10,cdca04e0bc6ce855,k- t,
19,prot-1951--ak--10,cdca04e0bc6ce855,e- r,
20,prot-1951--ak--10,cdca04e0bc6ce855,o- n,
21,prot-1951--ak--10,cdca04e0bc6ce855,t- s,
22,prot-1951--ak--10,cdca04e0bc6ce855,n- v,
23,prot-1951--ak--10,cdca04e0bc6ce855,n- d,
24,prot-1951--ak--10,cdca04e0bc6ce855,n- v,
25,prot-1951--ak--10,cdca04e0bc6ce855,e- d,
26,prot-1951--ak--10,cdca04e0bc6ce855,t- m,
27,prot-1951--ak--10,cdca04e0bc6ce855,k- t,
0,prot-1951--ak--10,cdca04e0bc6ce855,k- t,
1,prot-1951--ak--10,cdca04e0bc6ce855,i- g,
2,prot-1951--ak--10,cdca04e0bc6ce855,r- m,
3,prot-1951--ak--10,cdca04e0bc6ce855,a- t,
4,prot-1951--ak--10,cdca04e0bc6ce855,l- n,
5,prot-1951--ak--10,cdca04e0bc6ce855,k- n,
6,prot-1951--ak--10,cdca04e0bc6ce855,a- s,
7,prot-1951--ak--10,cdca04e0bc6ce855,n- s,
8,prot-1951--ak--10,cdca04e0bc6ce855,a- d,
9,prot-1951--ak--10,cdca04e0bc6ce855,n- n,
10,prot-1951--ak--10,cdca04e0bc6ce855,e- n,
11,prot-1951--ak--10,cdca04e0bc6ce855,t- s,
12,prot-1951--ak--10,cdca04e0bc6ce855,a- r,
13,prot-1951--ak--10,cdca04e0bc6ce855,d- g,
14,prot-1951--ak--10,cdca04e0bc6ce855,d- r,
15,prot-1951--ak--10,cdca04e0bc6ce855,s- b,
16,prot-1951--ak--10,cdca04e0bc6ce855,l- l,
17,prot-1951--ak--10,cdca04e0bc6ce855,n- l,
18,prot-1951--ak--10,cdca04e0bc6ce855,e- r,
19,prot-1951--ak--10,cdca04e0bc6ce855,o- d,
20,prot-1951--ak--10,cdca04e0bc6ce855,e- t,
21,prot-1951--ak--10,cdca04e0bc6ce855,n- d,
22,prot-1951--ak--10,cdca04e0bc6ce855,å- r,
23,prot-1951--ak--10,cdca04e0bc6ce855,r- n,
24,prot-1951--ak--10,cdca04e0bc6ce855,l- n,
25,prot-1951--ak--10,cdca04e0bc6ce855,p- s,
26,prot-1951--ak--10,cdca04e0bc6ce855,s- b,
27,prot-1951--ak--10,cdca04e0bc6ce855,n- k,
28,prot-1951--ak--10,cdca04e0bc6ce855,t- n,
29,prot-1951--ak--10,cdca04e0bc6ce855,a- p,
30,prot-1951--ak--10,cdca04e0bc6ce855,o- n,
31,prot-1951--ak--10,cdca04e0bc6ce855,k- g,
32,prot-1951--ak--10,cdca04e0bc6ce855,k- t,
33,prot-1951--ak--10,cdca04e0bc6ce855,s- a,
34,prot-1951--ak--10,cdca04e0bc6ce855,n- v,
0,prot-1951--ak--10,cdca04e0bc6ce855,g- o,
1,prot-1951--ak--10,cdca04e0bc6ce855,t- t,
2,prot-1951--ak--10,cdca04e0bc6ce855,n- v,
3,prot-1951--ak--10,cdca04e0bc6ce855,o- t,
4,prot-1951--ak--10,cdca04e0bc6ce855,n- v,
5,prot-1951--ak--10,cdca04e0bc6ce855,e- r,
6,prot-1951--ak--10,cdca04e0bc6ce855,e- t,
7,prot-1951--ak--10,cdca04e0bc6ce855,g- o,
8,prot-1951--ak--10,cdca04e0bc6ce855,s- v,
9,prot-1951--ak--10,cdca04e0bc6ce855,s- o,
10,prot-1951--ak--10,cdca04e0bc6ce855,k- s,
11,prot-1951--ak--10,cdca04e0bc6ce855,i- s,
12,prot-1951--ak--10,cdca04e0bc6ce855,l- b,
13,prot-1951--ak--10,cdca04e0bc6ce855,n- v,
14,prot-1951--ak--10,cdca04e0bc6ce855,v- s,
15,prot-1951--ak--10,cdca04e0bc6ce855,d- g,
16,prot-1951--ak--10,cdca04e0bc6ce855,s- s,
17,prot-1951--ak--10,cdca04e0bc6ce855,s- d,
18,prot-1951--ak--10,cdca04e0bc6ce855,f- t,
19,prot-1951--ak--10,cdca04e0bc6ce855,d- l,
20,prot-1951--ak--10,cdca04e0bc6ce855,a- t,
21,prot-1951--ak--10,cdca04e0bc6ce855,o- n,
22,prot-1951--ak--10,cdca04e0bc6ce855,e- r,
23,prot-1951--ak--10,cdca04e0bc6ce855,e- r,
24,prot-1951--ak--10,cdca04e0bc6ce855,t- n,
25,prot-1951--ak--10,cdca04e0bc6ce855,r- s,
26,prot-1951--ak--10,cdca04e0bc6ce855,r- b,
27,prot-1951--ak--10,cdca04e0bc6ce855,k- s,
28,prot-1951--ak--10,cdca04e0bc6ce855,l- s,
29,prot-1951--ak--10,cdca04e0bc6ce855,å- g,
30,prot-1951--ak--10,cdca04e0bc6ce855,k- o,
31,prot-1951--ak--10,cdca04e0bc6ce855,y- r,
32,prot-1951--ak--10,cdca04e0bc6ce855,l- l,
33,prot-1951--ak--10,cdca04e0bc6ce855,n- p,
34,prot-1951--ak--10,cdca04e0bc6ce855,r- s,
35,prot-1951--ak--10,cdca04e0bc6ce855,r- t,
36,prot-1951--ak--10,cdca04e0bc6ce855,r- d,
37,prot-1951--ak--10,cdca04e0bc6ce855,i- s,
0,prot-1951--ak--10,cdca04e0bc6ce855,t- n,
1,prot-1951--ak--10,cdca04e0bc6ce855,f- t,
2,prot-1951--ak--10,cdca04e0bc6ce855,v- g,
3,prot-1951--ak--10,cdca04e0bc6ce855,l- l,
4,prot-1951--ak--10,cdca04e0bc6ce855,å- v,
5,prot-1951--ak--10,cdca04e0bc6ce855,n- n,
6,prot-1951--ak--10,cdca04e0bc6ce855,g- s,
7,prot-1951--ak--10,cdca04e0bc6ce855,r- s,
8,prot-1951--ak--10,cdca04e0bc6ce855,å- d,
9,prot-1951--ak--10,cdca04e0bc6ce855,s- s,
10,prot-1951--ak--10,cdca04e0bc6ce855,a- t,
11,prot-1951--ak--10,cdca04e0bc6ce855,i- s,
12,prot-1951--ak--10,cdca04e0bc6ce855,e- s,
13,prot-1951--ak--10,cdca04e0bc6ce855,g- s,
14,prot-1951--ak--10,cdca04e0bc6ce855,j- l,
15,prot-1951--ak--10,cdca04e0bc6ce855,d- l,
16,prot-1951--ak--10,cdca04e0bc6ce855,r- s,
17,prot-1951--ak--10,cdca04e0bc6ce855,s- s,
18,prot-1951--ak--10,cdca04e0bc6ce855,e- f,
19,prot-1951--ak--10,cdca04e0bc6ce855,s- o,
20,prot-1951--ak--10,cdca04e0bc6ce855,i- v,
21,prot-1951--ak--10,cdca04e0bc6ce855,o- n,
22,prot-1951--ak--10,cdca04e0bc6ce855,r- d,
23,prot-1951--ak--10,cdca04e0bc6ce855,m- m,
24,prot-1951--ak--10,cdca04e0bc6ce855,e- n,
25,prot-1951--ak--10,cdca04e0bc6ce855,s- n,
26,prot-1951--ak--10,cdca04e0bc6ce855,t- b,
27,prot-1951--ak--10,cdca04e0bc6ce855,t- b,
28,prot-1951--ak--10,cdca04e0bc6ce855,n- v,
29,prot-1951--ak--10,cdca04e0bc6ce855,s- l,
30,prot-1951--ak--10,cdca04e0bc6ce855,k- t,
0,prot-1951--ak--10,cdca04e0bc6ce855,s- o,
1,prot-1951--ak--10,cdca04e0bc6ce855,a- f,
2,prot-1951--ak--10,cdca04e0bc6ce855,i- g,
3,prot-1951--ak--10,cdca04e0bc6ce855,n- s,
4,prot-1951--ak--10,cdca04e0bc6ce855,v- k,
5,prot-1951--ak--10,cdca04e0bc6ce855,n- s,
6,prot-1951--ak--10,cdca04e0bc6ce855,a- l,
7,prot-1951--ak--10,cdca04e0bc6ce855,a- g,
8,prot-1951--ak--10,cdca04e0bc6ce855,l- r,
9,prot-1951--ak--10,cdca04e0bc6ce855,i- v,
10,prot-1951--ak--10,cdca04e0bc6ce855,a- s,
11,prot-1951--ak--10,cdca04e0bc6ce855,y- d,
12,prot-1951--ak--10,cdca04e0bc6ce855,t- v,
13,prot-1951--ak--10,cdca04e0bc6ce855,n- d,
14,prot-1951--ak--10,cdca04e0bc6ce855,a- g,
15,prot-1951--ak--10,cdca04e0bc6ce855,ä- l,
16,prot-1951--ak--10,cdca04e0bc6ce855,m- r,
17,prot-1951--ak--10,cdca04e0bc6ce855,r- s,
18,prot-1951--ak--10,cdca04e0bc6ce855,r- m,
19,prot-1951--ak--10,cdca04e0bc6ce855,a- t,
20,prot-1951--ak--10,cdca04e0bc6ce855,n- d,
21,prot-1951--ak--10,cdca04e0bc6ce855,l- k,
22,prot-1951--ak--10,cdca04e0bc6ce855,i- n,
23,prot-1951--ak--10,cdca04e0bc6ce855,a- g,
24,prot-1951--ak--10,cdca04e0bc6ce855,m- l,
25,prot-1951--ak--10,cdca04e0bc6ce855,o- g,
26,prot-1951--ak--10,cdca04e0bc6ce855,e- l,
0,prot-1951--ak--10,cdca04e0bc6ce855,n- v,
1,prot-1951--ak--10,cdca04e0bc6ce855,u- d,
2,prot-1951--ak--10,cdca04e0bc6ce855,a- n,
3,prot-1951--ak--10,cdca04e0bc6ce855,i- n,
4,prot-1951--ak--10,cdca04e0bc6ce855,r- d,
5,prot-1951--ak--10,cdca04e0bc6ce855,c- k,
6,prot-1951--ak--10,cdca04e0bc6ce855,k- t,
7,prot-1951--ak--10,cdca04e0bc6ce855,l- g,
8,prot-1951--ak--10,cdca04e0bc6ce855,o- n,
9,prot-1951--ak--10,cdca04e0bc6ce855,e- m,
10,prot-1951--ak--10,cdca04e0bc6ce855,l- l,
11,prot-1951--ak--10,cdca04e0bc6ce855,e- h,
12,prot-1951--ak--10,cdca04e0bc6ce855,i- k,
13,prot-1951--ak--10,cdca04e0bc6ce855,r- b,
14,prot-1951--ak--10,cdca04e0bc6ce855,t- n,
15,prot-1951--ak--10,cdca04e0bc6ce855,g- s,
16,prot-1951--ak--10,cdca04e0bc6ce855,u- n,
17,prot-1951--ak--10,cdca04e0bc6ce855,d- r,
18,prot-1951--ak--10,cdca04e0bc6ce855,a- f,
19,prot-1951--ak--10,cdca04e0bc6ce855,s- a,
20,prot-1951--ak--10,cdca04e0bc6ce855,l- l,
21,prot-1951--ak--10,cdca04e0bc6ce855,p- t,
22,prot-1951--ak--10,cdca04e0bc6ce855,t- s,
23,prot-1951--ak--10,cdca04e0bc6ce855,n- d,
24,prot-1951--ak--10,cdca04e0bc6ce855,ä- k,
0,prot-1951--ak--10,cdca04e0bc6ce855,k- o,
1,prot-1951--ak--10,cdca04e0bc6ce855,s- t,
2,prot-1951--ak--10,cdca04e0bc6ce855,s- u,
3,prot-1951--ak--10,cdca04e0bc6ce855,m- m,
4,prot-1951--ak--10,cdca04e0bc6ce855,e- m,
5,prot-1951--ak--10,cdca04e0bc6ce855,e- k,
6,prot-1951--ak--10,cdca04e0bc6ce855,s- t,
7,prot-1951--ak--10,cdca04e0bc6ce855,a- r,
8,prot-1951--ak--10,cdca04e0bc6ce855,t- t,
9,prot-1951--ak--10,cdca04e0bc6ce855,l- m,
10,prot-1951--ak--10,cdca04e0bc6ce855,n- d,
11,prot-1951--ak--10,cdca04e0bc6ce855,r- b,
12,prot-1951--ak--10,cdca04e0bc6ce855,ö- r,
13,prot-1951--ak--10,cdca04e0bc6ce855,r- l,
14,prot-1951--ak--10,cdca04e0bc6ce855,n- s,
15,prot-1951--ak--10,cdca04e0bc6ce855,l- b,
16,prot-1951--ak--10,cdca04e0bc6ce855,a- t,
17,prot-1951--ak--10,cdca04e0bc6ce855,g- n,
18,prot-1951--ak--10,cdca04e0bc6ce855,ä- l,
19,prot-1951--ak--10,cdca04e0bc6ce855,n- k,
20,prot-1951--ak--10,cdca04e0bc6ce855,s- o,
21,prot-1951--ak--10,cdca04e0bc6ce855,a- r,
0,prot-1951--ak--10,cdca04e0bc6ce855,n- p,
1,prot-1951--ak--10,cdca04e0bc6ce855,k- h,
2,prot-1951--ak--10,cdca04e0bc6ce855,m- h,
3,prot-1951--ak--10,cdca04e0bc6ce855,n- n,
4,prot-1951--ak--10,cdca04e0bc6ce855,e- t,
5,prot-1951--ak--10,cdca04e0bc6ce855,ö- r,
6,prot-1951--ak--10,cdca04e0bc6ce855,s- t,
7,prot-1951--ak--10,cdca04e0bc6ce855,å- e,
8,prot-1951--ak--10,cdca04e0bc6ce855,a- l,
9,prot-1951--ak--10,cdca04e0bc6ce855,c- k,
10,prot-1951--ak--10,cdca04e0bc6ce855,t- j,
11,prot-1951--ak--10,cdca04e0bc6ce855,ä- g,
12,prot-1951--ak--10,cdca04e0bc6ce855,e- b,
13,prot-1951--ak--10,cdca04e0bc6ce855,n- j,
14,prot-1951--ak--10,cdca04e0bc6ce855,k- s,
15,prot-1951--ak--10,cdca04e0bc6ce855,d- s,
16,prot-1951--ak--10,cdca04e0bc6ce855,k- s,
17,prot-1951--ak--10,cdca04e0bc6ce855,i- k,
18,prot-1951--ak--10,cdca04e0bc6ce855,m- m,
19,prot-1951--ak--10,cdca04e0bc6ce855,n- n,
20,prot-1951--ak--10,cdca04e0bc6ce855,a- f,
21,prot-1951--ak--10,cdca04e0bc6ce855,i- d,
22,prot-1951--ak--10,cdca04e0bc6ce855,g- e,
23,prot-1951--ak--10,cdca04e0bc6ce855,a- t,
24,prot-1951--ak--10,cdca04e0bc6ce855,o- p,
25,prot-1951--ak--10,cdca04e0bc6ce855,l- g,
26,prot-1951--ak--10,cdca04e0bc6ce855,o- p,
27,prot-1951--ak--10,cdca04e0bc6ce855,s- a,
28,prot-1951--ak--10,cdca04e0bc6ce855,ö- r,
29,prot-1951--ak--10,cdca04e0bc6ce855,a- v,
0,prot-1951--ak--10,cdca04e0bc6ce855,a- k,
1,prot-1951--ak--10,cdca04e0bc6ce855,i- n,
2,prot-1951--ak--10,cdca04e0bc6ce855,e- m,
3,prot-1951--ak--10,cdca04e0bc6ce855,l- f,
4,prot-1951--ak--10,cdca04e0bc6ce855,r- m,
5,prot-1951--ak--10,cdca04e0bc6ce855,a- t,
6,prot-1951--ak--10,cdca04e0bc6ce855,s- b,
7,prot-1951--ak--10,cdca04e0bc6ce855,å- e,
8,prot-1951--ak--10,cdca04e0bc6ce855,e- m,
9,prot-1951--ak--10,cdca04e0bc6ce855,e- t,
10,prot-1951--ak--10,cdca04e0bc6ce855,n- h,
11,prot-1951--ak--10,cdca04e0bc6ce855,r- n,
12,prot-1951--ak--10,cdca04e0bc6ce855,r- b,
13,prot-1951--ak--10,cdca04e0bc6ce855,k- s,
14,prot-1951--ak--10,cdca04e0bc6ce855,n- d,
15,prot-1951--ak--10,cdca04e0bc6ce855,n- h,
16,prot-1951--ak--10,cdca04e0bc6ce855,s- l,
17,prot-1951--ak--10,cdca04e0bc6ce855,l- b,
18,prot-1951--ak--10,cdca04e0bc6ce855,s- ä,
19,prot-1951--ak--10,cdca04e0bc6ce855,e- t,
20,prot-1951--ak--10,cdca04e0bc6ce855,t- g,
21,prot-1951--ak--10,cdca04e0bc6ce855,r- k,
22,prot-1951--ak--10,cdca04e0bc6ce855,l- b,
23,prot-1951--ak--10,cdca04e0bc6ce855,r- l,
24,prot-1951--ak--10,cdca04e0bc6ce855,t- v,
25,prot-1951--ak--10,cdca04e0bc6ce855,m- f,
26,prot-1951--ak--10,cdca04e0bc6ce855,o- c,
27,prot-1951--ak--10,cdca04e0bc6ce855,k- n,
0,prot-1951--ak--10,cdca04e0bc6ce855,r- m,
1,prot-1951--ak--10,cdca04e0bc6ce855,p- l,
2,prot-1951--ak--10,cdca04e0bc6ce855,e- b,
3,prot-1951--ak--10,cdca04e0bc6ce855,r- v,
4,prot-1951--ak--10,cdca04e0bc6ce855,m- l,
5,prot-1951--ak--10,cdca04e0bc6ce855,o- r,
6,prot-1951--ak--10,cdca04e0bc6ce855,m- h,
7,prot-1951--ak--10,cdca04e0bc6ce855,u- n,
8,prot-1951--ak--10,cdca04e0bc6ce855,å- h,
9,prot-1951--ak--10,cdca04e0bc6ce855,o- n,
10,prot-1951--ak--10,cdca04e0bc6ce855,m- o,
11,prot-1951--ak--10,cdca04e0bc6ce855,s- b,
12,prot-1951--ak--10,cdca04e0bc6ce855,o- n,
13,prot-1951--ak--10,cdca04e0bc6ce855,l- l,
14,prot-1951--ak--10,cdca04e0bc6ce855,s- o,
15,prot-1951--ak--10,cdca04e0bc6ce855,i- d,
16,prot-1951--ak--10,cdca04e0bc6ce855,k- b,
17,prot-1951--ak--10,cdca04e0bc6ce855,a- m,
18,prot-1951--ak--10,cdca04e0bc6ce855,r- n,
19,prot-1951--ak--10,cdca04e0bc6ce855,a- t,
20,prot-1951--ak--10,cdca04e0bc6ce855,n- t,
21,prot-1951--ak--10,cdca04e0bc6ce855,m- m,
22,prot-1951--ak--10,cdca04e0bc6ce855,a- t,
23,prot-1951--ak--10,cdca04e0bc6ce855,a- t,
24,prot-1951--ak--10,cdca04e0bc6ce855,s- r,
25,prot-1951--ak--10,cdca04e0bc6ce855,e- d,
26,prot-1951--ak--10,cdca04e0bc6ce855,o- c,
27,prot-1951--ak--10,cdca04e0bc6ce855,n- b,
28,prot-1951--ak--10,cdca04e0bc6ce855,t- t,
29,prot-1951--ak--10,cdca04e0bc6ce855,o- r,
30,prot-1951--ak--10,cdca04e0bc6ce855,e- s,
31,prot-1951--ak--10,cdca04e0bc6ce855,å- g,
0,prot-1951--ak--10,cdca04e0bc6ce855,m- l,
1,prot-1951--ak--10,cdca04e0bc6ce855,o- t,
2,prot-1951--ak--10,cdca04e0bc6ce855,a- r,
3,prot-1951--ak--10,cdca04e0bc6ce855,e- r,
4,prot-1951--ak--10,cdca04e0bc6ce855,r- b,
5,prot-1951--ak--10,cdca04e0bc6ce855,r- v,
6,prot-1951--ak--10,cdca04e0bc6ce855,o- n,
7,prot-1951--ak--10,cdca04e0bc6ce855,v- d,
8,prot-1951--ak--10,cdca04e0bc6ce855,g- g,
9,prot-1951--ak--10,cdca04e0bc6ce855,l- s,
10,prot-1951--ak--10,cdca04e0bc6ce855,a- t,
11,prot-1951--ak--10,cdca04e0bc6ce855,s- b,
12,prot-1951--ak--10,cdca04e0bc6ce855,t- t,
13,prot-1951--ak--10,cdca04e0bc6ce855,v- r,
14,prot-1951--ak--10,cdca04e0bc6ce855,u- n,
15,prot-1951--ak--10,cdca04e0bc6ce855,t- t,
16,prot-1951--ak--10,cdca04e0bc6ce855,e- l,
17,prot-1951--ak--10,cdca04e0bc6ce855,s- m,
18,prot-1951--ak--10,cdca04e0bc6ce855,n- s,
19,prot-1951--ak--10,cdca04e0bc6ce855,n- v,
20,prot-1951--ak--10,cdca04e0bc6ce855,s- m,
21,prot-1951--ak--10,cdca04e0bc6ce855,i- t,
22,prot-1951--ak--10,cdca04e0bc6ce855,n- g,
23,prot-1951--ak--10,cdca04e0bc6ce855,n- d,
24,prot-1951--ak--10,cdca04e0bc6ce855,l- n,
25,prot-1951--ak--10,cdca04e0bc6ce855,n- d,
0,prot-1951--ak--10,7b16a01c980ae2ac,"w
i",
1,prot-1951--ak--10,cdca04e0bc6ce855,n- d,
2,prot-1951--ak--10,cdca04e0bc6ce855,s- t,
3,prot-1951--ak--10,cdca04e0bc6ce855,t- s,
4,prot-1951--ak--10,cdca04e0bc6ce855,n- d,
5,prot-1951--ak--10,cdca04e0bc6ce855,l- n,
6,prot-1951--ak--10,cdca04e0bc6ce855,a- r,
7,prot-1951--ak--10,cdca04e0bc6ce855,i- d,
8,prot-1951--ak--10,cdca04e0bc6ce855,l- f,
9,prot-1951--ak--10,cdca04e0bc6ce855,a- r,
10,prot-1951--ak--10,cdca04e0bc6ce855,l- f,
11,prot-1951--ak--10,cdca04e0bc6ce855,e- r,
12,prot-1951--ak--10,cdca04e0bc6ce855,l- l,
13,prot-1951--ak--10,cdca04e0bc6ce855,ä- d,
14,prot-1951--ak--10,cdca04e0bc6ce855,m- p,
15,prot-1951--ak--10,cdca04e0bc6ce855,d- v,
16,prot-1951--ak--10,cdca04e0bc6ce855,p- r,
17,prot-1951--ak--10,cdca04e0bc6ce855,l- l,
18,prot-1951--ak--10,cdca04e0bc6ce855,d- n,
19,prot-1951--ak--10,cdca04e0bc6ce855,n- k,
20,prot-1951--ak--10,cdca04e0bc6ce855,a- f,
21,prot-1951--ak--10,cdca04e0bc6ce855,ö- r,
22,prot-1951--ak--10,cdca04e0bc6ce855,l- f,
23,prot-1951--ak--10,cdca04e0bc6ce855,g- l,
24,prot-1951--ak--10,cdca04e0bc6ce855,o- n,
25,prot-1951--ak--10,cdca04e0bc6ce855,i- f,
26,prot-1951--ak--10,cdca04e0bc6ce855,e- m,
0,prot-1951--ak--10,cdca04e0bc6ce855,r- t,
1,prot-1951--ak--10,cdca04e0bc6ce855,n- m,
2,prot-1951--ak--10,cdca04e0bc6ce855,e- k,
3,prot-1951--ak--10,cdca04e0bc6ce855,m- p,
4,prot-1951--ak--10,cdca04e0bc6ce855,r- m,
5,prot-1951--ak--10,cdca04e0bc6ce855,å- r,
6,prot-1951--ak--10,cdca04e0bc6ce855,i- g,
7,prot-1951--ak--10,cdca04e0bc6ce855,r- s,
8,prot-1951--ak--10,cdca04e0bc6ce855,e- s,
9,prot-1951--ak--10,cdca04e0bc6ce855,r- s,
10,prot-1951--ak--10,cdca04e0bc6ce855,l- n,
11,prot-1951--ak--10,cdca04e0bc6ce855,r- n,
12,prot-1951--ak--10,cdca04e0bc6ce855,e- v,
13,prot-1951--ak--10,cdca04e0bc6ce855,f- f,
14,prot-1951--ak--10,cdca04e0bc6ce855,r- k,
15,prot-1951--ak--10,cdca04e0bc6ce855,s- n,
16,prot-1951--ak--10,cdca04e0bc6ce855,a- r,
17,prot-1951--ak--10,cdca04e0bc6ce855,i- v,
18,prot-1951--ak--10,cdca04e0bc6ce855,r- s,
19,prot-1951--ak--10,cdca04e0bc6ce855,l- s,
20,prot-1951--ak--10,cdca04e0bc6ce855,c- k,
21,prot-1951--ak--10,cdca04e0bc6ce855,n- d,
22,prot-1951--ak--10,cdca04e0bc6ce855,v- v,
23,prot-1951--ak--10,cdca04e0bc6ce855,n- n,
24,prot-1951--ak--10,cdca04e0bc6ce855,m- s,
25,prot-1951--ak--10,cdca04e0bc6ce855,å- g,
26,prot-1951--ak--10,cdca04e0bc6ce855,a- t,
27,prot-1951--ak--10,cdca04e0bc6ce855,f- f,
28,prot-1951--ak--10,cdca04e0bc6ce855,e- r,
0,prot-1951--ak--10,cdca04e0bc6ce855,g- n,
1,prot-1951--ak--10,cdca04e0bc6ce855,m- l,
2,prot-1951--ak--10,cdca04e0bc6ce855,o- n,
3,prot-1951--ak--10,cdca04e0bc6ce855,g- n,
4,prot-1951--ak--10,cdca04e0bc6ce855,n- v,
5,prot-1951--ak--10,cdca04e0bc6ce855,m- m,
6,prot-1951--ak--10,cdca04e0bc6ce855,s- m,
7,prot-1951--ak--10,cdca04e0bc6ce855,a- t,
8,prot-1951--ak--10,cdca04e0bc6ce855,v- l,
9,prot-1951--ak--10,cdca04e0bc6ce855,a- g,
10,prot-1951--ak--10,cdca04e0bc6ce855,u- m,
11,prot-1951--ak--10,cdca04e0bc6ce855,e- b,
12,prot-1951--ak--10,cdca04e0bc6ce855,r- t,
13,prot-1951--ak--10,cdca04e0bc6ce855,t- t,
14,prot-1951--ak--10,cdca04e0bc6ce855,å- d,
15,prot-1951--ak--10,cdca04e0bc6ce855,e- r,
16,prot-1951--ak--10,cdca04e0bc6ce855,d- r,
17,prot-1951--ak--10,cdca04e0bc6ce855,e- t,
18,prot-1951--ak--10,cdca04e0bc6ce855,m- m,
19,prot-1951--ak--10,cdca04e0bc6ce855,g- e,
20,prot-1951--ak--10,cdca04e0bc6ce855,u- v,
21,prot-1951--ak--10,cdca04e0bc6ce855,a- t,
22,prot-1951--ak--10,cdca04e0bc6ce855,a- g,
23,prot-1951--ak--10,cdca04e0bc6ce855,n- l,
24,prot-1951--ak--10,cdca04e0bc6ce855,p- g,
25,prot-1951--ak--10,cdca04e0bc6ce855,å- g,
26,prot-1951--ak--10,cdca04e0bc6ce855,e- n,
27,prot-1951--ak--10,cdca04e0bc6ce855,i- f,
28,prot-1951--ak--10,cdca04e0bc6ce855,s- r,
29,prot-1951--ak--10,cdca04e0bc6ce855,s- d,
0,prot-1951--ak--10,7b16a01c980ae2ac,"g
d",
1,prot-1951--ak--10,7b16a01c980ae2ac,"n
a",
2,prot-1951--ak--10,cdca04e0bc6ce855,v- s,
3,prot-1951--ak--10,cdca04e0bc6ce855,i- n,
4,prot-1951--ak--10,cdca04e0bc6ce855,v- s,
5,prot-1951--ak--10,cdca04e0bc6ce855,s- m,
6,prot-1951--ak--10,cdca04e0bc6ce855,n- c,
7,prot-1951--ak--10,cdca04e0bc6ce855,n- s,
8,prot-1951--ak--10,cdca04e0bc6ce855,n- n,
9,prot-1951--ak--10,cdca04e0bc6ce855,t- t,
10,prot-1951--ak--10,cdca04e0bc6ce855,d- r,
11,prot-1951--ak--10,cdca04e0bc6ce855,o- n,
12,prot-1951--ak--10,cdca04e0bc6ce855,e- r,
13,prot-1951--ak--10,cdca04e0bc6ce855,r- s,
14,prot-1951--ak--10,cdca04e0bc6ce855,p- l,
15,prot-1951--ak--10,cdca04e0bc6ce855,t- s,
16,prot-1951--ak--10,cdca04e0bc6ce855,o- s,
17,prot-1951--ak--10,cdca04e0bc6ce855,s- n,
18,prot-1951--ak--10,cdca04e0bc6ce855,a- m,
19,prot-1951--ak--10,cdca04e0bc6ce855,t- r,
20,prot-1951--ak--10,cdca04e0bc6ce855,t- n,
21,prot-1951--ak--10,cdca04e0bc6ce855,å- v,
22,prot-1951--ak--10,cdca04e0bc6ce855,t- t,
23,prot-1951--ak--10,cdca04e0bc6ce855,l- m,
24,prot-1951--ak--10,cdca04e0bc6ce855,e- h,
25,prot-1951--ak--10,cdca04e0bc6ce855,e- d,
26,prot-1951--ak--10,cdca04e0bc6ce855,t- t,
27,prot-1951--ak--10,cdca04e0bc6ce855,l- s,
28,prot-1951--ak--10,cdca04e0bc6ce855,e- v,
29,prot-1951--ak--10,cdca04e0bc6ce855,n- f,
30,prot-1951--ak--10,cdca04e0bc6ce855,r- s,
0,prot-1951--ak--10,7b16a01c980ae2ac,"n
a",
1,prot-1951--ak--10,cdca04e0bc6ce855,g- o,
2,prot-1951--ak--10,cdca04e0bc6ce855,d- b,
3,prot-1951--ak--10,cdca04e0bc6ce855,o- l,
4,prot-1951--ak--10,cdca04e0bc6ce855,n- s,
5,prot-1951--ak--10,cdca04e0bc6ce855,g- h,
6,prot-1951--ak--10,cdca04e0bc6ce855,n- h,
7,prot-1951--ak--10,cdca04e0bc6ce855,e- p,
8,prot-1951--ak--10,cdca04e0bc6ce855,d- n,
9,prot-1951--ak--10,cdca04e0bc6ce855,g- n,
10,prot-1951--ak--10,cdca04e0bc6ce855,n- n,
11,prot-1951--ak--10,cdca04e0bc6ce855,e- r,
12,prot-1951--ak--10,cdca04e0bc6ce855,r- e,
13,prot-1951--ak--10,cdca04e0bc6ce855,r- j,
14,prot-1951--ak--10,cdca04e0bc6ce855,t- å,
15,prot-1951--ak--10,cdca04e0bc6ce855,e- g,
16,prot-1951--ak--10,cdca04e0bc6ce855,a- t,
17,prot-1951--ak--10,cdca04e0bc6ce855,s- f,
18,prot-1951--ak--10,cdca04e0bc6ce855,g- o,
19,prot-1951--ak--10,cdca04e0bc6ce855,s- v,
20,prot-1951--ak--10,cdca04e0bc6ce855,t- s,
21,prot-1951--ak--10,cdca04e0bc6ce855,g- o,
22,prot-1951--ak--10,cdca04e0bc6ce855,s- f,
23,prot-1951--ak--10,cdca04e0bc6ce855,o- s,
24,prot-1951--ak--10,cdca04e0bc6ce855,g- o,
25,prot-1951--ak--10,cdca04e0bc6ce855,s- a,
26,prot-1951--ak--10,cdca04e0bc6ce855,r- a,
27,prot-1951--ak--10,cdca04e0bc6ce855,d- s,
28,prot-1951--ak--10,cdca04e0bc6ce855,e- v,
29,prot-1951--ak--10,cdca04e0bc6ce855,e- o,
30,prot-1951--ak--10,cdca04e0bc6ce855,n- v,
0,prot-1951--ak--10,7b16a01c980ae2ac,"d
f",
1,prot-1951--ak--10,cdca04e0bc6ce855,e- o,
2,prot-1951--ak--10,cdca04e0bc6ce855,a- d,
3,prot-1951--ak--10,cdca04e0bc6ce855,n- v,
4,prot-1951--ak--10,cdca04e0bc6ce855,r- s,
5,prot-1951--ak--10,cdca04e0bc6ce855,e- v,
6,prot-1951--ak--10,cdca04e0bc6ce855,e- r,
7,prot-1951--ak--10,cdca04e0bc6ce855,r- s,
8,prot-1951--ak--10,cdca04e0bc6ce855,i- v,
9,prot-1951--ak--10,cdca04e0bc6ce855,o- t,
10,prot-1951--ak--10,cdca04e0bc6ce855,n- v,
11,prot-1951--ak--10,cdca04e0bc6ce855,n- s,
12,prot-1951--ak--10,cdca04e0bc6ce855,o- n,
13,prot-1951--ak--10,cdca04e0bc6ce855,e- r,
14,prot-1951--ak--10,cdca04e0bc6ce855,l- m,
15,prot-1951--ak--10,cdca04e0bc6ce855,r- k,
16,prot-1951--ak--10,cdca04e0bc6ce855,m- s,
17,prot-1951--ak--10,cdca04e0bc6ce855,o- s,
18,prot-1951--ak--10,cdca04e0bc6ce855,l- l,
19,prot-1951--ak--10,cdca04e0bc6ce855,m- m,
20,prot-1951--ak--10,cdca04e0bc6ce855,s- v,
21,prot-1951--ak--10,cdca04e0bc6ce855,l- n,
22,prot-1951--ak--10,cdca04e0bc6ce855,m- r,
23,prot-1951--ak--10,cdca04e0bc6ce855,i- t,
24,prot-1951--ak--10,cdca04e0bc6ce855,n- d,
25,prot-1951--ak--10,cdca04e0bc6ce855,r- t,
26,prot-1951--ak--10,cdca04e0bc6ce855,m- m,
27,prot-1951--ak--10,cdca04e0bc6ce855,r- o,
28,prot-1951--ak--10,cdca04e0bc6ce855,e- g,
29,prot-1951--ak--10,cdca04e0bc6ce855,s- a,
30,prot-1951--ak--10,cdca04e0bc6ce855,o- n,
31,prot-1951--ak--10,cdca04e0bc6ce855,m- m,
32,prot-1951--ak--10,cdca04e0bc6ce855,e- b,
33,prot-1951--ak--10,cdca04e0bc6ce855,s- p,
0,prot-1951--ak--10,7b16a01c980ae2ac,",
a",
1,prot-1951--ak--10,cdca04e0bc6ce855,a- n,
2,prot-1951--ak--10,cdca04e0bc6ce855,d- t,
3,prot-1951--ak--10,cdca04e0bc6ce855,e- m,
4,prot-1951--ak--10,cdca04e0bc6ce855,ö- n,
5,prot-1951--ak--10,cdca04e0bc6ce855,l- l,
6,prot-1951--ak--10,cdca04e0bc6ce855,r- s,
7,prot-1951--ak--10,cdca04e0bc6ce855,s- s,
8,prot-1951--ak--10,cdca04e0bc6ce855,s- s,
9,prot-1951--ak--10,cdca04e0bc6ce855,d- n,
10,prot-1951--ak--10,cdca04e0bc6ce855,d- t,
11,prot-1951--ak--10,cdca04e0bc6ce855,s- p,
12,prot-1951--ak--10,cdca04e0bc6ce855,i- v,
13,prot-1951--ak--10,cdca04e0bc6ce855,e- g,
14,prot-1951--ak--10,cdca04e0bc6ce855,r- s,
15,prot-1951--ak--10,cdca04e0bc6ce855,å- g,
16,prot-1951--ak--10,cdca04e0bc6ce855,i- s,
17,prot-1951--ak--10,cdca04e0bc6ce855,s- l,
18,prot-1951--ak--10,cdca04e0bc6ce855,e- k,
19,prot-1951--ak--10,cdca04e0bc6ce855,n- n,
20,prot-1951--ak--10,cdca04e0bc6ce855,l- n,
21,prot-1951--ak--10,cdca04e0bc6ce855,m- m,
22,prot-1951--ak--10,cdca04e0bc6ce855,r- u,
23,prot-1951--ak--10,cdca04e0bc6ce855,n- d,
24,prot-1951--ak--10,cdca04e0bc6ce855,r- k,
25,prot-1951--ak--10,cdca04e0bc6ce855,m- m,
26,prot-1951--ak--10,cdca04e0bc6ce855,n- t,
27,prot-1951--ak--10,cdca04e0bc6ce855,r- r,
28,prot-1951--ak--10,cdca04e0bc6ce855,y- r,
29,prot-1951--ak--10,cdca04e0bc6ce855,r- s,
30,prot-1951--ak--10,cdca04e0bc6ce855,r- t,
31,prot-1951--ak--10,cdca04e0bc6ce855,l- s,
32,prot-1951--ak--10,cdca04e0bc6ce855,d- r,
0,prot-1951--ak--10,cdca04e0bc6ce855,r- m,
1,prot-1951--ak--10,cdca04e0bc6ce855,v- t,
2,prot-1951--ak--10,cdca04e0bc6ce855,s- o,
3,prot-1951--ak--10,cdca04e0bc6ce855,n- d,
4,prot-1951--ak--10,cdca04e0bc6ce855,s- o,
5,prot-1951--ak--10,cdca04e0bc6ce855,k- n,
6,prot-1951--ak--10,cdca04e0bc6ce855,l- l,
7,prot-1951--ak--10,cdca04e0bc6ce855,k- t,
8,prot-1951--ak--10,cdca04e0bc6ce855,d- n,
9,prot-1951--ak--10,cdca04e0bc6ce855,e- d,
10,prot-1951--ak--10,cdca04e0bc6ce855,m- h,
11,prot-1951--ak--10,cdca04e0bc6ce855,t- g,
12,prot-1951--ak--10,cdca04e0bc6ce855,t- r,
13,prot-1951--ak--10,cdca04e0bc6ce855,e- n,
14,prot-1951--ak--10,cdca04e0bc6ce855,å- g,
15,prot-1951--ak--10,cdca04e0bc6ce855,y- d,
16,prot-1951--ak--10,cdca04e0bc6ce855,s- o,
17,prot-1951--ak--10,cdca04e0bc6ce855,k- s,
18,prot-1951--ak--10,cdca04e0bc6ce855,r- t,
19,prot-1951--ak--10,cdca04e0bc6ce855,r- r,
20,prot-1951--ak--10,cdca04e0bc6ce855,i- v,
21,prot-1951--ak--10,cdca04e0bc6ce855,t- t,
22,prot-1951--ak--10,cdca04e0bc6ce855,l- b,
23,prot-1951--ak--10,cdca04e0bc6ce855,m- k,
24,prot-1951--ak--10,cdca04e0bc6ce855,s- s,
25,prot-1951--ak--10,cdca04e0bc6ce855,y- r,
26,prot-1951--ak--10,cdca04e0bc6ce855,s- n,
27,prot-1951--ak--10,cdca04e0bc6ce855,l- l,
28,prot-1951--ak--10,cdca04e0bc6ce855,a- g,
29,prot-1951--ak--10,cdca04e0bc6ce855,ä- r,
30,prot-1951--ak--10,cdca04e0bc6ce855,d- n,
31,prot-1951--ak--10,cdca04e0bc6ce855,e- n,
32,prot-1951--ak--10,cdca04e0bc6ce855,g- g,
33,prot-1951--ak--10,cdca04e0bc6ce855,r- l,
34,prot-1951--ak--10,cdca04e0bc6ce855,a- r,
35,prot-1951--ak--10,cdca04e0bc6ce855,r- s,
36,prot-1951--ak--10,cdca04e0bc6ce855,v- t,
37,prot-1951--ak--10,cdca04e0bc6ce855,n- t,
38,prot-1951--ak--10,cdca04e0bc6ce855,d- n,
39,prot-1951--ak--10,cdca04e0bc6ce855,p- f,
40,prot-1951--ak--10,cdca04e0bc6ce855,a- r,
41,prot-1951--ak--10,cdca04e0bc6ce855,n- s,
42,prot-1951--ak--10,cdca04e0bc6ce855,s- b,
43,prot-1951--ak--10,cdca04e0bc6ce855,l- u,
44,prot-1951--ak--10,cdca04e0bc6ce855,e- v,
45,prot-1951--ak--10,cdca04e0bc6ce855,e- g,
46,prot-1951--ak--10,cdca04e0bc6ce855,l- n,
0,prot-1951--ak--10,cdca04e0bc6ce855,k- n,
1,prot-1951--ak--10,cdca04e0bc6ce855,l- u,
2,prot-1951--ak--10,cdca04e0bc6ce855,n- d,
3,prot-1951--ak--10,cdca04e0bc6ce855,e- r,
4,prot-1951--ak--10,cdca04e0bc6ce855,m- s,
5,prot-1951--ak--10,cdca04e0bc6ce855,t- r,
6,prot-1951--ak--10,cdca04e0bc6ce855,k- k,
7,prot-1951--ak--10,cdca04e0bc6ce855,m- o,
8,prot-1951--ak--10,cdca04e0bc6ce855,t- b,
9,prot-1951--ak--10,cdca04e0bc6ce855,t- r,
10,prot-1951--ak--10,cdca04e0bc6ce855,r- v,
11,prot-1951--ak--10,cdca04e0bc6ce855,å- g,
12,prot-1951--ak--10,cdca04e0bc6ce855,j- l,
13,prot-1951--ak--10,cdca04e0bc6ce855,v- g,
14,prot-1951--ak--10,cdca04e0bc6ce855,e- h,
15,prot-1951--ak--10,cdca04e0bc6ce855,t- s,
16,prot-1951--ak--10,cdca04e0bc6ce855,n- c,
17,prot-1951--ak--10,cdca04e0bc6ce855,l- l,
18,prot-1951--ak--10,cdca04e0bc6ce855,s- t,
19,prot-1951--ak--10,cdca04e0bc6ce855,o- l,
20,prot-1951--ak--10,cdca04e0bc6ce855,o- n,
21,prot-1951--ak--10,cdca04e0bc6ce855,u- t,
22,prot-1951--ak--10,cdca04e0bc6ce855,m- l,
23,prot-1951--ak--10,cdca04e0bc6ce855,t- n,
24,prot-1951--ak--10,cdca04e0bc6ce855,s- k,
25,prot-1951--ak--10,cdca04e0bc6ce855,t- l,
26,prot-1951--ak--10,cdca04e0bc6ce855,i- f,
27,prot-1951--ak--10,cdca04e0bc6ce855,n- f,
28,prot-1951--ak--10,cdca04e0bc6ce855,a- l,
29,prot-1951--ak--10,cdca04e0bc6ce855,n- d,
30,prot-1951--ak--10,cdca04e0bc6ce855,v- v,
31,prot-1951--ak--10,cdca04e0bc6ce855,d- g,
32,prot-1951--ak--10,cdca04e0bc6ce855,e- s,
33,prot-1951--ak--10,cdca04e0bc6ce855,s- k,
34,prot-1951--ak--10,cdca04e0bc6ce855,m- s,
0,prot-1951--ak--10,cdca04e0bc6ce855,k- n,
1,prot-1951--ak--10,cdca04e0bc6ce855,e- g,
2,prot-1951--ak--10,cdca04e0bc6ce855,m- s,
3,prot-1951--ak--10,cdca04e0bc6ce855,r- h,
4,prot-1951--ak--10,cdca04e0bc6ce855,l- n,
5,prot-1951--ak--10,cdca04e0bc6ce855,y- r,
6,prot-1951--ak--10,cdca04e0bc6ce855,n- s,
7,prot-1951--ak--10,cdca04e0bc6ce855,y- r,
8,prot-1951--ak--10,cdca04e0bc6ce855,r- s,
9,prot-1951--ak--10,cdca04e0bc6ce855,l- s,
10,prot-1951--ak--10,cdca04e0bc6ce855,e- c,
11,prot-1951--ak--10,cdca04e0bc6ce855,n- n,
12,prot-1951--ak--10,cdca04e0bc6ce855,e- r,
13,prot-1951--ak--10,cdca04e0bc6ce855,s- h,
14,prot-1951--ak--10,cdca04e0bc6ce855,l- b,
15,prot-1951--ak--10,cdca04e0bc6ce855,ö- r,
16,prot-1951--ak--10,cdca04e0bc6ce855,t- t,
17,prot-1951--ak--10,cdca04e0bc6ce855,a- r,
18,prot-1951--ak--10,cdca04e0bc6ce855,g- d,
19,prot-1951--ak--10,cdca04e0bc6ce855,p- g,
20,prot-1951--ak--10,cdca04e0bc6ce855,l- d,
21,prot-1951--ak--10,cdca04e0bc6ce855,n- d,
22,prot-1951--ak--10,cdca04e0bc6ce855,e- n,
23,prot-1951--ak--10,cdca04e0bc6ce855,i- a,
24,prot-1951--ak--10,cdca04e0bc6ce855,o- n,
25,prot-1951--ak--10,cdca04e0bc6ce855,d- v,
26,prot-1951--ak--10,cdca04e0bc6ce855,g- g,
27,prot-1951--ak--10,cdca04e0bc6ce855,d- l,
28,prot-1951--ak--10,cdca04e0bc6ce855,r- k,
29,prot-1951--ak--10,cdca04e0bc6ce855,t- n,
30,prot-1951--ak--10,cdca04e0bc6ce855,r- l,
31,prot-1951--ak--10,cdca04e0bc6ce855,l- k,
32,prot-1951--ak--10,cdca04e0bc6ce855,i- s,
33,prot-1951--ak--10,cdca04e0bc6ce855,a- d,
34,prot-1951--ak--10,cdca04e0bc6ce855,ö- p,
35,prot-1951--ak--10,cdca04e0bc6ce855,r- n,
36,prot-1951--ak--10,cdca04e0bc6ce855,l- m,
37,prot-1951--ak--10,cdca04e0bc6ce855,f- t,
0,prot-1951--ak--10,cdca04e0bc6ce855,n- h,
1,prot-1951--ak--10,cdca04e0bc6ce855,t- n,
2,prot-1951--ak--10,cdca04e0bc6ce855,r- n,
3,prot-1951--ak--10,cdca04e0bc6ce855,m- s,
4,prot-1951--ak--10,cdca04e0bc6ce855,y- d,
5,prot-1951--ak--10,cdca04e0bc6ce855,k- l,
6,prot-1951--ak--10,cdca04e0bc6ce855,m- m,
7,prot-1951--ak--10,cdca04e0bc6ce855,o- n,
8,prot-1951--ak--10,cdca04e0bc6ce855,u- m,
9,prot-1951--ak--10,cdca04e0bc6ce855,g- a,
10,prot-1951--ak--10,cdca04e0bc6ce855,r- k,
11,prot-1951--ak--10,cdca04e0bc6ce855,l- l,
12,prot-1951--ak--10,cdca04e0bc6ce855,r- l,
13,prot-1951--ak--10,cdca04e0bc6ce855,l- k,
14,prot-1951--ak--10,cdca04e0bc6ce855,n- d,
15,prot-1951--ak--10,cdca04e0bc6ce855,g- g,
16,prot-1951--ak--10,cdca04e0bc6ce855,k- t,
17,prot-1951--ak--10,cdca04e0bc6ce855,k- k,
18,prot-1951--ak--10,cdca04e0bc6ce855,t- b,
19,prot-1951--ak--10,cdca04e0bc6ce855,n- d,
20,prot-1951--ak--10,cdca04e0bc6ce855,n- f,
21,prot-1951--ak--10,cdca04e0bc6ce855,a- r,
22,prot-1951--ak--10,cdca04e0bc6ce855,s- s,
23,prot-1951--ak--10,cdca04e0bc6ce855,g- a,
24,prot-1951--ak--10,cdca04e0bc6ce855,e- d,
25,prot-1951--ak--10,cdca04e0bc6ce855,i- s,
26,prot-1951--ak--10,cdca04e0bc6ce855,s- k,
27,prot-1951--ak--10,cdca04e0bc6ce855,r- d,
28,prot-1951--ak--10,cdca04e0bc6ce855,g- e,
29,prot-1951--ak--10,cdca04e0bc6ce855,n- g,
30,prot-1951--ak--10,cdca04e0bc6ce855,d- n,
0,prot-1951--ak--10,cdca04e0bc6ce855,k- s,
1,prot-1951--ak--10,cdca04e0bc6ce855,l- l,
2,prot-1951--ak--10,cdca04e0bc6ce855,r- e,
3,prot-1951--ak--10,cdca04e0bc6ce855,k- t,
4,prot-1951--ak--10,cdca04e0bc6ce855,n- d,
5,prot-1951--ak--10,cdca04e0bc6ce855,i- s,
6,prot-1951--ak--10,cdca04e0bc6ce855,s- k,
7,prot-1951--ak--10,cdca04e0bc6ce855,s- k,
8,prot-1951--ak--10,cdca04e0bc6ce855,r- m,
9,prot-1951--ak--10,cdca04e0bc6ce855,n- n,
10,prot-1951--ak--10,cdca04e0bc6ce855,o- n,
11,prot-1951--ak--10,cdca04e0bc6ce855,l- l,
12,prot-1951--ak--10,cdca04e0bc6ce855,s- s,
13,prot-1951--ak--10,cdca04e0bc6ce855,å- s,
14,prot-1951--ak--10,cdca04e0bc6ce855,a- r,
15,prot-1951--ak--10,cdca04e0bc6ce855,e- e,
16,prot-1951--ak--10,cdca04e0bc6ce855,r- l,
17,prot-1951--ak--10,cdca04e0bc6ce855,n- s,
18,prot-1951--ak--10,cdca04e0bc6ce855,r- s,
19,prot-1951--ak--10,cdca04e0bc6ce855,b- j,
20,prot-1951--ak--10,cdca04e0bc6ce855,n- t,
21,prot-1951--ak--10,cdca04e0bc6ce855,e- s,
22,prot-1951--ak--10,cdca04e0bc6ce855,s- k,
23,prot-1951--ak--10,cdca04e0bc6ce855,r- s,
24,prot-1951--ak--10,cdca04e0bc6ce855,o- c,
25,prot-1951--ak--10,cdca04e0bc6ce855,t- t,
26,prot-1951--ak--10,cdca04e0bc6ce855,r- t,
27,prot-1951--ak--10,cdca04e0bc6ce855,l- t,
28,prot-1951--ak--10,cdca04e0bc6ce855,o- r,
29,prot-1951--ak--10,cdca04e0bc6ce855,n- d,
30,prot-1951--ak--10,cdca04e0bc6ce855,l- o,
31,prot-1951--ak--10,cdca04e0bc6ce855,n- n,
32,prot-1951--ak--10,cdca04e0bc6ce855,o- b,
33,prot-1951--ak--10,cdca04e0bc6ce855,d- h,
34,prot-1951--ak--10,cdca04e0bc6ce855,n- s,
35,prot-1951--ak--10,cdca04e0bc6ce855,e- n,
36,prot-1951--ak--10,cdca04e0bc6ce855,f- t,
37,prot-1951--ak--10,cdca04e0bc6ce855,o- p,
0,prot-1951--ak--10,7b16a01c980ae2ac,"r
s",
1,prot-1951--ak--10,cdca04e0bc6ce855,i- d,
2,prot-1951--ak--10,cdca04e0bc6ce855,o- n,
3,prot-1951--ak--10,cdca04e0bc6ce855,s- l,
4,prot-1951--ak--10,cdca04e0bc6ce855,l- l,
5,prot-1951--ak--10,cdca04e0bc6ce855,l- l,
6,prot-1951--ak--10,cdca04e0bc6ce855,l- m,
7,prot-1951--ak--10,cdca04e0bc6ce855,o- s,
8,prot-1951--ak--10,cdca04e0bc6ce855,e- s,
9,prot-1951--ak--10,cdca04e0bc6ce855,l- j,
10,prot-1951--ak--10,cdca04e0bc6ce855,o- s,
11,prot-1951--ak--10,cdca04e0bc6ce855,s- n,
12,prot-1951--ak--10,cdca04e0bc6ce855,l- d,
13,prot-1951--ak--10,cdca04e0bc6ce855,t- s,
14,prot-1951--ak--10,cdca04e0bc6ce855,m- k,
15,prot-1951--ak--10,cdca04e0bc6ce855,o- s,
16,prot-1951--ak--10,cdca04e0bc6ce855,o- t,
17,prot-1951--ak--10,cdca04e0bc6ce855,s- d,
18,prot-1951--ak--10,cdca04e0bc6ce855,n- d,
19,prot-1951--ak--10,cdca04e0bc6ce855,i- t,
20,prot-1951--ak--10,cdca04e0bc6ce855,r- s,
21,prot-1951--ak--10,cdca04e0bc6ce855,n- v,
22,prot-1951--ak--10,cdca04e0bc6ce855,r- v,
23,prot-1951--ak--10,cdca04e0bc6ce855,l- s,
24,prot-1951--ak--10,cdca04e0bc6ce855,t- n,
25,prot-1951--ak--10,cdca04e0bc6ce855,n- s,
26,prot-1951--ak--10,cdca04e0bc6ce855,n- d,
0,prot-1951--ak--10,7b16a01c980ae2ac,"s
e",
1,prot-1951--ak--10,7b16a01c980ae2ac,"e
a",
2,prot-1951--ak--10,cdca04e0bc6ce855,l- n,
3,prot-1951--ak--10,cdca04e0bc6ce855,n- s,
4,prot-1951--ak--10,cdca04e0bc6ce855,s- c,
5,prot-1951--ak--10,cdca04e0bc6ce855,o- t,
6,prot-1951--ak--10,cdca04e0bc6ce855,e- r,
7,prot-1951--ak--10,cdca04e0bc6ce855,d- l,
8,prot-1951--ak--10,cdca04e0bc6ce855,r- f,
9,prot-1951--ak--10,cdca04e0bc6ce855,t- n,
10,prot-1951--ak--10,cdca04e0bc6ce855,l- l,
11,prot-1951--ak--10,cdca04e0bc6ce855,e- r,
12,prot-1951--ak--10,cdca04e0bc6ce855,n- s,
13,prot-1951--ak--10,cdca04e0bc6ce855,n- n,
14,prot-1951--ak--10,cdca04e0bc6ce855,d- n,
15,prot-1951--ak--10,cdca04e0bc6ce855,i- g,
16,prot-1951--ak--10,cdca04e0bc6ce855,s- p,
17,prot-1951--ak--10,cdca04e0bc6ce855,s- f,
18,prot-1951--ak--10,cdca04e0bc6ce855,m- p,
19,prot-1951--ak--10,cdca04e0bc6ce855,e- s,
20,prot-1951--ak--10,cdca04e0bc6ce855,d- l,
21,prot-1951--ak--10,cdca04e0bc6ce855,d- f,
22,prot-1951--ak--10,cdca04e0bc6ce855,a- r,
23,prot-1951--ak--10,cdca04e0bc6ce855,r- v,
24,prot-1951--ak--10,cdca04e0bc6ce855,t- t,
25,prot-1951--ak--10,cdca04e0bc6ce855,p- g,
26,prot-1951--ak--10,cdca04e0bc6ce855,o- l,
27,prot-1951--ak--10,cdca04e0bc6ce855,n- d,
28,prot-1951--ak--10,cdca04e0bc6ce855,r- f,
29,prot-1951--ak--10,cdca04e0bc6ce855,n- d,
30,prot-1951--ak--10,cdca04e0bc6ce855,s- u,
31,prot-1951--ak--10,cdca04e0bc6ce855,r- l,
32,prot-1951--ak--10,cdca04e0bc6ce855,f- t,
33,prot-1951--ak--10,cdca04e0bc6ce855,r- s,
34,prot-1951--ak--10,cdca04e0bc6ce855,n- t,
35,prot-1951--ak--10,cdca04e0bc6ce855,s- u,
36,prot-1951--ak--10,cdca04e0bc6ce855,n- v,
37,prot-1951--ak--10,cdca04e0bc6ce855,å- n,
0,prot-1951--ak--10,7b16a01c980ae2ac,"e
a",
1,prot-1951--ak--10,cdca04e0bc6ce855,r- n,
2,prot-1951--ak--10,cdca04e0bc6ce855,t- f,
3,prot-1951--ak--10,cdca04e0bc6ce855,r- o,
4,prot-1951--ak--10,cdca04e0bc6ce855,k- s,
5,prot-1951--ak--10,cdca04e0bc6ce855,a- r,
6,prot-1951--ak--10,cdca04e0bc6ce855,d- b,
7,prot-1951--ak--10,cdca04e0bc6ce855,d- b,
8,prot-1951--ak--10,cdca04e0bc6ce855,e- t,
9,prot-1951--ak--10,cdca04e0bc6ce855,l- l,
10,prot-1951--ak--10,cdca04e0bc6ce855,ö- f,
11,prot-1951--ak--10,cdca04e0bc6ce855,d- n,
12,prot-1951--ak--10,cdca04e0bc6ce855,e- r,
13,prot-1951--ak--10,cdca04e0bc6ce855,e- f,
14,prot-1951--ak--10,cdca04e0bc6ce855,ö- r,
15,prot-1951--ak--10,cdca04e0bc6ce855,n- s,
16,prot-1951--ak--10,cdca04e0bc6ce855,m- s,
17,prot-1951--ak--10,cdca04e0bc6ce855,d- n,
18,prot-1951--ak--10,cdca04e0bc6ce855,l- k,
19,prot-1951--ak--10,cdca04e0bc6ce855,t- t,
20,prot-1951--ak--10,cdca04e0bc6ce855,n- s,
21,prot-1951--ak--10,cdca04e0bc6ce855,d- f,
22,prot-1951--ak--10,cdca04e0bc6ce855,n- s,
23,prot-1951--ak--10,cdca04e0bc6ce855,s- a,
24,prot-1951--ak--10,cdca04e0bc6ce855,e- d,
25,prot-1951--ak--10,cdca04e0bc6ce855,n- t,
26,prot-1951--ak--10,cdca04e0bc6ce855,p- g,
27,prot-1951--ak--10,cdca04e0bc6ce855,ä- k,
28,prot-1951--ak--10,cdca04e0bc6ce855,r- b,
29,prot-1951--ak--10,cdca04e0bc6ce855,t- t,
30,prot-1951--ak--10,cdca04e0bc6ce855,r- k,
0,prot-1951--ak--10,7b16a01c980ae2ac,"r
s",
1,prot-1951--ak--10,cdca04e0bc6ce855,t- t,
2,prot-1951--ak--10,cdca04e0bc6ce855,o- s,
3,prot-1951--ak--10,cdca04e0bc6ce855,e- s,
4,prot-1951--ak--10,cdca04e0bc6ce855,r- t,
5,prot-1951--ak--10,cdca04e0bc6ce855,i- t,
6,prot-1951--ak--10,cdca04e0bc6ce855,o- p,
7,prot-1951--ak--10,cdca04e0bc6ce855,s- n,
8,prot-1951--ak--10,cdca04e0bc6ce855,i- f,
9,prot-1951--ak--10,cdca04e0bc6ce855,n- d,
10,prot-1951--ak--10,cdca04e0bc6ce855,t- r,
11,prot-1951--ak--10,cdca04e0bc6ce855,s- h,
12,prot-1951--ak--10,cdca04e0bc6ce855,s- a,
13,prot-1951--ak--10,cdca04e0bc6ce855,o- n,
14,prot-1951--ak--10,cdca04e0bc6ce855,e- r,
15,prot-1951--ak--10,cdca04e0bc6ce855,n- s,
16,prot-1951--ak--10,cdca04e0bc6ce855,v- g,
17,prot-1951--ak--10,cdca04e0bc6ce855,d- v,
18,prot-1951--ak--10,cdca04e0bc6ce855,f- t,
19,prot-1951--ak--10,cdca04e0bc6ce855,s- o,
20,prot-1951--ak--10,cdca04e0bc6ce855,s- f,
21,prot-1951--ak--10,cdca04e0bc6ce855,r- s,
22,prot-1951--ak--10,cdca04e0bc6ce855,i- g,
23,prot-1951--ak--10,cdca04e0bc6ce855,r- i,
24,prot-1951--ak--10,cdca04e0bc6ce855,i- n,
25,prot-1951--ak--10,cdca04e0bc6ce855,e- d,
26,prot-1951--ak--10,cdca04e0bc6ce855,l- n,
27,prot-1951--ak--10,cdca04e0bc6ce855,n- d,
28,prot-1951--ak--10,cdca04e0bc6ce855,i- k,
29,prot-1951--ak--10,cdca04e0bc6ce855,n- s,
30,prot-1951--ak--10,cdca04e0bc6ce855,s- o,
31,prot-1951--ak--10,cdca04e0bc6ce855,g- s,
32,prot-1951--ak--10,cdca04e0bc6ce855,u- t,
0,prot-1951--ak--10,cdca04e0bc6ce855,t- t,
1,prot-1951--ak--10,cdca04e0bc6ce855,s- h,
2,prot-1951--ak--10,cdca04e0bc6ce855,t- t,
3,prot-1951--ak--10,cdca04e0bc6ce855,g- e,
4,prot-1951--ak--10,cdca04e0bc6ce855,s- o,
5,prot-1951--ak--10,cdca04e0bc6ce855,n- d,
6,prot-1951--ak--10,cdca04e0bc6ce855,k- t,
7,prot-1951--ak--10,cdca04e0bc6ce855,o- s,
8,prot-1951--ak--10,cdca04e0bc6ce855,m- m,
9,prot-1951--ak--10,cdca04e0bc6ce855,a- g,
10,prot-1951--ak--10,cdca04e0bc6ce855,d- g,
11,prot-1951--ak--10,cdca04e0bc6ce855,r- s,
12,prot-1951--ak--10,cdca04e0bc6ce855,n- v,
13,prot-1951--ak--10,cdca04e0bc6ce855,l- d,
14,prot-1951--ak--10,cdca04e0bc6ce855,l- m,
15,prot-1951--ak--10,cdca04e0bc6ce855,a- g,
16,prot-1951--ak--10,cdca04e0bc6ce855,r- b,
17,prot-1951--ak--10,cdca04e0bc6ce855,t- l,
18,prot-1951--ak--10,cdca04e0bc6ce855,i- g,
19,prot-1951--ak--10,cdca04e0bc6ce855,å- f,
20,prot-1951--ak--10,cdca04e0bc6ce855,s- r,
21,prot-1951--ak--10,cdca04e0bc6ce855,l- r,
22,prot-1951--ak--10,cdca04e0bc6ce855,l- l,
23,prot-1951--ak--10,cdca04e0bc6ce855,s- ö,
24,prot-1951--ak--10,cdca04e0bc6ce855,n- n,
25,prot-1951--ak--10,cdca04e0bc6ce855,m- o,
26,prot-1951--ak--10,cdca04e0bc6ce855,m- m,
27,prot-1951--ak--10,cdca04e0bc6ce855,e- t,
0,prot-1951--ak--10,7b16a01c980ae2ac,"k
e",
1,prot-1951--ak--10,7b16a01c980ae2ac,"n
d",
2,prot-1951--ak--10,cdca04e0bc6ce855,n- d,
3,prot-1951--ak--10,cdca04e0bc6ce855,d- v,
4,prot-1951--ak--10,cdca04e0bc6ce855,o- d,
5,prot-1951--ak--10,cdca04e0bc6ce855,e- v,
6,prot-1951--ak--10,cdca04e0bc6ce855,t- t,
7,prot-1951--ak--10,cdca04e0bc6ce855,g- h,
8,prot-1951--ak--10,cdca04e0bc6ce855,i- v,
9,prot-1951--ak--10,cdca04e0bc6ce855,p- r,
10,prot-1951--ak--10,cdca04e0bc6ce855,l- l,
11,prot-1951--ak--10,cdca04e0bc6ce855,n- d,
12,prot-1951--ak--10,cdca04e0bc6ce855,e- l,
13,prot-1951--ak--10,cdca04e0bc6ce855,a- v,
14,prot-1951--ak--10,cdca04e0bc6ce855,o- d,
15,prot-1951--ak--10,cdca04e0bc6ce855,f- r,
16,prot-1951--ak--10,cdca04e0bc6ce855,t- s,
17,prot-1951--ak--10,cdca04e0bc6ce855,g- d,
18,prot-1951--ak--10,cdca04e0bc6ce855,s- h,
19,prot-1951--ak--10,cdca04e0bc6ce855,m- b,
20,prot-1951--ak--10,cdca04e0bc6ce855,n- s,
21,prot-1951--ak--10,cdca04e0bc6ce855,y- r,
22,prot-1951--ak--10,cdca04e0bc6ce855,ö- r,
23,prot-1951--ak--10,cdca04e0bc6ce855,s- u,
24,prot-1951--ak--10,cdca04e0bc6ce855,a- d,
25,prot-1951--ak--10,cdca04e0bc6ce855,m- s,
26,prot-1951--ak--10,cdca04e0bc6ce855,n- k,
27,prot-1951--ak--10,cdca04e0bc6ce855,e- b,
28,prot-1951--ak--10,cdca04e0bc6ce855,t- n,
29,prot-1951--ak--10,cdca04e0bc6ce855,å- l,
30,prot-1951--ak--10,cdca04e0bc6ce855,e- l,
0,prot-1951--ak--10,cdca04e0bc6ce855,t- t,
1,prot-1951--ak--10,cdca04e0bc6ce855,a- t,
2,prot-1951--ak--10,cdca04e0bc6ce855,n- l,
3,prot-1951--ak--10,cdca04e0bc6ce855,o- n,
4,prot-1951--ak--10,cdca04e0bc6ce855,o- c,
5,prot-1951--ak--10,cdca04e0bc6ce855,r- s,
6,prot-1951--ak--10,cdca04e0bc6ce855,n- k,
7,prot-1951--ak--10,cdca04e0bc6ce855,l- s,
8,prot-1951--ak--10,cdca04e0bc6ce855,l- s,
9,prot-1951--ak--10,cdca04e0bc6ce855,n- l,
10,prot-1951--ak--10,cdca04e0bc6ce855,n- h,
11,prot-1951--ak--10,cdca04e0bc6ce855,s- r,
12,prot-1951--ak--10,cdca04e0bc6ce855,r- t,
13,prot-1951--ak--10,cdca04e0bc6ce855,m- m,
14,prot-1951--ak--10,cdca04e0bc6ce855,n- s,
15,prot-1951--ak--10,cdca04e0bc6ce855,l- n,
16,prot-1951--ak--10,cdca04e0bc6ce855,n- p,
17,prot-1951--ak--10,cdca04e0bc6ce855,r- d,
18,prot-1951--ak--10,cdca04e0bc6ce855,n- s,
19,prot-1951--ak--10,cdca04e0bc6ce855,l- k,
20,prot-1951--ak--10,cdca04e0bc6ce855,s- m,
21,prot-1951--ak--10,cdca04e0bc6ce855,g- r,
22,prot-1951--ak--10,cdca04e0bc6ce855,r- f,
23,prot-1951--ak--10,cdca04e0bc6ce855,f- t,
24,prot-1951--ak--10,cdca04e0bc6ce855,n- s,
25,prot-1951--ak--10,cdca04e0bc6ce855,u- d,
26,prot-1951--ak--10,cdca04e0bc6ce855,e- r,
27,prot-1951--ak--10,cdca04e0bc6ce855,m- h,
28,prot-1951--ak--10,cdca04e0bc6ce855,m- r,
29,prot-1951--ak--10,cdca04e0bc6ce855,n- l,
30,prot-1951--ak--10,cdca04e0bc6ce855,n- d,
31,prot-1951--ak--10,cdca04e0bc6ce855,n- p,
32,prot-1951--ak--10,cdca04e0bc6ce855,l- f,
33,prot-1951--ak--10,cdca04e0bc6ce855,ö- r,
34,prot-1951--ak--10,cdca04e0bc6ce855,s- s,
35,prot-1951--ak--10,cdca04e0bc6ce855,m- h,
0,prot-1951--ak--10,7b16a01c980ae2ac,"g
n",
1,prot-1951--ak--10,cdca04e0bc6ce855,l- s,
2,prot-1951--ak--10,cdca04e0bc6ce855,n- s,
3,prot-1951--ak--10,cdca04e0bc6ce855,k- p,
4,prot-1951--ak--10,cdca04e0bc6ce855,r- n,
5,prot-1951--ak--10,cdca04e0bc6ce855,m- m,
6,prot-1951--ak--10,cdca04e0bc6ce855,n- s,
7,prot-1951--ak--10,cdca04e0bc6ce855,n- s,
8,prot-1951--ak--10,cdca04e0bc6ce855,n- g,
9,prot-1951--ak--10,cdca04e0bc6ce855,r- b,
10,prot-1951--ak--10,cdca04e0bc6ce855,i- t,
11,prot-1951--ak--10,cdca04e0bc6ce855,i- f,
12,prot-1951--ak--10,cdca04e0bc6ce855,r- l,
13,prot-1951--ak--10,cdca04e0bc6ce855,e- r,
14,prot-1951--ak--10,cdca04e0bc6ce855,a- g,
15,prot-1951--ak--10,cdca04e0bc6ce855,j- n,
16,prot-1951--ak--10,cdca04e0bc6ce855,k- t,
17,prot-1951--ak--10,cdca04e0bc6ce855,n- d,
18,prot-1951--ak--10,cdca04e0bc6ce855,m- m,
19,prot-1951--ak--10,cdca04e0bc6ce855,t- t,
20,prot-1951--ak--10,cdca04e0bc6ce855,m- v,
21,prot-1951--ak--10,cdca04e0bc6ce855,j- l,
22,prot-1951--ak--10,cdca04e0bc6ce855,d- h,
23,prot-1951--ak--10,cdca04e0bc6ce855,o- t,
24,prot-1951--ak--10,cdca04e0bc6ce855,s- u,
25,prot-1951--ak--10,cdca04e0bc6ce855,e- r,
26,prot-1951--ak--10,cdca04e0bc6ce855,s- u,
27,prot-1951--ak--10,cdca04e0bc6ce855,i- h,
28,prot-1951--ak--10,cdca04e0bc6ce855,v- n,
29,prot-1951--ak--10,cdca04e0bc6ce855,u- v,
30,prot-1951--ak--10,cdca04e0bc6ce855,n- s,
0,prot-1951--ak--10,7b16a01c980ae2ac,"t
s",
1,prot-1951--ak--10,cdca04e0bc6ce855,s- i,
2,prot-1951--ak--10,cdca04e0bc6ce855,n- s,
3,prot-1951--ak--10,cdca04e0bc6ce855,s- i,
4,prot-1951--ak--10,cdca04e0bc6ce855,s- d,
5,prot-1951--ak--10,cdca04e0bc6ce855,r- h,
6,prot-1951--ak--10,cdca04e0bc6ce855,r- b,
7,prot-1951--ak--10,cdca04e0bc6ce855,d- r,
8,prot-1951--ak--10,cdca04e0bc6ce855,r- b,
9,prot-1951--ak--10,cdca04e0bc6ce855,j- n,
10,prot-1951--ak--10,cdca04e0bc6ce855,o- n,
11,prot-1951--ak--10,cdca04e0bc6ce855,a- l,
12,prot-1951--ak--10,cdca04e0bc6ce855,l- g,
13,prot-1951--ak--10,cdca04e0bc6ce855,n- s,
14,prot-1951--ak--10,cdca04e0bc6ce855,p- p,
15,prot-1951--ak--10,cdca04e0bc6ce855,n- t,
16,prot-1951--ak--10,cdca04e0bc6ce855,d- d,
17,prot-1951--ak--10,cdca04e0bc6ce855,d- l,
18,prot-1951--ak--10,cdca04e0bc6ce855,s- d,
19,prot-1951--ak--10,cdca04e0bc6ce855,l- o,
20,prot-1951--ak--10,cdca04e0bc6ce855,t- l,
21,prot-1951--ak--10,cdca04e0bc6ce855,e- r,
22,prot-1951--ak--10,cdca04e0bc6ce855,m- h,
23,prot-1951--ak--10,cdca04e0bc6ce855,r- b,
24,prot-1951--ak--10,cdca04e0bc6ce855,o- s,
25,prot-1951--ak--10,cdca04e0bc6ce855,o- n,
26,prot-1951--ak--10,cdca04e0bc6ce855,t- s,
0,prot-1951--ak--10,cdca04e0bc6ce855,o- s,
1,prot-1951--ak--10,cdca04e0bc6ce855,a- v,
2,prot-1951--ak--10,cdca04e0bc6ce855,a- r,
3,prot-1951--ak--10,cdca04e0bc6ce855,v- s,
4,prot-1951--ak--10,cdca04e0bc6ce855,n- v,
5,prot-1951--ak--10,cdca04e0bc6ce855,o- n,
6,prot-1951--ak--10,cdca04e0bc6ce855,s- d,
7,prot-1951--ak--10,cdca04e0bc6ce855,e- g,
8,prot-1951--ak--10,cdca04e0bc6ce855,e- r,
9,prot-1951--ak--10,cdca04e0bc6ce855,n- l,
10,prot-1951--ak--10,cdca04e0bc6ce855,n- d,
11,prot-1951--ak--10,cdca04e0bc6ce855,n- d,
12,prot-1951--ak--10,cdca04e0bc6ce855,e- e,
13,prot-1951--ak--10,cdca04e0bc6ce855,n- s,
14,prot-1951--ak--10,cdca04e0bc6ce855,t- t,
15,prot-1951--ak--10,cdca04e0bc6ce855,n- v,
16,prot-1951--ak--10,cdca04e0bc6ce855,g- a,
17,prot-1951--ak--10,cdca04e0bc6ce855,e- e,
18,prot-1951--ak--10,cdca04e0bc6ce855,i- k,
19,prot-1951--ak--10,cdca04e0bc6ce855,g- e,
20,prot-1951--ak--10,cdca04e0bc6ce855,r- n,
21,prot-1951--ak--10,cdca04e0bc6ce855,e- n,
22,prot-1951--ak--10,cdca04e0bc6ce855,n- k,
23,prot-1951--ak--10,cdca04e0bc6ce855,y- l,
24,prot-1951--ak--10,cdca04e0bc6ce855,s- l,
25,prot-1951--ak--10,cdca04e0bc6ce855,r- l,
26,prot-1951--ak--10,cdca04e0bc6ce855,m- r,
27,prot-1951--ak--10,cdca04e0bc6ce855,s- a,
28,prot-1951--ak--10,cdca04e0bc6ce855,t- n,
29,prot-1951--ak--10,cdca04e0bc6ce855,r- d,
0,prot-1951--ak--10,7b16a01c980ae2ac,"r
s",
1,prot-1951--ak--10,cdca04e0bc6ce855,l- t,
2,prot-1951--ak--10,cdca04e0bc6ce855,s- h,
3,prot-1951--ak--10,cdca04e0bc6ce855,o- n,
4,prot-1951--ak--10,cdca04e0bc6ce855,m- h,
5,prot-1951--ak--10,cdca04e0bc6ce855,s- m,
6,prot-1951--ak--10,cdca04e0bc6ce855,g- r,
7,prot-1951--ak--10,cdca04e0bc6ce855,g- s,
8,prot-1951--ak--10,cdca04e0bc6ce855,e- l,
9,prot-1951--ak--10,cdca04e0bc6ce855,s- d,
10,prot-1951--ak--10,cdca04e0bc6ce855,l- l,
11,prot-1951--ak--10,cdca04e0bc6ce855,r- h,
12,prot-1951--ak--10,cdca04e0bc6ce855,t- s,
13,prot-1951--ak--10,cdca04e0bc6ce855,i- t,
14,prot-1951--ak--10,cdca04e0bc6ce855,m- s,
15,prot-1951--ak--10,cdca04e0bc6ce855,o- p,
16,prot-1951--ak--10,cdca04e0bc6ce855,e- s,
17,prot-1951--ak--10,cdca04e0bc6ce855,o- s,
18,prot-1951--ak--10,cdca04e0bc6ce855,s- n,
19,prot-1951--ak--10,cdca04e0bc6ce855,i- f,
0,prot-1951--ak--10,7b16a01c980ae2ac,"h
n",
1,prot-1951--ak--10,7b16a01c980ae2ac,"n
m",
2,prot-1951--ak--10,cdca04e0bc6ce855,a- o,
3,prot-1951--ak--10,cdca04e0bc6ce855,t- s,
4,prot-1951--ak--10,cdca04e0bc6ce855,m- s,
5,prot-1951--ak--10,cdca04e0bc6ce855,t- å,
6,prot-1951--ak--10,cdca04e0bc6ce855,l- h,
7,prot-1951--ak--10,cdca04e0bc6ce855,a- o,
8,prot-1951--ak--10,cdca04e0bc6ce855,o- s,
9,prot-1951--ak--10,cdca04e0bc6ce855,a- o,
10,prot-1951--ak--10,cdca04e0bc6ce855,å- g,
11,prot-1951--ak--10,cdca04e0bc6ce855,e- l,
12,prot-1951--ak--10,cdca04e0bc6ce855,s- a,
13,prot-1951--ak--10,cdca04e0bc6ce855,e- d,
14,prot-1951--ak--10,cdca04e0bc6ce855,l- b,
15,prot-1951--ak--10,cdca04e0bc6ce855,e- a,
16,prot-1951--ak--10,cdca04e0bc6ce855,m- s,
17,prot-1951--ak--10,cdca04e0bc6ce855,s- l,
18,prot-1951--ak--10,cdca04e0bc6ce855,a- n,
19,prot-1951--ak--10,cdca04e0bc6ce855,t- d,
20,prot-1951--ak--10,cdca04e0bc6ce855,e- p,
21,prot-1951--ak--10,cdca04e0bc6ce855,m- s,
22,prot-1951--ak--10,cdca04e0bc6ce855,t- t,
23,prot-1951--ak--10,cdca04e0bc6ce855,m- s,
24,prot-1951--ak--10,cdca04e0bc6ce855,m- s,
25,prot-1951--ak--10,cdca04e0bc6ce855,g- h,
26,prot-1951--ak--10,cdca04e0bc6ce855,s- d,
27,prot-1951--ak--10,cdca04e0bc6ce855,m- s,
28,prot-1951--ak--10,cdca04e0bc6ce855,r- s,
29,prot-1951--ak--10,cdca04e0bc6ce855,e- p,
30,prot-1951--ak--10,cdca04e0bc6ce855,m- s,
0,prot-1951--ak--10,7b16a01c980ae2ac,"h
n",
1,prot-1951--ak--10,cdca04e0bc6ce855,r- l,
2,prot-1951--ak--10,cdca04e0bc6ce855,a- v,
3,prot-1951--ak--10,cdca04e0bc6ce855,r- s,
4,prot-1951--ak--10,cdca04e0bc6ce855,n- n,
5,prot-1951--ak--10,cdca04e0bc6ce855,e- t,
6,prot-1951--ak--10,cdca04e0bc6ce855,r- o,
7,prot-1951--ak--10,cdca04e0bc6ce855,s- s,
8,prot-1951--ak--10,cdca04e0bc6ce855,o- p,
9,prot-1951--ak--10,cdca04e0bc6ce855,n- d,
10,prot-1951--ak--10,cdca04e0bc6ce855,i- n,
11,prot-1951--ak--10,cdca04e0bc6ce855,n- v,
12,prot-1951--ak--10,cdca04e0bc6ce855,s- s,
13,prot-1951--ak--10,cdca04e0bc6ce855,y- l,
14,prot-1951--ak--10,cdca04e0bc6ce855,s- å,
15,prot-1951--ak--10,cdca04e0bc6ce855,s- å,
16,prot-1951--ak--10,cdca04e0bc6ce855,k- n,
17,prot-1951--ak--10,cdca04e0bc6ce855,t- g,
18,prot-1951--ak--10,cdca04e0bc6ce855,e- s,
19,prot-1951--ak--10,cdca04e0bc6ce855,n- l,
20,prot-1951--ak--10,cdca04e0bc6ce855,a- g,
21,prot-1951--ak--10,cdca04e0bc6ce855,e- l,
22,prot-1951--ak--10,cdca04e0bc6ce855,e- s,
23,prot-1951--ak--10,cdca04e0bc6ce855,n- t,
24,prot-1951--ak--10,cdca04e0bc6ce855,v- n,
25,prot-1951--ak--10,cdca04e0bc6ce855,l- s,
26,prot-1951--ak--10,cdca04e0bc6ce855,s- s,
27,prot-1951--ak--10,cdca04e0bc6ce855,d- k,
28,prot-1951--ak--10,cdca04e0bc6ce855,r- s,
29,prot-1951--ak--10,cdca04e0bc6ce855,r- s,
30,prot-1951--ak--10,cdca04e0bc6ce855,p- k,
31,prot-1951--ak--10,cdca04e0bc6ce855,e- t,
32,prot-1951--ak--10,cdca04e0bc6ce855,v- n,
0,prot-1951--ak--10,7b16a01c980ae2ac,"s
a",
1,prot-1951--ak--10,7b16a01c980ae2ac,"a
a",
2,prot-1951--ak--10,7b16a01c980ae2ac,",
a",
3,prot-1951--ak--10,cdca04e0bc6ce855,t- n,
4,prot-1951--ak--10,cdca04e0bc6ce855,e- s,
5,prot-1951--ak--10,cdca04e0bc6ce855,n- s,
6,prot-1951--ak--10,cdca04e0bc6ce855,n- d,
7,prot-1951--ak--10,cdca04e0bc6ce855,f- n,
8,prot-1951--ak--10,cdca04e0bc6ce855,v- n,
9,prot-1951--ak--10,cdca04e0bc6ce855,d- g,
10,prot-1951--ak--10,cdca04e0bc6ce855,m- f,
11,prot-1951--ak--10,cdca04e0bc6ce855,n- v,
12,prot-1951--ak--10,cdca04e0bc6ce855,r- t,
13,prot-1951--ak--10,cdca04e0bc6ce855,n- s,
14,prot-1951--ak--10,cdca04e0bc6ce855,g- h,
15,prot-1951--ak--10,cdca04e0bc6ce855,o- b,
16,prot-1951--ak--10,cdca04e0bc6ce855,m- m,
17,prot-1951--ak--10,cdca04e0bc6ce855,e- t,
18,prot-1951--ak--10,cdca04e0bc6ce855,l- d,
19,prot-1951--ak--10,cdca04e0bc6ce855,n- v,
20,prot-1951--ak--10,cdca04e0bc6ce855,o- s,
21,prot-1951--ak--10,cdca04e0bc6ce855,n- d,
22,prot-1951--ak--10,cdca04e0bc6ce855,d- r,
23,prot-1951--ak--10,cdca04e0bc6ce855,r- n,
24,prot-1951--ak--10,cdca04e0bc6ce855,t- r,
25,prot-1951--ak--10,cdca04e0bc6ce855,s- r,
26,prot-1951--ak--10,cdca04e0bc6ce855,s- o,
27,prot-1951--ak--10,cdca04e0bc6ce855,t- n,
28,prot-1951--ak--10,cdca04e0bc6ce855,e- v,
29,prot-1951--ak--10,cdca04e0bc6ce855,e- r,
30,prot-1951--ak--10,cdca04e0bc6ce855,k- k,
31,prot-1951--ak--10,cdca04e0bc6ce855,a- r,
32,prot-1951--ak--10,cdca04e0bc6ce855,o- p,
33,prot-1951--ak--10,cdca04e0bc6ce855,o- p,
34,prot-1951--ak--10,cdca04e0bc6ce855,d- n,
35,prot-1951--ak--10,cdca04e0bc6ce855,u- l,
0,prot-1951--ak--10,7b16a01c980ae2ac,"g
h",
1,prot-1951--ak--10,7b16a01c980ae2ac,"s
a",
2,prot-1951--ak--10,cdca04e0bc6ce855,r- h,
3,prot-1951--ak--10,cdca04e0bc6ce855,e- b,
4,prot-1951--ak--10,cdca04e0bc6ce855,n- s,
5,prot-1951--ak--10,cdca04e0bc6ce855,n- f,
6,prot-1951--ak--10,cdca04e0bc6ce855,m- n,
7,prot-1951--ak--10,cdca04e0bc6ce855,s- s,
8,prot-1951--ak--10,cdca04e0bc6ce855,s- s,
9,prot-1951--ak--10,cdca04e0bc6ce855,t- s,
10,prot-1951--ak--10,cdca04e0bc6ce855,a- r,
11,prot-1951--ak--10,cdca04e0bc6ce855,s- d,
12,prot-1951--ak--10,cdca04e0bc6ce855,s- s,
13,prot-1951--ak--10,cdca04e0bc6ce855,r- n,
14,prot-1951--ak--10,cdca04e0bc6ce855,t- t,
15,prot-1951--ak--10,cdca04e0bc6ce855,n- m,
16,prot-1951--ak--10,cdca04e0bc6ce855,d- g,
17,prot-1951--ak--10,cdca04e0bc6ce855,m- f,
18,prot-1951--ak--10,cdca04e0bc6ce855,n- v,
19,prot-1951--ak--10,cdca04e0bc6ce855,r- t,
20,prot-1951--ak--10,cdca04e0bc6ce855,n- s,
21,prot-1951--ak--10,cdca04e0bc6ce855,g- h,
22,prot-1951--ak--10,cdca04e0bc6ce855,n- d,
23,prot-1951--ak--10,cdca04e0bc6ce855,o- b,
24,prot-1951--ak--10,cdca04e0bc6ce855,l- m,
25,prot-1951--ak--10,cdca04e0bc6ce855,å- e,
26,prot-1951--ak--10,cdca04e0bc6ce855,n- v,
27,prot-1951--ak--10,cdca04e0bc6ce855,n- d,
0,prot-1951--ak--10,cdca04e0bc6ce855,s- u,
1,prot-1951--ak--10,cdca04e0bc6ce855,n- d,
2,prot-1951--ak--10,cdca04e0bc6ce855,g- v,
3,prot-1951--ak--10,cdca04e0bc6ce855,n- n,
4,prot-1951--ak--10,cdca04e0bc6ce855,l- v,
5,prot-1951--ak--10,cdca04e0bc6ce855,g- n,
6,prot-1951--ak--10,cdca04e0bc6ce855,e- r,
7,prot-1951--ak--10,cdca04e0bc6ce855,e- r,
8,prot-1951--ak--10,cdca04e0bc6ce855,m- b,
9,prot-1951--ak--10,cdca04e0bc6ce855,p- m,
10,prot-1951--ak--10,cdca04e0bc6ce855,s- t,
11,prot-1951--ak--10,cdca04e0bc6ce855,g- a,
12,prot-1951--ak--10,cdca04e0bc6ce855,t- n,
13,prot-1951--ak--10,cdca04e0bc6ce855,v- s,
14,prot-1951--ak--10,cdca04e0bc6ce855,r- d,
15,prot-1951--ak--10,cdca04e0bc6ce855,s- ö,
16,prot-1951--ak--10,cdca04e0bc6ce855,u- s,
17,prot-1951--ak--10,cdca04e0bc6ce855,k- b,
18,prot-1951--ak--10,cdca04e0bc6ce855,s- l,
19,prot-1951--ak--10,cdca04e0bc6ce855,t- n,
20,prot-1951--ak--10,cdca04e0bc6ce855,s- s,
21,prot-1951--ak--10,cdca04e0bc6ce855,s- n,
22,prot-1951--ak--10,cdca04e0bc6ce855,e- s,
23,prot-1951--ak--10,cdca04e0bc6ce855,r- h,
24,prot-1951--ak--10,cdca04e0bc6ce855,i- g,
25,prot-1951--ak--10,cdca04e0bc6ce855,t- t,
26,prot-1951--ak--10,cdca04e0bc6ce855,s- r,
27,prot-1951--ak--10,cdca04e0bc6ce855,n- s,
0,prot-1951--ak--10,cdca04e0bc6ce855,e- t,
1,prot-1951--ak--10,cdca04e0bc6ce855,d- b,
2,prot-1951--ak--10,cdca04e0bc6ce855,e- r,
3,prot-1951--ak--10,cdca04e0bc6ce855,t- t,
4,prot-1951--ak--10,cdca04e0bc6ce855,l- l,
5,prot-1951--ak--10,cdca04e0bc6ce855,g- h,
6,prot-1951--ak--10,cdca04e0bc6ce855,n- v,
7,prot-1951--ak--10,cdca04e0bc6ce855,s- s,
8,prot-1951--ak--10,cdca04e0bc6ce855,n- v,
9,prot-1951--ak--10,cdca04e0bc6ce855,m- f,
10,prot-1951--ak--10,cdca04e0bc6ce855,n- s,
11,prot-1951--ak--10,cdca04e0bc6ce855,e- r,
12,prot-1951--ak--10,cdca04e0bc6ce855,k- t,
13,prot-1951--ak--10,cdca04e0bc6ce855,m- m,
14,prot-1951--ak--10,cdca04e0bc6ce855,t- s,
15,prot-1951--ak--10,cdca04e0bc6ce855,m- l,
16,prot-1951--ak--10,cdca04e0bc6ce855,d- l,
17,prot-1951--ak--10,cdca04e0bc6ce855,e- g,
18,prot-1951--ak--10,cdca04e0bc6ce855,ö- r,
19,prot-1951--ak--10,cdca04e0bc6ce855,n- d,
20,prot-1951--ak--10,cdca04e0bc6ce855,f- t,
21,prot-1951--ak--10,cdca04e0bc6ce855,m- s,
22,prot-1951--ak--10,cdca04e0bc6ce855,s- s,
23,prot-1951--ak--10,cdca04e0bc6ce855,o- p,
24,prot-1951--ak--10,cdca04e0bc6ce855,t- s,
25,prot-1951--ak--10,cdca04e0bc6ce855,r- b,
26,prot-1951--ak--10,cdca04e0bc6ce855,n- d,
27,prot-1951--ak--10,cdca04e0bc6ce855,e- r,
28,prot-1951--ak--10,cdca04e0bc6ce855,l- l,
29,prot-1951--ak--10,cdca04e0bc6ce855,n- t,
30,prot-1951--ak--10,cdca04e0bc6ce855,g- r,
31,prot-1951--ak--10,cdca04e0bc6ce855,n- d,
32,prot-1951--ak--10,cdca04e0bc6ce855,g- r,
33,prot-1951--ak--10,cdca04e0bc6ce855,e- d,
34,prot-1951--ak--10,cdca04e0bc6ce855,e- l,
35,prot-1951--ak--10,cdca04e0bc6ce855,m- n,
36,prot-1951--ak--10,cdca04e0bc6ce855,g- s,
37,prot-1951--ak--10,cdca04e0bc6ce855,a- g,
38,prot-1951--ak--10,cdca04e0bc6ce855,t- f,
39,prot-1951--ak--10,cdca04e0bc6ce855,e- f,
0,prot-1951--ak--10,cdca04e0bc6ce855,s- s,
1,prot-1951--ak--10,cdca04e0bc6ce855,å- d,
2,prot-1951--ak--10,cdca04e0bc6ce855,g- a,
3,prot-1951--ak--10,cdca04e0bc6ce855,a- r,
4,prot-1951--ak--10,cdca04e0bc6ce855,f- f,
5,prot-1951--ak--10,cdca04e0bc6ce855,n- v,
6,prot-1951--ak--10,cdca04e0bc6ce855,g- h,
7,prot-1951--ak--10,cdca04e0bc6ce855,t- s,
8,prot-1951--ak--10,cdca04e0bc6ce855,e- v,
9,prot-1951--ak--10,cdca04e0bc6ce855,n- n,
10,prot-1951--ak--10,cdca04e0bc6ce855,e- t,
11,prot-1951--ak--10,cdca04e0bc6ce855,r- v,
12,prot-1951--ak--10,cdca04e0bc6ce855,å- g,
13,prot-1951--ak--10,cdca04e0bc6ce855,e- f,
14,prot-1951--ak--10,cdca04e0bc6ce855,e- t,
15,prot-1951--ak--10,cdca04e0bc6ce855,v- n,
16,prot-1951--ak--10,cdca04e0bc6ce855,t- l,
17,prot-1951--ak--10,cdca04e0bc6ce855,a- l,
18,prot-1951--ak--10,cdca04e0bc6ce855,v- n,
19,prot-1951--ak--10,cdca04e0bc6ce855,v- s,
20,prot-1951--ak--10,cdca04e0bc6ce855,n- n,
21,prot-1951--ak--10,cdca04e0bc6ce855,p- n,
22,prot-1951--ak--10,cdca04e0bc6ce855,m- p,
23,prot-1951--ak--10,cdca04e0bc6ce855,o- k,
24,prot-1951--ak--10,cdca04e0bc6ce855,e- t,
25,prot-1951--ak--10,cdca04e0bc6ce855,m- m,
26,prot-1951--ak--10,cdca04e0bc6ce855,d- l,
27,prot-1951--ak--10,cdca04e0bc6ce855,r- s,
28,prot-1951--ak--10,cdca04e0bc6ce855,l- d,
29,prot-1951--ak--10,cdca04e0bc6ce855,t- s,
30,prot-1951--ak--10,cdca04e0bc6ce855,n- d,
31,prot-1951--ak--10,cdca04e0bc6ce855,t- g,
32,prot-1951--ak--10,cdca04e0bc6ce855,e- s,
33,prot-1951--ak--10,cdca04e0bc6ce855,s- s,
34,prot-1951--ak--10,cdca04e0bc6ce855,l- j,
0,prot-1951--ak--10,cdca04e0bc6ce855,u- s,
1,prot-1951--ak--10,cdca04e0bc6ce855,e- v,
2,prot-1951--ak--10,cdca04e0bc6ce855,e- r,
3,prot-1951--ak--10,cdca04e0bc6ce855,m- m,
4,prot-1951--ak--10,cdca04e0bc6ce855,n- d,
5,prot-1951--ak--10,cdca04e0bc6ce855,m- g,
6,prot-1951--ak--10,cdca04e0bc6ce855,i- b,
7,prot-1951--ak--10,cdca04e0bc6ce855,t- l,
8,prot-1951--ak--10,cdca04e0bc6ce855,y- f,
9,prot-1951--ak--10,cdca04e0bc6ce855,s- t,
10,prot-1951--ak--10,cdca04e0bc6ce855,a- n,
11,prot-1951--ak--10,cdca04e0bc6ce855,e- r,
12,prot-1951--ak--10,cdca04e0bc6ce855,o- p,
13,prot-1951--ak--10,cdca04e0bc6ce855,d- n,
14,prot-1951--ak--10,cdca04e0bc6ce855,k- p,
15,prot-1951--ak--10,cdca04e0bc6ce855,y- s,
16,prot-1951--ak--10,cdca04e0bc6ce855,s- s,
17,prot-1951--ak--10,cdca04e0bc6ce855,å- d,
18,prot-1951--ak--10,cdca04e0bc6ce855,j- n,
19,prot-1951--ak--10,cdca04e0bc6ce855,n- v,
20,prot-1951--ak--10,cdca04e0bc6ce855,i- e,
21,prot-1951--ak--10,cdca04e0bc6ce855,e- t,
22,prot-1951--ak--10,cdca04e0bc6ce855,e- t,
23,prot-1951--ak--10,cdca04e0bc6ce855,s- m,
24,prot-1951--ak--10,cdca04e0bc6ce855,u- v,
25,prot-1951--ak--10,cdca04e0bc6ce855,x- t,
26,prot-1951--ak--10,cdca04e0bc6ce855,e- t,
27,prot-1951--ak--10,cdca04e0bc6ce855,n- v,
28,prot-1951--ak--10,cdca04e0bc6ce855,n- s,
29,prot-1951--ak--10,cdca04e0bc6ce855,å- r,
30,prot-1951--ak--10,cdca04e0bc6ce855,ö- r,
31,prot-1951--ak--10,cdca04e0bc6ce855,t- s,
32,prot-1951--ak--10,cdca04e0bc6ce855,d- l,
33,prot-1951--ak--10,cdca04e0bc6ce855,e- r,
34,prot-1951--ak--10,cdca04e0bc6ce855,ö- v,
35,prot-1951--ak--10,cdca04e0bc6ce855,e- r,
36,prot-1951--ak--10,cdca04e0bc6ce855,s- s,
37,prot-1951--ak--10,cdca04e0bc6ce855,v- s,
38,prot-1951--ak--10,cdca04e0bc6ce855,g- h,
39,prot-1951--ak--10,cdca04e0bc6ce855,å- r,
0,prot-1951--ak--10,7b16a01c980ae2ac,"n
f",
1,prot-1951--ak--10,7b16a01c980ae2ac,"a
f",
2,prot-1951--ak--10,cdca04e0bc6ce855,l- n,
3,prot-1951--ak--10,cdca04e0bc6ce855,e- l,
4,prot-1951--ak--10,cdca04e0bc6ce855,n- k,
5,prot-1951--ak--10,cdca04e0bc6ce855,t- n,
6,prot-1951--ak--10,cdca04e0bc6ce855,i- t,
7,prot-1951--ak--10,cdca04e0bc6ce855,å- d,
8,prot-1951--ak--10,cdca04e0bc6ce855,i- v,
9,prot-1951--ak--10,cdca04e0bc6ce855,r- f,
10,prot-1951--ak--10,cdca04e0bc6ce855,a- g,
11,prot-1951--ak--10,cdca04e0bc6ce855,t- t,
12,prot-1951--ak--10,cdca04e0bc6ce855,r- d,
13,prot-1951--ak--10,cdca04e0bc6ce855,l- s,
14,prot-1951--ak--10,cdca04e0bc6ce855,v- v,
15,prot-1951--ak--10,cdca04e0bc6ce855,e- n,
16,prot-1951--ak--10,cdca04e0bc6ce855,å- r,
17,prot-1951--ak--10,cdca04e0bc6ce855,d- n,
18,prot-1951--ak--10,cdca04e0bc6ce855,n- k,
19,prot-1951--ak--10,cdca04e0bc6ce855,r- j,
20,prot-1951--ak--10,cdca04e0bc6ce855,r- t,
21,prot-1951--ak--10,cdca04e0bc6ce855,ä- d,
22,prot-1951--ak--10,cdca04e0bc6ce855,n- v,
23,prot-1951--ak--10,cdca04e0bc6ce855,t- f,
24,prot-1951--ak--10,cdca04e0bc6ce855,l- k,
25,prot-1951--ak--10,cdca04e0bc6ce855,n- d,
26,prot-1951--ak--10,cdca04e0bc6ce855,r- t,
27,prot-1951--ak--10,cdca04e0bc6ce855,t- n,
28,prot-1951--ak--10,cdca04e0bc6ce855,ö- r,
29,prot-1951--ak--10,cdca04e0bc6ce855,l- n,
30,prot-1951--ak--10,cdca04e0bc6ce855,e- f,
0,prot-1951--ak--10,cdca04e0bc6ce855,k- t,
1,prot-1951--ak--10,cdca04e0bc6ce855,t- f,
2,prot-1951--ak--10,cdca04e0bc6ce855,s- f,
3,prot-1951--ak--10,cdca04e0bc6ce855,n- v,
4,prot-1951--ak--10,cdca04e0bc6ce855,g- h,
5,prot-1951--ak--10,cdca04e0bc6ce855,o- b,
6,prot-1951--ak--10,cdca04e0bc6ce855,l- m,
7,prot-1951--ak--10,cdca04e0bc6ce855,å- r,
8,prot-1951--ak--10,cdca04e0bc6ce855,l- m,
9,prot-1951--ak--10,cdca04e0bc6ce855,e- g,
10,prot-1951--ak--10,cdca04e0bc6ce855,e- g,
11,prot-1951--ak--10,cdca04e0bc6ce855,ä- s,
12,prot-1951--ak--10,cdca04e0bc6ce855,r- v,
13,prot-1951--ak--10,cdca04e0bc6ce855,t- t,
14,prot-1951--ak--10,cdca04e0bc6ce855,r- v,
15,prot-1951--ak--10,cdca04e0bc6ce855,t- t,
16,prot-1951--ak--10,cdca04e0bc6ce855,ä- g,
17,prot-1951--ak--10,cdca04e0bc6ce855,r- k,
18,prot-1951--ak--10,cdca04e0bc6ce855,t- s,
19,prot-1951--ak--10,cdca04e0bc6ce855,ö- r,
20,prot-1951--ak--10,cdca04e0bc6ce855,n- d,
21,prot-1951--ak--10,cdca04e0bc6ce855,k- l,
22,prot-1951--ak--10,cdca04e0bc6ce855,r- b,
23,prot-1951--ak--10,cdca04e0bc6ce855,e- s,
24,prot-1951--ak--10,cdca04e0bc6ce855,e- t,
25,prot-1951--ak--10,cdca04e0bc6ce855,m- r,
26,prot-1951--ak--10,cdca04e0bc6ce855,m- l,
27,prot-1951--ak--10,cdca04e0bc6ce855,n- f,
28,prot-1951--ak--10,cdca04e0bc6ce855,o- l,
29,prot-1951--ak--10,cdca04e0bc6ce855,n- d,
0,prot-1951--ak--10,cdca04e0bc6ce855,n- g,
1,prot-1951--ak--10,cdca04e0bc6ce855,t- t,
2,prot-1951--ak--10,cdca04e0bc6ce855,i- f,
3,prot-1951--ak--10,cdca04e0bc6ce855,o- t,
4,prot-1951--ak--10,cdca04e0bc6ce855,l- m,
5,prot-1951--ak--10,cdca04e0bc6ce855,g- v,
6,prot-1951--ak--10,cdca04e0bc6ce855,e- r,
7,prot-1951--ak--10,cdca04e0bc6ce855,a- t,
8,prot-1951--ak--10,cdca04e0bc6ce855,a- r,
9,prot-1951--ak--10,cdca04e0bc6ce855,o- m,
10,prot-1951--ak--10,cdca04e0bc6ce855,e- d,
11,prot-1951--ak--10,cdca04e0bc6ce855,n- v,
12,prot-1951--ak--10,cdca04e0bc6ce855,i- k,
13,prot-1951--ak--10,cdca04e0bc6ce855,n- d,
14,prot-1951--ak--10,cdca04e0bc6ce855,n- v,
15,prot-1951--ak--10,cdca04e0bc6ce855,o- n,
16,prot-1951--ak--10,cdca04e0bc6ce855,n- v,
17,prot-1951--ak--10,cdca04e0bc6ce855,s- k,
18,prot-1951--ak--10,cdca04e0bc6ce855,e- h,
19,prot-1951--ak--10,cdca04e0bc6ce855,t- f,
20,prot-1951--ak--10,cdca04e0bc6ce855,k- s,
21,prot-1951--ak--10,cdca04e0bc6ce855,o- n,
22,prot-1951--ak--10,cdca04e0bc6ce855,e- n,
23,prot-1951--ak--10,cdca04e0bc6ce855,l- d,
24,prot-1951--ak--10,cdca04e0bc6ce855,a- r,
25,prot-1951--ak--10,cdca04e0bc6ce855,k- t,
26,prot-1951--ak--10,cdca04e0bc6ce855,k- t,
27,prot-1951--ak--10,cdca04e0bc6ce855,a- t,
0,prot-1951--ak--10,cdca04e0bc6ce855,n- v,
1,prot-1951--ak--10,cdca04e0bc6ce855,e- r,
2,prot-1951--ak--10,cdca04e0bc6ce855,e- t,
3,prot-1951--ak--10,cdca04e0bc6ce855,e- f,
4,prot-1951--ak--10,cdca04e0bc6ce855,k- s,
5,prot-1951--ak--10,cdca04e0bc6ce855,e- r,
6,prot-1951--ak--10,cdca04e0bc6ce855,u- s,
7,prot-1951--ak--10,cdca04e0bc6ce855,t- o,
8,prot-1951--ak--10,cdca04e0bc6ce855,a- d,
9,prot-1951--ak--10,cdca04e0bc6ce855,n- d,
10,prot-1951--ak--10,cdca04e0bc6ce855,t- t,
11,prot-1951--ak--10,cdca04e0bc6ce855,l- m,
12,prot-1951--ak--10,cdca04e0bc6ce855,å- t,
13,prot-1951--ak--10,cdca04e0bc6ce855,o- p,
14,prot-1951--ak--10,cdca04e0bc6ce855,n- f,
15,prot-1951--ak--10,cdca04e0bc6ce855,n- f,
16,prot-1951--ak--10,cdca04e0bc6ce855,k- n,
17,prot-1951--ak--10,cdca04e0bc6ce855,n- d,
18,prot-1951--ak--10,cdca04e0bc6ce855,n- l,
19,prot-1951--ak--10,cdca04e0bc6ce855,e- n,
20,prot-1951--ak--10,cdca04e0bc6ce855,ö- r,
21,prot-1951--ak--10,cdca04e0bc6ce855,s- s,
22,prot-1951--ak--10,cdca04e0bc6ce855,v- s,
23,prot-1951--ak--10,cdca04e0bc6ce855,i- k,
24,prot-1951--ak--10,cdca04e0bc6ce855,e- c,
25,prot-1951--ak--10,cdca04e0bc6ce855,e- r,
26,prot-1951--ak--10,cdca04e0bc6ce855,e- b,
27,prot-1951--ak--10,cdca04e0bc6ce855,s- v,
28,prot-1951--ak--10,cdca04e0bc6ce855,ä- s,
29,prot-1951--ak--10,cdca04e0bc6ce855,e- p,
30,prot-1951--ak--10,cdca04e0bc6ce855,s- h,
31,prot-1951--ak--10,cdca04e0bc6ce855,s- c,
32,prot-1951--ak--10,cdca04e0bc6ce855,m- m,
33,prot-1951--ak--10,cdca04e0bc6ce855,s- ö,
34,prot-1951--ak--10,cdca04e0bc6ce855,y- d,
35,prot-1951--ak--10,cdca04e0bc6ce855,n- d,
36,prot-1951--ak--10,cdca04e0bc6ce855,p- k,
37,prot-1951--ak--10,cdca04e0bc6ce855,f- t,
38,prot-1951--ak--10,cdca04e0bc6ce855,e- r,
0,prot-1951--ak--10,cdca04e0bc6ce855,l- k,
1,prot-1951--ak--10,cdca04e0bc6ce855,t- n,
2,prot-1951--ak--10,cdca04e0bc6ce855,i- t,
3,prot-1951--ak--10,cdca04e0bc6ce855,i- n,
4,prot-1951--ak--10,cdca04e0bc6ce855,a- m,
5,prot-1951--ak--10,cdca04e0bc6ce855,l- j,
6,prot-1951--ak--10,cdca04e0bc6ce855,n- v,
7,prot-1951--ak--10,cdca04e0bc6ce855,e- r,
8,prot-1951--ak--10,cdca04e0bc6ce855,i- v,
9,prot-1951--ak--10,cdca04e0bc6ce855,n- d,
10,prot-1951--ak--10,cdca04e0bc6ce855,e- d,
11,prot-1951--ak--10,cdca04e0bc6ce855,j- l,
12,prot-1951--ak--10,cdca04e0bc6ce855,ä- g,
13,prot-1951--ak--10,cdca04e0bc6ce855,i- t,
14,prot-1951--ak--10,cdca04e0bc6ce855,n- n,
15,prot-1951--ak--10,cdca04e0bc6ce855,m- h,
16,prot-1951--ak--10,cdca04e0bc6ce855,r- s,
17,prot-1951--ak--10,cdca04e0bc6ce855,å- s,
18,prot-1951--ak--10,cdca04e0bc6ce855,o- n,
19,prot-1951--ak--10,cdca04e0bc6ce855,r- d,
20,prot-1951--ak--10,cdca04e0bc6ce855,l- j,
21,prot-1951--ak--10,cdca04e0bc6ce855,m- h,
22,prot-1951--ak--10,cdca04e0bc6ce855,l- v,
23,prot-1951--ak--10,cdca04e0bc6ce855,i- f,
24,prot-1951--ak--10,cdca04e0bc6ce855,i- g,
25,prot-1951--ak--10,cdca04e0bc6ce855,e- h,
26,prot-1951--ak--10,cdca04e0bc6ce855,r- v,
27,prot-1951--ak--10,cdca04e0bc6ce855,l- f,
28,prot-1951--ak--10,cdca04e0bc6ce855,a- n,
29,prot-1951--ak--10,cdca04e0bc6ce855,l- l,
30,prot-1951--ak--10,cdca04e0bc6ce855,t- t,
31,prot-1951--ak--10,cdca04e0bc6ce855,n- d,
32,prot-1951--ak--10,cdca04e0bc6ce855,o- r,
33,prot-1951--ak--10,cdca04e0bc6ce855,p- r,
0,prot-1951--ak--10,cdca04e0bc6ce855,m- f,
1,prot-1951--ak--10,cdca04e0bc6ce855,r- a,
2,prot-1951--ak--10,cdca04e0bc6ce855,ö- g,
3,prot-1951--ak--10,cdca04e0bc6ce855,å- d,
4,prot-1951--ak--10,cdca04e0bc6ce855,s- t,
5,prot-1951--ak--10,cdca04e0bc6ce855,r- k,
6,prot-1951--ak--10,cdca04e0bc6ce855,e- f,
7,prot-1951--ak--10,cdca04e0bc6ce855,g- a,
8,prot-1951--ak--10,cdca04e0bc6ce855,c- k,
9,prot-1951--ak--10,cdca04e0bc6ce855,l- k,
10,prot-1951--ak--10,cdca04e0bc6ce855,e- r,
11,prot-1951--ak--10,cdca04e0bc6ce855,n- n,
12,prot-1951--ak--10,cdca04e0bc6ce855,n- v,
13,prot-1951--ak--10,cdca04e0bc6ce855,s- l,
14,prot-1951--ak--10,cdca04e0bc6ce855,a- d,
15,prot-1951--ak--10,cdca04e0bc6ce855,r- g,
16,prot-1951--ak--10,cdca04e0bc6ce855,v- l,
17,prot-1951--ak--10,cdca04e0bc6ce855,n- n,
18,prot-1951--ak--10,cdca04e0bc6ce855,l- s,
19,prot-1951--ak--10,cdca04e0bc6ce855,v- n,
20,prot-1951--ak--10,cdca04e0bc6ce855,c- k,
21,prot-1951--ak--10,cdca04e0bc6ce855,s- m,
22,prot-1951--ak--10,cdca04e0bc6ce855,n- n,
23,prot-1951--ak--10,cdca04e0bc6ce855,i- v,
24,prot-1951--ak--10,cdca04e0bc6ce855,r- l,
25,prot-1951--ak--10,cdca04e0bc6ce855,g- r,
26,prot-1951--ak--10,cdca04e0bc6ce855,n- h,
27,prot-1951--ak--10,cdca04e0bc6ce855,n- n,
28,prot-1951--ak--10,cdca04e0bc6ce855,s- s,
0,prot-1951--ak--10,cdca04e0bc6ce855,l- f,
1,prot-1951--ak--10,cdca04e0bc6ce855,l- f,
2,prot-1951--ak--10,cdca04e0bc6ce855,m- p,
3,prot-1951--ak--10,cdca04e0bc6ce855,t- t,
4,prot-1951--ak--10,cdca04e0bc6ce855,s- l,
5,prot-1951--ak--10,cdca04e0bc6ce855,s- r,
6,prot-1951--ak--10,cdca04e0bc6ce855,v- n,
7,prot-1951--ak--10,cdca04e0bc6ce855,v- v,
8,prot-1951--ak--10,cdca04e0bc6ce855,e- t,
9,prot-1951--ak--10,cdca04e0bc6ce855,d- l,
10,prot-1951--ak--10,cdca04e0bc6ce855,n- g,
11,prot-1951--ak--10,cdca04e0bc6ce855,e- t,
12,prot-1951--ak--10,cdca04e0bc6ce855,i- g,
13,prot-1951--ak--10,cdca04e0bc6ce855,g- b,
14,prot-1951--ak--10,cdca04e0bc6ce855,e- n,
15,prot-1951--ak--10,cdca04e0bc6ce855,r- u,
16,prot-1951--ak--10,cdca04e0bc6ce855,t- s,
17,prot-1951--ak--10,cdca04e0bc6ce855,r- s,
18,prot-1951--ak--10,cdca04e0bc6ce855,g- b,
19,prot-1951--ak--10,cdca04e0bc6ce855,n- d,
20,prot-1951--ak--10,cdca04e0bc6ce855,n- d,
21,prot-1951--ak--10,cdca04e0bc6ce855,e- m,
22,prot-1951--ak--10,cdca04e0bc6ce855,d- n,
23,prot-1951--ak--10,cdca04e0bc6ce855,m- m,
24,prot-1951--ak--10,cdca04e0bc6ce855,n- l,
25,prot-1951--ak--10,cdca04e0bc6ce855,å- h,
26,prot-1951--ak--10,cdca04e0bc6ce855,r- l,
27,prot-1951--ak--10,cdca04e0bc6ce855,e- r,
28,prot-1951--ak--10,cdca04e0bc6ce855,v- s,
29,prot-1951--ak--10,cdca04e0bc6ce855,p- v,
30,prot-1951--ak--10,cdca04e0bc6ce855,a- j,
31,prot-1951--ak--10,cdca04e0bc6ce855,n- t,
32,prot-1951--ak--10,cdca04e0bc6ce855,ö- r,
0,prot-1951--ak--10,cdca04e0bc6ce855,n- s,
1,prot-1951--ak--10,cdca04e0bc6ce855,v- f,
2,prot-1951--ak--10,cdca04e0bc6ce855,j- n,
3,prot-1951--ak--10,cdca04e0bc6ce855,r- ö,
4,prot-1951--ak--10,cdca04e0bc6ce855,e- r,
5,prot-1951--ak--10,cdca04e0bc6ce855,n- d,
6,prot-1951--ak--10,cdca04e0bc6ce855,t- s,
7,prot-1951--ak--10,cdca04e0bc6ce855,k- s,
8,prot-1951--ak--10,cdca04e0bc6ce855,e- v,
9,prot-1951--ak--10,cdca04e0bc6ce855,r- d,
10,prot-1951--ak--10,cdca04e0bc6ce855,t- s,
11,prot-1951--ak--10,cdca04e0bc6ce855,c- k,
12,prot-1951--ak--10,cdca04e0bc6ce855,n- d,
13,prot-1951--ak--10,cdca04e0bc6ce855,t- s,
14,prot-1951--ak--10,cdca04e0bc6ce855,m- v,
15,prot-1951--ak--10,cdca04e0bc6ce855,e- t,
16,prot-1951--ak--10,cdca04e0bc6ce855,n- g,
17,prot-1951--ak--10,cdca04e0bc6ce855,l- s,
18,prot-1951--ak--10,cdca04e0bc6ce855,n- s,
19,prot-1951--ak--10,cdca04e0bc6ce855,v- n,
20,prot-1951--ak--10,cdca04e0bc6ce855,l- l,
21,prot-1951--ak--10,cdca04e0bc6ce855,n- v,
22,prot-1951--ak--10,cdca04e0bc6ce855,e- r,
23,prot-1951--ak--10,cdca04e0bc6ce855,v- n,
24,prot-1951--ak--10,cdca04e0bc6ce855,l- l,
25,prot-1951--ak--10,cdca04e0bc6ce855,k- l,
26,prot-1951--ak--10,cdca04e0bc6ce855,d- k,
27,prot-1951--ak--10,cdca04e0bc6ce855,r- h,
28,prot-1951--ak--10,cdca04e0bc6ce855,g- s,
29,prot-1951--ak--10,cdca04e0bc6ce855,r- h,
30,prot-1951--ak--10,cdca04e0bc6ce855,m- m,
31,prot-1951--ak--10,cdca04e0bc6ce855,n- d,
32,prot-1951--ak--10,cdca04e0bc6ce855,d- v,
33,prot-1951--ak--10,cdca04e0bc6ce855,l- s,
34,prot-1951--ak--10,cdca04e0bc6ce855,a- n,
35,prot-1951--ak--10,cdca04e0bc6ce855,m- o,
0,prot-1951--ak--10,cdca04e0bc6ce855,n- n,
1,prot-1951--ak--10,cdca04e0bc6ce855,s- n,
2,prot-1951--ak--10,cdca04e0bc6ce855,d- o,
3,prot-1951--ak--10,cdca04e0bc6ce855,v- n,
4,prot-1951--ak--10,cdca04e0bc6ce855,n- n,
5,prot-1951--ak--10,cdca04e0bc6ce855,i- s,
6,prot-1951--ak--10,cdca04e0bc6ce855,o- b,
7,prot-1951--ak--10,cdca04e0bc6ce855,e- r,
8,prot-1951--ak--10,cdca04e0bc6ce855,a- g,
9,prot-1951--ak--10,cdca04e0bc6ce855,m- p,
10,prot-1951--ak--10,cdca04e0bc6ce855,g- h,
11,prot-1951--ak--10,cdca04e0bc6ce855,r- l,
12,prot-1951--ak--10,cdca04e0bc6ce855,n- p,
13,prot-1951--ak--10,cdca04e0bc6ce855,e- v,
14,prot-1951--ak--10,cdca04e0bc6ce855,ö- r,
15,prot-1951--ak--10,cdca04e0bc6ce855,n- d,
16,prot-1951--ak--10,cdca04e0bc6ce855,v- s,
17,prot-1951--ak--10,cdca04e0bc6ce855,n- d,
18,prot-1951--ak--10,cdca04e0bc6ce855,e- r,
19,prot-1951--ak--10,cdca04e0bc6ce855,v- s,
20,prot-1951--ak--10,cdca04e0bc6ce855,e- r,
21,prot-1951--ak--10,cdca04e0bc6ce855,g- g,
22,prot-1951--ak--10,cdca04e0bc6ce855,n- d,
23,prot-1951--ak--10,cdca04e0bc6ce855,n- d,
24,prot-1951--ak--10,cdca04e0bc6ce855,t- n,
25,prot-1951--ak--10,cdca04e0bc6ce855,n- v,
26,prot-1951--ak--10,cdca04e0bc6ce855,å- d,
27,prot-1951--ak--10,cdca04e0bc6ce855,d- f,
28,prot-1951--ak--10,cdca04e0bc6ce855,m- n,
29,prot-1951--ak--10,cdca04e0bc6ce855,n- n,
30,prot-1951--ak--10,cdca04e0bc6ce855,n- d,
31,prot-1951--ak--10,cdca04e0bc6ce855,v- n,
32,prot-1951--ak--10,cdca04e0bc6ce855,c- k,
33,prot-1951--ak--10,cdca04e0bc6ce855,å- g,
0,prot-1951--ak--10,cdca04e0bc6ce855,s- s,
1,prot-1951--ak--10,cdca04e0bc6ce855,n- d,
2,prot-1951--ak--10,cdca04e0bc6ce855,i- f,
3,prot-1951--ak--10,cdca04e0bc6ce855,l- s,
4,prot-1951--ak--10,cdca04e0bc6ce855,n- m,
5,prot-1951--ak--10,cdca04e0bc6ce855,ö- r,
6,prot-1951--ak--10,cdca04e0bc6ce855,t- t,
7,prot-1951--ak--10,cdca04e0bc6ce855,e- s,
8,prot-1951--ak--10,cdca04e0bc6ce855,s- g,
9,prot-1951--ak--10,cdca04e0bc6ce855,n- n,
10,prot-1951--ak--10,cdca04e0bc6ce855,t- s,
11,prot-1951--ak--10,cdca04e0bc6ce855,s- m,
12,prot-1951--ak--10,cdca04e0bc6ce855,v- s,
13,prot-1951--ak--10,cdca04e0bc6ce855,y- d,
14,prot-1951--ak--10,cdca04e0bc6ce855,n- d,
15,prot-1951--ak--10,cdca04e0bc6ce855,k- s,
16,prot-1951--ak--10,cdca04e0bc6ce855,n- p,
17,prot-1951--ak--10,cdca04e0bc6ce855,e- s,
18,prot-1951--ak--10,cdca04e0bc6ce855,ö- r,
19,prot-1951--ak--10,cdca04e0bc6ce855,s- s,
20,prot-1951--ak--10,cdca04e0bc6ce855,t- s,
21,prot-1951--ak--10,cdca04e0bc6ce855,r- v,
22,prot-1951--ak--10,cdca04e0bc6ce855,v- s,
23,prot-1951--ak--10,cdca04e0bc6ce855,a- h,
24,prot-1951--ak--10,cdca04e0bc6ce855,e- r,
0,prot-1951--ak--10,cdca04e0bc6ce855,o- t,
1,prot-1951--ak--10,cdca04e0bc6ce855,n- m,
2,prot-1951--ak--10,cdca04e0bc6ce855,r- l,
3,prot-1951--ak--10,cdca04e0bc6ce855,n- t,
4,prot-1951--ak--10,cdca04e0bc6ce855,r- d,
5,prot-1951--ak--10,cdca04e0bc6ce855,n- t,
6,prot-1951--ak--10,cdca04e0bc6ce855,m- k,
7,prot-1951--ak--10,cdca04e0bc6ce855,n- d,
8,prot-1951--ak--10,cdca04e0bc6ce855,o- l,
9,prot-1951--ak--10,cdca04e0bc6ce855,å- g,
10,prot-1951--ak--10,cdca04e0bc6ce855,e- r,
11,prot-1951--ak--10,cdca04e0bc6ce855,n- s,
12,prot-1951--ak--10,cdca04e0bc6ce855,g- s,
13,prot-1951--ak--10,cdca04e0bc6ce855,a- r,
14,prot-1951--ak--10,cdca04e0bc6ce855,g- v,
15,prot-1951--ak--10,cdca04e0bc6ce855,r- n,
16,prot-1951--ak--10,cdca04e0bc6ce855,g- b,
17,prot-1951--ak--10,cdca04e0bc6ce855,s- s,
18,prot-1951--ak--10,cdca04e0bc6ce855,e- n,
19,prot-1951--ak--10,cdca04e0bc6ce855,r- o,
20,prot-1951--ak--10,cdca04e0bc6ce855,l- m,
21,prot-1951--ak--10,cdca04e0bc6ce855,s- i,
22,prot-1951--ak--10,cdca04e0bc6ce855,n- d,
0,prot-1951--ak--10,cdca04e0bc6ce855,s- o,
1,prot-1951--ak--10,cdca04e0bc6ce855,n- n,
2,prot-1951--ak--10,cdca04e0bc6ce855,r- a,
3,prot-1951--ak--10,cdca04e0bc6ce855,ö- r,
4,prot-1951--ak--10,cdca04e0bc6ce855,m- m,
5,prot-1951--ak--10,cdca04e0bc6ce855,r- h,
6,prot-1951--ak--10,cdca04e0bc6ce855,i- g,
7,prot-1951--ak--10,cdca04e0bc6ce855,e- n,
8,prot-1951--ak--10,cdca04e0bc6ce855,t- b,
9,prot-1951--ak--10,cdca04e0bc6ce855,f- t,
10,prot-1951--ak--10,cdca04e0bc6ce855,g- a,
11,prot-1951--ak--10,cdca04e0bc6ce855,t- v,
12,prot-1951--ak--10,cdca04e0bc6ce855,r- e,
13,prot-1951--ak--10,cdca04e0bc6ce855,r- v,
14,prot-1951--ak--10,cdca04e0bc6ce855,r- s,
15,prot-1951--ak--10,cdca04e0bc6ce855,l- j,
16,prot-1951--ak--10,cdca04e0bc6ce855,u- l,
17,prot-1951--ak--10,cdca04e0bc6ce855,t- g,
18,prot-1951--ak--10,cdca04e0bc6ce855,n- n,
19,prot-1951--ak--10,cdca04e0bc6ce855,l- d,
20,prot-1951--ak--10,cdca04e0bc6ce855,r- ö,
21,prot-1951--ak--10,cdca04e0bc6ce855,e- s,
22,prot-1951--ak--10,cdca04e0bc6ce855,e- r,
23,prot-1951--ak--10,cdca04e0bc6ce855,d- l,
24,prot-1951--ak--10,cdca04e0bc6ce855,e- r,
25,prot-1951--ak--10,cdca04e0bc6ce855,p- m,
26,prot-1951--ak--10,cdca04e0bc6ce855,e- t,
27,prot-1951--ak--10,cdca04e0bc6ce855,r- v,
28,prot-1951--ak--10,cdca04e0bc6ce855,d- b,
29,prot-1951--ak--10,cdca04e0bc6ce855,o- d,
30,prot-1951--ak--10,cdca04e0bc6ce855,s- t,
0,prot-1951--ak--10,cdca04e0bc6ce855,e- s,
1,prot-1951--ak--10,cdca04e0bc6ce855,l- r,
2,prot-1951--ak--10,cdca04e0bc6ce855,r- e,
3,prot-1951--ak--10,cdca04e0bc6ce855,d- b,
4,prot-1951--ak--10,cdca04e0bc6ce855,n- d,
5,prot-1951--ak--10,cdca04e0bc6ce855,n- t,
6,prot-1951--ak--10,cdca04e0bc6ce855,r- k,
7,prot-1951--ak--10,cdca04e0bc6ce855,t- f,
8,prot-1951--ak--10,cdca04e0bc6ce855,m- f,
9,prot-1951--ak--10,cdca04e0bc6ce855,r- h,
10,prot-1951--ak--10,cdca04e0bc6ce855,m- b,
11,prot-1951--ak--10,cdca04e0bc6ce855,s- s,
12,prot-1951--ak--10,cdca04e0bc6ce855,s- d,
13,prot-1951--ak--10,cdca04e0bc6ce855,o- t,
14,prot-1951--ak--10,cdca04e0bc6ce855,c- k,
15,prot-1951--ak--10,cdca04e0bc6ce855,ä- r,
16,prot-1951--ak--10,cdca04e0bc6ce855,ö- g,
17,prot-1951--ak--10,cdca04e0bc6ce855,e- t,
18,prot-1951--ak--10,cdca04e0bc6ce855,m- b,
19,prot-1951--ak--10,cdca04e0bc6ce855,s- b,
20,prot-1951--ak--10,cdca04e0bc6ce855,e- g,
21,prot-1951--ak--10,cdca04e0bc6ce855,r- d,
22,prot-1951--ak--10,cdca04e0bc6ce855,s- d,
23,prot-1951--ak--10,cdca04e0bc6ce855,s- r,
24,prot-1951--ak--10,cdca04e0bc6ce855,r- d,
25,prot-1951--ak--10,cdca04e0bc6ce855,s- v,
26,prot-1951--ak--10,cdca04e0bc6ce855,t- v,
27,prot-1951--ak--10,cdca04e0bc6ce855,s- t,
28,prot-1951--ak--10,cdca04e0bc6ce855,l- l,
0,prot-1951--ak--10,cdca04e0bc6ce855,s- v,
1,prot-1951--ak--10,cdca04e0bc6ce855,s- t,
2,prot-1951--ak--10,cdca04e0bc6ce855,å- p,
3,prot-1951--ak--10,cdca04e0bc6ce855,e- r,
4,prot-1951--ak--10,cdca04e0bc6ce855,å- v,
5,prot-1951--ak--10,cdca04e0bc6ce855,v- s,
6,prot-1951--ak--10,cdca04e0bc6ce855,t- g,
7,prot-1951--ak--10,cdca04e0bc6ce855,n- n,
8,prot-1951--ak--10,cdca04e0bc6ce855,o- s,
9,prot-1951--ak--10,cdca04e0bc6ce855,a- p,
10,prot-1951--ak--10,cdca04e0bc6ce855,n- d,
11,prot-1951--ak--10,cdca04e0bc6ce855,r- l,
12,prot-1951--ak--10,cdca04e0bc6ce855,t- e,
13,prot-1951--ak--10,cdca04e0bc6ce855,c- k,
14,prot-1951--ak--10,cdca04e0bc6ce855,s- t,
15,prot-1951--ak--10,cdca04e0bc6ce855,s- t,
16,prot-1951--ak--10,cdca04e0bc6ce855,g- e,
17,prot-1951--ak--10,cdca04e0bc6ce855,e- h,
18,prot-1951--ak--10,cdca04e0bc6ce855,s- f,
19,prot-1951--ak--10,cdca04e0bc6ce855,o- p,
20,prot-1951--ak--10,cdca04e0bc6ce855,t- o,
21,prot-1951--ak--10,cdca04e0bc6ce855,e- l,
22,prot-1951--ak--10,cdca04e0bc6ce855,s- m,
23,prot-1951--ak--10,cdca04e0bc6ce855,d- k,
24,prot-1951--ak--10,cdca04e0bc6ce855,t- t,
25,prot-1951--ak--10,cdca04e0bc6ce855,k- s,
26,prot-1951--ak--10,cdca04e0bc6ce855,s- o,
27,prot-1951--ak--10,cdca04e0bc6ce855,t- t,
28,prot-1951--ak--10,cdca04e0bc6ce855,n- h,
29,prot-1951--ak--10,cdca04e0bc6ce855,e- s,
0,prot-1951--ak--10,cdca04e0bc6ce855,n- n,
1,prot-1951--ak--10,cdca04e0bc6ce855,s- b,
2,prot-1951--ak--10,cdca04e0bc6ce855,t- a,
3,prot-1951--ak--10,cdca04e0bc6ce855,n- n,
4,prot-1951--ak--10,cdca04e0bc6ce855,r- d,
5,prot-1951--ak--10,cdca04e0bc6ce855,r- d,
6,prot-1951--ak--10,cdca04e0bc6ce855,n- l,
7,prot-1951--ak--10,cdca04e0bc6ce855,t- t,
8,prot-1951--ak--10,cdca04e0bc6ce855,e- g,
9,prot-1951--ak--10,cdca04e0bc6ce855,l- f,
10,prot-1951--ak--10,cdca04e0bc6ce855,m- s,
11,prot-1951--ak--10,cdca04e0bc6ce855,i- f,
12,prot-1951--ak--10,cdca04e0bc6ce855,o- n,
13,prot-1951--ak--10,cdca04e0bc6ce855,e- t,
14,prot-1951--ak--10,cdca04e0bc6ce855,e- r,
15,prot-1951--ak--10,cdca04e0bc6ce855,i- v,
16,prot-1951--ak--10,cdca04e0bc6ce855,l- l,
17,prot-1951--ak--10,cdca04e0bc6ce855,l- n,
18,prot-1951--ak--10,cdca04e0bc6ce855,n- f,
19,prot-1951--ak--10,cdca04e0bc6ce855,å- l,
20,prot-1951--ak--10,cdca04e0bc6ce855,e- r,
21,prot-1951--ak--10,cdca04e0bc6ce855,s- n,
22,prot-1951--ak--10,cdca04e0bc6ce855,r- t,
23,prot-1951--ak--10,cdca04e0bc6ce855,d- n,
24,prot-1951--ak--10,cdca04e0bc6ce855,t- t,
25,prot-1951--ak--10,cdca04e0bc6ce855,m- m,
26,prot-1951--ak--10,cdca04e0bc6ce855,m- p,
27,prot-1951--ak--10,cdca04e0bc6ce855,d- r,
28,prot-1951--ak--10,cdca04e0bc6ce855,s- t,
29,prot-1951--ak--10,cdca04e0bc6ce855,n- d,
30,prot-1951--ak--10,cdca04e0bc6ce855,e- s,
31,prot-1951--ak--10,cdca04e0bc6ce855,k- s,
32,prot-1951--ak--10,cdca04e0bc6ce855,m- p,
33,prot-1951--ak--10,cdca04e0bc6ce855,n- n,
34,prot-1951--ak--10,cdca04e0bc6ce855,r- n,
35,prot-1951--ak--10,cdca04e0bc6ce855,d- v,
0,prot-1951--ak--10,cdca04e0bc6ce855,m- m,
1,prot-1951--ak--10,cdca04e0bc6ce855,e- å,
2,prot-1951--ak--10,cdca04e0bc6ce855,r- v,
3,prot-1951--ak--10,cdca04e0bc6ce855,r- d,
4,prot-1951--ak--10,cdca04e0bc6ce855,n- s,
5,prot-1951--ak--10,cdca04e0bc6ce855,e- m,
6,prot-1951--ak--10,cdca04e0bc6ce855,g- a,
7,prot-1951--ak--10,cdca04e0bc6ce855,a- r,
8,prot-1951--ak--10,cdca04e0bc6ce855,t- s,
9,prot-1951--ak--10,cdca04e0bc6ce855,o- n,
10,prot-1951--ak--10,cdca04e0bc6ce855,ö- t,
11,prot-1951--ak--10,cdca04e0bc6ce855,g- l,
12,prot-1951--ak--10,cdca04e0bc6ce855,n- v,
13,prot-1951--ak--10,cdca04e0bc6ce855,l- r,
14,prot-1951--ak--10,cdca04e0bc6ce855,k- t,
15,prot-1951--ak--10,cdca04e0bc6ce855,å- s,
16,prot-1951--ak--10,cdca04e0bc6ce855,d- r,
17,prot-1951--ak--10,cdca04e0bc6ce855,b- b,
18,prot-1951--ak--10,cdca04e0bc6ce855,a- d,
19,prot-1951--ak--10,cdca04e0bc6ce855,å- v,
20,prot-1951--ak--10,cdca04e0bc6ce855,p- f,
21,prot-1951--ak--10,cdca04e0bc6ce855,s- n,
22,prot-1951--ak--10,cdca04e0bc6ce855,n- n,
23,prot-1951--ak--10,cdca04e0bc6ce855,r- n,
24,prot-1951--ak--10,cdca04e0bc6ce855,j- d,
25,prot-1951--ak--10,cdca04e0bc6ce855,n- v,
26,prot-1951--ak--10,cdca04e0bc6ce855,l- l,
27,prot-1951--ak--10,cdca04e0bc6ce855,n- t,
28,prot-1951--ak--10,cdca04e0bc6ce855,r- b,
29,prot-1951--ak--10,cdca04e0bc6ce855,s- l,
30,prot-1951--ak--10,cdca04e0bc6ce855,o- n,
31,prot-1951--ak--10,cdca04e0bc6ce855,g- h,
32,prot-1951--ak--10,cdca04e0bc6ce855,i- v,
0,prot-1951--ak--10,cdca04e0bc6ce855,t- t,
1,prot-1951--ak--10,cdca04e0bc6ce855,r- g,
2,prot-1951--ak--10,cdca04e0bc6ce855,v- n,
3,prot-1951--ak--10,cdca04e0bc6ce855,o- n,
4,prot-1951--ak--10,cdca04e0bc6ce855,m- s,
5,prot-1951--ak--10,cdca04e0bc6ce855,r- s,
6,prot-1951--ak--10,cdca04e0bc6ce855,a- s,
7,prot-1951--ak--10,cdca04e0bc6ce855,l- f,
8,prot-1951--ak--10,cdca04e0bc6ce855,ö- v,
9,prot-1951--ak--10,cdca04e0bc6ce855,m- t,
10,prot-1951--ak--10,cdca04e0bc6ce855,e- i,
11,prot-1951--ak--10,cdca04e0bc6ce855,t- b,
12,prot-1951--ak--10,cdca04e0bc6ce855,d- n,
13,prot-1951--ak--10,cdca04e0bc6ce855,å- g,
14,prot-1951--ak--10,cdca04e0bc6ce855,n- v,
15,prot-1951--ak--10,cdca04e0bc6ce855,e- r,
16,prot-1951--ak--10,cdca04e0bc6ce855,e- t,
17,prot-1951--ak--10,cdca04e0bc6ce855,o- t,
18,prot-1951--ak--10,cdca04e0bc6ce855,u- v,
19,prot-1951--ak--10,cdca04e0bc6ce855,e- t,
20,prot-1951--ak--10,cdca04e0bc6ce855,s- s,
21,prot-1951--ak--10,cdca04e0bc6ce855,t- g,
22,prot-1951--ak--10,cdca04e0bc6ce855,e- r,
23,prot-1951--ak--10,cdca04e0bc6ce855,m- f,
24,prot-1951--ak--10,cdca04e0bc6ce855,e- g,
25,prot-1951--ak--10,cdca04e0bc6ce855,l- l,
26,prot-1951--ak--10,cdca04e0bc6ce855,t- t,
27,prot-1951--ak--10,cdca04e0bc6ce855,n- n,
28,prot-1951--ak--10,cdca04e0bc6ce855,n- k,
29,prot-1951--ak--10,cdca04e0bc6ce855,e- b,
30,prot-1951--ak--10,cdca04e0bc6ce855,t- t,
31,prot-1951--ak--10,cdca04e0bc6ce855,s- s,
32,prot-1951--ak--10,cdca04e0bc6ce855,l- f,
0,prot-1951--ak--10,cdca04e0bc6ce855,n- g,
1,prot-1951--ak--10,cdca04e0bc6ce855,g- e,
2,prot-1951--ak--10,cdca04e0bc6ce855,e- s,
3,prot-1951--ak--10,cdca04e0bc6ce855,e- s,
4,prot-1951--ak--10,cdca04e0bc6ce855,u- v,
5,prot-1951--ak--10,cdca04e0bc6ce855,s- l,
6,prot-1951--ak--10,cdca04e0bc6ce855,e- t,
7,prot-1951--ak--10,cdca04e0bc6ce855,a- r,
8,prot-1951--ak--10,cdca04e0bc6ce855,l- t,
9,prot-1951--ak--10,cdca04e0bc6ce855,t- n,
10,prot-1951--ak--10,cdca04e0bc6ce855,v- n,
11,prot-1951--ak--10,cdca04e0bc6ce855,i- r,
12,prot-1951--ak--10,cdca04e0bc6ce855,s- s,
13,prot-1951--ak--10,cdca04e0bc6ce855,o- n,
14,prot-1951--ak--10,cdca04e0bc6ce855,e- t,
15,prot-1951--ak--10,cdca04e0bc6ce855,n- t,
16,prot-1951--ak--10,cdca04e0bc6ce855,v- s,
17,prot-1951--ak--10,cdca04e0bc6ce855,j- n,
18,prot-1951--ak--10,cdca04e0bc6ce855,g- v,
19,prot-1951--ak--10,cdca04e0bc6ce855,n- s,
20,prot-1951--ak--10,cdca04e0bc6ce855,s- o,
21,prot-1951--ak--10,cdca04e0bc6ce855,l- l,
22,prot-1951--ak--10,cdca04e0bc6ce855,l- g,
23,prot-1951--ak--10,cdca04e0bc6ce855,m- n,
24,prot-1951--ak--10,cdca04e0bc6ce855,n- s,
25,prot-1951--ak--10,cdca04e0bc6ce855,i- g,
26,prot-1951--ak--10,cdca04e0bc6ce855,r- ö,
27,prot-1951--ak--10,cdca04e0bc6ce855,e- t,
28,prot-1951--ak--10,cdca04e0bc6ce855,n- t,
29,prot-1951--ak--10,cdca04e0bc6ce855,d- l,
30,prot-1951--ak--10,cdca04e0bc6ce855,s- s,
31,prot-1951--ak--10,cdca04e0bc6ce855,r- h,
0,prot-1951--ak--10,cdca04e0bc6ce855,s- s,
1,prot-1951--ak--10,cdca04e0bc6ce855,l- v,
2,prot-1951--ak--10,cdca04e0bc6ce855,ä- r,
3,prot-1951--ak--10,cdca04e0bc6ce855,i- m,
4,prot-1951--ak--10,cdca04e0bc6ce855,s- t,
5,prot-1951--ak--10,cdca04e0bc6ce855,s- s,
6,prot-1951--ak--10,cdca04e0bc6ce855,m- m,
7,prot-1951--ak--10,cdca04e0bc6ce855,t- n,
8,prot-1951--ak--10,cdca04e0bc6ce855,n- d,
9,prot-1951--ak--10,cdca04e0bc6ce855,å- d,
10,prot-1951--ak--10,cdca04e0bc6ce855,s- t,
11,prot-1951--ak--10,cdca04e0bc6ce855,p- f,
12,prot-1951--ak--10,cdca04e0bc6ce855,s- l,
13,prot-1951--ak--10,cdca04e0bc6ce855,n- s,
14,prot-1951--ak--10,cdca04e0bc6ce855,å- g,
15,prot-1951--ak--10,cdca04e0bc6ce855,a- k,
16,prot-1951--ak--10,cdca04e0bc6ce855,å- e,
17,prot-1951--ak--10,cdca04e0bc6ce855,a- s,
18,prot-1951--ak--10,cdca04e0bc6ce855,n- d,
19,prot-1951--ak--10,cdca04e0bc6ce855,o- m,
20,prot-1951--ak--10,cdca04e0bc6ce855,å- g,
21,prot-1951--ak--10,cdca04e0bc6ce855,e- r,
22,prot-1951--ak--10,cdca04e0bc6ce855,r- v,
23,prot-1951--ak--10,cdca04e0bc6ce855,d- l,
24,prot-1951--ak--10,cdca04e0bc6ce855,o- t,
25,prot-1951--ak--10,cdca04e0bc6ce855,o- p,
26,prot-1951--ak--10,cdca04e0bc6ce855,l- n,
27,prot-1951--ak--10,cdca04e0bc6ce855,v- l,
28,prot-1951--ak--10,cdca04e0bc6ce855,a- r,
29,prot-1951--ak--10,cdca04e0bc6ce855,n- d,
30,prot-1951--ak--10,cdca04e0bc6ce855,v- n,
31,prot-1951--ak--10,cdca04e0bc6ce855,e- t,
32,prot-1951--ak--10,cdca04e0bc6ce855,k- t,
33,prot-1951--ak--10,cdca04e0bc6ce855,v- s,
0,prot-1951--ak--10,cdca04e0bc6ce855,m- s,
1,prot-1951--ak--10,cdca04e0bc6ce855,v- s,
2,prot-1951--ak--10,cdca04e0bc6ce855,l- k,
3,prot-1951--ak--10,cdca04e0bc6ce855,v- n,
4,prot-1951--ak--10,cdca04e0bc6ce855,i- d,
5,prot-1951--ak--10,cdca04e0bc6ce855,e- p,
6,prot-1951--ak--10,cdca04e0bc6ce855,o- c,
7,prot-1951--ak--10,cdca04e0bc6ce855,v- s,
8,prot-1951--ak--10,cdca04e0bc6ce855,n- s,
9,prot-1951--ak--10,cdca04e0bc6ce855,k- l,
10,prot-1951--ak--10,cdca04e0bc6ce855,o- p,
11,prot-1951--ak--10,cdca04e0bc6ce855,d- h,
12,prot-1951--ak--10,cdca04e0bc6ce855,e- f,
13,prot-1951--ak--10,cdca04e0bc6ce855,l- l,
14,prot-1951--ak--10,cdca04e0bc6ce855,e- s,
15,prot-1951--ak--10,cdca04e0bc6ce855,l- l,
16,prot-1951--ak--10,cdca04e0bc6ce855,s- m,
17,prot-1951--ak--10,cdca04e0bc6ce855,e- l,
18,prot-1951--ak--10,cdca04e0bc6ce855,t- n,
19,prot-1951--ak--10,cdca04e0bc6ce855,s- s,
20,prot-1951--ak--10,cdca04e0bc6ce855,a- g,
21,prot-1951--ak--10,cdca04e0bc6ce855,e- m,
22,prot-1951--ak--10,cdca04e0bc6ce855,i- d,
23,prot-1951--ak--10,cdca04e0bc6ce855,r- s,
24,prot-1951--ak--10,cdca04e0bc6ce855,s- v,
25,prot-1951--ak--10,cdca04e0bc6ce855,s- t,
26,prot-1951--ak--10,cdca04e0bc6ce855,o- n,
27,prot-1951--ak--10,cdca04e0bc6ce855,e- r,
28,prot-1951--ak--10,cdca04e0bc6ce855,y- s,
29,prot-1951--ak--10,cdca04e0bc6ce855,e- t,
0,prot-1951--ak--10,cdca04e0bc6ce855,i- k,
1,prot-1951--ak--10,cdca04e0bc6ce855,a- d,
2,prot-1951--ak--10,cdca04e0bc6ce855,r- k,
3,prot-1951--ak--10,cdca04e0bc6ce855,n- n,
4,prot-1951--ak--10,cdca04e0bc6ce855,t- s,
5,prot-1951--ak--10,cdca04e0bc6ce855,n- v,
6,prot-1951--ak--10,cdca04e0bc6ce855,k- t,
7,prot-1951--ak--10,cdca04e0bc6ce855,m- t,
8,prot-1951--ak--10,cdca04e0bc6ce855,e- r,
9,prot-1951--ak--10,cdca04e0bc6ce855,e- b,
10,prot-1951--ak--10,cdca04e0bc6ce855,e- r,
11,prot-1951--ak--10,cdca04e0bc6ce855,f- t,
12,prot-1951--ak--10,cdca04e0bc6ce855,a- d,
13,prot-1951--ak--10,cdca04e0bc6ce855,e- d,
14,prot-1951--ak--10,cdca04e0bc6ce855,t- g,
15,prot-1951--ak--10,cdca04e0bc6ce855,n- l,
16,prot-1951--ak--10,cdca04e0bc6ce855,e- t,
17,prot-1951--ak--10,cdca04e0bc6ce855,n- g,
18,prot-1951--ak--10,cdca04e0bc6ce855,å- s,
19,prot-1951--ak--10,cdca04e0bc6ce855,k- s,
20,prot-1951--ak--10,cdca04e0bc6ce855,r- k,
21,prot-1951--ak--10,cdca04e0bc6ce855,d- l,
22,prot-1951--ak--10,cdca04e0bc6ce855,n- k,
23,prot-1951--ak--10,cdca04e0bc6ce855,k- s,
24,prot-1951--ak--10,cdca04e0bc6ce855,i- g,
25,prot-1951--ak--10,cdca04e0bc6ce855,s- k,
26,prot-1951--ak--10,cdca04e0bc6ce855,u- v,
27,prot-1951--ak--10,cdca04e0bc6ce855,o- m,
28,prot-1951--ak--10,cdca04e0bc6ce855,t- n,
29,prot-1951--ak--10,cdca04e0bc6ce855,t- s,
30,prot-1951--ak--10,cdca04e0bc6ce855,r- b,
31,prot-1951--ak--10,cdca04e0bc6ce855,s- t,
0,prot-1951--ak--10,cdca04e0bc6ce855,n- j,
1,prot-1951--ak--10,cdca04e0bc6ce855,s- k,
2,prot-1951--ak--10,cdca04e0bc6ce855,o- n,
3,prot-1951--ak--10,cdca04e0bc6ce855,e- r,
4,prot-1951--ak--10,cdca04e0bc6ce855,e- m,
5,prot-1951--ak--10,cdca04e0bc6ce855,r- s,
6,prot-1951--ak--10,cdca04e0bc6ce855,g- n,
7,prot-1951--ak--10,cdca04e0bc6ce855,o- n,
8,prot-1951--ak--10,cdca04e0bc6ce855,n- k,
9,prot-1951--ak--10,cdca04e0bc6ce855,t- t,
10,prot-1951--ak--10,cdca04e0bc6ce855,n- v,
11,prot-1951--ak--10,cdca04e0bc6ce855,m- m,
12,prot-1951--ak--10,cdca04e0bc6ce855,s- s,
13,prot-1951--ak--10,cdca04e0bc6ce855,o- l,
14,prot-1951--ak--10,cdca04e0bc6ce855,n- s,
15,prot-1951--ak--10,cdca04e0bc6ce855,s- s,
16,prot-1951--ak--10,cdca04e0bc6ce855,y- i,
17,prot-1951--ak--10,cdca04e0bc6ce855,u- t,
18,prot-1951--ak--10,cdca04e0bc6ce855,å- d,
19,prot-1951--ak--10,cdca04e0bc6ce855,e- r,
20,prot-1951--ak--10,cdca04e0bc6ce855,k- l,
21,prot-1951--ak--10,cdca04e0bc6ce855,n- v,
22,prot-1951--ak--10,cdca04e0bc6ce855,l- l,
23,prot-1951--ak--10,cdca04e0bc6ce855,e- r,
24,prot-1951--ak--10,cdca04e0bc6ce855,n- t,
25,prot-1951--ak--10,cdca04e0bc6ce855,k- n,
26,prot-1951--ak--10,cdca04e0bc6ce855,e- n,
27,prot-1951--ak--10,cdca04e0bc6ce855,n- v,
28,prot-1951--ak--10,cdca04e0bc6ce855,s- t,
0,prot-1951--ak--10,cdca04e0bc6ce855,e- d,
1,prot-1951--ak--10,cdca04e0bc6ce855,r- d,
2,prot-1951--ak--10,cdca04e0bc6ce855,o- n,
3,prot-1951--ak--10,cdca04e0bc6ce855,t- t,
4,prot-1951--ak--10,cdca04e0bc6ce855,s- t,
5,prot-1951--ak--10,cdca04e0bc6ce855,r- n,
6,prot-1951--ak--10,cdca04e0bc6ce855,l- s,
7,prot-1951--ak--10,cdca04e0bc6ce855,i- v,
8,prot-1951--ak--10,cdca04e0bc6ce855,n- v,
9,prot-1951--ak--10,cdca04e0bc6ce855,v- s,
10,prot-1951--ak--10,cdca04e0bc6ce855,n- p,
11,prot-1951--ak--10,cdca04e0bc6ce855,n- d,
12,prot-1951--ak--10,cdca04e0bc6ce855,n- t,
13,prot-1951--ak--10,cdca04e0bc6ce855,t- n,
14,prot-1951--ak--10,cdca04e0bc6ce855,n- s,
15,prot-1951--ak--10,cdca04e0bc6ce855,n- v,
16,prot-1951--ak--10,cdca04e0bc6ce855,k- t,
17,prot-1951--ak--10,cdca04e0bc6ce855,n- v,
18,prot-1951--ak--10,cdca04e0bc6ce855,n- d,
19,prot-1951--ak--10,cdca04e0bc6ce855,n- t,
20,prot-1951--ak--10,cdca04e0bc6ce855,i- g,
21,prot-1951--ak--10,cdca04e0bc6ce855,å- r,
0,prot-1951--ak--10,7b16a01c980ae2ac,"s
s",
1,prot-1951--ak--10,cdca04e0bc6ce855,n- s,
2,prot-1951--ak--10,cdca04e0bc6ce855,t- s,
3,prot-1951--ak--10,cdca04e0bc6ce855,t- l,
4,prot-1951--ak--10,cdca04e0bc6ce855,r- ö,
5,prot-1951--ak--10,cdca04e0bc6ce855,m- m,
6,prot-1951--ak--10,cdca04e0bc6ce855,n- d,
7,prot-1951--ak--10,cdca04e0bc6ce855,o- n,
8,prot-1951--ak--10,cdca04e0bc6ce855,r- b,
9,prot-1951--ak--10,cdca04e0bc6ce855,t- l,
10,prot-1951--ak--10,cdca04e0bc6ce855,r- d,
11,prot-1951--ak--10,cdca04e0bc6ce855,s- m,
12,prot-1951--ak--10,cdca04e0bc6ce855,l- s,
13,prot-1951--ak--10,cdca04e0bc6ce855,s- e,
14,prot-1951--ak--10,cdca04e0bc6ce855,t- n,
15,prot-1951--ak--10,cdca04e0bc6ce855,n- n,
16,prot-1951--ak--10,cdca04e0bc6ce855,e- s,
17,prot-1951--ak--10,cdca04e0bc6ce855,a- g,
18,prot-1951--ak--10,cdca04e0bc6ce855,t- g,
19,prot-1951--ak--10,cdca04e0bc6ce855,r- b,
20,prot-1951--ak--10,cdca04e0bc6ce855,n- v,
21,prot-1951--ak--10,cdca04e0bc6ce855,t- g,
22,prot-1951--ak--10,cdca04e0bc6ce855,e- h,
23,prot-1951--ak--10,cdca04e0bc6ce855,n- n,
24,prot-1951--ak--10,cdca04e0bc6ce855,n- l,
25,prot-1951--ak--10,cdca04e0bc6ce855,r- l,
26,prot-1951--ak--10,cdca04e0bc6ce855,s- s,
27,prot-1951--ak--10,cdca04e0bc6ce855,r- k,
28,prot-1951--ak--10,cdca04e0bc6ce855,s- m,
29,prot-1951--ak--10,cdca04e0bc6ce855,l- n,
30,prot-1951--ak--10,cdca04e0bc6ce855,l- n,
31,prot-1951--ak--10,cdca04e0bc6ce855,e- t,
32,prot-1951--ak--10,cdca04e0bc6ce855,e- d,
33,prot-1951--ak--10,cdca04e0bc6ce855,e- c,
0,prot-1951--ak--10,7b16a01c980ae2ac,"l
ä",
1,prot-1951--ak--10,cdca04e0bc6ce855,n- s,
2,prot-1951--ak--10,cdca04e0bc6ce855,n- v,
3,prot-1951--ak--10,cdca04e0bc6ce855,n- v,
4,prot-1951--ak--10,cdca04e0bc6ce855,n- f,
5,prot-1951--ak--10,cdca04e0bc6ce855,a- k,
6,prot-1951--ak--10,cdca04e0bc6ce855,v- n,
7,prot-1951--ak--10,cdca04e0bc6ce855,e- v,
8,prot-1951--ak--10,cdca04e0bc6ce855,n- m,
9,prot-1951--ak--10,cdca04e0bc6ce855,å- g,
10,prot-1951--ak--10,cdca04e0bc6ce855,l- f,
11,prot-1951--ak--10,cdca04e0bc6ce855,e- s,
12,prot-1951--ak--10,cdca04e0bc6ce855,t- v,
13,prot-1951--ak--10,cdca04e0bc6ce855,d- f,
14,prot-1951--ak--10,cdca04e0bc6ce855,e- t,
15,prot-1951--ak--10,cdca04e0bc6ce855,e- t,
16,prot-1951--ak--10,cdca04e0bc6ce855,r- s,
17,prot-1951--ak--10,cdca04e0bc6ce855,r- v,
18,prot-1951--ak--10,cdca04e0bc6ce855,s- s,
19,prot-1951--ak--10,cdca04e0bc6ce855,k- t,
20,prot-1951--ak--10,cdca04e0bc6ce855,e- l,
21,prot-1951--ak--10,cdca04e0bc6ce855,e- v,
22,prot-1951--ak--10,cdca04e0bc6ce855,d- l,
23,prot-1951--ak--10,cdca04e0bc6ce855,a- l,
24,prot-1951--ak--10,cdca04e0bc6ce855,o- a,
0,prot-1951--ak--10,cdca04e0bc6ce855,s- s,
1,prot-1951--ak--10,cdca04e0bc6ce855,a- r,
2,prot-1951--ak--10,cdca04e0bc6ce855,å- d,
3,prot-1951--ak--10,cdca04e0bc6ce855,s- s,
4,prot-1951--ak--10,cdca04e0bc6ce855,e- r,
5,prot-1951--ak--10,cdca04e0bc6ce855,e- t,
6,prot-1951--ak--10,cdca04e0bc6ce855,t- g,
7,prot-1951--ak--10,cdca04e0bc6ce855,n- s,
8,prot-1951--ak--10,cdca04e0bc6ce855,s- n,
9,prot-1951--ak--10,cdca04e0bc6ce855,n- d,
10,prot-1951--ak--10,cdca04e0bc6ce855,i- d,
11,prot-1951--ak--10,cdca04e0bc6ce855,t- g,
12,prot-1951--ak--10,cdca04e0bc6ce855,n- v,
13,prot-1951--ak--10,cdca04e0bc6ce855,e- u,
14,prot-1951--ak--10,cdca04e0bc6ce855,k- t,
15,prot-1951--ak--10,cdca04e0bc6ce855,s- s,
16,prot-1951--ak--10,cdca04e0bc6ce855,m- m,
17,prot-1951--ak--10,cdca04e0bc6ce855,e- t,
18,prot-1951--ak--10,cdca04e0bc6ce855,n- v,
19,prot-1951--ak--10,cdca04e0bc6ce855,m- m,
20,prot-1951--ak--10,cdca04e0bc6ce855,n- m,
21,prot-1951--ak--10,cdca04e0bc6ce855,n- v,
22,prot-1951--ak--10,cdca04e0bc6ce855,a- g,
23,prot-1951--ak--10,cdca04e0bc6ce855,i- n,
24,prot-1951--ak--10,cdca04e0bc6ce855,r- m,
25,prot-1951--ak--10,cdca04e0bc6ce855,t- f,
26,prot-1951--ak--10,cdca04e0bc6ce855,e- l,
27,prot-1951--ak--10,cdca04e0bc6ce855,r- s,
28,prot-1951--ak--10,cdca04e0bc6ce855,r- s,
29,prot-1951--ak--10,cdca04e0bc6ce855,n- n,
0,prot-1951--ak--10,cdca04e0bc6ce855,r- n,
1,prot-1951--ak--10,cdca04e0bc6ce855,ö- r,
2,prot-1951--ak--10,cdca04e0bc6ce855,e- r,
3,prot-1951--ak--10,cdca04e0bc6ce855,o- a,
4,prot-1951--ak--10,cdca04e0bc6ce855,r- s,
5,prot-1951--ak--10,cdca04e0bc6ce855,r- h,
6,prot-1951--ak--10,cdca04e0bc6ce855,o- a,
7,prot-1951--ak--10,cdca04e0bc6ce855,r- t,
8,prot-1951--ak--10,cdca04e0bc6ce855,r- g,
9,prot-1951--ak--10,cdca04e0bc6ce855,l- l,
10,prot-1951--ak--10,cdca04e0bc6ce855,j- l,
11,prot-1951--ak--10,cdca04e0bc6ce855,r- k,
12,prot-1951--ak--10,cdca04e0bc6ce855,n- n,
13,prot-1951--ak--10,cdca04e0bc6ce855,e- l,
14,prot-1951--ak--10,cdca04e0bc6ce855,n- n,
15,prot-1951--ak--10,cdca04e0bc6ce855,a- r,
16,prot-1951--ak--10,cdca04e0bc6ce855,n- p,
17,prot-1951--ak--10,cdca04e0bc6ce855,e- l,
18,prot-1951--ak--10,cdca04e0bc6ce855,l- l,
19,prot-1951--ak--10,cdca04e0bc6ce855,e- l,
20,prot-1951--ak--10,cdca04e0bc6ce855,l- l,
21,prot-1951--ak--10,cdca04e0bc6ce855,i- n,
22,prot-1951--ak--10,cdca04e0bc6ce855,e- m,
23,prot-1951--ak--10,cdca04e0bc6ce855,s- b,
24,prot-1951--ak--10,cdca04e0bc6ce855,r- s,
25,prot-1951--ak--10,cdca04e0bc6ce855,a- t,
26,prot-1951--ak--10,cdca04e0bc6ce855,s- s,
27,prot-1951--ak--10,cdca04e0bc6ce855,r- s,
28,prot-1951--ak--10,cdca04e0bc6ce855,r- k,
0,prot-1951--ak--10,cdca04e0bc6ce855,a- k,
1,prot-1951--ak--10,cdca04e0bc6ce855,l- t,
2,prot-1951--ak--10,cdca04e0bc6ce855,t- n,
3,prot-1951--ak--10,cdca04e0bc6ce855,r- m,
4,prot-1951--ak--10,cdca04e0bc6ce855,l- ä,
5,prot-1951--ak--10,cdca04e0bc6ce855,s- s,
6,prot-1951--ak--10,cdca04e0bc6ce855,s- s,
7,prot-1951--ak--10,cdca04e0bc6ce855,o- p,
8,prot-1951--ak--10,cdca04e0bc6ce855,r- k,
9,prot-1951--ak--10,cdca04e0bc6ce855,s- t,
10,prot-1951--ak--10,cdca04e0bc6ce855,e- r,
11,prot-1951--ak--10,cdca04e0bc6ce855,s- g,
12,prot-1951--ak--10,cdca04e0bc6ce855,e- s,
13,prot-1951--ak--10,cdca04e0bc6ce855,s- r,
14,prot-1951--ak--10,cdca04e0bc6ce855,r- s,
15,prot-1951--ak--10,cdca04e0bc6ce855,n- v,
16,prot-1951--ak--10,cdca04e0bc6ce855,å- g,
17,prot-1951--ak--10,cdca04e0bc6ce855,r- l,
18,prot-1951--ak--10,cdca04e0bc6ce855,i- t,
19,prot-1951--ak--10,cdca04e0bc6ce855,l- m,
20,prot-1951--ak--10,cdca04e0bc6ce855,a- n,
21,prot-1951--ak--10,cdca04e0bc6ce855,b- b,
22,prot-1951--ak--10,cdca04e0bc6ce855,e- t,
23,prot-1951--ak--10,cdca04e0bc6ce855,o- r,
24,prot-1951--ak--10,cdca04e0bc6ce855,s- s,
25,prot-1951--ak--10,cdca04e0bc6ce855,v- n,
26,prot-1951--ak--10,cdca04e0bc6ce855,ä- r,
27,prot-1951--ak--10,cdca04e0bc6ce855,l- f,
28,prot-1951--ak--10,cdca04e0bc6ce855,l- n,
29,prot-1951--ak--10,cdca04e0bc6ce855,e- k,
0,prot-1951--ak--10,cdca04e0bc6ce855,y- n,
1,prot-1951--ak--10,cdca04e0bc6ce855,t- s,
2,prot-1951--ak--10,cdca04e0bc6ce855,e- k,
3,prot-1951--ak--10,cdca04e0bc6ce855,r- l,
4,prot-1951--ak--10,cdca04e0bc6ce855,i- f,
5,prot-1951--ak--10,cdca04e0bc6ce855,p- t,
6,prot-1951--ak--10,cdca04e0bc6ce855,a- l,
7,prot-1951--ak--10,cdca04e0bc6ce855,t- s,
8,prot-1951--ak--10,cdca04e0bc6ce855,u- v,
9,prot-1951--ak--10,cdca04e0bc6ce855,a- d,
10,prot-1951--ak--10,cdca04e0bc6ce855,d- t,
11,prot-1951--ak--10,cdca04e0bc6ce855,l- m,
12,prot-1951--ak--10,cdca04e0bc6ce855,s- m,
13,prot-1951--ak--10,cdca04e0bc6ce855,a- l,
14,prot-1951--ak--10,cdca04e0bc6ce855,e- d,
15,prot-1951--ak--10,cdca04e0bc6ce855,e- s,
16,prot-1951--ak--10,cdca04e0bc6ce855,e- n,
17,prot-1951--ak--10,cdca04e0bc6ce855,r- d,
18,prot-1951--ak--10,cdca04e0bc6ce855,r- d,
19,prot-1951--ak--10,cdca04e0bc6ce855,e- s,
20,prot-1951--ak--10,cdca04e0bc6ce855,i- v,
21,prot-1951--ak--10,cdca04e0bc6ce855,a- t,
22,prot-1951--ak--10,cdca04e0bc6ce855,t- l,
23,prot-1951--ak--10,cdca04e0bc6ce855,d- r,
24,prot-1951--ak--10,cdca04e0bc6ce855,e- t,
25,prot-1951--ak--10,cdca04e0bc6ce855,k- n,
0,prot-1951--ak--10,cdca04e0bc6ce855,s- p,
1,prot-1951--ak--10,cdca04e0bc6ce855,i- v,
2,prot-1951--ak--10,cdca04e0bc6ce855,l- k,
3,prot-1951--ak--10,cdca04e0bc6ce855,t- s,
4,prot-1951--ak--10,cdca04e0bc6ce855,n- d,
5,prot-1951--ak--10,cdca04e0bc6ce855,r- i,
6,prot-1951--ak--10,cdca04e0bc6ce855,d- b,
7,prot-1951--ak--10,cdca04e0bc6ce855,m- s,
8,prot-1951--ak--10,cdca04e0bc6ce855,r- o,
9,prot-1951--ak--10,cdca04e0bc6ce855,d- n,
10,prot-1951--ak--10,cdca04e0bc6ce855,e- t,
11,prot-1951--ak--10,cdca04e0bc6ce855,r- v,
12,prot-1951--ak--10,cdca04e0bc6ce855,l- j,
13,prot-1951--ak--10,cdca04e0bc6ce855,t- s,
14,prot-1951--ak--10,cdca04e0bc6ce855,g- m,
15,prot-1951--ak--10,cdca04e0bc6ce855,n- v,
16,prot-1951--ak--10,cdca04e0bc6ce855,o- n,
17,prot-1951--ak--10,cdca04e0bc6ce855,o- s,
18,prot-1951--ak--10,cdca04e0bc6ce855,s- n,
19,prot-1951--ak--10,cdca04e0bc6ce855,a- m,
20,prot-1951--ak--10,cdca04e0bc6ce855,t- t,
21,prot-1951--ak--10,cdca04e0bc6ce855,d- n,
22,prot-1951--ak--10,cdca04e0bc6ce855,o- p,
23,prot-1951--ak--10,cdca04e0bc6ce855,i- f,
24,prot-1951--ak--10,cdca04e0bc6ce855,e- s,
25,prot-1951--ak--10,cdca04e0bc6ce855,o- n,
26,prot-1951--ak--10,cdca04e0bc6ce855,l- l,
27,prot-1951--ak--10,cdca04e0bc6ce855,i- t,
0,prot-1951--ak--10,7b16a01c980ae2ac,"t
d",
1,prot-1951--ak--10,7b16a01c980ae2ac,"h
n",
2,prot-1951--ak--10,7b16a01c980ae2ac,"n
d",
3,prot-1951--ak--10,cdca04e0bc6ce855,t- s,
4,prot-1951--ak--10,cdca04e0bc6ce855,g- g,
5,prot-1951--ak--10,cdca04e0bc6ce855,n- v,
6,prot-1951--ak--10,cdca04e0bc6ce855,o- n,
7,prot-1951--ak--10,cdca04e0bc6ce855,o- t,
8,prot-1951--ak--10,cdca04e0bc6ce855,a- g,
9,prot-1951--ak--10,cdca04e0bc6ce855,a- r,
10,prot-1951--ak--10,cdca04e0bc6ce855,o- p,
11,prot-1951--ak--10,cdca04e0bc6ce855,e- g,
12,prot-1951--ak--10,cdca04e0bc6ce855,r- j,
13,prot-1951--ak--10,cdca04e0bc6ce855,r- k,
14,prot-1951--ak--10,cdca04e0bc6ce855,t- t,
15,prot-1951--ak--10,cdca04e0bc6ce855,i- f,
16,prot-1951--ak--10,cdca04e0bc6ce855,o- t,
17,prot-1951--ak--10,cdca04e0bc6ce855,l- n,
18,prot-1951--ak--10,cdca04e0bc6ce855,f- t,
19,prot-1951--ak--10,cdca04e0bc6ce855,k- s,
20,prot-1951--ak--10,cdca04e0bc6ce855,k- n,
21,prot-1951--ak--10,cdca04e0bc6ce855,n- k,
22,prot-1951--ak--10,cdca04e0bc6ce855,o- t,
23,prot-1951--ak--10,cdca04e0bc6ce855,k- n,
24,prot-1951--ak--10,cdca04e0bc6ce855,e- v,
25,prot-1951--ak--10,cdca04e0bc6ce855,n- d,
26,prot-1951--ak--10,cdca04e0bc6ce855,r- s,
27,prot-1951--ak--10,cdca04e0bc6ce855,e- s,
28,prot-1951--ak--10,cdca04e0bc6ce855,g- s,
29,prot-1951--ak--10,cdca04e0bc6ce855,n- d,
30,prot-1951--ak--10,cdca04e0bc6ce855,k- n,
31,prot-1951--ak--10,cdca04e0bc6ce855,å- g,
32,prot-1951--ak--10,cdca04e0bc6ce855,e- k,
33,prot-1951--ak--10,cdca04e0bc6ce855,f- t,
34,prot-1951--ak--10,cdca04e0bc6ce855,t- t,
0,prot-1951--ak--10,cdca04e0bc6ce855,e- g,
1,prot-1951--ak--10,cdca04e0bc6ce855,å- g,
2,prot-1951--ak--10,cdca04e0bc6ce855,d- l,
3,prot-1951--ak--10,cdca04e0bc6ce855,r- h,
4,prot-1951--ak--10,cdca04e0bc6ce855,s- f,
5,prot-1951--ak--10,cdca04e0bc6ce855,r- s,
6,prot-1951--ak--10,cdca04e0bc6ce855,e- t,
7,prot-1951--ak--10,cdca04e0bc6ce855,e- k,
8,prot-1951--ak--10,cdca04e0bc6ce855,l- h,
9,prot-1951--ak--10,cdca04e0bc6ce855,l- l,
10,prot-1951--ak--10,cdca04e0bc6ce855,k- t,
11,prot-1951--ak--10,cdca04e0bc6ce855,a- g,
12,prot-1951--ak--10,cdca04e0bc6ce855,i- g,
13,prot-1951--ak--10,cdca04e0bc6ce855,o- t,
14,prot-1951--ak--10,cdca04e0bc6ce855,r- h,
15,prot-1951--ak--10,cdca04e0bc6ce855,m- m,
16,prot-1951--ak--10,cdca04e0bc6ce855,s- k,
17,prot-1951--ak--10,cdca04e0bc6ce855,l- m,
18,prot-1951--ak--10,cdca04e0bc6ce855,n- d,
19,prot-1951--ak--10,cdca04e0bc6ce855,n- n,
20,prot-1951--ak--10,cdca04e0bc6ce855,r- t,
21,prot-1951--ak--10,cdca04e0bc6ce855,i- g,
22,prot-1951--ak--10,cdca04e0bc6ce855,e- s,
23,prot-1951--ak--10,cdca04e0bc6ce855,n- h,
0,prot-1951--ak--10,7b16a01c980ae2ac,"i
å",
1,prot-1951--ak--10,cdca04e0bc6ce855,m- t,
2,prot-1951--ak--10,cdca04e0bc6ce855,k- t,
3,prot-1951--ak--10,cdca04e0bc6ce855,t- n,
4,prot-1951--ak--10,cdca04e0bc6ce855,a- r,
5,prot-1951--ak--10,cdca04e0bc6ce855,a- r,
6,prot-1951--ak--10,cdca04e0bc6ce855,n- d,
7,prot-1951--ak--10,cdca04e0bc6ce855,x- p,
8,prot-1951--ak--10,cdca04e0bc6ce855,n- s,
9,prot-1951--ak--10,cdca04e0bc6ce855,n- p,
10,prot-1951--ak--10,cdca04e0bc6ce855,a- r,
11,prot-1951--ak--10,cdca04e0bc6ce855,a- g,
12,prot-1951--ak--10,cdca04e0bc6ce855,s- d,
13,prot-1951--ak--10,cdca04e0bc6ce855,s- o,
14,prot-1951--ak--10,cdca04e0bc6ce855,ä- r,
15,prot-1951--ak--10,cdca04e0bc6ce855,r- s,
16,prot-1951--ak--10,cdca04e0bc6ce855,o- h,
17,prot-1951--ak--10,cdca04e0bc6ce855,t- s,
18,prot-1951--ak--10,cdca04e0bc6ce855,a- g,
19,prot-1951--ak--10,cdca04e0bc6ce855,s- o,
20,prot-1951--ak--10,cdca04e0bc6ce855,r- f,
21,prot-1951--ak--10,cdca04e0bc6ce855,d- n,
0,prot-1951--ak--10,7b16a01c980ae2ac,"t
g",
1,prot-1951--ak--10,7b16a01c980ae2ac,"n
b",
2,prot-1951--ak--10,7b16a01c980ae2ac,"l
t",
3,prot-1951--ak--10,cdca04e0bc6ce855,o- t,
4,prot-1951--ak--10,cdca04e0bc6ce855,r- k,
5,prot-1951--ak--10,cdca04e0bc6ce855,g- t,
6,prot-1951--ak--10,cdca04e0bc6ce855,t- t,
7,prot-1951--ak--10,cdca04e0bc6ce855,l- m,
8,prot-1951--ak--10,cdca04e0bc6ce855,s- u,
9,prot-1951--ak--10,cdca04e0bc6ce855,u- t,
10,prot-1951--ak--10,cdca04e0bc6ce855,o- d,
11,prot-1951--ak--10,cdca04e0bc6ce855,a- t,
12,prot-1951--ak--10,cdca04e0bc6ce855,n- s,
13,prot-1951--ak--10,cdca04e0bc6ce855,t- l,
14,prot-1951--ak--10,cdca04e0bc6ce855,n- s,
15,prot-1951--ak--10,cdca04e0bc6ce855,a- t,
16,prot-1951--ak--10,cdca04e0bc6ce855,i- d,
17,prot-1951--ak--10,cdca04e0bc6ce855,ä- g,
18,prot-1951--ak--10,cdca04e0bc6ce855,n- h,
19,prot-1951--ak--10,cdca04e0bc6ce855,l- n,
20,prot-1951--ak--10,cdca04e0bc6ce855,n- v,
21,prot-1951--ak--10,cdca04e0bc6ce855,g- l,
22,prot-1951--ak--10,cdca04e0bc6ce855,t- o,
23,prot-1951--ak--10,cdca04e0bc6ce855,l- v,
24,prot-1951--ak--10,cdca04e0bc6ce855,p- s,
25,prot-1951--ak--10,cdca04e0bc6ce855,k- n,
26,prot-1951--ak--10,cdca04e0bc6ce855,e- m,
27,prot-1951--ak--10,cdca04e0bc6ce855,t- s,
28,prot-1951--ak--10,cdca04e0bc6ce855,ä- k,
0,prot-1951--ak--10,cdca04e0bc6ce855,m- s,
1,prot-1951--ak--10,cdca04e0bc6ce855,i- t,
2,prot-1951--ak--10,cdca04e0bc6ce855,d- n,
3,prot-1951--ak--10,cdca04e0bc6ce855,d- r,
4,prot-1951--ak--10,cdca04e0bc6ce855,s- e,
5,prot-1951--ak--10,cdca04e0bc6ce855,t- d,
6,prot-1951--ak--10,cdca04e0bc6ce855,l- v,
7,prot-1951--ak--10,cdca04e0bc6ce855,l- d,
8,prot-1951--ak--10,cdca04e0bc6ce855,t- n,
9,prot-1951--ak--10,cdca04e0bc6ce855,n- n,
10,prot-1951--ak--10,cdca04e0bc6ce855,e- n,
11,prot-1951--ak--10,cdca04e0bc6ce855,l- v,
12,prot-1951--ak--10,cdca04e0bc6ce855,e- t,
13,prot-1951--ak--10,cdca04e0bc6ce855,l- l,
14,prot-1951--ak--10,cdca04e0bc6ce855,i- t,
15,prot-1951--ak--10,cdca04e0bc6ce855,o- h,
16,prot-1951--ak--10,cdca04e0bc6ce855,p- p,
17,prot-1951--ak--10,cdca04e0bc6ce855,o- t,
18,prot-1951--ak--10,cdca04e0bc6ce855,k- l,
19,prot-1951--ak--10,cdca04e0bc6ce855,j- n,
20,prot-1951--ak--10,cdca04e0bc6ce855,å- d,
21,prot-1951--ak--10,cdca04e0bc6ce855,k- n,
22,prot-1951--ak--10,cdca04e0bc6ce855,l- m,
23,prot-1951--ak--10,cdca04e0bc6ce855,v- s,
24,prot-1951--ak--10,cdca04e0bc6ce855,å- g,
0,prot-1951--ak--10,7b16a01c980ae2ac,"e
a",
1,prot-1951--ak--10,7b16a01c980ae2ac,"h
n",
2,prot-1951--ak--10,cdca04e0bc6ce855,s- d,
3,prot-1951--ak--10,cdca04e0bc6ce855,t- s,
4,prot-1951--ak--10,cdca04e0bc6ce855,o- b,
5,prot-1951--ak--10,cdca04e0bc6ce855,t- t,
6,prot-1951--ak--10,cdca04e0bc6ce855,r- t,
7,prot-1951--ak--10,cdca04e0bc6ce855,t- f,
8,prot-1951--ak--10,cdca04e0bc6ce855,l- v,
9,prot-1951--ak--10,cdca04e0bc6ce855,t- d,
10,prot-1951--ak--10,cdca04e0bc6ce855,m- r,
11,prot-1951--ak--10,cdca04e0bc6ce855,t- t,
12,prot-1951--ak--10,cdca04e0bc6ce855,m- m,
13,prot-1951--ak--10,cdca04e0bc6ce855,l- m,
14,prot-1951--ak--10,cdca04e0bc6ce855,å- g,
15,prot-1951--ak--10,cdca04e0bc6ce855,k- t,
16,prot-1951--ak--10,cdca04e0bc6ce855,k- s,
17,prot-1951--ak--10,cdca04e0bc6ce855,r- h,
18,prot-1951--ak--10,cdca04e0bc6ce855,g- n,
19,prot-1951--ak--10,cdca04e0bc6ce855,r- f,
20,prot-1951--ak--10,cdca04e0bc6ce855,g- u,
21,prot-1951--ak--10,cdca04e0bc6ce855,l- f,
22,prot-1951--ak--10,cdca04e0bc6ce855,t- t,
23,prot-1951--ak--10,cdca04e0bc6ce855,r- f,
24,prot-1951--ak--10,cdca04e0bc6ce855,å- t,
25,prot-1951--ak--10,cdca04e0bc6ce855,o- t,
26,prot-1951--ak--10,cdca04e0bc6ce855,o- r,
27,prot-1951--ak--10,cdca04e0bc6ce855,a- k,
28,prot-1951--ak--10,cdca04e0bc6ce855,e- n,
0,prot-1951--ak--10,cdca04e0bc6ce855,m- s,
1,prot-1951--ak--10,cdca04e0bc6ce855,å- g,
2,prot-1951--ak--10,cdca04e0bc6ce855,ö- r,
3,prot-1951--ak--10,cdca04e0bc6ce855,r- m,
4,prot-1951--ak--10,cdca04e0bc6ce855,e- n,
5,prot-1951--ak--10,cdca04e0bc6ce855,e- h,
6,prot-1951--ak--10,cdca04e0bc6ce855,m- l,
7,prot-1951--ak--10,cdca04e0bc6ce855,d- f,
8,prot-1951--ak--10,cdca04e0bc6ce855,e- k,
9,prot-1951--ak--10,cdca04e0bc6ce855,a- t,
10,prot-1951--ak--10,cdca04e0bc6ce855,o- f,
11,prot-1951--ak--10,cdca04e0bc6ce855,t- n,
12,prot-1951--ak--10,cdca04e0bc6ce855,r- s,
13,prot-1951--ak--10,cdca04e0bc6ce855,g- h,
14,prot-1951--ak--10,cdca04e0bc6ce855,l- l,
15,prot-1951--ak--10,cdca04e0bc6ce855,a- t,
16,prot-1951--ak--10,cdca04e0bc6ce855,a- d,
17,prot-1951--ak--10,cdca04e0bc6ce855,m- k,
18,prot-1951--ak--10,cdca04e0bc6ce855,t- r,
19,prot-1951--ak--10,cdca04e0bc6ce855,r- s,
20,prot-1951--ak--10,cdca04e0bc6ce855,t- g,
21,prot-1951--ak--10,cdca04e0bc6ce855,t- s,
22,prot-1951--ak--10,cdca04e0bc6ce855,o- t,
23,prot-1951--ak--10,cdca04e0bc6ce855,o- m,
24,prot-1951--ak--10,cdca04e0bc6ce855,n- n,
25,prot-1951--ak--10,cdca04e0bc6ce855,o- t,
26,prot-1951--ak--10,cdca04e0bc6ce855,m- s,
27,prot-1951--ak--10,cdca04e0bc6ce855,r- b,
28,prot-1951--ak--10,cdca04e0bc6ce855,n- d,
0,prot-1951--ak--10,7b16a01c980ae2ac,"g
h",
1,prot-1951--ak--10,cdca04e0bc6ce855,d- n,
2,prot-1951--ak--10,cdca04e0bc6ce855,l- k,
3,prot-1951--ak--10,cdca04e0bc6ce855,s- d,
4,prot-1951--ak--10,cdca04e0bc6ce855,d- r,
5,prot-1951--ak--10,cdca04e0bc6ce855,a- r,
6,prot-1951--ak--10,cdca04e0bc6ce855,n- p,
7,prot-1951--ak--10,cdca04e0bc6ce855,l- l,
8,prot-1951--ak--10,cdca04e0bc6ce855,t- g,
9,prot-1951--ak--10,cdca04e0bc6ce855,l- n,
10,prot-1951--ak--10,cdca04e0bc6ce855,n- t,
11,prot-1951--ak--10,cdca04e0bc6ce855,v- v,
12,prot-1951--ak--10,cdca04e0bc6ce855,m- m,
13,prot-1951--ak--10,cdca04e0bc6ce855,a- l,
14,prot-1951--ak--10,cdca04e0bc6ce855,a- r,
15,prot-1951--ak--10,cdca04e0bc6ce855,n- p,
16,prot-1951--ak--10,cdca04e0bc6ce855,m- b,
17,prot-1951--ak--10,cdca04e0bc6ce855,t- t,
18,prot-1951--ak--10,cdca04e0bc6ce855,m- m,
19,prot-1951--ak--10,cdca04e0bc6ce855,g- d,
20,prot-1951--ak--10,cdca04e0bc6ce855,å- d,
21,prot-1951--ak--10,cdca04e0bc6ce855,å- g,
22,prot-1951--ak--10,cdca04e0bc6ce855,n- n,
23,prot-1951--ak--10,cdca04e0bc6ce855,i- v,
24,prot-1951--ak--10,cdca04e0bc6ce855,s- h,
25,prot-1951--ak--10,cdca04e0bc6ce855,a- t,
26,prot-1951--ak--10,cdca04e0bc6ce855,l- s,
27,prot-1951--ak--10,cdca04e0bc6ce855,l- l,
28,prot-1951--ak--10,cdca04e0bc6ce855,g- d,
29,prot-1951--ak--10,cdca04e0bc6ce855,g- l,
30,prot-1951--ak--10,cdca04e0bc6ce855,m- m,
31,prot-1951--ak--10,cdca04e0bc6ce855,a- l,
32,prot-1951--ak--10,cdca04e0bc6ce855,n- d,
33,prot-1951--ak--10,cdca04e0bc6ce855,s- k,
34,prot-1951--ak--10,cdca04e0bc6ce855,e- s,
35,prot-1951--ak--10,cdca04e0bc6ce855,l- l,
36,prot-1951--ak--10,cdca04e0bc6ce855,l- m,
0,prot-1951--ak--10,7b16a01c980ae2ac,"n
a",
1,prot-1951--ak--10,cdca04e0bc6ce855,k- o,
2,prot-1951--ak--10,cdca04e0bc6ce855,t- t,
3,prot-1951--ak--10,cdca04e0bc6ce855,k- o,
4,prot-1951--ak--10,cdca04e0bc6ce855,n- d,
5,prot-1951--ak--10,cdca04e0bc6ce855,k- o,
6,prot-1951--ak--10,cdca04e0bc6ce855,s- f,
7,prot-1951--ak--10,cdca04e0bc6ce855,l- k,
8,prot-1951--ak--10,cdca04e0bc6ce855,s- d,
9,prot-1951--ak--10,cdca04e0bc6ce855,m- m,
10,prot-1951--ak--10,cdca04e0bc6ce855,k- o,
11,prot-1951--ak--10,cdca04e0bc6ce855,o- t,
12,prot-1951--ak--10,cdca04e0bc6ce855,å- g,
13,prot-1951--ak--10,cdca04e0bc6ce855,r- v,
14,prot-1951--ak--10,cdca04e0bc6ce855,m- s,
15,prot-1951--ak--10,cdca04e0bc6ce855,n- l,
16,prot-1951--ak--10,cdca04e0bc6ce855,å- g,
17,prot-1951--ak--10,cdca04e0bc6ce855,k- r,
18,prot-1951--ak--10,cdca04e0bc6ce855,n- s,
19,prot-1951--ak--10,cdca04e0bc6ce855,d- n,
20,prot-1951--ak--10,cdca04e0bc6ce855,k- t,
21,prot-1951--ak--10,cdca04e0bc6ce855,n- d,
22,prot-1951--ak--10,cdca04e0bc6ce855,o- n,
23,prot-1951--ak--10,cdca04e0bc6ce855,l- l,
24,prot-1951--ak--10,cdca04e0bc6ce855,a- g,
25,prot-1951--ak--10,cdca04e0bc6ce855,s- v,
26,prot-1951--ak--10,cdca04e0bc6ce855,e- g,
27,prot-1951--ak--10,cdca04e0bc6ce855,m- o,
28,prot-1951--ak--10,cdca04e0bc6ce855,k- o,
29,prot-1951--ak--10,cdca04e0bc6ce855,s- f,
30,prot-1951--ak--10,cdca04e0bc6ce855,d- n,
31,prot-1951--ak--10,cdca04e0bc6ce855,g- h,
32,prot-1951--ak--10,cdca04e0bc6ce855,k- s,
33,prot-1951--ak--10,cdca04e0bc6ce855,g- g,
34,prot-1951--ak--10,cdca04e0bc6ce855,i- g,
35,prot-1951--ak--10,cdca04e0bc6ce855,a- d,
36,prot-1951--ak--10,cdca04e0bc6ce855,e- l,
37,prot-1951--ak--10,cdca04e0bc6ce855,n- d,
0,prot-1951--ak--10,7b16a01c980ae2ac,"h
n",
1,prot-1951--ak--10,7b16a01c980ae2ac,"n
p",
2,prot-1951--ak--10,cdca04e0bc6ce855,l- m,
3,prot-1951--ak--10,cdca04e0bc6ce855,t- t,
4,prot-1951--ak--10,cdca04e0bc6ce855,t- r,
5,prot-1951--ak--10,cdca04e0bc6ce855,s- f,
6,prot-1951--ak--10,cdca04e0bc6ce855,t- t,
7,prot-1951--ak--10,cdca04e0bc6ce855,r- g,
8,prot-1951--ak--10,cdca04e0bc6ce855,b- b,
9,prot-1951--ak--10,cdca04e0bc6ce855,s- t,
10,prot-1951--ak--10,cdca04e0bc6ce855,e- r,
11,prot-1951--ak--10,cdca04e0bc6ce855,n- n,
12,prot-1951--ak--10,cdca04e0bc6ce855,o- t,
13,prot-1951--ak--10,cdca04e0bc6ce855,i- v,
14,prot-1951--ak--10,cdca04e0bc6ce855,r- n,
15,prot-1951--ak--10,cdca04e0bc6ce855,i- v,
16,prot-1951--ak--10,cdca04e0bc6ce855,i- s,
17,prot-1951--ak--10,cdca04e0bc6ce855,k- v,
18,prot-1951--ak--10,cdca04e0bc6ce855,l- l,
19,prot-1951--ak--10,cdca04e0bc6ce855,s- g,
20,prot-1951--ak--10,cdca04e0bc6ce855,l- l,
21,prot-1951--ak--10,cdca04e0bc6ce855,r- b,
22,prot-1951--ak--10,cdca04e0bc6ce855,r- b,
23,prot-1951--ak--10,cdca04e0bc6ce855,a- n,
24,prot-1951--ak--10,cdca04e0bc6ce855,ä- k,
25,prot-1951--ak--10,cdca04e0bc6ce855,o- v,
26,prot-1951--ak--10,cdca04e0bc6ce855,r- e,
27,prot-1951--ak--10,cdca04e0bc6ce855,s- k,
28,prot-1951--ak--10,cdca04e0bc6ce855,r- s,
29,prot-1951--ak--10,cdca04e0bc6ce855,n- t,
30,prot-1951--ak--10,cdca04e0bc6ce855,n- n,
0,prot-1951--ak--10,7b16a01c980ae2ac,"s
y",
1,prot-1951--ak--10,cdca04e0bc6ce855,i- g,
2,prot-1951--ak--10,cdca04e0bc6ce855,e- l,
3,prot-1951--ak--10,cdca04e0bc6ce855,s- k,
4,prot-1951--ak--10,cdca04e0bc6ce855,n- h,
5,prot-1951--ak--10,cdca04e0bc6ce855,l- s,
6,prot-1951--ak--10,cdca04e0bc6ce855,l- s,
7,prot-1951--ak--10,cdca04e0bc6ce855,m- j,
8,prot-1951--ak--10,cdca04e0bc6ce855,s- u,
9,prot-1951--ak--10,cdca04e0bc6ce855,e- t,
10,prot-1951--ak--10,cdca04e0bc6ce855,k- t,
11,prot-1951--ak--10,cdca04e0bc6ce855,l- s,
12,prot-1951--ak--10,cdca04e0bc6ce855,r- s,
13,prot-1951--ak--10,cdca04e0bc6ce855,t- t,
14,prot-1951--ak--10,cdca04e0bc6ce855,n- f,
15,prot-1951--ak--10,cdca04e0bc6ce855,l- m,
16,prot-1951--ak--10,cdca04e0bc6ce855,t- k,
17,prot-1951--ak--10,cdca04e0bc6ce855,r- s,
18,prot-1951--ak--10,cdca04e0bc6ce855,n- n,
19,prot-1951--ak--10,cdca04e0bc6ce855,t- t,
20,prot-1951--ak--10,cdca04e0bc6ce855,i- g,
21,prot-1951--ak--10,cdca04e0bc6ce855,e- t,
22,prot-1951--ak--10,cdca04e0bc6ce855,l- n,
23,prot-1951--ak--10,cdca04e0bc6ce855,k- b,
24,prot-1951--ak--10,cdca04e0bc6ce855,l- k,
25,prot-1951--ak--10,cdca04e0bc6ce855,s- f,
26,prot-1951--ak--10,cdca04e0bc6ce855,t- t,
27,prot-1951--ak--10,cdca04e0bc6ce855,l- k,
0,prot-1951--ak--10,7b16a01c980ae2ac,"h
n",
1,prot-1951--ak--10,cdca04e0bc6ce855,e- k,
2,prot-1951--ak--10,cdca04e0bc6ce855,s- d,
3,prot-1951--ak--10,cdca04e0bc6ce855,n- v,
4,prot-1951--ak--10,cdca04e0bc6ce855,m- m,
5,prot-1951--ak--10,cdca04e0bc6ce855,n- d,
6,prot-1951--ak--10,cdca04e0bc6ce855,l- b,
7,prot-1951--ak--10,cdca04e0bc6ce855,j- l,
8,prot-1951--ak--10,cdca04e0bc6ce855,i- d,
9,prot-1951--ak--10,cdca04e0bc6ce855,i- k,
10,prot-1951--ak--10,cdca04e0bc6ce855,r- s,
11,prot-1951--ak--10,cdca04e0bc6ce855,å- d,
12,prot-1951--ak--10,cdca04e0bc6ce855,c- k,
13,prot-1951--ak--10,cdca04e0bc6ce855,d- b,
14,prot-1951--ak--10,cdca04e0bc6ce855,a- r,
15,prot-1951--ak--10,cdca04e0bc6ce855,n- d,
16,prot-1951--ak--10,cdca04e0bc6ce855,l- s,
17,prot-1951--ak--10,cdca04e0bc6ce855,r- b,
18,prot-1951--ak--10,cdca04e0bc6ce855,p- p,
19,prot-1951--ak--10,cdca04e0bc6ce855,t- t,
20,prot-1951--ak--10,cdca04e0bc6ce855,m- s,
21,prot-1951--ak--10,cdca04e0bc6ce855,å- d,
22,prot-1951--ak--10,cdca04e0bc6ce855,m- s,
23,prot-1951--ak--10,cdca04e0bc6ce855,f- t,
24,prot-1951--ak--10,cdca04e0bc6ce855,m- r,
25,prot-1951--ak--10,cdca04e0bc6ce855,m- s,
26,prot-1951--ak--10,cdca04e0bc6ce855,t- å,
27,prot-1951--ak--10,cdca04e0bc6ce855,s- a,
28,prot-1951--ak--10,cdca04e0bc6ce855,a- o,
29,prot-1951--ak--10,cdca04e0bc6ce855,m- s,
30,prot-1951--ak--10,cdca04e0bc6ce855,m- s,
31,prot-1951--ak--10,cdca04e0bc6ce855,g- h,
32,prot-1951--ak--10,cdca04e0bc6ce855,s- d,
33,prot-1951--ak--10,cdca04e0bc6ce855,m- s,
34,prot-1951--ak--10,cdca04e0bc6ce855,e- m,
35,prot-1951--ak--10,cdca04e0bc6ce855,m- s,
36,prot-1951--ak--10,cdca04e0bc6ce855,t- n,
0,prot-1951--ak--10,7b16a01c980ae2ac,"h
n",
1,prot-1951--ak--10,7b16a01c980ae2ac,"h
n",
2,prot-1951--ak--10,7b16a01c980ae2ac,"n
i",
3,prot-1951--ak--10,7b16a01c980ae2ac,"h
n",
4,prot-1951--ak--10,cdca04e0bc6ce855,r- k,
5,prot-1951--ak--10,cdca04e0bc6ce855,t- t,
6,prot-1951--ak--10,cdca04e0bc6ce855,g- o,
7,prot-1951--ak--10,cdca04e0bc6ce855,i- v,
8,prot-1951--ak--10,cdca04e0bc6ce855,e- v,
9,prot-1951--ak--10,cdca04e0bc6ce855,f- t,
10,prot-1951--ak--10,cdca04e0bc6ce855,k- s,
11,prot-1951--ak--10,cdca04e0bc6ce855,m- l,
12,prot-1951--ak--10,cdca04e0bc6ce855,g- h,
13,prot-1951--ak--10,cdca04e0bc6ce855,n- d,
14,prot-1951--ak--10,cdca04e0bc6ce855,i- t,
15,prot-1951--ak--10,cdca04e0bc6ce855,o- l,
16,prot-1951--ak--10,cdca04e0bc6ce855,i- t,
17,prot-1951--ak--10,cdca04e0bc6ce855,e- e,
18,prot-1951--ak--10,cdca04e0bc6ce855,o- n,
19,prot-1951--ak--10,cdca04e0bc6ce855,e- h,
20,prot-1951--ak--10,cdca04e0bc6ce855,i- t,
21,prot-1951--ak--10,cdca04e0bc6ce855,i- t,
22,prot-1951--ak--10,cdca04e0bc6ce855,n- d,
23,prot-1951--ak--10,cdca04e0bc6ce855,i- t,
24,prot-1951--ak--10,cdca04e0bc6ce855,o- t,
25,prot-1951--ak--10,cdca04e0bc6ce855,s- m,
0,prot-1951--ak--10,7b16a01c980ae2ac,"m
m",
1,prot-1951--ak--10,7b16a01c980ae2ac,"h
n",
2,prot-1951--ak--10,cdca04e0bc6ce855,i- t,
3,prot-1951--ak--10,cdca04e0bc6ce855,s- r,
4,prot-1951--ak--10,cdca04e0bc6ce855,i- t,
5,prot-1951--ak--10,cdca04e0bc6ce855,i- s,
6,prot-1951--ak--10,cdca04e0bc6ce855,i- t,
7,prot-1951--ak--10,cdca04e0bc6ce855,r- e,
