,filename,pattern,txt,person
0,prot-1951--ak--14,cdca04e0bc6ce855,s- f,
1,prot-1951--ak--14,cdca04e0bc6ce855,s- o,
2,prot-1951--ak--14,cdca04e0bc6ce855,u- t,
0,prot-1951--ak--14,cdca04e0bc6ce855,s- o,
1,prot-1951--ak--14,cdca04e0bc6ce855,s- o,
0,prot-1951--ak--14,cdca04e0bc6ce855,a- t,
1,prot-1951--ak--14,cdca04e0bc6ce855,s- s,
2,prot-1951--ak--14,cdca04e0bc6ce855,e- o,
3,prot-1951--ak--14,cdca04e0bc6ce855,s- a,
4,prot-1951--ak--14,cdca04e0bc6ce855,t- n,
5,prot-1951--ak--14,cdca04e0bc6ce855,l- t,
6,prot-1951--ak--14,cdca04e0bc6ce855,n- s,
7,prot-1951--ak--14,cdca04e0bc6ce855,n- s,
8,prot-1951--ak--14,cdca04e0bc6ce855,e- f,
0,prot-1951--ak--14,7b16a01c980ae2ac,"d
t",
1,prot-1951--ak--14,7b16a01c980ae2ac,"t
t",
2,prot-1951--ak--14,7b16a01c980ae2ac,"n
f",
3,prot-1951--ak--14,cdca04e0bc6ce855,e- v,
4,prot-1951--ak--14,cdca04e0bc6ce855,e- o,
5,prot-1951--ak--14,cdca04e0bc6ce855,n- d,
6,prot-1951--ak--14,cdca04e0bc6ce855,s- s,
7,prot-1951--ak--14,cdca04e0bc6ce855,e- h,
8,prot-1951--ak--14,cdca04e0bc6ce855,i- t,
9,prot-1951--ak--14,cdca04e0bc6ce855,n- g,
10,prot-1951--ak--14,cdca04e0bc6ce855,e- r,
11,prot-1951--ak--14,cdca04e0bc6ce855,m- b,
12,prot-1951--ak--14,cdca04e0bc6ce855,o- s,
13,prot-1951--ak--14,cdca04e0bc6ce855,n- g,
14,prot-1951--ak--14,cdca04e0bc6ce855,s- v,
15,prot-1951--ak--14,cdca04e0bc6ce855,o- s,
16,prot-1951--ak--14,cdca04e0bc6ce855,n- k,
17,prot-1951--ak--14,cdca04e0bc6ce855,s- s,
18,prot-1951--ak--14,cdca04e0bc6ce855,r- t,
19,prot-1951--ak--14,cdca04e0bc6ce855,t- g,
20,prot-1951--ak--14,cdca04e0bc6ce855,o- n,
21,prot-1951--ak--14,cdca04e0bc6ce855,d- b,
22,prot-1951--ak--14,cdca04e0bc6ce855,m- m,
23,prot-1951--ak--14,cdca04e0bc6ce855,s- b,
24,prot-1951--ak--14,cdca04e0bc6ce855,n- v,
25,prot-1951--ak--14,cdca04e0bc6ce855,m- s,
26,prot-1951--ak--14,cdca04e0bc6ce855,f- t,
27,prot-1951--ak--14,cdca04e0bc6ce855,n- r,
28,prot-1951--ak--14,cdca04e0bc6ce855,å- d,
29,prot-1951--ak--14,cdca04e0bc6ce855,r- s,
0,prot-1951--ak--14,7b16a01c980ae2ac,"h
n",
1,prot-1951--ak--14,7b16a01c980ae2ac,"t
f",
2,prot-1951--ak--14,cdca04e0bc6ce855,t- å,
3,prot-1951--ak--14,cdca04e0bc6ce855,s- a,
4,prot-1951--ak--14,cdca04e0bc6ce855,o- n,
5,prot-1951--ak--14,cdca04e0bc6ce855,l- l,
6,prot-1951--ak--14,cdca04e0bc6ce855,t- l,
7,prot-1951--ak--14,cdca04e0bc6ce855,m- m,
8,prot-1951--ak--14,cdca04e0bc6ce855,s- b,
9,prot-1951--ak--14,cdca04e0bc6ce855,å- v,
10,prot-1951--ak--14,cdca04e0bc6ce855,l- f,
11,prot-1951--ak--14,cdca04e0bc6ce855,s- s,
12,prot-1951--ak--14,cdca04e0bc6ce855,t- t,
13,prot-1951--ak--14,cdca04e0bc6ce855,n- l,
14,prot-1951--ak--14,cdca04e0bc6ce855,r- h,
15,prot-1951--ak--14,cdca04e0bc6ce855,o- s,
16,prot-1951--ak--14,cdca04e0bc6ce855,r- s,
17,prot-1951--ak--14,cdca04e0bc6ce855,u- t,
18,prot-1951--ak--14,cdca04e0bc6ce855,m- s,
19,prot-1951--ak--14,cdca04e0bc6ce855,f- i,
20,prot-1951--ak--14,cdca04e0bc6ce855,n- d,
21,prot-1951--ak--14,cdca04e0bc6ce855,m- h,
22,prot-1951--ak--14,cdca04e0bc6ce855,o- t,
23,prot-1951--ak--14,cdca04e0bc6ce855,m- s,
24,prot-1951--ak--14,cdca04e0bc6ce855,l- b,
25,prot-1951--ak--14,cdca04e0bc6ce855,k- s,
26,prot-1951--ak--14,cdca04e0bc6ce855,m- s,
27,prot-1951--ak--14,cdca04e0bc6ce855,t- r,
28,prot-1951--ak--14,cdca04e0bc6ce855,m- n,
29,prot-1951--ak--14,cdca04e0bc6ce855,t- å,
30,prot-1951--ak--14,cdca04e0bc6ce855,d- s,
31,prot-1951--ak--14,cdca04e0bc6ce855,a- g,
32,prot-1951--ak--14,cdca04e0bc6ce855,a- t,
33,prot-1951--ak--14,cdca04e0bc6ce855,d- g,
34,prot-1951--ak--14,cdca04e0bc6ce855,r- b,
35,prot-1951--ak--14,cdca04e0bc6ce855,l- m,
36,prot-1951--ak--14,cdca04e0bc6ce855,o- n,
0,prot-1951--ak--14,7b16a01c980ae2ac,"h
n",
1,prot-1951--ak--14,7b16a01c980ae2ac,"h
n",
2,prot-1951--ak--14,7b16a01c980ae2ac,"h
n",
3,prot-1951--ak--14,7b16a01c980ae2ac,"h
n",
4,prot-1951--ak--14,7b16a01c980ae2ac,"t
a",
5,prot-1951--ak--14,cdca04e0bc6ce855,k- p,
6,prot-1951--ak--14,cdca04e0bc6ce855,o- n,
7,prot-1951--ak--14,cdca04e0bc6ce855,t- v,
8,prot-1951--ak--14,cdca04e0bc6ce855,n- d,
9,prot-1951--ak--14,cdca04e0bc6ce855,l- n,
10,prot-1951--ak--14,cdca04e0bc6ce855,m- s,
11,prot-1951--ak--14,cdca04e0bc6ce855,t- å,
12,prot-1951--ak--14,cdca04e0bc6ce855,m- s,
13,prot-1951--ak--14,cdca04e0bc6ce855,l- t,
14,prot-1951--ak--14,cdca04e0bc6ce855,t- t,
15,prot-1951--ak--14,cdca04e0bc6ce855,d- n,
16,prot-1951--ak--14,cdca04e0bc6ce855,å- v,
17,prot-1951--ak--14,cdca04e0bc6ce855,s- u,
18,prot-1951--ak--14,cdca04e0bc6ce855,o- n,
19,prot-1951--ak--14,cdca04e0bc6ce855,m- n,
20,prot-1951--ak--14,cdca04e0bc6ce855,ä- r,
21,prot-1951--ak--14,cdca04e0bc6ce855,e- s,
22,prot-1951--ak--14,cdca04e0bc6ce855,o- n,
23,prot-1951--ak--14,cdca04e0bc6ce855,m- m,
24,prot-1951--ak--14,cdca04e0bc6ce855,d- r,
25,prot-1951--ak--14,cdca04e0bc6ce855,s- v,
26,prot-1951--ak--14,cdca04e0bc6ce855,g- h,
27,prot-1951--ak--14,cdca04e0bc6ce855,n- g,
28,prot-1951--ak--14,cdca04e0bc6ce855,n- s,
29,prot-1951--ak--14,cdca04e0bc6ce855,ö- n,
30,prot-1951--ak--14,cdca04e0bc6ce855,u- t,
31,prot-1951--ak--14,cdca04e0bc6ce855,d- r,
32,prot-1951--ak--14,cdca04e0bc6ce855,d- n,
33,prot-1951--ak--14,cdca04e0bc6ce855,n- g,
34,prot-1951--ak--14,cdca04e0bc6ce855,i- t,
35,prot-1951--ak--14,cdca04e0bc6ce855,d- r,
36,prot-1951--ak--14,cdca04e0bc6ce855,k- l,
37,prot-1951--ak--14,cdca04e0bc6ce855,m- f,
38,prot-1951--ak--14,cdca04e0bc6ce855,o- s,
39,prot-1951--ak--14,cdca04e0bc6ce855,a- t,
40,prot-1951--ak--14,cdca04e0bc6ce855,d- n,
41,prot-1951--ak--14,cdca04e0bc6ce855,d- n,
42,prot-1951--ak--14,cdca04e0bc6ce855,n- t,
43,prot-1951--ak--14,cdca04e0bc6ce855,n- n,
44,prot-1951--ak--14,cdca04e0bc6ce855,m- l,
45,prot-1951--ak--14,cdca04e0bc6ce855,d- r,
0,prot-1951--ak--14,7b16a01c980ae2ac,"s
i",
1,prot-1951--ak--14,7b16a01c980ae2ac,"t
n",
2,prot-1951--ak--14,cdca04e0bc6ce855,n- d,
3,prot-1951--ak--14,cdca04e0bc6ce855,r- s,
4,prot-1951--ak--14,cdca04e0bc6ce855,i- t,
5,prot-1951--ak--14,cdca04e0bc6ce855,r- e,
6,prot-1951--ak--14,cdca04e0bc6ce855,n- k,
7,prot-1951--ak--14,cdca04e0bc6ce855,r- m,
8,prot-1951--ak--14,cdca04e0bc6ce855,e- d,
9,prot-1951--ak--14,cdca04e0bc6ce855,i- d,
10,prot-1951--ak--14,cdca04e0bc6ce855,e- r,
11,prot-1951--ak--14,cdca04e0bc6ce855,l- v,
12,prot-1951--ak--14,cdca04e0bc6ce855,g- l,
13,prot-1951--ak--14,cdca04e0bc6ce855,t- t,
14,prot-1951--ak--14,cdca04e0bc6ce855,r- b,
15,prot-1951--ak--14,cdca04e0bc6ce855,n- g,
0,prot-1951--ak--14,7b16a01c980ae2ac,"m
j",
1,prot-1951--ak--14,cdca04e0bc6ce855,s- å,
2,prot-1951--ak--14,cdca04e0bc6ce855,i- v,
3,prot-1951--ak--14,cdca04e0bc6ce855,s- s,
4,prot-1951--ak--14,cdca04e0bc6ce855,r- ä,
5,prot-1951--ak--14,cdca04e0bc6ce855,r- s,
6,prot-1951--ak--14,cdca04e0bc6ce855,o- t,
7,prot-1951--ak--14,cdca04e0bc6ce855,i- t,
8,prot-1951--ak--14,cdca04e0bc6ce855,e- k,
9,prot-1951--ak--14,cdca04e0bc6ce855,e- k,
10,prot-1951--ak--14,cdca04e0bc6ce855,r- l,
11,prot-1951--ak--14,cdca04e0bc6ce855,e- g,
12,prot-1951--ak--14,cdca04e0bc6ce855,p- g,
13,prot-1951--ak--14,cdca04e0bc6ce855,i- s,
14,prot-1951--ak--14,cdca04e0bc6ce855,e- r,
15,prot-1951--ak--14,cdca04e0bc6ce855,r- l,
16,prot-1951--ak--14,cdca04e0bc6ce855,j- n,
17,prot-1951--ak--14,cdca04e0bc6ce855,r- s,
18,prot-1951--ak--14,cdca04e0bc6ce855,a- r,
19,prot-1951--ak--14,cdca04e0bc6ce855,m- s,
20,prot-1951--ak--14,cdca04e0bc6ce855,r- n,
21,prot-1951--ak--14,cdca04e0bc6ce855,l- v,
22,prot-1951--ak--14,cdca04e0bc6ce855,d- b,
23,prot-1951--ak--14,cdca04e0bc6ce855,å- e,
24,prot-1951--ak--14,cdca04e0bc6ce855,r- m,
25,prot-1951--ak--14,cdca04e0bc6ce855,e- f,
26,prot-1951--ak--14,cdca04e0bc6ce855,g- a,
27,prot-1951--ak--14,cdca04e0bc6ce855,e- r,
28,prot-1951--ak--14,cdca04e0bc6ce855,r- t,
29,prot-1951--ak--14,cdca04e0bc6ce855,k- n,
30,prot-1951--ak--14,cdca04e0bc6ce855,s- t,
31,prot-1951--ak--14,cdca04e0bc6ce855,o- n,
32,prot-1951--ak--14,cdca04e0bc6ce855,i- s,
33,prot-1951--ak--14,cdca04e0bc6ce855,t- g,
34,prot-1951--ak--14,cdca04e0bc6ce855,s- n,
35,prot-1951--ak--14,cdca04e0bc6ce855,r- t,
36,prot-1951--ak--14,cdca04e0bc6ce855,r- m,
0,prot-1951--ak--14,7b16a01c980ae2ac,"å
d",
1,prot-1951--ak--14,cdca04e0bc6ce855,r- s,
2,prot-1951--ak--14,cdca04e0bc6ce855,k- t,
3,prot-1951--ak--14,cdca04e0bc6ce855,e- h,
4,prot-1951--ak--14,cdca04e0bc6ce855,r- n,
5,prot-1951--ak--14,cdca04e0bc6ce855,s- g,
6,prot-1951--ak--14,cdca04e0bc6ce855,å- g,
7,prot-1951--ak--14,cdca04e0bc6ce855,d- b,
8,prot-1951--ak--14,cdca04e0bc6ce855,m- n,
9,prot-1951--ak--14,cdca04e0bc6ce855,l- f,
10,prot-1951--ak--14,cdca04e0bc6ce855,d- r,
11,prot-1951--ak--14,cdca04e0bc6ce855,d- b,
12,prot-1951--ak--14,cdca04e0bc6ce855,m- t,
13,prot-1951--ak--14,cdca04e0bc6ce855,d- b,
14,prot-1951--ak--14,cdca04e0bc6ce855,n- t,
15,prot-1951--ak--14,cdca04e0bc6ce855,r- p,
16,prot-1951--ak--14,cdca04e0bc6ce855,a- v,
17,prot-1951--ak--14,cdca04e0bc6ce855,c- k,
18,prot-1951--ak--14,cdca04e0bc6ce855,g- e,
19,prot-1951--ak--14,cdca04e0bc6ce855,t- j,
20,prot-1951--ak--14,cdca04e0bc6ce855,g- p,
21,prot-1951--ak--14,cdca04e0bc6ce855,t- n,
22,prot-1951--ak--14,cdca04e0bc6ce855,d- b,
23,prot-1951--ak--14,cdca04e0bc6ce855,g- p,
24,prot-1951--ak--14,cdca04e0bc6ce855,e- d,
25,prot-1951--ak--14,cdca04e0bc6ce855,k- t,
26,prot-1951--ak--14,cdca04e0bc6ce855,l- d,
27,prot-1951--ak--14,cdca04e0bc6ce855,e- r,
28,prot-1951--ak--14,cdca04e0bc6ce855,e- g,
29,prot-1951--ak--14,cdca04e0bc6ce855,f- t,
30,prot-1951--ak--14,cdca04e0bc6ce855,r- n,
31,prot-1951--ak--14,cdca04e0bc6ce855,c- k,
32,prot-1951--ak--14,cdca04e0bc6ce855,l- s,
33,prot-1951--ak--14,cdca04e0bc6ce855,g- e,
0,prot-1951--ak--14,cdca04e0bc6ce855,l- l,
1,prot-1951--ak--14,cdca04e0bc6ce855,m- b,
2,prot-1951--ak--14,cdca04e0bc6ce855,y- v,
3,prot-1951--ak--14,cdca04e0bc6ce855,å- g,
4,prot-1951--ak--14,cdca04e0bc6ce855,n- f,
5,prot-1951--ak--14,cdca04e0bc6ce855,r- k,
6,prot-1951--ak--14,cdca04e0bc6ce855,e- r,
7,prot-1951--ak--14,cdca04e0bc6ce855,o- n,
8,prot-1951--ak--14,cdca04e0bc6ce855,e- d,
9,prot-1951--ak--14,cdca04e0bc6ce855,n- n,
10,prot-1951--ak--14,cdca04e0bc6ce855,v- v,
11,prot-1951--ak--14,cdca04e0bc6ce855,d- b,
12,prot-1951--ak--14,cdca04e0bc6ce855,g- a,
13,prot-1951--ak--14,cdca04e0bc6ce855,e- t,
14,prot-1951--ak--14,cdca04e0bc6ce855,b- v,
15,prot-1951--ak--14,cdca04e0bc6ce855,v- s,
16,prot-1951--ak--14,cdca04e0bc6ce855,s- n,
17,prot-1951--ak--14,cdca04e0bc6ce855,o- n,
18,prot-1951--ak--14,cdca04e0bc6ce855,r- l,
19,prot-1951--ak--14,cdca04e0bc6ce855,b- r,
20,prot-1951--ak--14,cdca04e0bc6ce855,e- t,
21,prot-1951--ak--14,cdca04e0bc6ce855,n- d,
22,prot-1951--ak--14,cdca04e0bc6ce855,m- m,
23,prot-1951--ak--14,cdca04e0bc6ce855,o- d,
24,prot-1951--ak--14,cdca04e0bc6ce855,a- d,
25,prot-1951--ak--14,cdca04e0bc6ce855,e- t,
26,prot-1951--ak--14,cdca04e0bc6ce855,m- m,
27,prot-1951--ak--14,cdca04e0bc6ce855,j- l,
28,prot-1951--ak--14,cdca04e0bc6ce855,e- k,
29,prot-1951--ak--14,cdca04e0bc6ce855,t- s,
30,prot-1951--ak--14,cdca04e0bc6ce855,d- b,
0,prot-1951--ak--14,7b16a01c980ae2ac,"a
t",
1,prot-1951--ak--14,cdca04e0bc6ce855,a- m,
2,prot-1951--ak--14,cdca04e0bc6ce855,k- t,
3,prot-1951--ak--14,cdca04e0bc6ce855,n- t,
4,prot-1951--ak--14,cdca04e0bc6ce855,o- d,
5,prot-1951--ak--14,cdca04e0bc6ce855,s- s,
6,prot-1951--ak--14,cdca04e0bc6ce855,e- v,
7,prot-1951--ak--14,cdca04e0bc6ce855,t- l,
8,prot-1951--ak--14,cdca04e0bc6ce855,a- r,
9,prot-1951--ak--14,cdca04e0bc6ce855,s- s,
10,prot-1951--ak--14,cdca04e0bc6ce855,n- l,
11,prot-1951--ak--14,cdca04e0bc6ce855,g- e,
12,prot-1951--ak--14,cdca04e0bc6ce855,e- t,
13,prot-1951--ak--14,cdca04e0bc6ce855,d- l,
14,prot-1951--ak--14,cdca04e0bc6ce855,k- l,
15,prot-1951--ak--14,cdca04e0bc6ce855,i- d,
16,prot-1951--ak--14,cdca04e0bc6ce855,r- r,
17,prot-1951--ak--14,cdca04e0bc6ce855,e- t,
18,prot-1951--ak--14,cdca04e0bc6ce855,n- m,
19,prot-1951--ak--14,cdca04e0bc6ce855,l- l,
20,prot-1951--ak--14,cdca04e0bc6ce855,m- n,
21,prot-1951--ak--14,cdca04e0bc6ce855,e- s,
22,prot-1951--ak--14,cdca04e0bc6ce855,e- r,
23,prot-1951--ak--14,cdca04e0bc6ce855,g- p,
24,prot-1951--ak--14,cdca04e0bc6ce855,d- r,
25,prot-1951--ak--14,cdca04e0bc6ce855,s- s,
26,prot-1951--ak--14,cdca04e0bc6ce855,i- v,
27,prot-1951--ak--14,cdca04e0bc6ce855,n- t,
0,prot-1951--ak--14,cdca04e0bc6ce855,a- r,
1,prot-1951--ak--14,cdca04e0bc6ce855,o- d,
2,prot-1951--ak--14,cdca04e0bc6ce855,k- n,
3,prot-1951--ak--14,cdca04e0bc6ce855,k- n,
4,prot-1951--ak--14,cdca04e0bc6ce855,s- e,
5,prot-1951--ak--14,cdca04e0bc6ce855,r- s,
6,prot-1951--ak--14,cdca04e0bc6ce855,v- s,
7,prot-1951--ak--14,cdca04e0bc6ce855,e- n,
8,prot-1951--ak--14,cdca04e0bc6ce855,r- s,
9,prot-1951--ak--14,cdca04e0bc6ce855,o- d,
10,prot-1951--ak--14,cdca04e0bc6ce855,t- f,
11,prot-1951--ak--14,cdca04e0bc6ce855,r- e,
12,prot-1951--ak--14,cdca04e0bc6ce855,s- k,
13,prot-1951--ak--14,cdca04e0bc6ce855,s- k,
14,prot-1951--ak--14,cdca04e0bc6ce855,r- k,
15,prot-1951--ak--14,cdca04e0bc6ce855,e- s,
16,prot-1951--ak--14,cdca04e0bc6ce855,k- n,
17,prot-1951--ak--14,cdca04e0bc6ce855,n- d,
18,prot-1951--ak--14,cdca04e0bc6ce855,g- e,
19,prot-1951--ak--14,cdca04e0bc6ce855,d- b,
20,prot-1951--ak--14,cdca04e0bc6ce855,k- n,
21,prot-1951--ak--14,cdca04e0bc6ce855,k- n,
22,prot-1951--ak--14,cdca04e0bc6ce855,e- r,
23,prot-1951--ak--14,cdca04e0bc6ce855,n- f,
24,prot-1951--ak--14,cdca04e0bc6ce855,l- l,
25,prot-1951--ak--14,cdca04e0bc6ce855,n- t,
26,prot-1951--ak--14,cdca04e0bc6ce855,å- n,
27,prot-1951--ak--14,cdca04e0bc6ce855,e- m,
28,prot-1951--ak--14,cdca04e0bc6ce855,s- d,
29,prot-1951--ak--14,cdca04e0bc6ce855,m- m,
0,prot-1951--ak--14,cdca04e0bc6ce855,e- r,
1,prot-1951--ak--14,cdca04e0bc6ce855,n- d,
2,prot-1951--ak--14,cdca04e0bc6ce855,u- k,
3,prot-1951--ak--14,cdca04e0bc6ce855,s- n,
4,prot-1951--ak--14,cdca04e0bc6ce855,u- v,
5,prot-1951--ak--14,cdca04e0bc6ce855,n- s,
6,prot-1951--ak--14,cdca04e0bc6ce855,a- t,
7,prot-1951--ak--14,cdca04e0bc6ce855,e- b,
8,prot-1951--ak--14,cdca04e0bc6ce855,i- o,
9,prot-1951--ak--14,cdca04e0bc6ce855,a- r,
10,prot-1951--ak--14,cdca04e0bc6ce855,a- t,
11,prot-1951--ak--14,cdca04e0bc6ce855,ö- r,
12,prot-1951--ak--14,cdca04e0bc6ce855,n- g,
13,prot-1951--ak--14,cdca04e0bc6ce855,e- r,
14,prot-1951--ak--14,cdca04e0bc6ce855,k- s,
15,prot-1951--ak--14,cdca04e0bc6ce855,p- k,
16,prot-1951--ak--14,cdca04e0bc6ce855,g- h,
17,prot-1951--ak--14,cdca04e0bc6ce855,n- d,
18,prot-1951--ak--14,cdca04e0bc6ce855,i- s,
19,prot-1951--ak--14,cdca04e0bc6ce855,ö- t,
20,prot-1951--ak--14,cdca04e0bc6ce855,t- s,
21,prot-1951--ak--14,cdca04e0bc6ce855,e- r,
22,prot-1951--ak--14,cdca04e0bc6ce855,e- s,
23,prot-1951--ak--14,cdca04e0bc6ce855,e- r,
24,prot-1951--ak--14,cdca04e0bc6ce855,r- f,
25,prot-1951--ak--14,cdca04e0bc6ce855,s- r,
26,prot-1951--ak--14,cdca04e0bc6ce855,v- t,
27,prot-1951--ak--14,cdca04e0bc6ce855,r- s,
28,prot-1951--ak--14,cdca04e0bc6ce855,o- n,
29,prot-1951--ak--14,cdca04e0bc6ce855,a- n,
30,prot-1951--ak--14,cdca04e0bc6ce855,i- d,
31,prot-1951--ak--14,cdca04e0bc6ce855,o- t,
32,prot-1951--ak--14,cdca04e0bc6ce855,s- a,
33,prot-1951--ak--14,cdca04e0bc6ce855,b- r,
34,prot-1951--ak--14,cdca04e0bc6ce855,g- r,
35,prot-1951--ak--14,cdca04e0bc6ce855,g- h,
36,prot-1951--ak--14,cdca04e0bc6ce855,m- m,
37,prot-1951--ak--14,cdca04e0bc6ce855,a- d,
38,prot-1951--ak--14,cdca04e0bc6ce855,u- a,
39,prot-1951--ak--14,cdca04e0bc6ce855,n- d,
40,prot-1951--ak--14,cdca04e0bc6ce855,k- l,
41,prot-1951--ak--14,cdca04e0bc6ce855,n- n,
42,prot-1951--ak--14,cdca04e0bc6ce855,n- d,
43,prot-1951--ak--14,cdca04e0bc6ce855,e- d,
44,prot-1951--ak--14,cdca04e0bc6ce855,t- j,
45,prot-1951--ak--14,cdca04e0bc6ce855,t- j,
46,prot-1951--ak--14,cdca04e0bc6ce855,r- p,
47,prot-1951--ak--14,cdca04e0bc6ce855,n- d,
48,prot-1951--ak--14,cdca04e0bc6ce855,n- d,
49,prot-1951--ak--14,cdca04e0bc6ce855,e- s,
0,prot-1951--ak--14,cdca04e0bc6ce855,e- h,
1,prot-1951--ak--14,cdca04e0bc6ce855,n- g,
2,prot-1951--ak--14,cdca04e0bc6ce855,i- n,
3,prot-1951--ak--14,cdca04e0bc6ce855,t- t,
4,prot-1951--ak--14,cdca04e0bc6ce855,r- r,
5,prot-1951--ak--14,cdca04e0bc6ce855,d- b,
6,prot-1951--ak--14,cdca04e0bc6ce855,n- d,
7,prot-1951--ak--14,cdca04e0bc6ce855,e- g,
8,prot-1951--ak--14,cdca04e0bc6ce855,e- k,
9,prot-1951--ak--14,cdca04e0bc6ce855,n- d,
10,prot-1951--ak--14,cdca04e0bc6ce855,d- r,
11,prot-1951--ak--14,cdca04e0bc6ce855,l- l,
12,prot-1951--ak--14,cdca04e0bc6ce855,r- ä,
13,prot-1951--ak--14,cdca04e0bc6ce855,d- b,
14,prot-1951--ak--14,cdca04e0bc6ce855,r- i,
15,prot-1951--ak--14,cdca04e0bc6ce855,s- n,
16,prot-1951--ak--14,cdca04e0bc6ce855,o- n,
17,prot-1951--ak--14,cdca04e0bc6ce855,t- o,
18,prot-1951--ak--14,cdca04e0bc6ce855,n- s,
19,prot-1951--ak--14,cdca04e0bc6ce855,r- t,
20,prot-1951--ak--14,cdca04e0bc6ce855,r- d,
21,prot-1951--ak--14,cdca04e0bc6ce855,u- c,
22,prot-1951--ak--14,cdca04e0bc6ce855,s- m,
23,prot-1951--ak--14,cdca04e0bc6ce855,t- m,
24,prot-1951--ak--14,cdca04e0bc6ce855,m- m,
25,prot-1951--ak--14,cdca04e0bc6ce855,v- v,
26,prot-1951--ak--14,cdca04e0bc6ce855,p- l,
27,prot-1951--ak--14,cdca04e0bc6ce855,k- n,
28,prot-1951--ak--14,cdca04e0bc6ce855,n- s,
29,prot-1951--ak--14,cdca04e0bc6ce855,i- s,
30,prot-1951--ak--14,cdca04e0bc6ce855,o- e,
31,prot-1951--ak--14,cdca04e0bc6ce855,k- t,
32,prot-1951--ak--14,cdca04e0bc6ce855,m- i,
33,prot-1951--ak--14,cdca04e0bc6ce855,s- t,
34,prot-1951--ak--14,cdca04e0bc6ce855,c- k,
35,prot-1951--ak--14,cdca04e0bc6ce855,r- h,
0,prot-1951--ak--14,cdca04e0bc6ce855,r- d,
1,prot-1951--ak--14,cdca04e0bc6ce855,s- u,
2,prot-1951--ak--14,cdca04e0bc6ce855,t- f,
3,prot-1951--ak--14,cdca04e0bc6ce855,d- b,
4,prot-1951--ak--14,cdca04e0bc6ce855,e- m,
5,prot-1951--ak--14,cdca04e0bc6ce855,e- r,
6,prot-1951--ak--14,cdca04e0bc6ce855,n- d,
7,prot-1951--ak--14,cdca04e0bc6ce855,v- g,
8,prot-1951--ak--14,cdca04e0bc6ce855,s- t,
9,prot-1951--ak--14,cdca04e0bc6ce855,l- l,
10,prot-1951--ak--14,cdca04e0bc6ce855,l- k,
11,prot-1951--ak--14,cdca04e0bc6ce855,s- g,
12,prot-1951--ak--14,cdca04e0bc6ce855,å- g,
13,prot-1951--ak--14,cdca04e0bc6ce855,o- n,
14,prot-1951--ak--14,cdca04e0bc6ce855,e- r,
15,prot-1951--ak--14,cdca04e0bc6ce855,r- b,
16,prot-1951--ak--14,cdca04e0bc6ce855,n- m,
17,prot-1951--ak--14,cdca04e0bc6ce855,a- g,
18,prot-1951--ak--14,cdca04e0bc6ce855,n- n,
19,prot-1951--ak--14,cdca04e0bc6ce855,o- d,
20,prot-1951--ak--14,cdca04e0bc6ce855,n- t,
21,prot-1951--ak--14,cdca04e0bc6ce855,p- f,
22,prot-1951--ak--14,cdca04e0bc6ce855,t- n,
23,prot-1951--ak--14,cdca04e0bc6ce855,e- t,
24,prot-1951--ak--14,cdca04e0bc6ce855,ö- t,
25,prot-1951--ak--14,cdca04e0bc6ce855,o- d,
26,prot-1951--ak--14,cdca04e0bc6ce855,o- g,
27,prot-1951--ak--14,cdca04e0bc6ce855,t- g,
28,prot-1951--ak--14,cdca04e0bc6ce855,n- d,
29,prot-1951--ak--14,cdca04e0bc6ce855,i- p,
30,prot-1951--ak--14,cdca04e0bc6ce855,o- d,
31,prot-1951--ak--14,cdca04e0bc6ce855,t- s,
32,prot-1951--ak--14,cdca04e0bc6ce855,r- s,
33,prot-1951--ak--14,cdca04e0bc6ce855,l- l,
34,prot-1951--ak--14,cdca04e0bc6ce855,s- a,
35,prot-1951--ak--14,cdca04e0bc6ce855,n- d,
0,prot-1951--ak--14,cdca04e0bc6ce855,e- m,
1,prot-1951--ak--14,cdca04e0bc6ce855,v- t,
2,prot-1951--ak--14,cdca04e0bc6ce855,e- g,
3,prot-1951--ak--14,cdca04e0bc6ce855,s- t,
4,prot-1951--ak--14,cdca04e0bc6ce855,e- t,
5,prot-1951--ak--14,cdca04e0bc6ce855,m- n,
6,prot-1951--ak--14,cdca04e0bc6ce855,å- d,
7,prot-1951--ak--14,cdca04e0bc6ce855,o- n,
8,prot-1951--ak--14,cdca04e0bc6ce855,r- g,
9,prot-1951--ak--14,cdca04e0bc6ce855,s- s,
10,prot-1951--ak--14,cdca04e0bc6ce855,k- l,
11,prot-1951--ak--14,cdca04e0bc6ce855,a- t,
12,prot-1951--ak--14,cdca04e0bc6ce855,c- k,
13,prot-1951--ak--14,cdca04e0bc6ce855,r- n,
14,prot-1951--ak--14,cdca04e0bc6ce855,s- n,
15,prot-1951--ak--14,cdca04e0bc6ce855,k- l,
16,prot-1951--ak--14,cdca04e0bc6ce855,t- g,
17,prot-1951--ak--14,cdca04e0bc6ce855,r- ä,
18,prot-1951--ak--14,cdca04e0bc6ce855,a- t,
19,prot-1951--ak--14,cdca04e0bc6ce855,m- s,
20,prot-1951--ak--14,cdca04e0bc6ce855,g- h,
21,prot-1951--ak--14,cdca04e0bc6ce855,l- n,
22,prot-1951--ak--14,cdca04e0bc6ce855,a- r,
23,prot-1951--ak--14,cdca04e0bc6ce855,m- m,
0,prot-1951--ak--14,7b16a01c980ae2ac,"d
t",
1,prot-1951--ak--14,7b16a01c980ae2ac,"h
n",
2,prot-1951--ak--14,7b16a01c980ae2ac,"t
t",
3,prot-1951--ak--14,7b16a01c980ae2ac,"n
n",
4,prot-1951--ak--14,cdca04e0bc6ce855,a- t,
5,prot-1951--ak--14,cdca04e0bc6ce855,m- b,
6,prot-1951--ak--14,cdca04e0bc6ce855,å- e,
7,prot-1951--ak--14,cdca04e0bc6ce855,k- h,
8,prot-1951--ak--14,cdca04e0bc6ce855,e- r,
9,prot-1951--ak--14,cdca04e0bc6ce855,o- n,
10,prot-1951--ak--14,cdca04e0bc6ce855,i- k,
11,prot-1951--ak--14,cdca04e0bc6ce855,u- t,
12,prot-1951--ak--14,cdca04e0bc6ce855,t- s,
13,prot-1951--ak--14,cdca04e0bc6ce855,e- v,
14,prot-1951--ak--14,cdca04e0bc6ce855,n- d,
15,prot-1951--ak--14,cdca04e0bc6ce855,t- l,
16,prot-1951--ak--14,cdca04e0bc6ce855,t- l,
17,prot-1951--ak--14,cdca04e0bc6ce855,å- t,
18,prot-1951--ak--14,cdca04e0bc6ce855,l- m,
19,prot-1951--ak--14,cdca04e0bc6ce855,e- d,
20,prot-1951--ak--14,cdca04e0bc6ce855,d- s,
21,prot-1951--ak--14,cdca04e0bc6ce855,o- n,
22,prot-1951--ak--14,cdca04e0bc6ce855,l- m,
23,prot-1951--ak--14,cdca04e0bc6ce855,g- e,
24,prot-1951--ak--14,cdca04e0bc6ce855,r- o,
25,prot-1951--ak--14,cdca04e0bc6ce855,m- k,
26,prot-1951--ak--14,cdca04e0bc6ce855,r- n,
27,prot-1951--ak--14,cdca04e0bc6ce855,r- l,
28,prot-1951--ak--14,cdca04e0bc6ce855,s- m,
29,prot-1951--ak--14,cdca04e0bc6ce855,m- s,
30,prot-1951--ak--14,cdca04e0bc6ce855,l- s,
31,prot-1951--ak--14,cdca04e0bc6ce855,e- r,
32,prot-1951--ak--14,cdca04e0bc6ce855,r- s,
33,prot-1951--ak--14,cdca04e0bc6ce855,l- v,
0,prot-1951--ak--14,cdca04e0bc6ce855,m- m,
1,prot-1951--ak--14,cdca04e0bc6ce855,a- t,
2,prot-1951--ak--14,cdca04e0bc6ce855,n- n,
3,prot-1951--ak--14,cdca04e0bc6ce855,r- k,
4,prot-1951--ak--14,cdca04e0bc6ce855,å- g,
5,prot-1951--ak--14,cdca04e0bc6ce855,å- k,
6,prot-1951--ak--14,cdca04e0bc6ce855,s- r,
7,prot-1951--ak--14,cdca04e0bc6ce855,s- d,
8,prot-1951--ak--14,cdca04e0bc6ce855,d- m,
9,prot-1951--ak--14,cdca04e0bc6ce855,d- m,
10,prot-1951--ak--14,cdca04e0bc6ce855,g- l,
11,prot-1951--ak--14,cdca04e0bc6ce855,l- m,
12,prot-1951--ak--14,cdca04e0bc6ce855,e- r,
13,prot-1951--ak--14,cdca04e0bc6ce855,å- e,
14,prot-1951--ak--14,cdca04e0bc6ce855,t- r,
15,prot-1951--ak--14,cdca04e0bc6ce855,o- n,
16,prot-1951--ak--14,cdca04e0bc6ce855,m- s,
17,prot-1951--ak--14,cdca04e0bc6ce855,r- s,
18,prot-1951--ak--14,cdca04e0bc6ce855,v- g,
19,prot-1951--ak--14,cdca04e0bc6ce855,l- l,
20,prot-1951--ak--14,cdca04e0bc6ce855,n- d,
21,prot-1951--ak--14,cdca04e0bc6ce855,a- r,
22,prot-1951--ak--14,cdca04e0bc6ce855,s- o,
23,prot-1951--ak--14,cdca04e0bc6ce855,o- n,
24,prot-1951--ak--14,cdca04e0bc6ce855,o- r,
25,prot-1951--ak--14,cdca04e0bc6ce855,o- t,
26,prot-1951--ak--14,cdca04e0bc6ce855,a- n,
27,prot-1951--ak--14,cdca04e0bc6ce855,r- n,
28,prot-1951--ak--14,cdca04e0bc6ce855,r- l,
29,prot-1951--ak--14,cdca04e0bc6ce855,n- k,
30,prot-1951--ak--14,cdca04e0bc6ce855,o- n,
31,prot-1951--ak--14,cdca04e0bc6ce855,e- g,
32,prot-1951--ak--14,cdca04e0bc6ce855,l- n,
0,prot-1951--ak--14,cdca04e0bc6ce855,o- c,
1,prot-1951--ak--14,cdca04e0bc6ce855,r- s,
2,prot-1951--ak--14,cdca04e0bc6ce855,o- n,
3,prot-1951--ak--14,cdca04e0bc6ce855,k- n,
4,prot-1951--ak--14,cdca04e0bc6ce855,l- v,
5,prot-1951--ak--14,cdca04e0bc6ce855,r- e,
6,prot-1951--ak--14,cdca04e0bc6ce855,o- l,
7,prot-1951--ak--14,cdca04e0bc6ce855,t- t,
8,prot-1951--ak--14,cdca04e0bc6ce855,o- t,
9,prot-1951--ak--14,cdca04e0bc6ce855,i- t,
10,prot-1951--ak--14,cdca04e0bc6ce855,s- v,
11,prot-1951--ak--14,cdca04e0bc6ce855,s- t,
12,prot-1951--ak--14,cdca04e0bc6ce855,n- p,
13,prot-1951--ak--14,cdca04e0bc6ce855,f- f,
14,prot-1951--ak--14,cdca04e0bc6ce855,e- t,
15,prot-1951--ak--14,cdca04e0bc6ce855,a- t,
16,prot-1951--ak--14,cdca04e0bc6ce855,e- r,
17,prot-1951--ak--14,cdca04e0bc6ce855,o- n,
18,prot-1951--ak--14,cdca04e0bc6ce855,t- n,
19,prot-1951--ak--14,cdca04e0bc6ce855,a- v,
20,prot-1951--ak--14,cdca04e0bc6ce855,p- g,
21,prot-1951--ak--14,cdca04e0bc6ce855,å- t,
22,prot-1951--ak--14,cdca04e0bc6ce855,r- h,
23,prot-1951--ak--14,cdca04e0bc6ce855,n- t,
24,prot-1951--ak--14,cdca04e0bc6ce855,t- n,
25,prot-1951--ak--14,cdca04e0bc6ce855,r- s,
26,prot-1951--ak--14,cdca04e0bc6ce855,e- f,
27,prot-1951--ak--14,cdca04e0bc6ce855,m- r,
28,prot-1951--ak--14,cdca04e0bc6ce855,t- n,
29,prot-1951--ak--14,cdca04e0bc6ce855,n- n,
30,prot-1951--ak--14,cdca04e0bc6ce855,r- s,
31,prot-1951--ak--14,cdca04e0bc6ce855,i- t,
32,prot-1951--ak--14,cdca04e0bc6ce855,m- h,
33,prot-1951--ak--14,cdca04e0bc6ce855,r- s,
34,prot-1951--ak--14,cdca04e0bc6ce855,l- s,
35,prot-1951--ak--14,cdca04e0bc6ce855,k- t,
36,prot-1951--ak--14,cdca04e0bc6ce855,k- t,
37,prot-1951--ak--14,cdca04e0bc6ce855,a- p,
38,prot-1951--ak--14,cdca04e0bc6ce855,r- s,
39,prot-1951--ak--14,cdca04e0bc6ce855,o- n,
0,prot-1951--ak--14,cdca04e0bc6ce855,l- v,
1,prot-1951--ak--14,cdca04e0bc6ce855,r- s,
2,prot-1951--ak--14,cdca04e0bc6ce855,l- t,
3,prot-1951--ak--14,cdca04e0bc6ce855,m- d,
4,prot-1951--ak--14,cdca04e0bc6ce855,s- s,
5,prot-1951--ak--14,cdca04e0bc6ce855,k- n,
6,prot-1951--ak--14,cdca04e0bc6ce855,a- n,
7,prot-1951--ak--14,cdca04e0bc6ce855,n- m,
8,prot-1951--ak--14,cdca04e0bc6ce855,s- o,
9,prot-1951--ak--14,cdca04e0bc6ce855,k- s,
10,prot-1951--ak--14,cdca04e0bc6ce855,r- s,
11,prot-1951--ak--14,cdca04e0bc6ce855,s- d,
12,prot-1951--ak--14,cdca04e0bc6ce855,s- d,
13,prot-1951--ak--14,cdca04e0bc6ce855,m- k,
14,prot-1951--ak--14,cdca04e0bc6ce855,l- m,
15,prot-1951--ak--14,cdca04e0bc6ce855,n- d,
16,prot-1951--ak--14,cdca04e0bc6ce855,s- t,
17,prot-1951--ak--14,cdca04e0bc6ce855,d- f,
18,prot-1951--ak--14,cdca04e0bc6ce855,j- l,
19,prot-1951--ak--14,cdca04e0bc6ce855,s- ä,
20,prot-1951--ak--14,cdca04e0bc6ce855,m- b,
21,prot-1951--ak--14,cdca04e0bc6ce855,s- a,
22,prot-1951--ak--14,cdca04e0bc6ce855,e- s,
23,prot-1951--ak--14,cdca04e0bc6ce855,m- l,
24,prot-1951--ak--14,cdca04e0bc6ce855,l- t,
0,prot-1951--ak--14,7b16a01c980ae2ac,"h
n",
1,prot-1951--ak--14,cdca04e0bc6ce855,r- n,
2,prot-1951--ak--14,cdca04e0bc6ce855,t- b,
3,prot-1951--ak--14,cdca04e0bc6ce855,s- t,
4,prot-1951--ak--14,cdca04e0bc6ce855,y- n,
5,prot-1951--ak--14,cdca04e0bc6ce855,n- f,
6,prot-1951--ak--14,cdca04e0bc6ce855,l- l,
7,prot-1951--ak--14,cdca04e0bc6ce855,k- t,
8,prot-1951--ak--14,cdca04e0bc6ce855,g- a,
9,prot-1951--ak--14,cdca04e0bc6ce855,g- r,
10,prot-1951--ak--14,cdca04e0bc6ce855,m- k,
11,prot-1951--ak--14,cdca04e0bc6ce855,r- d,
12,prot-1951--ak--14,cdca04e0bc6ce855,å- g,
13,prot-1951--ak--14,cdca04e0bc6ce855,r- k,
14,prot-1951--ak--14,cdca04e0bc6ce855,a- r,
15,prot-1951--ak--14,cdca04e0bc6ce855,e- k,
16,prot-1951--ak--14,cdca04e0bc6ce855,e- r,
17,prot-1951--ak--14,cdca04e0bc6ce855,l- s,
18,prot-1951--ak--14,cdca04e0bc6ce855,r- n,
19,prot-1951--ak--14,cdca04e0bc6ce855,n- d,
20,prot-1951--ak--14,cdca04e0bc6ce855,i- t,
21,prot-1951--ak--14,cdca04e0bc6ce855,l- d,
22,prot-1951--ak--14,cdca04e0bc6ce855,s- o,
23,prot-1951--ak--14,cdca04e0bc6ce855,d- n,
24,prot-1951--ak--14,cdca04e0bc6ce855,y- d,
25,prot-1951--ak--14,cdca04e0bc6ce855,a- g,
26,prot-1951--ak--14,cdca04e0bc6ce855,r- e,
0,prot-1951--ak--14,7b16a01c980ae2ac,",
s",
1,prot-1951--ak--14,cdca04e0bc6ce855,n- n,
2,prot-1951--ak--14,cdca04e0bc6ce855,n- k,
3,prot-1951--ak--14,cdca04e0bc6ce855,n- h,
4,prot-1951--ak--14,cdca04e0bc6ce855,b- a,
5,prot-1951--ak--14,cdca04e0bc6ce855,e- s,
6,prot-1951--ak--14,cdca04e0bc6ce855,d- r,
7,prot-1951--ak--14,cdca04e0bc6ce855,s- g,
8,prot-1951--ak--14,cdca04e0bc6ce855,m- m,
0,prot-1951--ak--14,7b16a01c980ae2ac,"u
v",
1,prot-1951--ak--14,7b16a01c980ae2ac,"n
n",
2,prot-1951--ak--14,7b16a01c980ae2ac,"h
n",
3,prot-1951--ak--14,cdca04e0bc6ce855,d- k,
4,prot-1951--ak--14,cdca04e0bc6ce855,e- d,
5,prot-1951--ak--14,cdca04e0bc6ce855,s- o,
6,prot-1951--ak--14,cdca04e0bc6ce855,e- m,
7,prot-1951--ak--14,cdca04e0bc6ce855,r- n,
8,prot-1951--ak--14,cdca04e0bc6ce855,r- n,
9,prot-1951--ak--14,cdca04e0bc6ce855,n- d,
10,prot-1951--ak--14,cdca04e0bc6ce855,n- v,
0,prot-1951--ak--14,7b16a01c980ae2ac,"e
n",
1,prot-1951--ak--14,cdca04e0bc6ce855,l- l,
2,prot-1951--ak--14,cdca04e0bc6ce855,u- n,
3,prot-1951--ak--14,cdca04e0bc6ce855,t- g,
4,prot-1951--ak--14,cdca04e0bc6ce855,l- l,
5,prot-1951--ak--14,cdca04e0bc6ce855,å- e,
6,prot-1951--ak--14,cdca04e0bc6ce855,n- t,
7,prot-1951--ak--14,cdca04e0bc6ce855,g- h,
8,prot-1951--ak--14,cdca04e0bc6ce855,m- m,
9,prot-1951--ak--14,cdca04e0bc6ce855,e- p,
10,prot-1951--ak--14,cdca04e0bc6ce855,r- s,
11,prot-1951--ak--14,cdca04e0bc6ce855,l- l,
12,prot-1951--ak--14,cdca04e0bc6ce855,l- d,
13,prot-1951--ak--14,cdca04e0bc6ce855,s- o,
14,prot-1951--ak--14,cdca04e0bc6ce855,a- r,
15,prot-1951--ak--14,cdca04e0bc6ce855,m- s,
16,prot-1951--ak--14,cdca04e0bc6ce855,f- t,
17,prot-1951--ak--14,cdca04e0bc6ce855,n- d,
18,prot-1951--ak--14,cdca04e0bc6ce855,k- s,
19,prot-1951--ak--14,cdca04e0bc6ce855,s- o,
20,prot-1951--ak--14,cdca04e0bc6ce855,o- s,
21,prot-1951--ak--14,cdca04e0bc6ce855,i- v,
22,prot-1951--ak--14,cdca04e0bc6ce855,s- o,
23,prot-1951--ak--14,cdca04e0bc6ce855,r- k,
24,prot-1951--ak--14,cdca04e0bc6ce855,s- o,
25,prot-1951--ak--14,cdca04e0bc6ce855,r- s,
26,prot-1951--ak--14,cdca04e0bc6ce855,ä- r,
0,prot-1951--ak--14,7b16a01c980ae2ac,",
a",
1,prot-1951--ak--14,7b16a01c980ae2ac,",
a",
2,prot-1951--ak--14,cdca04e0bc6ce855,s- o,
3,prot-1951--ak--14,cdca04e0bc6ce855,e- s,
4,prot-1951--ak--14,cdca04e0bc6ce855,s- o,
5,prot-1951--ak--14,cdca04e0bc6ce855,t- t,
6,prot-1951--ak--14,cdca04e0bc6ce855,s- o,
7,prot-1951--ak--14,cdca04e0bc6ce855,r- s,
8,prot-1951--ak--14,cdca04e0bc6ce855,v- l,
9,prot-1951--ak--14,cdca04e0bc6ce855,s- o,
10,prot-1951--ak--14,cdca04e0bc6ce855,s- o,
11,prot-1951--ak--14,cdca04e0bc6ce855,v- l,
12,prot-1951--ak--14,cdca04e0bc6ce855,r- q,
13,prot-1951--ak--14,cdca04e0bc6ce855,m- b,
14,prot-1951--ak--14,cdca04e0bc6ce855,y- l,
15,prot-1951--ak--14,cdca04e0bc6ce855,t- s,
16,prot-1951--ak--14,cdca04e0bc6ce855,r- s,
17,prot-1951--ak--14,cdca04e0bc6ce855,e- s,
18,prot-1951--ak--14,cdca04e0bc6ce855,s- o,
19,prot-1951--ak--14,cdca04e0bc6ce855,s- o,
20,prot-1951--ak--14,cdca04e0bc6ce855,v- l,
21,prot-1951--ak--14,cdca04e0bc6ce855,r- v,
22,prot-1951--ak--14,cdca04e0bc6ce855,t- n,
23,prot-1951--ak--14,cdca04e0bc6ce855,s- o,
24,prot-1951--ak--14,cdca04e0bc6ce855,s- a,
25,prot-1951--ak--14,cdca04e0bc6ce855,ö- t,
26,prot-1951--ak--14,cdca04e0bc6ce855,s- a,
27,prot-1951--ak--14,cdca04e0bc6ce855,s- a,
28,prot-1951--ak--14,cdca04e0bc6ce855,a- g,
29,prot-1951--ak--14,cdca04e0bc6ce855,p- f,
30,prot-1951--ak--14,cdca04e0bc6ce855,l- n,
31,prot-1951--ak--14,cdca04e0bc6ce855,p- r,
32,prot-1951--ak--14,cdca04e0bc6ce855,n- s,
33,prot-1951--ak--14,cdca04e0bc6ce855,s- a,
34,prot-1951--ak--14,cdca04e0bc6ce855,e- g,
35,prot-1951--ak--14,cdca04e0bc6ce855,e- r,
36,prot-1951--ak--14,cdca04e0bc6ce855,s- o,
37,prot-1951--ak--14,cdca04e0bc6ce855,s- a,
38,prot-1951--ak--14,cdca04e0bc6ce855,a- t,
39,prot-1951--ak--14,cdca04e0bc6ce855,t- t,
40,prot-1951--ak--14,cdca04e0bc6ce855,s- ä,
41,prot-1951--ak--14,cdca04e0bc6ce855,e- p,
42,prot-1951--ak--14,cdca04e0bc6ce855,n- h,
43,prot-1951--ak--14,cdca04e0bc6ce855,s- l,
44,prot-1951--ak--14,cdca04e0bc6ce855,e- r,
0,prot-1951--ak--14,7b16a01c980ae2ac,"n
d",
1,prot-1951--ak--14,cdca04e0bc6ce855,r- b,
2,prot-1951--ak--14,cdca04e0bc6ce855,r- m,
3,prot-1951--ak--14,cdca04e0bc6ce855,ä- d,
4,prot-1951--ak--14,cdca04e0bc6ce855,s- o,
5,prot-1951--ak--14,cdca04e0bc6ce855,d- r,
6,prot-1951--ak--14,cdca04e0bc6ce855,a- r,
7,prot-1951--ak--14,cdca04e0bc6ce855,s- o,
8,prot-1951--ak--14,cdca04e0bc6ce855,d- n,
9,prot-1951--ak--14,cdca04e0bc6ce855,n- o,
10,prot-1951--ak--14,cdca04e0bc6ce855,t- l,
11,prot-1951--ak--14,cdca04e0bc6ce855,x- p,
12,prot-1951--ak--14,cdca04e0bc6ce855,t- r,
13,prot-1951--ak--14,cdca04e0bc6ce855,g- h,
14,prot-1951--ak--14,cdca04e0bc6ce855,v- b,
15,prot-1951--ak--14,cdca04e0bc6ce855,i- f,
16,prot-1951--ak--14,cdca04e0bc6ce855,d- r,
17,prot-1951--ak--14,cdca04e0bc6ce855,r- f,
18,prot-1951--ak--14,cdca04e0bc6ce855,t- g,
19,prot-1951--ak--14,cdca04e0bc6ce855,d- r,
20,prot-1951--ak--14,cdca04e0bc6ce855,a- g,
21,prot-1951--ak--14,cdca04e0bc6ce855,p- f,
22,prot-1951--ak--14,cdca04e0bc6ce855,s- o,
23,prot-1951--ak--14,cdca04e0bc6ce855,o- n,
24,prot-1951--ak--14,cdca04e0bc6ce855,s- o,
25,prot-1951--ak--14,cdca04e0bc6ce855,r- h,
26,prot-1951--ak--14,cdca04e0bc6ce855,e- r,
27,prot-1951--ak--14,cdca04e0bc6ce855,a- r,
28,prot-1951--ak--14,cdca04e0bc6ce855,s- o,
29,prot-1951--ak--14,cdca04e0bc6ce855,i- v,
30,prot-1951--ak--14,cdca04e0bc6ce855,å- k,
31,prot-1951--ak--14,cdca04e0bc6ce855,l- s,
32,prot-1951--ak--14,cdca04e0bc6ce855,t- s,
33,prot-1951--ak--14,cdca04e0bc6ce855,r- l,
34,prot-1951--ak--14,cdca04e0bc6ce855,s- c,
35,prot-1951--ak--14,cdca04e0bc6ce855,m- n,
36,prot-1951--ak--14,cdca04e0bc6ce855,r- t,
37,prot-1951--ak--14,cdca04e0bc6ce855,s- h,
38,prot-1951--ak--14,cdca04e0bc6ce855,ö- n,
39,prot-1951--ak--14,cdca04e0bc6ce855,t- s,
40,prot-1951--ak--14,cdca04e0bc6ce855,n- s,
41,prot-1951--ak--14,cdca04e0bc6ce855,e- g,
42,prot-1951--ak--14,cdca04e0bc6ce855,o- t,
0,prot-1951--ak--14,7b16a01c980ae2ac,"r
s",
1,prot-1951--ak--14,cdca04e0bc6ce855,l- m,
2,prot-1951--ak--14,cdca04e0bc6ce855,p- p,
3,prot-1951--ak--14,cdca04e0bc6ce855,a- r,
4,prot-1951--ak--14,cdca04e0bc6ce855,å- v,
5,prot-1951--ak--14,cdca04e0bc6ce855,n- f,
6,prot-1951--ak--14,cdca04e0bc6ce855,t- t,
7,prot-1951--ak--14,cdca04e0bc6ce855,e- r,
8,prot-1951--ak--14,cdca04e0bc6ce855,l- n,
9,prot-1951--ak--14,cdca04e0bc6ce855,r- d,
10,prot-1951--ak--14,cdca04e0bc6ce855,o- s,
11,prot-1951--ak--14,cdca04e0bc6ce855,e- s,
12,prot-1951--ak--14,cdca04e0bc6ce855,l- l,
13,prot-1951--ak--14,cdca04e0bc6ce855,i- t,
14,prot-1951--ak--14,cdca04e0bc6ce855,f- t,
15,prot-1951--ak--14,cdca04e0bc6ce855,s- p,
16,prot-1951--ak--14,cdca04e0bc6ce855,p- l,
17,prot-1951--ak--14,cdca04e0bc6ce855,a- g,
18,prot-1951--ak--14,cdca04e0bc6ce855,a- d,
19,prot-1951--ak--14,cdca04e0bc6ce855,a- r,
20,prot-1951--ak--14,cdca04e0bc6ce855,a- r,
21,prot-1951--ak--14,cdca04e0bc6ce855,t- t,
22,prot-1951--ak--14,cdca04e0bc6ce855,k- b,
23,prot-1951--ak--14,cdca04e0bc6ce855,t- r,
24,prot-1951--ak--14,cdca04e0bc6ce855,s- b,
25,prot-1951--ak--14,cdca04e0bc6ce855,p- l,
26,prot-1951--ak--14,cdca04e0bc6ce855,b- l,
27,prot-1951--ak--14,cdca04e0bc6ce855,a- g,
28,prot-1951--ak--14,cdca04e0bc6ce855,g- r,
29,prot-1951--ak--14,cdca04e0bc6ce855,k- b,
30,prot-1951--ak--14,cdca04e0bc6ce855,n- s,
31,prot-1951--ak--14,cdca04e0bc6ce855,i- s,
0,prot-1951--ak--14,cdca04e0bc6ce855,r- k,
1,prot-1951--ak--14,cdca04e0bc6ce855,n- n,
2,prot-1951--ak--14,cdca04e0bc6ce855,n- s,
3,prot-1951--ak--14,cdca04e0bc6ce855,e- k,
4,prot-1951--ak--14,cdca04e0bc6ce855,n- c,
5,prot-1951--ak--14,cdca04e0bc6ce855,t- t,
6,prot-1951--ak--14,cdca04e0bc6ce855,s- m,
7,prot-1951--ak--14,cdca04e0bc6ce855,p- l,
8,prot-1951--ak--14,cdca04e0bc6ce855,n- d,
9,prot-1951--ak--14,cdca04e0bc6ce855,e- t,
10,prot-1951--ak--14,cdca04e0bc6ce855,n- n,
11,prot-1951--ak--14,cdca04e0bc6ce855,e- t,
12,prot-1951--ak--14,cdca04e0bc6ce855,å- t,
13,prot-1951--ak--14,cdca04e0bc6ce855,m- s,
14,prot-1951--ak--14,cdca04e0bc6ce855,s- d,
15,prot-1951--ak--14,cdca04e0bc6ce855,n- d,
16,prot-1951--ak--14,cdca04e0bc6ce855,a- g,
17,prot-1951--ak--14,cdca04e0bc6ce855,s- s,
18,prot-1951--ak--14,cdca04e0bc6ce855,a- g,
19,prot-1951--ak--14,cdca04e0bc6ce855,o- n,
20,prot-1951--ak--14,cdca04e0bc6ce855,l- m,
21,prot-1951--ak--14,cdca04e0bc6ce855,s- u,
22,prot-1951--ak--14,cdca04e0bc6ce855,r- k,
23,prot-1951--ak--14,cdca04e0bc6ce855,ö- d,
24,prot-1951--ak--14,cdca04e0bc6ce855,e- t,
25,prot-1951--ak--14,cdca04e0bc6ce855,l- k,
26,prot-1951--ak--14,cdca04e0bc6ce855,e- b,
27,prot-1951--ak--14,cdca04e0bc6ce855,o- k,
28,prot-1951--ak--14,cdca04e0bc6ce855,u- m,
29,prot-1951--ak--14,cdca04e0bc6ce855,t- t,
0,prot-1951--ak--14,cdca04e0bc6ce855,n- s,
1,prot-1951--ak--14,cdca04e0bc6ce855,l- d,
2,prot-1951--ak--14,cdca04e0bc6ce855,l- l,
3,prot-1951--ak--14,cdca04e0bc6ce855,e- l,
4,prot-1951--ak--14,cdca04e0bc6ce855,i- c,
5,prot-1951--ak--14,cdca04e0bc6ce855,m- h,
6,prot-1951--ak--14,cdca04e0bc6ce855,a- t,
7,prot-1951--ak--14,cdca04e0bc6ce855,m- h,
8,prot-1951--ak--14,cdca04e0bc6ce855,t- n,
9,prot-1951--ak--14,cdca04e0bc6ce855,d- l,
10,prot-1951--ak--14,cdca04e0bc6ce855,m- s,
11,prot-1951--ak--14,cdca04e0bc6ce855,n- h,
12,prot-1951--ak--14,cdca04e0bc6ce855,n- d,
13,prot-1951--ak--14,cdca04e0bc6ce855,l- s,
14,prot-1951--ak--14,cdca04e0bc6ce855,k- t,
15,prot-1951--ak--14,cdca04e0bc6ce855,i- t,
16,prot-1951--ak--14,cdca04e0bc6ce855,å- g,
17,prot-1951--ak--14,cdca04e0bc6ce855,r- s,
18,prot-1951--ak--14,cdca04e0bc6ce855,l- p,
19,prot-1951--ak--14,cdca04e0bc6ce855,t- s,
20,prot-1951--ak--14,cdca04e0bc6ce855,o- n,
21,prot-1951--ak--14,cdca04e0bc6ce855,t- s,
22,prot-1951--ak--14,cdca04e0bc6ce855,e- l,
23,prot-1951--ak--14,cdca04e0bc6ce855,n- t,
24,prot-1951--ak--14,cdca04e0bc6ce855,ä- v,
25,prot-1951--ak--14,cdca04e0bc6ce855,o- m,
26,prot-1951--ak--14,cdca04e0bc6ce855,i- g,
27,prot-1951--ak--14,cdca04e0bc6ce855,m- n,
28,prot-1951--ak--14,cdca04e0bc6ce855,e- p,
29,prot-1951--ak--14,cdca04e0bc6ce855,m- l,
30,prot-1951--ak--14,cdca04e0bc6ce855,n- t,
31,prot-1951--ak--14,cdca04e0bc6ce855,a- g,
32,prot-1951--ak--14,cdca04e0bc6ce855,i- t,
0,prot-1951--ak--14,cdca04e0bc6ce855,i- g,
1,prot-1951--ak--14,cdca04e0bc6ce855,o- g,
2,prot-1951--ak--14,cdca04e0bc6ce855,e- k,
3,prot-1951--ak--14,cdca04e0bc6ce855,i- v,
4,prot-1951--ak--14,cdca04e0bc6ce855,t- n,
5,prot-1951--ak--14,cdca04e0bc6ce855,r- d,
6,prot-1951--ak--14,cdca04e0bc6ce855,r- t,
7,prot-1951--ak--14,cdca04e0bc6ce855,e- t,
8,prot-1951--ak--14,cdca04e0bc6ce855,m- h,
9,prot-1951--ak--14,cdca04e0bc6ce855,s- k,
10,prot-1951--ak--14,cdca04e0bc6ce855,a- g,
11,prot-1951--ak--14,cdca04e0bc6ce855,n- n,
12,prot-1951--ak--14,cdca04e0bc6ce855,l- v,
13,prot-1951--ak--14,cdca04e0bc6ce855,o- r,
14,prot-1951--ak--14,cdca04e0bc6ce855,t- s,
15,prot-1951--ak--14,cdca04e0bc6ce855,n- m,
16,prot-1951--ak--14,cdca04e0bc6ce855,c- k,
17,prot-1951--ak--14,cdca04e0bc6ce855,ö- r,
18,prot-1951--ak--14,cdca04e0bc6ce855,e- r,
19,prot-1951--ak--14,cdca04e0bc6ce855,e- t,
20,prot-1951--ak--14,cdca04e0bc6ce855,j- l,
21,prot-1951--ak--14,cdca04e0bc6ce855,e- t,
22,prot-1951--ak--14,cdca04e0bc6ce855,r- k,
23,prot-1951--ak--14,cdca04e0bc6ce855,r- i,
24,prot-1951--ak--14,cdca04e0bc6ce855,n- t,
25,prot-1951--ak--14,cdca04e0bc6ce855,r- k,
26,prot-1951--ak--14,cdca04e0bc6ce855,v- d,
27,prot-1951--ak--14,cdca04e0bc6ce855,r- l,
28,prot-1951--ak--14,cdca04e0bc6ce855,l- l,
29,prot-1951--ak--14,cdca04e0bc6ce855,c- k,
30,prot-1951--ak--14,cdca04e0bc6ce855,l- m,
0,prot-1951--ak--14,cdca04e0bc6ce855,c- k,
1,prot-1951--ak--14,cdca04e0bc6ce855,t- r,
2,prot-1951--ak--14,cdca04e0bc6ce855,p- f,
3,prot-1951--ak--14,cdca04e0bc6ce855,t- g,
4,prot-1951--ak--14,cdca04e0bc6ce855,d- n,
5,prot-1951--ak--14,cdca04e0bc6ce855,l- f,
6,prot-1951--ak--14,cdca04e0bc6ce855,e- h,
7,prot-1951--ak--14,cdca04e0bc6ce855,t- m,
8,prot-1951--ak--14,cdca04e0bc6ce855,e- l,
9,prot-1951--ak--14,cdca04e0bc6ce855,ä- r,
10,prot-1951--ak--14,cdca04e0bc6ce855,o- g,
11,prot-1951--ak--14,cdca04e0bc6ce855,e- s,
12,prot-1951--ak--14,cdca04e0bc6ce855,l- n,
13,prot-1951--ak--14,cdca04e0bc6ce855,r- v,
14,prot-1951--ak--14,cdca04e0bc6ce855,f- t,
15,prot-1951--ak--14,cdca04e0bc6ce855,a- s,
16,prot-1951--ak--14,cdca04e0bc6ce855,ä- v,
17,prot-1951--ak--14,cdca04e0bc6ce855,r- n,
18,prot-1951--ak--14,cdca04e0bc6ce855,o- l,
19,prot-1951--ak--14,cdca04e0bc6ce855,t- f,
20,prot-1951--ak--14,cdca04e0bc6ce855,n- g,
21,prot-1951--ak--14,cdca04e0bc6ce855,a- r,
22,prot-1951--ak--14,cdca04e0bc6ce855,v- d,
23,prot-1951--ak--14,cdca04e0bc6ce855,a- s,
24,prot-1951--ak--14,cdca04e0bc6ce855,d- g,
25,prot-1951--ak--14,cdca04e0bc6ce855,r- t,
26,prot-1951--ak--14,cdca04e0bc6ce855,s- s,
27,prot-1951--ak--14,cdca04e0bc6ce855,a- t,
0,prot-1951--ak--14,cdca04e0bc6ce855,d- l,
1,prot-1951--ak--14,cdca04e0bc6ce855,r- m,
2,prot-1951--ak--14,cdca04e0bc6ce855,e- r,
3,prot-1951--ak--14,cdca04e0bc6ce855,m- n,
4,prot-1951--ak--14,cdca04e0bc6ce855,t- f,
5,prot-1951--ak--14,cdca04e0bc6ce855,k- s,
6,prot-1951--ak--14,cdca04e0bc6ce855,s- d,
7,prot-1951--ak--14,cdca04e0bc6ce855,e- s,
8,prot-1951--ak--14,cdca04e0bc6ce855,s- r,
9,prot-1951--ak--14,cdca04e0bc6ce855,n- t,
10,prot-1951--ak--14,cdca04e0bc6ce855,å- d,
11,prot-1951--ak--14,cdca04e0bc6ce855,r- m,
12,prot-1951--ak--14,cdca04e0bc6ce855,d- v,
13,prot-1951--ak--14,cdca04e0bc6ce855,r- s,
14,prot-1951--ak--14,cdca04e0bc6ce855,n- n,
15,prot-1951--ak--14,cdca04e0bc6ce855,l- l,
16,prot-1951--ak--14,cdca04e0bc6ce855,i- t,
17,prot-1951--ak--14,cdca04e0bc6ce855,o- p,
18,prot-1951--ak--14,cdca04e0bc6ce855,s- n,
0,prot-1951--ak--14,cdca04e0bc6ce855,r- j,
1,prot-1951--ak--14,cdca04e0bc6ce855,r- k,
2,prot-1951--ak--14,cdca04e0bc6ce855,o- s,
3,prot-1951--ak--14,cdca04e0bc6ce855,o- t,
4,prot-1951--ak--14,cdca04e0bc6ce855,s- d,
5,prot-1951--ak--14,cdca04e0bc6ce855,e- v,
6,prot-1951--ak--14,cdca04e0bc6ce855,t- o,
7,prot-1951--ak--14,cdca04e0bc6ce855,g- n,
8,prot-1951--ak--14,cdca04e0bc6ce855,n- g,
9,prot-1951--ak--14,cdca04e0bc6ce855,n- s,
10,prot-1951--ak--14,cdca04e0bc6ce855,r- s,
11,prot-1951--ak--14,cdca04e0bc6ce855,a- t,
12,prot-1951--ak--14,cdca04e0bc6ce855,t- r,
13,prot-1951--ak--14,cdca04e0bc6ce855,e- r,
14,prot-1951--ak--14,cdca04e0bc6ce855,n- s,
15,prot-1951--ak--14,cdca04e0bc6ce855,y- s,
16,prot-1951--ak--14,cdca04e0bc6ce855,n- r,
17,prot-1951--ak--14,cdca04e0bc6ce855,r- t,
18,prot-1951--ak--14,cdca04e0bc6ce855,s- o,
19,prot-1951--ak--14,cdca04e0bc6ce855,n- s,
20,prot-1951--ak--14,cdca04e0bc6ce855,a- m,
21,prot-1951--ak--14,cdca04e0bc6ce855,n- t,
22,prot-1951--ak--14,cdca04e0bc6ce855,m- m,
23,prot-1951--ak--14,cdca04e0bc6ce855,s- v,
24,prot-1951--ak--14,cdca04e0bc6ce855,n- d,
25,prot-1951--ak--14,cdca04e0bc6ce855,n- d,
26,prot-1951--ak--14,cdca04e0bc6ce855,r- t,
27,prot-1951--ak--14,cdca04e0bc6ce855,o- g,
28,prot-1951--ak--14,cdca04e0bc6ce855,s- k,
29,prot-1951--ak--14,cdca04e0bc6ce855,m- m,
30,prot-1951--ak--14,cdca04e0bc6ce855,o- l,
31,prot-1951--ak--14,cdca04e0bc6ce855,r- b,
32,prot-1951--ak--14,cdca04e0bc6ce855,i- m,
0,prot-1951--ak--14,7b16a01c980ae2ac,"g
f",
1,prot-1951--ak--14,cdca04e0bc6ce855,k- d,
2,prot-1951--ak--14,cdca04e0bc6ce855,p- r,
3,prot-1951--ak--14,cdca04e0bc6ce855,i- d,
4,prot-1951--ak--14,cdca04e0bc6ce855,e- t,
5,prot-1951--ak--14,cdca04e0bc6ce855,s- k,
6,prot-1951--ak--14,cdca04e0bc6ce855,n- p,
7,prot-1951--ak--14,cdca04e0bc6ce855,å- d,
8,prot-1951--ak--14,cdca04e0bc6ce855,k- n,
9,prot-1951--ak--14,cdca04e0bc6ce855,i- g,
10,prot-1951--ak--14,cdca04e0bc6ce855,r- s,
11,prot-1951--ak--14,cdca04e0bc6ce855,s- l,
12,prot-1951--ak--14,cdca04e0bc6ce855,n- h,
13,prot-1951--ak--14,cdca04e0bc6ce855,s- d,
14,prot-1951--ak--14,cdca04e0bc6ce855,j- l,
15,prot-1951--ak--14,cdca04e0bc6ce855,n- d,
16,prot-1951--ak--14,cdca04e0bc6ce855,t- s,
17,prot-1951--ak--14,cdca04e0bc6ce855,p- g,
18,prot-1951--ak--14,cdca04e0bc6ce855,o- m,
19,prot-1951--ak--14,cdca04e0bc6ce855,k- s,
20,prot-1951--ak--14,cdca04e0bc6ce855,ö- r,
21,prot-1951--ak--14,cdca04e0bc6ce855,j- l,
22,prot-1951--ak--14,cdca04e0bc6ce855,a- m,
23,prot-1951--ak--14,cdca04e0bc6ce855,s- d,
24,prot-1951--ak--14,cdca04e0bc6ce855,t- g,
25,prot-1951--ak--14,cdca04e0bc6ce855,n- p,
26,prot-1951--ak--14,cdca04e0bc6ce855,l- m,
27,prot-1951--ak--14,cdca04e0bc6ce855,m- s,
28,prot-1951--ak--14,cdca04e0bc6ce855,k- l,
29,prot-1951--ak--14,cdca04e0bc6ce855,r- s,
30,prot-1951--ak--14,cdca04e0bc6ce855,s- r,
31,prot-1951--ak--14,cdca04e0bc6ce855,m- f,
32,prot-1951--ak--14,cdca04e0bc6ce855,s- r,
33,prot-1951--ak--14,cdca04e0bc6ce855,s- f,
34,prot-1951--ak--14,cdca04e0bc6ce855,r- m,
0,prot-1951--ak--14,cdca04e0bc6ce855,i- s,
1,prot-1951--ak--14,cdca04e0bc6ce855,a- v,
2,prot-1951--ak--14,cdca04e0bc6ce855,t- t,
3,prot-1951--ak--14,cdca04e0bc6ce855,m- m,
4,prot-1951--ak--14,cdca04e0bc6ce855,n- s,
5,prot-1951--ak--14,cdca04e0bc6ce855,j- l,
6,prot-1951--ak--14,cdca04e0bc6ce855,t- v,
7,prot-1951--ak--14,cdca04e0bc6ce855,e- l,
8,prot-1951--ak--14,cdca04e0bc6ce855,a- r,
9,prot-1951--ak--14,cdca04e0bc6ce855,n- n,
10,prot-1951--ak--14,cdca04e0bc6ce855,s- l,
11,prot-1951--ak--14,cdca04e0bc6ce855,l- n,
12,prot-1951--ak--14,cdca04e0bc6ce855,d- b,
13,prot-1951--ak--14,cdca04e0bc6ce855,k- h,
14,prot-1951--ak--14,cdca04e0bc6ce855,k- s,
15,prot-1951--ak--14,cdca04e0bc6ce855,t- g,
16,prot-1951--ak--14,cdca04e0bc6ce855,v- a,
17,prot-1951--ak--14,cdca04e0bc6ce855,t- s,
18,prot-1951--ak--14,cdca04e0bc6ce855,t- k,
19,prot-1951--ak--14,cdca04e0bc6ce855,n- o,
20,prot-1951--ak--14,cdca04e0bc6ce855,i- k,
21,prot-1951--ak--14,cdca04e0bc6ce855,n- p,
0,prot-1951--ak--14,7b16a01c980ae2ac,"e
g",
1,prot-1951--ak--14,cdca04e0bc6ce855,k- t,
2,prot-1951--ak--14,cdca04e0bc6ce855,r- k,
3,prot-1951--ak--14,cdca04e0bc6ce855,r- s,
4,prot-1951--ak--14,cdca04e0bc6ce855,o- n,
5,prot-1951--ak--14,cdca04e0bc6ce855,t- o,
6,prot-1951--ak--14,cdca04e0bc6ce855,r- t,
7,prot-1951--ak--14,cdca04e0bc6ce855,m- m,
8,prot-1951--ak--14,cdca04e0bc6ce855,t- r,
9,prot-1951--ak--14,cdca04e0bc6ce855,e- b,
10,prot-1951--ak--14,cdca04e0bc6ce855,t- o,
11,prot-1951--ak--14,cdca04e0bc6ce855,g- e,
12,prot-1951--ak--14,cdca04e0bc6ce855,p- s,
13,prot-1951--ak--14,cdca04e0bc6ce855,i- t,
14,prot-1951--ak--14,cdca04e0bc6ce855,r- l,
15,prot-1951--ak--14,cdca04e0bc6ce855,i- g,
16,prot-1951--ak--14,cdca04e0bc6ce855,o- c,
17,prot-1951--ak--14,cdca04e0bc6ce855,s- r,
18,prot-1951--ak--14,cdca04e0bc6ce855,l- g,
19,prot-1951--ak--14,cdca04e0bc6ce855,n- n,
20,prot-1951--ak--14,cdca04e0bc6ce855,e- l,
21,prot-1951--ak--14,cdca04e0bc6ce855,u- t,
22,prot-1951--ak--14,cdca04e0bc6ce855,e- h,
23,prot-1951--ak--14,cdca04e0bc6ce855,g- e,
24,prot-1951--ak--14,cdca04e0bc6ce855,a- r,
25,prot-1951--ak--14,cdca04e0bc6ce855,s- f,
26,prot-1951--ak--14,cdca04e0bc6ce855,s- s,
27,prot-1951--ak--14,cdca04e0bc6ce855,e- t,
0,prot-1951--ak--14,7b16a01c980ae2ac,"e
y",
1,prot-1951--ak--14,7b16a01c980ae2ac,"r
s",
2,prot-1951--ak--14,cdca04e0bc6ce855,e- m,
3,prot-1951--ak--14,cdca04e0bc6ce855,a- t,
4,prot-1951--ak--14,cdca04e0bc6ce855,n- s,
5,prot-1951--ak--14,cdca04e0bc6ce855,i- g,
6,prot-1951--ak--14,cdca04e0bc6ce855,e- n,
7,prot-1951--ak--14,cdca04e0bc6ce855,n- p,
8,prot-1951--ak--14,cdca04e0bc6ce855,l- l,
9,prot-1951--ak--14,cdca04e0bc6ce855,o- n,
10,prot-1951--ak--14,cdca04e0bc6ce855,k- t,
11,prot-1951--ak--14,cdca04e0bc6ce855,i- f,
12,prot-1951--ak--14,cdca04e0bc6ce855,o- p,
13,prot-1951--ak--14,cdca04e0bc6ce855,l- l,
14,prot-1951--ak--14,cdca04e0bc6ce855,o- s,
15,prot-1951--ak--14,cdca04e0bc6ce855,o- s,
16,prot-1951--ak--14,cdca04e0bc6ce855,s- n,
17,prot-1951--ak--14,cdca04e0bc6ce855,i- f,
18,prot-1951--ak--14,cdca04e0bc6ce855,m- s,
19,prot-1951--ak--14,cdca04e0bc6ce855,v- l,
20,prot-1951--ak--14,cdca04e0bc6ce855,o- s,
0,prot-1951--ak--14,cdca04e0bc6ce855,a- b,
1,prot-1951--ak--14,cdca04e0bc6ce855,o- r,
2,prot-1951--ak--14,cdca04e0bc6ce855,d- k,
3,prot-1951--ak--14,cdca04e0bc6ce855,v- l,
4,prot-1951--ak--14,cdca04e0bc6ce855,a- d,
5,prot-1951--ak--14,cdca04e0bc6ce855,r- t,
6,prot-1951--ak--14,cdca04e0bc6ce855,o- n,
7,prot-1951--ak--14,cdca04e0bc6ce855,r- s,
8,prot-1951--ak--14,cdca04e0bc6ce855,o- l,
9,prot-1951--ak--14,cdca04e0bc6ce855,o- l,
10,prot-1951--ak--14,cdca04e0bc6ce855,v- l,
11,prot-1951--ak--14,cdca04e0bc6ce855,e- b,
12,prot-1951--ak--14,cdca04e0bc6ce855,d- g,
13,prot-1951--ak--14,cdca04e0bc6ce855,l- m,
14,prot-1951--ak--14,cdca04e0bc6ce855,s- d,
15,prot-1951--ak--14,cdca04e0bc6ce855,g- s,
16,prot-1951--ak--14,cdca04e0bc6ce855,o- l,
17,prot-1951--ak--14,cdca04e0bc6ce855,i- o,
18,prot-1951--ak--14,cdca04e0bc6ce855,m- l,
19,prot-1951--ak--14,cdca04e0bc6ce855,g- s,
20,prot-1951--ak--14,cdca04e0bc6ce855,e- b,
21,prot-1951--ak--14,cdca04e0bc6ce855,i- t,
22,prot-1951--ak--14,cdca04e0bc6ce855,s- n,
0,prot-1951--ak--14,cdca04e0bc6ce855,f- f,
1,prot-1951--ak--14,cdca04e0bc6ce855,r- s,
2,prot-1951--ak--14,cdca04e0bc6ce855,u- d,
3,prot-1951--ak--14,cdca04e0bc6ce855,f- f,
4,prot-1951--ak--14,cdca04e0bc6ce855,e- c,
5,prot-1951--ak--14,cdca04e0bc6ce855,k- h,
6,prot-1951--ak--14,cdca04e0bc6ce855,i- t,
7,prot-1951--ak--14,cdca04e0bc6ce855,s- n,
8,prot-1951--ak--14,cdca04e0bc6ce855,o- l,
9,prot-1951--ak--14,cdca04e0bc6ce855,m- l,
10,prot-1951--ak--14,cdca04e0bc6ce855,n- s,
11,prot-1951--ak--14,cdca04e0bc6ce855,e- r,
12,prot-1951--ak--14,cdca04e0bc6ce855,l- m,
13,prot-1951--ak--14,cdca04e0bc6ce855,n- n,
14,prot-1951--ak--14,cdca04e0bc6ce855,o- f,
15,prot-1951--ak--14,cdca04e0bc6ce855,t- s,
16,prot-1951--ak--14,cdca04e0bc6ce855,t- t,
17,prot-1951--ak--14,cdca04e0bc6ce855,o- n,
18,prot-1951--ak--14,cdca04e0bc6ce855,e- g,
19,prot-1951--ak--14,cdca04e0bc6ce855,s- d,
20,prot-1951--ak--14,cdca04e0bc6ce855,i- c,
21,prot-1951--ak--14,cdca04e0bc6ce855,r- v,
22,prot-1951--ak--14,cdca04e0bc6ce855,t- s,
23,prot-1951--ak--14,cdca04e0bc6ce855,t- t,
24,prot-1951--ak--14,cdca04e0bc6ce855,e- h,
0,prot-1951--ak--14,cdca04e0bc6ce855,m- l,
1,prot-1951--ak--14,cdca04e0bc6ce855,s- t,
2,prot-1951--ak--14,cdca04e0bc6ce855,c- k,
3,prot-1951--ak--14,cdca04e0bc6ce855,t- h,
4,prot-1951--ak--14,cdca04e0bc6ce855,e- t,
5,prot-1951--ak--14,cdca04e0bc6ce855,e- h,
6,prot-1951--ak--14,cdca04e0bc6ce855,n- n,
7,prot-1951--ak--14,cdca04e0bc6ce855,l- s,
8,prot-1951--ak--14,cdca04e0bc6ce855,n- h,
9,prot-1951--ak--14,cdca04e0bc6ce855,r- f,
10,prot-1951--ak--14,cdca04e0bc6ce855,t- t,
11,prot-1951--ak--14,cdca04e0bc6ce855,a- g,
12,prot-1951--ak--14,cdca04e0bc6ce855,s- d,
13,prot-1951--ak--14,cdca04e0bc6ce855,o- r,
14,prot-1951--ak--14,cdca04e0bc6ce855,o- p,
15,prot-1951--ak--14,cdca04e0bc6ce855,i- f,
16,prot-1951--ak--14,cdca04e0bc6ce855,o- s,
17,prot-1951--ak--14,cdca04e0bc6ce855,r- k,
18,prot-1951--ak--14,cdca04e0bc6ce855,k- t,
19,prot-1951--ak--14,cdca04e0bc6ce855,t- t,
20,prot-1951--ak--14,cdca04e0bc6ce855,r- v,
21,prot-1951--ak--14,cdca04e0bc6ce855,r- d,
22,prot-1951--ak--14,cdca04e0bc6ce855,r- k,
23,prot-1951--ak--14,cdca04e0bc6ce855,i- d,
24,prot-1951--ak--14,cdca04e0bc6ce855,s- d,
25,prot-1951--ak--14,cdca04e0bc6ce855,n- s,
26,prot-1951--ak--14,cdca04e0bc6ce855,e- s,
0,prot-1951--ak--14,7b16a01c980ae2ac,",
a",
1,prot-1951--ak--14,7b16a01c980ae2ac,",
a",
2,prot-1951--ak--14,cdca04e0bc6ce855,l- s,
3,prot-1951--ak--14,cdca04e0bc6ce855,t- å,
4,prot-1951--ak--14,cdca04e0bc6ce855,s- a,
5,prot-1951--ak--14,cdca04e0bc6ce855,n- s,
6,prot-1951--ak--14,cdca04e0bc6ce855,v- s,
7,prot-1951--ak--14,cdca04e0bc6ce855,e- m,
8,prot-1951--ak--14,cdca04e0bc6ce855,p- n,
9,prot-1951--ak--14,cdca04e0bc6ce855,t- å,
10,prot-1951--ak--14,cdca04e0bc6ce855,r- s,
11,prot-1951--ak--14,cdca04e0bc6ce855,ä- r,
12,prot-1951--ak--14,cdca04e0bc6ce855,r- t,
13,prot-1951--ak--14,cdca04e0bc6ce855,t- å,
14,prot-1951--ak--14,cdca04e0bc6ce855,v- s,
15,prot-1951--ak--14,cdca04e0bc6ce855,l- l,
16,prot-1951--ak--14,cdca04e0bc6ce855,n- n,
17,prot-1951--ak--14,cdca04e0bc6ce855,ö- n,
18,prot-1951--ak--14,cdca04e0bc6ce855,i- k,
19,prot-1951--ak--14,cdca04e0bc6ce855,s- t,
20,prot-1951--ak--14,cdca04e0bc6ce855,l- l,
21,prot-1951--ak--14,cdca04e0bc6ce855,t- s,
22,prot-1951--ak--14,cdca04e0bc6ce855,o- d,
23,prot-1951--ak--14,cdca04e0bc6ce855,r- d,
24,prot-1951--ak--14,cdca04e0bc6ce855,g- a,
25,prot-1951--ak--14,cdca04e0bc6ce855,d- n,
26,prot-1951--ak--14,cdca04e0bc6ce855,o- t,
27,prot-1951--ak--14,cdca04e0bc6ce855,o- t,
28,prot-1951--ak--14,cdca04e0bc6ce855,e- s,
29,prot-1951--ak--14,cdca04e0bc6ce855,ö- n,
30,prot-1951--ak--14,cdca04e0bc6ce855,r- v,
31,prot-1951--ak--14,cdca04e0bc6ce855,l- m,
0,prot-1951--ak--14,cdca04e0bc6ce855,d- n,
1,prot-1951--ak--14,cdca04e0bc6ce855,d- k,
2,prot-1951--ak--14,cdca04e0bc6ce855,r- n,
3,prot-1951--ak--14,cdca04e0bc6ce855,m- m,
4,prot-1951--ak--14,cdca04e0bc6ce855,u- n,
5,prot-1951--ak--14,cdca04e0bc6ce855,r- k,
6,prot-1951--ak--14,cdca04e0bc6ce855,i- n,
7,prot-1951--ak--14,cdca04e0bc6ce855,r- n,
8,prot-1951--ak--14,cdca04e0bc6ce855,r- d,
9,prot-1951--ak--14,cdca04e0bc6ce855,i- d,
10,prot-1951--ak--14,cdca04e0bc6ce855,r- n,
11,prot-1951--ak--14,cdca04e0bc6ce855,e- t,
12,prot-1951--ak--14,cdca04e0bc6ce855,m- p,
13,prot-1951--ak--14,cdca04e0bc6ce855,e- g,
14,prot-1951--ak--14,cdca04e0bc6ce855,k- t,
15,prot-1951--ak--14,cdca04e0bc6ce855,n- j,
16,prot-1951--ak--14,cdca04e0bc6ce855,l- r,
17,prot-1951--ak--14,cdca04e0bc6ce855,u- s,
18,prot-1951--ak--14,cdca04e0bc6ce855,a- l,
19,prot-1951--ak--14,cdca04e0bc6ce855,l- s,
20,prot-1951--ak--14,cdca04e0bc6ce855,e- n,
21,prot-1951--ak--14,cdca04e0bc6ce855,o- v,
22,prot-1951--ak--14,cdca04e0bc6ce855,å- g,
23,prot-1951--ak--14,cdca04e0bc6ce855,a- g,
24,prot-1951--ak--14,cdca04e0bc6ce855,a- t,
25,prot-1951--ak--14,cdca04e0bc6ce855,n- t,
26,prot-1951--ak--14,cdca04e0bc6ce855,l- l,
27,prot-1951--ak--14,cdca04e0bc6ce855,l- l,
28,prot-1951--ak--14,cdca04e0bc6ce855,a- t,
0,prot-1951--ak--14,cdca04e0bc6ce855,l- d,
1,prot-1951--ak--14,cdca04e0bc6ce855,s- u,
2,prot-1951--ak--14,cdca04e0bc6ce855,t- b,
3,prot-1951--ak--14,cdca04e0bc6ce855,r- v,
4,prot-1951--ak--14,cdca04e0bc6ce855,s- n,
5,prot-1951--ak--14,cdca04e0bc6ce855,l- l,
6,prot-1951--ak--14,cdca04e0bc6ce855,n- s,
7,prot-1951--ak--14,cdca04e0bc6ce855,k- n,
8,prot-1951--ak--14,cdca04e0bc6ce855,e- m,
9,prot-1951--ak--14,cdca04e0bc6ce855,l- t,
10,prot-1951--ak--14,cdca04e0bc6ce855,e- f,
11,prot-1951--ak--14,cdca04e0bc6ce855,o- l,
12,prot-1951--ak--14,cdca04e0bc6ce855,r- j,
13,prot-1951--ak--14,cdca04e0bc6ce855,l- m,
14,prot-1951--ak--14,cdca04e0bc6ce855,t- t,
15,prot-1951--ak--14,cdca04e0bc6ce855,t- r,
16,prot-1951--ak--14,cdca04e0bc6ce855,r- n,
17,prot-1951--ak--14,cdca04e0bc6ce855,g- d,
18,prot-1951--ak--14,cdca04e0bc6ce855,l- d,
19,prot-1951--ak--14,cdca04e0bc6ce855,n- n,
20,prot-1951--ak--14,cdca04e0bc6ce855,r- s,
21,prot-1951--ak--14,cdca04e0bc6ce855,e- s,
22,prot-1951--ak--14,cdca04e0bc6ce855,r- v,
23,prot-1951--ak--14,cdca04e0bc6ce855,n- d,
24,prot-1951--ak--14,cdca04e0bc6ce855,e- r,
25,prot-1951--ak--14,cdca04e0bc6ce855,n- n,
26,prot-1951--ak--14,cdca04e0bc6ce855,m- m,
27,prot-1951--ak--14,cdca04e0bc6ce855,e- t,
28,prot-1951--ak--14,cdca04e0bc6ce855,u- v,
29,prot-1951--ak--14,cdca04e0bc6ce855,v- d,
30,prot-1951--ak--14,cdca04e0bc6ce855,e- g,
31,prot-1951--ak--14,cdca04e0bc6ce855,t- n,
32,prot-1951--ak--14,cdca04e0bc6ce855,l- t,
0,prot-1951--ak--14,cdca04e0bc6ce855,o- v,
1,prot-1951--ak--14,cdca04e0bc6ce855,v- å,
2,prot-1951--ak--14,cdca04e0bc6ce855,n- h,
3,prot-1951--ak--14,cdca04e0bc6ce855,e- b,
4,prot-1951--ak--14,cdca04e0bc6ce855,v- å,
5,prot-1951--ak--14,cdca04e0bc6ce855,ö- r,
6,prot-1951--ak--14,cdca04e0bc6ce855,å- l,
7,prot-1951--ak--14,cdca04e0bc6ce855,r- d,
8,prot-1951--ak--14,cdca04e0bc6ce855,r- b,
9,prot-1951--ak--14,cdca04e0bc6ce855,m- m,
10,prot-1951--ak--14,cdca04e0bc6ce855,e- l,
11,prot-1951--ak--14,cdca04e0bc6ce855,ä- r,
12,prot-1951--ak--14,cdca04e0bc6ce855,e- d,
13,prot-1951--ak--14,cdca04e0bc6ce855,o- v,
14,prot-1951--ak--14,cdca04e0bc6ce855,v- å,
15,prot-1951--ak--14,cdca04e0bc6ce855,r- k,
16,prot-1951--ak--14,cdca04e0bc6ce855,r- l,
17,prot-1951--ak--14,cdca04e0bc6ce855,e- d,
18,prot-1951--ak--14,cdca04e0bc6ce855,r- v,
19,prot-1951--ak--14,cdca04e0bc6ce855,j- n,
20,prot-1951--ak--14,cdca04e0bc6ce855,r- r,
21,prot-1951--ak--14,cdca04e0bc6ce855,o- v,
22,prot-1951--ak--14,cdca04e0bc6ce855,g- e,
23,prot-1951--ak--14,cdca04e0bc6ce855,t- r,
24,prot-1951--ak--14,cdca04e0bc6ce855,o- t,
25,prot-1951--ak--14,cdca04e0bc6ce855,j- n,
26,prot-1951--ak--14,cdca04e0bc6ce855,g- g,
27,prot-1951--ak--14,cdca04e0bc6ce855,m- f,
28,prot-1951--ak--14,cdca04e0bc6ce855,a- g,
29,prot-1951--ak--14,cdca04e0bc6ce855,s- n,
30,prot-1951--ak--14,cdca04e0bc6ce855,ä- k,
31,prot-1951--ak--14,cdca04e0bc6ce855,a- d,
32,prot-1951--ak--14,cdca04e0bc6ce855,n- c,
0,prot-1951--ak--14,cdca04e0bc6ce855,m- m,
1,prot-1951--ak--14,cdca04e0bc6ce855,ö- t,
2,prot-1951--ak--14,cdca04e0bc6ce855,ä- g,
3,prot-1951--ak--14,cdca04e0bc6ce855,t- v,
4,prot-1951--ak--14,cdca04e0bc6ce855,m- l,
5,prot-1951--ak--14,cdca04e0bc6ce855,o- v,
6,prot-1951--ak--14,cdca04e0bc6ce855,k- f,
7,prot-1951--ak--14,cdca04e0bc6ce855,r- m,
8,prot-1951--ak--14,cdca04e0bc6ce855,n- s,
9,prot-1951--ak--14,cdca04e0bc6ce855,u- n,
10,prot-1951--ak--14,cdca04e0bc6ce855,k- s,
11,prot-1951--ak--14,cdca04e0bc6ce855,k- f,
12,prot-1951--ak--14,cdca04e0bc6ce855,v- t,
13,prot-1951--ak--14,cdca04e0bc6ce855,e- d,
14,prot-1951--ak--14,cdca04e0bc6ce855,o- v,
15,prot-1951--ak--14,cdca04e0bc6ce855,n- s,
16,prot-1951--ak--14,cdca04e0bc6ce855,o- ä,
17,prot-1951--ak--14,cdca04e0bc6ce855,d- v,
18,prot-1951--ak--14,cdca04e0bc6ce855,r- k,
19,prot-1951--ak--14,cdca04e0bc6ce855,r- m,
20,prot-1951--ak--14,cdca04e0bc6ce855,t- r,
21,prot-1951--ak--14,cdca04e0bc6ce855,r- v,
22,prot-1951--ak--14,cdca04e0bc6ce855,k- s,
23,prot-1951--ak--14,cdca04e0bc6ce855,v- å,
24,prot-1951--ak--14,cdca04e0bc6ce855,t- g,
25,prot-1951--ak--14,cdca04e0bc6ce855,r- b,
26,prot-1951--ak--14,cdca04e0bc6ce855,a- h,
27,prot-1951--ak--14,cdca04e0bc6ce855,d- k,
28,prot-1951--ak--14,cdca04e0bc6ce855,k- t,
29,prot-1951--ak--14,cdca04e0bc6ce855,s- s,
30,prot-1951--ak--14,cdca04e0bc6ce855,a- p,
31,prot-1951--ak--14,cdca04e0bc6ce855,i- t,
32,prot-1951--ak--14,cdca04e0bc6ce855,e- m,
33,prot-1951--ak--14,cdca04e0bc6ce855,r- d,
0,prot-1951--ak--14,cdca04e0bc6ce855,t- v,
1,prot-1951--ak--14,cdca04e0bc6ce855,m- m,
2,prot-1951--ak--14,cdca04e0bc6ce855,n- d,
3,prot-1951--ak--14,cdca04e0bc6ce855,s- u,
4,prot-1951--ak--14,cdca04e0bc6ce855,n- t,
5,prot-1951--ak--14,cdca04e0bc6ce855,m- n,
6,prot-1951--ak--14,cdca04e0bc6ce855,n- d,
7,prot-1951--ak--14,cdca04e0bc6ce855,t- b,
8,prot-1951--ak--14,cdca04e0bc6ce855,å- e,
9,prot-1951--ak--14,cdca04e0bc6ce855,r- d,
10,prot-1951--ak--14,cdca04e0bc6ce855,r- v,
11,prot-1951--ak--14,cdca04e0bc6ce855,t- n,
12,prot-1951--ak--14,cdca04e0bc6ce855,s- l,
13,prot-1951--ak--14,cdca04e0bc6ce855,n- d,
14,prot-1951--ak--14,cdca04e0bc6ce855,v- f,
15,prot-1951--ak--14,cdca04e0bc6ce855,t- n,
16,prot-1951--ak--14,cdca04e0bc6ce855,o- t,
17,prot-1951--ak--14,cdca04e0bc6ce855,r- d,
18,prot-1951--ak--14,cdca04e0bc6ce855,t- t,
19,prot-1951--ak--14,cdca04e0bc6ce855,r- v,
20,prot-1951--ak--14,cdca04e0bc6ce855,a- r,
21,prot-1951--ak--14,cdca04e0bc6ce855,j- n,
22,prot-1951--ak--14,cdca04e0bc6ce855,e- t,
23,prot-1951--ak--14,cdca04e0bc6ce855,r- s,
24,prot-1951--ak--14,cdca04e0bc6ce855,n- n,
25,prot-1951--ak--14,cdca04e0bc6ce855,n- k,
26,prot-1951--ak--14,cdca04e0bc6ce855,d- v,
27,prot-1951--ak--14,cdca04e0bc6ce855,y- g,
28,prot-1951--ak--14,cdca04e0bc6ce855,r- k,
29,prot-1951--ak--14,cdca04e0bc6ce855,f- f,
0,prot-1951--ak--14,cdca04e0bc6ce855,n- d,
1,prot-1951--ak--14,cdca04e0bc6ce855,s- k,
2,prot-1951--ak--14,cdca04e0bc6ce855,r- k,
3,prot-1951--ak--14,cdca04e0bc6ce855,ö- t,
4,prot-1951--ak--14,cdca04e0bc6ce855,m- f,
5,prot-1951--ak--14,cdca04e0bc6ce855,r- k,
6,prot-1951--ak--14,cdca04e0bc6ce855,e- l,
7,prot-1951--ak--14,cdca04e0bc6ce855,s- i,
8,prot-1951--ak--14,cdca04e0bc6ce855,d- k,
9,prot-1951--ak--14,cdca04e0bc6ce855,r- l,
10,prot-1951--ak--14,cdca04e0bc6ce855,g- a,
11,prot-1951--ak--14,cdca04e0bc6ce855,n- n,
12,prot-1951--ak--14,cdca04e0bc6ce855,å- g,
13,prot-1951--ak--14,cdca04e0bc6ce855,r- b,
14,prot-1951--ak--14,cdca04e0bc6ce855,m- f,
15,prot-1951--ak--14,cdca04e0bc6ce855,t- t,
16,prot-1951--ak--14,cdca04e0bc6ce855,d- n,
17,prot-1951--ak--14,cdca04e0bc6ce855,u- d,
18,prot-1951--ak--14,cdca04e0bc6ce855,ä- d,
19,prot-1951--ak--14,cdca04e0bc6ce855,r- s,
20,prot-1951--ak--14,cdca04e0bc6ce855,o- b,
21,prot-1951--ak--14,cdca04e0bc6ce855,e- d,
22,prot-1951--ak--14,cdca04e0bc6ce855,a- m,
23,prot-1951--ak--14,cdca04e0bc6ce855,s- d,
24,prot-1951--ak--14,cdca04e0bc6ce855,a- g,
25,prot-1951--ak--14,cdca04e0bc6ce855,e- m,
26,prot-1951--ak--14,cdca04e0bc6ce855,r- b,
27,prot-1951--ak--14,cdca04e0bc6ce855,g- s,
28,prot-1951--ak--14,cdca04e0bc6ce855,d- t,
29,prot-1951--ak--14,cdca04e0bc6ce855,l- f,
30,prot-1951--ak--14,cdca04e0bc6ce855,e- l,
31,prot-1951--ak--14,cdca04e0bc6ce855,y- d,
0,prot-1951--ak--14,7b16a01c980ae2ac,"m
t",
1,prot-1951--ak--14,cdca04e0bc6ce855,l- b,
2,prot-1951--ak--14,cdca04e0bc6ce855,t- s,
3,prot-1951--ak--14,cdca04e0bc6ce855,e- n,
4,prot-1951--ak--14,cdca04e0bc6ce855,å- n,
5,prot-1951--ak--14,cdca04e0bc6ce855,s- l,
6,prot-1951--ak--14,cdca04e0bc6ce855,r- b,
7,prot-1951--ak--14,cdca04e0bc6ce855,e- r,
8,prot-1951--ak--14,cdca04e0bc6ce855,å- g,
9,prot-1951--ak--14,cdca04e0bc6ce855,r- s,
10,prot-1951--ak--14,cdca04e0bc6ce855,l- r,
11,prot-1951--ak--14,cdca04e0bc6ce855,t- s,
12,prot-1951--ak--14,cdca04e0bc6ce855,ä- r,
13,prot-1951--ak--14,cdca04e0bc6ce855,i- v,
14,prot-1951--ak--14,cdca04e0bc6ce855,n- n,
15,prot-1951--ak--14,cdca04e0bc6ce855,ö- r,
16,prot-1951--ak--14,cdca04e0bc6ce855,i- f,
17,prot-1951--ak--14,cdca04e0bc6ce855,n- h,
18,prot-1951--ak--14,cdca04e0bc6ce855,p- f,
19,prot-1951--ak--14,cdca04e0bc6ce855,l- j,
20,prot-1951--ak--14,cdca04e0bc6ce855,o- n,
21,prot-1951--ak--14,cdca04e0bc6ce855,r- d,
22,prot-1951--ak--14,cdca04e0bc6ce855,u- t,
23,prot-1951--ak--14,cdca04e0bc6ce855,n- d,
24,prot-1951--ak--14,cdca04e0bc6ce855,i- t,
25,prot-1951--ak--14,cdca04e0bc6ce855,c- k,
26,prot-1951--ak--14,cdca04e0bc6ce855,t- s,
27,prot-1951--ak--14,cdca04e0bc6ce855,e- s,
28,prot-1951--ak--14,cdca04e0bc6ce855,å- r,
29,prot-1951--ak--14,cdca04e0bc6ce855,o- d,
30,prot-1951--ak--14,cdca04e0bc6ce855,e- v,
31,prot-1951--ak--14,cdca04e0bc6ce855,d- n,
32,prot-1951--ak--14,cdca04e0bc6ce855,n- s,
0,prot-1951--ak--14,7b16a01c980ae2ac,"r
s",
1,prot-1951--ak--14,cdca04e0bc6ce855,l- l,
2,prot-1951--ak--14,cdca04e0bc6ce855,d- v,
3,prot-1951--ak--14,cdca04e0bc6ce855,o- v,
4,prot-1951--ak--14,cdca04e0bc6ce855,e- s,
5,prot-1951--ak--14,cdca04e0bc6ce855,n- s,
6,prot-1951--ak--14,cdca04e0bc6ce855,l- j,
7,prot-1951--ak--14,cdca04e0bc6ce855,t- s,
8,prot-1951--ak--14,cdca04e0bc6ce855,k- t,
9,prot-1951--ak--14,cdca04e0bc6ce855,o- s,
10,prot-1951--ak--14,cdca04e0bc6ce855,s- n,
11,prot-1951--ak--14,cdca04e0bc6ce855,a- m,
12,prot-1951--ak--14,cdca04e0bc6ce855,r- v,
13,prot-1951--ak--14,cdca04e0bc6ce855,t- t,
14,prot-1951--ak--14,cdca04e0bc6ce855,o- s,
15,prot-1951--ak--14,cdca04e0bc6ce855,n- n,
16,prot-1951--ak--14,cdca04e0bc6ce855,o- t,
17,prot-1951--ak--14,cdca04e0bc6ce855,m- m,
18,prot-1951--ak--14,cdca04e0bc6ce855,s- s,
19,prot-1951--ak--14,cdca04e0bc6ce855,m- s,
20,prot-1951--ak--14,cdca04e0bc6ce855,d- g,
21,prot-1951--ak--14,cdca04e0bc6ce855,m- n,
0,prot-1951--ak--14,cdca04e0bc6ce855,r- s,
1,prot-1951--ak--14,cdca04e0bc6ce855,n- d,
2,prot-1951--ak--14,cdca04e0bc6ce855,a- s,
3,prot-1951--ak--14,cdca04e0bc6ce855,r- v,
4,prot-1951--ak--14,cdca04e0bc6ce855,l- b,
5,prot-1951--ak--14,cdca04e0bc6ce855,l- s,
6,prot-1951--ak--14,cdca04e0bc6ce855,l- l,
7,prot-1951--ak--14,cdca04e0bc6ce855,m- m,
8,prot-1951--ak--14,cdca04e0bc6ce855,p- p,
9,prot-1951--ak--14,cdca04e0bc6ce855,n- n,
10,prot-1951--ak--14,cdca04e0bc6ce855,r- g,
11,prot-1951--ak--14,cdca04e0bc6ce855,l- ö,
12,prot-1951--ak--14,cdca04e0bc6ce855,a- g,
13,prot-1951--ak--14,cdca04e0bc6ce855,u- m,
14,prot-1951--ak--14,cdca04e0bc6ce855,m- n,
15,prot-1951--ak--14,cdca04e0bc6ce855,s- g,
16,prot-1951--ak--14,cdca04e0bc6ce855,t- ö,
17,prot-1951--ak--14,cdca04e0bc6ce855,n- p,
18,prot-1951--ak--14,cdca04e0bc6ce855,s- b,
19,prot-1951--ak--14,cdca04e0bc6ce855,i- f,
20,prot-1951--ak--14,cdca04e0bc6ce855,l- m,
21,prot-1951--ak--14,cdca04e0bc6ce855,m- m,
22,prot-1951--ak--14,cdca04e0bc6ce855,t- v,
23,prot-1951--ak--14,cdca04e0bc6ce855,r- s,
24,prot-1951--ak--14,cdca04e0bc6ce855,d- r,
25,prot-1951--ak--14,cdca04e0bc6ce855,i- g,
0,prot-1951--ak--14,7b16a01c980ae2ac,"l
b",
1,prot-1951--ak--14,7b16a01c980ae2ac,"a
a",
2,prot-1951--ak--14,cdca04e0bc6ce855,g- e,
3,prot-1951--ak--14,cdca04e0bc6ce855,l- n,
4,prot-1951--ak--14,cdca04e0bc6ce855,s- c,
5,prot-1951--ak--14,cdca04e0bc6ce855,t- s,
6,prot-1951--ak--14,cdca04e0bc6ce855,l- s,
7,prot-1951--ak--14,cdca04e0bc6ce855,e- m,
8,prot-1951--ak--14,cdca04e0bc6ce855,l- s,
9,prot-1951--ak--14,cdca04e0bc6ce855,o- s,
10,prot-1951--ak--14,cdca04e0bc6ce855,m- s,
11,prot-1951--ak--14,cdca04e0bc6ce855,o- g,
12,prot-1951--ak--14,cdca04e0bc6ce855,a- r,
13,prot-1951--ak--14,cdca04e0bc6ce855,m- m,
14,prot-1951--ak--14,cdca04e0bc6ce855,o- s,
15,prot-1951--ak--14,cdca04e0bc6ce855,m- m,
16,prot-1951--ak--14,cdca04e0bc6ce855,l- h,
17,prot-1951--ak--14,cdca04e0bc6ce855,l- ö,
18,prot-1951--ak--14,cdca04e0bc6ce855,v- d,
19,prot-1951--ak--14,cdca04e0bc6ce855,r- s,
20,prot-1951--ak--14,cdca04e0bc6ce855,l- s,
21,prot-1951--ak--14,cdca04e0bc6ce855,s- a,
22,prot-1951--ak--14,cdca04e0bc6ce855,r- s,
23,prot-1951--ak--14,cdca04e0bc6ce855,s- a,
24,prot-1951--ak--14,cdca04e0bc6ce855,r- ä,
25,prot-1951--ak--14,cdca04e0bc6ce855,n- l,
26,prot-1951--ak--14,cdca04e0bc6ce855,n- p,
27,prot-1951--ak--14,cdca04e0bc6ce855,e- s,
28,prot-1951--ak--14,cdca04e0bc6ce855,e- l,
29,prot-1951--ak--14,cdca04e0bc6ce855,r- t,
0,prot-1951--ak--14,cdca04e0bc6ce855,m- l,
1,prot-1951--ak--14,cdca04e0bc6ce855,l- e,
2,prot-1951--ak--14,cdca04e0bc6ce855,g- h,
3,prot-1951--ak--14,cdca04e0bc6ce855,n- j,
4,prot-1951--ak--14,cdca04e0bc6ce855,a- å,
5,prot-1951--ak--14,cdca04e0bc6ce855,c- k,
6,prot-1951--ak--14,cdca04e0bc6ce855,n- d,
7,prot-1951--ak--14,cdca04e0bc6ce855,n- k,
8,prot-1951--ak--14,cdca04e0bc6ce855,i- t,
9,prot-1951--ak--14,cdca04e0bc6ce855,i- t,
10,prot-1951--ak--14,cdca04e0bc6ce855,l- s,
11,prot-1951--ak--14,cdca04e0bc6ce855,r- f,
12,prot-1951--ak--14,cdca04e0bc6ce855,n- p,
13,prot-1951--ak--14,cdca04e0bc6ce855,d- r,
14,prot-1951--ak--14,cdca04e0bc6ce855,n- d,
15,prot-1951--ak--14,cdca04e0bc6ce855,e- p,
16,prot-1951--ak--14,cdca04e0bc6ce855,l- u,
17,prot-1951--ak--14,cdca04e0bc6ce855,e- h,
18,prot-1951--ak--14,cdca04e0bc6ce855,s- k,
19,prot-1951--ak--14,cdca04e0bc6ce855,l- u,
20,prot-1951--ak--14,cdca04e0bc6ce855,å- g,
21,prot-1951--ak--14,cdca04e0bc6ce855,y- r,
0,prot-1951--ak--14,7b16a01c980ae2ac,"n
r",
1,prot-1951--ak--14,cdca04e0bc6ce855,l- m,
2,prot-1951--ak--14,cdca04e0bc6ce855,e- b,
3,prot-1951--ak--14,cdca04e0bc6ce855,r- n,
4,prot-1951--ak--14,cdca04e0bc6ce855,o- m,
5,prot-1951--ak--14,cdca04e0bc6ce855,i- d,
6,prot-1951--ak--14,cdca04e0bc6ce855,l- l,
7,prot-1951--ak--14,cdca04e0bc6ce855,k- s,
8,prot-1951--ak--14,cdca04e0bc6ce855,j- k,
9,prot-1951--ak--14,cdca04e0bc6ce855,n- s,
10,prot-1951--ak--14,cdca04e0bc6ce855,ä- g,
11,prot-1951--ak--14,cdca04e0bc6ce855,i- s,
12,prot-1951--ak--14,cdca04e0bc6ce855,g- h,
13,prot-1951--ak--14,cdca04e0bc6ce855,l- g,
14,prot-1951--ak--14,cdca04e0bc6ce855,j- l,
15,prot-1951--ak--14,cdca04e0bc6ce855,ä- r,
16,prot-1951--ak--14,cdca04e0bc6ce855,l- e,
17,prot-1951--ak--14,cdca04e0bc6ce855,n- n,
18,prot-1951--ak--14,cdca04e0bc6ce855,c- k,
19,prot-1951--ak--14,cdca04e0bc6ce855,r- n,
20,prot-1951--ak--14,cdca04e0bc6ce855,v- l,
21,prot-1951--ak--14,cdca04e0bc6ce855,n- d,
22,prot-1951--ak--14,cdca04e0bc6ce855,n- n,
23,prot-1951--ak--14,cdca04e0bc6ce855,e- d,
24,prot-1951--ak--14,cdca04e0bc6ce855,n- d,
25,prot-1951--ak--14,cdca04e0bc6ce855,l- a,
26,prot-1951--ak--14,cdca04e0bc6ce855,l- d,
0,prot-1951--ak--14,cdca04e0bc6ce855,g- n,
1,prot-1951--ak--14,cdca04e0bc6ce855,g- h,
2,prot-1951--ak--14,cdca04e0bc6ce855,i- g,
3,prot-1951--ak--14,cdca04e0bc6ce855,n- n,
4,prot-1951--ak--14,cdca04e0bc6ce855,a- g,
5,prot-1951--ak--14,cdca04e0bc6ce855,l- e,
6,prot-1951--ak--14,cdca04e0bc6ce855,g- h,
7,prot-1951--ak--14,cdca04e0bc6ce855,r- f,
8,prot-1951--ak--14,cdca04e0bc6ce855,l- l,
9,prot-1951--ak--14,cdca04e0bc6ce855,y- n,
10,prot-1951--ak--14,cdca04e0bc6ce855,r- s,
11,prot-1951--ak--14,cdca04e0bc6ce855,s- k,
12,prot-1951--ak--14,cdca04e0bc6ce855,e- r,
13,prot-1951--ak--14,cdca04e0bc6ce855,r- e,
14,prot-1951--ak--14,cdca04e0bc6ce855,u- e,
15,prot-1951--ak--14,cdca04e0bc6ce855,n- k,
16,prot-1951--ak--14,cdca04e0bc6ce855,t- g,
17,prot-1951--ak--14,cdca04e0bc6ce855,m- m,
18,prot-1951--ak--14,cdca04e0bc6ce855,a- t,
19,prot-1951--ak--14,cdca04e0bc6ce855,n- j,
20,prot-1951--ak--14,cdca04e0bc6ce855,å- d,
21,prot-1951--ak--14,cdca04e0bc6ce855,i- v,
22,prot-1951--ak--14,cdca04e0bc6ce855,a- k,
23,prot-1951--ak--14,cdca04e0bc6ce855,k- s,
24,prot-1951--ak--14,cdca04e0bc6ce855,a- m,
25,prot-1951--ak--14,cdca04e0bc6ce855,c- k,
26,prot-1951--ak--14,cdca04e0bc6ce855,r- n,
27,prot-1951--ak--14,cdca04e0bc6ce855,s- m,
28,prot-1951--ak--14,cdca04e0bc6ce855,g- e,
29,prot-1951--ak--14,cdca04e0bc6ce855,r- f,
0,prot-1951--ak--14,7b16a01c980ae2ac,"e
s",
1,prot-1951--ak--14,cdca04e0bc6ce855,e- f,
2,prot-1951--ak--14,cdca04e0bc6ce855,l- s,
3,prot-1951--ak--14,cdca04e0bc6ce855,o- l,
4,prot-1951--ak--14,cdca04e0bc6ce855,a- s,
5,prot-1951--ak--14,cdca04e0bc6ce855,e- s,
6,prot-1951--ak--14,cdca04e0bc6ce855,l- s,
7,prot-1951--ak--14,cdca04e0bc6ce855,i- v,
8,prot-1951--ak--14,cdca04e0bc6ce855,n- d,
9,prot-1951--ak--14,cdca04e0bc6ce855,n- k,
10,prot-1951--ak--14,cdca04e0bc6ce855,e- h,
11,prot-1951--ak--14,cdca04e0bc6ce855,o- r,
12,prot-1951--ak--14,cdca04e0bc6ce855,m- p,
13,prot-1951--ak--14,cdca04e0bc6ce855,a- m,
14,prot-1951--ak--14,cdca04e0bc6ce855,ä- g,
15,prot-1951--ak--14,cdca04e0bc6ce855,n- k,
16,prot-1951--ak--14,cdca04e0bc6ce855,g- h,
17,prot-1951--ak--14,cdca04e0bc6ce855,n- h,
18,prot-1951--ak--14,cdca04e0bc6ce855,n- d,
19,prot-1951--ak--14,cdca04e0bc6ce855,l- e,
20,prot-1951--ak--14,cdca04e0bc6ce855,g- t,
21,prot-1951--ak--14,cdca04e0bc6ce855,x- t,
22,prot-1951--ak--14,cdca04e0bc6ce855,r- l,
23,prot-1951--ak--14,cdca04e0bc6ce855,a- m,
24,prot-1951--ak--14,cdca04e0bc6ce855,l- l,
25,prot-1951--ak--14,cdca04e0bc6ce855,o- l,
26,prot-1951--ak--14,cdca04e0bc6ce855,n- p,
27,prot-1951--ak--14,cdca04e0bc6ce855,k- s,
28,prot-1951--ak--14,cdca04e0bc6ce855,n- v,
29,prot-1951--ak--14,cdca04e0bc6ce855,r- b,
30,prot-1951--ak--14,cdca04e0bc6ce855,c- k,
31,prot-1951--ak--14,cdca04e0bc6ce855,l- g,
0,prot-1951--ak--14,cdca04e0bc6ce855,r- f,
1,prot-1951--ak--14,cdca04e0bc6ce855,c- k,
2,prot-1951--ak--14,cdca04e0bc6ce855,a- k,
3,prot-1951--ak--14,cdca04e0bc6ce855,d- n,
4,prot-1951--ak--14,cdca04e0bc6ce855,n- d,
5,prot-1951--ak--14,cdca04e0bc6ce855,r- o,
6,prot-1951--ak--14,cdca04e0bc6ce855,l- g,
7,prot-1951--ak--14,cdca04e0bc6ce855,å- g,
8,prot-1951--ak--14,cdca04e0bc6ce855,i- s,
9,prot-1951--ak--14,cdca04e0bc6ce855,e- l,
10,prot-1951--ak--14,cdca04e0bc6ce855,a- m,
11,prot-1951--ak--14,cdca04e0bc6ce855,s- n,
12,prot-1951--ak--14,cdca04e0bc6ce855,r- n,
13,prot-1951--ak--14,cdca04e0bc6ce855,a- v,
14,prot-1951--ak--14,cdca04e0bc6ce855,s- n,
15,prot-1951--ak--14,cdca04e0bc6ce855,e- n,
16,prot-1951--ak--14,cdca04e0bc6ce855,n- k,
17,prot-1951--ak--14,cdca04e0bc6ce855,g- a,
18,prot-1951--ak--14,cdca04e0bc6ce855,k- s,
19,prot-1951--ak--14,cdca04e0bc6ce855,m- n,
20,prot-1951--ak--14,cdca04e0bc6ce855,i- g,
21,prot-1951--ak--14,cdca04e0bc6ce855,l- l,
22,prot-1951--ak--14,cdca04e0bc6ce855,s- f,
23,prot-1951--ak--14,cdca04e0bc6ce855,k- s,
24,prot-1951--ak--14,cdca04e0bc6ce855,m- m,
25,prot-1951--ak--14,cdca04e0bc6ce855,o- l,
26,prot-1951--ak--14,cdca04e0bc6ce855,l- k,
27,prot-1951--ak--14,cdca04e0bc6ce855,k- s,
0,prot-1951--ak--14,cdca04e0bc6ce855,k- s,
1,prot-1951--ak--14,cdca04e0bc6ce855,l- m,
2,prot-1951--ak--14,cdca04e0bc6ce855,n- d,
3,prot-1951--ak--14,cdca04e0bc6ce855,l- l,
4,prot-1951--ak--14,cdca04e0bc6ce855,t- s,
5,prot-1951--ak--14,cdca04e0bc6ce855,t- g,
6,prot-1951--ak--14,cdca04e0bc6ce855,o- v,
7,prot-1951--ak--14,cdca04e0bc6ce855,m- m,
8,prot-1951--ak--14,cdca04e0bc6ce855,n- d,
9,prot-1951--ak--14,cdca04e0bc6ce855,n- k,
10,prot-1951--ak--14,cdca04e0bc6ce855,r- e,
11,prot-1951--ak--14,cdca04e0bc6ce855,m- l,
12,prot-1951--ak--14,cdca04e0bc6ce855,m- t,
13,prot-1951--ak--14,cdca04e0bc6ce855,k- m,
14,prot-1951--ak--14,cdca04e0bc6ce855,p- p,
15,prot-1951--ak--14,cdca04e0bc6ce855,r- d,
16,prot-1951--ak--14,cdca04e0bc6ce855,u- d,
17,prot-1951--ak--14,cdca04e0bc6ce855,r- n,
18,prot-1951--ak--14,cdca04e0bc6ce855,n- t,
19,prot-1951--ak--14,cdca04e0bc6ce855,t- s,
20,prot-1951--ak--14,cdca04e0bc6ce855,n- d,
21,prot-1951--ak--14,cdca04e0bc6ce855,r- v,
22,prot-1951--ak--14,cdca04e0bc6ce855,e- h,
23,prot-1951--ak--14,cdca04e0bc6ce855,g- h,
24,prot-1951--ak--14,cdca04e0bc6ce855,o- v,
25,prot-1951--ak--14,cdca04e0bc6ce855,n- k,
26,prot-1951--ak--14,cdca04e0bc6ce855,m- m,
27,prot-1951--ak--14,cdca04e0bc6ce855,e- r,
28,prot-1951--ak--14,cdca04e0bc6ce855,e- l,
29,prot-1951--ak--14,cdca04e0bc6ce855,g- g,
30,prot-1951--ak--14,cdca04e0bc6ce855,r- s,
31,prot-1951--ak--14,cdca04e0bc6ce855,t- f,
32,prot-1951--ak--14,cdca04e0bc6ce855,k- s,
33,prot-1951--ak--14,cdca04e0bc6ce855,r- v,
34,prot-1951--ak--14,cdca04e0bc6ce855,l- s,
0,prot-1951--ak--14,7b16a01c980ae2ac,"n
r",
1,prot-1951--ak--14,7b16a01c980ae2ac,"g
s",
2,prot-1951--ak--14,cdca04e0bc6ce855,a- t,
3,prot-1951--ak--14,cdca04e0bc6ce855,y- g,
4,prot-1951--ak--14,cdca04e0bc6ce855,r- a,
5,prot-1951--ak--14,cdca04e0bc6ce855,t- s,
6,prot-1951--ak--14,cdca04e0bc6ce855,y- g,
7,prot-1951--ak--14,cdca04e0bc6ce855,e- r,
8,prot-1951--ak--14,cdca04e0bc6ce855,e- f,
9,prot-1951--ak--14,cdca04e0bc6ce855,n- n,
10,prot-1951--ak--14,cdca04e0bc6ce855,k- s,
11,prot-1951--ak--14,cdca04e0bc6ce855,m- t,
12,prot-1951--ak--14,cdca04e0bc6ce855,e- f,
13,prot-1951--ak--14,cdca04e0bc6ce855,k- s,
14,prot-1951--ak--14,cdca04e0bc6ce855,l- s,
15,prot-1951--ak--14,cdca04e0bc6ce855,o- v,
16,prot-1951--ak--14,cdca04e0bc6ce855,r- v,
17,prot-1951--ak--14,cdca04e0bc6ce855,n- s,
18,prot-1951--ak--14,cdca04e0bc6ce855,t- s,
19,prot-1951--ak--14,cdca04e0bc6ce855,l- e,
20,prot-1951--ak--14,cdca04e0bc6ce855,s- t,
21,prot-1951--ak--14,cdca04e0bc6ce855,s- r,
22,prot-1951--ak--14,cdca04e0bc6ce855,ö- v,
23,prot-1951--ak--14,cdca04e0bc6ce855,s- r,
24,prot-1951--ak--14,cdca04e0bc6ce855,a- t,
25,prot-1951--ak--14,cdca04e0bc6ce855,o- v,
26,prot-1951--ak--14,cdca04e0bc6ce855,r- m,
27,prot-1951--ak--14,cdca04e0bc6ce855,s- r,
28,prot-1951--ak--14,cdca04e0bc6ce855,k- n,
29,prot-1951--ak--14,cdca04e0bc6ce855,e- n,
0,prot-1951--ak--14,7b16a01c980ae2ac,"r
s",
1,prot-1951--ak--14,7b16a01c980ae2ac,",
a",
2,prot-1951--ak--14,cdca04e0bc6ce855,e- s,
3,prot-1951--ak--14,cdca04e0bc6ce855,o- s,
4,prot-1951--ak--14,cdca04e0bc6ce855,o- n,
5,prot-1951--ak--14,cdca04e0bc6ce855,r- r,
6,prot-1951--ak--14,cdca04e0bc6ce855,n- d,
7,prot-1951--ak--14,cdca04e0bc6ce855,o- p,
8,prot-1951--ak--14,cdca04e0bc6ce855,k- t,
9,prot-1951--ak--14,cdca04e0bc6ce855,o- s,
10,prot-1951--ak--14,cdca04e0bc6ce855,s- n,
11,prot-1951--ak--14,cdca04e0bc6ce855,l- k,
12,prot-1951--ak--14,cdca04e0bc6ce855,l- d,
13,prot-1951--ak--14,cdca04e0bc6ce855,t- t,
14,prot-1951--ak--14,cdca04e0bc6ce855,o- s,
15,prot-1951--ak--14,cdca04e0bc6ce855,l- l,
16,prot-1951--ak--14,cdca04e0bc6ce855,d- g,
17,prot-1951--ak--14,cdca04e0bc6ce855,e- m,
18,prot-1951--ak--14,cdca04e0bc6ce855,d- k,
19,prot-1951--ak--14,cdca04e0bc6ce855,k- s,
20,prot-1951--ak--14,cdca04e0bc6ce855,d- g,
21,prot-1951--ak--14,cdca04e0bc6ce855,r- s,
22,prot-1951--ak--14,cdca04e0bc6ce855,n- d,
23,prot-1951--ak--14,cdca04e0bc6ce855,g- a,
24,prot-1951--ak--14,cdca04e0bc6ce855,o- l,
25,prot-1951--ak--14,cdca04e0bc6ce855,i- n,
26,prot-1951--ak--14,cdca04e0bc6ce855,ö- n,
27,prot-1951--ak--14,cdca04e0bc6ce855,r- q,
0,prot-1951--ak--14,7b16a01c980ae2ac,",
a",
1,prot-1951--ak--14,7b16a01c980ae2ac,"r
t",
2,prot-1951--ak--14,cdca04e0bc6ce855,a- r,
3,prot-1951--ak--14,cdca04e0bc6ce855,v- å,
4,prot-1951--ak--14,cdca04e0bc6ce855,e- s,
5,prot-1951--ak--14,cdca04e0bc6ce855,ö- n,
6,prot-1951--ak--14,cdca04e0bc6ce855,r- t,
7,prot-1951--ak--14,cdca04e0bc6ce855,ö- g,
8,prot-1951--ak--14,cdca04e0bc6ce855,o- k,
9,prot-1951--ak--14,cdca04e0bc6ce855,d- g,
10,prot-1951--ak--14,cdca04e0bc6ce855,e- s,
11,prot-1951--ak--14,cdca04e0bc6ce855,v- n,
12,prot-1951--ak--14,cdca04e0bc6ce855,d- l,
13,prot-1951--ak--14,cdca04e0bc6ce855,m- n,
14,prot-1951--ak--14,cdca04e0bc6ce855,a- c,
15,prot-1951--ak--14,cdca04e0bc6ce855,n- d,
16,prot-1951--ak--14,cdca04e0bc6ce855,n- l,
17,prot-1951--ak--14,cdca04e0bc6ce855,a- m,
18,prot-1951--ak--14,cdca04e0bc6ce855,e- r,
19,prot-1951--ak--14,cdca04e0bc6ce855,m- l,
20,prot-1951--ak--14,cdca04e0bc6ce855,n- d,
21,prot-1951--ak--14,cdca04e0bc6ce855,e- s,
22,prot-1951--ak--14,cdca04e0bc6ce855,r- n,
23,prot-1951--ak--14,cdca04e0bc6ce855,e- d,
24,prot-1951--ak--14,cdca04e0bc6ce855,a- g,
25,prot-1951--ak--14,cdca04e0bc6ce855,g- g,
26,prot-1951--ak--14,cdca04e0bc6ce855,g- e,
27,prot-1951--ak--14,cdca04e0bc6ce855,k- s,
28,prot-1951--ak--14,cdca04e0bc6ce855,s- s,
29,prot-1951--ak--14,cdca04e0bc6ce855,n- n,
30,prot-1951--ak--14,cdca04e0bc6ce855,t- b,
31,prot-1951--ak--14,cdca04e0bc6ce855,d- g,
32,prot-1951--ak--14,cdca04e0bc6ce855,d- g,
33,prot-1951--ak--14,cdca04e0bc6ce855,a- k,
34,prot-1951--ak--14,cdca04e0bc6ce855,r- l,
0,prot-1951--ak--14,cdca04e0bc6ce855,e- n,
1,prot-1951--ak--14,cdca04e0bc6ce855,e- f,
2,prot-1951--ak--14,cdca04e0bc6ce855,k- s,
3,prot-1951--ak--14,cdca04e0bc6ce855,r- h,
4,prot-1951--ak--14,cdca04e0bc6ce855,n- k,
5,prot-1951--ak--14,cdca04e0bc6ce855,r- v,
6,prot-1951--ak--14,cdca04e0bc6ce855,n- r,
7,prot-1951--ak--14,cdca04e0bc6ce855,k- s,
8,prot-1951--ak--14,cdca04e0bc6ce855,n- t,
9,prot-1951--ak--14,cdca04e0bc6ce855,e- l,
10,prot-1951--ak--14,cdca04e0bc6ce855,o- t,
11,prot-1951--ak--14,cdca04e0bc6ce855,t- l,
12,prot-1951--ak--14,cdca04e0bc6ce855,n- d,
13,prot-1951--ak--14,cdca04e0bc6ce855,r- b,
14,prot-1951--ak--14,cdca04e0bc6ce855,l- r,
15,prot-1951--ak--14,cdca04e0bc6ce855,o- d,
16,prot-1951--ak--14,cdca04e0bc6ce855,r- n,
17,prot-1951--ak--14,cdca04e0bc6ce855,r- n,
18,prot-1951--ak--14,cdca04e0bc6ce855,d- v,
19,prot-1951--ak--14,cdca04e0bc6ce855,d- l,
20,prot-1951--ak--14,cdca04e0bc6ce855,l- m,
21,prot-1951--ak--14,cdca04e0bc6ce855,a- t,
22,prot-1951--ak--14,cdca04e0bc6ce855,n- l,
23,prot-1951--ak--14,cdca04e0bc6ce855,d- k,
24,prot-1951--ak--14,cdca04e0bc6ce855,e- s,
25,prot-1951--ak--14,cdca04e0bc6ce855,d- g,
26,prot-1951--ak--14,cdca04e0bc6ce855,v- n,
27,prot-1951--ak--14,cdca04e0bc6ce855,r- s,
28,prot-1951--ak--14,cdca04e0bc6ce855,r- v,
29,prot-1951--ak--14,cdca04e0bc6ce855,s- t,
30,prot-1951--ak--14,cdca04e0bc6ce855,n- s,
0,prot-1951--ak--14,7b16a01c980ae2ac,"å
i",
1,prot-1951--ak--14,7b16a01c980ae2ac,"m
k",
2,prot-1951--ak--14,cdca04e0bc6ce855,l- l,
3,prot-1951--ak--14,cdca04e0bc6ce855,e- r,
4,prot-1951--ak--14,cdca04e0bc6ce855,v- n,
5,prot-1951--ak--14,cdca04e0bc6ce855,e- t,
6,prot-1951--ak--14,cdca04e0bc6ce855,a- t,
7,prot-1951--ak--14,cdca04e0bc6ce855,r- v,
8,prot-1951--ak--14,cdca04e0bc6ce855,i- n,
9,prot-1951--ak--14,cdca04e0bc6ce855,ä- r,
10,prot-1951--ak--14,cdca04e0bc6ce855,r- v,
11,prot-1951--ak--14,cdca04e0bc6ce855,l- s,
12,prot-1951--ak--14,cdca04e0bc6ce855,k- t,
13,prot-1951--ak--14,cdca04e0bc6ce855,y- r,
14,prot-1951--ak--14,cdca04e0bc6ce855,t- s,
15,prot-1951--ak--14,cdca04e0bc6ce855,k- t,
16,prot-1951--ak--14,cdca04e0bc6ce855,m- m,
17,prot-1951--ak--14,cdca04e0bc6ce855,m- m,
18,prot-1951--ak--14,cdca04e0bc6ce855,t- b,
19,prot-1951--ak--14,cdca04e0bc6ce855,n- d,
20,prot-1951--ak--14,cdca04e0bc6ce855,n- p,
21,prot-1951--ak--14,cdca04e0bc6ce855,s- n,
22,prot-1951--ak--14,cdca04e0bc6ce855,ä- k,
23,prot-1951--ak--14,cdca04e0bc6ce855,t- b,
24,prot-1951--ak--14,cdca04e0bc6ce855,s- s,
25,prot-1951--ak--14,cdca04e0bc6ce855,e- s,
0,prot-1951--ak--14,7b16a01c980ae2ac,",
a",
1,prot-1951--ak--14,cdca04e0bc6ce855,e- l,
2,prot-1951--ak--14,cdca04e0bc6ce855,m- m,
3,prot-1951--ak--14,cdca04e0bc6ce855,r- l,
4,prot-1951--ak--14,cdca04e0bc6ce855,i- t,
5,prot-1951--ak--14,cdca04e0bc6ce855,m- s,
6,prot-1951--ak--14,cdca04e0bc6ce855,a- d,
7,prot-1951--ak--14,cdca04e0bc6ce855,g- n,
8,prot-1951--ak--14,cdca04e0bc6ce855,o- s,
9,prot-1951--ak--14,cdca04e0bc6ce855,s- a,
10,prot-1951--ak--14,cdca04e0bc6ce855,r- v,
11,prot-1951--ak--14,cdca04e0bc6ce855,g- h,
12,prot-1951--ak--14,cdca04e0bc6ce855,e- g,
13,prot-1951--ak--14,cdca04e0bc6ce855,g- n,
14,prot-1951--ak--14,cdca04e0bc6ce855,r- e,
15,prot-1951--ak--14,cdca04e0bc6ce855,ä- s,
16,prot-1951--ak--14,cdca04e0bc6ce855,l- l,
17,prot-1951--ak--14,cdca04e0bc6ce855,i- p,
18,prot-1951--ak--14,cdca04e0bc6ce855,r- s,
19,prot-1951--ak--14,cdca04e0bc6ce855,s- b,
20,prot-1951--ak--14,cdca04e0bc6ce855,e- n,
21,prot-1951--ak--14,cdca04e0bc6ce855,d- g,
22,prot-1951--ak--14,cdca04e0bc6ce855,a- g,
0,prot-1951--ak--14,7b16a01c980ae2ac,",
s",
1,prot-1951--ak--14,cdca04e0bc6ce855,l- b,
2,prot-1951--ak--14,cdca04e0bc6ce855,l- b,
3,prot-1951--ak--14,cdca04e0bc6ce855,e- t,
4,prot-1951--ak--14,cdca04e0bc6ce855,ö- v,
5,prot-1951--ak--14,cdca04e0bc6ce855,o- g,
6,prot-1951--ak--14,cdca04e0bc6ce855,i- t,
7,prot-1951--ak--14,cdca04e0bc6ce855,s- n,
8,prot-1951--ak--14,cdca04e0bc6ce855,s- m,
9,prot-1951--ak--14,cdca04e0bc6ce855,å- d,
10,prot-1951--ak--14,cdca04e0bc6ce855,i- g,
11,prot-1951--ak--14,cdca04e0bc6ce855,k- s,
12,prot-1951--ak--14,cdca04e0bc6ce855,s- m,
13,prot-1951--ak--14,cdca04e0bc6ce855,d- r,
14,prot-1951--ak--14,cdca04e0bc6ce855,s- k,
15,prot-1951--ak--14,cdca04e0bc6ce855,l- l,
16,prot-1951--ak--14,cdca04e0bc6ce855,t- n,
17,prot-1951--ak--14,cdca04e0bc6ce855,i- t,
18,prot-1951--ak--14,cdca04e0bc6ce855,e- p,
19,prot-1951--ak--14,cdca04e0bc6ce855,l- a,
20,prot-1951--ak--14,cdca04e0bc6ce855,r- h,
21,prot-1951--ak--14,cdca04e0bc6ce855,u- n,
22,prot-1951--ak--14,cdca04e0bc6ce855,t- n,
23,prot-1951--ak--14,cdca04e0bc6ce855,n- j,
24,prot-1951--ak--14,cdca04e0bc6ce855,o- g,
0,prot-1951--ak--14,cdca04e0bc6ce855,l- m,
1,prot-1951--ak--14,cdca04e0bc6ce855,t- l,
2,prot-1951--ak--14,cdca04e0bc6ce855,r- s,
3,prot-1951--ak--14,cdca04e0bc6ce855,r- s,
4,prot-1951--ak--14,cdca04e0bc6ce855,e- r,
5,prot-1951--ak--14,cdca04e0bc6ce855,s- t,
6,prot-1951--ak--14,cdca04e0bc6ce855,n- n,
7,prot-1951--ak--14,cdca04e0bc6ce855,g- n,
8,prot-1951--ak--14,cdca04e0bc6ce855,l- l,
9,prot-1951--ak--14,cdca04e0bc6ce855,å- g,
10,prot-1951--ak--14,cdca04e0bc6ce855,m- o,
11,prot-1951--ak--14,cdca04e0bc6ce855,o- v,
12,prot-1951--ak--14,cdca04e0bc6ce855,t- t,
13,prot-1951--ak--14,cdca04e0bc6ce855,m- b,
14,prot-1951--ak--14,cdca04e0bc6ce855,k- n,
15,prot-1951--ak--14,cdca04e0bc6ce855,n- d,
16,prot-1951--ak--14,cdca04e0bc6ce855,t- n,
17,prot-1951--ak--14,cdca04e0bc6ce855,e- s,
18,prot-1951--ak--14,cdca04e0bc6ce855,d- f,
19,prot-1951--ak--14,cdca04e0bc6ce855,e- m,
20,prot-1951--ak--14,cdca04e0bc6ce855,o- l,
21,prot-1951--ak--14,cdca04e0bc6ce855,o- n,
22,prot-1951--ak--14,cdca04e0bc6ce855,t- s,
23,prot-1951--ak--14,cdca04e0bc6ce855,k- t,
24,prot-1951--ak--14,cdca04e0bc6ce855,l- j,
25,prot-1951--ak--14,cdca04e0bc6ce855,r- b,
26,prot-1951--ak--14,cdca04e0bc6ce855,e- s,
27,prot-1951--ak--14,cdca04e0bc6ce855,r- h,
28,prot-1951--ak--14,cdca04e0bc6ce855,b- l,
29,prot-1951--ak--14,cdca04e0bc6ce855,e- v,
30,prot-1951--ak--14,cdca04e0bc6ce855,g- n,
31,prot-1951--ak--14,cdca04e0bc6ce855,s- k,
0,prot-1951--ak--14,cdca04e0bc6ce855,n- s,
1,prot-1951--ak--14,cdca04e0bc6ce855,i- k,
2,prot-1951--ak--14,cdca04e0bc6ce855,u- v,
3,prot-1951--ak--14,cdca04e0bc6ce855,a- l,
4,prot-1951--ak--14,cdca04e0bc6ce855,n- b,
5,prot-1951--ak--14,cdca04e0bc6ce855,a- g,
6,prot-1951--ak--14,cdca04e0bc6ce855,l- l,
7,prot-1951--ak--14,cdca04e0bc6ce855,t- n,
8,prot-1951--ak--14,cdca04e0bc6ce855,m- m,
9,prot-1951--ak--14,cdca04e0bc6ce855,e- d,
10,prot-1951--ak--14,cdca04e0bc6ce855,s- d,
11,prot-1951--ak--14,cdca04e0bc6ce855,e- v,
12,prot-1951--ak--14,cdca04e0bc6ce855,t- s,
13,prot-1951--ak--14,cdca04e0bc6ce855,i- f,
14,prot-1951--ak--14,cdca04e0bc6ce855,m- s,
15,prot-1951--ak--14,cdca04e0bc6ce855,r- v,
16,prot-1951--ak--14,cdca04e0bc6ce855,s- b,
17,prot-1951--ak--14,cdca04e0bc6ce855,n- g,
18,prot-1951--ak--14,cdca04e0bc6ce855,s- b,
19,prot-1951--ak--14,cdca04e0bc6ce855,o- r,
20,prot-1951--ak--14,cdca04e0bc6ce855,l- l,
21,prot-1951--ak--14,cdca04e0bc6ce855,m- m,
22,prot-1951--ak--14,cdca04e0bc6ce855,r- n,
23,prot-1951--ak--14,cdca04e0bc6ce855,s- b,
24,prot-1951--ak--14,cdca04e0bc6ce855,g- r,
25,prot-1951--ak--14,cdca04e0bc6ce855,l- t,
26,prot-1951--ak--14,cdca04e0bc6ce855,k- s,
27,prot-1951--ak--14,cdca04e0bc6ce855,n- d,
28,prot-1951--ak--14,cdca04e0bc6ce855,i- t,
29,prot-1951--ak--14,cdca04e0bc6ce855,s- h,
0,prot-1951--ak--14,cdca04e0bc6ce855,m- m,
1,prot-1951--ak--14,cdca04e0bc6ce855,o- k,
2,prot-1951--ak--14,cdca04e0bc6ce855,m- m,
3,prot-1951--ak--14,cdca04e0bc6ce855,l- l,
4,prot-1951--ak--14,cdca04e0bc6ce855,a- m,
5,prot-1951--ak--14,cdca04e0bc6ce855,m- m,
6,prot-1951--ak--14,cdca04e0bc6ce855,t- g,
7,prot-1951--ak--14,cdca04e0bc6ce855,e- s,
8,prot-1951--ak--14,cdca04e0bc6ce855,l- d,
9,prot-1951--ak--14,cdca04e0bc6ce855,a- l,
10,prot-1951--ak--14,cdca04e0bc6ce855,a- r,
11,prot-1951--ak--14,cdca04e0bc6ce855,a- l,
12,prot-1951--ak--14,cdca04e0bc6ce855,u- n,
13,prot-1951--ak--14,cdca04e0bc6ce855,u- n,
14,prot-1951--ak--14,cdca04e0bc6ce855,m- l,
15,prot-1951--ak--14,cdca04e0bc6ce855,i- v,
16,prot-1951--ak--14,cdca04e0bc6ce855,g- n,
17,prot-1951--ak--14,cdca04e0bc6ce855,t- s,
18,prot-1951--ak--14,cdca04e0bc6ce855,n- n,
19,prot-1951--ak--14,cdca04e0bc6ce855,e- s,
20,prot-1951--ak--14,cdca04e0bc6ce855,k- v,
21,prot-1951--ak--14,cdca04e0bc6ce855,m- m,
22,prot-1951--ak--14,cdca04e0bc6ce855,e- i,
23,prot-1951--ak--14,cdca04e0bc6ce855,a- r,
24,prot-1951--ak--14,cdca04e0bc6ce855,m- s,
25,prot-1951--ak--14,cdca04e0bc6ce855,n- f,
26,prot-1951--ak--14,cdca04e0bc6ce855,l- s,
27,prot-1951--ak--14,cdca04e0bc6ce855,e- b,
28,prot-1951--ak--14,cdca04e0bc6ce855,n- t,
29,prot-1951--ak--14,cdca04e0bc6ce855,i- s,
30,prot-1951--ak--14,cdca04e0bc6ce855,r- s,
31,prot-1951--ak--14,cdca04e0bc6ce855,t- å,
32,prot-1951--ak--14,cdca04e0bc6ce855,ö- t,
33,prot-1951--ak--14,cdca04e0bc6ce855,d- g,
34,prot-1951--ak--14,cdca04e0bc6ce855,n- t,
35,prot-1951--ak--14,cdca04e0bc6ce855,r- k,
36,prot-1951--ak--14,cdca04e0bc6ce855,t- n,
37,prot-1951--ak--14,cdca04e0bc6ce855,i- s,
0,prot-1951--ak--14,7b16a01c980ae2ac,"t
d",
1,prot-1951--ak--14,cdca04e0bc6ce855,e- b,
2,prot-1951--ak--14,cdca04e0bc6ce855,l- t,
3,prot-1951--ak--14,cdca04e0bc6ce855,u- t,
4,prot-1951--ak--14,cdca04e0bc6ce855,s- u,
5,prot-1951--ak--14,cdca04e0bc6ce855,a- s,
6,prot-1951--ak--14,cdca04e0bc6ce855,r- t,
7,prot-1951--ak--14,cdca04e0bc6ce855,d- g,
8,prot-1951--ak--14,cdca04e0bc6ce855,n- l,
9,prot-1951--ak--14,cdca04e0bc6ce855,k- n,
10,prot-1951--ak--14,cdca04e0bc6ce855,a- s,
11,prot-1951--ak--14,cdca04e0bc6ce855,v- s,
12,prot-1951--ak--14,cdca04e0bc6ce855,a- l,
13,prot-1951--ak--14,cdca04e0bc6ce855,e- r,
14,prot-1951--ak--14,cdca04e0bc6ce855,å- t,
15,prot-1951--ak--14,cdca04e0bc6ce855,i- t,
16,prot-1951--ak--14,cdca04e0bc6ce855,n- s,
17,prot-1951--ak--14,cdca04e0bc6ce855,t- s,
18,prot-1951--ak--14,cdca04e0bc6ce855,o- t,
19,prot-1951--ak--14,cdca04e0bc6ce855,r- s,
20,prot-1951--ak--14,cdca04e0bc6ce855,t- s,
21,prot-1951--ak--14,cdca04e0bc6ce855,s- f,
22,prot-1951--ak--14,cdca04e0bc6ce855,a- g,
23,prot-1951--ak--14,cdca04e0bc6ce855,y- d,
24,prot-1951--ak--14,cdca04e0bc6ce855,j- l,
25,prot-1951--ak--14,cdca04e0bc6ce855,p- m,
26,prot-1951--ak--14,cdca04e0bc6ce855,l- m,
27,prot-1951--ak--14,cdca04e0bc6ce855,d- l,
28,prot-1951--ak--14,cdca04e0bc6ce855,m- s,
29,prot-1951--ak--14,cdca04e0bc6ce855,o- s,
0,prot-1951--ak--14,cdca04e0bc6ce855,s- g,
1,prot-1951--ak--14,cdca04e0bc6ce855,r- r,
2,prot-1951--ak--14,cdca04e0bc6ce855,s- d,
3,prot-1951--ak--14,cdca04e0bc6ce855,n- v,
4,prot-1951--ak--14,cdca04e0bc6ce855,n- d,
5,prot-1951--ak--14,cdca04e0bc6ce855,e- h,
6,prot-1951--ak--14,cdca04e0bc6ce855,s- p,
7,prot-1951--ak--14,cdca04e0bc6ce855,d- g,
8,prot-1951--ak--14,cdca04e0bc6ce855,s- g,
9,prot-1951--ak--14,cdca04e0bc6ce855,r- s,
10,prot-1951--ak--14,cdca04e0bc6ce855,s- g,
11,prot-1951--ak--14,cdca04e0bc6ce855,i- d,
12,prot-1951--ak--14,cdca04e0bc6ce855,r- s,
13,prot-1951--ak--14,cdca04e0bc6ce855,l- a,
14,prot-1951--ak--14,cdca04e0bc6ce855,a- s,
15,prot-1951--ak--14,cdca04e0bc6ce855,d- n,
16,prot-1951--ak--14,cdca04e0bc6ce855,n- d,
17,prot-1951--ak--14,cdca04e0bc6ce855,d- g,
18,prot-1951--ak--14,cdca04e0bc6ce855,r- v,
19,prot-1951--ak--14,cdca04e0bc6ce855,e- h,
20,prot-1951--ak--14,cdca04e0bc6ce855,s- g,
21,prot-1951--ak--14,cdca04e0bc6ce855,m- n,
22,prot-1951--ak--14,cdca04e0bc6ce855,r- l,
23,prot-1951--ak--14,cdca04e0bc6ce855,n- d,
24,prot-1951--ak--14,cdca04e0bc6ce855,n- n,
25,prot-1951--ak--14,cdca04e0bc6ce855,s- g,
26,prot-1951--ak--14,cdca04e0bc6ce855,r- d,
27,prot-1951--ak--14,cdca04e0bc6ce855,n- n,
28,prot-1951--ak--14,cdca04e0bc6ce855,m- n,
0,prot-1951--ak--14,cdca04e0bc6ce855,r- v,
1,prot-1951--ak--14,cdca04e0bc6ce855,l- m,
2,prot-1951--ak--14,cdca04e0bc6ce855,u- k,
3,prot-1951--ak--14,cdca04e0bc6ce855,s- g,
4,prot-1951--ak--14,cdca04e0bc6ce855,k- t,
5,prot-1951--ak--14,cdca04e0bc6ce855,k- e,
6,prot-1951--ak--14,cdca04e0bc6ce855,n- n,
7,prot-1951--ak--14,cdca04e0bc6ce855,l- m,
8,prot-1951--ak--14,cdca04e0bc6ce855,a- d,
9,prot-1951--ak--14,cdca04e0bc6ce855,n- s,
10,prot-1951--ak--14,cdca04e0bc6ce855,n- f,
11,prot-1951--ak--14,cdca04e0bc6ce855,a- r,
12,prot-1951--ak--14,cdca04e0bc6ce855,i- n,
13,prot-1951--ak--14,cdca04e0bc6ce855,b- l,
14,prot-1951--ak--14,cdca04e0bc6ce855,m- n,
15,prot-1951--ak--14,cdca04e0bc6ce855,n- d,
16,prot-1951--ak--14,cdca04e0bc6ce855,n- r,
17,prot-1951--ak--14,cdca04e0bc6ce855,e- c,
18,prot-1951--ak--14,cdca04e0bc6ce855,s- m,
19,prot-1951--ak--14,cdca04e0bc6ce855,l- s,
20,prot-1951--ak--14,cdca04e0bc6ce855,r- s,
21,prot-1951--ak--14,cdca04e0bc6ce855,g- d,
22,prot-1951--ak--14,cdca04e0bc6ce855,s- m,
23,prot-1951--ak--14,cdca04e0bc6ce855,n- s,
24,prot-1951--ak--14,cdca04e0bc6ce855,s- g,
25,prot-1951--ak--14,cdca04e0bc6ce855,t- v,
26,prot-1951--ak--14,cdca04e0bc6ce855,n- s,
27,prot-1951--ak--14,cdca04e0bc6ce855,a- t,
28,prot-1951--ak--14,cdca04e0bc6ce855,ö- k,
29,prot-1951--ak--14,cdca04e0bc6ce855,a- s,
30,prot-1951--ak--14,cdca04e0bc6ce855,r- j,
31,prot-1951--ak--14,cdca04e0bc6ce855,n- t,
32,prot-1951--ak--14,cdca04e0bc6ce855,å- l,
33,prot-1951--ak--14,cdca04e0bc6ce855,ö- k,
34,prot-1951--ak--14,cdca04e0bc6ce855,i- g,
35,prot-1951--ak--14,cdca04e0bc6ce855,e- r,
36,prot-1951--ak--14,cdca04e0bc6ce855,e- d,
37,prot-1951--ak--14,cdca04e0bc6ce855,v- d,
38,prot-1951--ak--14,cdca04e0bc6ce855,i- g,
39,prot-1951--ak--14,cdca04e0bc6ce855,d- j,
40,prot-1951--ak--14,cdca04e0bc6ce855,d- k,
41,prot-1951--ak--14,cdca04e0bc6ce855,m- m,
0,prot-1951--ak--14,cdca04e0bc6ce855,ö- p,
1,prot-1951--ak--14,cdca04e0bc6ce855,a- n,
2,prot-1951--ak--14,cdca04e0bc6ce855,s- n,
3,prot-1951--ak--14,cdca04e0bc6ce855,i- f,
4,prot-1951--ak--14,cdca04e0bc6ce855,i- v,
5,prot-1951--ak--14,cdca04e0bc6ce855,l- l,
6,prot-1951--ak--14,cdca04e0bc6ce855,a- t,
7,prot-1951--ak--14,cdca04e0bc6ce855,s- a,
8,prot-1951--ak--14,cdca04e0bc6ce855,n- f,
9,prot-1951--ak--14,cdca04e0bc6ce855,s- s,
10,prot-1951--ak--14,cdca04e0bc6ce855,e- b,
11,prot-1951--ak--14,cdca04e0bc6ce855,n- s,
12,prot-1951--ak--14,cdca04e0bc6ce855,e- m,
13,prot-1951--ak--14,cdca04e0bc6ce855,n- s,
14,prot-1951--ak--14,cdca04e0bc6ce855,s- u,
15,prot-1951--ak--14,cdca04e0bc6ce855,m- n,
16,prot-1951--ak--14,cdca04e0bc6ce855,l- s,
17,prot-1951--ak--14,cdca04e0bc6ce855,e- m,
18,prot-1951--ak--14,cdca04e0bc6ce855,u- n,
19,prot-1951--ak--14,cdca04e0bc6ce855,d- n,
20,prot-1951--ak--14,cdca04e0bc6ce855,k- t,
21,prot-1951--ak--14,cdca04e0bc6ce855,a- s,
22,prot-1951--ak--14,cdca04e0bc6ce855,r- b,
23,prot-1951--ak--14,cdca04e0bc6ce855,i- d,
24,prot-1951--ak--14,cdca04e0bc6ce855,m- m,
25,prot-1951--ak--14,cdca04e0bc6ce855,t- v,
26,prot-1951--ak--14,cdca04e0bc6ce855,n- d,
27,prot-1951--ak--14,cdca04e0bc6ce855,s- s,
28,prot-1951--ak--14,cdca04e0bc6ce855,l- s,
29,prot-1951--ak--14,cdca04e0bc6ce855,o- l,
30,prot-1951--ak--14,cdca04e0bc6ce855,å- p,
0,prot-1951--ak--14,cdca04e0bc6ce855,s- g,
1,prot-1951--ak--14,cdca04e0bc6ce855,l- n,
2,prot-1951--ak--14,cdca04e0bc6ce855,e- n,
3,prot-1951--ak--14,cdca04e0bc6ce855,l- n,
4,prot-1951--ak--14,cdca04e0bc6ce855,g- o,
5,prot-1951--ak--14,cdca04e0bc6ce855,r- m,
6,prot-1951--ak--14,cdca04e0bc6ce855,t- l,
7,prot-1951--ak--14,cdca04e0bc6ce855,v- g,
8,prot-1951--ak--14,cdca04e0bc6ce855,s- g,
9,prot-1951--ak--14,cdca04e0bc6ce855,a- r,
10,prot-1951--ak--14,cdca04e0bc6ce855,s- v,
11,prot-1951--ak--14,cdca04e0bc6ce855,l- m,
12,prot-1951--ak--14,cdca04e0bc6ce855,n- f,
13,prot-1951--ak--14,cdca04e0bc6ce855,m- n,
14,prot-1951--ak--14,cdca04e0bc6ce855,n- d,
15,prot-1951--ak--14,cdca04e0bc6ce855,n- t,
16,prot-1951--ak--14,cdca04e0bc6ce855,g- s,
17,prot-1951--ak--14,cdca04e0bc6ce855,r- l,
18,prot-1951--ak--14,cdca04e0bc6ce855,l- n,
19,prot-1951--ak--14,cdca04e0bc6ce855,s- n,
20,prot-1951--ak--14,cdca04e0bc6ce855,s- k,
21,prot-1951--ak--14,cdca04e0bc6ce855,å- d,
22,prot-1951--ak--14,cdca04e0bc6ce855,n- t,
23,prot-1951--ak--14,cdca04e0bc6ce855,l- s,
24,prot-1951--ak--14,cdca04e0bc6ce855,n- s,
25,prot-1951--ak--14,cdca04e0bc6ce855,i- f,
0,prot-1951--ak--14,7b16a01c980ae2ac,"a
a",
1,prot-1951--ak--14,7b16a01c980ae2ac,"g
v",
2,prot-1951--ak--14,7b16a01c980ae2ac,"r
s",
3,prot-1951--ak--14,cdca04e0bc6ce855,t- n,
4,prot-1951--ak--14,cdca04e0bc6ce855,e- n,
5,prot-1951--ak--14,cdca04e0bc6ce855,l- n,
6,prot-1951--ak--14,cdca04e0bc6ce855,ö- d,
7,prot-1951--ak--14,cdca04e0bc6ce855,o- n,
8,prot-1951--ak--14,cdca04e0bc6ce855,s- p,
9,prot-1951--ak--14,cdca04e0bc6ce855,n- c,
10,prot-1951--ak--14,cdca04e0bc6ce855,e- s,
11,prot-1951--ak--14,cdca04e0bc6ce855,r- v,
12,prot-1951--ak--14,cdca04e0bc6ce855,e- r,
13,prot-1951--ak--14,cdca04e0bc6ce855,n- d,
14,prot-1951--ak--14,cdca04e0bc6ce855,e- s,
15,prot-1951--ak--14,cdca04e0bc6ce855,o- s,
16,prot-1951--ak--14,cdca04e0bc6ce855,k- n,
17,prot-1951--ak--14,cdca04e0bc6ce855,t- n,
18,prot-1951--ak--14,cdca04e0bc6ce855,v- g,
19,prot-1951--ak--14,cdca04e0bc6ce855,t- t,
20,prot-1951--ak--14,cdca04e0bc6ce855,m- m,
21,prot-1951--ak--14,cdca04e0bc6ce855,n- t,
0,prot-1951--ak--14,7b16a01c980ae2ac,"a
a",
1,prot-1951--ak--14,cdca04e0bc6ce855,g- a,
2,prot-1951--ak--14,cdca04e0bc6ce855,t- s,
3,prot-1951--ak--14,cdca04e0bc6ce855,e- d,
4,prot-1951--ak--14,cdca04e0bc6ce855,n- s,
5,prot-1951--ak--14,cdca04e0bc6ce855,n- d,
6,prot-1951--ak--14,cdca04e0bc6ce855,e- m,
7,prot-1951--ak--14,cdca04e0bc6ce855,m- m,
8,prot-1951--ak--14,cdca04e0bc6ce855,n- s,
9,prot-1951--ak--14,cdca04e0bc6ce855,n- n,
10,prot-1951--ak--14,cdca04e0bc6ce855,e- c,
11,prot-1951--ak--14,cdca04e0bc6ce855,e- l,
12,prot-1951--ak--14,cdca04e0bc6ce855,t- s,
13,prot-1951--ak--14,cdca04e0bc6ce855,s- g,
14,prot-1951--ak--14,cdca04e0bc6ce855,s- n,
15,prot-1951--ak--14,cdca04e0bc6ce855,r- v,
16,prot-1951--ak--14,cdca04e0bc6ce855,d- n,
17,prot-1951--ak--14,cdca04e0bc6ce855,d- n,
18,prot-1951--ak--14,cdca04e0bc6ce855,r- d,
19,prot-1951--ak--14,cdca04e0bc6ce855,p- t,
20,prot-1951--ak--14,cdca04e0bc6ce855,t- s,
21,prot-1951--ak--14,cdca04e0bc6ce855,r- e,
22,prot-1951--ak--14,cdca04e0bc6ce855,m- m,
23,prot-1951--ak--14,cdca04e0bc6ce855,r- k,
24,prot-1951--ak--14,cdca04e0bc6ce855,a- r,
25,prot-1951--ak--14,cdca04e0bc6ce855,t- s,
26,prot-1951--ak--14,cdca04e0bc6ce855,e- n,
27,prot-1951--ak--14,cdca04e0bc6ce855,t- r,
28,prot-1951--ak--14,cdca04e0bc6ce855,t- t,
29,prot-1951--ak--14,cdca04e0bc6ce855,r- k,
30,prot-1951--ak--14,cdca04e0bc6ce855,r- s,
31,prot-1951--ak--14,cdca04e0bc6ce855,s- b,
32,prot-1951--ak--14,cdca04e0bc6ce855,t- f,
33,prot-1951--ak--14,cdca04e0bc6ce855,n- d,
34,prot-1951--ak--14,cdca04e0bc6ce855,d- n,
0,prot-1951--ak--14,cdca04e0bc6ce855,o- s,
1,prot-1951--ak--14,cdca04e0bc6ce855,e- s,
2,prot-1951--ak--14,cdca04e0bc6ce855,å- g,
3,prot-1951--ak--14,cdca04e0bc6ce855,r- s,
4,prot-1951--ak--14,cdca04e0bc6ce855,m- h,
5,prot-1951--ak--14,cdca04e0bc6ce855,r- i,
6,prot-1951--ak--14,cdca04e0bc6ce855,n- d,
7,prot-1951--ak--14,cdca04e0bc6ce855,r- b,
8,prot-1951--ak--14,cdca04e0bc6ce855,e- t,
9,prot-1951--ak--14,cdca04e0bc6ce855,r- n,
10,prot-1951--ak--14,cdca04e0bc6ce855,o- n,
11,prot-1951--ak--14,cdca04e0bc6ce855,r- s,
12,prot-1951--ak--14,cdca04e0bc6ce855,m- h,
13,prot-1951--ak--14,cdca04e0bc6ce855,i- d,
14,prot-1951--ak--14,cdca04e0bc6ce855,e- l,
15,prot-1951--ak--14,cdca04e0bc6ce855,s- d,
16,prot-1951--ak--14,cdca04e0bc6ce855,a- d,
17,prot-1951--ak--14,cdca04e0bc6ce855,r- n,
18,prot-1951--ak--14,cdca04e0bc6ce855,t- t,
19,prot-1951--ak--14,cdca04e0bc6ce855,l- o,
20,prot-1951--ak--14,cdca04e0bc6ce855,ö- n,
21,prot-1951--ak--14,cdca04e0bc6ce855,e- t,
22,prot-1951--ak--14,cdca04e0bc6ce855,ä- r,
23,prot-1951--ak--14,cdca04e0bc6ce855,m- h,
24,prot-1951--ak--14,cdca04e0bc6ce855,å- g,
25,prot-1951--ak--14,cdca04e0bc6ce855,t- t,
26,prot-1951--ak--14,cdca04e0bc6ce855,k- s,
27,prot-1951--ak--14,cdca04e0bc6ce855,k- m,
28,prot-1951--ak--14,cdca04e0bc6ce855,s- v,
29,prot-1951--ak--14,cdca04e0bc6ce855,m- s,
30,prot-1951--ak--14,cdca04e0bc6ce855,o- s,
31,prot-1951--ak--14,cdca04e0bc6ce855,o- t,
32,prot-1951--ak--14,cdca04e0bc6ce855,m- m,
33,prot-1951--ak--14,cdca04e0bc6ce855,n- d,
34,prot-1951--ak--14,cdca04e0bc6ce855,i- s,
0,prot-1951--ak--14,7b16a01c980ae2ac,",
a",
1,prot-1951--ak--14,cdca04e0bc6ce855,s- v,
2,prot-1951--ak--14,cdca04e0bc6ce855,r- k,
3,prot-1951--ak--14,cdca04e0bc6ce855,n- l,
4,prot-1951--ak--14,cdca04e0bc6ce855,r- a,
5,prot-1951--ak--14,cdca04e0bc6ce855,i- f,
6,prot-1951--ak--14,cdca04e0bc6ce855,e- s,
7,prot-1951--ak--14,cdca04e0bc6ce855,s- p,
8,prot-1951--ak--14,cdca04e0bc6ce855,m- j,
9,prot-1951--ak--14,cdca04e0bc6ce855,r- v,
10,prot-1951--ak--14,cdca04e0bc6ce855,n- n,
11,prot-1951--ak--14,cdca04e0bc6ce855,j- l,
12,prot-1951--ak--14,cdca04e0bc6ce855,å- g,
13,prot-1951--ak--14,cdca04e0bc6ce855,o- g,
14,prot-1951--ak--14,cdca04e0bc6ce855,r- v,
15,prot-1951--ak--14,cdca04e0bc6ce855,d- k,
16,prot-1951--ak--14,cdca04e0bc6ce855,k- s,
17,prot-1951--ak--14,cdca04e0bc6ce855,i- b,
18,prot-1951--ak--14,cdca04e0bc6ce855,e- d,
19,prot-1951--ak--14,cdca04e0bc6ce855,r- n,
20,prot-1951--ak--14,cdca04e0bc6ce855,n- l,
21,prot-1951--ak--14,cdca04e0bc6ce855,m- h,
22,prot-1951--ak--14,cdca04e0bc6ce855,o- t,
0,prot-1951--ak--14,cdca04e0bc6ce855,t- l,
1,prot-1951--ak--14,cdca04e0bc6ce855,k- t,
2,prot-1951--ak--14,cdca04e0bc6ce855,l- m,
3,prot-1951--ak--14,cdca04e0bc6ce855,o- m,
4,prot-1951--ak--14,cdca04e0bc6ce855,r- n,
5,prot-1951--ak--14,cdca04e0bc6ce855,t- a,
6,prot-1951--ak--14,cdca04e0bc6ce855,o- t,
7,prot-1951--ak--14,cdca04e0bc6ce855,n- t,
8,prot-1951--ak--14,cdca04e0bc6ce855,å- g,
9,prot-1951--ak--14,cdca04e0bc6ce855,d- r,
10,prot-1951--ak--14,cdca04e0bc6ce855,s- b,
11,prot-1951--ak--14,cdca04e0bc6ce855,n- p,
12,prot-1951--ak--14,cdca04e0bc6ce855,s- b,
13,prot-1951--ak--14,cdca04e0bc6ce855,m- m,
14,prot-1951--ak--14,cdca04e0bc6ce855,l- l,
15,prot-1951--ak--14,cdca04e0bc6ce855,n- n,
16,prot-1951--ak--14,cdca04e0bc6ce855,l- p,
17,prot-1951--ak--14,cdca04e0bc6ce855,å- b,
18,prot-1951--ak--14,cdca04e0bc6ce855,n- s,
19,prot-1951--ak--14,cdca04e0bc6ce855,l- g,
20,prot-1951--ak--14,cdca04e0bc6ce855,p- n,
21,prot-1951--ak--14,cdca04e0bc6ce855,k- s,
22,prot-1951--ak--14,cdca04e0bc6ce855,n- s,
23,prot-1951--ak--14,cdca04e0bc6ce855,l- o,
24,prot-1951--ak--14,cdca04e0bc6ce855,a- r,
25,prot-1951--ak--14,cdca04e0bc6ce855,r- f,
26,prot-1951--ak--14,cdca04e0bc6ce855,n- s,
27,prot-1951--ak--14,cdca04e0bc6ce855,r- s,
28,prot-1951--ak--14,cdca04e0bc6ce855,m- s,
29,prot-1951--ak--14,cdca04e0bc6ce855,e- r,
0,prot-1951--ak--14,cdca04e0bc6ce855,i- g,
1,prot-1951--ak--14,cdca04e0bc6ce855,i- d,
2,prot-1951--ak--14,cdca04e0bc6ce855,e- r,
3,prot-1951--ak--14,cdca04e0bc6ce855,k- o,
4,prot-1951--ak--14,cdca04e0bc6ce855,j- l,
5,prot-1951--ak--14,cdca04e0bc6ce855,e- m,
6,prot-1951--ak--14,cdca04e0bc6ce855,k- l,
7,prot-1951--ak--14,cdca04e0bc6ce855,n- n,
8,prot-1951--ak--14,cdca04e0bc6ce855,r- s,
9,prot-1951--ak--14,cdca04e0bc6ce855,n- t,
10,prot-1951--ak--14,cdca04e0bc6ce855,m- m,
11,prot-1951--ak--14,cdca04e0bc6ce855,e- r,
12,prot-1951--ak--14,cdca04e0bc6ce855,u- d,
13,prot-1951--ak--14,cdca04e0bc6ce855,e- n,
14,prot-1951--ak--14,cdca04e0bc6ce855,r- k,
15,prot-1951--ak--14,cdca04e0bc6ce855,c- k,
16,prot-1951--ak--14,cdca04e0bc6ce855,r- s,
17,prot-1951--ak--14,cdca04e0bc6ce855,p- r,
18,prot-1951--ak--14,cdca04e0bc6ce855,m- l,
19,prot-1951--ak--14,cdca04e0bc6ce855,c- k,
20,prot-1951--ak--14,cdca04e0bc6ce855,e- f,
21,prot-1951--ak--14,cdca04e0bc6ce855,s- d,
22,prot-1951--ak--14,cdca04e0bc6ce855,e- p,
23,prot-1951--ak--14,cdca04e0bc6ce855,s- c,
24,prot-1951--ak--14,cdca04e0bc6ce855,a- g,
25,prot-1951--ak--14,cdca04e0bc6ce855,n- t,
26,prot-1951--ak--14,cdca04e0bc6ce855,k- o,
27,prot-1951--ak--14,cdca04e0bc6ce855,b- l,
28,prot-1951--ak--14,cdca04e0bc6ce855,i- s,
29,prot-1951--ak--14,cdca04e0bc6ce855,b- l,
30,prot-1951--ak--14,cdca04e0bc6ce855,g- e,
31,prot-1951--ak--14,cdca04e0bc6ce855,m- m,
32,prot-1951--ak--14,cdca04e0bc6ce855,n- t,
33,prot-1951--ak--14,cdca04e0bc6ce855,e- n,
34,prot-1951--ak--14,cdca04e0bc6ce855,d- r,
35,prot-1951--ak--14,cdca04e0bc6ce855,x- e,
36,prot-1951--ak--14,cdca04e0bc6ce855,o- g,
37,prot-1951--ak--14,cdca04e0bc6ce855,l- l,
38,prot-1951--ak--14,cdca04e0bc6ce855,o- t,
39,prot-1951--ak--14,cdca04e0bc6ce855,o- t,
40,prot-1951--ak--14,cdca04e0bc6ce855,d- s,
41,prot-1951--ak--14,cdca04e0bc6ce855,l- b,
42,prot-1951--ak--14,cdca04e0bc6ce855,k- f,
0,prot-1951--ak--14,cdca04e0bc6ce855,d- n,
1,prot-1951--ak--14,cdca04e0bc6ce855,r- t,
2,prot-1951--ak--14,cdca04e0bc6ce855,ö- k,
3,prot-1951--ak--14,cdca04e0bc6ce855,ö- r,
4,prot-1951--ak--14,cdca04e0bc6ce855,b- l,
5,prot-1951--ak--14,cdca04e0bc6ce855,a- n,
6,prot-1951--ak--14,cdca04e0bc6ce855,n- s,
7,prot-1951--ak--14,cdca04e0bc6ce855,ö- r,
8,prot-1951--ak--14,cdca04e0bc6ce855,m- b,
9,prot-1951--ak--14,cdca04e0bc6ce855,d- n,
10,prot-1951--ak--14,cdca04e0bc6ce855,r- j,
11,prot-1951--ak--14,cdca04e0bc6ce855,m- m,
12,prot-1951--ak--14,cdca04e0bc6ce855,n- t,
13,prot-1951--ak--14,cdca04e0bc6ce855,e- b,
14,prot-1951--ak--14,cdca04e0bc6ce855,e- n,
15,prot-1951--ak--14,cdca04e0bc6ce855,a- t,
16,prot-1951--ak--14,cdca04e0bc6ce855,b- l,
17,prot-1951--ak--14,cdca04e0bc6ce855,b- l,
18,prot-1951--ak--14,cdca04e0bc6ce855,v- n,
19,prot-1951--ak--14,cdca04e0bc6ce855,t- f,
20,prot-1951--ak--14,cdca04e0bc6ce855,b- l,
21,prot-1951--ak--14,cdca04e0bc6ce855,n- s,
22,prot-1951--ak--14,cdca04e0bc6ce855,k- s,
23,prot-1951--ak--14,cdca04e0bc6ce855,a- n,
24,prot-1951--ak--14,cdca04e0bc6ce855,a- t,
25,prot-1951--ak--14,cdca04e0bc6ce855,o- n,
26,prot-1951--ak--14,cdca04e0bc6ce855,e- n,
27,prot-1951--ak--14,cdca04e0bc6ce855,u- l,
28,prot-1951--ak--14,cdca04e0bc6ce855,e- f,
29,prot-1951--ak--14,cdca04e0bc6ce855,ä- s,
30,prot-1951--ak--14,cdca04e0bc6ce855,e- g,
31,prot-1951--ak--14,cdca04e0bc6ce855,t- b,
0,prot-1951--ak--14,cdca04e0bc6ce855,k- b,
1,prot-1951--ak--14,cdca04e0bc6ce855,k- s,
2,prot-1951--ak--14,cdca04e0bc6ce855,i- f,
3,prot-1951--ak--14,cdca04e0bc6ce855,r- s,
4,prot-1951--ak--14,cdca04e0bc6ce855,s- g,
5,prot-1951--ak--14,cdca04e0bc6ce855,b- l,
6,prot-1951--ak--14,cdca04e0bc6ce855,a- t,
7,prot-1951--ak--14,cdca04e0bc6ce855,r- t,
8,prot-1951--ak--14,cdca04e0bc6ce855,t- a,
9,prot-1951--ak--14,cdca04e0bc6ce855,a- k,
10,prot-1951--ak--14,cdca04e0bc6ce855,n- n,
11,prot-1951--ak--14,cdca04e0bc6ce855,n- n,
12,prot-1951--ak--14,cdca04e0bc6ce855,l- a,
13,prot-1951--ak--14,cdca04e0bc6ce855,c- k,
14,prot-1951--ak--14,cdca04e0bc6ce855,k- l,
15,prot-1951--ak--14,cdca04e0bc6ce855,e- f,
16,prot-1951--ak--14,cdca04e0bc6ce855,l- m,
17,prot-1951--ak--14,cdca04e0bc6ce855,k- s,
0,prot-1951--ak--14,7b16a01c980ae2ac,"r
s",
1,prot-1951--ak--14,cdca04e0bc6ce855,l- l,
2,prot-1951--ak--14,cdca04e0bc6ce855,k- k,
3,prot-1951--ak--14,cdca04e0bc6ce855,n- d,
4,prot-1951--ak--14,cdca04e0bc6ce855,c- k,
5,prot-1951--ak--14,cdca04e0bc6ce855,o- t,
6,prot-1951--ak--14,cdca04e0bc6ce855,n- t,
7,prot-1951--ak--14,cdca04e0bc6ce855,e- k,
8,prot-1951--ak--14,cdca04e0bc6ce855,u- v,
9,prot-1951--ak--14,cdca04e0bc6ce855,l- d,
10,prot-1951--ak--14,cdca04e0bc6ce855,n- v,
11,prot-1951--ak--14,cdca04e0bc6ce855,r- k,
12,prot-1951--ak--14,cdca04e0bc6ce855,o- t,
13,prot-1951--ak--14,cdca04e0bc6ce855,k- i,
14,prot-1951--ak--14,cdca04e0bc6ce855,r- l,
15,prot-1951--ak--14,cdca04e0bc6ce855,i- g,
16,prot-1951--ak--14,cdca04e0bc6ce855,o- n,
17,prot-1951--ak--14,cdca04e0bc6ce855,k- t,
18,prot-1951--ak--14,cdca04e0bc6ce855,i- f,
19,prot-1951--ak--14,cdca04e0bc6ce855,e- h,
20,prot-1951--ak--14,cdca04e0bc6ce855,l- j,
0,prot-1951--ak--14,7b16a01c980ae2ac,"d
h",
1,prot-1951--ak--14,7b16a01c980ae2ac,"n
m",
2,prot-1951--ak--14,7b16a01c980ae2ac,",
a",
3,prot-1951--ak--14,cdca04e0bc6ce855,a- t,
4,prot-1951--ak--14,cdca04e0bc6ce855,f- t,
5,prot-1951--ak--14,cdca04e0bc6ce855,s- p,
6,prot-1951--ak--14,cdca04e0bc6ce855,p- l,
7,prot-1951--ak--14,cdca04e0bc6ce855,r- t,
8,prot-1951--ak--14,cdca04e0bc6ce855,c- s,
9,prot-1951--ak--14,cdca04e0bc6ce855,o- s,
10,prot-1951--ak--14,cdca04e0bc6ce855,k- s,
11,prot-1951--ak--14,cdca04e0bc6ce855,n- s,
12,prot-1951--ak--14,cdca04e0bc6ce855,a- l,
13,prot-1951--ak--14,cdca04e0bc6ce855,a- g,
14,prot-1951--ak--14,cdca04e0bc6ce855,r- s,
15,prot-1951--ak--14,cdca04e0bc6ce855,n- v,
16,prot-1951--ak--14,cdca04e0bc6ce855,n- v,
17,prot-1951--ak--14,cdca04e0bc6ce855,s- k,
18,prot-1951--ak--14,cdca04e0bc6ce855,m- s,
19,prot-1951--ak--14,cdca04e0bc6ce855,r- s,
20,prot-1951--ak--14,cdca04e0bc6ce855,v- n,
21,prot-1951--ak--14,cdca04e0bc6ce855,e- b,
22,prot-1951--ak--14,cdca04e0bc6ce855,m- m,
23,prot-1951--ak--14,cdca04e0bc6ce855,l- n,
24,prot-1951--ak--14,cdca04e0bc6ce855,f- t,
25,prot-1951--ak--14,cdca04e0bc6ce855,a- t,
0,prot-1951--ak--14,7b16a01c980ae2ac,"a
f",
1,prot-1951--ak--14,cdca04e0bc6ce855,m- g,
2,prot-1951--ak--14,cdca04e0bc6ce855,m- g,
3,prot-1951--ak--14,cdca04e0bc6ce855,å- d,
4,prot-1951--ak--14,cdca04e0bc6ce855,r- v,
5,prot-1951--ak--14,cdca04e0bc6ce855,e- m,
6,prot-1951--ak--14,cdca04e0bc6ce855,t- s,
7,prot-1951--ak--14,cdca04e0bc6ce855,s- v,
8,prot-1951--ak--14,cdca04e0bc6ce855,o- n,
9,prot-1951--ak--14,cdca04e0bc6ce855,r- n,
10,prot-1951--ak--14,cdca04e0bc6ce855,k- s,
11,prot-1951--ak--14,cdca04e0bc6ce855,l- m,
12,prot-1951--ak--14,cdca04e0bc6ce855,s- d,
13,prot-1951--ak--14,cdca04e0bc6ce855,o- m,
14,prot-1951--ak--14,cdca04e0bc6ce855,i- f,
15,prot-1951--ak--14,cdca04e0bc6ce855,r- s,
16,prot-1951--ak--14,cdca04e0bc6ce855,e- b,
17,prot-1951--ak--14,cdca04e0bc6ce855,l- n,
18,prot-1951--ak--14,cdca04e0bc6ce855,r- d,
19,prot-1951--ak--14,cdca04e0bc6ce855,m- h,
20,prot-1951--ak--14,cdca04e0bc6ce855,k- s,
21,prot-1951--ak--14,cdca04e0bc6ce855,t- n,
22,prot-1951--ak--14,cdca04e0bc6ce855,o- b,
23,prot-1951--ak--14,cdca04e0bc6ce855,t- s,
24,prot-1951--ak--14,cdca04e0bc6ce855,o- n,
25,prot-1951--ak--14,cdca04e0bc6ce855,l- s,
26,prot-1951--ak--14,cdca04e0bc6ce855,m- s,
27,prot-1951--ak--14,cdca04e0bc6ce855,e- s,
28,prot-1951--ak--14,cdca04e0bc6ce855,l- m,
29,prot-1951--ak--14,cdca04e0bc6ce855,g- d,
30,prot-1951--ak--14,cdca04e0bc6ce855,r- s,
31,prot-1951--ak--14,cdca04e0bc6ce855,v- n,
0,prot-1951--ak--14,7b16a01c980ae2ac,"t
a",
1,prot-1951--ak--14,7b16a01c980ae2ac,"r
t",
2,prot-1951--ak--14,7b16a01c980ae2ac,"r
s",
3,prot-1951--ak--14,cdca04e0bc6ce855,s- o,
4,prot-1951--ak--14,cdca04e0bc6ce855,c- c,
5,prot-1951--ak--14,cdca04e0bc6ce855,e- l,
6,prot-1951--ak--14,cdca04e0bc6ce855,t- s,
7,prot-1951--ak--14,cdca04e0bc6ce855,s- v,
8,prot-1951--ak--14,cdca04e0bc6ce855,n- d,
9,prot-1951--ak--14,cdca04e0bc6ce855,r- s,
10,prot-1951--ak--14,cdca04e0bc6ce855,j- l,
11,prot-1951--ak--14,cdca04e0bc6ce855,n- n,
12,prot-1951--ak--14,cdca04e0bc6ce855,e- c,
13,prot-1951--ak--14,cdca04e0bc6ce855,å- g,
14,prot-1951--ak--14,cdca04e0bc6ce855,o- n,
15,prot-1951--ak--14,cdca04e0bc6ce855,k- t,
16,prot-1951--ak--14,cdca04e0bc6ce855,i- f,
17,prot-1951--ak--14,cdca04e0bc6ce855,e- r,
18,prot-1951--ak--14,cdca04e0bc6ce855,r- s,
19,prot-1951--ak--14,cdca04e0bc6ce855,p- l,
20,prot-1951--ak--14,cdca04e0bc6ce855,f- t,
21,prot-1951--ak--14,cdca04e0bc6ce855,s- p,
22,prot-1951--ak--14,cdca04e0bc6ce855,p- l,
23,prot-1951--ak--14,cdca04e0bc6ce855,r- t,
24,prot-1951--ak--14,cdca04e0bc6ce855,m- m,
25,prot-1951--ak--14,cdca04e0bc6ce855,s- o,
26,prot-1951--ak--14,cdca04e0bc6ce855,s- n,
27,prot-1951--ak--14,cdca04e0bc6ce855,o- s,
0,prot-1951--ak--14,cdca04e0bc6ce855,s- o,
1,prot-1951--ak--14,cdca04e0bc6ce855,s- n,
2,prot-1951--ak--14,cdca04e0bc6ce855,n- d,
3,prot-1951--ak--14,cdca04e0bc6ce855,s- o,
4,prot-1951--ak--14,cdca04e0bc6ce855,k- t,
5,prot-1951--ak--14,cdca04e0bc6ce855,r- s,
6,prot-1951--ak--14,cdca04e0bc6ce855,n- d,
7,prot-1951--ak--14,cdca04e0bc6ce855,s- o,
8,prot-1951--ak--14,cdca04e0bc6ce855,m- h,
9,prot-1951--ak--14,cdca04e0bc6ce855,s- t,
10,prot-1951--ak--14,cdca04e0bc6ce855,l- l,
11,prot-1951--ak--14,cdca04e0bc6ce855,n- d,
12,prot-1951--ak--14,cdca04e0bc6ce855,s- o,
13,prot-1951--ak--14,cdca04e0bc6ce855,m- h,
14,prot-1951--ak--14,cdca04e0bc6ce855,n- s,
15,prot-1951--ak--14,cdca04e0bc6ce855,r- v,
16,prot-1951--ak--14,cdca04e0bc6ce855,l- m,
17,prot-1951--ak--14,cdca04e0bc6ce855,l- m,
18,prot-1951--ak--14,cdca04e0bc6ce855,g- r,
19,prot-1951--ak--14,cdca04e0bc6ce855,m- s,
20,prot-1951--ak--14,cdca04e0bc6ce855,s- o,
21,prot-1951--ak--14,cdca04e0bc6ce855,s- n,
22,prot-1951--ak--14,cdca04e0bc6ce855,e- s,
23,prot-1951--ak--14,cdca04e0bc6ce855,e- s,
24,prot-1951--ak--14,cdca04e0bc6ce855,n- s,
25,prot-1951--ak--14,cdca04e0bc6ce855,n- l,
26,prot-1951--ak--14,cdca04e0bc6ce855,o- t,
27,prot-1951--ak--14,cdca04e0bc6ce855,u- t,
28,prot-1951--ak--14,cdca04e0bc6ce855,e- l,
29,prot-1951--ak--14,cdca04e0bc6ce855,t- l,
30,prot-1951--ak--14,cdca04e0bc6ce855,k- n,
31,prot-1951--ak--14,cdca04e0bc6ce855,l- l,
32,prot-1951--ak--14,cdca04e0bc6ce855,s- b,
33,prot-1951--ak--14,cdca04e0bc6ce855,k- n,
34,prot-1951--ak--14,cdca04e0bc6ce855,e- s,
35,prot-1951--ak--14,cdca04e0bc6ce855,n- s,
36,prot-1951--ak--14,cdca04e0bc6ce855,g- d,
37,prot-1951--ak--14,cdca04e0bc6ce855,r- t,
38,prot-1951--ak--14,cdca04e0bc6ce855,r- l,
39,prot-1951--ak--14,cdca04e0bc6ce855,i- f,
40,prot-1951--ak--14,cdca04e0bc6ce855,a- t,
0,prot-1951--ak--14,cdca04e0bc6ce855,s- o,
1,prot-1951--ak--14,cdca04e0bc6ce855,l- m,
2,prot-1951--ak--14,cdca04e0bc6ce855,o- t,
3,prot-1951--ak--14,cdca04e0bc6ce855,s- o,
4,prot-1951--ak--14,cdca04e0bc6ce855,o- n,
5,prot-1951--ak--14,cdca04e0bc6ce855,e- s,
6,prot-1951--ak--14,cdca04e0bc6ce855,r- f,
7,prot-1951--ak--14,cdca04e0bc6ce855,k- t,
8,prot-1951--ak--14,cdca04e0bc6ce855,n- s,
9,prot-1951--ak--14,cdca04e0bc6ce855,r- t,
10,prot-1951--ak--14,cdca04e0bc6ce855,k- t,
11,prot-1951--ak--14,cdca04e0bc6ce855,e- r,
12,prot-1951--ak--14,cdca04e0bc6ce855,n- n,
13,prot-1951--ak--14,cdca04e0bc6ce855,r- b,
14,prot-1951--ak--14,cdca04e0bc6ce855,o- c,
15,prot-1951--ak--14,cdca04e0bc6ce855,t- n,
16,prot-1951--ak--14,cdca04e0bc6ce855,o- t,
17,prot-1951--ak--14,cdca04e0bc6ce855,l- l,
18,prot-1951--ak--14,cdca04e0bc6ce855,p- g,
19,prot-1951--ak--14,cdca04e0bc6ce855,s- l,
20,prot-1951--ak--14,cdca04e0bc6ce855,p- l,
21,prot-1951--ak--14,cdca04e0bc6ce855,m- h,
22,prot-1951--ak--14,cdca04e0bc6ce855,r- h,
23,prot-1951--ak--14,cdca04e0bc6ce855,r- h,
24,prot-1951--ak--14,cdca04e0bc6ce855,r- n,
25,prot-1951--ak--14,cdca04e0bc6ce855,r- b,
26,prot-1951--ak--14,cdca04e0bc6ce855,t- s,
27,prot-1951--ak--14,cdca04e0bc6ce855,g- e,
28,prot-1951--ak--14,cdca04e0bc6ce855,o- n,
29,prot-1951--ak--14,cdca04e0bc6ce855,s- a,
30,prot-1951--ak--14,cdca04e0bc6ce855,n- s,
31,prot-1951--ak--14,cdca04e0bc6ce855,t- n,
32,prot-1951--ak--14,cdca04e0bc6ce855,e- l,
33,prot-1951--ak--14,cdca04e0bc6ce855,n- s,
34,prot-1951--ak--14,cdca04e0bc6ce855,n- n,
35,prot-1951--ak--14,cdca04e0bc6ce855,r- k,
0,prot-1951--ak--14,7b16a01c980ae2ac,"n
a",
1,prot-1951--ak--14,cdca04e0bc6ce855,s- o,
2,prot-1951--ak--14,cdca04e0bc6ce855,a- t,
3,prot-1951--ak--14,cdca04e0bc6ce855,r- h,
4,prot-1951--ak--14,cdca04e0bc6ce855,e- n,
5,prot-1951--ak--14,cdca04e0bc6ce855,n- d,
6,prot-1951--ak--14,cdca04e0bc6ce855,r- b,
7,prot-1951--ak--14,cdca04e0bc6ce855,e- s,
8,prot-1951--ak--14,cdca04e0bc6ce855,r- b,
9,prot-1951--ak--14,cdca04e0bc6ce855,a- v,
10,prot-1951--ak--14,cdca04e0bc6ce855,a- d,
11,prot-1951--ak--14,cdca04e0bc6ce855,u- v,
12,prot-1951--ak--14,cdca04e0bc6ce855,r- s,
13,prot-1951--ak--14,cdca04e0bc6ce855,t- t,
14,prot-1951--ak--14,cdca04e0bc6ce855,r- k,
15,prot-1951--ak--14,cdca04e0bc6ce855,s- f,
16,prot-1951--ak--14,cdca04e0bc6ce855,å- l,
17,prot-1951--ak--14,cdca04e0bc6ce855,e- v,
18,prot-1951--ak--14,cdca04e0bc6ce855,r- b,
19,prot-1951--ak--14,cdca04e0bc6ce855,t- l,
20,prot-1951--ak--14,cdca04e0bc6ce855,l- t,
21,prot-1951--ak--14,cdca04e0bc6ce855,k- t,
22,prot-1951--ak--14,cdca04e0bc6ce855,s- n,
23,prot-1951--ak--14,cdca04e0bc6ce855,r- s,
24,prot-1951--ak--14,cdca04e0bc6ce855,k- n,
25,prot-1951--ak--14,cdca04e0bc6ce855,n- d,
26,prot-1951--ak--14,cdca04e0bc6ce855,m- m,
27,prot-1951--ak--14,cdca04e0bc6ce855,e- s,
28,prot-1951--ak--14,cdca04e0bc6ce855,k- l,
29,prot-1951--ak--14,cdca04e0bc6ce855,v- r,
30,prot-1951--ak--14,cdca04e0bc6ce855,t- f,
31,prot-1951--ak--14,cdca04e0bc6ce855,r- e,
0,prot-1951--ak--14,7b16a01c980ae2ac,"v
b",
1,prot-1951--ak--14,cdca04e0bc6ce855,r- j,
2,prot-1951--ak--14,cdca04e0bc6ce855,r- h,
3,prot-1951--ak--14,cdca04e0bc6ce855,t- l,
4,prot-1951--ak--14,cdca04e0bc6ce855,s- u,
5,prot-1951--ak--14,cdca04e0bc6ce855,k- s,
6,prot-1951--ak--14,cdca04e0bc6ce855,s- o,
7,prot-1951--ak--14,cdca04e0bc6ce855,s- n,
8,prot-1951--ak--14,cdca04e0bc6ce855,k- t,
9,prot-1951--ak--14,cdca04e0bc6ce855,k- n,
10,prot-1951--ak--14,cdca04e0bc6ce855,l- m,
11,prot-1951--ak--14,cdca04e0bc6ce855,s- s,
12,prot-1951--ak--14,cdca04e0bc6ce855,s- r,
13,prot-1951--ak--14,cdca04e0bc6ce855,e- b,
14,prot-1951--ak--14,cdca04e0bc6ce855,s- d,
15,prot-1951--ak--14,cdca04e0bc6ce855,s- r,
16,prot-1951--ak--14,cdca04e0bc6ce855,p- f,
17,prot-1951--ak--14,cdca04e0bc6ce855,n- d,
18,prot-1951--ak--14,cdca04e0bc6ce855,k- t,
19,prot-1951--ak--14,cdca04e0bc6ce855,a- t,
20,prot-1951--ak--14,cdca04e0bc6ce855,k- t,
21,prot-1951--ak--14,cdca04e0bc6ce855,s- s,
22,prot-1951--ak--14,cdca04e0bc6ce855,s- o,
23,prot-1951--ak--14,cdca04e0bc6ce855,o- h,
24,prot-1951--ak--14,cdca04e0bc6ce855,k- t,
25,prot-1951--ak--14,cdca04e0bc6ce855,l- i,
26,prot-1951--ak--14,cdca04e0bc6ce855,å- s,
27,prot-1951--ak--14,cdca04e0bc6ce855,l- v,
28,prot-1951--ak--14,cdca04e0bc6ce855,e- r,
0,prot-1951--ak--14,7b16a01c980ae2ac,"r
r",
1,prot-1951--ak--14,cdca04e0bc6ce855,s- o,
2,prot-1951--ak--14,cdca04e0bc6ce855,o- h,
3,prot-1951--ak--14,cdca04e0bc6ce855,f- f,
4,prot-1951--ak--14,cdca04e0bc6ce855,t- v,
5,prot-1951--ak--14,cdca04e0bc6ce855,m- t,
6,prot-1951--ak--14,cdca04e0bc6ce855,p- s,
7,prot-1951--ak--14,cdca04e0bc6ce855,l- m,
8,prot-1951--ak--14,cdca04e0bc6ce855,e- t,
9,prot-1951--ak--14,cdca04e0bc6ce855,r- h,
10,prot-1951--ak--14,cdca04e0bc6ce855,e- n,
11,prot-1951--ak--14,cdca04e0bc6ce855,t- n,
12,prot-1951--ak--14,cdca04e0bc6ce855,k- t,
13,prot-1951--ak--14,cdca04e0bc6ce855,n- d,
14,prot-1951--ak--14,cdca04e0bc6ce855,e- s,
15,prot-1951--ak--14,cdca04e0bc6ce855,n- s,
16,prot-1951--ak--14,cdca04e0bc6ce855,c- k,
17,prot-1951--ak--14,cdca04e0bc6ce855,ö- r,
18,prot-1951--ak--14,cdca04e0bc6ce855,s- b,
19,prot-1951--ak--14,cdca04e0bc6ce855,m- m,
20,prot-1951--ak--14,cdca04e0bc6ce855,n- n,
21,prot-1951--ak--14,cdca04e0bc6ce855,ä- l,
22,prot-1951--ak--14,cdca04e0bc6ce855,r- h,
23,prot-1951--ak--14,cdca04e0bc6ce855,s- t,
24,prot-1951--ak--14,cdca04e0bc6ce855,l- s,
25,prot-1951--ak--14,cdca04e0bc6ce855,n- s,
0,prot-1951--ak--14,cdca04e0bc6ce855,s- o,
1,prot-1951--ak--14,cdca04e0bc6ce855,s- s,
2,prot-1951--ak--14,cdca04e0bc6ce855,c- k,
3,prot-1951--ak--14,cdca04e0bc6ce855,k- t,
4,prot-1951--ak--14,cdca04e0bc6ce855,ä- r,
5,prot-1951--ak--14,cdca04e0bc6ce855,r- m,
6,prot-1951--ak--14,cdca04e0bc6ce855,k- s,
7,prot-1951--ak--14,cdca04e0bc6ce855,i- v,
8,prot-1951--ak--14,cdca04e0bc6ce855,i- g,
9,prot-1951--ak--14,cdca04e0bc6ce855,s- s,
10,prot-1951--ak--14,cdca04e0bc6ce855,n- s,
11,prot-1951--ak--14,cdca04e0bc6ce855,e- t,
12,prot-1951--ak--14,cdca04e0bc6ce855,e- e,
13,prot-1951--ak--14,cdca04e0bc6ce855,e- g,
14,prot-1951--ak--14,cdca04e0bc6ce855,a- t,
15,prot-1951--ak--14,cdca04e0bc6ce855,å- g,
16,prot-1951--ak--14,cdca04e0bc6ce855,ö- r,
17,prot-1951--ak--14,cdca04e0bc6ce855,e- l,
18,prot-1951--ak--14,cdca04e0bc6ce855,e- t,
19,prot-1951--ak--14,cdca04e0bc6ce855,t- t,
20,prot-1951--ak--14,cdca04e0bc6ce855,t- t,
21,prot-1951--ak--14,cdca04e0bc6ce855,n- l,
22,prot-1951--ak--14,cdca04e0bc6ce855,s- o,
23,prot-1951--ak--14,cdca04e0bc6ce855,s- n,
24,prot-1951--ak--14,cdca04e0bc6ce855,e- t,
25,prot-1951--ak--14,cdca04e0bc6ce855,i- n,
26,prot-1951--ak--14,cdca04e0bc6ce855,a- t,
27,prot-1951--ak--14,cdca04e0bc6ce855,k- t,
28,prot-1951--ak--14,cdca04e0bc6ce855,o- n,
29,prot-1951--ak--14,cdca04e0bc6ce855,e- ö,
30,prot-1951--ak--14,cdca04e0bc6ce855,j- n,
31,prot-1951--ak--14,cdca04e0bc6ce855,a- c,
32,prot-1951--ak--14,cdca04e0bc6ce855,v- g,
0,prot-1951--ak--14,7b16a01c980ae2ac,"i
m",
1,prot-1951--ak--14,7b16a01c980ae2ac,"t
h",
2,prot-1951--ak--14,cdca04e0bc6ce855,s- o,
3,prot-1951--ak--14,cdca04e0bc6ce855,m- m,
4,prot-1951--ak--14,cdca04e0bc6ce855,t- å,
5,prot-1951--ak--14,cdca04e0bc6ce855,t- s,
6,prot-1951--ak--14,cdca04e0bc6ce855,u- t,
7,prot-1951--ak--14,cdca04e0bc6ce855,o- m,
8,prot-1951--ak--14,cdca04e0bc6ce855,k- t,
9,prot-1951--ak--14,cdca04e0bc6ce855,t- l,
10,prot-1951--ak--14,cdca04e0bc6ce855,ö- r,
11,prot-1951--ak--14,cdca04e0bc6ce855,l- l,
12,prot-1951--ak--14,cdca04e0bc6ce855,k- t,
13,prot-1951--ak--14,cdca04e0bc6ce855,p- p,
14,prot-1951--ak--14,cdca04e0bc6ce855,o- m,
15,prot-1951--ak--14,cdca04e0bc6ce855,s- f,
16,prot-1951--ak--14,cdca04e0bc6ce855,o- n,
17,prot-1951--ak--14,cdca04e0bc6ce855,e- d,
18,prot-1951--ak--14,cdca04e0bc6ce855,o- n,
19,prot-1951--ak--14,cdca04e0bc6ce855,å- e,
20,prot-1951--ak--14,cdca04e0bc6ce855,l- ö,
21,prot-1951--ak--14,cdca04e0bc6ce855,s- o,
22,prot-1951--ak--14,cdca04e0bc6ce855,e- t,
23,prot-1951--ak--14,cdca04e0bc6ce855,e- s,
24,prot-1951--ak--14,cdca04e0bc6ce855,o- n,
25,prot-1951--ak--14,cdca04e0bc6ce855,a- t,
26,prot-1951--ak--14,cdca04e0bc6ce855,v- v,
27,prot-1951--ak--14,cdca04e0bc6ce855,f- t,
28,prot-1951--ak--14,cdca04e0bc6ce855,o- p,
29,prot-1951--ak--14,cdca04e0bc6ce855,e- s,
30,prot-1951--ak--14,cdca04e0bc6ce855,m- k,
31,prot-1951--ak--14,cdca04e0bc6ce855,t- n,
32,prot-1951--ak--14,cdca04e0bc6ce855,d- r,
33,prot-1951--ak--14,cdca04e0bc6ce855,r- h,
0,prot-1951--ak--14,7b16a01c980ae2ac,",
t",
1,prot-1951--ak--14,cdca04e0bc6ce855,s- o,
2,prot-1951--ak--14,cdca04e0bc6ce855,m- m,
3,prot-1951--ak--14,cdca04e0bc6ce855,i- s,
4,prot-1951--ak--14,cdca04e0bc6ce855,a- r,
5,prot-1951--ak--14,cdca04e0bc6ce855,r- v,
6,prot-1951--ak--14,cdca04e0bc6ce855,s- o,
7,prot-1951--ak--14,cdca04e0bc6ce855,k- s,
8,prot-1951--ak--14,cdca04e0bc6ce855,j- n,
9,prot-1951--ak--14,cdca04e0bc6ce855,n- s,
10,prot-1951--ak--14,cdca04e0bc6ce855,e- g,
11,prot-1951--ak--14,cdca04e0bc6ce855,i- d,
12,prot-1951--ak--14,cdca04e0bc6ce855,n- s,
13,prot-1951--ak--14,cdca04e0bc6ce855,e- t,
14,prot-1951--ak--14,cdca04e0bc6ce855,r- n,
15,prot-1951--ak--14,cdca04e0bc6ce855,n- p,
16,prot-1951--ak--14,cdca04e0bc6ce855,s- a,
17,prot-1951--ak--14,cdca04e0bc6ce855,s- r,
18,prot-1951--ak--14,cdca04e0bc6ce855,e- t,
19,prot-1951--ak--14,cdca04e0bc6ce855,e- l,
20,prot-1951--ak--14,cdca04e0bc6ce855,k- s,
21,prot-1951--ak--14,cdca04e0bc6ce855,s- s,
22,prot-1951--ak--14,cdca04e0bc6ce855,s- h,
23,prot-1951--ak--14,cdca04e0bc6ce855,o- n,
24,prot-1951--ak--14,cdca04e0bc6ce855,e- r,
25,prot-1951--ak--14,cdca04e0bc6ce855,k- n,
26,prot-1951--ak--14,cdca04e0bc6ce855,t- r,
27,prot-1951--ak--14,cdca04e0bc6ce855,r- h,
28,prot-1951--ak--14,cdca04e0bc6ce855,l- s,
29,prot-1951--ak--14,cdca04e0bc6ce855,k- t,
30,prot-1951--ak--14,cdca04e0bc6ce855,o- n,
0,prot-1951--ak--14,7b16a01c980ae2ac,"r
s",
1,prot-1951--ak--14,cdca04e0bc6ce855,j- n,
2,prot-1951--ak--14,cdca04e0bc6ce855,g- s,
3,prot-1951--ak--14,cdca04e0bc6ce855,i- f,
4,prot-1951--ak--14,cdca04e0bc6ce855,e- b,
5,prot-1951--ak--14,cdca04e0bc6ce855,n- d,
6,prot-1951--ak--14,cdca04e0bc6ce855,i- s,
7,prot-1951--ak--14,cdca04e0bc6ce855,a- t,
8,prot-1951--ak--14,cdca04e0bc6ce855,d- m,
9,prot-1951--ak--14,cdca04e0bc6ce855,k- l,
10,prot-1951--ak--14,cdca04e0bc6ce855,v- s,
11,prot-1951--ak--14,cdca04e0bc6ce855,o- s,
12,prot-1951--ak--14,cdca04e0bc6ce855,o- g,
13,prot-1951--ak--14,cdca04e0bc6ce855,o- s,
14,prot-1951--ak--14,cdca04e0bc6ce855,e- s,
15,prot-1951--ak--14,cdca04e0bc6ce855,r- d,
16,prot-1951--ak--14,cdca04e0bc6ce855,e- r,
17,prot-1951--ak--14,cdca04e0bc6ce855,d- k,
18,prot-1951--ak--14,cdca04e0bc6ce855,o- s,
19,prot-1951--ak--14,cdca04e0bc6ce855,s- n,
20,prot-1951--ak--14,cdca04e0bc6ce855,l- k,
21,prot-1951--ak--14,cdca04e0bc6ce855,s- a,
22,prot-1951--ak--14,cdca04e0bc6ce855,i- s,
23,prot-1951--ak--14,cdca04e0bc6ce855,l- d,
24,prot-1951--ak--14,cdca04e0bc6ce855,v- g,
25,prot-1951--ak--14,cdca04e0bc6ce855,o- s,
26,prot-1951--ak--14,cdca04e0bc6ce855,n- g,
27,prot-1951--ak--14,cdca04e0bc6ce855,i- d,
28,prot-1951--ak--14,cdca04e0bc6ce855,u- t,
29,prot-1951--ak--14,cdca04e0bc6ce855,o- t,
30,prot-1951--ak--14,cdca04e0bc6ce855,s- d,
31,prot-1951--ak--14,cdca04e0bc6ce855,p- f,
32,prot-1951--ak--14,cdca04e0bc6ce855,t- ö,
0,prot-1951--ak--14,7b16a01c980ae2ac,",
a",
1,prot-1951--ak--14,7b16a01c980ae2ac,",
a",
2,prot-1951--ak--14,cdca04e0bc6ce855,r- s,
3,prot-1951--ak--14,cdca04e0bc6ce855,ö- n,
4,prot-1951--ak--14,cdca04e0bc6ce855,i- t,
5,prot-1951--ak--14,cdca04e0bc6ce855,n- v,
6,prot-1951--ak--14,cdca04e0bc6ce855,ö- k,
7,prot-1951--ak--14,cdca04e0bc6ce855,n- s,
8,prot-1951--ak--14,cdca04e0bc6ce855,a- r,
9,prot-1951--ak--14,cdca04e0bc6ce855,o- t,
10,prot-1951--ak--14,cdca04e0bc6ce855,e- s,
11,prot-1951--ak--14,cdca04e0bc6ce855,i- d,
12,prot-1951--ak--14,cdca04e0bc6ce855,n- v,
13,prot-1951--ak--14,cdca04e0bc6ce855,r- v,
14,prot-1951--ak--14,cdca04e0bc6ce855,n- n,
15,prot-1951--ak--14,cdca04e0bc6ce855,a- r,
16,prot-1951--ak--14,cdca04e0bc6ce855,f- t,
17,prot-1951--ak--14,cdca04e0bc6ce855,r- d,
18,prot-1951--ak--14,cdca04e0bc6ce855,a- c,
19,prot-1951--ak--14,cdca04e0bc6ce855,v- r,
20,prot-1951--ak--14,cdca04e0bc6ce855,r- v,
21,prot-1951--ak--14,cdca04e0bc6ce855,e- l,
22,prot-1951--ak--14,cdca04e0bc6ce855,i- n,
23,prot-1951--ak--14,cdca04e0bc6ce855,e- g,
24,prot-1951--ak--14,cdca04e0bc6ce855,s- s,
25,prot-1951--ak--14,cdca04e0bc6ce855,n- h,
26,prot-1951--ak--14,cdca04e0bc6ce855,t- t,
27,prot-1951--ak--14,cdca04e0bc6ce855,t- s,
28,prot-1951--ak--14,cdca04e0bc6ce855,e- d,
29,prot-1951--ak--14,cdca04e0bc6ce855,v- v,
30,prot-1951--ak--14,cdca04e0bc6ce855,m- m,
31,prot-1951--ak--14,cdca04e0bc6ce855,v- s,
32,prot-1951--ak--14,cdca04e0bc6ce855,n- d,
33,prot-1951--ak--14,cdca04e0bc6ce855,e- g,
0,prot-1951--ak--14,7b16a01c980ae2ac,"r
f",
1,prot-1951--ak--14,7b16a01c980ae2ac,"k
i",
2,prot-1951--ak--14,7b16a01c980ae2ac,"t
e",
3,prot-1951--ak--14,cdca04e0bc6ce855,n- p,
4,prot-1951--ak--14,cdca04e0bc6ce855,n- d,
5,prot-1951--ak--14,cdca04e0bc6ce855,i- l,
6,prot-1951--ak--14,cdca04e0bc6ce855,t- t,
7,prot-1951--ak--14,cdca04e0bc6ce855,e- s,
8,prot-1951--ak--14,cdca04e0bc6ce855,a- r,
9,prot-1951--ak--14,cdca04e0bc6ce855,l- m,
10,prot-1951--ak--14,cdca04e0bc6ce855,d- l,
11,prot-1951--ak--14,cdca04e0bc6ce855,a- d,
12,prot-1951--ak--14,cdca04e0bc6ce855,t- l,
13,prot-1951--ak--14,cdca04e0bc6ce855,d- l,
14,prot-1951--ak--14,cdca04e0bc6ce855,p- n,
15,prot-1951--ak--14,cdca04e0bc6ce855,s- n,
16,prot-1951--ak--14,cdca04e0bc6ce855,o- s,
17,prot-1951--ak--14,cdca04e0bc6ce855,o- n,
18,prot-1951--ak--14,cdca04e0bc6ce855,n- s,
19,prot-1951--ak--14,cdca04e0bc6ce855,n- f,
20,prot-1951--ak--14,cdca04e0bc6ce855,l- l,
21,prot-1951--ak--14,cdca04e0bc6ce855,m- m,
22,prot-1951--ak--14,cdca04e0bc6ce855,e- g,
23,prot-1951--ak--14,cdca04e0bc6ce855,o- g,
24,prot-1951--ak--14,cdca04e0bc6ce855,n- d,
25,prot-1951--ak--14,cdca04e0bc6ce855,m- s,
26,prot-1951--ak--14,cdca04e0bc6ce855,e- r,
27,prot-1951--ak--14,cdca04e0bc6ce855,s- d,
28,prot-1951--ak--14,cdca04e0bc6ce855,s- b,
0,prot-1951--ak--14,7b16a01c980ae2ac,"e
ä",
1,prot-1951--ak--14,cdca04e0bc6ce855,t- f,
2,prot-1951--ak--14,cdca04e0bc6ce855,c- k,
3,prot-1951--ak--14,cdca04e0bc6ce855,a- g,
4,prot-1951--ak--14,cdca04e0bc6ce855,g- s,
5,prot-1951--ak--14,cdca04e0bc6ce855,n- s,
6,prot-1951--ak--14,cdca04e0bc6ce855,s- b,
7,prot-1951--ak--14,cdca04e0bc6ce855,n- d,
8,prot-1951--ak--14,cdca04e0bc6ce855,å- n,
9,prot-1951--ak--14,cdca04e0bc6ce855,a- d,
10,prot-1951--ak--14,cdca04e0bc6ce855,n- l,
11,prot-1951--ak--14,cdca04e0bc6ce855,s- b,
12,prot-1951--ak--14,cdca04e0bc6ce855,o- t,
13,prot-1951--ak--14,cdca04e0bc6ce855,n- s,
14,prot-1951--ak--14,cdca04e0bc6ce855,t- s,
15,prot-1951--ak--14,cdca04e0bc6ce855,n- s,
16,prot-1951--ak--14,cdca04e0bc6ce855,e- r,
17,prot-1951--ak--14,cdca04e0bc6ce855,y- r,
18,prot-1951--ak--14,cdca04e0bc6ce855,r- s,
19,prot-1951--ak--14,cdca04e0bc6ce855,s- s,
20,prot-1951--ak--14,cdca04e0bc6ce855,l- s,
21,prot-1951--ak--14,cdca04e0bc6ce855,i- b,
22,prot-1951--ak--14,cdca04e0bc6ce855,r- k,
23,prot-1951--ak--14,cdca04e0bc6ce855,o- n,
24,prot-1951--ak--14,cdca04e0bc6ce855,g- e,
25,prot-1951--ak--14,cdca04e0bc6ce855,l- l,
26,prot-1951--ak--14,cdca04e0bc6ce855,l- m,
0,prot-1951--ak--14,7b16a01c980ae2ac,"n
t",
1,prot-1951--ak--14,cdca04e0bc6ce855,r- h,
2,prot-1951--ak--14,cdca04e0bc6ce855,m- m,
3,prot-1951--ak--14,cdca04e0bc6ce855,g- e,
4,prot-1951--ak--14,cdca04e0bc6ce855,u- v,
5,prot-1951--ak--14,cdca04e0bc6ce855,e- h,
6,prot-1951--ak--14,cdca04e0bc6ce855,o- t,
7,prot-1951--ak--14,cdca04e0bc6ce855,a- g,
8,prot-1951--ak--14,cdca04e0bc6ce855,e- r,
9,prot-1951--ak--14,cdca04e0bc6ce855,n- d,
10,prot-1951--ak--14,cdca04e0bc6ce855,i- f,
11,prot-1951--ak--14,cdca04e0bc6ce855,o- s,
12,prot-1951--ak--14,cdca04e0bc6ce855,m- m,
13,prot-1951--ak--14,cdca04e0bc6ce855,o- s,
14,prot-1951--ak--14,cdca04e0bc6ce855,t- n,
15,prot-1951--ak--14,cdca04e0bc6ce855,r- s,
16,prot-1951--ak--14,cdca04e0bc6ce855,d- l,
17,prot-1951--ak--14,cdca04e0bc6ce855,n- l,
18,prot-1951--ak--14,cdca04e0bc6ce855,t- n,
19,prot-1951--ak--14,cdca04e0bc6ce855,r- s,
20,prot-1951--ak--14,cdca04e0bc6ce855,n- d,
21,prot-1951--ak--14,cdca04e0bc6ce855,o- o,
22,prot-1951--ak--14,cdca04e0bc6ce855,i- n,
0,prot-1951--ak--14,cdca04e0bc6ce855,e- p,
1,prot-1951--ak--14,cdca04e0bc6ce855,n- r,
2,prot-1951--ak--14,cdca04e0bc6ce855,n- n,
3,prot-1951--ak--14,cdca04e0bc6ce855,e- t,
4,prot-1951--ak--14,cdca04e0bc6ce855,i- v,
5,prot-1951--ak--14,cdca04e0bc6ce855,e- b,
6,prot-1951--ak--14,cdca04e0bc6ce855,r- m,
7,prot-1951--ak--14,cdca04e0bc6ce855,s- s,
8,prot-1951--ak--14,cdca04e0bc6ce855,m- m,
9,prot-1951--ak--14,cdca04e0bc6ce855,e- n,
10,prot-1951--ak--14,cdca04e0bc6ce855,n- s,
11,prot-1951--ak--14,cdca04e0bc6ce855,i- t,
12,prot-1951--ak--14,cdca04e0bc6ce855,r- s,
13,prot-1951--ak--14,cdca04e0bc6ce855,i- f,
14,prot-1951--ak--14,cdca04e0bc6ce855,l- m,
15,prot-1951--ak--14,cdca04e0bc6ce855,n- t,
16,prot-1951--ak--14,cdca04e0bc6ce855,l- l,
17,prot-1951--ak--14,cdca04e0bc6ce855,m- n,
18,prot-1951--ak--14,cdca04e0bc6ce855,i- k,
19,prot-1951--ak--14,cdca04e0bc6ce855,r- b,
20,prot-1951--ak--14,cdca04e0bc6ce855,r- l,
21,prot-1951--ak--14,cdca04e0bc6ce855,g- h,
22,prot-1951--ak--14,cdca04e0bc6ce855,e- b,
23,prot-1951--ak--14,cdca04e0bc6ce855,r- k,
24,prot-1951--ak--14,cdca04e0bc6ce855,e- t,
25,prot-1951--ak--14,cdca04e0bc6ce855,m- b,
26,prot-1951--ak--14,cdca04e0bc6ce855,e- s,
27,prot-1951--ak--14,cdca04e0bc6ce855,a- g,
0,prot-1951--ak--14,cdca04e0bc6ce855,a- g,
1,prot-1951--ak--14,cdca04e0bc6ce855,n- h,
2,prot-1951--ak--14,cdca04e0bc6ce855,a- t,
3,prot-1951--ak--14,cdca04e0bc6ce855,i- g,
4,prot-1951--ak--14,cdca04e0bc6ce855,d- g,
5,prot-1951--ak--14,cdca04e0bc6ce855,t- s,
6,prot-1951--ak--14,cdca04e0bc6ce855,r- k,
7,prot-1951--ak--14,cdca04e0bc6ce855,n- t,
8,prot-1951--ak--14,cdca04e0bc6ce855,r- s,
9,prot-1951--ak--14,cdca04e0bc6ce855,a- t,
10,prot-1951--ak--14,cdca04e0bc6ce855,t- t,
11,prot-1951--ak--14,cdca04e0bc6ce855,e- t,
12,prot-1951--ak--14,cdca04e0bc6ce855,e- m,
13,prot-1951--ak--14,cdca04e0bc6ce855,p- g,
14,prot-1951--ak--14,cdca04e0bc6ce855,r- m,
15,prot-1951--ak--14,cdca04e0bc6ce855,å- l,
16,prot-1951--ak--14,cdca04e0bc6ce855,f- t,
17,prot-1951--ak--14,cdca04e0bc6ce855,n- k,
18,prot-1951--ak--14,cdca04e0bc6ce855,r- k,
19,prot-1951--ak--14,cdca04e0bc6ce855,t- n,
20,prot-1951--ak--14,cdca04e0bc6ce855,a- m,
0,prot-1951--ak--14,7b16a01c980ae2ac,"n
g",
1,prot-1951--ak--14,cdca04e0bc6ce855,t- s,
2,prot-1951--ak--14,cdca04e0bc6ce855,v- n,
3,prot-1951--ak--14,cdca04e0bc6ce855,r- n,
4,prot-1951--ak--14,cdca04e0bc6ce855,e- s,
5,prot-1951--ak--14,cdca04e0bc6ce855,c- c,
6,prot-1951--ak--14,cdca04e0bc6ce855,å- d,
7,prot-1951--ak--14,cdca04e0bc6ce855,n- n,
8,prot-1951--ak--14,cdca04e0bc6ce855,n- t,
9,prot-1951--ak--14,cdca04e0bc6ce855,d- v,
10,prot-1951--ak--14,cdca04e0bc6ce855,t- s,
11,prot-1951--ak--14,cdca04e0bc6ce855,r- s,
12,prot-1951--ak--14,cdca04e0bc6ce855,o- n,
13,prot-1951--ak--14,cdca04e0bc6ce855,l- l,
14,prot-1951--ak--14,cdca04e0bc6ce855,n- s,
15,prot-1951--ak--14,cdca04e0bc6ce855,c- k,
16,prot-1951--ak--14,cdca04e0bc6ce855,n- n,
17,prot-1951--ak--14,cdca04e0bc6ce855,k- n,
18,prot-1951--ak--14,cdca04e0bc6ce855,r- o,
19,prot-1951--ak--14,cdca04e0bc6ce855,s- o,
20,prot-1951--ak--14,cdca04e0bc6ce855,b- l,
21,prot-1951--ak--14,cdca04e0bc6ce855,n- s,
22,prot-1951--ak--14,cdca04e0bc6ce855,n- d,
23,prot-1951--ak--14,cdca04e0bc6ce855,m- h,
24,prot-1951--ak--14,cdca04e0bc6ce855,o- n,
25,prot-1951--ak--14,cdca04e0bc6ce855,s- b,
26,prot-1951--ak--14,cdca04e0bc6ce855,k- t,
27,prot-1951--ak--14,cdca04e0bc6ce855,t- t,
28,prot-1951--ak--14,cdca04e0bc6ce855,e- n,
29,prot-1951--ak--14,cdca04e0bc6ce855,a- m,
30,prot-1951--ak--14,cdca04e0bc6ce855,a- t,
0,prot-1951--ak--14,7b16a01c980ae2ac,"t
l",
1,prot-1951--ak--14,cdca04e0bc6ce855,g- h,
2,prot-1951--ak--14,cdca04e0bc6ce855,i- s,
3,prot-1951--ak--14,cdca04e0bc6ce855,s- t,
4,prot-1951--ak--14,cdca04e0bc6ce855,y- g,
5,prot-1951--ak--14,cdca04e0bc6ce855,ä- g,
6,prot-1951--ak--14,cdca04e0bc6ce855,n- s,
7,prot-1951--ak--14,cdca04e0bc6ce855,e- m,
8,prot-1951--ak--14,cdca04e0bc6ce855,l- k,
9,prot-1951--ak--14,cdca04e0bc6ce855,n- v,
10,prot-1951--ak--14,cdca04e0bc6ce855,e- k,
11,prot-1951--ak--14,cdca04e0bc6ce855,k- t,
12,prot-1951--ak--14,cdca04e0bc6ce855,c- k,
13,prot-1951--ak--14,cdca04e0bc6ce855,d- l,
14,prot-1951--ak--14,cdca04e0bc6ce855,r- m,
15,prot-1951--ak--14,cdca04e0bc6ce855,n- c,
16,prot-1951--ak--14,cdca04e0bc6ce855,o- n,
17,prot-1951--ak--14,cdca04e0bc6ce855,u- r,
18,prot-1951--ak--14,cdca04e0bc6ce855,n- n,
19,prot-1951--ak--14,cdca04e0bc6ce855,å- r,
20,prot-1951--ak--14,cdca04e0bc6ce855,s- t,
21,prot-1951--ak--14,cdca04e0bc6ce855,n- n,
22,prot-1951--ak--14,cdca04e0bc6ce855,s- k,
23,prot-1951--ak--14,cdca04e0bc6ce855,n- d,
24,prot-1951--ak--14,cdca04e0bc6ce855,y- r,
25,prot-1951--ak--14,cdca04e0bc6ce855,l- j,
26,prot-1951--ak--14,cdca04e0bc6ce855,g- e,
27,prot-1951--ak--14,cdca04e0bc6ce855,n- d,
28,prot-1951--ak--14,cdca04e0bc6ce855,e- m,
29,prot-1951--ak--14,cdca04e0bc6ce855,l- t,
30,prot-1951--ak--14,cdca04e0bc6ce855,l- m,
31,prot-1951--ak--14,cdca04e0bc6ce855,e- s,
0,prot-1951--ak--14,7b16a01c980ae2ac,"n
b",
1,prot-1951--ak--14,cdca04e0bc6ce855,n- s,
2,prot-1951--ak--14,cdca04e0bc6ce855,p- p,
3,prot-1951--ak--14,cdca04e0bc6ce855,i- n,
4,prot-1951--ak--14,cdca04e0bc6ce855,m- m,
5,prot-1951--ak--14,cdca04e0bc6ce855,a- r,
6,prot-1951--ak--14,cdca04e0bc6ce855,s- m,
7,prot-1951--ak--14,cdca04e0bc6ce855,e- t,
8,prot-1951--ak--14,cdca04e0bc6ce855,g- h,
9,prot-1951--ak--14,cdca04e0bc6ce855,v- g,
10,prot-1951--ak--14,cdca04e0bc6ce855,m- m,
11,prot-1951--ak--14,cdca04e0bc6ce855,l- s,
12,prot-1951--ak--14,cdca04e0bc6ce855,s- k,
13,prot-1951--ak--14,cdca04e0bc6ce855,t- r,
14,prot-1951--ak--14,cdca04e0bc6ce855,e- m,
15,prot-1951--ak--14,cdca04e0bc6ce855,k- n,
16,prot-1951--ak--14,cdca04e0bc6ce855,c- k,
17,prot-1951--ak--14,cdca04e0bc6ce855,o- r,
18,prot-1951--ak--14,cdca04e0bc6ce855,e- t,
19,prot-1951--ak--14,cdca04e0bc6ce855,n- t,
20,prot-1951--ak--14,cdca04e0bc6ce855,n- n,
21,prot-1951--ak--14,cdca04e0bc6ce855,m- h,
22,prot-1951--ak--14,cdca04e0bc6ce855,l- k,
23,prot-1951--ak--14,cdca04e0bc6ce855,k- n,
24,prot-1951--ak--14,cdca04e0bc6ce855,a- t,
25,prot-1951--ak--14,cdca04e0bc6ce855,d- f,
26,prot-1951--ak--14,cdca04e0bc6ce855,t- t,
27,prot-1951--ak--14,cdca04e0bc6ce855,e- s,
0,prot-1951--ak--14,cdca04e0bc6ce855,c- k,
1,prot-1951--ak--14,cdca04e0bc6ce855,s- o,
2,prot-1951--ak--14,cdca04e0bc6ce855,k- s,
3,prot-1951--ak--14,cdca04e0bc6ce855,a- d,
4,prot-1951--ak--14,cdca04e0bc6ce855,r- g,
5,prot-1951--ak--14,cdca04e0bc6ce855,t- k,
6,prot-1951--ak--14,cdca04e0bc6ce855,l- s,
7,prot-1951--ak--14,cdca04e0bc6ce855,m- m,
8,prot-1951--ak--14,cdca04e0bc6ce855,ö- t,
9,prot-1951--ak--14,cdca04e0bc6ce855,j- l,
10,prot-1951--ak--14,cdca04e0bc6ce855,e- p,
11,prot-1951--ak--14,cdca04e0bc6ce855,r- s,
12,prot-1951--ak--14,cdca04e0bc6ce855,o- n,
13,prot-1951--ak--14,cdca04e0bc6ce855,t- n,
14,prot-1951--ak--14,cdca04e0bc6ce855,å- d,
15,prot-1951--ak--14,cdca04e0bc6ce855,s- t,
16,prot-1951--ak--14,cdca04e0bc6ce855,s- a,
17,prot-1951--ak--14,cdca04e0bc6ce855,n- s,
18,prot-1951--ak--14,cdca04e0bc6ce855,s- k,
19,prot-1951--ak--14,cdca04e0bc6ce855,o- n,
20,prot-1951--ak--14,cdca04e0bc6ce855,n- t,
21,prot-1951--ak--14,cdca04e0bc6ce855,d- b,
22,prot-1951--ak--14,cdca04e0bc6ce855,m- f,
23,prot-1951--ak--14,cdca04e0bc6ce855,y- d,
24,prot-1951--ak--14,cdca04e0bc6ce855,n- m,
25,prot-1951--ak--14,cdca04e0bc6ce855,s- t,
26,prot-1951--ak--14,cdca04e0bc6ce855,i- n,
27,prot-1951--ak--14,cdca04e0bc6ce855,o- n,
28,prot-1951--ak--14,cdca04e0bc6ce855,t- t,
29,prot-1951--ak--14,cdca04e0bc6ce855,a- r,
30,prot-1951--ak--14,cdca04e0bc6ce855,m- l,
31,prot-1951--ak--14,cdca04e0bc6ce855,x- p,
32,prot-1951--ak--14,cdca04e0bc6ce855,e- g,
33,prot-1951--ak--14,cdca04e0bc6ce855,m- r,
34,prot-1951--ak--14,cdca04e0bc6ce855,n- t,
35,prot-1951--ak--14,cdca04e0bc6ce855,o- l,
36,prot-1951--ak--14,cdca04e0bc6ce855,e- g,
0,prot-1951--ak--14,7b16a01c980ae2ac,"n
a",
1,prot-1951--ak--14,cdca04e0bc6ce855,a- t,
2,prot-1951--ak--14,cdca04e0bc6ce855,e- p,
3,prot-1951--ak--14,cdca04e0bc6ce855,l- m,
4,prot-1951--ak--14,cdca04e0bc6ce855,å- n,
5,prot-1951--ak--14,cdca04e0bc6ce855,t- v,
6,prot-1951--ak--14,cdca04e0bc6ce855,n- j,
7,prot-1951--ak--14,cdca04e0bc6ce855,e- p,
8,prot-1951--ak--14,cdca04e0bc6ce855,r- v,
9,prot-1951--ak--14,cdca04e0bc6ce855,d- n,
10,prot-1951--ak--14,cdca04e0bc6ce855,e- l,
11,prot-1951--ak--14,cdca04e0bc6ce855,m- l,
12,prot-1951--ak--14,cdca04e0bc6ce855,m- m,
13,prot-1951--ak--14,cdca04e0bc6ce855,p- s,
14,prot-1951--ak--14,cdca04e0bc6ce855,e- m,
15,prot-1951--ak--14,cdca04e0bc6ce855,f- r,
16,prot-1951--ak--14,cdca04e0bc6ce855,f- f,
17,prot-1951--ak--14,cdca04e0bc6ce855,a- m,
18,prot-1951--ak--14,cdca04e0bc6ce855,o- n,
19,prot-1951--ak--14,cdca04e0bc6ce855,n- s,
20,prot-1951--ak--14,cdca04e0bc6ce855,a- t,
21,prot-1951--ak--14,cdca04e0bc6ce855,r- m,
22,prot-1951--ak--14,cdca04e0bc6ce855,l- s,
23,prot-1951--ak--14,cdca04e0bc6ce855,r- u,
0,prot-1951--ak--14,7b16a01c980ae2ac,"t
i",
1,prot-1951--ak--14,cdca04e0bc6ce855,i- f,
2,prot-1951--ak--14,cdca04e0bc6ce855,g- g,
3,prot-1951--ak--14,cdca04e0bc6ce855,s- p,
4,prot-1951--ak--14,cdca04e0bc6ce855,m- m,
5,prot-1951--ak--14,cdca04e0bc6ce855,e- r,
6,prot-1951--ak--14,cdca04e0bc6ce855,o- n,
7,prot-1951--ak--14,cdca04e0bc6ce855,e- s,
8,prot-1951--ak--14,cdca04e0bc6ce855,m- s,
9,prot-1951--ak--14,cdca04e0bc6ce855,m- l,
10,prot-1951--ak--14,cdca04e0bc6ce855,o- l,
11,prot-1951--ak--14,cdca04e0bc6ce855,ö- r,
12,prot-1951--ak--14,cdca04e0bc6ce855,x- c,
13,prot-1951--ak--14,cdca04e0bc6ce855,e- s,
14,prot-1951--ak--14,cdca04e0bc6ce855,a- t,
15,prot-1951--ak--14,cdca04e0bc6ce855,d- l,
16,prot-1951--ak--14,cdca04e0bc6ce855,j- l,
17,prot-1951--ak--14,cdca04e0bc6ce855,k- s,
18,prot-1951--ak--14,cdca04e0bc6ce855,a- m,
19,prot-1951--ak--14,cdca04e0bc6ce855,n- s,
20,prot-1951--ak--14,cdca04e0bc6ce855,n- k,
21,prot-1951--ak--14,cdca04e0bc6ce855,r- k,
22,prot-1951--ak--14,cdca04e0bc6ce855,n- s,
23,prot-1951--ak--14,cdca04e0bc6ce855,r- g,
24,prot-1951--ak--14,cdca04e0bc6ce855,r- b,
25,prot-1951--ak--14,cdca04e0bc6ce855,m- m,
26,prot-1951--ak--14,cdca04e0bc6ce855,e- n,
0,prot-1951--ak--14,7b16a01c980ae2ac,"n
n",
1,prot-1951--ak--14,cdca04e0bc6ce855,n- s,
2,prot-1951--ak--14,cdca04e0bc6ce855,l- v,
3,prot-1951--ak--14,cdca04e0bc6ce855,s- v,
4,prot-1951--ak--14,cdca04e0bc6ce855,m- h,
5,prot-1951--ak--14,cdca04e0bc6ce855,n- g,
6,prot-1951--ak--14,cdca04e0bc6ce855,o- f,
7,prot-1951--ak--14,cdca04e0bc6ce855,f- t,
8,prot-1951--ak--14,cdca04e0bc6ce855,l- d,
9,prot-1951--ak--14,cdca04e0bc6ce855,m- m,
10,prot-1951--ak--14,cdca04e0bc6ce855,l- l,
11,prot-1951--ak--14,cdca04e0bc6ce855,s- r,
12,prot-1951--ak--14,cdca04e0bc6ce855,g- a,
13,prot-1951--ak--14,cdca04e0bc6ce855,t- n,
14,prot-1951--ak--14,cdca04e0bc6ce855,v- g,
15,prot-1951--ak--14,cdca04e0bc6ce855,e- t,
16,prot-1951--ak--14,cdca04e0bc6ce855,n- k,
17,prot-1951--ak--14,cdca04e0bc6ce855,n- t,
18,prot-1951--ak--14,cdca04e0bc6ce855,a- t,
19,prot-1951--ak--14,cdca04e0bc6ce855,e- t,
20,prot-1951--ak--14,cdca04e0bc6ce855,o- r,
21,prot-1951--ak--14,cdca04e0bc6ce855,n- n,
22,prot-1951--ak--14,cdca04e0bc6ce855,e- k,
23,prot-1951--ak--14,cdca04e0bc6ce855,e- d,
24,prot-1951--ak--14,cdca04e0bc6ce855,å- d,
25,prot-1951--ak--14,cdca04e0bc6ce855,å- e,
26,prot-1951--ak--14,cdca04e0bc6ce855,n- n,
27,prot-1951--ak--14,cdca04e0bc6ce855,u- v,
28,prot-1951--ak--14,cdca04e0bc6ce855,o- r,
0,prot-1951--ak--14,cdca04e0bc6ce855,a- t,
1,prot-1951--ak--14,cdca04e0bc6ce855,m- f,
2,prot-1951--ak--14,cdca04e0bc6ce855,r- h,
3,prot-1951--ak--14,cdca04e0bc6ce855,i- s,
4,prot-1951--ak--14,cdca04e0bc6ce855,n- l,
5,prot-1951--ak--14,cdca04e0bc6ce855,n- d,
6,prot-1951--ak--14,cdca04e0bc6ce855,n- s,
7,prot-1951--ak--14,cdca04e0bc6ce855,r- l,
8,prot-1951--ak--14,cdca04e0bc6ce855,a- r,
9,prot-1951--ak--14,cdca04e0bc6ce855,e- s,
10,prot-1951--ak--14,cdca04e0bc6ce855,d- t,
11,prot-1951--ak--14,cdca04e0bc6ce855,r- a,
12,prot-1951--ak--14,cdca04e0bc6ce855,n- s,
13,prot-1951--ak--14,cdca04e0bc6ce855,å- e,
14,prot-1951--ak--14,cdca04e0bc6ce855,r- f,
15,prot-1951--ak--14,cdca04e0bc6ce855,d- h,
16,prot-1951--ak--14,cdca04e0bc6ce855,e- f,
17,prot-1951--ak--14,cdca04e0bc6ce855,t- n,
18,prot-1951--ak--14,cdca04e0bc6ce855,m- m,
0,prot-1951--ak--14,cdca04e0bc6ce855,e- m,
1,prot-1951--ak--14,cdca04e0bc6ce855,n- s,
2,prot-1951--ak--14,cdca04e0bc6ce855,r- k,
3,prot-1951--ak--14,cdca04e0bc6ce855,a- s,
4,prot-1951--ak--14,cdca04e0bc6ce855,m- m,
5,prot-1951--ak--14,cdca04e0bc6ce855,l- m,
6,prot-1951--ak--14,cdca04e0bc6ce855,o- n,
7,prot-1951--ak--14,cdca04e0bc6ce855,m- m,
8,prot-1951--ak--14,cdca04e0bc6ce855,s- d,
9,prot-1951--ak--14,cdca04e0bc6ce855,t- r,
10,prot-1951--ak--14,cdca04e0bc6ce855,g- o,
11,prot-1951--ak--14,cdca04e0bc6ce855,e- b,
12,prot-1951--ak--14,cdca04e0bc6ce855,m- m,
13,prot-1951--ak--14,cdca04e0bc6ce855,ö- g,
14,prot-1951--ak--14,cdca04e0bc6ce855,t- s,
15,prot-1951--ak--14,cdca04e0bc6ce855,a- r,
16,prot-1951--ak--14,cdca04e0bc6ce855,i- e,
17,prot-1951--ak--14,cdca04e0bc6ce855,n- s,
18,prot-1951--ak--14,cdca04e0bc6ce855,n- d,
19,prot-1951--ak--14,cdca04e0bc6ce855,r- u,
20,prot-1951--ak--14,cdca04e0bc6ce855,l- h,
21,prot-1951--ak--14,cdca04e0bc6ce855,s- d,
22,prot-1951--ak--14,cdca04e0bc6ce855,l- l,
0,prot-1951--ak--14,cdca04e0bc6ce855,l- k,
1,prot-1951--ak--14,cdca04e0bc6ce855,p- f,
2,prot-1951--ak--14,cdca04e0bc6ce855,m- b,
3,prot-1951--ak--14,cdca04e0bc6ce855,k- t,
4,prot-1951--ak--14,cdca04e0bc6ce855,e- k,
5,prot-1951--ak--14,cdca04e0bc6ce855,e- k,
6,prot-1951--ak--14,cdca04e0bc6ce855,m- m,
7,prot-1951--ak--14,cdca04e0bc6ce855,e- d,
8,prot-1951--ak--14,cdca04e0bc6ce855,m- p,
9,prot-1951--ak--14,cdca04e0bc6ce855,m- p,
10,prot-1951--ak--14,cdca04e0bc6ce855,o- n,
11,prot-1951--ak--14,cdca04e0bc6ce855,r- e,
12,prot-1951--ak--14,cdca04e0bc6ce855,a- n,
13,prot-1951--ak--14,cdca04e0bc6ce855,n- b,
14,prot-1951--ak--14,cdca04e0bc6ce855,å- p,
15,prot-1951--ak--14,cdca04e0bc6ce855,r- e,
16,prot-1951--ak--14,cdca04e0bc6ce855,å- d,
17,prot-1951--ak--14,cdca04e0bc6ce855,a- t,
18,prot-1951--ak--14,cdca04e0bc6ce855,l- l,
19,prot-1951--ak--14,cdca04e0bc6ce855,m- r,
20,prot-1951--ak--14,cdca04e0bc6ce855,i- t,
21,prot-1951--ak--14,cdca04e0bc6ce855,g- e,
22,prot-1951--ak--14,cdca04e0bc6ce855,i- s,
23,prot-1951--ak--14,cdca04e0bc6ce855,r- r,
24,prot-1951--ak--14,cdca04e0bc6ce855,y- d,
25,prot-1951--ak--14,cdca04e0bc6ce855,t- v,
0,prot-1951--ak--14,7b16a01c980ae2ac,"t
d",
1,prot-1951--ak--14,cdca04e0bc6ce855,g- n,
2,prot-1951--ak--14,cdca04e0bc6ce855,å- v,
3,prot-1951--ak--14,cdca04e0bc6ce855,s- s,
4,prot-1951--ak--14,cdca04e0bc6ce855,a- n,
5,prot-1951--ak--14,cdca04e0bc6ce855,n- d,
6,prot-1951--ak--14,cdca04e0bc6ce855,t- s,
7,prot-1951--ak--14,cdca04e0bc6ce855,o- p,
8,prot-1951--ak--14,cdca04e0bc6ce855,k- v,
9,prot-1951--ak--14,cdca04e0bc6ce855,e- d,
10,prot-1951--ak--14,cdca04e0bc6ce855,s- p,
11,prot-1951--ak--14,cdca04e0bc6ce855,e- s,
12,prot-1951--ak--14,cdca04e0bc6ce855,o- s,
13,prot-1951--ak--14,cdca04e0bc6ce855,s- n,
14,prot-1951--ak--14,cdca04e0bc6ce855,i- f,
15,prot-1951--ak--14,cdca04e0bc6ce855,s- v,
16,prot-1951--ak--14,cdca04e0bc6ce855,l- n,
17,prot-1951--ak--14,cdca04e0bc6ce855,e- t,
18,prot-1951--ak--14,cdca04e0bc6ce855,m- h,
19,prot-1951--ak--14,cdca04e0bc6ce855,o- t,
20,prot-1951--ak--14,cdca04e0bc6ce855,t- s,
21,prot-1951--ak--14,cdca04e0bc6ce855,m- s,
22,prot-1951--ak--14,cdca04e0bc6ce855,t- r,
23,prot-1951--ak--14,cdca04e0bc6ce855,m- n,
24,prot-1951--ak--14,cdca04e0bc6ce855,d- g,
25,prot-1951--ak--14,cdca04e0bc6ce855,d- s,
0,prot-1951--ak--14,7b16a01c980ae2ac,"h
n",
1,prot-1951--ak--14,7b16a01c980ae2ac,",
a",
2,prot-1951--ak--14,cdca04e0bc6ce855,r- n,
3,prot-1951--ak--14,cdca04e0bc6ce855,l- m,
4,prot-1951--ak--14,cdca04e0bc6ce855,t- t,
5,prot-1951--ak--14,cdca04e0bc6ce855,m- m,
6,prot-1951--ak--14,cdca04e0bc6ce855,d- g,
7,prot-1951--ak--14,cdca04e0bc6ce855,r- b,
8,prot-1951--ak--14,cdca04e0bc6ce855,l- m,
9,prot-1951--ak--14,cdca04e0bc6ce855,o- n,
10,prot-1951--ak--14,cdca04e0bc6ce855,r- u,
11,prot-1951--ak--14,cdca04e0bc6ce855,n- s,
12,prot-1951--ak--14,cdca04e0bc6ce855,n- s,
13,prot-1951--ak--14,cdca04e0bc6ce855,m- s,
14,prot-1951--ak--14,cdca04e0bc6ce855,t- å,
15,prot-1951--ak--14,cdca04e0bc6ce855,s- v,
16,prot-1951--ak--14,cdca04e0bc6ce855,l- n,
17,prot-1951--ak--14,cdca04e0bc6ce855,d- g,
18,prot-1951--ak--14,cdca04e0bc6ce855,o- k,
19,prot-1951--ak--14,cdca04e0bc6ce855,s- d,
20,prot-1951--ak--14,cdca04e0bc6ce855,v- n,
21,prot-1951--ak--14,cdca04e0bc6ce855,s- s,
22,prot-1951--ak--14,cdca04e0bc6ce855,m- p,
23,prot-1951--ak--14,cdca04e0bc6ce855,r- s,
24,prot-1951--ak--14,cdca04e0bc6ce855,o- t,
25,prot-1951--ak--14,cdca04e0bc6ce855,o- t,
26,prot-1951--ak--14,cdca04e0bc6ce855,s- d,
27,prot-1951--ak--14,cdca04e0bc6ce855,t- v,
28,prot-1951--ak--14,cdca04e0bc6ce855,y- r,
29,prot-1951--ak--14,cdca04e0bc6ce855,a- d,
30,prot-1951--ak--14,cdca04e0bc6ce855,e- g,
31,prot-1951--ak--14,cdca04e0bc6ce855,o- l,
32,prot-1951--ak--14,cdca04e0bc6ce855,e- k,
33,prot-1951--ak--14,cdca04e0bc6ce855,t- n,
34,prot-1951--ak--14,cdca04e0bc6ce855,e- v,
35,prot-1951--ak--14,cdca04e0bc6ce855,a- g,
36,prot-1951--ak--14,cdca04e0bc6ce855,e- m,
37,prot-1951--ak--14,cdca04e0bc6ce855,o- k,
38,prot-1951--ak--14,cdca04e0bc6ce855,n- s,
39,prot-1951--ak--14,cdca04e0bc6ce855,t- å,
40,prot-1951--ak--14,cdca04e0bc6ce855,ö- n,
41,prot-1951--ak--14,cdca04e0bc6ce855,n- s,
0,prot-1951--ak--14,cdca04e0bc6ce855,r- a,
1,prot-1951--ak--14,cdca04e0bc6ce855,ö- k,
2,prot-1951--ak--14,cdca04e0bc6ce855,n- s,
3,prot-1951--ak--14,cdca04e0bc6ce855,n- d,
4,prot-1951--ak--14,cdca04e0bc6ce855,e- d,
5,prot-1951--ak--14,cdca04e0bc6ce855,m- h,
6,prot-1951--ak--14,cdca04e0bc6ce855,e- s,
7,prot-1951--ak--14,cdca04e0bc6ce855,e- v,
8,prot-1951--ak--14,cdca04e0bc6ce855,o- t,
9,prot-1951--ak--14,cdca04e0bc6ce855,a- g,
10,prot-1951--ak--14,cdca04e0bc6ce855,e- m,
11,prot-1951--ak--14,cdca04e0bc6ce855,o- k,
12,prot-1951--ak--14,cdca04e0bc6ce855,e- s,
13,prot-1951--ak--14,cdca04e0bc6ce855,n- s,
14,prot-1951--ak--14,cdca04e0bc6ce855,t- å,
15,prot-1951--ak--14,cdca04e0bc6ce855,ö- n,
16,prot-1951--ak--14,cdca04e0bc6ce855,n- s,
17,prot-1951--ak--14,cdca04e0bc6ce855,r- v,
18,prot-1951--ak--14,cdca04e0bc6ce855,e- s,
19,prot-1951--ak--14,cdca04e0bc6ce855,e- r,
20,prot-1951--ak--14,cdca04e0bc6ce855,e- h,
21,prot-1951--ak--14,cdca04e0bc6ce855,e- d,
22,prot-1951--ak--14,cdca04e0bc6ce855,t- t,
23,prot-1951--ak--14,cdca04e0bc6ce855,m- l,
24,prot-1951--ak--14,cdca04e0bc6ce855,d- r,
25,prot-1951--ak--14,cdca04e0bc6ce855,e- r,
26,prot-1951--ak--14,cdca04e0bc6ce855,g- v,
27,prot-1951--ak--14,cdca04e0bc6ce855,e- f,
28,prot-1951--ak--14,cdca04e0bc6ce855,a- d,
29,prot-1951--ak--14,cdca04e0bc6ce855,a- c,
30,prot-1951--ak--14,cdca04e0bc6ce855,n- n,
31,prot-1951--ak--14,cdca04e0bc6ce855,e- f,
32,prot-1951--ak--14,cdca04e0bc6ce855,m- m,
33,prot-1951--ak--14,cdca04e0bc6ce855,a- c,
34,prot-1951--ak--14,cdca04e0bc6ce855,m- m,
35,prot-1951--ak--14,cdca04e0bc6ce855,e- s,
0,prot-1951--ak--14,7b16a01c980ae2ac,"r
p",
1,prot-1951--ak--14,7b16a01c980ae2ac,"a
v",
2,prot-1951--ak--14,cdca04e0bc6ce855,e- r,
3,prot-1951--ak--14,cdca04e0bc6ce855,e- f,
4,prot-1951--ak--14,cdca04e0bc6ce855,n- n,
5,prot-1951--ak--14,cdca04e0bc6ce855,a- d,
6,prot-1951--ak--14,cdca04e0bc6ce855,g- v,
7,prot-1951--ak--14,cdca04e0bc6ce855,r- d,
8,prot-1951--ak--14,cdca04e0bc6ce855,o- n,
9,prot-1951--ak--14,cdca04e0bc6ce855,g- a,
10,prot-1951--ak--14,cdca04e0bc6ce855,g- e,
11,prot-1951--ak--14,cdca04e0bc6ce855,g- h,
12,prot-1951--ak--14,cdca04e0bc6ce855,g- a,
13,prot-1951--ak--14,cdca04e0bc6ce855,r- n,
14,prot-1951--ak--14,cdca04e0bc6ce855,s- s,
15,prot-1951--ak--14,cdca04e0bc6ce855,f- n,
16,prot-1951--ak--14,cdca04e0bc6ce855,g- h,
17,prot-1951--ak--14,cdca04e0bc6ce855,v- k,
18,prot-1951--ak--14,cdca04e0bc6ce855,l- s,
19,prot-1951--ak--14,cdca04e0bc6ce855,g- v,
20,prot-1951--ak--14,cdca04e0bc6ce855,d- n,
21,prot-1951--ak--14,cdca04e0bc6ce855,g- v,
22,prot-1951--ak--14,cdca04e0bc6ce855,e- m,
23,prot-1951--ak--14,cdca04e0bc6ce855,n- n,
24,prot-1951--ak--14,cdca04e0bc6ce855,l- l,
25,prot-1951--ak--14,cdca04e0bc6ce855,o- n,
26,prot-1951--ak--14,cdca04e0bc6ce855,e- h,
27,prot-1951--ak--14,cdca04e0bc6ce855,f- n,
28,prot-1951--ak--14,cdca04e0bc6ce855,g- v,
29,prot-1951--ak--14,cdca04e0bc6ce855,a- m,
30,prot-1951--ak--14,cdca04e0bc6ce855,r- d,
31,prot-1951--ak--14,cdca04e0bc6ce855,r- k,
32,prot-1951--ak--14,cdca04e0bc6ce855,o- n,
33,prot-1951--ak--14,cdca04e0bc6ce855,o- b,
34,prot-1951--ak--14,cdca04e0bc6ce855,s- f,
35,prot-1951--ak--14,cdca04e0bc6ce855,r- t,
36,prot-1951--ak--14,cdca04e0bc6ce855,s- s,
37,prot-1951--ak--14,cdca04e0bc6ce855,r- s,
38,prot-1951--ak--14,cdca04e0bc6ce855,ä- r,
39,prot-1951--ak--14,cdca04e0bc6ce855,s- t,
40,prot-1951--ak--14,cdca04e0bc6ce855,l- u,
41,prot-1951--ak--14,cdca04e0bc6ce855,r- g,
0,prot-1951--ak--14,cdca04e0bc6ce855,g- v,
1,prot-1951--ak--14,cdca04e0bc6ce855,d- n,
2,prot-1951--ak--14,cdca04e0bc6ce855,n- s,
3,prot-1951--ak--14,cdca04e0bc6ce855,t- v,
4,prot-1951--ak--14,cdca04e0bc6ce855,s- s,
5,prot-1951--ak--14,cdca04e0bc6ce855,g- e,
6,prot-1951--ak--14,cdca04e0bc6ce855,l- s,
7,prot-1951--ak--14,cdca04e0bc6ce855,e- h,
8,prot-1951--ak--14,cdca04e0bc6ce855,s- o,
9,prot-1951--ak--14,cdca04e0bc6ce855,o- n,
10,prot-1951--ak--14,cdca04e0bc6ce855,s- d,
11,prot-1951--ak--14,cdca04e0bc6ce855,l- t,
12,prot-1951--ak--14,cdca04e0bc6ce855,r- m,
13,prot-1951--ak--14,cdca04e0bc6ce855,t- j,
14,prot-1951--ak--14,cdca04e0bc6ce855,r- s,
15,prot-1951--ak--14,cdca04e0bc6ce855,i- s,
16,prot-1951--ak--14,cdca04e0bc6ce855,e- n,
17,prot-1951--ak--14,cdca04e0bc6ce855,m- s,
18,prot-1951--ak--14,cdca04e0bc6ce855,e- d,
19,prot-1951--ak--14,cdca04e0bc6ce855,r- h,
20,prot-1951--ak--14,cdca04e0bc6ce855,n- d,
21,prot-1951--ak--14,cdca04e0bc6ce855,i- t,
22,prot-1951--ak--14,cdca04e0bc6ce855,i- g,
23,prot-1951--ak--14,cdca04e0bc6ce855,s- c,
24,prot-1951--ak--14,cdca04e0bc6ce855,t- n,
0,prot-1951--ak--14,cdca04e0bc6ce855,d- r,
1,prot-1951--ak--14,cdca04e0bc6ce855,e- f,
2,prot-1951--ak--14,cdca04e0bc6ce855,e- m,
3,prot-1951--ak--14,cdca04e0bc6ce855,n- d,
4,prot-1951--ak--14,cdca04e0bc6ce855,ö- v,
5,prot-1951--ak--14,cdca04e0bc6ce855,n- s,
6,prot-1951--ak--14,cdca04e0bc6ce855,n- s,
7,prot-1951--ak--14,cdca04e0bc6ce855,r- s,
8,prot-1951--ak--14,cdca04e0bc6ce855,t- s,
9,prot-1951--ak--14,cdca04e0bc6ce855,r- j,
10,prot-1951--ak--14,cdca04e0bc6ce855,ö- r,
11,prot-1951--ak--14,cdca04e0bc6ce855,e- k,
12,prot-1951--ak--14,cdca04e0bc6ce855,m- k,
13,prot-1951--ak--14,cdca04e0bc6ce855,t- v,
14,prot-1951--ak--14,cdca04e0bc6ce855,d- n,
15,prot-1951--ak--14,cdca04e0bc6ce855,i- f,
16,prot-1951--ak--14,cdca04e0bc6ce855,d- j,
17,prot-1951--ak--14,cdca04e0bc6ce855,p- t,
18,prot-1951--ak--14,cdca04e0bc6ce855,n- t,
19,prot-1951--ak--14,cdca04e0bc6ce855,e- h,
20,prot-1951--ak--14,cdca04e0bc6ce855,a- g,
21,prot-1951--ak--14,cdca04e0bc6ce855,s- v,
22,prot-1951--ak--14,cdca04e0bc6ce855,n- s,
23,prot-1951--ak--14,cdca04e0bc6ce855,d- n,
24,prot-1951--ak--14,cdca04e0bc6ce855,n- d,
25,prot-1951--ak--14,cdca04e0bc6ce855,p- p,
26,prot-1951--ak--14,cdca04e0bc6ce855,b- u,
27,prot-1951--ak--14,cdca04e0bc6ce855,d- n,
28,prot-1951--ak--14,cdca04e0bc6ce855,l- k,
29,prot-1951--ak--14,cdca04e0bc6ce855,a- g,
30,prot-1951--ak--14,cdca04e0bc6ce855,t- r,
31,prot-1951--ak--14,cdca04e0bc6ce855,i- k,
32,prot-1951--ak--14,cdca04e0bc6ce855,e- k,
33,prot-1951--ak--14,cdca04e0bc6ce855,m- f,
34,prot-1951--ak--14,cdca04e0bc6ce855,s- m,
0,prot-1951--ak--14,cdca04e0bc6ce855,k- t,
1,prot-1951--ak--14,cdca04e0bc6ce855,n- s,
2,prot-1951--ak--14,cdca04e0bc6ce855,p- t,
3,prot-1951--ak--14,cdca04e0bc6ce855,r- s,
4,prot-1951--ak--14,cdca04e0bc6ce855,a- r,
5,prot-1951--ak--14,cdca04e0bc6ce855,g- d,
6,prot-1951--ak--14,cdca04e0bc6ce855,r- b,
7,prot-1951--ak--14,cdca04e0bc6ce855,g- v,
8,prot-1951--ak--14,cdca04e0bc6ce855,r- d,
9,prot-1951--ak--14,cdca04e0bc6ce855,n- s,
10,prot-1951--ak--14,cdca04e0bc6ce855,g- d,
11,prot-1951--ak--14,cdca04e0bc6ce855,c- k,
12,prot-1951--ak--14,cdca04e0bc6ce855,n- s,
13,prot-1951--ak--14,cdca04e0bc6ce855,e- r,
14,prot-1951--ak--14,cdca04e0bc6ce855,e- f,
15,prot-1951--ak--14,cdca04e0bc6ce855,r- b,
16,prot-1951--ak--14,cdca04e0bc6ce855,t- n,
17,prot-1951--ak--14,cdca04e0bc6ce855,c- k,
18,prot-1951--ak--14,cdca04e0bc6ce855,e- s,
19,prot-1951--ak--14,cdca04e0bc6ce855,n- s,
20,prot-1951--ak--14,cdca04e0bc6ce855,e- s,
21,prot-1951--ak--14,cdca04e0bc6ce855,a- v,
22,prot-1951--ak--14,cdca04e0bc6ce855,n- d,
23,prot-1951--ak--14,cdca04e0bc6ce855,n- s,
24,prot-1951--ak--14,cdca04e0bc6ce855,e- l,
25,prot-1951--ak--14,cdca04e0bc6ce855,k- s,
26,prot-1951--ak--14,cdca04e0bc6ce855,s- p,
27,prot-1951--ak--14,cdca04e0bc6ce855,a- r,
28,prot-1951--ak--14,cdca04e0bc6ce855,n- d,
29,prot-1951--ak--14,cdca04e0bc6ce855,ö- r,
30,prot-1951--ak--14,cdca04e0bc6ce855,ö- n,
31,prot-1951--ak--14,cdca04e0bc6ce855,s- d,
32,prot-1951--ak--14,cdca04e0bc6ce855,ö- r,
33,prot-1951--ak--14,cdca04e0bc6ce855,u- m,
34,prot-1951--ak--14,cdca04e0bc6ce855,k- s,
35,prot-1951--ak--14,cdca04e0bc6ce855,k- t,
0,prot-1951--ak--14,cdca04e0bc6ce855,r- m,
1,prot-1951--ak--14,cdca04e0bc6ce855,k- t,
2,prot-1951--ak--14,cdca04e0bc6ce855,t- t,
3,prot-1951--ak--14,cdca04e0bc6ce855,o- n,
4,prot-1951--ak--14,cdca04e0bc6ce855,d- n,
5,prot-1951--ak--14,cdca04e0bc6ce855,e- r,
6,prot-1951--ak--14,cdca04e0bc6ce855,n- s,
7,prot-1951--ak--14,cdca04e0bc6ce855,r- n,
8,prot-1951--ak--14,cdca04e0bc6ce855,n- d,
9,prot-1951--ak--14,cdca04e0bc6ce855,k- t,
10,prot-1951--ak--14,cdca04e0bc6ce855,m- l,
11,prot-1951--ak--14,cdca04e0bc6ce855,n- s,
12,prot-1951--ak--14,cdca04e0bc6ce855,c- k,
13,prot-1951--ak--14,cdca04e0bc6ce855,t- t,
14,prot-1951--ak--14,cdca04e0bc6ce855,o- g,
15,prot-1951--ak--14,cdca04e0bc6ce855,s- f,
16,prot-1951--ak--14,cdca04e0bc6ce855,o- g,
17,prot-1951--ak--14,cdca04e0bc6ce855,m- v,
18,prot-1951--ak--14,cdca04e0bc6ce855,o- g,
19,prot-1951--ak--14,cdca04e0bc6ce855,e- h,
20,prot-1951--ak--14,cdca04e0bc6ce855,r- s,
21,prot-1951--ak--14,cdca04e0bc6ce855,g- e,
22,prot-1951--ak--14,cdca04e0bc6ce855,e- f,
23,prot-1951--ak--14,cdca04e0bc6ce855,m- m,
24,prot-1951--ak--14,cdca04e0bc6ce855,d- n,
25,prot-1951--ak--14,cdca04e0bc6ce855,p- g,
26,prot-1951--ak--14,cdca04e0bc6ce855,l- l,
27,prot-1951--ak--14,cdca04e0bc6ce855,e- m,
28,prot-1951--ak--14,cdca04e0bc6ce855,m- t,
29,prot-1951--ak--14,cdca04e0bc6ce855,s- a,
30,prot-1951--ak--14,cdca04e0bc6ce855,i- k,
31,prot-1951--ak--14,cdca04e0bc6ce855,r- h,
32,prot-1951--ak--14,cdca04e0bc6ce855,i- d,
33,prot-1951--ak--14,cdca04e0bc6ce855,n- s,
34,prot-1951--ak--14,cdca04e0bc6ce855,y- k,
35,prot-1951--ak--14,cdca04e0bc6ce855,a- p,
0,prot-1951--ak--14,cdca04e0bc6ce855,g- g,
1,prot-1951--ak--14,cdca04e0bc6ce855,g- e,
2,prot-1951--ak--14,cdca04e0bc6ce855,t- b,
3,prot-1951--ak--14,cdca04e0bc6ce855,i- f,
4,prot-1951--ak--14,cdca04e0bc6ce855,x- t,
5,prot-1951--ak--14,cdca04e0bc6ce855,n- l,
6,prot-1951--ak--14,cdca04e0bc6ce855,e- g,
7,prot-1951--ak--14,cdca04e0bc6ce855,a- r,
8,prot-1951--ak--14,cdca04e0bc6ce855,a- p,
9,prot-1951--ak--14,cdca04e0bc6ce855,r- s,
10,prot-1951--ak--14,cdca04e0bc6ce855,g- a,
11,prot-1951--ak--14,cdca04e0bc6ce855,c- k,
12,prot-1951--ak--14,cdca04e0bc6ce855,e- h,
13,prot-1951--ak--14,cdca04e0bc6ce855,u- s,
14,prot-1951--ak--14,cdca04e0bc6ce855,r- s,
15,prot-1951--ak--14,cdca04e0bc6ce855,ä- s,
16,prot-1951--ak--14,cdca04e0bc6ce855,n- s,
17,prot-1951--ak--14,cdca04e0bc6ce855,k- l,
18,prot-1951--ak--14,cdca04e0bc6ce855,e- r,
19,prot-1951--ak--14,cdca04e0bc6ce855,e- r,
20,prot-1951--ak--14,cdca04e0bc6ce855,d- r,
21,prot-1951--ak--14,cdca04e0bc6ce855,e- t,
22,prot-1951--ak--14,cdca04e0bc6ce855,m- m,
23,prot-1951--ak--14,cdca04e0bc6ce855,n- g,
0,prot-1951--ak--14,7b16a01c980ae2ac,"h
n",
1,prot-1951--ak--14,7b16a01c980ae2ac,"h
n",
2,prot-1951--ak--14,7b16a01c980ae2ac,"t
b",
3,prot-1951--ak--14,cdca04e0bc6ce855,l- l,
4,prot-1951--ak--14,cdca04e0bc6ce855,k- l,
5,prot-1951--ak--14,cdca04e0bc6ce855,k- t,
6,prot-1951--ak--14,cdca04e0bc6ce855,r- t,
7,prot-1951--ak--14,cdca04e0bc6ce855,i- t,
8,prot-1951--ak--14,cdca04e0bc6ce855,o- s,
9,prot-1951--ak--14,cdca04e0bc6ce855,s- n,
10,prot-1951--ak--14,cdca04e0bc6ce855,a- m,
11,prot-1951--ak--14,cdca04e0bc6ce855,l- d,
12,prot-1951--ak--14,cdca04e0bc6ce855,t- t,
13,prot-1951--ak--14,cdca04e0bc6ce855,n- l,
14,prot-1951--ak--14,cdca04e0bc6ce855,s- u,
15,prot-1951--ak--14,cdca04e0bc6ce855,o- n,
16,prot-1951--ak--14,cdca04e0bc6ce855,m- n,
17,prot-1951--ak--14,cdca04e0bc6ce855,ä- r,
18,prot-1951--ak--14,cdca04e0bc6ce855,o- s,
19,prot-1951--ak--14,cdca04e0bc6ce855,t- n,
20,prot-1951--ak--14,cdca04e0bc6ce855,o- s,
21,prot-1951--ak--14,cdca04e0bc6ce855,t- s,
22,prot-1951--ak--14,cdca04e0bc6ce855,t- n,
23,prot-1951--ak--14,cdca04e0bc6ce855,o- n,
24,prot-1951--ak--14,cdca04e0bc6ce855,m- m,
25,prot-1951--ak--14,cdca04e0bc6ce855,d- r,
26,prot-1951--ak--14,cdca04e0bc6ce855,a- r,
27,prot-1951--ak--14,cdca04e0bc6ce855,g- h,
28,prot-1951--ak--14,cdca04e0bc6ce855,n- l,
29,prot-1951--ak--14,cdca04e0bc6ce855,l- l,
0,prot-1951--ak--14,cdca04e0bc6ce855,m- s,
1,prot-1951--ak--14,cdca04e0bc6ce855,k- t,
2,prot-1951--ak--14,cdca04e0bc6ce855,n- k,
3,prot-1951--ak--14,cdca04e0bc6ce855,o- t,
4,prot-1951--ak--14,cdca04e0bc6ce855,s- k,
5,prot-1951--ak--14,cdca04e0bc6ce855,n- t,
6,prot-1951--ak--14,cdca04e0bc6ce855,k- t,
7,prot-1951--ak--14,cdca04e0bc6ce855,l- m,
8,prot-1951--ak--14,cdca04e0bc6ce855,n- n,
9,prot-1951--ak--14,cdca04e0bc6ce855,e- l,
10,prot-1951--ak--14,cdca04e0bc6ce855,t- v,
11,prot-1951--ak--14,cdca04e0bc6ce855,e- r,
12,prot-1951--ak--14,cdca04e0bc6ce855,p- k,
13,prot-1951--ak--14,cdca04e0bc6ce855,a- g,
14,prot-1951--ak--14,cdca04e0bc6ce855,d- l,
15,prot-1951--ak--14,cdca04e0bc6ce855,n- v,
16,prot-1951--ak--14,cdca04e0bc6ce855,i- s,
17,prot-1951--ak--14,cdca04e0bc6ce855,d- s,
18,prot-1951--ak--14,cdca04e0bc6ce855,k- s,
19,prot-1951--ak--14,cdca04e0bc6ce855,a- p,
20,prot-1951--ak--14,cdca04e0bc6ce855,d- d,
21,prot-1951--ak--14,cdca04e0bc6ce855,u- a,
22,prot-1951--ak--14,cdca04e0bc6ce855,j- n,
23,prot-1951--ak--14,cdca04e0bc6ce855,o- p,
24,prot-1951--ak--14,cdca04e0bc6ce855,n- s,
25,prot-1951--ak--14,cdca04e0bc6ce855,e- n,
26,prot-1951--ak--14,cdca04e0bc6ce855,l- f,
27,prot-1951--ak--14,cdca04e0bc6ce855,n- t,
0,prot-1951--ak--14,7b16a01c980ae2ac,"r
p",
1,prot-1951--ak--14,cdca04e0bc6ce855,n- d,
2,prot-1951--ak--14,cdca04e0bc6ce855,u- g,
3,prot-1951--ak--14,cdca04e0bc6ce855,t- s,
4,prot-1951--ak--14,cdca04e0bc6ce855,x- p,
5,prot-1951--ak--14,cdca04e0bc6ce855,s- m,
6,prot-1951--ak--14,cdca04e0bc6ce855,ä- v,
7,prot-1951--ak--14,cdca04e0bc6ce855,a- d,
8,prot-1951--ak--14,cdca04e0bc6ce855,t- n,
9,prot-1951--ak--14,cdca04e0bc6ce855,g- n,
10,prot-1951--ak--14,cdca04e0bc6ce855,s- p,
11,prot-1951--ak--14,cdca04e0bc6ce855,y- b,
12,prot-1951--ak--14,cdca04e0bc6ce855,t- n,
13,prot-1951--ak--14,cdca04e0bc6ce855,r- n,
14,prot-1951--ak--14,cdca04e0bc6ce855,r- d,
15,prot-1951--ak--14,cdca04e0bc6ce855,m- p,
16,prot-1951--ak--14,cdca04e0bc6ce855,t- a,
17,prot-1951--ak--14,cdca04e0bc6ce855,l- l,
18,prot-1951--ak--14,cdca04e0bc6ce855,a- t,
19,prot-1951--ak--14,cdca04e0bc6ce855,s- k,
20,prot-1951--ak--14,cdca04e0bc6ce855,k- t,
21,prot-1951--ak--14,cdca04e0bc6ce855,x- p,
22,prot-1951--ak--14,cdca04e0bc6ce855,i- s,
23,prot-1951--ak--14,cdca04e0bc6ce855,å- g,
24,prot-1951--ak--14,cdca04e0bc6ce855,s- d,
25,prot-1951--ak--14,cdca04e0bc6ce855,a- r,
26,prot-1951--ak--14,cdca04e0bc6ce855,s- s,
27,prot-1951--ak--14,cdca04e0bc6ce855,r- d,
28,prot-1951--ak--14,cdca04e0bc6ce855,o- n,
29,prot-1951--ak--14,cdca04e0bc6ce855,m- l,
30,prot-1951--ak--14,cdca04e0bc6ce855,t- f,
31,prot-1951--ak--14,cdca04e0bc6ce855,i- s,
0,prot-1951--ak--14,7b16a01c980ae2ac,"a
o",
1,prot-1951--ak--14,cdca04e0bc6ce855,m- r,
2,prot-1951--ak--14,cdca04e0bc6ce855,e- n,
3,prot-1951--ak--14,cdca04e0bc6ce855,r- s,
4,prot-1951--ak--14,cdca04e0bc6ce855,t- a,
5,prot-1951--ak--14,cdca04e0bc6ce855,a- g,
6,prot-1951--ak--14,cdca04e0bc6ce855,l- d,
7,prot-1951--ak--14,cdca04e0bc6ce855,å- r,
8,prot-1951--ak--14,cdca04e0bc6ce855,t- a,
9,prot-1951--ak--14,cdca04e0bc6ce855,o- t,
10,prot-1951--ak--14,cdca04e0bc6ce855,n- f,
11,prot-1951--ak--14,cdca04e0bc6ce855,r- j,
12,prot-1951--ak--14,cdca04e0bc6ce855,v- g,
13,prot-1951--ak--14,cdca04e0bc6ce855,p- p,
14,prot-1951--ak--14,cdca04e0bc6ce855,t- a,
15,prot-1951--ak--14,cdca04e0bc6ce855,e- n,
16,prot-1951--ak--14,cdca04e0bc6ce855,m- l,
17,prot-1951--ak--14,cdca04e0bc6ce855,e- k,
18,prot-1951--ak--14,cdca04e0bc6ce855,e- s,
19,prot-1951--ak--14,cdca04e0bc6ce855,t- t,
20,prot-1951--ak--14,cdca04e0bc6ce855,n- d,
21,prot-1951--ak--14,cdca04e0bc6ce855,i- s,
22,prot-1951--ak--14,cdca04e0bc6ce855,m- m,
23,prot-1951--ak--14,cdca04e0bc6ce855,n- s,
24,prot-1951--ak--14,cdca04e0bc6ce855,a- l,
25,prot-1951--ak--14,cdca04e0bc6ce855,l- m,
26,prot-1951--ak--14,cdca04e0bc6ce855,e- s,
27,prot-1951--ak--14,cdca04e0bc6ce855,v- n,
28,prot-1951--ak--14,cdca04e0bc6ce855,n- v,
29,prot-1951--ak--14,cdca04e0bc6ce855,t- v,
30,prot-1951--ak--14,cdca04e0bc6ce855,o- n,
31,prot-1951--ak--14,cdca04e0bc6ce855,e- r,
32,prot-1951--ak--14,cdca04e0bc6ce855,n- h,
33,prot-1951--ak--14,cdca04e0bc6ce855,r- t,
0,prot-1951--ak--14,7b16a01c980ae2ac,"r
e",
1,prot-1951--ak--14,cdca04e0bc6ce855,n- n,
2,prot-1951--ak--14,cdca04e0bc6ce855,ä- r,
3,prot-1951--ak--14,cdca04e0bc6ce855,u- v,
4,prot-1951--ak--14,cdca04e0bc6ce855,r- s,
5,prot-1951--ak--14,cdca04e0bc6ce855,l- l,
6,prot-1951--ak--14,cdca04e0bc6ce855,y- r,
7,prot-1951--ak--14,cdca04e0bc6ce855,m- p,
8,prot-1951--ak--14,cdca04e0bc6ce855,l- v,
9,prot-1951--ak--14,cdca04e0bc6ce855,n- f,
10,prot-1951--ak--14,cdca04e0bc6ce855,i- g,
11,prot-1951--ak--14,cdca04e0bc6ce855,e- n,
12,prot-1951--ak--14,cdca04e0bc6ce855,a- t,
13,prot-1951--ak--14,cdca04e0bc6ce855,l- l,
14,prot-1951--ak--14,cdca04e0bc6ce855,k- t,
15,prot-1951--ak--14,cdca04e0bc6ce855,a- t,
16,prot-1951--ak--14,cdca04e0bc6ce855,g- r,
17,prot-1951--ak--14,cdca04e0bc6ce855,e- d,
18,prot-1951--ak--14,cdca04e0bc6ce855,o- n,
19,prot-1951--ak--14,cdca04e0bc6ce855,n- c,
20,prot-1951--ak--14,cdca04e0bc6ce855,s- o,
21,prot-1951--ak--14,cdca04e0bc6ce855,m- h,
22,prot-1951--ak--14,cdca04e0bc6ce855,k- l,
23,prot-1951--ak--14,cdca04e0bc6ce855,r- n,
24,prot-1951--ak--14,cdca04e0bc6ce855,t- l,
25,prot-1951--ak--14,cdca04e0bc6ce855,r- b,
26,prot-1951--ak--14,cdca04e0bc6ce855,o- m,
27,prot-1951--ak--14,cdca04e0bc6ce855,m- p,
28,prot-1951--ak--14,cdca04e0bc6ce855,t- r,
29,prot-1951--ak--14,cdca04e0bc6ce855,m- n,
30,prot-1951--ak--14,cdca04e0bc6ce855,e- t,
31,prot-1951--ak--14,cdca04e0bc6ce855,k- t,
0,prot-1951--ak--14,7b16a01c980ae2ac,"h
n",
1,prot-1951--ak--14,7b16a01c980ae2ac,"t
a",
2,prot-1951--ak--14,7b16a01c980ae2ac,"h
n",
3,prot-1951--ak--14,cdca04e0bc6ce855,s- m,
4,prot-1951--ak--14,cdca04e0bc6ce855,l- j,
5,prot-1951--ak--14,cdca04e0bc6ce855,j- l,
6,prot-1951--ak--14,cdca04e0bc6ce855,i- f,
7,prot-1951--ak--14,cdca04e0bc6ce855,e- b,
8,prot-1951--ak--14,cdca04e0bc6ce855,o- t,
9,prot-1951--ak--14,cdca04e0bc6ce855,t- t,
10,prot-1951--ak--14,cdca04e0bc6ce855,d- r,
11,prot-1951--ak--14,cdca04e0bc6ce855,d- n,
12,prot-1951--ak--14,cdca04e0bc6ce855,å- e,
13,prot-1951--ak--14,cdca04e0bc6ce855,k- l,
14,prot-1951--ak--14,cdca04e0bc6ce855,l- d,
15,prot-1951--ak--14,cdca04e0bc6ce855,o- s,
16,prot-1951--ak--14,cdca04e0bc6ce855,d- n,
17,prot-1951--ak--14,cdca04e0bc6ce855,d- n,
18,prot-1951--ak--14,cdca04e0bc6ce855,n- t,
19,prot-1951--ak--14,cdca04e0bc6ce855,e- m,
20,prot-1951--ak--14,cdca04e0bc6ce855,s- s,
21,prot-1951--ak--14,cdca04e0bc6ce855,t- s,
22,prot-1951--ak--14,cdca04e0bc6ce855,n- d,
23,prot-1951--ak--14,cdca04e0bc6ce855,t- s,
24,prot-1951--ak--14,cdca04e0bc6ce855,a- g,
25,prot-1951--ak--14,cdca04e0bc6ce855,e- v,
26,prot-1951--ak--14,cdca04e0bc6ce855,d- r,
27,prot-1951--ak--14,cdca04e0bc6ce855,g- h,
0,prot-1951--ak--14,7b16a01c980ae2ac,"h
n",
1,prot-1951--ak--14,7b16a01c980ae2ac,"h
n",
2,prot-1951--ak--14,cdca04e0bc6ce855,a- g,
3,prot-1951--ak--14,cdca04e0bc6ce855,m- s,
4,prot-1951--ak--14,cdca04e0bc6ce855,f- t,
5,prot-1951--ak--14,cdca04e0bc6ce855,s- o,
6,prot-1951--ak--14,cdca04e0bc6ce855,m- s,
7,prot-1951--ak--14,cdca04e0bc6ce855,l- b,
8,prot-1951--ak--14,cdca04e0bc6ce855,d- j,
9,prot-1951--ak--14,cdca04e0bc6ce855,n- h,
10,prot-1951--ak--14,cdca04e0bc6ce855,n- d,
11,prot-1951--ak--14,cdca04e0bc6ce855,d- n,
12,prot-1951--ak--14,cdca04e0bc6ce855,r- e,
