,pattern,txt,replacement,filename
0,7b16a01c980ae2ac,"s
t",s t,prot-1951--ak--21
1,cdca04e0bc6ce855,e- g,eg,prot-1951--ak--21
0,7b16a01c980ae2ac,"a
t",a t,prot-1951--ak--21
1,cdca04e0bc6ce855,t- r,tr,prot-1951--ak--21
2,cdca04e0bc6ce855,a- r,ar,prot-1951--ak--21
3,cdca04e0bc6ce855,s- v,sv,prot-1951--ak--21
4,cdca04e0bc6ce855,s- n,sn,prot-1951--ak--21
5,cdca04e0bc6ce855,t- l,tl,prot-1951--ak--21
6,cdca04e0bc6ce855,o- s,os,prot-1951--ak--21
7,cdca04e0bc6ce855,t- g,tg,prot-1951--ak--21
8,cdca04e0bc6ce855,ä- s,äs,prot-1951--ak--21
9,cdca04e0bc6ce855,e- t,et,prot-1951--ak--21
10,cdca04e0bc6ce855,r- n,rn,prot-1951--ak--21
11,cdca04e0bc6ce855,t- t,tt,prot-1951--ak--21
12,cdca04e0bc6ce855,t- f,tf,prot-1951--ak--21
13,cdca04e0bc6ce855,t- t,tt,prot-1951--ak--21
14,cdca04e0bc6ce855,n- t,nt,prot-1951--ak--21
15,cdca04e0bc6ce855,e- s,es,prot-1951--ak--21
16,cdca04e0bc6ce855,l- r,lr,prot-1951--ak--21
17,cdca04e0bc6ce855,m- m,mm,prot-1951--ak--21
18,cdca04e0bc6ce855,d- t,dt,prot-1951--ak--21
19,cdca04e0bc6ce855,m- m,mm,prot-1951--ak--21
20,cdca04e0bc6ce855,n- v,nv,prot-1951--ak--21
21,cdca04e0bc6ce855,k- n,kn,prot-1951--ak--21
22,cdca04e0bc6ce855,d- n,dn,prot-1951--ak--21
23,cdca04e0bc6ce855,n- n,nn,prot-1951--ak--21
24,cdca04e0bc6ce855,å- b,åb,prot-1951--ak--21
25,cdca04e0bc6ce855,s- c,sc,prot-1951--ak--21
26,cdca04e0bc6ce855,i- r,ir,prot-1951--ak--21
27,cdca04e0bc6ce855,a- t,at,prot-1951--ak--21
28,cdca04e0bc6ce855,e- m,em,prot-1951--ak--21
29,cdca04e0bc6ce855,v- a,va,prot-1951--ak--21
30,cdca04e0bc6ce855,r- b,rb,prot-1951--ak--21
31,cdca04e0bc6ce855,r- m,rm,prot-1951--ak--21
32,cdca04e0bc6ce855,r- b,rb,prot-1951--ak--21
33,cdca04e0bc6ce855,s- o,so,prot-1951--ak--21
34,cdca04e0bc6ce855,n- d,nd,prot-1951--ak--21
35,cdca04e0bc6ce855,p- g,pg,prot-1951--ak--21
0,7b16a01c980ae2ac,"e
n",e n,prot-1951--ak--21
1,cdca04e0bc6ce855,l- m,lm,prot-1951--ak--21
2,cdca04e0bc6ce855,s- t,st,prot-1951--ak--21
3,cdca04e0bc6ce855,ö- r,ör,prot-1951--ak--21
4,cdca04e0bc6ce855,ö- t,öt,prot-1951--ak--21
5,cdca04e0bc6ce855,e- s,es,prot-1951--ak--21
6,cdca04e0bc6ce855,m- m,mm,prot-1951--ak--21
7,cdca04e0bc6ce855,g- e,ge,prot-1951--ak--21
8,cdca04e0bc6ce855,r- n,rn,prot-1951--ak--21
9,cdca04e0bc6ce855,d- g,dg,prot-1951--ak--21
10,cdca04e0bc6ce855,t- r,tr,prot-1951--ak--21
11,cdca04e0bc6ce855,n- g,ng,prot-1951--ak--21
12,cdca04e0bc6ce855,r- s,rs,prot-1951--ak--21
13,cdca04e0bc6ce855,m- f,mf,prot-1951--ak--21
14,cdca04e0bc6ce855,ä- s,äs,prot-1951--ak--21
15,cdca04e0bc6ce855,e- t,et,prot-1951--ak--21
16,cdca04e0bc6ce855,m- m,mm,prot-1951--ak--21
17,cdca04e0bc6ce855,ä- g,äg,prot-1951--ak--21
18,cdca04e0bc6ce855,e- r,er,prot-1951--ak--21
19,cdca04e0bc6ce855,g- a,ga,prot-1951--ak--21
20,cdca04e0bc6ce855,n- l,nl,prot-1951--ak--21
21,cdca04e0bc6ce855,e- k,ek,prot-1951--ak--21
22,cdca04e0bc6ce855,s- d,sd,prot-1951--ak--21
23,cdca04e0bc6ce855,r- h,rh,prot-1951--ak--21
24,cdca04e0bc6ce855,å- l,ål,prot-1951--ak--21
25,cdca04e0bc6ce855,r- v,rv,prot-1951--ak--21
26,cdca04e0bc6ce855,i- v,iv,prot-1951--ak--21
27,cdca04e0bc6ce855,m- m,mm,prot-1951--ak--21
28,cdca04e0bc6ce855,t- v,tv,prot-1951--ak--21
0,7b16a01c980ae2ac,"h
n",h n,prot-1951--ak--21
1,7b16a01c980ae2ac,"t
k",t k,prot-1951--ak--21
2,7b16a01c980ae2ac,"t
d",t d,prot-1951--ak--21
3,cdca04e0bc6ce855,å- h,åh,prot-1951--ak--21
4,cdca04e0bc6ce855,e- a,ea,prot-1951--ak--21
5,cdca04e0bc6ce855,e- d,ed,prot-1951--ak--21
6,cdca04e0bc6ce855,i- n,in,prot-1951--ak--21
7,cdca04e0bc6ce855,t- r,tr,prot-1951--ak--21
8,cdca04e0bc6ce855,n- k,nk,prot-1951--ak--21
9,cdca04e0bc6ce855,e- v,ev,prot-1951--ak--21
10,cdca04e0bc6ce855,o- n,on,prot-1951--ak--21
11,cdca04e0bc6ce855,s- v,sv,prot-1951--ak--21
12,cdca04e0bc6ce855,o- n,on,prot-1951--ak--21
13,cdca04e0bc6ce855,l- n,ln,prot-1951--ak--21
14,cdca04e0bc6ce855,u- v,uv,prot-1951--ak--21
15,cdca04e0bc6ce855,r- s,rs,prot-1951--ak--21
16,cdca04e0bc6ce855,å- d,åd,prot-1951--ak--21
17,cdca04e0bc6ce855,t- v,tv,prot-1951--ak--21
18,cdca04e0bc6ce855,g- e,ge,prot-1951--ak--21
19,cdca04e0bc6ce855,t- r,tr,prot-1951--ak--21
20,cdca04e0bc6ce855,e- t,et,prot-1951--ak--21
21,cdca04e0bc6ce855,e- d,ed,prot-1951--ak--21
22,cdca04e0bc6ce855,m- h,mh,prot-1951--ak--21
23,cdca04e0bc6ce855,s- r,sr,prot-1951--ak--21
24,cdca04e0bc6ce855,s- d,sd,prot-1951--ak--21
25,cdca04e0bc6ce855,e- b,eb,prot-1951--ak--21
26,cdca04e0bc6ce855,n- t,nt,prot-1951--ak--21
0,7b16a01c980ae2ac,",
d",", d",prot-1951--ak--21
1,7b16a01c980ae2ac,",
a",", a",prot-1951--ak--21
2,7b16a01c980ae2ac,",
b",", b",prot-1951--ak--21
3,7b16a01c980ae2ac,",
c",", c",prot-1951--ak--21
4,7b16a01c980ae2ac,",
d",", d",prot-1951--ak--21
5,7b16a01c980ae2ac,",
e",", e",prot-1951--ak--21
6,7b16a01c980ae2ac,",
f",", f",prot-1951--ak--21
7,7b16a01c980ae2ac,"t
g",t g,prot-1951--ak--21
8,cdca04e0bc6ce855,d- r,dr,prot-1951--ak--21
9,cdca04e0bc6ce855,g- s,gs,prot-1951--ak--21
10,cdca04e0bc6ce855,r- s,rs,prot-1951--ak--21
11,cdca04e0bc6ce855,r- s,rs,prot-1951--ak--21
12,cdca04e0bc6ce855,m- s,ms,prot-1951--ak--21
13,cdca04e0bc6ce855,t- f,tf,prot-1951--ak--21
14,cdca04e0bc6ce855,s- s,ss,prot-1951--ak--21
15,cdca04e0bc6ce855,e- v,ev,prot-1951--ak--21
16,cdca04e0bc6ce855,n- t,nt,prot-1951--ak--21
17,cdca04e0bc6ce855,a- t,at,prot-1951--ak--21
18,cdca04e0bc6ce855,r- s,rs,prot-1951--ak--21
19,cdca04e0bc6ce855,t- t,tt,prot-1951--ak--21
20,cdca04e0bc6ce855,t- å,tå,prot-1951--ak--21
21,cdca04e0bc6ce855,i- l,il,prot-1951--ak--21
22,cdca04e0bc6ce855,e- g,eg,prot-1951--ak--21
23,cdca04e0bc6ce855,e- m,em,prot-1951--ak--21
24,cdca04e0bc6ce855,l- k,lk,prot-1951--ak--21
25,cdca04e0bc6ce855,n- d,nd,prot-1951--ak--21
26,cdca04e0bc6ce855,e- m,em,prot-1951--ak--21
27,cdca04e0bc6ce855,e- m,em,prot-1951--ak--21
28,cdca04e0bc6ce855,g- r,gr,prot-1951--ak--21
29,cdca04e0bc6ce855,r- l,rl,prot-1951--ak--21
30,cdca04e0bc6ce855,a- n,an,prot-1951--ak--21
31,cdca04e0bc6ce855,i- r,ir,prot-1951--ak--21
32,cdca04e0bc6ce855,o- n,on,prot-1951--ak--21
33,cdca04e0bc6ce855,g- s,gs,prot-1951--ak--21
34,cdca04e0bc6ce855,d- n,dn,prot-1951--ak--21
35,cdca04e0bc6ce855,o- n,on,prot-1951--ak--21
36,cdca04e0bc6ce855,e- g,eg,prot-1951--ak--21
37,cdca04e0bc6ce855,a- r,ar,prot-1951--ak--21
38,cdca04e0bc6ce855,p- g,pg,prot-1951--ak--21
39,cdca04e0bc6ce855,r- e,re,prot-1951--ak--21
40,cdca04e0bc6ce855,d- g,dg,prot-1951--ak--21
0,7b16a01c980ae2ac,"a
k",a k,prot-1951--ak--21
1,cdca04e0bc6ce855,n- f,nf,prot-1951--ak--21
2,cdca04e0bc6ce855,e- m,em,prot-1951--ak--21
3,cdca04e0bc6ce855,t- f,tf,prot-1951--ak--21
4,cdca04e0bc6ce855,m- f,mf,prot-1951--ak--21
5,cdca04e0bc6ce855,g- l,gl,prot-1951--ak--21
6,cdca04e0bc6ce855,a- v,av,prot-1951--ak--21
7,cdca04e0bc6ce855,n- t,nt,prot-1951--ak--21
8,cdca04e0bc6ce855,ö- r,ör,prot-1951--ak--21
9,cdca04e0bc6ce855,n- t,nt,prot-1951--ak--21
10,cdca04e0bc6ce855,r- s,rs,prot-1951--ak--21
11,cdca04e0bc6ce855,n- d,nd,prot-1951--ak--21
12,cdca04e0bc6ce855,l- h,lh,prot-1951--ak--21
13,cdca04e0bc6ce855,o- s,os,prot-1951--ak--21
14,cdca04e0bc6ce855,å- d,åd,prot-1951--ak--21
15,cdca04e0bc6ce855,v- s,vs,prot-1951--ak--21
16,cdca04e0bc6ce855,a- n,an,prot-1951--ak--21
17,cdca04e0bc6ce855,r- d,rd,prot-1951--ak--21
18,cdca04e0bc6ce855,d- s,ds,prot-1951--ak--21
19,cdca04e0bc6ce855,e- o,eo,prot-1951--ak--21
20,cdca04e0bc6ce855,s- f,sf,prot-1951--ak--21
21,cdca04e0bc6ce855,e- s,es,prot-1951--ak--21
22,cdca04e0bc6ce855,y- l,yl,prot-1951--ak--21
23,cdca04e0bc6ce855,r- l,rl,prot-1951--ak--21
24,cdca04e0bc6ce855,e- l,el,prot-1951--ak--21
25,cdca04e0bc6ce855,p- f,pf,prot-1951--ak--21
26,cdca04e0bc6ce855,e- s,es,prot-1951--ak--21
27,cdca04e0bc6ce855,n- h,nh,prot-1951--ak--21
28,cdca04e0bc6ce855,g- n,gn,prot-1951--ak--21
29,cdca04e0bc6ce855,o- n,on,prot-1951--ak--21
30,cdca04e0bc6ce855,r- s,rs,prot-1951--ak--21
31,cdca04e0bc6ce855,l- l,ll,prot-1951--ak--21
32,cdca04e0bc6ce855,j- l,jl,prot-1951--ak--21
33,cdca04e0bc6ce855,s- å,så,prot-1951--ak--21
34,cdca04e0bc6ce855,k- l,kl,prot-1951--ak--21
35,cdca04e0bc6ce855,i- t,it,prot-1951--ak--21
36,cdca04e0bc6ce855,a- r,ar,prot-1951--ak--21
37,cdca04e0bc6ce855,n- n,nn,prot-1951--ak--21
0,7b16a01c980ae2ac,"s
s",s s,prot-1951--ak--21
1,cdca04e0bc6ce855,t- s,ts,prot-1951--ak--21
2,cdca04e0bc6ce855,g- n,gn,prot-1951--ak--21
3,cdca04e0bc6ce855,s- i,si,prot-1951--ak--21
4,cdca04e0bc6ce855,r- ä,rä,prot-1951--ak--21
5,cdca04e0bc6ce855,n- t,nt,prot-1951--ak--21
6,cdca04e0bc6ce855,e- t,et,prot-1951--ak--21
7,cdca04e0bc6ce855,r- n,rn,prot-1951--ak--21
8,cdca04e0bc6ce855,n- t,nt,prot-1951--ak--21
9,cdca04e0bc6ce855,o- n,on,prot-1951--ak--21
10,cdca04e0bc6ce855,n- t,nt,prot-1951--ak--21
11,cdca04e0bc6ce855,n- p,np,prot-1951--ak--21
12,cdca04e0bc6ce855,r- s,rs,prot-1951--ak--21
13,cdca04e0bc6ce855,n- n,nn,prot-1951--ak--21
14,cdca04e0bc6ce855,n- s,ns,prot-1951--ak--21
15,cdca04e0bc6ce855,n- t,nt,prot-1951--ak--21
16,cdca04e0bc6ce855,l- o,lo,prot-1951--ak--21
17,cdca04e0bc6ce855,n- l,nl,prot-1951--ak--21
18,cdca04e0bc6ce855,a- g,ag,prot-1951--ak--21
19,cdca04e0bc6ce855,n- t,nt,prot-1951--ak--21
20,cdca04e0bc6ce855,i- t,it,prot-1951--ak--21
21,cdca04e0bc6ce855,n- m,nm,prot-1951--ak--21
22,cdca04e0bc6ce855,n- k,nk,prot-1951--ak--21
23,cdca04e0bc6ce855,n- m,nm,prot-1951--ak--21
24,cdca04e0bc6ce855,n- d,nd,prot-1951--ak--21
25,cdca04e0bc6ce855,s- t,st,prot-1951--ak--21
26,cdca04e0bc6ce855,n- d,nd,prot-1951--ak--21
27,cdca04e0bc6ce855,n- d,nd,prot-1951--ak--21
28,cdca04e0bc6ce855,d- n,dn,prot-1951--ak--21
29,cdca04e0bc6ce855,n- m,nm,prot-1951--ak--21
30,cdca04e0bc6ce855,a- v,av,prot-1951--ak--21
31,cdca04e0bc6ce855,r- s,rs,prot-1951--ak--21
32,cdca04e0bc6ce855,k- p,kp,prot-1951--ak--21
33,cdca04e0bc6ce855,s- v,sv,prot-1951--ak--21
0,7b16a01c980ae2ac,"t
k",t k,prot-1951--ak--21
1,cdca04e0bc6ce855,e- r,er,prot-1951--ak--21
2,cdca04e0bc6ce855,o- r,or,prot-1951--ak--21
3,cdca04e0bc6ce855,l- b,lb,prot-1951--ak--21
4,cdca04e0bc6ce855,n- s,ns,prot-1951--ak--21
5,cdca04e0bc6ce855,e- f,ef,prot-1951--ak--21
6,cdca04e0bc6ce855,p- f,pf,prot-1951--ak--21
7,cdca04e0bc6ce855,d- s,ds,prot-1951--ak--21
8,cdca04e0bc6ce855,k- l,kl,prot-1951--ak--21
9,cdca04e0bc6ce855,l- l,ll,prot-1951--ak--21
10,cdca04e0bc6ce855,e- n,en,prot-1951--ak--21
11,cdca04e0bc6ce855,r- l,rl,prot-1951--ak--21
12,cdca04e0bc6ce855,m- b,mb,prot-1951--ak--21
13,cdca04e0bc6ce855,l- l,ll,prot-1951--ak--21
14,cdca04e0bc6ce855,o- n,on,prot-1951--ak--21
15,cdca04e0bc6ce855,s- p,sp,prot-1951--ak--21
16,cdca04e0bc6ce855,g- b,gb,prot-1951--ak--21
17,cdca04e0bc6ce855,n- n,nn,prot-1951--ak--21
18,cdca04e0bc6ce855,n- s,ns,prot-1951--ak--21
19,cdca04e0bc6ce855,u- v,uv,prot-1951--ak--21
20,cdca04e0bc6ce855,a- r,ar,prot-1951--ak--21
21,cdca04e0bc6ce855,m- m,mm,prot-1951--ak--21
22,cdca04e0bc6ce855,e- r,er,prot-1951--ak--21
23,cdca04e0bc6ce855,i- f,if,prot-1951--ak--21
0,7b16a01c980ae2ac,"a
f",a f,prot-1951--ak--21
1,cdca04e0bc6ce855,t- å,tå,prot-1951--ak--21
2,cdca04e0bc6ce855,r- s,rs,prot-1951--ak--21
3,cdca04e0bc6ce855,e- s,es,prot-1951--ak--21
4,cdca04e0bc6ce855,p- b,pb,prot-1951--ak--21
5,cdca04e0bc6ce855,e- m,em,prot-1951--ak--21
6,cdca04e0bc6ce855,n- d,nd,prot-1951--ak--21
7,cdca04e0bc6ce855,a- r,ar,prot-1951--ak--21
8,cdca04e0bc6ce855,e- m,em,prot-1951--ak--21
9,cdca04e0bc6ce855,o- p,op,prot-1951--ak--21
10,cdca04e0bc6ce855,n- d,nd,prot-1951--ak--21
11,cdca04e0bc6ce855,m- h,mh,prot-1951--ak--21
12,cdca04e0bc6ce855,g- n,gn,prot-1951--ak--21
13,cdca04e0bc6ce855,m- r,mr,prot-1951--ak--21
14,cdca04e0bc6ce855,e- r,er,prot-1951--ak--21
15,cdca04e0bc6ce855,l- l,ll,prot-1951--ak--21
16,cdca04e0bc6ce855,e- s,es,prot-1951--ak--21
17,cdca04e0bc6ce855,e- t,et,prot-1951--ak--21
18,cdca04e0bc6ce855,å- g,åg,prot-1951--ak--21
19,cdca04e0bc6ce855,t- t,tt,prot-1951--ak--21
20,cdca04e0bc6ce855,i- g,ig,prot-1951--ak--21
21,cdca04e0bc6ce855,o- n,on,prot-1951--ak--21
22,cdca04e0bc6ce855,e- g,eg,prot-1951--ak--21
23,cdca04e0bc6ce855,e- s,es,prot-1951--ak--21
24,cdca04e0bc6ce855,ö- f,öf,prot-1951--ak--21
25,cdca04e0bc6ce855,s- t,st,prot-1951--ak--21
26,cdca04e0bc6ce855,a- d,ad,prot-1951--ak--21
27,cdca04e0bc6ce855,ö- k,ök,prot-1951--ak--21
28,cdca04e0bc6ce855,g- n,gn,prot-1951--ak--21
29,cdca04e0bc6ce855,m- r,mr,prot-1951--ak--21
30,cdca04e0bc6ce855,n- f,nf,prot-1951--ak--21
31,cdca04e0bc6ce855,t- n,tn,prot-1951--ak--21
0,7b16a01c980ae2ac,"d
s",d s,prot-1951--ak--21
1,cdca04e0bc6ce855,e- n,en,prot-1951--ak--21
2,cdca04e0bc6ce855,s- l,sl,prot-1951--ak--21
3,cdca04e0bc6ce855,r- e,re,prot-1951--ak--21
4,cdca04e0bc6ce855,l- ö,lö,prot-1951--ak--21
5,cdca04e0bc6ce855,n- s,ns,prot-1951--ak--21
6,cdca04e0bc6ce855,l- j,lj,prot-1951--ak--21
7,cdca04e0bc6ce855,e- r,er,prot-1951--ak--21
8,cdca04e0bc6ce855,n- s,ns,prot-1951--ak--21
9,cdca04e0bc6ce855,n- s,ns,prot-1951--ak--21
10,cdca04e0bc6ce855,o- t,ot,prot-1951--ak--21
11,cdca04e0bc6ce855,a- r,ar,prot-1951--ak--21
12,cdca04e0bc6ce855,v- s,vs,prot-1951--ak--21
13,cdca04e0bc6ce855,e- s,es,prot-1951--ak--21
14,cdca04e0bc6ce855,i- l,il,prot-1951--ak--21
15,cdca04e0bc6ce855,d- h,dh,prot-1951--ak--21
16,cdca04e0bc6ce855,e- p,ep,prot-1951--ak--21
17,cdca04e0bc6ce855,i- s,is,prot-1951--ak--21
18,cdca04e0bc6ce855,d- s,ds,prot-1951--ak--21
19,cdca04e0bc6ce855,e- s,es,prot-1951--ak--21
20,cdca04e0bc6ce855,n- s,ns,prot-1951--ak--21
21,cdca04e0bc6ce855,s- k,sk,prot-1951--ak--21
22,cdca04e0bc6ce855,ö- f,öf,prot-1951--ak--21
23,cdca04e0bc6ce855,i- d,id,prot-1951--ak--21
24,cdca04e0bc6ce855,p- g,pg,prot-1951--ak--21
25,cdca04e0bc6ce855,r- o,ro,prot-1951--ak--21
26,cdca04e0bc6ce855,n- d,nd,prot-1951--ak--21
27,cdca04e0bc6ce855,l- f,lf,prot-1951--ak--21
28,cdca04e0bc6ce855,n- s,ns,prot-1951--ak--21
29,cdca04e0bc6ce855,c- k,ck,prot-1951--ak--21
30,cdca04e0bc6ce855,e- s,es,prot-1951--ak--21
31,cdca04e0bc6ce855,g- h,gh,prot-1951--ak--21
32,cdca04e0bc6ce855,a- r,ar,prot-1951--ak--21
33,cdca04e0bc6ce855,n- d,nd,prot-1951--ak--21
34,cdca04e0bc6ce855,d- k,dk,prot-1951--ak--21
35,cdca04e0bc6ce855,e- t,et,prot-1951--ak--21
36,cdca04e0bc6ce855,a- r,ar,prot-1951--ak--21
37,cdca04e0bc6ce855,e- h,eh,prot-1951--ak--21
38,cdca04e0bc6ce855,n- d,nd,prot-1951--ak--21
39,cdca04e0bc6ce855,r- u,ru,prot-1951--ak--21
40,cdca04e0bc6ce855,r- d,rd,prot-1951--ak--21
41,cdca04e0bc6ce855,m- r,mr,prot-1951--ak--21
42,cdca04e0bc6ce855,a- g,ag,prot-1951--ak--21
43,cdca04e0bc6ce855,r- l,rl,prot-1951--ak--21
0,7b16a01c980ae2ac,"r
t",r t,prot-1951--ak--21
1,cdca04e0bc6ce855,o- v,ov,prot-1951--ak--21
2,cdca04e0bc6ce855,o- n,on,prot-1951--ak--21
3,cdca04e0bc6ce855,l- t,lt,prot-1951--ak--21
4,cdca04e0bc6ce855,d- n,dn,prot-1951--ak--21
5,cdca04e0bc6ce855,o- p,op,prot-1951--ak--21
6,cdca04e0bc6ce855,e- s,es,prot-1951--ak--21
7,cdca04e0bc6ce855,s- f,sf,prot-1951--ak--21
8,cdca04e0bc6ce855,r- s,rs,prot-1951--ak--21
9,cdca04e0bc6ce855,r- n,rn,prot-1951--ak--21
10,cdca04e0bc6ce855,k- r,kr,prot-1951--ak--21
11,cdca04e0bc6ce855,r- m,rm,prot-1951--ak--21
12,cdca04e0bc6ce855,l- b,lb,prot-1951--ak--21
13,cdca04e0bc6ce855,f- t,ft,prot-1951--ak--21
14,cdca04e0bc6ce855,r- n,rn,prot-1951--ak--21
15,cdca04e0bc6ce855,n- m,nm,prot-1951--ak--21
16,cdca04e0bc6ce855,ä- s,äs,prot-1951--ak--21
17,cdca04e0bc6ce855,s- k,sk,prot-1951--ak--21
18,cdca04e0bc6ce855,r- m,rm,prot-1951--ak--21
19,cdca04e0bc6ce855,l- f,lf,prot-1951--ak--21
20,cdca04e0bc6ce855,i- d,id,prot-1951--ak--21
21,cdca04e0bc6ce855,m- f,mf,prot-1951--ak--21
22,cdca04e0bc6ce855,t- n,tn,prot-1951--ak--21
23,cdca04e0bc6ce855,s- t,st,prot-1951--ak--21
24,cdca04e0bc6ce855,å- d,åd,prot-1951--ak--21
25,cdca04e0bc6ce855,i- g,ig,prot-1951--ak--21
0,cdca04e0bc6ce855,r- k,rk,prot-1951--ak--21
1,cdca04e0bc6ce855,m- d,md,prot-1951--ak--21
2,cdca04e0bc6ce855,p- t,pt,prot-1951--ak--21
3,cdca04e0bc6ce855,i- t,it,prot-1951--ak--21
4,cdca04e0bc6ce855,e- l,el,prot-1951--ak--21
5,cdca04e0bc6ce855,n- n,nn,prot-1951--ak--21
6,cdca04e0bc6ce855,m- m,mm,prot-1951--ak--21
7,cdca04e0bc6ce855,r- s,rs,prot-1951--ak--21
8,cdca04e0bc6ce855,s- s,ss,prot-1951--ak--21
9,cdca04e0bc6ce855,n- d,nd,prot-1951--ak--21
10,cdca04e0bc6ce855,n- h,nh,prot-1951--ak--21
11,cdca04e0bc6ce855,e- f,ef,prot-1951--ak--21
12,cdca04e0bc6ce855,s- ä,sä,prot-1951--ak--21
13,cdca04e0bc6ce855,e- s,es,prot-1951--ak--21
14,cdca04e0bc6ce855,l- k,lk,prot-1951--ak--21
15,cdca04e0bc6ce855,l- t,lt,prot-1951--ak--21
16,cdca04e0bc6ce855,g- n,gn,prot-1951--ak--21
17,cdca04e0bc6ce855,u- v,uv,prot-1951--ak--21
18,cdca04e0bc6ce855,r- s,rs,prot-1951--ak--21
19,cdca04e0bc6ce855,f- f,ff,prot-1951--ak--21
20,cdca04e0bc6ce855,n- d,nd,prot-1951--ak--21
21,cdca04e0bc6ce855,a- g,ag,prot-1951--ak--21
22,cdca04e0bc6ce855,n- m,nm,prot-1951--ak--21
23,cdca04e0bc6ce855,t- f,tf,prot-1951--ak--21
24,cdca04e0bc6ce855,e- s,es,prot-1951--ak--21
25,cdca04e0bc6ce855,t- s,ts,prot-1951--ak--21
26,cdca04e0bc6ce855,t- l,tl,prot-1951--ak--21
27,cdca04e0bc6ce855,l- s,ls,prot-1951--ak--21
28,cdca04e0bc6ce855,a- n,an,prot-1951--ak--21
29,cdca04e0bc6ce855,n- m,nm,prot-1951--ak--21
30,cdca04e0bc6ce855,m- f,mf,prot-1951--ak--21
31,cdca04e0bc6ce855,i- d,id,prot-1951--ak--21
32,cdca04e0bc6ce855,i- t,it,prot-1951--ak--21
33,cdca04e0bc6ce855,n- d,nd,prot-1951--ak--21
34,cdca04e0bc6ce855,r- s,rs,prot-1951--ak--21
35,cdca04e0bc6ce855,j- l,jl,prot-1951--ak--21
36,cdca04e0bc6ce855,i- t,it,prot-1951--ak--21
37,cdca04e0bc6ce855,i- f,if,prot-1951--ak--21
38,cdca04e0bc6ce855,l- m,lm,prot-1951--ak--21
0,cdca04e0bc6ce855,c- k,ck,prot-1951--ak--21
1,cdca04e0bc6ce855,o- b,ob,prot-1951--ak--21
2,cdca04e0bc6ce855,s- n,sn,prot-1951--ak--21
3,cdca04e0bc6ce855,r- s,rs,prot-1951--ak--21
4,cdca04e0bc6ce855,r- i,ri,prot-1951--ak--21
5,cdca04e0bc6ce855,n- n,nn,prot-1951--ak--21
6,cdca04e0bc6ce855,e- g,eg,prot-1951--ak--21
7,cdca04e0bc6ce855,u- n,un,prot-1951--ak--21
8,cdca04e0bc6ce855,k- l,kl,prot-1951--ak--21
9,cdca04e0bc6ce855,n- d,nd,prot-1951--ak--21
10,cdca04e0bc6ce855,n- t,nt,prot-1951--ak--21
11,cdca04e0bc6ce855,t- t,tt,prot-1951--ak--21
12,cdca04e0bc6ce855,n- d,nd,prot-1951--ak--21
13,cdca04e0bc6ce855,s- d,sd,prot-1951--ak--21
14,cdca04e0bc6ce855,n- n,nn,prot-1951--ak--21
15,cdca04e0bc6ce855,l- l,ll,prot-1951--ak--21
16,cdca04e0bc6ce855,s- k,sk,prot-1951--ak--21
17,cdca04e0bc6ce855,t- l,tl,prot-1951--ak--21
18,cdca04e0bc6ce855,m- m,mm,prot-1951--ak--21
19,cdca04e0bc6ce855,e- m,em,prot-1951--ak--21
20,cdca04e0bc6ce855,n- n,nn,prot-1951--ak--21
21,cdca04e0bc6ce855,v- s,vs,prot-1951--ak--21
22,cdca04e0bc6ce855,å- d,åd,prot-1951--ak--21
23,cdca04e0bc6ce855,t- t,tt,prot-1951--ak--21
24,cdca04e0bc6ce855,n- l,nl,prot-1951--ak--21
25,cdca04e0bc6ce855,s- f,sf,prot-1951--ak--21
26,cdca04e0bc6ce855,a- t,at,prot-1951--ak--21
27,cdca04e0bc6ce855,e- t,et,prot-1951--ak--21
28,cdca04e0bc6ce855,e- s,es,prot-1951--ak--21
0,cdca04e0bc6ce855,å- r,år,prot-1951--ak--21
1,cdca04e0bc6ce855,s- m,sm,prot-1951--ak--21
2,cdca04e0bc6ce855,n- d,nd,prot-1951--ak--21
3,cdca04e0bc6ce855,e- t,et,prot-1951--ak--21
4,cdca04e0bc6ce855,r- t,rt,prot-1951--ak--21
5,cdca04e0bc6ce855,s- m,sm,prot-1951--ak--21
6,cdca04e0bc6ce855,s- v,sv,prot-1951--ak--21
7,cdca04e0bc6ce855,r- m,rm,prot-1951--ak--21
8,cdca04e0bc6ce855,e- t,et,prot-1951--ak--21
9,cdca04e0bc6ce855,t- t,tt,prot-1951--ak--21
10,cdca04e0bc6ce855,d- n,dn,prot-1951--ak--21
11,cdca04e0bc6ce855,å- g,åg,prot-1951--ak--21
12,cdca04e0bc6ce855,l- s,ls,prot-1951--ak--21
13,cdca04e0bc6ce855,p- b,pb,prot-1951--ak--21
14,cdca04e0bc6ce855,f- t,ft,prot-1951--ak--21
15,cdca04e0bc6ce855,l- s,ls,prot-1951--ak--21
16,cdca04e0bc6ce855,å- g,åg,prot-1951--ak--21
17,cdca04e0bc6ce855,n- p,np,prot-1951--ak--21
18,cdca04e0bc6ce855,n- d,nd,prot-1951--ak--21
19,cdca04e0bc6ce855,n- n,nn,prot-1951--ak--21
20,cdca04e0bc6ce855,u- e,ue,prot-1951--ak--21
21,cdca04e0bc6ce855,n- d,nd,prot-1951--ak--21
22,cdca04e0bc6ce855,a- l,al,prot-1951--ak--21
23,cdca04e0bc6ce855,å- p,åp,prot-1951--ak--21
24,cdca04e0bc6ce855,g- s,gs,prot-1951--ak--21
25,cdca04e0bc6ce855,s- c,sc,prot-1951--ak--21
26,cdca04e0bc6ce855,g- n,gn,prot-1951--ak--21
27,cdca04e0bc6ce855,s- m,sm,prot-1951--ak--21
28,cdca04e0bc6ce855,e- g,eg,prot-1951--ak--21
29,cdca04e0bc6ce855,n- l,nl,prot-1951--ak--21
30,cdca04e0bc6ce855,a- g,ag,prot-1951--ak--21
0,cdca04e0bc6ce855,n- l,nl,prot-1951--ak--21
1,cdca04e0bc6ce855,ä- s,äs,prot-1951--ak--21
2,cdca04e0bc6ce855,n- n,nn,prot-1951--ak--21
3,cdca04e0bc6ce855,k- t,kt,prot-1951--ak--21
4,cdca04e0bc6ce855,n- p,np,prot-1951--ak--21
5,cdca04e0bc6ce855,e- h,eh,prot-1951--ak--21
6,cdca04e0bc6ce855,e- s,es,prot-1951--ak--21
7,cdca04e0bc6ce855,l- m,lm,prot-1951--ak--21
8,cdca04e0bc6ce855,r- m,rm,prot-1951--ak--21
9,cdca04e0bc6ce855,r- s,rs,prot-1951--ak--21
10,cdca04e0bc6ce855,e- s,es,prot-1951--ak--21
11,cdca04e0bc6ce855,l- l,ll,prot-1951--ak--21
12,cdca04e0bc6ce855,n- s,ns,prot-1951--ak--21
13,cdca04e0bc6ce855,c- k,ck,prot-1951--ak--21
14,cdca04e0bc6ce855,i- t,it,prot-1951--ak--21
15,cdca04e0bc6ce855,d- s,ds,prot-1951--ak--21
16,cdca04e0bc6ce855,r- t,rt,prot-1951--ak--21
17,cdca04e0bc6ce855,a- l,al,prot-1951--ak--21
18,cdca04e0bc6ce855,e- t,et,prot-1951--ak--21
19,cdca04e0bc6ce855,l- s,ls,prot-1951--ak--21
20,cdca04e0bc6ce855,r- m,rm,prot-1951--ak--21
21,cdca04e0bc6ce855,l- s,ls,prot-1951--ak--21
22,cdca04e0bc6ce855,r- n,rn,prot-1951--ak--21
23,cdca04e0bc6ce855,a- n,an,prot-1951--ak--21
24,cdca04e0bc6ce855,m- h,mh,prot-1951--ak--21
25,cdca04e0bc6ce855,e- r,er,prot-1951--ak--21
26,cdca04e0bc6ce855,n- d,nd,prot-1951--ak--21
27,cdca04e0bc6ce855,l- l,ll,prot-1951--ak--21
28,cdca04e0bc6ce855,t- t,tt,prot-1951--ak--21
29,cdca04e0bc6ce855,n- l,nl,prot-1951--ak--21
30,cdca04e0bc6ce855,f- r,fr,prot-1951--ak--21
31,cdca04e0bc6ce855,r- s,rs,prot-1951--ak--21
32,cdca04e0bc6ce855,ä- k,äk,prot-1951--ak--21
33,cdca04e0bc6ce855,u- v,uv,prot-1951--ak--21
34,cdca04e0bc6ce855,f- t,ft,prot-1951--ak--21
35,cdca04e0bc6ce855,n- d,nd,prot-1951--ak--21
36,cdca04e0bc6ce855,e- r,er,prot-1951--ak--21
37,cdca04e0bc6ce855,r- d,rd,prot-1951--ak--21
0,7b16a01c980ae2ac,"h
s",h s,prot-1951--ak--21
1,cdca04e0bc6ce855,e- t,et,prot-1951--ak--21
2,cdca04e0bc6ce855,c- k,ck,prot-1951--ak--21
3,cdca04e0bc6ce855,e- t,et,prot-1951--ak--21
4,cdca04e0bc6ce855,n- p,np,prot-1951--ak--21
5,cdca04e0bc6ce855,d- t,dt,prot-1951--ak--21
6,cdca04e0bc6ce855,d- n,dn,prot-1951--ak--21
7,cdca04e0bc6ce855,ä- r,är,prot-1951--ak--21
8,cdca04e0bc6ce855,t- s,ts,prot-1951--ak--21
9,cdca04e0bc6ce855,r- l,rl,prot-1951--ak--21
10,cdca04e0bc6ce855,i- f,if,prot-1951--ak--21
11,cdca04e0bc6ce855,r- g,rg,prot-1951--ak--21
12,cdca04e0bc6ce855,å- h,åh,prot-1951--ak--21
13,cdca04e0bc6ce855,ä- g,äg,prot-1951--ak--21
14,cdca04e0bc6ce855,d- n,dn,prot-1951--ak--21
15,cdca04e0bc6ce855,n- s,ns,prot-1951--ak--21
16,cdca04e0bc6ce855,r- s,rs,prot-1951--ak--21
17,cdca04e0bc6ce855,å- l,ål,prot-1951--ak--21
18,cdca04e0bc6ce855,y- d,yd,prot-1951--ak--21
19,cdca04e0bc6ce855,n- v,nv,prot-1951--ak--21
20,cdca04e0bc6ce855,p- g,pg,prot-1951--ak--21
21,cdca04e0bc6ce855,t- v,tv,prot-1951--ak--21
22,cdca04e0bc6ce855,g- b,gb,prot-1951--ak--21
23,cdca04e0bc6ce855,l- l,ll,prot-1951--ak--21
24,cdca04e0bc6ce855,s- s,ss,prot-1951--ak--21
25,cdca04e0bc6ce855,t- b,tb,prot-1951--ak--21
26,cdca04e0bc6ce855,n- g,ng,prot-1951--ak--21
27,cdca04e0bc6ce855,n- t,nt,prot-1951--ak--21
28,cdca04e0bc6ce855,t- g,tg,prot-1951--ak--21
0,cdca04e0bc6ce855,t- s,ts,prot-1951--ak--21
1,cdca04e0bc6ce855,n- n,nn,prot-1951--ak--21
2,cdca04e0bc6ce855,i- s,is,prot-1951--ak--21
3,cdca04e0bc6ce855,l- l,ll,prot-1951--ak--21
4,cdca04e0bc6ce855,p- b,pb,prot-1951--ak--21
5,cdca04e0bc6ce855,i- g,ig,prot-1951--ak--21
6,cdca04e0bc6ce855,r- l,rl,prot-1951--ak--21
7,cdca04e0bc6ce855,r- l,rl,prot-1951--ak--21
8,cdca04e0bc6ce855,e- f,ef,prot-1951--ak--21
9,cdca04e0bc6ce855,d- n,dn,prot-1951--ak--21
10,cdca04e0bc6ce855,m- m,mm,prot-1951--ak--21
11,cdca04e0bc6ce855,i- g,ig,prot-1951--ak--21
12,cdca04e0bc6ce855,l- d,ld,prot-1951--ak--21
13,cdca04e0bc6ce855,r- s,rs,prot-1951--ak--21
14,cdca04e0bc6ce855,r- n,rn,prot-1951--ak--21
15,cdca04e0bc6ce855,å- s,ås,prot-1951--ak--21
16,cdca04e0bc6ce855,f- f,ff,prot-1951--ak--21
17,cdca04e0bc6ce855,i- l,il,prot-1951--ak--21
18,cdca04e0bc6ce855,n- h,nh,prot-1951--ak--21
19,cdca04e0bc6ce855,r- e,re,prot-1951--ak--21
20,cdca04e0bc6ce855,o- p,op,prot-1951--ak--21
21,cdca04e0bc6ce855,g- e,ge,prot-1951--ak--21
22,cdca04e0bc6ce855,v- k,vk,prot-1951--ak--21
23,cdca04e0bc6ce855,a- r,ar,prot-1951--ak--21
24,cdca04e0bc6ce855,d- n,dn,prot-1951--ak--21
25,cdca04e0bc6ce855,n- s,ns,prot-1951--ak--21
26,cdca04e0bc6ce855,a- t,at,prot-1951--ak--21
0,7b16a01c980ae2ac,"n
s",n s,prot-1951--ak--21
1,7b16a01c980ae2ac,"o
s",o s,prot-1951--ak--21
2,cdca04e0bc6ce855,e- g,eg,prot-1951--ak--21
3,cdca04e0bc6ce855,v- v,vv,prot-1951--ak--21
4,cdca04e0bc6ce855,e- s,es,prot-1951--ak--21
5,cdca04e0bc6ce855,t- t,tt,prot-1951--ak--21
6,cdca04e0bc6ce855,i- s,is,prot-1951--ak--21
7,cdca04e0bc6ce855,i- l,il,prot-1951--ak--21
8,cdca04e0bc6ce855,e- t,et,prot-1951--ak--21
9,cdca04e0bc6ce855,t- n,tn,prot-1951--ak--21
10,cdca04e0bc6ce855,m- s,ms,prot-1951--ak--21
11,cdca04e0bc6ce855,n- m,nm,prot-1951--ak--21
12,cdca04e0bc6ce855,t- t,tt,prot-1951--ak--21
13,cdca04e0bc6ce855,e- k,ek,prot-1951--ak--21
14,cdca04e0bc6ce855,r- s,rs,prot-1951--ak--21
15,cdca04e0bc6ce855,i- n,in,prot-1951--ak--21
16,cdca04e0bc6ce855,l- j,lj,prot-1951--ak--21
17,cdca04e0bc6ce855,g- h,gh,prot-1951--ak--21
18,cdca04e0bc6ce855,å- v,åv,prot-1951--ak--21
19,cdca04e0bc6ce855,r- n,rn,prot-1951--ak--21
20,cdca04e0bc6ce855,s- f,sf,prot-1951--ak--21
21,cdca04e0bc6ce855,l- l,ll,prot-1951--ak--21
22,cdca04e0bc6ce855,a- r,ar,prot-1951--ak--21
23,cdca04e0bc6ce855,l- l,ll,prot-1951--ak--21
24,cdca04e0bc6ce855,r- s,rs,prot-1951--ak--21
25,cdca04e0bc6ce855,r- b,rb,prot-1951--ak--21
26,cdca04e0bc6ce855,e- t,et,prot-1951--ak--21
27,cdca04e0bc6ce855,i- g,ig,prot-1951--ak--21
0,7b16a01c980ae2ac,"m
m",m m,prot-1951--ak--21
1,cdca04e0bc6ce855,n- p,np,prot-1951--ak--21
2,cdca04e0bc6ce855,s- k,sk,prot-1951--ak--21
3,cdca04e0bc6ce855,r- v,rv,prot-1951--ak--21
4,cdca04e0bc6ce855,r- s,rs,prot-1951--ak--21
5,cdca04e0bc6ce855,r- b,rb,prot-1951--ak--21
6,cdca04e0bc6ce855,n- p,np,prot-1951--ak--21
7,cdca04e0bc6ce855,t- t,tt,prot-1951--ak--21
8,cdca04e0bc6ce855,p- f,pf,prot-1951--ak--21
9,cdca04e0bc6ce855,å- n,ån,prot-1951--ak--21
10,cdca04e0bc6ce855,m- h,mh,prot-1951--ak--21
11,cdca04e0bc6ce855,e- n,en,prot-1951--ak--21
12,cdca04e0bc6ce855,r- f,rf,prot-1951--ak--21
13,cdca04e0bc6ce855,n- s,ns,prot-1951--ak--21
14,cdca04e0bc6ce855,r- n,rn,prot-1951--ak--21
15,cdca04e0bc6ce855,r- b,rb,prot-1951--ak--21
16,cdca04e0bc6ce855,n- s,ns,prot-1951--ak--21
17,cdca04e0bc6ce855,r- d,rd,prot-1951--ak--21
18,cdca04e0bc6ce855,n- s,ns,prot-1951--ak--21
19,cdca04e0bc6ce855,l- k,lk,prot-1951--ak--21
20,cdca04e0bc6ce855,i- t,it,prot-1951--ak--21
21,cdca04e0bc6ce855,p- n,pn,prot-1951--ak--21
22,cdca04e0bc6ce855,l- j,lj,prot-1951--ak--21
23,cdca04e0bc6ce855,m- k,mk,prot-1951--ak--21
24,cdca04e0bc6ce855,r- m,rm,prot-1951--ak--21
25,cdca04e0bc6ce855,k- s,ks,prot-1951--ak--21
26,cdca04e0bc6ce855,r- t,rt,prot-1951--ak--21
27,cdca04e0bc6ce855,ö- t,öt,prot-1951--ak--21
28,cdca04e0bc6ce855,t- s,ts,prot-1951--ak--21
29,cdca04e0bc6ce855,d- n,dn,prot-1951--ak--21
30,cdca04e0bc6ce855,e- m,em,prot-1951--ak--21
31,cdca04e0bc6ce855,ö- r,ör,prot-1951--ak--21
32,cdca04e0bc6ce855,m- f,mf,prot-1951--ak--21
33,cdca04e0bc6ce855,a- r,ar,prot-1951--ak--21
34,cdca04e0bc6ce855,r- f,rf,prot-1951--ak--21
35,cdca04e0bc6ce855,p- n,pn,prot-1951--ak--21
0,7b16a01c980ae2ac,"t
l",t l,prot-1951--ak--21
1,7b16a01c980ae2ac,"m
f",m f,prot-1951--ak--21
2,cdca04e0bc6ce855,r- m,rm,prot-1951--ak--21
3,cdca04e0bc6ce855,r- b,rb,prot-1951--ak--21
4,cdca04e0bc6ce855,e- f,ef,prot-1951--ak--21
5,cdca04e0bc6ce855,r- b,rb,prot-1951--ak--21
6,cdca04e0bc6ce855,å- h,åh,prot-1951--ak--21
7,cdca04e0bc6ce855,k- k,kk,prot-1951--ak--21
8,cdca04e0bc6ce855,å- n,ån,prot-1951--ak--21
9,cdca04e0bc6ce855,o- n,on,prot-1951--ak--21
10,cdca04e0bc6ce855,m- o,mo,prot-1951--ak--21
11,cdca04e0bc6ce855,o- n,on,prot-1951--ak--21
12,cdca04e0bc6ce855,r- b,rb,prot-1951--ak--21
13,cdca04e0bc6ce855,r- f,rf,prot-1951--ak--21
14,cdca04e0bc6ce855,d- k,dk,prot-1951--ak--21
15,cdca04e0bc6ce855,k- t,kt,prot-1951--ak--21
16,cdca04e0bc6ce855,a- r,ar,prot-1951--ak--21
17,cdca04e0bc6ce855,a- t,at,prot-1951--ak--21
18,cdca04e0bc6ce855,k- t,kt,prot-1951--ak--21
19,cdca04e0bc6ce855,r- n,rn,prot-1951--ak--21
20,cdca04e0bc6ce855,e- f,ef,prot-1951--ak--21
21,cdca04e0bc6ce855,p- n,pn,prot-1951--ak--21
22,cdca04e0bc6ce855,n- f,nf,prot-1951--ak--21
23,cdca04e0bc6ce855,d- p,dp,prot-1951--ak--21
24,cdca04e0bc6ce855,ä- s,äs,prot-1951--ak--21
25,cdca04e0bc6ce855,å- g,åg,prot-1951--ak--21
26,cdca04e0bc6ce855,t- t,tt,prot-1951--ak--21
27,cdca04e0bc6ce855,r- s,rs,prot-1951--ak--21
28,cdca04e0bc6ce855,m- l,ml,prot-1951--ak--21
29,cdca04e0bc6ce855,e- s,es,prot-1951--ak--21
30,cdca04e0bc6ce855,p- b,pb,prot-1951--ak--21
0,7b16a01c980ae2ac,"i
f",i f,prot-1951--ak--21
1,cdca04e0bc6ce855,p- b,pb,prot-1951--ak--21
2,cdca04e0bc6ce855,o- k,ok,prot-1951--ak--21
3,cdca04e0bc6ce855,a- r,ar,prot-1951--ak--21
4,cdca04e0bc6ce855,p- b,pb,prot-1951--ak--21
5,cdca04e0bc6ce855,n- f,nf,prot-1951--ak--21
6,cdca04e0bc6ce855,d- s,ds,prot-1951--ak--21
7,cdca04e0bc6ce855,å- d,åd,prot-1951--ak--21
8,cdca04e0bc6ce855,i- t,it,prot-1951--ak--21
9,cdca04e0bc6ce855,e- u,eu,prot-1951--ak--21
10,cdca04e0bc6ce855,t- n,tn,prot-1951--ak--21
11,cdca04e0bc6ce855,t- s,ts,prot-1951--ak--21
12,cdca04e0bc6ce855,t- s,ts,prot-1951--ak--21
13,cdca04e0bc6ce855,a- r,ar,prot-1951--ak--21
14,cdca04e0bc6ce855,n- p,np,prot-1951--ak--21
15,cdca04e0bc6ce855,r- l,rl,prot-1951--ak--21
16,cdca04e0bc6ce855,a- r,ar,prot-1951--ak--21
17,cdca04e0bc6ce855,k- n,kn,prot-1951--ak--21
18,cdca04e0bc6ce855,g- n,gn,prot-1951--ak--21
19,cdca04e0bc6ce855,n- s,ns,prot-1951--ak--21
20,cdca04e0bc6ce855,t- n,tn,prot-1951--ak--21
21,cdca04e0bc6ce855,d- p,dp,prot-1951--ak--21
22,cdca04e0bc6ce855,o- s,os,prot-1951--ak--21
23,cdca04e0bc6ce855,e- s,es,prot-1951--ak--21
24,cdca04e0bc6ce855,n- a,na,prot-1951--ak--21
25,cdca04e0bc6ce855,n- d,nd,prot-1951--ak--21
26,cdca04e0bc6ce855,n- n,nn,prot-1951--ak--21
27,cdca04e0bc6ce855,n- d,nd,prot-1951--ak--21
28,cdca04e0bc6ce855,f- f,ff,prot-1951--ak--21
29,cdca04e0bc6ce855,s- m,sm,prot-1951--ak--21
30,cdca04e0bc6ce855,e- m,em,prot-1951--ak--21
0,7b16a01c980ae2ac,"l
v",l v,prot-1951--ak--21
1,7b16a01c980ae2ac,"t
i",t i,prot-1951--ak--21
2,cdca04e0bc6ce855,m- m,mm,prot-1951--ak--21
3,cdca04e0bc6ce855,p- p,pp,prot-1951--ak--21
4,cdca04e0bc6ce855,s- t,st,prot-1951--ak--21
5,cdca04e0bc6ce855,t- n,tn,prot-1951--ak--21
6,cdca04e0bc6ce855,l- n,ln,prot-1951--ak--21
7,cdca04e0bc6ce855,n- t,nt,prot-1951--ak--21
8,cdca04e0bc6ce855,e- e,ee,prot-1951--ak--21
9,cdca04e0bc6ce855,v- n,vn,prot-1951--ak--21
10,cdca04e0bc6ce855,s- m,sm,prot-1951--ak--21
11,cdca04e0bc6ce855,o- s,os,prot-1951--ak--21
12,cdca04e0bc6ce855,s- m,sm,prot-1951--ak--21
13,cdca04e0bc6ce855,o- t,ot,prot-1951--ak--21
14,cdca04e0bc6ce855,r- m,rm,prot-1951--ak--21
15,cdca04e0bc6ce855,s- m,sm,prot-1951--ak--21
16,cdca04e0bc6ce855,e- s,es,prot-1951--ak--21
17,cdca04e0bc6ce855,ö- r,ör,prot-1951--ak--21
18,cdca04e0bc6ce855,r- k,rk,prot-1951--ak--21
19,cdca04e0bc6ce855,o- p,op,prot-1951--ak--21
20,cdca04e0bc6ce855,m- s,ms,prot-1951--ak--21
21,cdca04e0bc6ce855,o- t,ot,prot-1951--ak--21
22,cdca04e0bc6ce855,o- n,on,prot-1951--ak--21
23,cdca04e0bc6ce855,l- l,ll,prot-1951--ak--21
24,cdca04e0bc6ce855,i- t,it,prot-1951--ak--21
25,cdca04e0bc6ce855,g- h,gh,prot-1951--ak--21
26,cdca04e0bc6ce855,v- s,vs,prot-1951--ak--21
27,cdca04e0bc6ce855,n- s,ns,prot-1951--ak--21
28,cdca04e0bc6ce855,o- s,os,prot-1951--ak--21
29,cdca04e0bc6ce855,s- n,sn,prot-1951--ak--21
30,cdca04e0bc6ce855,v- s,vs,prot-1951--ak--21
31,cdca04e0bc6ce855,i- t,it,prot-1951--ak--21
32,cdca04e0bc6ce855,e- s,es,prot-1951--ak--21
33,cdca04e0bc6ce855,v- g,vg,prot-1951--ak--21
34,cdca04e0bc6ce855,o- n,on,prot-1951--ak--21
0,7b16a01c980ae2ac,"v
h",v h,prot-1951--ak--21
1,7b16a01c980ae2ac,"t
p",t p,prot-1951--ak--21
2,cdca04e0bc6ce855,l- l,ll,prot-1951--ak--21
3,cdca04e0bc6ce855,i- t,it,prot-1951--ak--21
4,cdca04e0bc6ce855,t- s,ts,prot-1951--ak--21
5,cdca04e0bc6ce855,o- s,os,prot-1951--ak--21
6,cdca04e0bc6ce855,s- n,sn,prot-1951--ak--21
7,cdca04e0bc6ce855,a- m,am,prot-1951--ak--21
8,cdca04e0bc6ce855,t- r,tr,prot-1951--ak--21
9,cdca04e0bc6ce855,m- r,mr,prot-1951--ak--21
10,cdca04e0bc6ce855,t- t,tt,prot-1951--ak--21
11,cdca04e0bc6ce855,å- e,åe,prot-1951--ak--21
12,cdca04e0bc6ce855,n- f,nf,prot-1951--ak--21
13,cdca04e0bc6ce855,g- g,gg,prot-1951--ak--21
14,cdca04e0bc6ce855,r- d,rd,prot-1951--ak--21
15,cdca04e0bc6ce855,i- s,is,prot-1951--ak--21
16,cdca04e0bc6ce855,l- l,ll,prot-1951--ak--21
17,cdca04e0bc6ce855,r- b,rb,prot-1951--ak--21
18,cdca04e0bc6ce855,a- p,ap,prot-1951--ak--21
19,cdca04e0bc6ce855,m- f,mf,prot-1951--ak--21
20,cdca04e0bc6ce855,r- s,rs,prot-1951--ak--21
21,cdca04e0bc6ce855,g- h,gh,prot-1951--ak--21
22,cdca04e0bc6ce855,r- t,rt,prot-1951--ak--21
23,cdca04e0bc6ce855,a- t,at,prot-1951--ak--21
24,cdca04e0bc6ce855,m- f,mf,prot-1951--ak--21
25,cdca04e0bc6ce855,e- r,er,prot-1951--ak--21
26,cdca04e0bc6ce855,n- t,nt,prot-1951--ak--21
27,cdca04e0bc6ce855,l- n,ln,prot-1951--ak--21
28,cdca04e0bc6ce855,r- b,rb,prot-1951--ak--21
29,cdca04e0bc6ce855,n- d,nd,prot-1951--ak--21
30,cdca04e0bc6ce855,v- r,vr,prot-1951--ak--21
0,7b16a01c980ae2ac,"i
a",i a,prot-1951--ak--21
1,cdca04e0bc6ce855,d- l,dl,prot-1951--ak--21
2,cdca04e0bc6ce855,e- r,er,prot-1951--ak--21
3,cdca04e0bc6ce855,n- n,nn,prot-1951--ak--21
4,cdca04e0bc6ce855,e- t,et,prot-1951--ak--21
5,cdca04e0bc6ce855,o- s,os,prot-1951--ak--21
6,cdca04e0bc6ce855,r- h,rh,prot-1951--ak--21
7,cdca04e0bc6ce855,n- d,nd,prot-1951--ak--21
8,cdca04e0bc6ce855,ö- r,ör,prot-1951--ak--21
9,cdca04e0bc6ce855,t- t,tt,prot-1951--ak--21
10,cdca04e0bc6ce855,k- n,kn,prot-1951--ak--21
11,cdca04e0bc6ce855,l- a,la,prot-1951--ak--21
12,cdca04e0bc6ce855,p- l,pl,prot-1951--ak--21
13,cdca04e0bc6ce855,e- g,eg,prot-1951--ak--21
14,cdca04e0bc6ce855,d- r,dr,prot-1951--ak--21
15,cdca04e0bc6ce855,g- e,ge,prot-1951--ak--21
16,cdca04e0bc6ce855,r- n,rn,prot-1951--ak--21
17,cdca04e0bc6ce855,s- k,sk,prot-1951--ak--21
18,cdca04e0bc6ce855,a- l,al,prot-1951--ak--21
19,cdca04e0bc6ce855,n- n,nn,prot-1951--ak--21
20,cdca04e0bc6ce855,o- r,or,prot-1951--ak--21
21,cdca04e0bc6ce855,m- t,mt,prot-1951--ak--21
22,cdca04e0bc6ce855,e- s,es,prot-1951--ak--21
23,cdca04e0bc6ce855,l- b,lb,prot-1951--ak--21
24,cdca04e0bc6ce855,ö- j,öj,prot-1951--ak--21
25,cdca04e0bc6ce855,ö- r,ör,prot-1951--ak--21
26,cdca04e0bc6ce855,t- a,ta,prot-1951--ak--21
27,cdca04e0bc6ce855,g- e,ge,prot-1951--ak--21
28,cdca04e0bc6ce855,e- s,es,prot-1951--ak--21
29,cdca04e0bc6ce855,t- r,tr,prot-1951--ak--21
30,cdca04e0bc6ce855,s- a,sa,prot-1951--ak--21
31,cdca04e0bc6ce855,e- s,es,prot-1951--ak--21
0,cdca04e0bc6ce855,d- g,dg,prot-1951--ak--21
1,cdca04e0bc6ce855,e- c,ec,prot-1951--ak--21
2,cdca04e0bc6ce855,m- m,mm,prot-1951--ak--21
3,cdca04e0bc6ce855,e- c,ec,prot-1951--ak--21
4,cdca04e0bc6ce855,e- l,el,prot-1951--ak--21
5,cdca04e0bc6ce855,a- k,ak,prot-1951--ak--21
6,cdca04e0bc6ce855,n- n,nn,prot-1951--ak--21
7,cdca04e0bc6ce855,e- r,er,prot-1951--ak--21
8,cdca04e0bc6ce855,e- s,es,prot-1951--ak--21
9,cdca04e0bc6ce855,e- r,er,prot-1951--ak--21
10,cdca04e0bc6ce855,e- r,er,prot-1951--ak--21
11,cdca04e0bc6ce855,a- t,at,prot-1951--ak--21
12,cdca04e0bc6ce855,k- t,kt,prot-1951--ak--21
13,cdca04e0bc6ce855,c- k,ck,prot-1951--ak--21
14,cdca04e0bc6ce855,v- å,vå,prot-1951--ak--21
15,cdca04e0bc6ce855,k- v,kv,prot-1951--ak--21
16,cdca04e0bc6ce855,t- s,ts,prot-1951--ak--21
17,cdca04e0bc6ce855,r- g,rg,prot-1951--ak--21
18,cdca04e0bc6ce855,n- d,nd,prot-1951--ak--21
19,cdca04e0bc6ce855,g- n,gn,prot-1951--ak--21
20,cdca04e0bc6ce855,n- n,nn,prot-1951--ak--21
21,cdca04e0bc6ce855,e- p,ep,prot-1951--ak--21
22,cdca04e0bc6ce855,r- n,rn,prot-1951--ak--21
23,cdca04e0bc6ce855,o- b,ob,prot-1951--ak--21
24,cdca04e0bc6ce855,t- o,to,prot-1951--ak--21
25,cdca04e0bc6ce855,ä- r,är,prot-1951--ak--21
26,cdca04e0bc6ce855,n- d,nd,prot-1951--ak--21
27,cdca04e0bc6ce855,p- l,pl,prot-1951--ak--21
28,cdca04e0bc6ce855,r- s,rs,prot-1951--ak--21
29,cdca04e0bc6ce855,n- s,ns,prot-1951--ak--21
30,cdca04e0bc6ce855,n- k,nk,prot-1951--ak--21
31,cdca04e0bc6ce855,i- d,id,prot-1951--ak--21
32,cdca04e0bc6ce855,m- m,mm,prot-1951--ak--21
33,cdca04e0bc6ce855,i- t,it,prot-1951--ak--21
0,7b16a01c980ae2ac,"a
f",a f,prot-1951--ak--21
1,7b16a01c980ae2ac,"r
m",r m,prot-1951--ak--21
2,7b16a01c980ae2ac,"n
v",n v,prot-1951--ak--21
3,7b16a01c980ae2ac,"e
u",e u,prot-1951--ak--21
4,cdca04e0bc6ce855,e- n,en,prot-1951--ak--21
5,cdca04e0bc6ce855,k- n,kn,prot-1951--ak--21
6,cdca04e0bc6ce855,p- g,pg,prot-1951--ak--21
7,cdca04e0bc6ce855,m- p,mp,prot-1951--ak--21
8,cdca04e0bc6ce855,l- t,lt,prot-1951--ak--21
9,cdca04e0bc6ce855,r- s,rs,prot-1951--ak--21
10,cdca04e0bc6ce855,m- r,mr,prot-1951--ak--21
11,cdca04e0bc6ce855,s- n,sn,prot-1951--ak--21
12,cdca04e0bc6ce855,o- n,on,prot-1951--ak--21
13,cdca04e0bc6ce855,ö- l,öl,prot-1951--ak--21
14,cdca04e0bc6ce855,a- n,an,prot-1951--ak--21
15,cdca04e0bc6ce855,r- n,rn,prot-1951--ak--21
16,cdca04e0bc6ce855,k- g,kg,prot-1951--ak--21
17,cdca04e0bc6ce855,a- k,ak,prot-1951--ak--21
18,cdca04e0bc6ce855,s- f,sf,prot-1951--ak--21
19,cdca04e0bc6ce855,n- d,nd,prot-1951--ak--21
20,cdca04e0bc6ce855,i- t,it,prot-1951--ak--21
21,cdca04e0bc6ce855,n- s,ns,prot-1951--ak--21
22,cdca04e0bc6ce855,l- k,lk,prot-1951--ak--21
23,cdca04e0bc6ce855,r- s,rs,prot-1951--ak--21
24,cdca04e0bc6ce855,n- d,nd,prot-1951--ak--21
25,cdca04e0bc6ce855,n- f,nf,prot-1951--ak--21
26,cdca04e0bc6ce855,m- p,mp,prot-1951--ak--21
27,cdca04e0bc6ce855,n- n,nn,prot-1951--ak--21
28,cdca04e0bc6ce855,n- d,nd,prot-1951--ak--21
0,cdca04e0bc6ce855,s- d,sd,prot-1951--ak--21
1,cdca04e0bc6ce855,r- s,rs,prot-1951--ak--21
2,cdca04e0bc6ce855,m- k,mk,prot-1951--ak--21
3,cdca04e0bc6ce855,l- f,lf,prot-1951--ak--21
4,cdca04e0bc6ce855,d- n,dn,prot-1951--ak--21
5,cdca04e0bc6ce855,n- s,ns,prot-1951--ak--21
6,cdca04e0bc6ce855,l- n,ln,prot-1951--ak--21
7,cdca04e0bc6ce855,e- r,er,prot-1951--ak--21
8,cdca04e0bc6ce855,t- l,tl,prot-1951--ak--21
9,cdca04e0bc6ce855,s- s,ss,prot-1951--ak--21
10,cdca04e0bc6ce855,n- s,ns,prot-1951--ak--21
11,cdca04e0bc6ce855,g- n,gn,prot-1951--ak--21
12,cdca04e0bc6ce855,t- b,tb,prot-1951--ak--21
13,cdca04e0bc6ce855,å- n,ån,prot-1951--ak--21
14,cdca04e0bc6ce855,d- n,dn,prot-1951--ak--21
15,cdca04e0bc6ce855,s- m,sm,prot-1951--ak--21
16,cdca04e0bc6ce855,d- n,dn,prot-1951--ak--21
17,cdca04e0bc6ce855,g- r,gr,prot-1951--ak--21
18,cdca04e0bc6ce855,p- m,pm,prot-1951--ak--21
19,cdca04e0bc6ce855,r- f,rf,prot-1951--ak--21
20,cdca04e0bc6ce855,p- c,pc,prot-1951--ak--21
21,cdca04e0bc6ce855,t- s,ts,prot-1951--ak--21
22,cdca04e0bc6ce855,å- n,ån,prot-1951--ak--21
23,cdca04e0bc6ce855,a- p,ap,prot-1951--ak--21
24,cdca04e0bc6ce855,k- t,kt,prot-1951--ak--21
25,cdca04e0bc6ce855,k- n,kn,prot-1951--ak--21
26,cdca04e0bc6ce855,r- l,rl,prot-1951--ak--21
27,cdca04e0bc6ce855,s- s,ss,prot-1951--ak--21
28,cdca04e0bc6ce855,ä- l,äl,prot-1951--ak--21
29,cdca04e0bc6ce855,s- p,sp,prot-1951--ak--21
30,cdca04e0bc6ce855,n- d,nd,prot-1951--ak--21
31,cdca04e0bc6ce855,r- s,rs,prot-1951--ak--21
32,cdca04e0bc6ce855,s- k,sk,prot-1951--ak--21
0,cdca04e0bc6ce855,e- b,eb,prot-1951--ak--21
1,cdca04e0bc6ce855,l- l,ll,prot-1951--ak--21
2,cdca04e0bc6ce855,k- b,kb,prot-1951--ak--21
3,cdca04e0bc6ce855,d- l,dl,prot-1951--ak--21
4,cdca04e0bc6ce855,l- l,ll,prot-1951--ak--21
5,cdca04e0bc6ce855,e- k,ek,prot-1951--ak--21
6,cdca04e0bc6ce855,m- p,mp,prot-1951--ak--21
7,cdca04e0bc6ce855,n- d,nd,prot-1951--ak--21
8,cdca04e0bc6ce855,m- h,mh,prot-1951--ak--21
9,cdca04e0bc6ce855,k- g,kg,prot-1951--ak--21
10,cdca04e0bc6ce855,n- d,nd,prot-1951--ak--21
11,cdca04e0bc6ce855,o- v,ov,prot-1951--ak--21
12,cdca04e0bc6ce855,l- n,ln,prot-1951--ak--21
13,cdca04e0bc6ce855,r- s,rs,prot-1951--ak--21
14,cdca04e0bc6ce855,l- j,lj,prot-1951--ak--21
15,cdca04e0bc6ce855,c- k,ck,prot-1951--ak--21
16,cdca04e0bc6ce855,s- s,ss,prot-1951--ak--21
17,cdca04e0bc6ce855,s- s,ss,prot-1951--ak--21
18,cdca04e0bc6ce855,l- n,ln,prot-1951--ak--21
19,cdca04e0bc6ce855,o- b,ob,prot-1951--ak--21
20,cdca04e0bc6ce855,l- l,ll,prot-1951--ak--21
21,cdca04e0bc6ce855,i- s,is,prot-1951--ak--21
22,cdca04e0bc6ce855,t- n,tn,prot-1951--ak--21
23,cdca04e0bc6ce855,e- t,et,prot-1951--ak--21
24,cdca04e0bc6ce855,u- m,um,prot-1951--ak--21
25,cdca04e0bc6ce855,m- f,mf,prot-1951--ak--21
26,cdca04e0bc6ce855,s- v,sv,prot-1951--ak--21
27,cdca04e0bc6ce855,n- s,ns,prot-1951--ak--21
28,cdca04e0bc6ce855,l- f,lf,prot-1951--ak--21
29,cdca04e0bc6ce855,o- n,on,prot-1951--ak--21
30,cdca04e0bc6ce855,r- s,rs,prot-1951--ak--21
31,cdca04e0bc6ce855,d- v,dv,prot-1951--ak--21
32,cdca04e0bc6ce855,n- b,nb,prot-1951--ak--21
33,cdca04e0bc6ce855,m- t,mt,prot-1951--ak--21
0,7b16a01c980ae2ac,"t
a",t a,prot-1951--ak--21
1,cdca04e0bc6ce855,å- g,åg,prot-1951--ak--21
2,cdca04e0bc6ce855,r- v,rv,prot-1951--ak--21
3,cdca04e0bc6ce855,e- d,ed,prot-1951--ak--21
4,cdca04e0bc6ce855,e- b,eb,prot-1951--ak--21
5,cdca04e0bc6ce855,a- r,ar,prot-1951--ak--21
6,cdca04e0bc6ce855,d- d,dd,prot-1951--ak--21
7,cdca04e0bc6ce855,l- s,ls,prot-1951--ak--21
8,cdca04e0bc6ce855,r- s,rs,prot-1951--ak--21
9,cdca04e0bc6ce855,e- f,ef,prot-1951--ak--21
10,cdca04e0bc6ce855,o- n,on,prot-1951--ak--21
11,cdca04e0bc6ce855,l- t,lt,prot-1951--ak--21
12,cdca04e0bc6ce855,s- s,ss,prot-1951--ak--21
13,cdca04e0bc6ce855,e- r,er,prot-1951--ak--21
14,cdca04e0bc6ce855,s- r,sr,prot-1951--ak--21
15,cdca04e0bc6ce855,e- r,er,prot-1951--ak--21
16,cdca04e0bc6ce855,e- t,et,prot-1951--ak--21
17,cdca04e0bc6ce855,e- n,en,prot-1951--ak--21
18,cdca04e0bc6ce855,r- s,rs,prot-1951--ak--21
19,cdca04e0bc6ce855,a- r,ar,prot-1951--ak--21
20,cdca04e0bc6ce855,o- e,oe,prot-1951--ak--21
21,cdca04e0bc6ce855,a- l,al,prot-1951--ak--21
22,cdca04e0bc6ce855,r- t,rt,prot-1951--ak--21
23,cdca04e0bc6ce855,m- n,mn,prot-1951--ak--21
0,7b16a01c980ae2ac,"d
f",d f,prot-1951--ak--21
1,cdca04e0bc6ce855,l- v,lv,prot-1951--ak--21
2,cdca04e0bc6ce855,e- s,es,prot-1951--ak--21
3,cdca04e0bc6ce855,l- f,lf,prot-1951--ak--21
4,cdca04e0bc6ce855,t- b,tb,prot-1951--ak--21
5,cdca04e0bc6ce855,å- g,åg,prot-1951--ak--21
6,cdca04e0bc6ce855,n- p,np,prot-1951--ak--21
7,cdca04e0bc6ce855,r- d,rd,prot-1951--ak--21
8,cdca04e0bc6ce855,d- k,dk,prot-1951--ak--21
9,cdca04e0bc6ce855,s- m,sm,prot-1951--ak--21
10,cdca04e0bc6ce855,s- t,st,prot-1951--ak--21
11,cdca04e0bc6ce855,e- r,er,prot-1951--ak--21
12,cdca04e0bc6ce855,e- d,ed,prot-1951--ak--21
13,cdca04e0bc6ce855,x- t,xt,prot-1951--ak--21
14,cdca04e0bc6ce855,t- t,tt,prot-1951--ak--21
15,cdca04e0bc6ce855,d- n,dn,prot-1951--ak--21
16,cdca04e0bc6ce855,i- n,in,prot-1951--ak--21
17,cdca04e0bc6ce855,r- m,rm,prot-1951--ak--21
18,cdca04e0bc6ce855,e- d,ed,prot-1951--ak--21
19,cdca04e0bc6ce855,r- s,rs,prot-1951--ak--21
20,cdca04e0bc6ce855,d- n,dn,prot-1951--ak--21
21,cdca04e0bc6ce855,g- h,gh,prot-1951--ak--21
22,cdca04e0bc6ce855,s- m,sm,prot-1951--ak--21
23,cdca04e0bc6ce855,i- l,il,prot-1951--ak--21
24,cdca04e0bc6ce855,g- d,gd,prot-1951--ak--21
25,cdca04e0bc6ce855,p- k,pk,prot-1951--ak--21
26,cdca04e0bc6ce855,a- k,ak,prot-1951--ak--21
27,cdca04e0bc6ce855,s- s,ss,prot-1951--ak--21
28,cdca04e0bc6ce855,a- d,ad,prot-1951--ak--21
29,cdca04e0bc6ce855,g- r,gr,prot-1951--ak--21
30,cdca04e0bc6ce855,n- d,nd,prot-1951--ak--21
31,cdca04e0bc6ce855,e- h,eh,prot-1951--ak--21
32,cdca04e0bc6ce855,r- n,rn,prot-1951--ak--21
33,cdca04e0bc6ce855,d- k,dk,prot-1951--ak--21
34,cdca04e0bc6ce855,r- b,rb,prot-1951--ak--21
35,cdca04e0bc6ce855,r- t,rt,prot-1951--ak--21
36,cdca04e0bc6ce855,e- h,eh,prot-1951--ak--21
37,cdca04e0bc6ce855,n- n,nn,prot-1951--ak--21
38,cdca04e0bc6ce855,e- g,eg,prot-1951--ak--21
0,cdca04e0bc6ce855,t- l,tl,prot-1951--ak--21
1,cdca04e0bc6ce855,s- o,so,prot-1951--ak--21
2,cdca04e0bc6ce855,o- k,ok,prot-1951--ak--21
3,cdca04e0bc6ce855,l- l,ll,prot-1951--ak--21
4,cdca04e0bc6ce855,å- g,åg,prot-1951--ak--21
5,cdca04e0bc6ce855,l- n,ln,prot-1951--ak--21
6,cdca04e0bc6ce855,n- d,nd,prot-1951--ak--21
7,cdca04e0bc6ce855,u- k,uk,prot-1951--ak--21
8,cdca04e0bc6ce855,u- v,uv,prot-1951--ak--21
9,cdca04e0bc6ce855,n- k,nk,prot-1951--ak--21
10,cdca04e0bc6ce855,s- b,sb,prot-1951--ak--21
11,cdca04e0bc6ce855,o- n,on,prot-1951--ak--21
12,cdca04e0bc6ce855,r- s,rs,prot-1951--ak--21
13,cdca04e0bc6ce855,i- v,iv,prot-1951--ak--21
14,cdca04e0bc6ce855,o- n,on,prot-1951--ak--21
15,cdca04e0bc6ce855,d- g,dg,prot-1951--ak--21
16,cdca04e0bc6ce855,r- n,rn,prot-1951--ak--21
17,cdca04e0bc6ce855,e- d,ed,prot-1951--ak--21
18,cdca04e0bc6ce855,t- g,tg,prot-1951--ak--21
19,cdca04e0bc6ce855,o- c,oc,prot-1951--ak--21
20,cdca04e0bc6ce855,s- t,st,prot-1951--ak--21
21,cdca04e0bc6ce855,o- n,on,prot-1951--ak--21
22,cdca04e0bc6ce855,r- s,rs,prot-1951--ak--21
23,cdca04e0bc6ce855,e- d,ed,prot-1951--ak--21
24,cdca04e0bc6ce855,n- s,ns,prot-1951--ak--21
25,cdca04e0bc6ce855,e- l,el,prot-1951--ak--21
26,cdca04e0bc6ce855,e- s,es,prot-1951--ak--21
27,cdca04e0bc6ce855,r- s,rs,prot-1951--ak--21
0,7b16a01c980ae2ac,"å
n",å n,prot-1951--ak--21
1,cdca04e0bc6ce855,n- d,nd,prot-1951--ak--21
2,cdca04e0bc6ce855,n- n,nn,prot-1951--ak--21
3,cdca04e0bc6ce855,n- n,nn,prot-1951--ak--21
4,cdca04e0bc6ce855,m- h,mh,prot-1951--ak--21
5,cdca04e0bc6ce855,k- n,kn,prot-1951--ak--21
6,cdca04e0bc6ce855,i- t,it,prot-1951--ak--21
7,cdca04e0bc6ce855,s- s,ss,prot-1951--ak--21
8,cdca04e0bc6ce855,r- s,rs,prot-1951--ak--21
9,cdca04e0bc6ce855,j- d,jd,prot-1951--ak--21
10,cdca04e0bc6ce855,o- t,ot,prot-1951--ak--21
11,cdca04e0bc6ce855,m- l,ml,prot-1951--ak--21
12,cdca04e0bc6ce855,r- s,rs,prot-1951--ak--21
13,cdca04e0bc6ce855,o- n,on,prot-1951--ak--21
14,cdca04e0bc6ce855,t- å,tå,prot-1951--ak--21
15,cdca04e0bc6ce855,n- d,nd,prot-1951--ak--21
16,cdca04e0bc6ce855,k- t,kt,prot-1951--ak--21
17,cdca04e0bc6ce855,a- d,ad,prot-1951--ak--21
18,cdca04e0bc6ce855,e- l,el,prot-1951--ak--21
19,cdca04e0bc6ce855,o- n,on,prot-1951--ak--21
20,cdca04e0bc6ce855,k- t,kt,prot-1951--ak--21
21,cdca04e0bc6ce855,i- g,ig,prot-1951--ak--21
22,cdca04e0bc6ce855,n- e,ne,prot-1951--ak--21
23,cdca04e0bc6ce855,p- g,pg,prot-1951--ak--21
24,cdca04e0bc6ce855,n- n,nn,prot-1951--ak--21
25,cdca04e0bc6ce855,s- s,ss,prot-1951--ak--21
26,cdca04e0bc6ce855,l- k,lk,prot-1951--ak--21
27,cdca04e0bc6ce855,d- g,dg,prot-1951--ak--21
28,cdca04e0bc6ce855,s- r,sr,prot-1951--ak--21
29,cdca04e0bc6ce855,l- j,lj,prot-1951--ak--21
30,cdca04e0bc6ce855,n- s,ns,prot-1951--ak--21
31,cdca04e0bc6ce855,e- s,es,prot-1951--ak--21
32,cdca04e0bc6ce855,n- s,ns,prot-1951--ak--21
0,7b16a01c980ae2ac,"i
s",i s,prot-1951--ak--21
1,cdca04e0bc6ce855,m- m,mm,prot-1951--ak--21
2,cdca04e0bc6ce855,n- p,np,prot-1951--ak--21
3,cdca04e0bc6ce855,l- l,ll,prot-1951--ak--21
4,cdca04e0bc6ce855,o- n,on,prot-1951--ak--21
5,cdca04e0bc6ce855,n- k,nk,prot-1951--ak--21
6,cdca04e0bc6ce855,u- v,uv,prot-1951--ak--21
7,cdca04e0bc6ce855,s- k,sk,prot-1951--ak--21
8,cdca04e0bc6ce855,s- t,st,prot-1951--ak--21
9,cdca04e0bc6ce855,k- n,kn,prot-1951--ak--21
10,cdca04e0bc6ce855,s- u,su,prot-1951--ak--21
11,cdca04e0bc6ce855,k- t,kt,prot-1951--ak--21
12,cdca04e0bc6ce855,i- n,in,prot-1951--ak--21
13,cdca04e0bc6ce855,n- t,nt,prot-1951--ak--21
14,cdca04e0bc6ce855,m- m,mm,prot-1951--ak--21
15,cdca04e0bc6ce855,k- v,kv,prot-1951--ak--21
16,cdca04e0bc6ce855,s- m,sm,prot-1951--ak--21
17,cdca04e0bc6ce855,e- h,eh,prot-1951--ak--21
18,cdca04e0bc6ce855,e- m,em,prot-1951--ak--21
19,cdca04e0bc6ce855,r- s,rs,prot-1951--ak--21
20,cdca04e0bc6ce855,e- t,et,prot-1951--ak--21
21,cdca04e0bc6ce855,g- d,gd,prot-1951--ak--21
22,cdca04e0bc6ce855,e- r,er,prot-1951--ak--21
23,cdca04e0bc6ce855,e- d,ed,prot-1951--ak--21
24,cdca04e0bc6ce855,r- n,rn,prot-1951--ak--21
25,cdca04e0bc6ce855,k- n,kn,prot-1951--ak--21
26,cdca04e0bc6ce855,t- f,tf,prot-1951--ak--21
0,7b16a01c980ae2ac,"t
n",t n,prot-1951--ak--21
1,7b16a01c980ae2ac,"i
g",i g,prot-1951--ak--21
2,7b16a01c980ae2ac,"a
m",a m,prot-1951--ak--21
3,7b16a01c980ae2ac,"å
v",å v,prot-1951--ak--21
4,cdca04e0bc6ce855,t- t,tt,prot-1951--ak--21
5,cdca04e0bc6ce855,a- r,ar,prot-1951--ak--21
6,cdca04e0bc6ce855,r- s,rs,prot-1951--ak--21
7,cdca04e0bc6ce855,n- s,ns,prot-1951--ak--21
8,cdca04e0bc6ce855,e- k,ek,prot-1951--ak--21
9,cdca04e0bc6ce855,s- p,sp,prot-1951--ak--21
10,cdca04e0bc6ce855,r- s,rs,prot-1951--ak--21
11,cdca04e0bc6ce855,o- n,on,prot-1951--ak--21
12,cdca04e0bc6ce855,l- n,ln,prot-1951--ak--21
13,cdca04e0bc6ce855,a- d,ad,prot-1951--ak--21
14,cdca04e0bc6ce855,l- f,lf,prot-1951--ak--21
15,cdca04e0bc6ce855,m- f,mf,prot-1951--ak--21
16,cdca04e0bc6ce855,s- t,st,prot-1951--ak--21
17,cdca04e0bc6ce855,l- m,lm,prot-1951--ak--21
18,cdca04e0bc6ce855,t- b,tb,prot-1951--ak--21
19,cdca04e0bc6ce855,e- r,er,prot-1951--ak--21
20,cdca04e0bc6ce855,e- m,em,prot-1951--ak--21
21,cdca04e0bc6ce855,t- f,tf,prot-1951--ak--21
22,cdca04e0bc6ce855,n- n,nn,prot-1951--ak--21
23,cdca04e0bc6ce855,e- s,es,prot-1951--ak--21
24,cdca04e0bc6ce855,c- k,ck,prot-1951--ak--21
25,cdca04e0bc6ce855,e- f,ef,prot-1951--ak--21
0,7b16a01c980ae2ac,"n
e",n e,prot-1951--ak--21
1,cdca04e0bc6ce855,s- m,sm,prot-1951--ak--21
2,cdca04e0bc6ce855,s- b,sb,prot-1951--ak--21
3,cdca04e0bc6ce855,n- t,nt,prot-1951--ak--21
4,cdca04e0bc6ce855,e- l,el,prot-1951--ak--21
5,cdca04e0bc6ce855,o- n,on,prot-1951--ak--21
6,cdca04e0bc6ce855,e- t,et,prot-1951--ak--21
7,cdca04e0bc6ce855,t- r,tr,prot-1951--ak--21
8,cdca04e0bc6ce855,r- v,rv,prot-1951--ak--21
9,cdca04e0bc6ce855,k- s,ks,prot-1951--ak--21
10,cdca04e0bc6ce855,l- k,lk,prot-1951--ak--21
11,cdca04e0bc6ce855,n- s,ns,prot-1951--ak--21
12,cdca04e0bc6ce855,d- v,dv,prot-1951--ak--21
13,cdca04e0bc6ce855,r- h,rh,prot-1951--ak--21
14,cdca04e0bc6ce855,t- l,tl,prot-1951--ak--21
15,cdca04e0bc6ce855,k- n,kn,prot-1951--ak--21
16,cdca04e0bc6ce855,u- v,uv,prot-1951--ak--21
17,cdca04e0bc6ce855,p- g,pg,prot-1951--ak--21
18,cdca04e0bc6ce855,n- d,nd,prot-1951--ak--21
19,cdca04e0bc6ce855,l- l,ll,prot-1951--ak--21
20,cdca04e0bc6ce855,s- a,sa,prot-1951--ak--21
21,cdca04e0bc6ce855,l- t,lt,prot-1951--ak--21
22,cdca04e0bc6ce855,p- s,ps,prot-1951--ak--21
23,cdca04e0bc6ce855,d- g,dg,prot-1951--ak--21
24,cdca04e0bc6ce855,m- k,mk,prot-1951--ak--21
25,cdca04e0bc6ce855,r- m,rm,prot-1951--ak--21
26,cdca04e0bc6ce855,t- å,tå,prot-1951--ak--21
27,cdca04e0bc6ce855,l- j,lj,prot-1951--ak--21
28,cdca04e0bc6ce855,y- d,yd,prot-1951--ak--21
29,cdca04e0bc6ce855,r- s,rs,prot-1951--ak--21
30,cdca04e0bc6ce855,a- d,ad,prot-1951--ak--21
31,cdca04e0bc6ce855,l- t,lt,prot-1951--ak--21
32,cdca04e0bc6ce855,j- a,ja,prot-1951--ak--21
33,cdca04e0bc6ce855,y- k,yk,prot-1951--ak--21
34,cdca04e0bc6ce855,n- s,ns,prot-1951--ak--21
35,cdca04e0bc6ce855,l- m,lm,prot-1951--ak--21
0,7b16a01c980ae2ac,"r
t",r t,prot-1951--ak--21
1,7b16a01c980ae2ac,"a
k",a k,prot-1951--ak--21
2,7b16a01c980ae2ac,"a
d",a d,prot-1951--ak--21
3,cdca04e0bc6ce855,a- r,ar,prot-1951--ak--21
4,cdca04e0bc6ce855,ä- g,äg,prot-1951--ak--21
5,cdca04e0bc6ce855,a- r,ar,prot-1951--ak--21
6,cdca04e0bc6ce855,e- s,es,prot-1951--ak--21
7,cdca04e0bc6ce855,y- d,yd,prot-1951--ak--21
8,cdca04e0bc6ce855,i- k,ik,prot-1951--ak--21
9,cdca04e0bc6ce855,n- s,ns,prot-1951--ak--21
10,cdca04e0bc6ce855,r- p,rp,prot-1951--ak--21
11,cdca04e0bc6ce855,e- n,en,prot-1951--ak--21
12,cdca04e0bc6ce855,s- t,st,prot-1951--ak--21
13,cdca04e0bc6ce855,t- t,tt,prot-1951--ak--21
14,cdca04e0bc6ce855,r- v,rv,prot-1951--ak--21
15,cdca04e0bc6ce855,e- h,eh,prot-1951--ak--21
16,cdca04e0bc6ce855,e- k,ek,prot-1951--ak--21
17,cdca04e0bc6ce855,n- p,np,prot-1951--ak--21
18,cdca04e0bc6ce855,ö- m,öm,prot-1951--ak--21
19,cdca04e0bc6ce855,s- t,st,prot-1951--ak--21
20,cdca04e0bc6ce855,k- t,kt,prot-1951--ak--21
21,cdca04e0bc6ce855,r- m,rm,prot-1951--ak--21
22,cdca04e0bc6ce855,å- g,åg,prot-1951--ak--21
23,cdca04e0bc6ce855,k- g,kg,prot-1951--ak--21
24,cdca04e0bc6ce855,d- l,dl,prot-1951--ak--21
25,cdca04e0bc6ce855,i- t,it,prot-1951--ak--21
26,cdca04e0bc6ce855,i- n,in,prot-1951--ak--21
27,cdca04e0bc6ce855,f- f,ff,prot-1951--ak--21
28,cdca04e0bc6ce855,g- e,ge,prot-1951--ak--21
0,7b16a01c980ae2ac,"r
d",r d,prot-1951--ak--21
1,cdca04e0bc6ce855,k- l,kl,prot-1951--ak--21
2,cdca04e0bc6ce855,e- m,em,prot-1951--ak--21
3,cdca04e0bc6ce855,r- m,rm,prot-1951--ak--21
4,cdca04e0bc6ce855,n- s,ns,prot-1951--ak--21
5,cdca04e0bc6ce855,p- f,pf,prot-1951--ak--21
6,cdca04e0bc6ce855,g- n,gn,prot-1951--ak--21
7,cdca04e0bc6ce855,l- k,lk,prot-1951--ak--21
8,cdca04e0bc6ce855,n- n,nn,prot-1951--ak--21
9,cdca04e0bc6ce855,a- n,an,prot-1951--ak--21
10,cdca04e0bc6ce855,n- d,nd,prot-1951--ak--21
11,cdca04e0bc6ce855,f- r,fr,prot-1951--ak--21
12,cdca04e0bc6ce855,d- n,dn,prot-1951--ak--21
13,cdca04e0bc6ce855,o- n,on,prot-1951--ak--21
14,cdca04e0bc6ce855,t- t,tt,prot-1951--ak--21
15,cdca04e0bc6ce855,r- n,rn,prot-1951--ak--21
16,cdca04e0bc6ce855,s- k,sk,prot-1951--ak--21
17,cdca04e0bc6ce855,e- g,eg,prot-1951--ak--21
18,cdca04e0bc6ce855,m- p,mp,prot-1951--ak--21
19,cdca04e0bc6ce855,e- g,eg,prot-1951--ak--21
20,cdca04e0bc6ce855,m- m,mm,prot-1951--ak--21
21,cdca04e0bc6ce855,e- t,et,prot-1951--ak--21
22,cdca04e0bc6ce855,a- r,ar,prot-1951--ak--21
23,cdca04e0bc6ce855,n- d,nd,prot-1951--ak--21
24,cdca04e0bc6ce855,r- m,rm,prot-1951--ak--21
25,cdca04e0bc6ce855,d- g,dg,prot-1951--ak--21
26,cdca04e0bc6ce855,l- d,ld,prot-1951--ak--21
27,cdca04e0bc6ce855,n- k,nk,prot-1951--ak--21
28,cdca04e0bc6ce855,r- n,rn,prot-1951--ak--21
29,cdca04e0bc6ce855,r- b,rb,prot-1951--ak--21
30,cdca04e0bc6ce855,p- l,pl,prot-1951--ak--21
31,cdca04e0bc6ce855,e- s,es,prot-1951--ak--21
32,cdca04e0bc6ce855,n- s,ns,prot-1951--ak--21
0,cdca04e0bc6ce855,o- n,on,prot-1951--ak--21
1,cdca04e0bc6ce855,u- r,ur,prot-1951--ak--21
2,cdca04e0bc6ce855,e- n,en,prot-1951--ak--21
3,cdca04e0bc6ce855,l- l,ll,prot-1951--ak--21
4,cdca04e0bc6ce855,n- l,nl,prot-1951--ak--21
5,cdca04e0bc6ce855,k- n,kn,prot-1951--ak--21
6,cdca04e0bc6ce855,l- l,ll,prot-1951--ak--21
7,cdca04e0bc6ce855,s- d,sd,prot-1951--ak--21
8,cdca04e0bc6ce855,r- u,ru,prot-1951--ak--21
9,cdca04e0bc6ce855,t- s,ts,prot-1951--ak--21
10,cdca04e0bc6ce855,l- j,lj,prot-1951--ak--21
11,cdca04e0bc6ce855,t- g,tg,prot-1951--ak--21
12,cdca04e0bc6ce855,n- n,nn,prot-1951--ak--21
13,cdca04e0bc6ce855,a- r,ar,prot-1951--ak--21
14,cdca04e0bc6ce855,t- t,tt,prot-1951--ak--21
15,cdca04e0bc6ce855,d- n,dn,prot-1951--ak--21
16,cdca04e0bc6ce855,l- m,lm,prot-1951--ak--21
17,cdca04e0bc6ce855,e- n,en,prot-1951--ak--21
18,cdca04e0bc6ce855,s- m,sm,prot-1951--ak--21
19,cdca04e0bc6ce855,t- t,tt,prot-1951--ak--21
20,cdca04e0bc6ce855,s- m,sm,prot-1951--ak--21
21,cdca04e0bc6ce855,e- t,et,prot-1951--ak--21
0,cdca04e0bc6ce855,g- r,gr,prot-1951--ak--21
1,cdca04e0bc6ce855,t- å,tå,prot-1951--ak--21
2,cdca04e0bc6ce855,t- n,tn,prot-1951--ak--21
3,cdca04e0bc6ce855,n- s,ns,prot-1951--ak--21
4,cdca04e0bc6ce855,s- p,sp,prot-1951--ak--21
5,cdca04e0bc6ce855,n- d,nd,prot-1951--ak--21
6,cdca04e0bc6ce855,l- n,ln,prot-1951--ak--21
7,cdca04e0bc6ce855,r- s,rs,prot-1951--ak--21
8,cdca04e0bc6ce855,k- v,kv,prot-1951--ak--21
9,cdca04e0bc6ce855,s- f,sf,prot-1951--ak--21
10,cdca04e0bc6ce855,r- s,rs,prot-1951--ak--21
11,cdca04e0bc6ce855,d- b,db,prot-1951--ak--21
12,cdca04e0bc6ce855,r- f,rf,prot-1951--ak--21
13,cdca04e0bc6ce855,m- l,ml,prot-1951--ak--21
14,cdca04e0bc6ce855,r- n,rn,prot-1951--ak--21
15,cdca04e0bc6ce855,n- d,nd,prot-1951--ak--21
16,cdca04e0bc6ce855,d- l,dl,prot-1951--ak--21
17,cdca04e0bc6ce855,n- t,nt,prot-1951--ak--21
18,cdca04e0bc6ce855,l- d,ld,prot-1951--ak--21
19,cdca04e0bc6ce855,r- s,rs,prot-1951--ak--21
20,cdca04e0bc6ce855,n- s,ns,prot-1951--ak--21
21,cdca04e0bc6ce855,v- s,vs,prot-1951--ak--21
22,cdca04e0bc6ce855,n- n,nn,prot-1951--ak--21
23,cdca04e0bc6ce855,å- g,åg,prot-1951--ak--21
24,cdca04e0bc6ce855,o- p,op,prot-1951--ak--21
25,cdca04e0bc6ce855,ä- s,äs,prot-1951--ak--21
26,cdca04e0bc6ce855,n- l,nl,prot-1951--ak--21
27,cdca04e0bc6ce855,k- t,kt,prot-1951--ak--21
28,cdca04e0bc6ce855,a- r,ar,prot-1951--ak--21
29,cdca04e0bc6ce855,e- r,er,prot-1951--ak--21
30,cdca04e0bc6ce855,k- s,ks,prot-1951--ak--21
31,cdca04e0bc6ce855,r- l,rl,prot-1951--ak--21
0,cdca04e0bc6ce855,l- f,lf,prot-1951--ak--21
1,cdca04e0bc6ce855,v- r,vr,prot-1951--ak--21
2,cdca04e0bc6ce855,e- r,er,prot-1951--ak--21
3,cdca04e0bc6ce855,s- s,ss,prot-1951--ak--21
4,cdca04e0bc6ce855,l- a,la,prot-1951--ak--21
5,cdca04e0bc6ce855,g- j,gj,prot-1951--ak--21
6,cdca04e0bc6ce855,t- s,ts,prot-1951--ak--21
7,cdca04e0bc6ce855,r- c,rc,prot-1951--ak--21
8,cdca04e0bc6ce855,c- k,ck,prot-1951--ak--21
9,cdca04e0bc6ce855,r- s,rs,prot-1951--ak--21
10,cdca04e0bc6ce855,s- l,sl,prot-1951--ak--21
11,cdca04e0bc6ce855,s- p,sp,prot-1951--ak--21
12,cdca04e0bc6ce855,r- l,rl,prot-1951--ak--21
13,cdca04e0bc6ce855,t- g,tg,prot-1951--ak--21
14,cdca04e0bc6ce855,l- g,lg,prot-1951--ak--21
15,cdca04e0bc6ce855,å- g,åg,prot-1951--ak--21
16,cdca04e0bc6ce855,s- m,sm,prot-1951--ak--21
17,cdca04e0bc6ce855,s- r,sr,prot-1951--ak--21
18,cdca04e0bc6ce855,r- m,rm,prot-1951--ak--21
19,cdca04e0bc6ce855,s- r,sr,prot-1951--ak--21
20,cdca04e0bc6ce855,k- t,kt,prot-1951--ak--21
21,cdca04e0bc6ce855,s- u,su,prot-1951--ak--21
22,cdca04e0bc6ce855,r- e,re,prot-1951--ak--21
23,cdca04e0bc6ce855,r- s,rs,prot-1951--ak--21
24,cdca04e0bc6ce855,l- u,lu,prot-1951--ak--21
25,cdca04e0bc6ce855,s- s,ss,prot-1951--ak--21
26,cdca04e0bc6ce855,c- k,ck,prot-1951--ak--21
27,cdca04e0bc6ce855,s- u,su,prot-1951--ak--21
28,cdca04e0bc6ce855,t- s,ts,prot-1951--ak--21
0,7b16a01c980ae2ac,"t
m",t m,prot-1951--ak--21
1,cdca04e0bc6ce855,n- p,np,prot-1951--ak--21
2,cdca04e0bc6ce855,a- r,ar,prot-1951--ak--21
3,cdca04e0bc6ce855,y- t,yt,prot-1951--ak--21
4,cdca04e0bc6ce855,s- r,sr,prot-1951--ak--21
5,cdca04e0bc6ce855,m- s,ms,prot-1951--ak--21
6,cdca04e0bc6ce855,n- s,ns,prot-1951--ak--21
7,cdca04e0bc6ce855,s- k,sk,prot-1951--ak--21
8,cdca04e0bc6ce855,r- n,rn,prot-1951--ak--21
9,cdca04e0bc6ce855,s- r,sr,prot-1951--ak--21
10,cdca04e0bc6ce855,e- r,er,prot-1951--ak--21
11,cdca04e0bc6ce855,o- n,on,prot-1951--ak--21
12,cdca04e0bc6ce855,l- a,la,prot-1951--ak--21
13,cdca04e0bc6ce855,e- s,es,prot-1951--ak--21
14,cdca04e0bc6ce855,d- v,dv,prot-1951--ak--21
15,cdca04e0bc6ce855,r- t,rt,prot-1951--ak--21
16,cdca04e0bc6ce855,i- n,in,prot-1951--ak--21
17,cdca04e0bc6ce855,p- f,pf,prot-1951--ak--21
18,cdca04e0bc6ce855,k- t,kt,prot-1951--ak--21
19,cdca04e0bc6ce855,e- s,es,prot-1951--ak--21
20,cdca04e0bc6ce855,v- s,vs,prot-1951--ak--21
21,cdca04e0bc6ce855,å- d,åd,prot-1951--ak--21
22,cdca04e0bc6ce855,i- t,it,prot-1951--ak--21
23,cdca04e0bc6ce855,n- n,nn,prot-1951--ak--21
24,cdca04e0bc6ce855,t- t,tt,prot-1951--ak--21
25,cdca04e0bc6ce855,r- l,rl,prot-1951--ak--21
26,cdca04e0bc6ce855,e- g,eg,prot-1951--ak--21
27,cdca04e0bc6ce855,n- j,nj,prot-1951--ak--21
28,cdca04e0bc6ce855,å- g,åg,prot-1951--ak--21
29,cdca04e0bc6ce855,s- m,sm,prot-1951--ak--21
30,cdca04e0bc6ce855,m- a,ma,prot-1951--ak--21
31,cdca04e0bc6ce855,s- t,st,prot-1951--ak--21
32,cdca04e0bc6ce855,i- t,it,prot-1951--ak--21
33,cdca04e0bc6ce855,å- g,åg,prot-1951--ak--21
34,cdca04e0bc6ce855,e- r,er,prot-1951--ak--21
35,cdca04e0bc6ce855,n- d,nd,prot-1951--ak--21
36,cdca04e0bc6ce855,o- s,os,prot-1951--ak--21
37,cdca04e0bc6ce855,s- m,sm,prot-1951--ak--21
38,cdca04e0bc6ce855,a- r,ar,prot-1951--ak--21
39,cdca04e0bc6ce855,e- t,et,prot-1951--ak--21
0,7b16a01c980ae2ac,"g
f",g f,prot-1951--ak--21
1,cdca04e0bc6ce855,e- d,ed,prot-1951--ak--21
2,cdca04e0bc6ce855,l- m,lm,prot-1951--ak--21
3,cdca04e0bc6ce855,e- g,eg,prot-1951--ak--21
4,cdca04e0bc6ce855,r- n,rn,prot-1951--ak--21
5,cdca04e0bc6ce855,å- d,åd,prot-1951--ak--21
6,cdca04e0bc6ce855,k- t,kt,prot-1951--ak--21
7,cdca04e0bc6ce855,a- t,at,prot-1951--ak--21
8,cdca04e0bc6ce855,s- u,su,prot-1951--ak--21
9,cdca04e0bc6ce855,j- l,jl,prot-1951--ak--21
10,cdca04e0bc6ce855,l- j,lj,prot-1951--ak--21
11,cdca04e0bc6ce855,e- t,et,prot-1951--ak--21
12,cdca04e0bc6ce855,j- l,jl,prot-1951--ak--21
13,cdca04e0bc6ce855,t- m,tm,prot-1951--ak--21
14,cdca04e0bc6ce855,e- n,en,prot-1951--ak--21
15,cdca04e0bc6ce855,t- s,ts,prot-1951--ak--21
16,cdca04e0bc6ce855,s- t,st,prot-1951--ak--21
17,cdca04e0bc6ce855,k- n,kn,prot-1951--ak--21
18,cdca04e0bc6ce855,c- k,ck,prot-1951--ak--21
19,cdca04e0bc6ce855,l- l,ll,prot-1951--ak--21
20,cdca04e0bc6ce855,s- l,sl,prot-1951--ak--21
21,cdca04e0bc6ce855,s- p,sp,prot-1951--ak--21
22,cdca04e0bc6ce855,l- f,lf,prot-1951--ak--21
23,cdca04e0bc6ce855,ö- t,öt,prot-1951--ak--21
24,cdca04e0bc6ce855,g- n,gn,prot-1951--ak--21
25,cdca04e0bc6ce855,m- m,mm,prot-1951--ak--21
26,cdca04e0bc6ce855,n- t,nt,prot-1951--ak--21
27,cdca04e0bc6ce855,s- v,sv,prot-1951--ak--21
28,cdca04e0bc6ce855,e- r,er,prot-1951--ak--21
29,cdca04e0bc6ce855,o- s,os,prot-1951--ak--21
30,cdca04e0bc6ce855,k- t,kt,prot-1951--ak--21
31,cdca04e0bc6ce855,l- m,lm,prot-1951--ak--21
32,cdca04e0bc6ce855,å- g,åg,prot-1951--ak--21
33,cdca04e0bc6ce855,n- d,nd,prot-1951--ak--21
34,cdca04e0bc6ce855,a- g,ag,prot-1951--ak--21
35,cdca04e0bc6ce855,a- d,ad,prot-1951--ak--21
36,cdca04e0bc6ce855,t- å,tå,prot-1951--ak--21
37,cdca04e0bc6ce855,e- f,ef,prot-1951--ak--21
0,7b16a01c980ae2ac,"r
k",r k,prot-1951--ak--21
1,cdca04e0bc6ce855,k- t,kt,prot-1951--ak--21
2,cdca04e0bc6ce855,r- s,rs,prot-1951--ak--21
3,cdca04e0bc6ce855,a- g,ag,prot-1951--ak--21
4,cdca04e0bc6ce855,p- g,pg,prot-1951--ak--21
5,cdca04e0bc6ce855,t- g,tg,prot-1951--ak--21
6,cdca04e0bc6ce855,l- j,lj,prot-1951--ak--21
7,cdca04e0bc6ce855,s- å,så,prot-1951--ak--21
8,cdca04e0bc6ce855,t- å,tå,prot-1951--ak--21
9,cdca04e0bc6ce855,s- b,sb,prot-1951--ak--21
10,cdca04e0bc6ce855,f- t,ft,prot-1951--ak--21
11,cdca04e0bc6ce855,e- v,ev,prot-1951--ak--21
12,cdca04e0bc6ce855,r- s,rs,prot-1951--ak--21
13,cdca04e0bc6ce855,p- g,pg,prot-1951--ak--21
14,cdca04e0bc6ce855,n- k,nk,prot-1951--ak--21
15,cdca04e0bc6ce855,l- n,ln,prot-1951--ak--21
16,cdca04e0bc6ce855,l- j,lj,prot-1951--ak--21
17,cdca04e0bc6ce855,a- m,am,prot-1951--ak--21
18,cdca04e0bc6ce855,i- g,ig,prot-1951--ak--21
19,cdca04e0bc6ce855,s- s,ss,prot-1951--ak--21
20,cdca04e0bc6ce855,r- s,rs,prot-1951--ak--21
21,cdca04e0bc6ce855,e- r,er,prot-1951--ak--21
22,cdca04e0bc6ce855,n- b,nb,prot-1951--ak--21
23,cdca04e0bc6ce855,v- r,vr,prot-1951--ak--21
24,cdca04e0bc6ce855,l- l,ll,prot-1951--ak--21
25,cdca04e0bc6ce855,t- t,tt,prot-1951--ak--21
26,cdca04e0bc6ce855,å- g,åg,prot-1951--ak--21
0,7b16a01c980ae2ac,"r
t",r t,prot-1951--ak--21
1,cdca04e0bc6ce855,m- t,mt,prot-1951--ak--21
2,cdca04e0bc6ce855,i- s,is,prot-1951--ak--21
3,cdca04e0bc6ce855,m- f,mf,prot-1951--ak--21
4,cdca04e0bc6ce855,l- m,lm,prot-1951--ak--21
5,cdca04e0bc6ce855,l- m,lm,prot-1951--ak--21
6,cdca04e0bc6ce855,s- f,sf,prot-1951--ak--21
7,cdca04e0bc6ce855,e- s,es,prot-1951--ak--21
8,cdca04e0bc6ce855,l- d,ld,prot-1951--ak--21
9,cdca04e0bc6ce855,x- v,xv,prot-1951--ak--21
10,cdca04e0bc6ce855,n- d,nd,prot-1951--ak--21
11,cdca04e0bc6ce855,s- m,sm,prot-1951--ak--21
12,cdca04e0bc6ce855,r- s,rs,prot-1951--ak--21
13,cdca04e0bc6ce855,n- d,nd,prot-1951--ak--21
14,cdca04e0bc6ce855,o- p,op,prot-1951--ak--21
15,cdca04e0bc6ce855,e- h,eh,prot-1951--ak--21
16,cdca04e0bc6ce855,n- k,nk,prot-1951--ak--21
17,cdca04e0bc6ce855,d- d,dd,prot-1951--ak--21
18,cdca04e0bc6ce855,e- m,em,prot-1951--ak--21
19,cdca04e0bc6ce855,r- l,rl,prot-1951--ak--21
20,cdca04e0bc6ce855,c- k,ck,prot-1951--ak--21
21,cdca04e0bc6ce855,k- t,kt,prot-1951--ak--21
22,cdca04e0bc6ce855,k- t,kt,prot-1951--ak--21
23,cdca04e0bc6ce855,r- l,rl,prot-1951--ak--21
24,cdca04e0bc6ce855,l- m,lm,prot-1951--ak--21
25,cdca04e0bc6ce855,m- m,mm,prot-1951--ak--21
26,cdca04e0bc6ce855,s- k,sk,prot-1951--ak--21
27,cdca04e0bc6ce855,t- g,tg,prot-1951--ak--21
28,cdca04e0bc6ce855,a- t,at,prot-1951--ak--21
29,cdca04e0bc6ce855,r- n,rn,prot-1951--ak--21
30,cdca04e0bc6ce855,i- g,ig,prot-1951--ak--21
31,cdca04e0bc6ce855,r- j,rj,prot-1951--ak--21
0,7b16a01c980ae2ac,"n
ä",n ä,prot-1951--ak--21
1,7b16a01c980ae2ac,"e
j",e j,prot-1951--ak--21
2,cdca04e0bc6ce855,n- d,nd,prot-1951--ak--21
3,cdca04e0bc6ce855,n- d,nd,prot-1951--ak--21
4,cdca04e0bc6ce855,e- m,em,prot-1951--ak--21
5,cdca04e0bc6ce855,r- m,rm,prot-1951--ak--21
6,cdca04e0bc6ce855,o- n,on,prot-1951--ak--21
7,cdca04e0bc6ce855,o- n,on,prot-1951--ak--21
8,cdca04e0bc6ce855,o- n,on,prot-1951--ak--21
9,cdca04e0bc6ce855,s- m,sm,prot-1951--ak--21
10,cdca04e0bc6ce855,i- t,it,prot-1951--ak--21
11,cdca04e0bc6ce855,e- r,er,prot-1951--ak--21
12,cdca04e0bc6ce855,t- s,ts,prot-1951--ak--21
13,cdca04e0bc6ce855,i- g,ig,prot-1951--ak--21
14,cdca04e0bc6ce855,r- s,rs,prot-1951--ak--21
15,cdca04e0bc6ce855,o- n,on,prot-1951--ak--21
16,cdca04e0bc6ce855,e- g,eg,prot-1951--ak--21
17,cdca04e0bc6ce855,s- m,sm,prot-1951--ak--21
18,cdca04e0bc6ce855,e- g,eg,prot-1951--ak--21
19,cdca04e0bc6ce855,k- t,kt,prot-1951--ak--21
20,cdca04e0bc6ce855,s- t,st,prot-1951--ak--21
21,cdca04e0bc6ce855,g- g,gg,prot-1951--ak--21
22,cdca04e0bc6ce855,n- n,nn,prot-1951--ak--21
23,cdca04e0bc6ce855,s- t,st,prot-1951--ak--21
24,cdca04e0bc6ce855,o- s,os,prot-1951--ak--21
25,cdca04e0bc6ce855,t- g,tg,prot-1951--ak--21
26,cdca04e0bc6ce855,v- l,vl,prot-1951--ak--21
27,cdca04e0bc6ce855,e- g,eg,prot-1951--ak--21
28,cdca04e0bc6ce855,r- n,rn,prot-1951--ak--21
29,cdca04e0bc6ce855,e- b,eb,prot-1951--ak--21
30,cdca04e0bc6ce855,l- m,lm,prot-1951--ak--21
31,cdca04e0bc6ce855,r- n,rn,prot-1951--ak--21
32,cdca04e0bc6ce855,i- n,in,prot-1951--ak--21
33,cdca04e0bc6ce855,d- t,dt,prot-1951--ak--21
34,cdca04e0bc6ce855,t- n,tn,prot-1951--ak--21
35,cdca04e0bc6ce855,l- i,li,prot-1951--ak--21
0,7b16a01c980ae2ac,"n
s",n s,prot-1951--ak--21
1,cdca04e0bc6ce855,s- t,st,prot-1951--ak--21
2,cdca04e0bc6ce855,l- s,ls,prot-1951--ak--21
3,cdca04e0bc6ce855,n- g,ng,prot-1951--ak--21
4,cdca04e0bc6ce855,i- n,in,prot-1951--ak--21
5,cdca04e0bc6ce855,e- d,ed,prot-1951--ak--21
6,cdca04e0bc6ce855,i- r,ir,prot-1951--ak--21
7,cdca04e0bc6ce855,i- t,it,prot-1951--ak--21
8,cdca04e0bc6ce855,r- s,rs,prot-1951--ak--21
9,cdca04e0bc6ce855,s- t,st,prot-1951--ak--21
10,cdca04e0bc6ce855,s- m,sm,prot-1951--ak--21
11,cdca04e0bc6ce855,s- n,sn,prot-1951--ak--21
12,cdca04e0bc6ce855,ö- k,ök,prot-1951--ak--21
13,cdca04e0bc6ce855,n- m,nm,prot-1951--ak--21
14,cdca04e0bc6ce855,å- g,åg,prot-1951--ak--21
15,cdca04e0bc6ce855,i- t,it,prot-1951--ak--21
16,cdca04e0bc6ce855,e- g,eg,prot-1951--ak--21
17,cdca04e0bc6ce855,s- v,sv,prot-1951--ak--21
18,cdca04e0bc6ce855,c- k,ck,prot-1951--ak--21
19,cdca04e0bc6ce855,s- m,sm,prot-1951--ak--21
20,cdca04e0bc6ce855,l- l,ll,prot-1951--ak--21
21,cdca04e0bc6ce855,n- t,nt,prot-1951--ak--21
22,cdca04e0bc6ce855,d- p,dp,prot-1951--ak--21
23,cdca04e0bc6ce855,n- f,nf,prot-1951--ak--21
24,cdca04e0bc6ce855,l- l,ll,prot-1951--ak--21
25,cdca04e0bc6ce855,c- k,ck,prot-1951--ak--21
26,cdca04e0bc6ce855,r- s,rs,prot-1951--ak--21
0,cdca04e0bc6ce855,k- f,kf,prot-1951--ak--21
1,cdca04e0bc6ce855,n- f,nf,prot-1951--ak--21
2,cdca04e0bc6ce855,s- t,st,prot-1951--ak--21
3,cdca04e0bc6ce855,j- b,jb,prot-1951--ak--21
4,cdca04e0bc6ce855,m- n,mn,prot-1951--ak--21
5,cdca04e0bc6ce855,å- g,åg,prot-1951--ak--21
6,cdca04e0bc6ce855,k- f,kf,prot-1951--ak--21
7,cdca04e0bc6ce855,n- d,nd,prot-1951--ak--21
8,cdca04e0bc6ce855,l- f,lf,prot-1951--ak--21
9,cdca04e0bc6ce855,n- d,nd,prot-1951--ak--21
10,cdca04e0bc6ce855,l- g,lg,prot-1951--ak--21
11,cdca04e0bc6ce855,l- l,ll,prot-1951--ak--21
12,cdca04e0bc6ce855,a- g,ag,prot-1951--ak--21
13,cdca04e0bc6ce855,s- s,ss,prot-1951--ak--21
14,cdca04e0bc6ce855,e- t,et,prot-1951--ak--21
15,cdca04e0bc6ce855,i- g,ig,prot-1951--ak--21
16,cdca04e0bc6ce855,a- d,ad,prot-1951--ak--21
17,cdca04e0bc6ce855,r- r,rr,prot-1951--ak--21
18,cdca04e0bc6ce855,e- s,es,prot-1951--ak--21
19,cdca04e0bc6ce855,r- r,rr,prot-1951--ak--21
20,cdca04e0bc6ce855,t- n,tn,prot-1951--ak--21
21,cdca04e0bc6ce855,e- p,ep,prot-1951--ak--21
22,cdca04e0bc6ce855,e- b,eb,prot-1951--ak--21
23,cdca04e0bc6ce855,l- l,ll,prot-1951--ak--21
24,cdca04e0bc6ce855,r- f,rf,prot-1951--ak--21
25,cdca04e0bc6ce855,s- d,sd,prot-1951--ak--21
26,cdca04e0bc6ce855,r- s,rs,prot-1951--ak--21
27,cdca04e0bc6ce855,r- f,rf,prot-1951--ak--21
28,cdca04e0bc6ce855,å- g,åg,prot-1951--ak--21
29,cdca04e0bc6ce855,e- m,em,prot-1951--ak--21
30,cdca04e0bc6ce855,s- d,sd,prot-1951--ak--21
31,cdca04e0bc6ce855,m- m,mm,prot-1951--ak--21
0,7b16a01c980ae2ac,"e
f",e f,prot-1951--ak--21
1,cdca04e0bc6ce855,e- r,er,prot-1951--ak--21
2,cdca04e0bc6ce855,t- t,tt,prot-1951--ak--21
3,cdca04e0bc6ce855,n- n,nn,prot-1951--ak--21
4,cdca04e0bc6ce855,a- r,ar,prot-1951--ak--21
5,cdca04e0bc6ce855,s- m,sm,prot-1951--ak--21
6,cdca04e0bc6ce855,d- s,ds,prot-1951--ak--21
7,cdca04e0bc6ce855,k- t,kt,prot-1951--ak--21
8,cdca04e0bc6ce855,s- f,sf,prot-1951--ak--21
9,cdca04e0bc6ce855,e- h,eh,prot-1951--ak--21
10,cdca04e0bc6ce855,t- t,tt,prot-1951--ak--21
11,cdca04e0bc6ce855,a- l,al,prot-1951--ak--21
12,cdca04e0bc6ce855,a- n,an,prot-1951--ak--21
13,cdca04e0bc6ce855,i- g,ig,prot-1951--ak--21
14,cdca04e0bc6ce855,r- s,rs,prot-1951--ak--21
15,cdca04e0bc6ce855,å- g,åg,prot-1951--ak--21
16,cdca04e0bc6ce855,r- s,rs,prot-1951--ak--21
17,cdca04e0bc6ce855,n- d,nd,prot-1951--ak--21
18,cdca04e0bc6ce855,e- r,er,prot-1951--ak--21
19,cdca04e0bc6ce855,s- m,sm,prot-1951--ak--21
20,cdca04e0bc6ce855,r- r,rr,prot-1951--ak--21
21,cdca04e0bc6ce855,s- m,sm,prot-1951--ak--21
22,cdca04e0bc6ce855,s- f,sf,prot-1951--ak--21
23,cdca04e0bc6ce855,i- g,ig,prot-1951--ak--21
24,cdca04e0bc6ce855,e- n,en,prot-1951--ak--21
25,cdca04e0bc6ce855,i- n,in,prot-1951--ak--21
26,cdca04e0bc6ce855,s- e,se,prot-1951--ak--21
27,cdca04e0bc6ce855,t- b,tb,prot-1951--ak--21
28,cdca04e0bc6ce855,l- g,lg,prot-1951--ak--21
29,cdca04e0bc6ce855,r- s,rs,prot-1951--ak--21
30,cdca04e0bc6ce855,å- g,åg,prot-1951--ak--21
31,cdca04e0bc6ce855,s- m,sm,prot-1951--ak--21
32,cdca04e0bc6ce855,p- f,pf,prot-1951--ak--21
33,cdca04e0bc6ce855,t- t,tt,prot-1951--ak--21
34,cdca04e0bc6ce855,t- l,tl,prot-1951--ak--21
35,cdca04e0bc6ce855,n- f,nf,prot-1951--ak--21
36,cdca04e0bc6ce855,e- s,es,prot-1951--ak--21
0,7b16a01c980ae2ac,"l
h",l h,prot-1951--ak--21
1,cdca04e0bc6ce855,n- f,nf,prot-1951--ak--21
2,cdca04e0bc6ce855,d- r,dr,prot-1951--ak--21
3,cdca04e0bc6ce855,s- m,sm,prot-1951--ak--21
4,cdca04e0bc6ce855,n- k,nk,prot-1951--ak--21
5,cdca04e0bc6ce855,n- d,nd,prot-1951--ak--21
6,cdca04e0bc6ce855,r- n,rn,prot-1951--ak--21
7,cdca04e0bc6ce855,a- l,al,prot-1951--ak--21
8,cdca04e0bc6ce855,t- b,tb,prot-1951--ak--21
9,cdca04e0bc6ce855,l- a,la,prot-1951--ak--21
10,cdca04e0bc6ce855,c- k,ck,prot-1951--ak--21
11,cdca04e0bc6ce855,r- s,rs,prot-1951--ak--21
12,cdca04e0bc6ce855,l- d,ld,prot-1951--ak--21
13,cdca04e0bc6ce855,e- f,ef,prot-1951--ak--21
14,cdca04e0bc6ce855,t- b,tb,prot-1951--ak--21
15,cdca04e0bc6ce855,l- m,lm,prot-1951--ak--21
16,cdca04e0bc6ce855,t- t,tt,prot-1951--ak--21
17,cdca04e0bc6ce855,s- u,su,prot-1951--ak--21
18,cdca04e0bc6ce855,a- d,ad,prot-1951--ak--21
19,cdca04e0bc6ce855,a- d,ad,prot-1951--ak--21
20,cdca04e0bc6ce855,a- k,ak,prot-1951--ak--21
0,7b16a01c980ae2ac,"t
o",t o,prot-1951--ak--21
1,cdca04e0bc6ce855,t- t,tt,prot-1951--ak--21
2,cdca04e0bc6ce855,s- v,sv,prot-1951--ak--21
3,cdca04e0bc6ce855,t- r,tr,prot-1951--ak--21
4,cdca04e0bc6ce855,l- k,lk,prot-1951--ak--21
5,cdca04e0bc6ce855,l- f,lf,prot-1951--ak--21
6,cdca04e0bc6ce855,e- k,ek,prot-1951--ak--21
7,cdca04e0bc6ce855,r- s,rs,prot-1951--ak--21
8,cdca04e0bc6ce855,s- d,sd,prot-1951--ak--21
9,cdca04e0bc6ce855,r- s,rs,prot-1951--ak--21
10,cdca04e0bc6ce855,p- g,pg,prot-1951--ak--21
11,cdca04e0bc6ce855,r- l,rl,prot-1951--ak--21
12,cdca04e0bc6ce855,s- t,st,prot-1951--ak--21
13,cdca04e0bc6ce855,s- t,st,prot-1951--ak--21
14,cdca04e0bc6ce855,c- k,ck,prot-1951--ak--21
15,cdca04e0bc6ce855,s- f,sf,prot-1951--ak--21
16,cdca04e0bc6ce855,s- b,sb,prot-1951--ak--21
17,cdca04e0bc6ce855,a- r,ar,prot-1951--ak--21
18,cdca04e0bc6ce855,p- g,pg,prot-1951--ak--21
19,cdca04e0bc6ce855,å- s,ås,prot-1951--ak--21
20,cdca04e0bc6ce855,r- s,rs,prot-1951--ak--21
21,cdca04e0bc6ce855,s- t,st,prot-1951--ak--21
22,cdca04e0bc6ce855,e- b,eb,prot-1951--ak--21
0,cdca04e0bc6ce855,r- t,rt,prot-1951--ak--21
1,cdca04e0bc6ce855,e- m,em,prot-1951--ak--21
2,cdca04e0bc6ce855,r- p,rp,prot-1951--ak--21
3,cdca04e0bc6ce855,e- r,er,prot-1951--ak--21
4,cdca04e0bc6ce855,r- s,rs,prot-1951--ak--21
5,cdca04e0bc6ce855,a- r,ar,prot-1951--ak--21
6,cdca04e0bc6ce855,r- s,rs,prot-1951--ak--21
7,cdca04e0bc6ce855,s- n,sn,prot-1951--ak--21
8,cdca04e0bc6ce855,n- b,nb,prot-1951--ak--21
9,cdca04e0bc6ce855,l- m,lm,prot-1951--ak--21
10,cdca04e0bc6ce855,g- l,gl,prot-1951--ak--21
11,cdca04e0bc6ce855,t- r,tr,prot-1951--ak--21
12,cdca04e0bc6ce855,n- n,nn,prot-1951--ak--21
13,cdca04e0bc6ce855,r- s,rs,prot-1951--ak--21
14,cdca04e0bc6ce855,r- s,rs,prot-1951--ak--21
15,cdca04e0bc6ce855,r- e,re,prot-1951--ak--21
16,cdca04e0bc6ce855,å- f,åf,prot-1951--ak--21
17,cdca04e0bc6ce855,s- m,sm,prot-1951--ak--21
18,cdca04e0bc6ce855,n- n,nn,prot-1951--ak--21
19,cdca04e0bc6ce855,r- s,rs,prot-1951--ak--21
20,cdca04e0bc6ce855,g- s,gs,prot-1951--ak--21
21,cdca04e0bc6ce855,å- v,åv,prot-1951--ak--21
22,cdca04e0bc6ce855,j- l,jl,prot-1951--ak--21
23,cdca04e0bc6ce855,r- p,rp,prot-1951--ak--21
24,cdca04e0bc6ce855,n- f,nf,prot-1951--ak--21
25,cdca04e0bc6ce855,a- t,at,prot-1951--ak--21
26,cdca04e0bc6ce855,a- r,ar,prot-1951--ak--21
27,cdca04e0bc6ce855,r- s,rs,prot-1951--ak--21
28,cdca04e0bc6ce855,e- g,eg,prot-1951--ak--21
0,7b16a01c980ae2ac,"n
t",n t,prot-1951--ak--21
1,7b16a01c980ae2ac,"d
e",d e,prot-1951--ak--21
2,7b16a01c980ae2ac,",
h",", h",prot-1951--ak--21
3,cdca04e0bc6ce855,n- g,ng,prot-1951--ak--21
4,cdca04e0bc6ce855,n- h,nh,prot-1951--ak--21
5,cdca04e0bc6ce855,t- s,ts,prot-1951--ak--21
6,cdca04e0bc6ce855,s- v,sv,prot-1951--ak--21
7,cdca04e0bc6ce855,e- t,et,prot-1951--ak--21
8,cdca04e0bc6ce855,s- v,sv,prot-1951--ak--21
9,cdca04e0bc6ce855,n- d,nd,prot-1951--ak--21
10,cdca04e0bc6ce855,a- r,ar,prot-1951--ak--21
11,cdca04e0bc6ce855,n- g,ng,prot-1951--ak--21
12,cdca04e0bc6ce855,l- h,lh,prot-1951--ak--21
13,cdca04e0bc6ce855,s- m,sm,prot-1951--ak--21
14,cdca04e0bc6ce855,a- t,at,prot-1951--ak--21
15,cdca04e0bc6ce855,s- u,su,prot-1951--ak--21
16,cdca04e0bc6ce855,t- s,ts,prot-1951--ak--21
17,cdca04e0bc6ce855,d- l,dl,prot-1951--ak--21
18,cdca04e0bc6ce855,n- f,nf,prot-1951--ak--21
19,cdca04e0bc6ce855,e- r,er,prot-1951--ak--21
20,cdca04e0bc6ce855,o- p,op,prot-1951--ak--21
21,cdca04e0bc6ce855,i- t,it,prot-1951--ak--21
22,cdca04e0bc6ce855,t- s,ts,prot-1951--ak--21
23,cdca04e0bc6ce855,r- t,rt,prot-1951--ak--21
24,cdca04e0bc6ce855,n- d,nd,prot-1951--ak--21
25,cdca04e0bc6ce855,i- k,ik,prot-1951--ak--21
26,cdca04e0bc6ce855,n- s,ns,prot-1951--ak--21
27,cdca04e0bc6ce855,m- m,mm,prot-1951--ak--21
28,cdca04e0bc6ce855,m- n,mn,prot-1951--ak--21
29,cdca04e0bc6ce855,m- m,mm,prot-1951--ak--21
30,cdca04e0bc6ce855,k- d,kd,prot-1951--ak--21
31,cdca04e0bc6ce855,e- h,eh,prot-1951--ak--21
32,cdca04e0bc6ce855,a- c,ac,prot-1951--ak--21
33,cdca04e0bc6ce855,r- s,rs,prot-1951--ak--21
34,cdca04e0bc6ce855,k- l,kl,prot-1951--ak--21
35,cdca04e0bc6ce855,r- r,rr,prot-1951--ak--21
36,cdca04e0bc6ce855,e- b,eb,prot-1951--ak--21
0,7b16a01c980ae2ac,"a
t",a t,prot-1951--ak--21
1,cdca04e0bc6ce855,g- s,gs,prot-1951--ak--21
2,cdca04e0bc6ce855,e- v,ev,prot-1951--ak--21
3,cdca04e0bc6ce855,e- s,es,prot-1951--ak--21
4,cdca04e0bc6ce855,r- t,rt,prot-1951--ak--21
5,cdca04e0bc6ce855,c- k,ck,prot-1951--ak--21
6,cdca04e0bc6ce855,i- t,it,prot-1951--ak--21
7,cdca04e0bc6ce855,n- g,ng,prot-1951--ak--21
8,cdca04e0bc6ce855,s- t,st,prot-1951--ak--21
9,cdca04e0bc6ce855,s- u,su,prot-1951--ak--21
10,cdca04e0bc6ce855,k- s,ks,prot-1951--ak--21
11,cdca04e0bc6ce855,s- n,sn,prot-1951--ak--21
12,cdca04e0bc6ce855,e- s,es,prot-1951--ak--21
13,cdca04e0bc6ce855,n- f,nf,prot-1951--ak--21
14,cdca04e0bc6ce855,m- b,mb,prot-1951--ak--21
15,cdca04e0bc6ce855,m- b,mb,prot-1951--ak--21
16,cdca04e0bc6ce855,n- h,nh,prot-1951--ak--21
17,cdca04e0bc6ce855,e- r,er,prot-1951--ak--21
18,cdca04e0bc6ce855,n- b,nb,prot-1951--ak--21
19,cdca04e0bc6ce855,a- d,ad,prot-1951--ak--21
20,cdca04e0bc6ce855,e- k,ek,prot-1951--ak--21
21,cdca04e0bc6ce855,l- h,lh,prot-1951--ak--21
22,cdca04e0bc6ce855,i- r,ir,prot-1951--ak--21
23,cdca04e0bc6ce855,a- d,ad,prot-1951--ak--21
24,cdca04e0bc6ce855,a- t,at,prot-1951--ak--21
25,cdca04e0bc6ce855,u- p,up,prot-1951--ak--21
26,cdca04e0bc6ce855,k- t,kt,prot-1951--ak--21
27,cdca04e0bc6ce855,e- g,eg,prot-1951--ak--21
28,cdca04e0bc6ce855,o- k,ok,prot-1951--ak--21
29,cdca04e0bc6ce855,o- n,on,prot-1951--ak--21
30,cdca04e0bc6ce855,e- r,er,prot-1951--ak--21
0,7b16a01c980ae2ac,"r
a",r a,prot-1951--ak--21
1,cdca04e0bc6ce855,t- b,tb,prot-1951--ak--21
2,cdca04e0bc6ce855,i- s,is,prot-1951--ak--21
3,cdca04e0bc6ce855,a- v,av,prot-1951--ak--21
4,cdca04e0bc6ce855,r- k,rk,prot-1951--ak--21
5,cdca04e0bc6ce855,t- e,te,prot-1951--ak--21
6,cdca04e0bc6ce855,n- n,nn,prot-1951--ak--21
7,cdca04e0bc6ce855,p- l,pl,prot-1951--ak--21
8,cdca04e0bc6ce855,å- d,åd,prot-1951--ak--21
9,cdca04e0bc6ce855,t- b,tb,prot-1951--ak--21
10,cdca04e0bc6ce855,i- t,it,prot-1951--ak--21
11,cdca04e0bc6ce855,t- s,ts,prot-1951--ak--21
12,cdca04e0bc6ce855,n- h,nh,prot-1951--ak--21
13,cdca04e0bc6ce855,n- t,nt,prot-1951--ak--21
14,cdca04e0bc6ce855,n- n,nn,prot-1951--ak--21
15,cdca04e0bc6ce855,l- m,lm,prot-1951--ak--21
16,cdca04e0bc6ce855,m- m,mm,prot-1951--ak--21
17,cdca04e0bc6ce855,s- m,sm,prot-1951--ak--21
18,cdca04e0bc6ce855,r- l,rl,prot-1951--ak--21
19,cdca04e0bc6ce855,a- d,ad,prot-1951--ak--21
20,cdca04e0bc6ce855,r- n,rn,prot-1951--ak--21
21,cdca04e0bc6ce855,r- s,rs,prot-1951--ak--21
22,cdca04e0bc6ce855,k- l,kl,prot-1951--ak--21
23,cdca04e0bc6ce855,e- d,ed,prot-1951--ak--21
24,cdca04e0bc6ce855,e- s,es,prot-1951--ak--21
25,cdca04e0bc6ce855,n- a,na,prot-1951--ak--21
26,cdca04e0bc6ce855,d- v,dv,prot-1951--ak--21
27,cdca04e0bc6ce855,s- m,sm,prot-1951--ak--21
28,cdca04e0bc6ce855,o- n,on,prot-1951--ak--21
29,cdca04e0bc6ce855,s- t,st,prot-1951--ak--21
30,cdca04e0bc6ce855,r- t,rt,prot-1951--ak--21
31,cdca04e0bc6ce855,s- l,sl,prot-1951--ak--21
0,7b16a01c980ae2ac,"t
v",t v,prot-1951--ak--21
1,7b16a01c980ae2ac,"n
i",n i,prot-1951--ak--21
2,cdca04e0bc6ce855,s- k,sk,prot-1951--ak--21
3,cdca04e0bc6ce855,d- r,dr,prot-1951--ak--21
4,cdca04e0bc6ce855,j- l,jl,prot-1951--ak--21
5,cdca04e0bc6ce855,r- s,rs,prot-1951--ak--21
6,cdca04e0bc6ce855,u- v,uv,prot-1951--ak--21
7,cdca04e0bc6ce855,r- s,rs,prot-1951--ak--21
8,cdca04e0bc6ce855,n- d,nd,prot-1951--ak--21
9,cdca04e0bc6ce855,e- t,et,prot-1951--ak--21
10,cdca04e0bc6ce855,a- t,at,prot-1951--ak--21
11,cdca04e0bc6ce855,i- d,id,prot-1951--ak--21
12,cdca04e0bc6ce855,n- n,nn,prot-1951--ak--21
13,cdca04e0bc6ce855,s- m,sm,prot-1951--ak--21
14,cdca04e0bc6ce855,r- k,rk,prot-1951--ak--21
15,cdca04e0bc6ce855,i- t,it,prot-1951--ak--21
16,cdca04e0bc6ce855,n- k,nk,prot-1951--ak--21
17,cdca04e0bc6ce855,r- s,rs,prot-1951--ak--21
18,cdca04e0bc6ce855,n- n,nn,prot-1951--ak--21
19,cdca04e0bc6ce855,o- n,on,prot-1951--ak--21
20,cdca04e0bc6ce855,ö- v,öv,prot-1951--ak--21
21,cdca04e0bc6ce855,c- k,ck,prot-1951--ak--21
22,cdca04e0bc6ce855,o- t,ot,prot-1951--ak--21
23,cdca04e0bc6ce855,r- g,rg,prot-1951--ak--21
24,cdca04e0bc6ce855,n- n,nn,prot-1951--ak--21
25,cdca04e0bc6ce855,r- g,rg,prot-1951--ak--21
26,cdca04e0bc6ce855,k- t,kt,prot-1951--ak--21
27,cdca04e0bc6ce855,r- i,ri,prot-1951--ak--21
28,cdca04e0bc6ce855,t- n,tn,prot-1951--ak--21
29,cdca04e0bc6ce855,r- s,rs,prot-1951--ak--21
0,cdca04e0bc6ce855,l- l,ll,prot-1951--ak--21
1,cdca04e0bc6ce855,å- d,åd,prot-1951--ak--21
2,cdca04e0bc6ce855,r- s,rs,prot-1951--ak--21
3,cdca04e0bc6ce855,s- t,st,prot-1951--ak--21
4,cdca04e0bc6ce855,l- k,lk,prot-1951--ak--21
5,cdca04e0bc6ce855,d- r,dr,prot-1951--ak--21
6,cdca04e0bc6ce855,s- t,st,prot-1951--ak--21
7,cdca04e0bc6ce855,p- r,pr,prot-1951--ak--21
8,cdca04e0bc6ce855,r- m,rm,prot-1951--ak--21
9,cdca04e0bc6ce855,l- d,ld,prot-1951--ak--21
10,cdca04e0bc6ce855,s- b,sb,prot-1951--ak--21
11,cdca04e0bc6ce855,s- t,st,prot-1951--ak--21
12,cdca04e0bc6ce855,k- n,kn,prot-1951--ak--21
13,cdca04e0bc6ce855,a- d,ad,prot-1951--ak--21
14,cdca04e0bc6ce855,c- k,ck,prot-1951--ak--21
15,cdca04e0bc6ce855,n- s,ns,prot-1951--ak--21
16,cdca04e0bc6ce855,t- g,tg,prot-1951--ak--21
17,cdca04e0bc6ce855,d- s,ds,prot-1951--ak--21
18,cdca04e0bc6ce855,o- v,ov,prot-1951--ak--21
19,cdca04e0bc6ce855,i- t,it,prot-1951--ak--21
20,cdca04e0bc6ce855,o- å,oå,prot-1951--ak--21
21,cdca04e0bc6ce855,i- g,ig,prot-1951--ak--21
22,cdca04e0bc6ce855,t- n,tn,prot-1951--ak--21
23,cdca04e0bc6ce855,r- d,rd,prot-1951--ak--21
24,cdca04e0bc6ce855,m- m,mm,prot-1951--ak--21
25,cdca04e0bc6ce855,s- t,st,prot-1951--ak--21
26,cdca04e0bc6ce855,f- t,ft,prot-1951--ak--21
27,cdca04e0bc6ce855,ä- r,är,prot-1951--ak--21
28,cdca04e0bc6ce855,e- r,er,prot-1951--ak--21
29,cdca04e0bc6ce855,g- r,gr,prot-1951--ak--21
30,cdca04e0bc6ce855,r- g,rg,prot-1951--ak--21
31,cdca04e0bc6ce855,t- t,tt,prot-1951--ak--21
32,cdca04e0bc6ce855,o- v,ov,prot-1951--ak--21
33,cdca04e0bc6ce855,m- l,ml,prot-1951--ak--21
34,cdca04e0bc6ce855,n- s,ns,prot-1951--ak--21
35,cdca04e0bc6ce855,e- r,er,prot-1951--ak--21
36,cdca04e0bc6ce855,i- g,ig,prot-1951--ak--21
37,cdca04e0bc6ce855,ä- v,äv,prot-1951--ak--21
38,cdca04e0bc6ce855,n- f,nf,prot-1951--ak--21
39,cdca04e0bc6ce855,o- m,om,prot-1951--ak--21
40,cdca04e0bc6ce855,l- t,lt,prot-1951--ak--21
41,cdca04e0bc6ce855,o- m,om,prot-1951--ak--21
42,cdca04e0bc6ce855,k- t,kt,prot-1951--ak--21
43,cdca04e0bc6ce855,k- t,kt,prot-1951--ak--21
0,7b16a01c980ae2ac,"å
u",å u,prot-1951--ak--21
1,cdca04e0bc6ce855,n- s,ns,prot-1951--ak--21
2,cdca04e0bc6ce855,r- p,rp,prot-1951--ak--21
3,cdca04e0bc6ce855,i- s,is,prot-1951--ak--21
4,cdca04e0bc6ce855,e- h,eh,prot-1951--ak--21
5,cdca04e0bc6ce855,n- d,nd,prot-1951--ak--21
6,cdca04e0bc6ce855,l- o,lo,prot-1951--ak--21
7,cdca04e0bc6ce855,n- n,nn,prot-1951--ak--21
8,cdca04e0bc6ce855,l- j,lj,prot-1951--ak--21
9,cdca04e0bc6ce855,e- s,es,prot-1951--ak--21
10,cdca04e0bc6ce855,a- r,ar,prot-1951--ak--21
11,cdca04e0bc6ce855,å- d,åd,prot-1951--ak--21
12,cdca04e0bc6ce855,r- s,rs,prot-1951--ak--21
13,cdca04e0bc6ce855,v- n,vn,prot-1951--ak--21
14,cdca04e0bc6ce855,n- d,nd,prot-1951--ak--21
15,cdca04e0bc6ce855,s- u,su,prot-1951--ak--21
16,cdca04e0bc6ce855,t- s,ts,prot-1951--ak--21
17,cdca04e0bc6ce855,m- s,ms,prot-1951--ak--21
18,cdca04e0bc6ce855,o- t,ot,prot-1951--ak--21
19,cdca04e0bc6ce855,t- t,tt,prot-1951--ak--21
20,cdca04e0bc6ce855,s- u,su,prot-1951--ak--21
21,cdca04e0bc6ce855,e- s,es,prot-1951--ak--21
22,cdca04e0bc6ce855,r- s,rs,prot-1951--ak--21
23,cdca04e0bc6ce855,l- l,ll,prot-1951--ak--21
24,cdca04e0bc6ce855,s- u,su,prot-1951--ak--21
25,cdca04e0bc6ce855,å- g,åg,prot-1951--ak--21
26,cdca04e0bc6ce855,l- d,ld,prot-1951--ak--21
27,cdca04e0bc6ce855,n- s,ns,prot-1951--ak--21
28,cdca04e0bc6ce855,e- m,em,prot-1951--ak--21
29,cdca04e0bc6ce855,o- n,on,prot-1951--ak--21
30,cdca04e0bc6ce855,s- v,sv,prot-1951--ak--21
31,cdca04e0bc6ce855,r- l,rl,prot-1951--ak--21
0,7b16a01c980ae2ac,",
o",", o",prot-1951--ak--21
1,cdca04e0bc6ce855,n- s,ns,prot-1951--ak--21
2,cdca04e0bc6ce855,m- r,mr,prot-1951--ak--21
3,cdca04e0bc6ce855,t- s,ts,prot-1951--ak--21
4,cdca04e0bc6ce855,r- k,rk,prot-1951--ak--21
5,cdca04e0bc6ce855,r- s,rs,prot-1951--ak--21
6,cdca04e0bc6ce855,e- t,et,prot-1951--ak--21
7,cdca04e0bc6ce855,e- h,eh,prot-1951--ak--21
8,cdca04e0bc6ce855,p- p,pp,prot-1951--ak--21
9,cdca04e0bc6ce855,n- s,ns,prot-1951--ak--21
10,cdca04e0bc6ce855,n- n,nn,prot-1951--ak--21
11,cdca04e0bc6ce855,t- g,tg,prot-1951--ak--21
12,cdca04e0bc6ce855,l- l,ll,prot-1951--ak--21
13,cdca04e0bc6ce855,t- g,tg,prot-1951--ak--21
14,cdca04e0bc6ce855,t- v,tv,prot-1951--ak--21
15,cdca04e0bc6ce855,l- l,ll,prot-1951--ak--21
16,cdca04e0bc6ce855,r- l,rl,prot-1951--ak--21
17,cdca04e0bc6ce855,n- d,nd,prot-1951--ak--21
18,cdca04e0bc6ce855,n- t,nt,prot-1951--ak--21
19,cdca04e0bc6ce855,g- h,gh,prot-1951--ak--21
20,cdca04e0bc6ce855,e- l,el,prot-1951--ak--21
21,cdca04e0bc6ce855,a- r,ar,prot-1951--ak--21
22,cdca04e0bc6ce855,d- n,dn,prot-1951--ak--21
23,cdca04e0bc6ce855,n- s,ns,prot-1951--ak--21
24,cdca04e0bc6ce855,g- m,gm,prot-1951--ak--21
25,cdca04e0bc6ce855,e- m,em,prot-1951--ak--21
26,cdca04e0bc6ce855,i- g,ig,prot-1951--ak--21
27,cdca04e0bc6ce855,o- n,on,prot-1951--ak--21
28,cdca04e0bc6ce855,j- d,jd,prot-1951--ak--21
29,cdca04e0bc6ce855,d- r,dr,prot-1951--ak--21
30,cdca04e0bc6ce855,o- n,on,prot-1951--ak--21
31,cdca04e0bc6ce855,i- g,ig,prot-1951--ak--21
32,cdca04e0bc6ce855,o- n,on,prot-1951--ak--21
33,cdca04e0bc6ce855,r- s,rs,prot-1951--ak--21
34,cdca04e0bc6ce855,e- r,er,prot-1951--ak--21
35,cdca04e0bc6ce855,e- s,es,prot-1951--ak--21
36,cdca04e0bc6ce855,o- n,on,prot-1951--ak--21
37,cdca04e0bc6ce855,e- s,es,prot-1951--ak--21
0,7b16a01c980ae2ac,"å
n",å n,prot-1951--ak--21
1,cdca04e0bc6ce855,a- t,at,prot-1951--ak--21
2,cdca04e0bc6ce855,l- v,lv,prot-1951--ak--21
3,cdca04e0bc6ce855,m- a,ma,prot-1951--ak--21
4,cdca04e0bc6ce855,l- f,lf,prot-1951--ak--21
5,cdca04e0bc6ce855,c- k,ck,prot-1951--ak--21
6,cdca04e0bc6ce855,d- v,dv,prot-1951--ak--21
7,cdca04e0bc6ce855,n- t,nt,prot-1951--ak--21
8,cdca04e0bc6ce855,l- n,ln,prot-1951--ak--21
9,cdca04e0bc6ce855,l- t,lt,prot-1951--ak--21
10,cdca04e0bc6ce855,e- l,el,prot-1951--ak--21
11,cdca04e0bc6ce855,k- n,kn,prot-1951--ak--21
12,cdca04e0bc6ce855,ö- d,öd,prot-1951--ak--21
13,cdca04e0bc6ce855,t- s,ts,prot-1951--ak--21
14,cdca04e0bc6ce855,o- n,on,prot-1951--ak--21
15,cdca04e0bc6ce855,r- s,rs,prot-1951--ak--21
16,cdca04e0bc6ce855,m- m,mm,prot-1951--ak--21
17,cdca04e0bc6ce855,u- t,ut,prot-1951--ak--21
18,cdca04e0bc6ce855,e- d,ed,prot-1951--ak--21
19,cdca04e0bc6ce855,s- u,su,prot-1951--ak--21
20,cdca04e0bc6ce855,t- s,ts,prot-1951--ak--21
21,cdca04e0bc6ce855,k- t,kt,prot-1951--ak--21
22,cdca04e0bc6ce855,g- b,gb,prot-1951--ak--21
23,cdca04e0bc6ce855,r- k,rk,prot-1951--ak--21
24,cdca04e0bc6ce855,k- t,kt,prot-1951--ak--21
25,cdca04e0bc6ce855,p- d,pd,prot-1951--ak--21
26,cdca04e0bc6ce855,n- t,nt,prot-1951--ak--21
27,cdca04e0bc6ce855,d- p,dp,prot-1951--ak--21
28,cdca04e0bc6ce855,o- k,ok,prot-1951--ak--21
29,cdca04e0bc6ce855,e- m,em,prot-1951--ak--21
30,cdca04e0bc6ce855,r- s,rs,prot-1951--ak--21
31,cdca04e0bc6ce855,o- n,on,prot-1951--ak--21
32,cdca04e0bc6ce855,t- t,tt,prot-1951--ak--21
33,cdca04e0bc6ce855,r- s,rs,prot-1951--ak--21
34,cdca04e0bc6ce855,l- l,ll,prot-1951--ak--21
0,7b16a01c980ae2ac,"r
i",r i,prot-1951--ak--21
1,7b16a01c980ae2ac,"l
f",l f,prot-1951--ak--21
2,7b16a01c980ae2ac,"a
s",a s,prot-1951--ak--21
3,cdca04e0bc6ce855,e- n,en,prot-1951--ak--21
4,cdca04e0bc6ce855,r- s,rs,prot-1951--ak--21
5,cdca04e0bc6ce855,r- m,rm,prot-1951--ak--21
6,cdca04e0bc6ce855,k- t,kt,prot-1951--ak--21
7,cdca04e0bc6ce855,s- m,sm,prot-1951--ak--21
8,cdca04e0bc6ce855,l- n,ln,prot-1951--ak--21
9,cdca04e0bc6ce855,d- r,dr,prot-1951--ak--21
10,cdca04e0bc6ce855,v- r,vr,prot-1951--ak--21
11,cdca04e0bc6ce855,a- n,an,prot-1951--ak--21
12,cdca04e0bc6ce855,l- f,lf,prot-1951--ak--21
13,cdca04e0bc6ce855,s- m,sm,prot-1951--ak--21
14,cdca04e0bc6ce855,j- d,jd,prot-1951--ak--21
15,cdca04e0bc6ce855,n- s,ns,prot-1951--ak--21
16,cdca04e0bc6ce855,n- h,nh,prot-1951--ak--21
17,cdca04e0bc6ce855,m- h,mh,prot-1951--ak--21
18,cdca04e0bc6ce855,n- d,nd,prot-1951--ak--21
19,cdca04e0bc6ce855,n- s,ns,prot-1951--ak--21
20,cdca04e0bc6ce855,r- e,re,prot-1951--ak--21
21,cdca04e0bc6ce855,l- l,ll,prot-1951--ak--21
22,cdca04e0bc6ce855,a- p,ap,prot-1951--ak--21
23,cdca04e0bc6ce855,n- s,ns,prot-1951--ak--21
24,cdca04e0bc6ce855,s- p,sp,prot-1951--ak--21
25,cdca04e0bc6ce855,n- d,nd,prot-1951--ak--21
26,cdca04e0bc6ce855,n- s,ns,prot-1951--ak--21
27,cdca04e0bc6ce855,e- f,ef,prot-1951--ak--21
28,cdca04e0bc6ce855,e- e,ee,prot-1951--ak--21
29,cdca04e0bc6ce855,l- k,lk,prot-1951--ak--21
30,cdca04e0bc6ce855,o- l,ol,prot-1951--ak--21
31,cdca04e0bc6ce855,r- s,rs,prot-1951--ak--21
32,cdca04e0bc6ce855,k- g,kg,prot-1951--ak--21
33,cdca04e0bc6ce855,d- n,dn,prot-1951--ak--21
34,cdca04e0bc6ce855,r- s,rs,prot-1951--ak--21
35,cdca04e0bc6ce855,m- o,mo,prot-1951--ak--21
36,cdca04e0bc6ce855,s- t,st,prot-1951--ak--21
0,cdca04e0bc6ce855,o- s,os,prot-1951--ak--21
1,cdca04e0bc6ce855,n- n,nn,prot-1951--ak--21
2,cdca04e0bc6ce855,l- n,ln,prot-1951--ak--21
3,cdca04e0bc6ce855,l- k,lk,prot-1951--ak--21
4,cdca04e0bc6ce855,y- a,ya,prot-1951--ak--21
5,cdca04e0bc6ce855,å- d,åd,prot-1951--ak--21
6,cdca04e0bc6ce855,e- r,er,prot-1951--ak--21
7,cdca04e0bc6ce855,s- t,st,prot-1951--ak--21
8,cdca04e0bc6ce855,r- s,rs,prot-1951--ak--21
9,cdca04e0bc6ce855,s- t,st,prot-1951--ak--21
10,cdca04e0bc6ce855,r- d,rd,prot-1951--ak--21
11,cdca04e0bc6ce855,k- l,kl,prot-1951--ak--21
12,cdca04e0bc6ce855,a- r,ar,prot-1951--ak--21
13,cdca04e0bc6ce855,e- k,ek,prot-1951--ak--21
14,cdca04e0bc6ce855,s- m,sm,prot-1951--ak--21
15,cdca04e0bc6ce855,t- t,tt,prot-1951--ak--21
16,cdca04e0bc6ce855,g- g,gg,prot-1951--ak--21
17,cdca04e0bc6ce855,n- n,nn,prot-1951--ak--21
18,cdca04e0bc6ce855,k- l,kl,prot-1951--ak--21
19,cdca04e0bc6ce855,e- f,ef,prot-1951--ak--21
20,cdca04e0bc6ce855,n- c,nc,prot-1951--ak--21
21,cdca04e0bc6ce855,g- s,gs,prot-1951--ak--21
22,cdca04e0bc6ce855,s- a,sa,prot-1951--ak--21
23,cdca04e0bc6ce855,n- s,ns,prot-1951--ak--21
24,cdca04e0bc6ce855,d- r,dr,prot-1951--ak--21
25,cdca04e0bc6ce855,t- t,tt,prot-1951--ak--21
26,cdca04e0bc6ce855,n- t,nt,prot-1951--ak--21
27,cdca04e0bc6ce855,e- r,er,prot-1951--ak--21
28,cdca04e0bc6ce855,r- h,rh,prot-1951--ak--21
29,cdca04e0bc6ce855,d- f,df,prot-1951--ak--21
30,cdca04e0bc6ce855,r- s,rs,prot-1951--ak--21
31,cdca04e0bc6ce855,k- n,kn,prot-1951--ak--21
32,cdca04e0bc6ce855,r- n,rn,prot-1951--ak--21
0,7b16a01c980ae2ac,"t
f",t f,prot-1951--ak--21
1,cdca04e0bc6ce855,t- f,tf,prot-1951--ak--21
2,cdca04e0bc6ce855,k- s,ks,prot-1951--ak--21
3,cdca04e0bc6ce855,t- s,ts,prot-1951--ak--21
4,cdca04e0bc6ce855,ö- r,ör,prot-1951--ak--21
5,cdca04e0bc6ce855,i- t,it,prot-1951--ak--21
6,cdca04e0bc6ce855,t- i,ti,prot-1951--ak--21
7,cdca04e0bc6ce855,r- j,rj,prot-1951--ak--21
8,cdca04e0bc6ce855,ä- g,äg,prot-1951--ak--21
9,cdca04e0bc6ce855,e- s,es,prot-1951--ak--21
10,cdca04e0bc6ce855,l- l,ll,prot-1951--ak--21
11,cdca04e0bc6ce855,m- m,mm,prot-1951--ak--21
12,cdca04e0bc6ce855,f- n,fn,prot-1951--ak--21
13,cdca04e0bc6ce855,s- a,sa,prot-1951--ak--21
14,cdca04e0bc6ce855,p- l,pl,prot-1951--ak--21
15,cdca04e0bc6ce855,r- v,rv,prot-1951--ak--21
16,cdca04e0bc6ce855,r- s,rs,prot-1951--ak--21
17,cdca04e0bc6ce855,p- n,pn,prot-1951--ak--21
18,cdca04e0bc6ce855,l- l,ll,prot-1951--ak--21
19,cdca04e0bc6ce855,n- b,nb,prot-1951--ak--21
20,cdca04e0bc6ce855,e- r,er,prot-1951--ak--21
21,cdca04e0bc6ce855,o- d,od,prot-1951--ak--21
22,cdca04e0bc6ce855,p- g,pg,prot-1951--ak--21
23,cdca04e0bc6ce855,n- d,nd,prot-1951--ak--21
24,cdca04e0bc6ce855,t- n,tn,prot-1951--ak--21
25,cdca04e0bc6ce855,k- t,kt,prot-1951--ak--21
26,cdca04e0bc6ce855,l- v,lv,prot-1951--ak--21
27,cdca04e0bc6ce855,p- s,ps,prot-1951--ak--21
28,cdca04e0bc6ce855,a- r,ar,prot-1951--ak--21
29,cdca04e0bc6ce855,n- n,nn,prot-1951--ak--21
30,cdca04e0bc6ce855,a- t,at,prot-1951--ak--21
31,cdca04e0bc6ce855,f- n,fn,prot-1951--ak--21
32,cdca04e0bc6ce855,l- m,lm,prot-1951--ak--21
33,cdca04e0bc6ce855,v- d,vd,prot-1951--ak--21
34,cdca04e0bc6ce855,n- k,nk,prot-1951--ak--21
35,cdca04e0bc6ce855,r- s,rs,prot-1951--ak--21
0,7b16a01c980ae2ac,"r
a",r a,prot-1951--ak--21
1,7b16a01c980ae2ac,"t
o",t o,prot-1951--ak--21
2,7b16a01c980ae2ac,"t
ä",t ä,prot-1951--ak--21
3,cdca04e0bc6ce855,k- t,kt,prot-1951--ak--21
4,cdca04e0bc6ce855,e- h,eh,prot-1951--ak--21
5,cdca04e0bc6ce855,r- t,rt,prot-1951--ak--21
6,cdca04e0bc6ce855,m- m,mm,prot-1951--ak--21
7,cdca04e0bc6ce855,ä- k,äk,prot-1951--ak--21
8,cdca04e0bc6ce855,g- h,gh,prot-1951--ak--21
9,cdca04e0bc6ce855,l- l,ll,prot-1951--ak--21
10,cdca04e0bc6ce855,e- r,er,prot-1951--ak--21
11,cdca04e0bc6ce855,j- l,jl,prot-1951--ak--21
12,cdca04e0bc6ce855,e- d,ed,prot-1951--ak--21
13,cdca04e0bc6ce855,o- g,og,prot-1951--ak--21
14,cdca04e0bc6ce855,r- s,rs,prot-1951--ak--21
15,cdca04e0bc6ce855,f- f,ff,prot-1951--ak--21
16,cdca04e0bc6ce855,i- t,it,prot-1951--ak--21
17,cdca04e0bc6ce855,n- s,ns,prot-1951--ak--21
18,cdca04e0bc6ce855,n- p,np,prot-1951--ak--21
19,cdca04e0bc6ce855,l- m,lm,prot-1951--ak--21
20,cdca04e0bc6ce855,s- t,st,prot-1951--ak--21
21,cdca04e0bc6ce855,i- s,is,prot-1951--ak--21
22,cdca04e0bc6ce855,t- s,ts,prot-1951--ak--21
23,cdca04e0bc6ce855,n- d,nd,prot-1951--ak--21
24,cdca04e0bc6ce855,o- c,oc,prot-1951--ak--21
25,cdca04e0bc6ce855,a- t,at,prot-1951--ak--21
26,cdca04e0bc6ce855,i- v,iv,prot-1951--ak--21
27,cdca04e0bc6ce855,s- m,sm,prot-1951--ak--21
28,cdca04e0bc6ce855,i- t,it,prot-1951--ak--21
29,cdca04e0bc6ce855,t- s,ts,prot-1951--ak--21
30,cdca04e0bc6ce855,r- s,rs,prot-1951--ak--21
31,cdca04e0bc6ce855,r- s,rs,prot-1951--ak--21
32,cdca04e0bc6ce855,t- j,tj,prot-1951--ak--21
33,cdca04e0bc6ce855,k- l,kl,prot-1951--ak--21
34,cdca04e0bc6ce855,s- s,ss,prot-1951--ak--21
35,cdca04e0bc6ce855,t- s,ts,prot-1951--ak--21
36,cdca04e0bc6ce855,d- v,dv,prot-1951--ak--21
37,cdca04e0bc6ce855,o- n,on,prot-1951--ak--21
38,cdca04e0bc6ce855,d- v,dv,prot-1951--ak--21
39,cdca04e0bc6ce855,a- j,aj,prot-1951--ak--21
40,cdca04e0bc6ce855,n- n,nn,prot-1951--ak--21
0,7b16a01c980ae2ac,"r
d",r d,prot-1951--ak--21
1,cdca04e0bc6ce855,g- e,ge,prot-1951--ak--21
2,cdca04e0bc6ce855,i- g,ig,prot-1951--ak--21
3,cdca04e0bc6ce855,s- t,st,prot-1951--ak--21
4,cdca04e0bc6ce855,r- m,rm,prot-1951--ak--21
5,cdca04e0bc6ce855,y- g,yg,prot-1951--ak--21
6,cdca04e0bc6ce855,l- m,lm,prot-1951--ak--21
7,cdca04e0bc6ce855,l- d,ld,prot-1951--ak--21
8,cdca04e0bc6ce855,m- m,mm,prot-1951--ak--21
9,cdca04e0bc6ce855,n- s,ns,prot-1951--ak--21
10,cdca04e0bc6ce855,r- m,rm,prot-1951--ak--21
11,cdca04e0bc6ce855,r- s,rs,prot-1951--ak--21
12,cdca04e0bc6ce855,m- m,mm,prot-1951--ak--21
13,cdca04e0bc6ce855,m- m,mm,prot-1951--ak--21
14,cdca04e0bc6ce855,t- z,tz,prot-1951--ak--21
15,cdca04e0bc6ce855,s- t,st,prot-1951--ak--21
16,cdca04e0bc6ce855,å- g,åg,prot-1951--ak--21
17,cdca04e0bc6ce855,n- h,nh,prot-1951--ak--21
18,cdca04e0bc6ce855,k- t,kt,prot-1951--ak--21
19,cdca04e0bc6ce855,r- s,rs,prot-1951--ak--21
20,cdca04e0bc6ce855,r- l,rl,prot-1951--ak--21
21,cdca04e0bc6ce855,t- s,ts,prot-1951--ak--21
22,cdca04e0bc6ce855,n- v,nv,prot-1951--ak--21
23,cdca04e0bc6ce855,n- n,nn,prot-1951--ak--21
24,cdca04e0bc6ce855,r- s,rs,prot-1951--ak--21
25,cdca04e0bc6ce855,a- l,al,prot-1951--ak--21
26,cdca04e0bc6ce855,s- i,si,prot-1951--ak--21
27,cdca04e0bc6ce855,d- l,dl,prot-1951--ak--21
28,cdca04e0bc6ce855,å- d,åd,prot-1951--ak--21
29,cdca04e0bc6ce855,ö- r,ör,prot-1951--ak--21
30,cdca04e0bc6ce855,k- t,kt,prot-1951--ak--21
31,cdca04e0bc6ce855,s- m,sm,prot-1951--ak--21
32,cdca04e0bc6ce855,a- s,as,prot-1951--ak--21
33,cdca04e0bc6ce855,c- k,ck,prot-1951--ak--21
34,cdca04e0bc6ce855,e- s,es,prot-1951--ak--21
35,cdca04e0bc6ce855,a- r,ar,prot-1951--ak--21
36,cdca04e0bc6ce855,n- n,nn,prot-1951--ak--21
37,cdca04e0bc6ce855,m- m,mm,prot-1951--ak--21
38,cdca04e0bc6ce855,d- r,dr,prot-1951--ak--21
39,cdca04e0bc6ce855,o- l,ol,prot-1951--ak--21
0,7b16a01c980ae2ac,"i
m",i m,prot-1951--ak--21
1,cdca04e0bc6ce855,r- s,rs,prot-1951--ak--21
2,cdca04e0bc6ce855,t- s,ts,prot-1951--ak--21
3,cdca04e0bc6ce855,y- d,yd,prot-1951--ak--21
4,cdca04e0bc6ce855,r- s,rs,prot-1951--ak--21
5,cdca04e0bc6ce855,t- f,tf,prot-1951--ak--21
6,cdca04e0bc6ce855,r- n,rn,prot-1951--ak--21
7,cdca04e0bc6ce855,v- n,vn,prot-1951--ak--21
8,cdca04e0bc6ce855,o- g,og,prot-1951--ak--21
9,cdca04e0bc6ce855,k- t,kt,prot-1951--ak--21
10,cdca04e0bc6ce855,r- b,rb,prot-1951--ak--21
11,cdca04e0bc6ce855,s- m,sm,prot-1951--ak--21
12,cdca04e0bc6ce855,r- s,rs,prot-1951--ak--21
13,cdca04e0bc6ce855,n- n,nn,prot-1951--ak--21
14,cdca04e0bc6ce855,d- n,dn,prot-1951--ak--21
15,cdca04e0bc6ce855,i- n,in,prot-1951--ak--21
16,cdca04e0bc6ce855,n- t,nt,prot-1951--ak--21
17,cdca04e0bc6ce855,r- o,ro,prot-1951--ak--21
18,cdca04e0bc6ce855,n- g,ng,prot-1951--ak--21
19,cdca04e0bc6ce855,n- t,nt,prot-1951--ak--21
20,cdca04e0bc6ce855,n- s,ns,prot-1951--ak--21
21,cdca04e0bc6ce855,l- n,ln,prot-1951--ak--21
22,cdca04e0bc6ce855,r- m,rm,prot-1951--ak--21
23,cdca04e0bc6ce855,a- r,ar,prot-1951--ak--21
24,cdca04e0bc6ce855,e- r,er,prot-1951--ak--21
25,cdca04e0bc6ce855,n- s,ns,prot-1951--ak--21
26,cdca04e0bc6ce855,m- h,mh,prot-1951--ak--21
27,cdca04e0bc6ce855,s- m,sm,prot-1951--ak--21
28,cdca04e0bc6ce855,s- m,sm,prot-1951--ak--21
0,7b16a01c980ae2ac,"e
s",e s,prot-1951--ak--21
1,cdca04e0bc6ce855,s- d,sd,prot-1951--ak--21
2,cdca04e0bc6ce855,t- n,tn,prot-1951--ak--21
3,cdca04e0bc6ce855,i- f,if,prot-1951--ak--21
4,cdca04e0bc6ce855,a- r,ar,prot-1951--ak--21
5,cdca04e0bc6ce855,m- s,ms,prot-1951--ak--21
6,cdca04e0bc6ce855,n- s,ns,prot-1951--ak--21
7,cdca04e0bc6ce855,e- l,el,prot-1951--ak--21
8,cdca04e0bc6ce855,r- s,rs,prot-1951--ak--21
9,cdca04e0bc6ce855,e- h,eh,prot-1951--ak--21
10,cdca04e0bc6ce855,k- t,kt,prot-1951--ak--21
11,cdca04e0bc6ce855,y- a,ya,prot-1951--ak--21
12,cdca04e0bc6ce855,r- s,rs,prot-1951--ak--21
13,cdca04e0bc6ce855,e- f,ef,prot-1951--ak--21
14,cdca04e0bc6ce855,i- t,it,prot-1951--ak--21
15,cdca04e0bc6ce855,n- b,nb,prot-1951--ak--21
16,cdca04e0bc6ce855,b- n,bn,prot-1951--ak--21
17,cdca04e0bc6ce855,i- f,if,prot-1951--ak--21
18,cdca04e0bc6ce855,o- n,on,prot-1951--ak--21
19,cdca04e0bc6ce855,l- i,li,prot-1951--ak--21
20,cdca04e0bc6ce855,e- t,et,prot-1951--ak--21
21,cdca04e0bc6ce855,a- g,ag,prot-1951--ak--21
22,cdca04e0bc6ce855,t- t,tt,prot-1951--ak--21
23,cdca04e0bc6ce855,e- h,eh,prot-1951--ak--21
24,cdca04e0bc6ce855,n- d,nd,prot-1951--ak--21
25,cdca04e0bc6ce855,a- r,ar,prot-1951--ak--21
26,cdca04e0bc6ce855,t- l,tl,prot-1951--ak--21
27,cdca04e0bc6ce855,r- s,rs,prot-1951--ak--21
0,7b16a01c980ae2ac,",
a",", a",prot-1951--ak--21
1,cdca04e0bc6ce855,s- t,st,prot-1951--ak--21
2,cdca04e0bc6ce855,t- o,to,prot-1951--ak--21
3,cdca04e0bc6ce855,n- d,nd,prot-1951--ak--21
4,cdca04e0bc6ce855,o- n,on,prot-1951--ak--21
5,cdca04e0bc6ce855,k- n,kn,prot-1951--ak--21
6,cdca04e0bc6ce855,a- t,at,prot-1951--ak--21
7,cdca04e0bc6ce855,r- s,rs,prot-1951--ak--21
8,cdca04e0bc6ce855,n- s,ns,prot-1951--ak--21
9,cdca04e0bc6ce855,l- k,lk,prot-1951--ak--21
10,cdca04e0bc6ce855,i- g,ig,prot-1951--ak--21
11,cdca04e0bc6ce855,e- t,et,prot-1951--ak--21
12,cdca04e0bc6ce855,r- t,rt,prot-1951--ak--21
13,cdca04e0bc6ce855,o- m,om,prot-1951--ak--21
14,cdca04e0bc6ce855,r- m,rm,prot-1951--ak--21
15,cdca04e0bc6ce855,r- s,rs,prot-1951--ak--21
16,cdca04e0bc6ce855,n- t,nt,prot-1951--ak--21
17,cdca04e0bc6ce855,i- t,it,prot-1951--ak--21
18,cdca04e0bc6ce855,n- d,nd,prot-1951--ak--21
19,cdca04e0bc6ce855,a- r,ar,prot-1951--ak--21
20,cdca04e0bc6ce855,g- n,gn,prot-1951--ak--21
21,cdca04e0bc6ce855,r- s,rs,prot-1951--ak--21
22,cdca04e0bc6ce855,f- f,ff,prot-1951--ak--21
23,cdca04e0bc6ce855,t- s,ts,prot-1951--ak--21
24,cdca04e0bc6ce855,r- ä,rä,prot-1951--ak--21
25,cdca04e0bc6ce855,e- b,eb,prot-1951--ak--21
26,cdca04e0bc6ce855,m- l,ml,prot-1951--ak--21
27,cdca04e0bc6ce855,n- n,nn,prot-1951--ak--21
28,cdca04e0bc6ce855,o- n,on,prot-1951--ak--21
29,cdca04e0bc6ce855,s- v,sv,prot-1951--ak--21
30,cdca04e0bc6ce855,n- d,nd,prot-1951--ak--21
31,cdca04e0bc6ce855,g- n,gn,prot-1951--ak--21
0,cdca04e0bc6ce855,r- s,rs,prot-1951--ak--21
1,cdca04e0bc6ce855,g- e,ge,prot-1951--ak--21
2,cdca04e0bc6ce855,t- t,tt,prot-1951--ak--21
3,cdca04e0bc6ce855,t- ö,tö,prot-1951--ak--21
4,cdca04e0bc6ce855,t- l,tl,prot-1951--ak--21
5,cdca04e0bc6ce855,l- l,ll,prot-1951--ak--21
6,cdca04e0bc6ce855,o- g,og,prot-1951--ak--21
7,cdca04e0bc6ce855,s- k,sk,prot-1951--ak--21
8,cdca04e0bc6ce855,o- p,op,prot-1951--ak--21
9,cdca04e0bc6ce855,e- n,en,prot-1951--ak--21
10,cdca04e0bc6ce855,n- v,nv,prot-1951--ak--21
11,cdca04e0bc6ce855,a- d,ad,prot-1951--ak--21
12,cdca04e0bc6ce855,s- d,sd,prot-1951--ak--21
13,cdca04e0bc6ce855,i- t,it,prot-1951--ak--21
14,cdca04e0bc6ce855,o- g,og,prot-1951--ak--21
15,cdca04e0bc6ce855,r- t,rt,prot-1951--ak--21
16,cdca04e0bc6ce855,g- e,ge,prot-1951--ak--21
17,cdca04e0bc6ce855,r- s,rs,prot-1951--ak--21
18,cdca04e0bc6ce855,m- k,mk,prot-1951--ak--21
19,cdca04e0bc6ce855,d- t,dt,prot-1951--ak--21
20,cdca04e0bc6ce855,e- k,ek,prot-1951--ak--21
21,cdca04e0bc6ce855,i- n,in,prot-1951--ak--21
22,cdca04e0bc6ce855,n- d,nd,prot-1951--ak--21
23,cdca04e0bc6ce855,å- d,åd,prot-1951--ak--21
24,cdca04e0bc6ce855,o- k,ok,prot-1951--ak--21
25,cdca04e0bc6ce855,m- m,mm,prot-1951--ak--21
26,cdca04e0bc6ce855,t- s,ts,prot-1951--ak--21
27,cdca04e0bc6ce855,l- l,ll,prot-1951--ak--21
28,cdca04e0bc6ce855,n- p,np,prot-1951--ak--21
29,cdca04e0bc6ce855,s- s,ss,prot-1951--ak--21
30,cdca04e0bc6ce855,r- s,rs,prot-1951--ak--21
31,cdca04e0bc6ce855,n- n,nn,prot-1951--ak--21
32,cdca04e0bc6ce855,d- n,dn,prot-1951--ak--21
33,cdca04e0bc6ce855,l- k,lk,prot-1951--ak--21
34,cdca04e0bc6ce855,n- f,nf,prot-1951--ak--21
35,cdca04e0bc6ce855,m- s,ms,prot-1951--ak--21
0,7b16a01c980ae2ac,"n
s",n s,prot-1951--ak--21
1,cdca04e0bc6ce855,n- d,nd,prot-1951--ak--21
2,cdca04e0bc6ce855,r- s,rs,prot-1951--ak--21
3,cdca04e0bc6ce855,g- e,ge,prot-1951--ak--21
4,cdca04e0bc6ce855,n- l,nl,prot-1951--ak--21
5,cdca04e0bc6ce855,m- m,mm,prot-1951--ak--21
6,cdca04e0bc6ce855,r- e,re,prot-1951--ak--21
7,cdca04e0bc6ce855,n- t,nt,prot-1951--ak--21
8,cdca04e0bc6ce855,d- r,dr,prot-1951--ak--21
9,cdca04e0bc6ce855,å- e,åe,prot-1951--ak--21
10,cdca04e0bc6ce855,n- l,nl,prot-1951--ak--21
11,cdca04e0bc6ce855,s- p,sp,prot-1951--ak--21
12,cdca04e0bc6ce855,ö- r,ör,prot-1951--ak--21
13,cdca04e0bc6ce855,t- å,tå,prot-1951--ak--21
14,cdca04e0bc6ce855,r- t,rt,prot-1951--ak--21
15,cdca04e0bc6ce855,t- r,tr,prot-1951--ak--21
16,cdca04e0bc6ce855,e- m,em,prot-1951--ak--21
17,cdca04e0bc6ce855,g- a,ga,prot-1951--ak--21
18,cdca04e0bc6ce855,g- a,ga,prot-1951--ak--21
19,cdca04e0bc6ce855,e- t,et,prot-1951--ak--21
20,cdca04e0bc6ce855,r- h,rh,prot-1951--ak--21
21,cdca04e0bc6ce855,e- r,er,prot-1951--ak--21
22,cdca04e0bc6ce855,r- s,rs,prot-1951--ak--21
23,cdca04e0bc6ce855,o- l,ol,prot-1951--ak--21
24,cdca04e0bc6ce855,t- r,tr,prot-1951--ak--21
25,cdca04e0bc6ce855,g- h,gh,prot-1951--ak--21
26,cdca04e0bc6ce855,m- r,mr,prot-1951--ak--21
27,cdca04e0bc6ce855,e- t,et,prot-1951--ak--21
28,cdca04e0bc6ce855,p- g,pg,prot-1951--ak--21
0,7b16a01c980ae2ac,"s
å",s å,prot-1951--ak--21
1,cdca04e0bc6ce855,o- m,om,prot-1951--ak--21
2,cdca04e0bc6ce855,p- n,pn,prot-1951--ak--21
3,cdca04e0bc6ce855,e- k,ek,prot-1951--ak--21
4,cdca04e0bc6ce855,i- t,it,prot-1951--ak--21
5,cdca04e0bc6ce855,r- t,rt,prot-1951--ak--21
6,cdca04e0bc6ce855,e- r,er,prot-1951--ak--21
7,cdca04e0bc6ce855,s- f,sf,prot-1951--ak--21
8,cdca04e0bc6ce855,å- d,åd,prot-1951--ak--21
9,cdca04e0bc6ce855,n- t,nt,prot-1951--ak--21
10,cdca04e0bc6ce855,e- m,em,prot-1951--ak--21
11,cdca04e0bc6ce855,e- g,eg,prot-1951--ak--21
12,cdca04e0bc6ce855,r- s,rs,prot-1951--ak--21
13,cdca04e0bc6ce855,e- t,et,prot-1951--ak--21
14,cdca04e0bc6ce855,n- d,nd,prot-1951--ak--21
15,cdca04e0bc6ce855,ö- r,ör,prot-1951--ak--21
16,cdca04e0bc6ce855,a- r,ar,prot-1951--ak--21
17,cdca04e0bc6ce855,k- s,ks,prot-1951--ak--21
18,cdca04e0bc6ce855,d- s,ds,prot-1951--ak--21
19,cdca04e0bc6ce855,n- p,np,prot-1951--ak--21
20,cdca04e0bc6ce855,r- n,rn,prot-1951--ak--21
21,cdca04e0bc6ce855,i- t,it,prot-1951--ak--21
22,cdca04e0bc6ce855,l- l,ll,prot-1951--ak--21
23,cdca04e0bc6ce855,t- b,tb,prot-1951--ak--21
24,cdca04e0bc6ce855,l- f,lf,prot-1951--ak--21
25,cdca04e0bc6ce855,f- f,ff,prot-1951--ak--21
26,cdca04e0bc6ce855,r- s,rs,prot-1951--ak--21
27,cdca04e0bc6ce855,e- s,es,prot-1951--ak--21
28,cdca04e0bc6ce855,s- ö,sö,prot-1951--ak--21
29,cdca04e0bc6ce855,å- r,år,prot-1951--ak--21
30,cdca04e0bc6ce855,e- r,er,prot-1951--ak--21
31,cdca04e0bc6ce855,r- s,rs,prot-1951--ak--21
32,cdca04e0bc6ce855,d- s,ds,prot-1951--ak--21
33,cdca04e0bc6ce855,g- a,ga,prot-1951--ak--21
34,cdca04e0bc6ce855,r- r,rr,prot-1951--ak--21
0,7b16a01c980ae2ac,"e
o",e o,prot-1951--ak--21
1,cdca04e0bc6ce855,t- n,tn,prot-1951--ak--21
2,cdca04e0bc6ce855,f- f,ff,prot-1951--ak--21
3,cdca04e0bc6ce855,o- n,on,prot-1951--ak--21
4,cdca04e0bc6ce855,k- t,kt,prot-1951--ak--21
5,cdca04e0bc6ce855,l- l,ll,prot-1951--ak--21
6,cdca04e0bc6ce855,t- s,ts,prot-1951--ak--21
7,cdca04e0bc6ce855,n- h,nh,prot-1951--ak--21
8,cdca04e0bc6ce855,r- å,rå,prot-1951--ak--21
9,cdca04e0bc6ce855,g- e,ge,prot-1951--ak--21
10,cdca04e0bc6ce855,o- d,od,prot-1951--ak--21
11,cdca04e0bc6ce855,i- t,it,prot-1951--ak--21
12,cdca04e0bc6ce855,ä- s,äs,prot-1951--ak--21
13,cdca04e0bc6ce855,l- l,ll,prot-1951--ak--21
14,cdca04e0bc6ce855,b- b,bb,prot-1951--ak--21
15,cdca04e0bc6ce855,e- d,ed,prot-1951--ak--21
16,cdca04e0bc6ce855,n- d,nd,prot-1951--ak--21
17,cdca04e0bc6ce855,t- m,tm,prot-1951--ak--21
18,cdca04e0bc6ce855,ä- v,äv,prot-1951--ak--21
19,cdca04e0bc6ce855,k- n,kn,prot-1951--ak--21
20,cdca04e0bc6ce855,s- m,sm,prot-1951--ak--21
21,cdca04e0bc6ce855,o- n,on,prot-1951--ak--21
22,cdca04e0bc6ce855,e- r,er,prot-1951--ak--21
23,cdca04e0bc6ce855,y- g,yg,prot-1951--ak--21
24,cdca04e0bc6ce855,t- t,tt,prot-1951--ak--21
25,cdca04e0bc6ce855,y- g,yg,prot-1951--ak--21
26,cdca04e0bc6ce855,e- d,ed,prot-1951--ak--21
27,cdca04e0bc6ce855,r- s,rs,prot-1951--ak--21
28,cdca04e0bc6ce855,r- d,rd,prot-1951--ak--21
29,cdca04e0bc6ce855,t- g,tg,prot-1951--ak--21
30,cdca04e0bc6ce855,m- m,mm,prot-1951--ak--21
31,cdca04e0bc6ce855,u- s,us,prot-1951--ak--21
32,cdca04e0bc6ce855,n- n,nn,prot-1951--ak--21
33,cdca04e0bc6ce855,t- t,tt,prot-1951--ak--21
34,cdca04e0bc6ce855,g- h,gh,prot-1951--ak--21
35,cdca04e0bc6ce855,t- ö,tö,prot-1951--ak--21
0,7b16a01c980ae2ac,",
m",", m",prot-1951--ak--21
1,cdca04e0bc6ce855,r- t,rt,prot-1951--ak--21
2,cdca04e0bc6ce855,n- s,ns,prot-1951--ak--21
3,cdca04e0bc6ce855,r- n,rn,prot-1951--ak--21
4,cdca04e0bc6ce855,d- v,dv,prot-1951--ak--21
5,cdca04e0bc6ce855,o- n,on,prot-1951--ak--21
6,cdca04e0bc6ce855,s- å,så,prot-1951--ak--21
7,cdca04e0bc6ce855,s- f,sf,prot-1951--ak--21
8,cdca04e0bc6ce855,k- l,kl,prot-1951--ak--21
9,cdca04e0bc6ce855,a- l,al,prot-1951--ak--21
10,cdca04e0bc6ce855,t- t,tt,prot-1951--ak--21
11,cdca04e0bc6ce855,r- l,rl,prot-1951--ak--21
12,cdca04e0bc6ce855,n- t,nt,prot-1951--ak--21
13,cdca04e0bc6ce855,e- e,ee,prot-1951--ak--21
14,cdca04e0bc6ce855,k- t,kt,prot-1951--ak--21
15,cdca04e0bc6ce855,o- n,on,prot-1951--ak--21
16,cdca04e0bc6ce855,r- s,rs,prot-1951--ak--21
17,cdca04e0bc6ce855,a- p,ap,prot-1951--ak--21
18,cdca04e0bc6ce855,n- d,nd,prot-1951--ak--21
19,cdca04e0bc6ce855,å- g,åg,prot-1951--ak--21
20,cdca04e0bc6ce855,o- r,or,prot-1951--ak--21
21,cdca04e0bc6ce855,r- l,rl,prot-1951--ak--21
22,cdca04e0bc6ce855,o- n,on,prot-1951--ak--21
23,cdca04e0bc6ce855,l- g,lg,prot-1951--ak--21
24,cdca04e0bc6ce855,d- l,dl,prot-1951--ak--21
25,cdca04e0bc6ce855,n- d,nd,prot-1951--ak--21
26,cdca04e0bc6ce855,l- m,lm,prot-1951--ak--21
27,cdca04e0bc6ce855,m- m,mm,prot-1951--ak--21
28,cdca04e0bc6ce855,l- k,lk,prot-1951--ak--21
29,cdca04e0bc6ce855,t- s,ts,prot-1951--ak--21
30,cdca04e0bc6ce855,s- s,ss,prot-1951--ak--21
31,cdca04e0bc6ce855,r- l,rl,prot-1951--ak--21
32,cdca04e0bc6ce855,u- v,uv,prot-1951--ak--21
33,cdca04e0bc6ce855,v- s,vs,prot-1951--ak--21
34,cdca04e0bc6ce855,r- s,rs,prot-1951--ak--21
0,7b16a01c980ae2ac,"a
h",a h,prot-1951--ak--21
1,cdca04e0bc6ce855,r- s,rs,prot-1951--ak--21
2,cdca04e0bc6ce855,n- d,nd,prot-1951--ak--21
3,cdca04e0bc6ce855,o- s,os,prot-1951--ak--21
4,cdca04e0bc6ce855,n- n,nn,prot-1951--ak--21
5,cdca04e0bc6ce855,å- l,ål,prot-1951--ak--21
6,cdca04e0bc6ce855,e- k,ek,prot-1951--ak--21
7,cdca04e0bc6ce855,a- r,ar,prot-1951--ak--21
8,cdca04e0bc6ce855,i- d,id,prot-1951--ak--21
9,cdca04e0bc6ce855,u- s,us,prot-1951--ak--21
10,cdca04e0bc6ce855,p- o,po,prot-1951--ak--21
11,cdca04e0bc6ce855,e- r,er,prot-1951--ak--21
12,cdca04e0bc6ce855,e- l,el,prot-1951--ak--21
13,cdca04e0bc6ce855,n- n,nn,prot-1951--ak--21
14,cdca04e0bc6ce855,s- p,sp,prot-1951--ak--21
15,cdca04e0bc6ce855,d- l,dl,prot-1951--ak--21
16,cdca04e0bc6ce855,l- l,ll,prot-1951--ak--21
17,cdca04e0bc6ce855,g- h,gh,prot-1951--ak--21
18,cdca04e0bc6ce855,i- t,it,prot-1951--ak--21
19,cdca04e0bc6ce855,e- r,er,prot-1951--ak--21
20,cdca04e0bc6ce855,r- s,rs,prot-1951--ak--21
21,cdca04e0bc6ce855,t- f,tf,prot-1951--ak--21
22,cdca04e0bc6ce855,a- t,at,prot-1951--ak--21
23,cdca04e0bc6ce855,o- n,on,prot-1951--ak--21
24,cdca04e0bc6ce855,e- m,em,prot-1951--ak--21
25,cdca04e0bc6ce855,g- j,gj,prot-1951--ak--21
26,cdca04e0bc6ce855,o- n,on,prot-1951--ak--21
27,cdca04e0bc6ce855,e- t,et,prot-1951--ak--21
28,cdca04e0bc6ce855,s- s,ss,prot-1951--ak--21
29,cdca04e0bc6ce855,a- d,ad,prot-1951--ak--21
30,cdca04e0bc6ce855,e- n,en,prot-1951--ak--21
31,cdca04e0bc6ce855,s- d,sd,prot-1951--ak--21
0,7b16a01c980ae2ac,"n
k",n k,prot-1951--ak--21
1,cdca04e0bc6ce855,n- d,nd,prot-1951--ak--21
2,cdca04e0bc6ce855,n- h,nh,prot-1951--ak--21
3,cdca04e0bc6ce855,n- d,nd,prot-1951--ak--21
4,cdca04e0bc6ce855,e- n,en,prot-1951--ak--21
5,cdca04e0bc6ce855,r- n,rn,prot-1951--ak--21
6,cdca04e0bc6ce855,å- e,åe,prot-1951--ak--21
7,cdca04e0bc6ce855,p- n,pn,prot-1951--ak--21
8,cdca04e0bc6ce855,n- s,ns,prot-1951--ak--21
9,cdca04e0bc6ce855,r- v,rv,prot-1951--ak--21
10,cdca04e0bc6ce855,d- h,dh,prot-1951--ak--21
11,cdca04e0bc6ce855,t- g,tg,prot-1951--ak--21
12,cdca04e0bc6ce855,m- t,mt,prot-1951--ak--21
13,cdca04e0bc6ce855,o- s,os,prot-1951--ak--21
14,cdca04e0bc6ce855,r- s,rs,prot-1951--ak--21
15,cdca04e0bc6ce855,e- b,eb,prot-1951--ak--21
16,cdca04e0bc6ce855,a- l,al,prot-1951--ak--21
17,cdca04e0bc6ce855,v- s,vs,prot-1951--ak--21
18,cdca04e0bc6ce855,a- l,al,prot-1951--ak--21
19,cdca04e0bc6ce855,k- h,kh,prot-1951--ak--21
20,cdca04e0bc6ce855,a- l,al,prot-1951--ak--21
21,cdca04e0bc6ce855,l- l,ll,prot-1951--ak--21
22,cdca04e0bc6ce855,j- l,jl,prot-1951--ak--21
23,cdca04e0bc6ce855,l- d,ld,prot-1951--ak--21
24,cdca04e0bc6ce855,ä- g,äg,prot-1951--ak--21
25,cdca04e0bc6ce855,n- n,nn,prot-1951--ak--21
26,cdca04e0bc6ce855,å- g,åg,prot-1951--ak--21
27,cdca04e0bc6ce855,e- b,eb,prot-1951--ak--21
28,cdca04e0bc6ce855,t- t,tt,prot-1951--ak--21
29,cdca04e0bc6ce855,m- f,mf,prot-1951--ak--21
0,7b16a01c980ae2ac,"a
f",a f,prot-1951--ak--21
1,cdca04e0bc6ce855,a- m,am,prot-1951--ak--21
2,cdca04e0bc6ce855,r- t,rt,prot-1951--ak--21
3,cdca04e0bc6ce855,n- s,ns,prot-1951--ak--21
4,cdca04e0bc6ce855,a- r,ar,prot-1951--ak--21
5,cdca04e0bc6ce855,r- s,rs,prot-1951--ak--21
6,cdca04e0bc6ce855,m- r,mr,prot-1951--ak--21
7,cdca04e0bc6ce855,r- s,rs,prot-1951--ak--21
8,cdca04e0bc6ce855,o- n,on,prot-1951--ak--21
9,cdca04e0bc6ce855,o- n,on,prot-1951--ak--21
10,cdca04e0bc6ce855,e- l,el,prot-1951--ak--21
11,cdca04e0bc6ce855,s- ä,sä,prot-1951--ak--21
12,cdca04e0bc6ce855,l- j,lj,prot-1951--ak--21
13,cdca04e0bc6ce855,i- g,ig,prot-1951--ak--21
14,cdca04e0bc6ce855,r- e,re,prot-1951--ak--21
15,cdca04e0bc6ce855,k- t,kt,prot-1951--ak--21
16,cdca04e0bc6ce855,l- l,ll,prot-1951--ak--21
17,cdca04e0bc6ce855,j- l,jl,prot-1951--ak--21
18,cdca04e0bc6ce855,n- d,nd,prot-1951--ak--21
19,cdca04e0bc6ce855,e- n,en,prot-1951--ak--21
20,cdca04e0bc6ce855,l- l,ll,prot-1951--ak--21
21,cdca04e0bc6ce855,m- m,mm,prot-1951--ak--21
22,cdca04e0bc6ce855,n- n,nn,prot-1951--ak--21
23,cdca04e0bc6ce855,n- t,nt,prot-1951--ak--21
24,cdca04e0bc6ce855,d- n,dn,prot-1951--ak--21
25,cdca04e0bc6ce855,r- v,rv,prot-1951--ak--21
26,cdca04e0bc6ce855,u- t,ut,prot-1951--ak--21
27,cdca04e0bc6ce855,e- s,es,prot-1951--ak--21
28,cdca04e0bc6ce855,o- t,ot,prot-1951--ak--21
29,cdca04e0bc6ce855,n- s,ns,prot-1951--ak--21
30,cdca04e0bc6ce855,e- f,ef,prot-1951--ak--21
31,cdca04e0bc6ce855,ä- g,äg,prot-1951--ak--21
32,cdca04e0bc6ce855,å- t,åt,prot-1951--ak--21
33,cdca04e0bc6ce855,n- s,ns,prot-1951--ak--21
34,cdca04e0bc6ce855,t- s,ts,prot-1951--ak--21
35,cdca04e0bc6ce855,e- s,es,prot-1951--ak--21
36,cdca04e0bc6ce855,n- s,ns,prot-1951--ak--21
37,cdca04e0bc6ce855,l- l,ll,prot-1951--ak--21
0,7b16a01c980ae2ac,"e
f",e f,prot-1951--ak--21
1,cdca04e0bc6ce855,t- t,tt,prot-1951--ak--21
2,cdca04e0bc6ce855,l- l,ll,prot-1951--ak--21
3,cdca04e0bc6ce855,t- l,tl,prot-1951--ak--21
4,cdca04e0bc6ce855,g- a,ga,prot-1951--ak--21
5,cdca04e0bc6ce855,e- l,el,prot-1951--ak--21
6,cdca04e0bc6ce855,r- m,rm,prot-1951--ak--21
7,cdca04e0bc6ce855,g- a,ga,prot-1951--ak--21
8,cdca04e0bc6ce855,å- g,åg,prot-1951--ak--21
9,cdca04e0bc6ce855,e- f,ef,prot-1951--ak--21
10,cdca04e0bc6ce855,r- h,rh,prot-1951--ak--21
11,cdca04e0bc6ce855,r- s,rs,prot-1951--ak--21
12,cdca04e0bc6ce855,n- s,ns,prot-1951--ak--21
13,cdca04e0bc6ce855,i- v,iv,prot-1951--ak--21
14,cdca04e0bc6ce855,e- l,el,prot-1951--ak--21
15,cdca04e0bc6ce855,å- g,åg,prot-1951--ak--21
16,cdca04e0bc6ce855,t- r,tr,prot-1951--ak--21
17,cdca04e0bc6ce855,g- n,gn,prot-1951--ak--21
18,cdca04e0bc6ce855,j- l,jl,prot-1951--ak--21
19,cdca04e0bc6ce855,e- r,er,prot-1951--ak--21
20,cdca04e0bc6ce855,o- p,op,prot-1951--ak--21
21,cdca04e0bc6ce855,o- s,os,prot-1951--ak--21
22,cdca04e0bc6ce855,r- n,rn,prot-1951--ak--21
23,cdca04e0bc6ce855,å- g,åg,prot-1951--ak--21
24,cdca04e0bc6ce855,u- v,uv,prot-1951--ak--21
25,cdca04e0bc6ce855,g- e,ge,prot-1951--ak--21
26,cdca04e0bc6ce855,n- f,nf,prot-1951--ak--21
27,cdca04e0bc6ce855,k- t,kt,prot-1951--ak--21
0,cdca04e0bc6ce855,r- n,rn,prot-1951--ak--21
1,cdca04e0bc6ce855,s- p,sp,prot-1951--ak--21
2,cdca04e0bc6ce855,d- v,dv,prot-1951--ak--21
3,cdca04e0bc6ce855,n- d,nd,prot-1951--ak--21
4,cdca04e0bc6ce855,ä- g,äg,prot-1951--ak--21
5,cdca04e0bc6ce855,r- l,rl,prot-1951--ak--21
6,cdca04e0bc6ce855,r- n,rn,prot-1951--ak--21
7,cdca04e0bc6ce855,t- n,tn,prot-1951--ak--21
8,cdca04e0bc6ce855,n- n,nn,prot-1951--ak--21
9,cdca04e0bc6ce855,j- l,jl,prot-1951--ak--21
10,cdca04e0bc6ce855,n- d,nd,prot-1951--ak--21
11,cdca04e0bc6ce855,r- s,rs,prot-1951--ak--21
12,cdca04e0bc6ce855,g- r,gr,prot-1951--ak--21
13,cdca04e0bc6ce855,m- l,ml,prot-1951--ak--21
14,cdca04e0bc6ce855,s- k,sk,prot-1951--ak--21
15,cdca04e0bc6ce855,e- s,es,prot-1951--ak--21
16,cdca04e0bc6ce855,r- s,rs,prot-1951--ak--21
17,cdca04e0bc6ce855,a- t,at,prot-1951--ak--21
18,cdca04e0bc6ce855,u- v,uv,prot-1951--ak--21
19,cdca04e0bc6ce855,r- s,rs,prot-1951--ak--21
20,cdca04e0bc6ce855,o- n,on,prot-1951--ak--21
21,cdca04e0bc6ce855,o- n,on,prot-1951--ak--21
22,cdca04e0bc6ce855,r- s,rs,prot-1951--ak--21
23,cdca04e0bc6ce855,e- r,er,prot-1951--ak--21
0,cdca04e0bc6ce855,l- l,ll,prot-1951--ak--21
1,cdca04e0bc6ce855,i- s,is,prot-1951--ak--21
2,cdca04e0bc6ce855,r- l,rl,prot-1951--ak--21
3,cdca04e0bc6ce855,f- t,ft,prot-1951--ak--21
4,cdca04e0bc6ce855,e- r,er,prot-1951--ak--21
5,cdca04e0bc6ce855,i- d,id,prot-1951--ak--21
6,cdca04e0bc6ce855,a- d,ad,prot-1951--ak--21
7,cdca04e0bc6ce855,r- g,rg,prot-1951--ak--21
8,cdca04e0bc6ce855,e- r,er,prot-1951--ak--21
9,cdca04e0bc6ce855,l- l,ll,prot-1951--ak--21
10,cdca04e0bc6ce855,n- s,ns,prot-1951--ak--21
11,cdca04e0bc6ce855,e- c,ec,prot-1951--ak--21
12,cdca04e0bc6ce855,r- l,rl,prot-1951--ak--21
13,cdca04e0bc6ce855,k- n,kn,prot-1951--ak--21
14,cdca04e0bc6ce855,i- g,ig,prot-1951--ak--21
15,cdca04e0bc6ce855,a- r,ar,prot-1951--ak--21
16,cdca04e0bc6ce855,e- s,es,prot-1951--ak--21
17,cdca04e0bc6ce855,o- n,on,prot-1951--ak--21
18,cdca04e0bc6ce855,t- n,tn,prot-1951--ak--21
19,cdca04e0bc6ce855,t- n,tn,prot-1951--ak--21
20,cdca04e0bc6ce855,s- k,sk,prot-1951--ak--21
21,cdca04e0bc6ce855,a- t,at,prot-1951--ak--21
22,cdca04e0bc6ce855,a- n,an,prot-1951--ak--21
23,cdca04e0bc6ce855,r- o,ro,prot-1951--ak--21
24,cdca04e0bc6ce855,a- t,at,prot-1951--ak--21
25,cdca04e0bc6ce855,e- r,er,prot-1951--ak--21
26,cdca04e0bc6ce855,n- g,ng,prot-1951--ak--21
27,cdca04e0bc6ce855,m- p,mp,prot-1951--ak--21
28,cdca04e0bc6ce855,a- d,ad,prot-1951--ak--21
0,7b16a01c980ae2ac,",
a",", a",prot-1951--ak--21
1,cdca04e0bc6ce855,a- d,ad,prot-1951--ak--21
2,cdca04e0bc6ce855,a- t,at,prot-1951--ak--21
3,cdca04e0bc6ce855,k- p,kp,prot-1951--ak--21
4,cdca04e0bc6ce855,o- b,ob,prot-1951--ak--21
5,cdca04e0bc6ce855,r- l,rl,prot-1951--ak--21
6,cdca04e0bc6ce855,m- f,mf,prot-1951--ak--21
7,cdca04e0bc6ce855,k- t,kt,prot-1951--ak--21
8,cdca04e0bc6ce855,r- t,rt,prot-1951--ak--21
9,cdca04e0bc6ce855,s- k,sk,prot-1951--ak--21
10,cdca04e0bc6ce855,i- t,it,prot-1951--ak--21
11,cdca04e0bc6ce855,e- t,et,prot-1951--ak--21
12,cdca04e0bc6ce855,a- t,at,prot-1951--ak--21
13,cdca04e0bc6ce855,r- r,rr,prot-1951--ak--21
14,cdca04e0bc6ce855,s- d,sd,prot-1951--ak--21
15,cdca04e0bc6ce855,d- f,df,prot-1951--ak--21
16,cdca04e0bc6ce855,g- h,gh,prot-1951--ak--21
17,cdca04e0bc6ce855,n- s,ns,prot-1951--ak--21
18,cdca04e0bc6ce855,a- t,at,prot-1951--ak--21
19,cdca04e0bc6ce855,n- t,nt,prot-1951--ak--21
20,cdca04e0bc6ce855,s- f,sf,prot-1951--ak--21
21,cdca04e0bc6ce855,e- m,em,prot-1951--ak--21
22,cdca04e0bc6ce855,g- g,gg,prot-1951--ak--21
23,cdca04e0bc6ce855,e- m,em,prot-1951--ak--21
24,cdca04e0bc6ce855,r- g,rg,prot-1951--ak--21
25,cdca04e0bc6ce855,n- d,nd,prot-1951--ak--21
26,cdca04e0bc6ce855,i- t,it,prot-1951--ak--21
27,cdca04e0bc6ce855,n- n,nn,prot-1951--ak--21
28,cdca04e0bc6ce855,e- b,eb,prot-1951--ak--21
29,cdca04e0bc6ce855,m- k,mk,prot-1951--ak--21
30,cdca04e0bc6ce855,l- l,ll,prot-1951--ak--21
31,cdca04e0bc6ce855,l- d,ld,prot-1951--ak--21
32,cdca04e0bc6ce855,n- h,nh,prot-1951--ak--21
33,cdca04e0bc6ce855,i- t,it,prot-1951--ak--21
0,cdca04e0bc6ce855,e- d,ed,prot-1951--ak--21
1,cdca04e0bc6ce855,s- f,sf,prot-1951--ak--21
2,cdca04e0bc6ce855,o- m,om,prot-1951--ak--21
3,cdca04e0bc6ce855,o- m,om,prot-1951--ak--21
4,cdca04e0bc6ce855,l- s,ls,prot-1951--ak--21
5,cdca04e0bc6ce855,r- n,rn,prot-1951--ak--21
6,cdca04e0bc6ce855,s- k,sk,prot-1951--ak--21
7,cdca04e0bc6ce855,e- s,es,prot-1951--ak--21
8,cdca04e0bc6ce855,r- m,rm,prot-1951--ak--21
9,cdca04e0bc6ce855,n- d,nd,prot-1951--ak--21
10,cdca04e0bc6ce855,g- g,gg,prot-1951--ak--21
11,cdca04e0bc6ce855,e- t,et,prot-1951--ak--21
12,cdca04e0bc6ce855,e- n,en,prot-1951--ak--21
13,cdca04e0bc6ce855,s- a,sa,prot-1951--ak--21
14,cdca04e0bc6ce855,n- l,nl,prot-1951--ak--21
15,cdca04e0bc6ce855,e- d,ed,prot-1951--ak--21
16,cdca04e0bc6ce855,t- g,tg,prot-1951--ak--21
17,cdca04e0bc6ce855,s- n,sn,prot-1951--ak--21
18,cdca04e0bc6ce855,s- u,su,prot-1951--ak--21
19,cdca04e0bc6ce855,l- l,ll,prot-1951--ak--21
20,cdca04e0bc6ce855,k- p,kp,prot-1951--ak--21
21,cdca04e0bc6ce855,a- t,at,prot-1951--ak--21
22,cdca04e0bc6ce855,r- k,rk,prot-1951--ak--21
23,cdca04e0bc6ce855,å- v,åv,prot-1951--ak--21
24,cdca04e0bc6ce855,s- k,sk,prot-1951--ak--21
25,cdca04e0bc6ce855,s- t,st,prot-1951--ak--21
26,cdca04e0bc6ce855,r- g,rg,prot-1951--ak--21
27,cdca04e0bc6ce855,d- t,dt,prot-1951--ak--21
28,cdca04e0bc6ce855,a- t,at,prot-1951--ak--21
29,cdca04e0bc6ce855,u- m,um,prot-1951--ak--21
0,7b16a01c980ae2ac,"m
m",m m,prot-1951--ak--21
1,cdca04e0bc6ce855,i- d,id,prot-1951--ak--21
2,cdca04e0bc6ce855,n- g,ng,prot-1951--ak--21
3,cdca04e0bc6ce855,r- s,rs,prot-1951--ak--21
4,cdca04e0bc6ce855,o- n,on,prot-1951--ak--21
5,cdca04e0bc6ce855,k- t,kt,prot-1951--ak--21
6,cdca04e0bc6ce855,v- s,vs,prot-1951--ak--21
7,cdca04e0bc6ce855,e- l,el,prot-1951--ak--21
8,cdca04e0bc6ce855,s- p,sp,prot-1951--ak--21
9,cdca04e0bc6ce855,l- m,lm,prot-1951--ak--21
10,cdca04e0bc6ce855,o- n,on,prot-1951--ak--21
11,cdca04e0bc6ce855,s- k,sk,prot-1951--ak--21
12,cdca04e0bc6ce855,r- b,rb,prot-1951--ak--21
13,cdca04e0bc6ce855,s- ö,sö,prot-1951--ak--21
14,cdca04e0bc6ce855,d- v,dv,prot-1951--ak--21
15,cdca04e0bc6ce855,n- s,ns,prot-1951--ak--21
16,cdca04e0bc6ce855,i- t,it,prot-1951--ak--21
17,cdca04e0bc6ce855,r- s,rs,prot-1951--ak--21
18,cdca04e0bc6ce855,o- n,on,prot-1951--ak--21
19,cdca04e0bc6ce855,l- l,ll,prot-1951--ak--21
20,cdca04e0bc6ce855,e- h,eh,prot-1951--ak--21
21,cdca04e0bc6ce855,e- v,ev,prot-1951--ak--21
22,cdca04e0bc6ce855,i- f,if,prot-1951--ak--21
23,cdca04e0bc6ce855,r- f,rf,prot-1951--ak--21
24,cdca04e0bc6ce855,k- t,kt,prot-1951--ak--21
25,cdca04e0bc6ce855,e- l,el,prot-1951--ak--21
26,cdca04e0bc6ce855,d- b,db,prot-1951--ak--21
0,cdca04e0bc6ce855,a- d,ad,prot-1951--ak--21
1,cdca04e0bc6ce855,r- d,rd,prot-1951--ak--21
2,cdca04e0bc6ce855,e- p,ep,prot-1951--ak--21
3,cdca04e0bc6ce855,s- m,sm,prot-1951--ak--21
4,cdca04e0bc6ce855,r- s,rs,prot-1951--ak--21
5,cdca04e0bc6ce855,n- d,nd,prot-1951--ak--21
6,cdca04e0bc6ce855,l- l,ll,prot-1951--ak--21
7,cdca04e0bc6ce855,n- s,ns,prot-1951--ak--21
8,cdca04e0bc6ce855,m- h,mh,prot-1951--ak--21
9,cdca04e0bc6ce855,s- t,st,prot-1951--ak--21
10,cdca04e0bc6ce855,å- g,åg,prot-1951--ak--21
11,cdca04e0bc6ce855,l- j,lj,prot-1951--ak--21
12,cdca04e0bc6ce855,a- r,ar,prot-1951--ak--21
13,cdca04e0bc6ce855,t- l,tl,prot-1951--ak--21
14,cdca04e0bc6ce855,a- d,ad,prot-1951--ak--21
15,cdca04e0bc6ce855,k- n,kn,prot-1951--ak--21
16,cdca04e0bc6ce855,a- t,at,prot-1951--ak--21
17,cdca04e0bc6ce855,s- s,ss,prot-1951--ak--21
18,cdca04e0bc6ce855,g- d,gd,prot-1951--ak--21
19,cdca04e0bc6ce855,r- m,rm,prot-1951--ak--21
20,cdca04e0bc6ce855,e- d,ed,prot-1951--ak--21
21,cdca04e0bc6ce855,n- n,nn,prot-1951--ak--21
22,cdca04e0bc6ce855,t- t,tt,prot-1951--ak--21
0,7b16a01c980ae2ac,"a
o",a o,prot-1951--ak--21
1,7b16a01c980ae2ac,"a
f",a f,prot-1951--ak--21
2,cdca04e0bc6ce855,n- d,nd,prot-1951--ak--21
3,cdca04e0bc6ce855,i- h,ih,prot-1951--ak--21
4,cdca04e0bc6ce855,n- s,ns,prot-1951--ak--21
5,cdca04e0bc6ce855,s- u,su,prot-1951--ak--21
6,cdca04e0bc6ce855,a- m,am,prot-1951--ak--21
7,cdca04e0bc6ce855,l- l,ll,prot-1951--ak--21
8,cdca04e0bc6ce855,a- t,at,prot-1951--ak--21
9,cdca04e0bc6ce855,e- h,eh,prot-1951--ak--21
10,cdca04e0bc6ce855,e- h,eh,prot-1951--ak--21
11,cdca04e0bc6ce855,e- r,er,prot-1951--ak--21
12,cdca04e0bc6ce855,d- n,dn,prot-1951--ak--21
13,cdca04e0bc6ce855,v- n,vn,prot-1951--ak--21
14,cdca04e0bc6ce855,e- r,er,prot-1951--ak--21
15,cdca04e0bc6ce855,l- l,ll,prot-1951--ak--21
16,cdca04e0bc6ce855,t- t,tt,prot-1951--ak--21
17,cdca04e0bc6ce855,n- m,nm,prot-1951--ak--21
18,cdca04e0bc6ce855,a- r,ar,prot-1951--ak--21
19,cdca04e0bc6ce855,r- s,rs,prot-1951--ak--21
20,cdca04e0bc6ce855,t- s,ts,prot-1951--ak--21
21,cdca04e0bc6ce855,a- g,ag,prot-1951--ak--21
22,cdca04e0bc6ce855,s- u,su,prot-1951--ak--21
23,cdca04e0bc6ce855,r- v,rv,prot-1951--ak--21
24,cdca04e0bc6ce855,r- s,rs,prot-1951--ak--21
25,cdca04e0bc6ce855,l- m,lm,prot-1951--ak--21
26,cdca04e0bc6ce855,k- n,kn,prot-1951--ak--21
27,cdca04e0bc6ce855,n- s,ns,prot-1951--ak--21
28,cdca04e0bc6ce855,t- f,tf,prot-1951--ak--21
29,cdca04e0bc6ce855,t- n,tn,prot-1951--ak--21
30,cdca04e0bc6ce855,r- s,rs,prot-1951--ak--21
31,cdca04e0bc6ce855,l- k,lk,prot-1951--ak--21
32,cdca04e0bc6ce855,s- d,sd,prot-1951--ak--21
33,cdca04e0bc6ce855,d- r,dr,prot-1951--ak--21
34,cdca04e0bc6ce855,e- r,er,prot-1951--ak--21
35,cdca04e0bc6ce855,i- k,ik,prot-1951--ak--21
0,7b16a01c980ae2ac,"e
m",e m,prot-1951--ak--21
1,cdca04e0bc6ce855,i- k,ik,prot-1951--ak--21
2,cdca04e0bc6ce855,k- n,kn,prot-1951--ak--21
3,cdca04e0bc6ce855,k- n,kn,prot-1951--ak--21
4,cdca04e0bc6ce855,i- t,it,prot-1951--ak--21
5,cdca04e0bc6ce855,s- a,sa,prot-1951--ak--21
6,cdca04e0bc6ce855,n- t,nt,prot-1951--ak--21
7,cdca04e0bc6ce855,r- l,rl,prot-1951--ak--21
8,cdca04e0bc6ce855,i- n,in,prot-1951--ak--21
9,cdca04e0bc6ce855,e- s,es,prot-1951--ak--21
10,cdca04e0bc6ce855,n- g,ng,prot-1951--ak--21
11,cdca04e0bc6ce855,s- i,si,prot-1951--ak--21
12,cdca04e0bc6ce855,a- l,al,prot-1951--ak--21
13,cdca04e0bc6ce855,s- t,st,prot-1951--ak--21
14,cdca04e0bc6ce855,r- h,rh,prot-1951--ak--21
15,cdca04e0bc6ce855,o- t,ot,prot-1951--ak--21
16,cdca04e0bc6ce855,k- n,kn,prot-1951--ak--21
17,cdca04e0bc6ce855,e- m,em,prot-1951--ak--21
18,cdca04e0bc6ce855,r- s,rs,prot-1951--ak--21
19,cdca04e0bc6ce855,e- g,eg,prot-1951--ak--21
20,cdca04e0bc6ce855,r- s,rs,prot-1951--ak--21
21,cdca04e0bc6ce855,s- u,su,prot-1951--ak--21
22,cdca04e0bc6ce855,m- l,ml,prot-1951--ak--21
23,cdca04e0bc6ce855,l- j,lj,prot-1951--ak--21
24,cdca04e0bc6ce855,a- g,ag,prot-1951--ak--21
25,cdca04e0bc6ce855,l- a,la,prot-1951--ak--21
26,cdca04e0bc6ce855,u- v,uv,prot-1951--ak--21
27,cdca04e0bc6ce855,ä- g,äg,prot-1951--ak--21
28,cdca04e0bc6ce855,e- m,em,prot-1951--ak--21
29,cdca04e0bc6ce855,l- l,ll,prot-1951--ak--21
30,cdca04e0bc6ce855,o- n,on,prot-1951--ak--21
31,cdca04e0bc6ce855,e- b,eb,prot-1951--ak--21
32,cdca04e0bc6ce855,k- n,kn,prot-1951--ak--21
33,cdca04e0bc6ce855,n- s,ns,prot-1951--ak--21
34,cdca04e0bc6ce855,e- m,em,prot-1951--ak--21
35,cdca04e0bc6ce855,i- g,ig,prot-1951--ak--21
36,cdca04e0bc6ce855,n- s,ns,prot-1951--ak--21
37,cdca04e0bc6ce855,i- g,ig,prot-1951--ak--21
38,cdca04e0bc6ce855,s- k,sk,prot-1951--ak--21
39,cdca04e0bc6ce855,n- s,ns,prot-1951--ak--21
40,cdca04e0bc6ce855,s- a,sa,prot-1951--ak--21
0,cdca04e0bc6ce855,r- s,rs,prot-1951--ak--21
1,cdca04e0bc6ce855,e- t,et,prot-1951--ak--21
2,cdca04e0bc6ce855,y- e,ye,prot-1951--ak--21
3,cdca04e0bc6ce855,g- h,gh,prot-1951--ak--21
4,cdca04e0bc6ce855,n- s,ns,prot-1951--ak--21
5,cdca04e0bc6ce855,s- n,sn,prot-1951--ak--21
6,cdca04e0bc6ce855,i- t,it,prot-1951--ak--21
7,cdca04e0bc6ce855,e- f,ef,prot-1951--ak--21
8,cdca04e0bc6ce855,i- t,it,prot-1951--ak--21
9,cdca04e0bc6ce855,a- r,ar,prot-1951--ak--21
10,cdca04e0bc6ce855,i- s,is,prot-1951--ak--21
11,cdca04e0bc6ce855,g- e,ge,prot-1951--ak--21
12,cdca04e0bc6ce855,n- n,nn,prot-1951--ak--21
13,cdca04e0bc6ce855,l- f,lf,prot-1951--ak--21
14,cdca04e0bc6ce855,r- l,rl,prot-1951--ak--21
15,cdca04e0bc6ce855,k- n,kn,prot-1951--ak--21
16,cdca04e0bc6ce855,a- t,at,prot-1951--ak--21
17,cdca04e0bc6ce855,å- g,åg,prot-1951--ak--21
18,cdca04e0bc6ce855,i- t,it,prot-1951--ak--21
19,cdca04e0bc6ce855,a- l,al,prot-1951--ak--21
20,cdca04e0bc6ce855,m- t,mt,prot-1951--ak--21
0,7b16a01c980ae2ac,"a
d",a d,prot-1951--ak--21
1,cdca04e0bc6ce855,e- r,er,prot-1951--ak--21
2,cdca04e0bc6ce855,l- t,lt,prot-1951--ak--21
3,cdca04e0bc6ce855,i- k,ik,prot-1951--ak--21
4,cdca04e0bc6ce855,r- t,rt,prot-1951--ak--21
5,cdca04e0bc6ce855,s- f,sf,prot-1951--ak--21
6,cdca04e0bc6ce855,n- t,nt,prot-1951--ak--21
7,cdca04e0bc6ce855,r- m,rm,prot-1951--ak--21
8,cdca04e0bc6ce855,i- t,it,prot-1951--ak--21
9,cdca04e0bc6ce855,i- t,it,prot-1951--ak--21
10,cdca04e0bc6ce855,l- l,ll,prot-1951--ak--21
11,cdca04e0bc6ce855,r- s,rs,prot-1951--ak--21
12,cdca04e0bc6ce855,e- o,eo,prot-1951--ak--21
13,cdca04e0bc6ce855,d- p,dp,prot-1951--ak--21
14,cdca04e0bc6ce855,e- d,ed,prot-1951--ak--21
15,cdca04e0bc6ce855,a- g,ag,prot-1951--ak--21
16,cdca04e0bc6ce855,r- k,rk,prot-1951--ak--21
17,cdca04e0bc6ce855,e- d,ed,prot-1951--ak--21
18,cdca04e0bc6ce855,i- d,id,prot-1951--ak--21
19,cdca04e0bc6ce855,o- o,oo,prot-1951--ak--21
20,cdca04e0bc6ce855,l- j,lj,prot-1951--ak--21
21,cdca04e0bc6ce855,o- n,on,prot-1951--ak--21
22,cdca04e0bc6ce855,m- p,mp,prot-1951--ak--21
23,cdca04e0bc6ce855,u- n,un,prot-1951--ak--21
24,cdca04e0bc6ce855,n- s,ns,prot-1951--ak--21
25,cdca04e0bc6ce855,m- k,mk,prot-1951--ak--21
26,cdca04e0bc6ce855,k- n,kn,prot-1951--ak--21
27,cdca04e0bc6ce855,n- b,nb,prot-1951--ak--21
28,cdca04e0bc6ce855,v- r,vr,prot-1951--ak--21
29,cdca04e0bc6ce855,n- d,nd,prot-1951--ak--21
30,cdca04e0bc6ce855,i- t,it,prot-1951--ak--21
31,cdca04e0bc6ce855,a- d,ad,prot-1951--ak--21
32,cdca04e0bc6ce855,s- m,sm,prot-1951--ak--21
33,cdca04e0bc6ce855,o- n,on,prot-1951--ak--21
34,cdca04e0bc6ce855,t- r,tr,prot-1951--ak--21
0,7b16a01c980ae2ac,"r
h",r h,prot-1951--ak--21
1,7b16a01c980ae2ac,"n
o",n o,prot-1951--ak--21
2,cdca04e0bc6ce855,n- h,nh,prot-1951--ak--21
3,cdca04e0bc6ce855,s- t,st,prot-1951--ak--21
4,cdca04e0bc6ce855,s- l,sl,prot-1951--ak--21
5,cdca04e0bc6ce855,r- l,rl,prot-1951--ak--21
6,cdca04e0bc6ce855,r- s,rs,prot-1951--ak--21
7,cdca04e0bc6ce855,n- t,nt,prot-1951--ak--21
8,cdca04e0bc6ce855,i- s,is,prot-1951--ak--21
9,cdca04e0bc6ce855,m- m,mm,prot-1951--ak--21
10,cdca04e0bc6ce855,g- g,gg,prot-1951--ak--21
11,cdca04e0bc6ce855,e- m,em,prot-1951--ak--21
12,cdca04e0bc6ce855,e- r,er,prot-1951--ak--21
13,cdca04e0bc6ce855,r- s,rs,prot-1951--ak--21
14,cdca04e0bc6ce855,s- v,sv,prot-1951--ak--21
15,cdca04e0bc6ce855,d- r,dr,prot-1951--ak--21
16,cdca04e0bc6ce855,s- s,ss,prot-1951--ak--21
17,cdca04e0bc6ce855,s- u,su,prot-1951--ak--21
18,cdca04e0bc6ce855,r- r,rr,prot-1951--ak--21
19,cdca04e0bc6ce855,p- r,pr,prot-1951--ak--21
20,cdca04e0bc6ce855,l- l,ll,prot-1951--ak--21
21,cdca04e0bc6ce855,s- t,st,prot-1951--ak--21
22,cdca04e0bc6ce855,t- t,tt,prot-1951--ak--21
23,cdca04e0bc6ce855,u- m,um,prot-1951--ak--21
24,cdca04e0bc6ce855,t- t,tt,prot-1951--ak--21
25,cdca04e0bc6ce855,d- r,dr,prot-1951--ak--21
26,cdca04e0bc6ce855,y- n,yn,prot-1951--ak--21
27,cdca04e0bc6ce855,l- v,lv,prot-1951--ak--21
28,cdca04e0bc6ce855,o- n,on,prot-1951--ak--21
29,cdca04e0bc6ce855,k- t,kt,prot-1951--ak--21
30,cdca04e0bc6ce855,r- l,rl,prot-1951--ak--21
31,cdca04e0bc6ce855,s- o,so,prot-1951--ak--21
32,cdca04e0bc6ce855,k- l,kl,prot-1951--ak--21
0,cdca04e0bc6ce855,t- f,tf,prot-1951--ak--21
1,cdca04e0bc6ce855,a- t,at,prot-1951--ak--21
2,cdca04e0bc6ce855,l- l,ll,prot-1951--ak--21
3,cdca04e0bc6ce855,t- n,tn,prot-1951--ak--21
4,cdca04e0bc6ce855,r- n,rn,prot-1951--ak--21
5,cdca04e0bc6ce855,n- t,nt,prot-1951--ak--21
6,cdca04e0bc6ce855,n- d,nd,prot-1951--ak--21
7,cdca04e0bc6ce855,n- t,nt,prot-1951--ak--21
8,cdca04e0bc6ce855,p- f,pf,prot-1951--ak--21
9,cdca04e0bc6ce855,i- t,it,prot-1951--ak--21
10,cdca04e0bc6ce855,s- t,st,prot-1951--ak--21
11,cdca04e0bc6ce855,l- h,lh,prot-1951--ak--21
12,cdca04e0bc6ce855,o- n,on,prot-1951--ak--21
13,cdca04e0bc6ce855,n- l,nl,prot-1951--ak--21
14,cdca04e0bc6ce855,n- d,nd,prot-1951--ak--21
15,cdca04e0bc6ce855,g- b,gb,prot-1951--ak--21
16,cdca04e0bc6ce855,o- n,on,prot-1951--ak--21
17,cdca04e0bc6ce855,r- s,rs,prot-1951--ak--21
18,cdca04e0bc6ce855,p- s,ps,prot-1951--ak--21
19,cdca04e0bc6ce855,l- r,lr,prot-1951--ak--21
20,cdca04e0bc6ce855,k- v,kv,prot-1951--ak--21
21,cdca04e0bc6ce855,e- s,es,prot-1951--ak--21
22,cdca04e0bc6ce855,e- s,es,prot-1951--ak--21
23,cdca04e0bc6ce855,e- r,er,prot-1951--ak--21
24,cdca04e0bc6ce855,l- l,ll,prot-1951--ak--21
25,cdca04e0bc6ce855,r- s,rs,prot-1951--ak--21
26,cdca04e0bc6ce855,k- l,kl,prot-1951--ak--21
27,cdca04e0bc6ce855,g- r,gr,prot-1951--ak--21
28,cdca04e0bc6ce855,y- t,yt,prot-1951--ak--21
0,7b16a01c980ae2ac,"r
u",r u,prot-1951--ak--21
1,cdca04e0bc6ce855,s- s,ss,prot-1951--ak--21
2,cdca04e0bc6ce855,a- d,ad,prot-1951--ak--21
3,cdca04e0bc6ce855,f- t,ft,prot-1951--ak--21
4,cdca04e0bc6ce855,s- a,sa,prot-1951--ak--21
5,cdca04e0bc6ce855,g- o,go,prot-1951--ak--21
6,cdca04e0bc6ce855,n- d,nd,prot-1951--ak--21
7,cdca04e0bc6ce855,e- r,er,prot-1951--ak--21
8,cdca04e0bc6ce855,g- r,gr,prot-1951--ak--21
9,cdca04e0bc6ce855,n- n,nn,prot-1951--ak--21
10,cdca04e0bc6ce855,l- d,ld,prot-1951--ak--21
11,cdca04e0bc6ce855,d- t,dt,prot-1951--ak--21
12,cdca04e0bc6ce855,a- t,at,prot-1951--ak--21
13,cdca04e0bc6ce855,k- n,kn,prot-1951--ak--21
14,cdca04e0bc6ce855,i- t,it,prot-1951--ak--21
15,cdca04e0bc6ce855,d- n,dn,prot-1951--ak--21
16,cdca04e0bc6ce855,e- r,er,prot-1951--ak--21
17,cdca04e0bc6ce855,g- h,gh,prot-1951--ak--21
18,cdca04e0bc6ce855,e- r,er,prot-1951--ak--21
19,cdca04e0bc6ce855,e- g,eg,prot-1951--ak--21
20,cdca04e0bc6ce855,n- n,nn,prot-1951--ak--21
21,cdca04e0bc6ce855,p- t,pt,prot-1951--ak--21
22,cdca04e0bc6ce855,r- n,rn,prot-1951--ak--21
23,cdca04e0bc6ce855,å- g,åg,prot-1951--ak--21
24,cdca04e0bc6ce855,e- t,et,prot-1951--ak--21
25,cdca04e0bc6ce855,n- l,nl,prot-1951--ak--21
26,cdca04e0bc6ce855,e- r,er,prot-1951--ak--21
27,cdca04e0bc6ce855,å- g,åg,prot-1951--ak--21
28,cdca04e0bc6ce855,a- r,ar,prot-1951--ak--21
29,cdca04e0bc6ce855,j- l,jl,prot-1951--ak--21
30,cdca04e0bc6ce855,p- p,pp,prot-1951--ak--21
31,cdca04e0bc6ce855,r- s,rs,prot-1951--ak--21
32,cdca04e0bc6ce855,ö- g,ög,prot-1951--ak--21
33,cdca04e0bc6ce855,s- ö,sö,prot-1951--ak--21
34,cdca04e0bc6ce855,t- f,tf,prot-1951--ak--21
35,cdca04e0bc6ce855,p- c,pc,prot-1951--ak--21
36,cdca04e0bc6ce855,r- s,rs,prot-1951--ak--21
37,cdca04e0bc6ce855,a- r,ar,prot-1951--ak--21
38,cdca04e0bc6ce855,m- v,mv,prot-1951--ak--21
0,7b16a01c980ae2ac,"n
f",n f,prot-1951--ak--21
1,cdca04e0bc6ce855,e- v,ev,prot-1951--ak--21
2,cdca04e0bc6ce855,l- l,ll,prot-1951--ak--21
3,cdca04e0bc6ce855,l- l,ll,prot-1951--ak--21
4,cdca04e0bc6ce855,t- b,tb,prot-1951--ak--21
5,cdca04e0bc6ce855,d- t,dt,prot-1951--ak--21
6,cdca04e0bc6ce855,i- d,id,prot-1951--ak--21
7,cdca04e0bc6ce855,k- s,ks,prot-1951--ak--21
8,cdca04e0bc6ce855,n- n,nn,prot-1951--ak--21
9,cdca04e0bc6ce855,g- a,ga,prot-1951--ak--21
10,cdca04e0bc6ce855,r- t,rt,prot-1951--ak--21
11,cdca04e0bc6ce855,k- l,kl,prot-1951--ak--21
12,cdca04e0bc6ce855,t- s,ts,prot-1951--ak--21
13,cdca04e0bc6ce855,l- j,lj,prot-1951--ak--21
14,cdca04e0bc6ce855,o- l,ol,prot-1951--ak--21
15,cdca04e0bc6ce855,n- n,nn,prot-1951--ak--21
16,cdca04e0bc6ce855,g- e,ge,prot-1951--ak--21
17,cdca04e0bc6ce855,r- m,rm,prot-1951--ak--21
18,cdca04e0bc6ce855,i- g,ig,prot-1951--ak--21
19,cdca04e0bc6ce855,k- t,kt,prot-1951--ak--21
20,cdca04e0bc6ce855,n- n,nn,prot-1951--ak--21
21,cdca04e0bc6ce855,r- l,rl,prot-1951--ak--21
22,cdca04e0bc6ce855,n- l,nl,prot-1951--ak--21
23,cdca04e0bc6ce855,s- m,sm,prot-1951--ak--21
24,cdca04e0bc6ce855,o- n,on,prot-1951--ak--21
25,cdca04e0bc6ce855,r- s,rs,prot-1951--ak--21
26,cdca04e0bc6ce855,n- d,nd,prot-1951--ak--21
27,cdca04e0bc6ce855,r- l,rl,prot-1951--ak--21
28,cdca04e0bc6ce855,n- d,nd,prot-1951--ak--21
29,cdca04e0bc6ce855,e- r,er,prot-1951--ak--21
30,cdca04e0bc6ce855,i- t,it,prot-1951--ak--21
31,cdca04e0bc6ce855,r- g,rg,prot-1951--ak--21
32,cdca04e0bc6ce855,n- k,nk,prot-1951--ak--21
33,cdca04e0bc6ce855,t- t,tt,prot-1951--ak--21
34,cdca04e0bc6ce855,n- h,nh,prot-1951--ak--21
35,cdca04e0bc6ce855,m- p,mp,prot-1951--ak--21
36,cdca04e0bc6ce855,i- t,it,prot-1951--ak--21
37,cdca04e0bc6ce855,s- p,sp,prot-1951--ak--21
0,7b16a01c980ae2ac,"a
f",a f,prot-1951--ak--21
1,cdca04e0bc6ce855,m- o,mo,prot-1951--ak--21
2,cdca04e0bc6ce855,i- t,it,prot-1951--ak--21
3,cdca04e0bc6ce855,o- s,os,prot-1951--ak--21
4,cdca04e0bc6ce855,o- k,ok,prot-1951--ak--21
5,cdca04e0bc6ce855,r- l,rl,prot-1951--ak--21
6,cdca04e0bc6ce855,l- f,lf,prot-1951--ak--21
7,cdca04e0bc6ce855,r- s,rs,prot-1951--ak--21
8,cdca04e0bc6ce855,s- m,sm,prot-1951--ak--21
9,cdca04e0bc6ce855,e- r,er,prot-1951--ak--21
10,cdca04e0bc6ce855,a- g,ag,prot-1951--ak--21
11,cdca04e0bc6ce855,t- å,tå,prot-1951--ak--21
12,cdca04e0bc6ce855,o- n,on,prot-1951--ak--21
13,cdca04e0bc6ce855,l- s,ls,prot-1951--ak--21
14,cdca04e0bc6ce855,m- m,mm,prot-1951--ak--21
15,cdca04e0bc6ce855,n- d,nd,prot-1951--ak--21
16,cdca04e0bc6ce855,e- l,el,prot-1951--ak--21
17,cdca04e0bc6ce855,d- g,dg,prot-1951--ak--21
18,cdca04e0bc6ce855,å- g,åg,prot-1951--ak--21
19,cdca04e0bc6ce855,s- k,sk,prot-1951--ak--21
20,cdca04e0bc6ce855,u- l,ul,prot-1951--ak--21
21,cdca04e0bc6ce855,r- s,rs,prot-1951--ak--21
22,cdca04e0bc6ce855,l- j,lj,prot-1951--ak--21
23,cdca04e0bc6ce855,d- n,dn,prot-1951--ak--21
24,cdca04e0bc6ce855,s- v,sv,prot-1951--ak--21
25,cdca04e0bc6ce855,r- s,rs,prot-1951--ak--21
26,cdca04e0bc6ce855,r- n,rn,prot-1951--ak--21
27,cdca04e0bc6ce855,t- n,tn,prot-1951--ak--21
28,cdca04e0bc6ce855,å- n,ån,prot-1951--ak--21
29,cdca04e0bc6ce855,r- s,rs,prot-1951--ak--21
30,cdca04e0bc6ce855,m- m,mm,prot-1951--ak--21
31,cdca04e0bc6ce855,s- k,sk,prot-1951--ak--21
32,cdca04e0bc6ce855,k- l,kl,prot-1951--ak--21
33,cdca04e0bc6ce855,i- v,iv,prot-1951--ak--21
0,7b16a01c980ae2ac,"e
l",e l,prot-1951--ak--21
1,cdca04e0bc6ce855,r- s,rs,prot-1951--ak--21
2,cdca04e0bc6ce855,s- m,sm,prot-1951--ak--21
3,cdca04e0bc6ce855,a- d,ad,prot-1951--ak--21
4,cdca04e0bc6ce855,n- n,nn,prot-1951--ak--21
5,cdca04e0bc6ce855,r- n,rn,prot-1951--ak--21
6,cdca04e0bc6ce855,e- f,ef,prot-1951--ak--21
7,cdca04e0bc6ce855,r- n,rn,prot-1951--ak--21
8,cdca04e0bc6ce855,d- g,dg,prot-1951--ak--21
9,cdca04e0bc6ce855,e- n,en,prot-1951--ak--21
10,cdca04e0bc6ce855,n- d,nd,prot-1951--ak--21
11,cdca04e0bc6ce855,e- n,en,prot-1951--ak--21
12,cdca04e0bc6ce855,r- s,rs,prot-1951--ak--21
13,cdca04e0bc6ce855,n- t,nt,prot-1951--ak--21
14,cdca04e0bc6ce855,s- p,sp,prot-1951--ak--21
15,cdca04e0bc6ce855,s- ä,sä,prot-1951--ak--21
16,cdca04e0bc6ce855,t- l,tl,prot-1951--ak--21
17,cdca04e0bc6ce855,m- f,mf,prot-1951--ak--21
18,cdca04e0bc6ce855,n- d,nd,prot-1951--ak--21
19,cdca04e0bc6ce855,n- k,nk,prot-1951--ak--21
20,cdca04e0bc6ce855,e- b,eb,prot-1951--ak--21
21,cdca04e0bc6ce855,k- n,kn,prot-1951--ak--21
22,cdca04e0bc6ce855,n- d,nd,prot-1951--ak--21
23,cdca04e0bc6ce855,e- l,el,prot-1951--ak--21
24,cdca04e0bc6ce855,r- e,re,prot-1951--ak--21
25,cdca04e0bc6ce855,e- t,et,prot-1951--ak--21
26,cdca04e0bc6ce855,m- s,ms,prot-1951--ak--21
27,cdca04e0bc6ce855,k- n,kn,prot-1951--ak--21
28,cdca04e0bc6ce855,e- h,eh,prot-1951--ak--21
29,cdca04e0bc6ce855,s- s,ss,prot-1951--ak--21
30,cdca04e0bc6ce855,f- n,fn,prot-1951--ak--21
31,cdca04e0bc6ce855,s- u,su,prot-1951--ak--21
32,cdca04e0bc6ce855,s- t,st,prot-1951--ak--21
33,cdca04e0bc6ce855,s- t,st,prot-1951--ak--21
34,cdca04e0bc6ce855,l- m,lm,prot-1951--ak--21
0,7b16a01c980ae2ac,"v
s",v s,prot-1951--ak--21
1,cdca04e0bc6ce855,s- t,st,prot-1951--ak--21
2,cdca04e0bc6ce855,m- m,mm,prot-1951--ak--21
3,cdca04e0bc6ce855,r- e,re,prot-1951--ak--21
4,cdca04e0bc6ce855,j- l,jl,prot-1951--ak--21
5,cdca04e0bc6ce855,i- t,it,prot-1951--ak--21
6,cdca04e0bc6ce855,t- l,tl,prot-1951--ak--21
7,cdca04e0bc6ce855,n- d,nd,prot-1951--ak--21
8,cdca04e0bc6ce855,i- k,ik,prot-1951--ak--21
9,cdca04e0bc6ce855,c- k,ck,prot-1951--ak--21
10,cdca04e0bc6ce855,s- t,st,prot-1951--ak--21
11,cdca04e0bc6ce855,o- n,on,prot-1951--ak--21
12,cdca04e0bc6ce855,s- d,sd,prot-1951--ak--21
13,cdca04e0bc6ce855,t- t,tt,prot-1951--ak--21
14,cdca04e0bc6ce855,d- d,dd,prot-1951--ak--21
15,cdca04e0bc6ce855,l- d,ld,prot-1951--ak--21
16,cdca04e0bc6ce855,r- l,rl,prot-1951--ak--21
17,cdca04e0bc6ce855,r- r,rr,prot-1951--ak--21
18,cdca04e0bc6ce855,s- m,sm,prot-1951--ak--21
19,cdca04e0bc6ce855,i- v,iv,prot-1951--ak--21
20,cdca04e0bc6ce855,r- s,rs,prot-1951--ak--21
21,cdca04e0bc6ce855,e- b,eb,prot-1951--ak--21
22,cdca04e0bc6ce855,s- m,sm,prot-1951--ak--21
23,cdca04e0bc6ce855,t- g,tg,prot-1951--ak--21
24,cdca04e0bc6ce855,p- o,po,prot-1951--ak--21
25,cdca04e0bc6ce855,m- m,mm,prot-1951--ak--21
26,cdca04e0bc6ce855,s- t,st,prot-1951--ak--21
27,cdca04e0bc6ce855,i- v,iv,prot-1951--ak--21
28,cdca04e0bc6ce855,l- l,ll,prot-1951--ak--21
29,cdca04e0bc6ce855,t- t,tt,prot-1951--ak--21
30,cdca04e0bc6ce855,l- k,lk,prot-1951--ak--21
31,cdca04e0bc6ce855,i- n,in,prot-1951--ak--21
32,cdca04e0bc6ce855,r- s,rs,prot-1951--ak--21
33,cdca04e0bc6ce855,r- s,rs,prot-1951--ak--21
34,cdca04e0bc6ce855,m- s,ms,prot-1951--ak--21
0,7b16a01c980ae2ac,"n
h",n h,prot-1951--ak--21
1,7b16a01c980ae2ac,"s
m",s m,prot-1951--ak--21
2,cdca04e0bc6ce855,d- n,dn,prot-1951--ak--21
3,cdca04e0bc6ce855,r- s,rs,prot-1951--ak--21
4,cdca04e0bc6ce855,i- n,in,prot-1951--ak--21
5,cdca04e0bc6ce855,r- s,rs,prot-1951--ak--21
6,cdca04e0bc6ce855,n- v,nv,prot-1951--ak--21
7,cdca04e0bc6ce855,e- f,ef,prot-1951--ak--21
8,cdca04e0bc6ce855,s- t,st,prot-1951--ak--21
9,cdca04e0bc6ce855,p- f,pf,prot-1951--ak--21
10,cdca04e0bc6ce855,r- s,rs,prot-1951--ak--21
11,cdca04e0bc6ce855,l- l,ll,prot-1951--ak--21
12,cdca04e0bc6ce855,l- d,ld,prot-1951--ak--21
13,cdca04e0bc6ce855,s- b,sb,prot-1951--ak--21
14,cdca04e0bc6ce855,e- g,eg,prot-1951--ak--21
15,cdca04e0bc6ce855,p- g,pg,prot-1951--ak--21
16,cdca04e0bc6ce855,i- t,it,prot-1951--ak--21
17,cdca04e0bc6ce855,n- n,nn,prot-1951--ak--21
18,cdca04e0bc6ce855,e- r,er,prot-1951--ak--21
19,cdca04e0bc6ce855,r- s,rs,prot-1951--ak--21
20,cdca04e0bc6ce855,n- n,nn,prot-1951--ak--21
21,cdca04e0bc6ce855,r- s,rs,prot-1951--ak--21
22,cdca04e0bc6ce855,r- s,rs,prot-1951--ak--21
23,cdca04e0bc6ce855,e- r,er,prot-1951--ak--21
24,cdca04e0bc6ce855,e- m,em,prot-1951--ak--21
25,cdca04e0bc6ce855,r- s,rs,prot-1951--ak--21
26,cdca04e0bc6ce855,m- l,ml,prot-1951--ak--21
27,cdca04e0bc6ce855,e- s,es,prot-1951--ak--21
28,cdca04e0bc6ce855,a- l,al,prot-1951--ak--21
29,cdca04e0bc6ce855,r- s,rs,prot-1951--ak--21
30,cdca04e0bc6ce855,o- s,os,prot-1951--ak--21
31,cdca04e0bc6ce855,e- g,eg,prot-1951--ak--21
0,7b16a01c980ae2ac,"e
l",e l,prot-1951--ak--21
1,cdca04e0bc6ce855,l- l,ll,prot-1951--ak--21
2,cdca04e0bc6ce855,s- n,sn,prot-1951--ak--21
3,cdca04e0bc6ce855,a- t,at,prot-1951--ak--21
4,cdca04e0bc6ce855,r- h,rh,prot-1951--ak--21
5,cdca04e0bc6ce855,n- d,nd,prot-1951--ak--21
6,cdca04e0bc6ce855,r- s,rs,prot-1951--ak--21
7,cdca04e0bc6ce855,a- d,ad,prot-1951--ak--21
8,cdca04e0bc6ce855,s- p,sp,prot-1951--ak--21
9,cdca04e0bc6ce855,l- t,lt,prot-1951--ak--21
10,cdca04e0bc6ce855,l- m,lm,prot-1951--ak--21
11,cdca04e0bc6ce855,n- h,nh,prot-1951--ak--21
12,cdca04e0bc6ce855,r- d,rd,prot-1951--ak--21
13,cdca04e0bc6ce855,m- m,mm,prot-1951--ak--21
14,cdca04e0bc6ce855,c- k,ck,prot-1951--ak--21
15,cdca04e0bc6ce855,e- r,er,prot-1951--ak--21
16,cdca04e0bc6ce855,a- g,ag,prot-1951--ak--21
17,cdca04e0bc6ce855,c- k,ck,prot-1951--ak--21
0,7b16a01c980ae2ac,"m
m",m m,prot-1951--ak--21
1,cdca04e0bc6ce855,a- g,ag,prot-1951--ak--21
2,cdca04e0bc6ce855,i- k,ik,prot-1951--ak--21
3,cdca04e0bc6ce855,m- m,mm,prot-1951--ak--21
4,cdca04e0bc6ce855,n- d,nd,prot-1951--ak--21
5,cdca04e0bc6ce855,p- p,pp,prot-1951--ak--21
6,cdca04e0bc6ce855,e- k,ek,prot-1951--ak--21
7,cdca04e0bc6ce855,o- s,os,prot-1951--ak--21
8,cdca04e0bc6ce855,e- t,et,prot-1951--ak--21
9,cdca04e0bc6ce855,n- d,nd,prot-1951--ak--21
10,cdca04e0bc6ce855,e- r,er,prot-1951--ak--21
11,cdca04e0bc6ce855,k- p,kp,prot-1951--ak--21
12,cdca04e0bc6ce855,s- k,sk,prot-1951--ak--21
13,cdca04e0bc6ce855,j- n,jn,prot-1951--ak--21
14,cdca04e0bc6ce855,k- a,ka,prot-1951--ak--21
15,cdca04e0bc6ce855,s- k,sk,prot-1951--ak--21
16,cdca04e0bc6ce855,å- g,åg,prot-1951--ak--21
17,cdca04e0bc6ce855,p- p,pp,prot-1951--ak--21
18,cdca04e0bc6ce855,ä- g,äg,prot-1951--ak--21
19,cdca04e0bc6ce855,l- m,lm,prot-1951--ak--21
20,cdca04e0bc6ce855,l- n,ln,prot-1951--ak--21
21,cdca04e0bc6ce855,o- s,os,prot-1951--ak--21
22,cdca04e0bc6ce855,m- f,mf,prot-1951--ak--21
23,cdca04e0bc6ce855,r- s,rs,prot-1951--ak--21
24,cdca04e0bc6ce855,n- g,ng,prot-1951--ak--21
25,cdca04e0bc6ce855,r- s,rs,prot-1951--ak--21
26,cdca04e0bc6ce855,o- n,on,prot-1951--ak--21
27,cdca04e0bc6ce855,c- k,ck,prot-1951--ak--21
28,cdca04e0bc6ce855,r- l,rl,prot-1951--ak--21
0,7b16a01c980ae2ac,"a
s",a s,prot-1951--ak--21
1,cdca04e0bc6ce855,l- s,ls,prot-1951--ak--21
2,cdca04e0bc6ce855,l- l,ll,prot-1951--ak--21
3,cdca04e0bc6ce855,g- a,ga,prot-1951--ak--21
4,cdca04e0bc6ce855,j- l,jl,prot-1951--ak--21
5,cdca04e0bc6ce855,d- g,dg,prot-1951--ak--21
6,cdca04e0bc6ce855,p- l,pl,prot-1951--ak--21
7,cdca04e0bc6ce855,s- t,st,prot-1951--ak--21
8,cdca04e0bc6ce855,ä- g,äg,prot-1951--ak--21
9,cdca04e0bc6ce855,å- l,ål,prot-1951--ak--21
10,cdca04e0bc6ce855,s- f,sf,prot-1951--ak--21
11,cdca04e0bc6ce855,s- k,sk,prot-1951--ak--21
12,cdca04e0bc6ce855,a- m,am,prot-1951--ak--21
13,cdca04e0bc6ce855,a- t,at,prot-1951--ak--21
14,cdca04e0bc6ce855,d- g,dg,prot-1951--ak--21
15,cdca04e0bc6ce855,k- l,kl,prot-1951--ak--21
16,cdca04e0bc6ce855,o- s,os,prot-1951--ak--21
17,cdca04e0bc6ce855,v- s,vs,prot-1951--ak--21
18,cdca04e0bc6ce855,l- m,lm,prot-1951--ak--21
19,cdca04e0bc6ce855,k- s,ks,prot-1951--ak--21
20,cdca04e0bc6ce855,s- n,sn,prot-1951--ak--21
21,cdca04e0bc6ce855,å- g,åg,prot-1951--ak--21
22,cdca04e0bc6ce855,l- m,lm,prot-1951--ak--21
23,cdca04e0bc6ce855,k- n,kn,prot-1951--ak--21
24,cdca04e0bc6ce855,k- n,kn,prot-1951--ak--21
25,cdca04e0bc6ce855,r- b,rb,prot-1951--ak--21
26,cdca04e0bc6ce855,r- s,rs,prot-1951--ak--21
27,cdca04e0bc6ce855,r- s,rs,prot-1951--ak--21
28,cdca04e0bc6ce855,l- r,lr,prot-1951--ak--21
29,cdca04e0bc6ce855,a- j,aj,prot-1951--ak--21
30,cdca04e0bc6ce855,n- s,ns,prot-1951--ak--21
31,cdca04e0bc6ce855,r- s,rs,prot-1951--ak--21
32,cdca04e0bc6ce855,r- f,rf,prot-1951--ak--21
0,cdca04e0bc6ce855,s- f,sf,prot-1951--ak--21
1,cdca04e0bc6ce855,n- r,nr,prot-1951--ak--21
2,cdca04e0bc6ce855,a- l,al,prot-1951--ak--21
3,cdca04e0bc6ce855,r- s,rs,prot-1951--ak--21
4,cdca04e0bc6ce855,m- m,mm,prot-1951--ak--21
5,cdca04e0bc6ce855,e- b,eb,prot-1951--ak--21
6,cdca04e0bc6ce855,s- s,ss,prot-1951--ak--21
7,cdca04e0bc6ce855,s- s,ss,prot-1951--ak--21
8,cdca04e0bc6ce855,s- s,ss,prot-1951--ak--21
9,cdca04e0bc6ce855,n- k,nk,prot-1951--ak--21
10,cdca04e0bc6ce855,l- m,lm,prot-1951--ak--21
11,cdca04e0bc6ce855,s- n,sn,prot-1951--ak--21
12,cdca04e0bc6ce855,d- v,dv,prot-1951--ak--21
13,cdca04e0bc6ce855,s- d,sd,prot-1951--ak--21
14,cdca04e0bc6ce855,n- g,ng,prot-1951--ak--21
15,cdca04e0bc6ce855,s- d,sd,prot-1951--ak--21
16,cdca04e0bc6ce855,a- d,ad,prot-1951--ak--21
17,cdca04e0bc6ce855,å- g,åg,prot-1951--ak--21
18,cdca04e0bc6ce855,r- t,rt,prot-1951--ak--21
19,cdca04e0bc6ce855,a- p,ap,prot-1951--ak--21
20,cdca04e0bc6ce855,t- n,tn,prot-1951--ak--21
21,cdca04e0bc6ce855,s- i,si,prot-1951--ak--21
22,cdca04e0bc6ce855,l- k,lk,prot-1951--ak--21
23,cdca04e0bc6ce855,n- n,nn,prot-1951--ak--21
0,7b16a01c980ae2ac,"t
d",t d,prot-1951--ak--21
1,7b16a01c980ae2ac,"g
a",g a,prot-1951--ak--21
2,7b16a01c980ae2ac,",
d",", d",prot-1951--ak--21
3,7b16a01c980ae2ac,",
d",", d",prot-1951--ak--21
4,7b16a01c980ae2ac,",
d",", d",prot-1951--ak--21
5,cdca04e0bc6ce855,m- m,mm,prot-1951--ak--21
6,cdca04e0bc6ce855,i- g,ig,prot-1951--ak--21
7,cdca04e0bc6ce855,e- l,el,prot-1951--ak--21
8,cdca04e0bc6ce855,m- m,mm,prot-1951--ak--21
9,cdca04e0bc6ce855,t- r,tr,prot-1951--ak--21
10,cdca04e0bc6ce855,i- t,it,prot-1951--ak--21
11,cdca04e0bc6ce855,a- k,ak,prot-1951--ak--21
12,cdca04e0bc6ce855,u- t,ut,prot-1951--ak--21
13,cdca04e0bc6ce855,m- s,ms,prot-1951--ak--21
14,cdca04e0bc6ce855,r- s,rs,prot-1951--ak--21
15,cdca04e0bc6ce855,å- v,åv,prot-1951--ak--21
16,cdca04e0bc6ce855,a- g,ag,prot-1951--ak--21
17,cdca04e0bc6ce855,s- ö,sö,prot-1951--ak--21
18,cdca04e0bc6ce855,n- s,ns,prot-1951--ak--21
19,cdca04e0bc6ce855,s- ö,sö,prot-1951--ak--21
20,cdca04e0bc6ce855,v- s,vs,prot-1951--ak--21
21,cdca04e0bc6ce855,a- t,at,prot-1951--ak--21
22,cdca04e0bc6ce855,i- t,it,prot-1951--ak--21
23,cdca04e0bc6ce855,m- m,mm,prot-1951--ak--21
24,cdca04e0bc6ce855,l- g,lg,prot-1951--ak--21
25,cdca04e0bc6ce855,m- m,mm,prot-1951--ak--21
26,cdca04e0bc6ce855,l- g,lg,prot-1951--ak--21
27,cdca04e0bc6ce855,m- m,mm,prot-1951--ak--21
0,7b16a01c980ae2ac,"n
m",n m,prot-1951--ak--21
1,cdca04e0bc6ce855,r- s,rs,prot-1951--ak--21
2,cdca04e0bc6ce855,v- n,vn,prot-1951--ak--21
3,cdca04e0bc6ce855,n- v,nv,prot-1951--ak--21
4,cdca04e0bc6ce855,r- s,rs,prot-1951--ak--21
5,cdca04e0bc6ce855,o- t,ot,prot-1951--ak--21
6,cdca04e0bc6ce855,r- m,rm,prot-1951--ak--21
7,cdca04e0bc6ce855,n- t,nt,prot-1951--ak--21
8,cdca04e0bc6ce855,a- g,ag,prot-1951--ak--21
9,cdca04e0bc6ce855,c- k,ck,prot-1951--ak--21
10,cdca04e0bc6ce855,a- r,ar,prot-1951--ak--21
11,cdca04e0bc6ce855,g- b,gb,prot-1951--ak--21
12,cdca04e0bc6ce855,t- t,tt,prot-1951--ak--21
13,cdca04e0bc6ce855,f- t,ft,prot-1951--ak--21
14,cdca04e0bc6ce855,e- n,en,prot-1951--ak--21
15,cdca04e0bc6ce855,j- n,jn,prot-1951--ak--21
16,cdca04e0bc6ce855,å- s,ås,prot-1951--ak--21
17,cdca04e0bc6ce855,t- n,tn,prot-1951--ak--21
18,cdca04e0bc6ce855,o- p,op,prot-1951--ak--21
19,cdca04e0bc6ce855,e- s,es,prot-1951--ak--21
20,cdca04e0bc6ce855,l- m,lm,prot-1951--ak--21
21,cdca04e0bc6ce855,a- p,ap,prot-1951--ak--21
22,cdca04e0bc6ce855,d- n,dn,prot-1951--ak--21
23,cdca04e0bc6ce855,d- k,dk,prot-1951--ak--21
0,7b16a01c980ae2ac,"a
a",a a,prot-1951--ak--21
1,7b16a01c980ae2ac,",
a",", a",prot-1951--ak--21
2,7b16a01c980ae2ac,",
a",", a",prot-1951--ak--21
3,7b16a01c980ae2ac,"t
a",t a,prot-1951--ak--21
4,7b16a01c980ae2ac,",
a",", a",prot-1951--ak--21
5,cdca04e0bc6ce855,v- s,vs,prot-1951--ak--21
6,cdca04e0bc6ce855,a- p,ap,prot-1951--ak--21
7,cdca04e0bc6ce855,o- p,op,prot-1951--ak--21
8,cdca04e0bc6ce855,s- n,sn,prot-1951--ak--21
9,cdca04e0bc6ce855,t- s,ts,prot-1951--ak--21
10,cdca04e0bc6ce855,t- n,tn,prot-1951--ak--21
11,cdca04e0bc6ce855,m- r,mr,prot-1951--ak--21
12,cdca04e0bc6ce855,e- f,ef,prot-1951--ak--21
13,cdca04e0bc6ce855,i- t,it,prot-1951--ak--21
14,cdca04e0bc6ce855,t- s,ts,prot-1951--ak--21
15,cdca04e0bc6ce855,l- u,lu,prot-1951--ak--21
16,cdca04e0bc6ce855,k- k,kk,prot-1951--ak--21
17,cdca04e0bc6ce855,r- s,rs,prot-1951--ak--21
18,cdca04e0bc6ce855,a- l,al,prot-1951--ak--21
19,cdca04e0bc6ce855,t- t,tt,prot-1951--ak--21
20,cdca04e0bc6ce855,r- b,rb,prot-1951--ak--21
21,cdca04e0bc6ce855,r- b,rb,prot-1951--ak--21
22,cdca04e0bc6ce855,t- b,tb,prot-1951--ak--21
23,cdca04e0bc6ce855,r- b,rb,prot-1951--ak--21
24,cdca04e0bc6ce855,t- b,tb,prot-1951--ak--21
25,cdca04e0bc6ce855,t- t,tt,prot-1951--ak--21
0,cdca04e0bc6ce855,n- s,ns,prot-1951--ak--21
1,cdca04e0bc6ce855,m- s,ms,prot-1951--ak--21
2,cdca04e0bc6ce855,e- s,es,prot-1951--ak--21
3,cdca04e0bc6ce855,t- t,tt,prot-1951--ak--21
4,cdca04e0bc6ce855,l- n,ln,prot-1951--ak--21
5,cdca04e0bc6ce855,e- s,es,prot-1951--ak--21
6,cdca04e0bc6ce855,n- t,nt,prot-1951--ak--21
7,cdca04e0bc6ce855,r- g,rg,prot-1951--ak--21
8,cdca04e0bc6ce855,l- n,ln,prot-1951--ak--21
9,cdca04e0bc6ce855,n- t,nt,prot-1951--ak--21
10,cdca04e0bc6ce855,r- g,rg,prot-1951--ak--21
11,cdca04e0bc6ce855,e- l,el,prot-1951--ak--21
12,cdca04e0bc6ce855,o- t,ot,prot-1951--ak--21
13,cdca04e0bc6ce855,d- n,dn,prot-1951--ak--21
14,cdca04e0bc6ce855,i- k,ik,prot-1951--ak--21
15,cdca04e0bc6ce855,i- v,iv,prot-1951--ak--21
16,cdca04e0bc6ce855,e- n,en,prot-1951--ak--21
17,cdca04e0bc6ce855,n- c,nc,prot-1951--ak--21
18,cdca04e0bc6ce855,r- k,rk,prot-1951--ak--21
19,cdca04e0bc6ce855,g- a,ga,prot-1951--ak--21
20,cdca04e0bc6ce855,s- o,so,prot-1951--ak--21
21,cdca04e0bc6ce855,t- r,tr,prot-1951--ak--21
22,cdca04e0bc6ce855,r- i,ri,prot-1951--ak--21
23,cdca04e0bc6ce855,e- t,et,prot-1951--ak--21
24,cdca04e0bc6ce855,e- g,eg,prot-1951--ak--21
25,cdca04e0bc6ce855,m- l,ml,prot-1951--ak--21
26,cdca04e0bc6ce855,å- r,år,prot-1951--ak--21
27,cdca04e0bc6ce855,l- n,ln,prot-1951--ak--21
28,cdca04e0bc6ce855,r- s,rs,prot-1951--ak--21
29,cdca04e0bc6ce855,s- k,sk,prot-1951--ak--21
30,cdca04e0bc6ce855,m- s,ms,prot-1951--ak--21
31,cdca04e0bc6ce855,u- r,ur,prot-1951--ak--21
32,cdca04e0bc6ce855,l- f,lf,prot-1951--ak--21
0,cdca04e0bc6ce855,u- r,ur,prot-1951--ak--21
1,cdca04e0bc6ce855,l- l,ll,prot-1951--ak--21
2,cdca04e0bc6ce855,ä- r,är,prot-1951--ak--21
3,cdca04e0bc6ce855,o- t,ot,prot-1951--ak--21
4,cdca04e0bc6ce855,o- n,on,prot-1951--ak--21
5,cdca04e0bc6ce855,n- n,nn,prot-1951--ak--21
6,cdca04e0bc6ce855,n- n,nn,prot-1951--ak--21
7,cdca04e0bc6ce855,e- m,em,prot-1951--ak--21
8,cdca04e0bc6ce855,e- d,ed,prot-1951--ak--21
9,cdca04e0bc6ce855,u- r,ur,prot-1951--ak--21
10,cdca04e0bc6ce855,n- d,nd,prot-1951--ak--21
11,cdca04e0bc6ce855,r- l,rl,prot-1951--ak--21
12,cdca04e0bc6ce855,n- s,ns,prot-1951--ak--21
13,cdca04e0bc6ce855,n- d,nd,prot-1951--ak--21
14,cdca04e0bc6ce855,d- r,dr,prot-1951--ak--21
15,cdca04e0bc6ce855,s- o,so,prot-1951--ak--21
16,cdca04e0bc6ce855,s- t,st,prot-1951--ak--21
17,cdca04e0bc6ce855,e- m,em,prot-1951--ak--21
18,cdca04e0bc6ce855,e- m,em,prot-1951--ak--21
19,cdca04e0bc6ce855,s- u,su,prot-1951--ak--21
20,cdca04e0bc6ce855,r- s,rs,prot-1951--ak--21
21,cdca04e0bc6ce855,c- k,ck,prot-1951--ak--21
22,cdca04e0bc6ce855,o- n,on,prot-1951--ak--21
23,cdca04e0bc6ce855,f- f,ff,prot-1951--ak--21
24,cdca04e0bc6ce855,o- n,on,prot-1951--ak--21
25,cdca04e0bc6ce855,ä- g,äg,prot-1951--ak--21
26,cdca04e0bc6ce855,s- p,sp,prot-1951--ak--21
0,cdca04e0bc6ce855,k- t,kt,prot-1951--ak--21
1,cdca04e0bc6ce855,o- s,os,prot-1951--ak--21
2,cdca04e0bc6ce855,s- n,sn,prot-1951--ak--21
3,cdca04e0bc6ce855,i- f,if,prot-1951--ak--21
4,cdca04e0bc6ce855,m- s,ms,prot-1951--ak--21
5,cdca04e0bc6ce855,e- f,ef,prot-1951--ak--21
6,cdca04e0bc6ce855,r- f,rf,prot-1951--ak--21
7,cdca04e0bc6ce855,t- r,tr,prot-1951--ak--21
8,cdca04e0bc6ce855,l- m,lm,prot-1951--ak--21
9,cdca04e0bc6ce855,o- r,or,prot-1951--ak--21
10,cdca04e0bc6ce855,a- t,at,prot-1951--ak--21
11,cdca04e0bc6ce855,k- t,kt,prot-1951--ak--21
12,cdca04e0bc6ce855,g- v,gv,prot-1951--ak--21
13,cdca04e0bc6ce855,r- r,rr,prot-1951--ak--21
14,cdca04e0bc6ce855,m- s,ms,prot-1951--ak--21
15,cdca04e0bc6ce855,y- t,yt,prot-1951--ak--21
16,cdca04e0bc6ce855,l- t,lt,prot-1951--ak--21
17,cdca04e0bc6ce855,t- t,tt,prot-1951--ak--21
18,cdca04e0bc6ce855,k- t,kt,prot-1951--ak--21
0,7b16a01c980ae2ac,"s
i",s i,prot-1951--ak--21
1,cdca04e0bc6ce855,i- d,id,prot-1951--ak--21
2,cdca04e0bc6ce855,m- n,mn,prot-1951--ak--21
3,cdca04e0bc6ce855,ö- r,ör,prot-1951--ak--21
4,cdca04e0bc6ce855,r- t,rt,prot-1951--ak--21
5,cdca04e0bc6ce855,u- r,ur,prot-1951--ak--21
6,cdca04e0bc6ce855,k- t,kt,prot-1951--ak--21
7,cdca04e0bc6ce855,m- m,mm,prot-1951--ak--21
8,cdca04e0bc6ce855,n- d,nd,prot-1951--ak--21
9,cdca04e0bc6ce855,n- s,ns,prot-1951--ak--21
10,cdca04e0bc6ce855,e- n,en,prot-1951--ak--21
11,cdca04e0bc6ce855,s- u,su,prot-1951--ak--21
12,cdca04e0bc6ce855,m- n,mn,prot-1951--ak--21
13,cdca04e0bc6ce855,r- g,rg,prot-1951--ak--21
14,cdca04e0bc6ce855,c- k,ck,prot-1951--ak--21
15,cdca04e0bc6ce855,d- n,dn,prot-1951--ak--21
16,cdca04e0bc6ce855,i- r,ir,prot-1951--ak--21
17,cdca04e0bc6ce855,n- d,nd,prot-1951--ak--21
18,cdca04e0bc6ce855,r- t,rt,prot-1951--ak--21
19,cdca04e0bc6ce855,f- t,ft,prot-1951--ak--21
20,cdca04e0bc6ce855,f- f,ff,prot-1951--ak--21
21,cdca04e0bc6ce855,e- t,et,prot-1951--ak--21
22,cdca04e0bc6ce855,m- n,mn,prot-1951--ak--21
23,cdca04e0bc6ce855,m- m,mm,prot-1951--ak--21
24,cdca04e0bc6ce855,k- s,ks,prot-1951--ak--21
25,cdca04e0bc6ce855,ö- r,ör,prot-1951--ak--21
26,cdca04e0bc6ce855,ö- r,ör,prot-1951--ak--21
27,cdca04e0bc6ce855,å- d,åd,prot-1951--ak--21
28,cdca04e0bc6ce855,n- d,nd,prot-1951--ak--21
29,cdca04e0bc6ce855,a- n,an,prot-1951--ak--21
30,cdca04e0bc6ce855,e- r,er,prot-1951--ak--21
0,7b16a01c980ae2ac,"e
a",e a,prot-1951--ak--21
1,cdca04e0bc6ce855,m- s,ms,prot-1951--ak--21
2,cdca04e0bc6ce855,a- g,ag,prot-1951--ak--21
3,cdca04e0bc6ce855,e- m,em,prot-1951--ak--21
4,cdca04e0bc6ce855,s- ä,sä,prot-1951--ak--21
5,cdca04e0bc6ce855,l- n,ln,prot-1951--ak--21
6,cdca04e0bc6ce855,a- t,at,prot-1951--ak--21
7,cdca04e0bc6ce855,n- v,nv,prot-1951--ak--21
8,cdca04e0bc6ce855,o- t,ot,prot-1951--ak--21
9,cdca04e0bc6ce855,r- r,rr,prot-1951--ak--21
10,cdca04e0bc6ce855,å- d,åd,prot-1951--ak--21
11,cdca04e0bc6ce855,m- s,ms,prot-1951--ak--21
12,cdca04e0bc6ce855,s- d,sd,prot-1951--ak--21
13,cdca04e0bc6ce855,l- n,ln,prot-1951--ak--21
14,cdca04e0bc6ce855,r- r,rr,prot-1951--ak--21
15,cdca04e0bc6ce855,o- t,ot,prot-1951--ak--21
16,cdca04e0bc6ce855,t- l,tl,prot-1951--ak--21
17,cdca04e0bc6ce855,a- t,at,prot-1951--ak--21
18,cdca04e0bc6ce855,o- p,op,prot-1951--ak--21
19,cdca04e0bc6ce855,s- r,sr,prot-1951--ak--21
20,cdca04e0bc6ce855,e- s,es,prot-1951--ak--21
21,cdca04e0bc6ce855,r- m,rm,prot-1951--ak--21
22,cdca04e0bc6ce855,r- s,rs,prot-1951--ak--21
23,cdca04e0bc6ce855,o- n,on,prot-1951--ak--21
24,cdca04e0bc6ce855,s- r,sr,prot-1951--ak--21
25,cdca04e0bc6ce855,r- s,rs,prot-1951--ak--21
26,cdca04e0bc6ce855,g- l,gl,prot-1951--ak--21
27,cdca04e0bc6ce855,l- m,lm,prot-1951--ak--21
28,cdca04e0bc6ce855,n- d,nd,prot-1951--ak--21
29,cdca04e0bc6ce855,r- s,rs,prot-1951--ak--21
30,cdca04e0bc6ce855,n- l,nl,prot-1951--ak--21
31,cdca04e0bc6ce855,s- r,sr,prot-1951--ak--21
0,7b16a01c980ae2ac,"r
s",r s,prot-1951--ak--21
1,cdca04e0bc6ce855,t- r,tr,prot-1951--ak--21
2,cdca04e0bc6ce855,t- t,tt,prot-1951--ak--21
3,cdca04e0bc6ce855,t- n,tn,prot-1951--ak--21
4,cdca04e0bc6ce855,t- s,ts,prot-1951--ak--21
5,cdca04e0bc6ce855,i- f,if,prot-1951--ak--21
6,cdca04e0bc6ce855,r- d,rd,prot-1951--ak--21
7,cdca04e0bc6ce855,e- s,es,prot-1951--ak--21
8,cdca04e0bc6ce855,o- t,ot,prot-1951--ak--21
9,cdca04e0bc6ce855,i- v,iv,prot-1951--ak--21
10,cdca04e0bc6ce855,i- t,it,prot-1951--ak--21
11,cdca04e0bc6ce855,t- s,ts,prot-1951--ak--21
12,cdca04e0bc6ce855,o- s,os,prot-1951--ak--21
13,cdca04e0bc6ce855,k- s,ks,prot-1951--ak--21
14,cdca04e0bc6ce855,s- a,sa,prot-1951--ak--21
15,cdca04e0bc6ce855,t- t,tt,prot-1951--ak--21
16,cdca04e0bc6ce855,n- d,nd,prot-1951--ak--21
17,cdca04e0bc6ce855,n- v,nv,prot-1951--ak--21
18,cdca04e0bc6ce855,o- n,on,prot-1951--ak--21
19,cdca04e0bc6ce855,m- m,mm,prot-1951--ak--21
20,cdca04e0bc6ce855,t- å,tå,prot-1951--ak--21
21,cdca04e0bc6ce855,n- s,ns,prot-1951--ak--21
0,cdca04e0bc6ce855,n- v,nv,prot-1951--ak--21
1,cdca04e0bc6ce855,g- l,gl,prot-1951--ak--21
2,cdca04e0bc6ce855,l- m,lm,prot-1951--ak--21
3,cdca04e0bc6ce855,d- n,dn,prot-1951--ak--21
4,cdca04e0bc6ce855,i- v,iv,prot-1951--ak--21
5,cdca04e0bc6ce855,a- t,at,prot-1951--ak--21
6,cdca04e0bc6ce855,r- v,rv,prot-1951--ak--21
7,cdca04e0bc6ce855,e- b,eb,prot-1951--ak--21
8,cdca04e0bc6ce855,d- v,dv,prot-1951--ak--21
9,cdca04e0bc6ce855,n- f,nf,prot-1951--ak--21
10,cdca04e0bc6ce855,o- s,os,prot-1951--ak--21
11,cdca04e0bc6ce855,e- s,es,prot-1951--ak--21
12,cdca04e0bc6ce855,o- s,os,prot-1951--ak--21
13,cdca04e0bc6ce855,s- n,sn,prot-1951--ak--21
14,cdca04e0bc6ce855,a- m,am,prot-1951--ak--21
15,cdca04e0bc6ce855,k- n,kn,prot-1951--ak--21
16,cdca04e0bc6ce855,t- n,tn,prot-1951--ak--21
17,cdca04e0bc6ce855,v- g,vg,prot-1951--ak--21
18,cdca04e0bc6ce855,t- t,tt,prot-1951--ak--21
19,cdca04e0bc6ce855,n- d,nd,prot-1951--ak--21
20,cdca04e0bc6ce855,m- h,mh,prot-1951--ak--21
21,cdca04e0bc6ce855,a- t,at,prot-1951--ak--21
0,7b16a01c980ae2ac,",
a",", a",prot-1951--ak--21
1,7b16a01c980ae2ac,",
s",", s",prot-1951--ak--21
2,7b16a01c980ae2ac,",
a",", a",prot-1951--ak--21
3,cdca04e0bc6ce855,r- r,rr,prot-1951--ak--21
4,cdca04e0bc6ce855,r- t,rt,prot-1951--ak--21
5,cdca04e0bc6ce855,n- v,nv,prot-1951--ak--21
6,cdca04e0bc6ce855,g- n,gn,prot-1951--ak--21
7,cdca04e0bc6ce855,l- l,ll,prot-1951--ak--21
8,cdca04e0bc6ce855,u- a,ua,prot-1951--ak--21
9,cdca04e0bc6ce855,n- l,nl,prot-1951--ak--21
10,cdca04e0bc6ce855,m- h,mh,prot-1951--ak--21
11,cdca04e0bc6ce855,a- t,at,prot-1951--ak--21
12,cdca04e0bc6ce855,m- s,ms,prot-1951--ak--21
13,cdca04e0bc6ce855,t- s,ts,prot-1951--ak--21
14,cdca04e0bc6ce855,i- m,im,prot-1951--ak--21
15,cdca04e0bc6ce855,s- r,sr,prot-1951--ak--21
16,cdca04e0bc6ce855,t- n,tn,prot-1951--ak--21
17,cdca04e0bc6ce855,l- l,ll,prot-1951--ak--21
18,cdca04e0bc6ce855,r- l,rl,prot-1951--ak--21
19,cdca04e0bc6ce855,d- r,dr,prot-1951--ak--21
20,cdca04e0bc6ce855,å- v,åv,prot-1951--ak--21
21,cdca04e0bc6ce855,i- m,im,prot-1951--ak--21
22,cdca04e0bc6ce855,r- s,rs,prot-1951--ak--21
23,cdca04e0bc6ce855,n- l,nl,prot-1951--ak--21
24,cdca04e0bc6ce855,l- l,ll,prot-1951--ak--21
25,cdca04e0bc6ce855,r- v,rv,prot-1951--ak--21
0,7b16a01c980ae2ac,"r
s",r s,prot-1951--ak--21
1,cdca04e0bc6ce855,l- l,ll,prot-1951--ak--21
2,cdca04e0bc6ce855,m- m,mm,prot-1951--ak--21
3,cdca04e0bc6ce855,n- d,nd,prot-1951--ak--21
4,cdca04e0bc6ce855,n- v,nv,prot-1951--ak--21
5,cdca04e0bc6ce855,r- h,rh,prot-1951--ak--21
6,cdca04e0bc6ce855,r- s,rs,prot-1951--ak--21
7,cdca04e0bc6ce855,e- s,es,prot-1951--ak--21
8,cdca04e0bc6ce855,g- l,gl,prot-1951--ak--21
9,cdca04e0bc6ce855,l- m,lm,prot-1951--ak--21
10,cdca04e0bc6ce855,d- n,dn,prot-1951--ak--21
11,cdca04e0bc6ce855,t- å,tå,prot-1951--ak--21
12,cdca04e0bc6ce855,n- s,ns,prot-1951--ak--21
13,cdca04e0bc6ce855,o- s,os,prot-1951--ak--21
14,cdca04e0bc6ce855,e- s,es,prot-1951--ak--21
15,cdca04e0bc6ce855,l- l,ll,prot-1951--ak--21
16,cdca04e0bc6ce855,i- t,it,prot-1951--ak--21
17,cdca04e0bc6ce855,o- s,os,prot-1951--ak--21
18,cdca04e0bc6ce855,s- n,sn,prot-1951--ak--21
19,cdca04e0bc6ce855,a- m,am,prot-1951--ak--21
0,7b16a01c980ae2ac,"t
d",t d,prot-1951--ak--21
1,7b16a01c980ae2ac,"l
i",l i,prot-1951--ak--21
2,7b16a01c980ae2ac,",
d",", d",prot-1951--ak--21
3,7b16a01c980ae2ac,",
a",", a",prot-1951--ak--21
4,cdca04e0bc6ce855,t- t,tt,prot-1951--ak--21
5,cdca04e0bc6ce855,e- m,em,prot-1951--ak--21
6,cdca04e0bc6ce855,e- s,es,prot-1951--ak--21
7,cdca04e0bc6ce855,o- n,on,prot-1951--ak--21
8,cdca04e0bc6ce855,f- n,fn,prot-1951--ak--21
9,cdca04e0bc6ce855,t- å,tå,prot-1951--ak--21
10,cdca04e0bc6ce855,n- s,ns,prot-1951--ak--21
11,cdca04e0bc6ce855,k- t,kt,prot-1951--ak--21
12,cdca04e0bc6ce855,d- l,dl,prot-1951--ak--21
13,cdca04e0bc6ce855,t- t,tt,prot-1951--ak--21
14,cdca04e0bc6ce855,r- s,rs,prot-1951--ak--21
15,cdca04e0bc6ce855,n- l,nl,prot-1951--ak--21
16,cdca04e0bc6ce855,n- s,ns,prot-1951--ak--21
17,cdca04e0bc6ce855,a- t,at,prot-1951--ak--21
18,cdca04e0bc6ce855,n- d,nd,prot-1951--ak--21
19,cdca04e0bc6ce855,d- g,dg,prot-1951--ak--21
20,cdca04e0bc6ce855,g- m,gm,prot-1951--ak--21
21,cdca04e0bc6ce855,a- t,at,prot-1951--ak--21
22,cdca04e0bc6ce855,n- s,ns,prot-1951--ak--21
23,cdca04e0bc6ce855,o- n,on,prot-1951--ak--21
24,cdca04e0bc6ce855,e- s,es,prot-1951--ak--21
0,7b16a01c980ae2ac,",
a",", a",prot-1951--ak--21
1,7b16a01c980ae2ac,"r
s",r s,prot-1951--ak--21
2,cdca04e0bc6ce855,s- d,sd,prot-1951--ak--21
3,cdca04e0bc6ce855,g- j,gj,prot-1951--ak--21
4,cdca04e0bc6ce855,s- d,sd,prot-1951--ak--21
5,cdca04e0bc6ce855,n- v,nv,prot-1951--ak--21
6,cdca04e0bc6ce855,n- s,ns,prot-1951--ak--21
7,cdca04e0bc6ce855,i- g,ig,prot-1951--ak--21
8,cdca04e0bc6ce855,n- l,nl,prot-1951--ak--21
9,cdca04e0bc6ce855,s- r,sr,prot-1951--ak--21
10,cdca04e0bc6ce855,e- s,es,prot-1951--ak--21
11,cdca04e0bc6ce855,t- f,tf,prot-1951--ak--21
12,cdca04e0bc6ce855,r- s,rs,prot-1951--ak--21
13,cdca04e0bc6ce855,j- o,jo,prot-1951--ak--21
14,cdca04e0bc6ce855,m- s,ms,prot-1951--ak--21
15,cdca04e0bc6ce855,m- s,ms,prot-1951--ak--21
16,cdca04e0bc6ce855,o- n,on,prot-1951--ak--21
17,cdca04e0bc6ce855,o- p,op,prot-1951--ak--21
18,cdca04e0bc6ce855,s- p,sp,prot-1951--ak--21
19,cdca04e0bc6ce855,o- s,os,prot-1951--ak--21
20,cdca04e0bc6ce855,k- s,ks,prot-1951--ak--21
21,cdca04e0bc6ce855,ö- t,öt,prot-1951--ak--21
0,7b16a01c980ae2ac,",
a",", a",prot-1951--ak--21
1,7b16a01c980ae2ac,",
a",", a",prot-1951--ak--21
2,cdca04e0bc6ce855,t- t,tt,prot-1951--ak--21
3,cdca04e0bc6ce855,m- n,mn,prot-1951--ak--21
4,cdca04e0bc6ce855,d- g,dg,prot-1951--ak--21
5,cdca04e0bc6ce855,n- s,ns,prot-1951--ak--21
6,cdca04e0bc6ce855,ö- n,ön,prot-1951--ak--21
7,cdca04e0bc6ce855,n- s,ns,prot-1951--ak--21
8,cdca04e0bc6ce855,g- a,ga,prot-1951--ak--21
9,cdca04e0bc6ce855,o- n,on,prot-1951--ak--21
10,cdca04e0bc6ce855,m- m,mm,prot-1951--ak--21
11,cdca04e0bc6ce855,g- a,ga,prot-1951--ak--21
12,cdca04e0bc6ce855,n- d,nd,prot-1951--ak--21
13,cdca04e0bc6ce855,ö- n,ön,prot-1951--ak--21
14,cdca04e0bc6ce855,n- s,ns,prot-1951--ak--21
15,cdca04e0bc6ce855,n- v,nv,prot-1951--ak--21
16,cdca04e0bc6ce855,d- g,dg,prot-1951--ak--21
17,cdca04e0bc6ce855,n- l,nl,prot-1951--ak--21
18,cdca04e0bc6ce855,g- e,ge,prot-1951--ak--21
19,cdca04e0bc6ce855,t- n,tn,prot-1951--ak--21
20,cdca04e0bc6ce855,t- n,tn,prot-1951--ak--21
21,cdca04e0bc6ce855,e- g,eg,prot-1951--ak--21
22,cdca04e0bc6ce855,s- a,sa,prot-1951--ak--21
23,cdca04e0bc6ce855,n- v,nv,prot-1951--ak--21
24,cdca04e0bc6ce855,l- b,lb,prot-1951--ak--21
25,cdca04e0bc6ce855,d- n,dn,prot-1951--ak--21
0,7b16a01c980ae2ac,",
a",", a",prot-1951--ak--21
1,7b16a01c980ae2ac,"t
b",t b,prot-1951--ak--21
2,7b16a01c980ae2ac,"r
s",r s,prot-1951--ak--21
3,cdca04e0bc6ce855,g- e,ge,prot-1951--ak--21
4,cdca04e0bc6ce855,e- f,ef,prot-1951--ak--21
5,cdca04e0bc6ce855,o- r,or,prot-1951--ak--21
6,cdca04e0bc6ce855,ö- r,ör,prot-1951--ak--21
7,cdca04e0bc6ce855,i- d,id,prot-1951--ak--21
8,cdca04e0bc6ce855,n- v,nv,prot-1951--ak--21
9,cdca04e0bc6ce855,r- s,rs,prot-1951--ak--21
10,cdca04e0bc6ce855,e- s,es,prot-1951--ak--21
11,cdca04e0bc6ce855,e- s,es,prot-1951--ak--21
12,cdca04e0bc6ce855,d- n,dn,prot-1951--ak--21
13,cdca04e0bc6ce855,m- m,mm,prot-1951--ak--21
14,cdca04e0bc6ce855,o- n,on,prot-1951--ak--21
15,cdca04e0bc6ce855,r- s,rs,prot-1951--ak--21
16,cdca04e0bc6ce855,i- t,it,prot-1951--ak--21
17,cdca04e0bc6ce855,n- t,nt,prot-1951--ak--21
18,cdca04e0bc6ce855,å- e,åe,prot-1951--ak--21
19,cdca04e0bc6ce855,a- p,ap,prot-1951--ak--21
20,cdca04e0bc6ce855,k- t,kt,prot-1951--ak--21
21,cdca04e0bc6ce855,o- s,os,prot-1951--ak--21
22,cdca04e0bc6ce855,s- n,sn,prot-1951--ak--21
23,cdca04e0bc6ce855,r- s,rs,prot-1951--ak--21
24,cdca04e0bc6ce855,r- v,rv,prot-1951--ak--21
0,7b16a01c980ae2ac,"e
a",e a,prot-1951--ak--21
1,7b16a01c980ae2ac,"n
a",n a,prot-1951--ak--21
2,cdca04e0bc6ce855,e- g,eg,prot-1951--ak--21
3,cdca04e0bc6ce855,r- j,rj,prot-1951--ak--21
4,cdca04e0bc6ce855,r- k,rk,prot-1951--ak--21
5,cdca04e0bc6ce855,t- t,tt,prot-1951--ak--21
6,cdca04e0bc6ce855,k- n,kn,prot-1951--ak--21
7,cdca04e0bc6ce855,e- s,es,prot-1951--ak--21
8,cdca04e0bc6ce855,n- d,nd,prot-1951--ak--21
9,cdca04e0bc6ce855,n- s,ns,prot-1951--ak--21
10,cdca04e0bc6ce855,o- n,on,prot-1951--ak--21
11,cdca04e0bc6ce855,a- r,ar,prot-1951--ak--21
12,cdca04e0bc6ce855,k- n,kn,prot-1951--ak--21
13,cdca04e0bc6ce855,o- n,on,prot-1951--ak--21
14,cdca04e0bc6ce855,r- s,rs,prot-1951--ak--21
15,cdca04e0bc6ce855,d- g,dg,prot-1951--ak--21
16,cdca04e0bc6ce855,a- t,at,prot-1951--ak--21
17,cdca04e0bc6ce855,l- k,lk,prot-1951--ak--21
18,cdca04e0bc6ce855,n- l,nl,prot-1951--ak--21
19,cdca04e0bc6ce855,k- s,ks,prot-1951--ak--21
20,cdca04e0bc6ce855,o- n,on,prot-1951--ak--21
21,cdca04e0bc6ce855,o- g,og,prot-1951--ak--21
22,cdca04e0bc6ce855,a- r,ar,prot-1951--ak--21
0,7b16a01c980ae2ac,"h
n",h n,prot-1951--ak--21
1,cdca04e0bc6ce855,t- s,ts,prot-1951--ak--21
2,cdca04e0bc6ce855,t- g,tg,prot-1951--ak--21
3,cdca04e0bc6ce855,s- d,sd,prot-1951--ak--21
4,cdca04e0bc6ce855,d- g,dg,prot-1951--ak--21
5,cdca04e0bc6ce855,k- v,kv,prot-1951--ak--21
6,cdca04e0bc6ce855,o- h,oh,prot-1951--ak--21
7,cdca04e0bc6ce855,o- p,op,prot-1951--ak--21
8,cdca04e0bc6ce855,r- v,rv,prot-1951--ak--21
9,cdca04e0bc6ce855,l- t,lt,prot-1951--ak--21
10,cdca04e0bc6ce855,n- d,nd,prot-1951--ak--21
11,cdca04e0bc6ce855,k- n,kn,prot-1951--ak--21
12,cdca04e0bc6ce855,i- o,io,prot-1951--ak--21
13,cdca04e0bc6ce855,r- u,ru,prot-1951--ak--21
14,cdca04e0bc6ce855,e- l,el,prot-1951--ak--21
15,cdca04e0bc6ce855,o- n,on,prot-1951--ak--21
16,cdca04e0bc6ce855,t- v,tv,prot-1951--ak--21
17,cdca04e0bc6ce855,å- d,åd,prot-1951--ak--21
18,cdca04e0bc6ce855,r- m,rm,prot-1951--ak--21
19,cdca04e0bc6ce855,e- l,el,prot-1951--ak--21
20,cdca04e0bc6ce855,f- t,ft,prot-1951--ak--21
21,cdca04e0bc6ce855,e- d,ed,prot-1951--ak--21
0,cdca04e0bc6ce855,n- n,nn,prot-1951--ak--21
1,cdca04e0bc6ce855,a- r,ar,prot-1951--ak--21
2,cdca04e0bc6ce855,i- o,io,prot-1951--ak--21
3,cdca04e0bc6ce855,n- h,nh,prot-1951--ak--21
4,cdca04e0bc6ce855,n- s,ns,prot-1951--ak--21
5,cdca04e0bc6ce855,g- h,gh,prot-1951--ak--21
6,cdca04e0bc6ce855,j- l,jl,prot-1951--ak--21
7,cdca04e0bc6ce855,s- f,sf,prot-1951--ak--21
8,cdca04e0bc6ce855,n- d,nd,prot-1951--ak--21
9,cdca04e0bc6ce855,a- t,at,prot-1951--ak--21
10,cdca04e0bc6ce855,o- a,oa,prot-1951--ak--21
11,cdca04e0bc6ce855,n- s,ns,prot-1951--ak--21
12,cdca04e0bc6ce855,n- n,nn,prot-1951--ak--21
13,cdca04e0bc6ce855,a- d,ad,prot-1951--ak--21
14,cdca04e0bc6ce855,å- l,ål,prot-1951--ak--21
15,cdca04e0bc6ce855,t- s,ts,prot-1951--ak--21
16,cdca04e0bc6ce855,l- t,lt,prot-1951--ak--21
17,cdca04e0bc6ce855,i- d,id,prot-1951--ak--21
18,cdca04e0bc6ce855,t- l,tl,prot-1951--ak--21
19,cdca04e0bc6ce855,r- m,rm,prot-1951--ak--21
20,cdca04e0bc6ce855,t- v,tv,prot-1951--ak--21
21,cdca04e0bc6ce855,t- m,tm,prot-1951--ak--21
22,cdca04e0bc6ce855,m- m,mm,prot-1951--ak--21
0,cdca04e0bc6ce855,s- b,sb,prot-1951--ak--21
1,cdca04e0bc6ce855,r- f,rf,prot-1951--ak--21
2,cdca04e0bc6ce855,e- l,el,prot-1951--ak--21
3,cdca04e0bc6ce855,m- m,mm,prot-1951--ak--21
4,cdca04e0bc6ce855,g- a,ga,prot-1951--ak--21
5,cdca04e0bc6ce855,e- r,er,prot-1951--ak--21
6,cdca04e0bc6ce855,o- p,op,prot-1951--ak--21
7,cdca04e0bc6ce855,e- n,en,prot-1951--ak--21
8,cdca04e0bc6ce855,t- r,tr,prot-1951--ak--21
9,cdca04e0bc6ce855,s- t,st,prot-1951--ak--21
10,cdca04e0bc6ce855,t- t,tt,prot-1951--ak--21
11,cdca04e0bc6ce855,n- d,nd,prot-1951--ak--21
12,cdca04e0bc6ce855,i- o,io,prot-1951--ak--21
13,cdca04e0bc6ce855,j- n,jn,prot-1951--ak--21
14,cdca04e0bc6ce855,r- v,rv,prot-1951--ak--21
15,cdca04e0bc6ce855,n- s,ns,prot-1951--ak--21
16,cdca04e0bc6ce855,o- n,on,prot-1951--ak--21
17,cdca04e0bc6ce855,o- n,on,prot-1951--ak--21
18,cdca04e0bc6ce855,s- a,sa,prot-1951--ak--21
19,cdca04e0bc6ce855,o- n,on,prot-1951--ak--21
20,cdca04e0bc6ce855,ä- g,äg,prot-1951--ak--21
21,cdca04e0bc6ce855,c- k,ck,prot-1951--ak--21
22,cdca04e0bc6ce855,m- h,mh,prot-1951--ak--21
23,cdca04e0bc6ce855,i- f,if,prot-1951--ak--21
24,cdca04e0bc6ce855,i- f,if,prot-1951--ak--21
0,cdca04e0bc6ce855,o- h,oh,prot-1951--ak--21
1,cdca04e0bc6ce855,n- s,ns,prot-1951--ak--21
2,cdca04e0bc6ce855,t- å,tå,prot-1951--ak--21
3,cdca04e0bc6ce855,n- v,nv,prot-1951--ak--21
4,cdca04e0bc6ce855,d- b,db,prot-1951--ak--21
5,cdca04e0bc6ce855,n- l,nl,prot-1951--ak--21
6,cdca04e0bc6ce855,r- s,rs,prot-1951--ak--21
7,cdca04e0bc6ce855,e- s,es,prot-1951--ak--21
8,cdca04e0bc6ce855,n- s,ns,prot-1951--ak--21
9,cdca04e0bc6ce855,a- d,ad,prot-1951--ak--21
10,cdca04e0bc6ce855,n- v,nv,prot-1951--ak--21
11,cdca04e0bc6ce855,o- n,on,prot-1951--ak--21
12,cdca04e0bc6ce855,t- g,tg,prot-1951--ak--21
13,cdca04e0bc6ce855,r- s,rs,prot-1951--ak--21
14,cdca04e0bc6ce855,l- k,lk,prot-1951--ak--21
15,cdca04e0bc6ce855,u- v,uv,prot-1951--ak--21
16,cdca04e0bc6ce855,n- f,nf,prot-1951--ak--21
17,cdca04e0bc6ce855,i- k,ik,prot-1951--ak--21
18,cdca04e0bc6ce855,p- t,pt,prot-1951--ak--21
19,cdca04e0bc6ce855,n- s,ns,prot-1951--ak--21
20,cdca04e0bc6ce855,g- a,ga,prot-1951--ak--21
21,cdca04e0bc6ce855,o- n,on,prot-1951--ak--21
22,cdca04e0bc6ce855,k- t,kt,prot-1951--ak--21
23,cdca04e0bc6ce855,ö- r,ör,prot-1951--ak--21
24,cdca04e0bc6ce855,n- d,nd,prot-1951--ak--21
25,cdca04e0bc6ce855,t- s,ts,prot-1951--ak--21
26,cdca04e0bc6ce855,n- d,nd,prot-1951--ak--21
27,cdca04e0bc6ce855,t- s,ts,prot-1951--ak--21
28,cdca04e0bc6ce855,r- s,rs,prot-1951--ak--21
29,cdca04e0bc6ce855,l- g,lg,prot-1951--ak--21
30,cdca04e0bc6ce855,o- t,ot,prot-1951--ak--21
31,cdca04e0bc6ce855,o- s,os,prot-1951--ak--21
32,cdca04e0bc6ce855,o- n,on,prot-1951--ak--21
33,cdca04e0bc6ce855,o- p,op,prot-1951--ak--21
0,7b16a01c980ae2ac,"t
d",t d,prot-1951--ak--21
1,7b16a01c980ae2ac,"a
t",a t,prot-1951--ak--21
2,cdca04e0bc6ce855,t- s,ts,prot-1951--ak--21
3,cdca04e0bc6ce855,o- s,os,prot-1951--ak--21
4,cdca04e0bc6ce855,s- n,sn,prot-1951--ak--21
5,cdca04e0bc6ce855,l- k,lk,prot-1951--ak--21
6,cdca04e0bc6ce855,s- a,sa,prot-1951--ak--21
7,cdca04e0bc6ce855,m- m,mm,prot-1951--ak--21
8,cdca04e0bc6ce855,t- t,tt,prot-1951--ak--21
9,cdca04e0bc6ce855,o- p,op,prot-1951--ak--21
10,cdca04e0bc6ce855,t- å,tå,prot-1951--ak--21
11,cdca04e0bc6ce855,l- s,ls,prot-1951--ak--21
12,cdca04e0bc6ce855,d- l,dl,prot-1951--ak--21
13,cdca04e0bc6ce855,n- d,nd,prot-1951--ak--21
14,cdca04e0bc6ce855,k- n,kn,prot-1951--ak--21
15,cdca04e0bc6ce855,n- t,nt,prot-1951--ak--21
16,cdca04e0bc6ce855,d- g,dg,prot-1951--ak--21
17,cdca04e0bc6ce855,t- l,tl,prot-1951--ak--21
18,cdca04e0bc6ce855,e- s,es,prot-1951--ak--21
19,cdca04e0bc6ce855,t- l,tl,prot-1951--ak--21
20,cdca04e0bc6ce855,ö- n,ön,prot-1951--ak--21
21,cdca04e0bc6ce855,t- n,tn,prot-1951--ak--21
22,cdca04e0bc6ce855,o- n,on,prot-1951--ak--21
23,cdca04e0bc6ce855,s- o,so,prot-1951--ak--21
24,cdca04e0bc6ce855,g- e,ge,prot-1951--ak--21
25,cdca04e0bc6ce855,g- e,ge,prot-1951--ak--21
26,cdca04e0bc6ce855,g- e,ge,prot-1951--ak--21
27,cdca04e0bc6ce855,n- s,ns,prot-1951--ak--21
28,cdca04e0bc6ce855,m- m,mm,prot-1951--ak--21
29,cdca04e0bc6ce855,s- k,sk,prot-1951--ak--21
30,cdca04e0bc6ce855,g- n,gn,prot-1951--ak--21
31,cdca04e0bc6ce855,o- n,on,prot-1951--ak--21
32,cdca04e0bc6ce855,r- b,rb,prot-1951--ak--21
0,7b16a01c980ae2ac,"v
h",v h,prot-1951--ak--21
1,7b16a01c980ae2ac,"e
a",e a,prot-1951--ak--21
2,cdca04e0bc6ce855,m- m,mm,prot-1951--ak--21
3,cdca04e0bc6ce855,d- l,dl,prot-1951--ak--21
4,cdca04e0bc6ce855,n- l,nl,prot-1951--ak--21
5,cdca04e0bc6ce855,n- t,nt,prot-1951--ak--21
6,cdca04e0bc6ce855,s- a,sa,prot-1951--ak--21
7,cdca04e0bc6ce855,r- s,rs,prot-1951--ak--21
8,cdca04e0bc6ce855,o- n,on,prot-1951--ak--21
9,cdca04e0bc6ce855,l- d,ld,prot-1951--ak--21
10,cdca04e0bc6ce855,e- s,es,prot-1951--ak--21
11,cdca04e0bc6ce855,s- t,st,prot-1951--ak--21
12,cdca04e0bc6ce855,k- h,kh,prot-1951--ak--21
13,cdca04e0bc6ce855,r- g,rg,prot-1951--ak--21
14,cdca04e0bc6ce855,e- b,eb,prot-1951--ak--21
15,cdca04e0bc6ce855,b- s,bs,prot-1951--ak--21
16,cdca04e0bc6ce855,t- n,tn,prot-1951--ak--21
17,cdca04e0bc6ce855,m- s,ms,prot-1951--ak--21
18,cdca04e0bc6ce855,a- r,ar,prot-1951--ak--21
19,cdca04e0bc6ce855,g- a,ga,prot-1951--ak--21
20,cdca04e0bc6ce855,r- m,rm,prot-1951--ak--21
21,cdca04e0bc6ce855,t- å,tå,prot-1951--ak--21
22,cdca04e0bc6ce855,r- s,rs,prot-1951--ak--21
23,cdca04e0bc6ce855,l- d,ld,prot-1951--ak--21
24,cdca04e0bc6ce855,e- a,ea,prot-1951--ak--21
25,cdca04e0bc6ce855,t- o,to,prot-1951--ak--21
26,cdca04e0bc6ce855,r- b,rb,prot-1951--ak--21
27,cdca04e0bc6ce855,g- e,ge,prot-1951--ak--21
28,cdca04e0bc6ce855,a- n,an,prot-1951--ak--21
29,cdca04e0bc6ce855,ä- d,äd,prot-1951--ak--21
30,cdca04e0bc6ce855,v- l,vl,prot-1951--ak--21
31,cdca04e0bc6ce855,l- s,ls,prot-1951--ak--21
32,cdca04e0bc6ce855,l- l,ll,prot-1951--ak--21
33,cdca04e0bc6ce855,r- n,rn,prot-1951--ak--21
34,cdca04e0bc6ce855,n- t,nt,prot-1951--ak--21
35,cdca04e0bc6ce855,ö- r,ör,prot-1951--ak--21
36,cdca04e0bc6ce855,n- d,nd,prot-1951--ak--21
37,cdca04e0bc6ce855,r- s,rs,prot-1951--ak--21
0,7b16a01c980ae2ac,"a
a",a a,prot-1951--ak--21
1,7b16a01c980ae2ac,",
b",", b",prot-1951--ak--21
2,7b16a01c980ae2ac,",
c",", c",prot-1951--ak--21
3,7b16a01c980ae2ac,",
d",", d",prot-1951--ak--21
4,7b16a01c980ae2ac,",
e",", e",prot-1951--ak--21
5,7b16a01c980ae2ac,",
f",", f",prot-1951--ak--21
6,cdca04e0bc6ce855,å- g,åg,prot-1951--ak--21
7,cdca04e0bc6ce855,n- d,nd,prot-1951--ak--21
8,cdca04e0bc6ce855,s- o,so,prot-1951--ak--21
9,cdca04e0bc6ce855,s- o,so,prot-1951--ak--21
10,cdca04e0bc6ce855,r- n,rn,prot-1951--ak--21
11,cdca04e0bc6ce855,m- v,mv,prot-1951--ak--21
12,cdca04e0bc6ce855,n- f,nf,prot-1951--ak--21
13,cdca04e0bc6ce855,g- a,ga,prot-1951--ak--21
14,cdca04e0bc6ce855,d- n,dn,prot-1951--ak--21
15,cdca04e0bc6ce855,o- t,ot,prot-1951--ak--21
16,cdca04e0bc6ce855,t- s,ts,prot-1951--ak--21
17,cdca04e0bc6ce855,r- s,rs,prot-1951--ak--21
18,cdca04e0bc6ce855,e- m,em,prot-1951--ak--21
19,cdca04e0bc6ce855,r- t,rt,prot-1951--ak--21
20,cdca04e0bc6ce855,r- m,rm,prot-1951--ak--21
21,cdca04e0bc6ce855,r- s,rs,prot-1951--ak--21
22,cdca04e0bc6ce855,ö- n,ön,prot-1951--ak--21
23,cdca04e0bc6ce855,r- m,rm,prot-1951--ak--21
24,cdca04e0bc6ce855,d- g,dg,prot-1951--ak--21
25,cdca04e0bc6ce855,s- f,sf,prot-1951--ak--21
26,cdca04e0bc6ce855,s- c,sc,prot-1951--ak--21
27,cdca04e0bc6ce855,l- ä,lä,prot-1951--ak--21
28,cdca04e0bc6ce855,n- f,nf,prot-1951--ak--21
29,cdca04e0bc6ce855,r- s,rs,prot-1951--ak--21
30,cdca04e0bc6ce855,u- v,uv,prot-1951--ak--21
31,cdca04e0bc6ce855,v- l,vl,prot-1951--ak--21
32,cdca04e0bc6ce855,m- k,mk,prot-1951--ak--21
33,cdca04e0bc6ce855,s- o,so,prot-1951--ak--21
34,cdca04e0bc6ce855,d- l,dl,prot-1951--ak--21
35,cdca04e0bc6ce855,d- l,dl,prot-1951--ak--21
36,cdca04e0bc6ce855,d- l,dl,prot-1951--ak--21
37,cdca04e0bc6ce855,s- a,sa,prot-1951--ak--21
38,cdca04e0bc6ce855,ö- d,öd,prot-1951--ak--21
39,cdca04e0bc6ce855,s- t,st,prot-1951--ak--21
40,cdca04e0bc6ce855,s- d,sd,prot-1951--ak--21
0,7b16a01c980ae2ac,"a
d",a d,prot-1951--ak--21
1,7b16a01c980ae2ac,"a
d",a d,prot-1951--ak--21
2,cdca04e0bc6ce855,r- s,rs,prot-1951--ak--21
3,cdca04e0bc6ce855,a- n,an,prot-1951--ak--21
4,cdca04e0bc6ce855,å- k,åk,prot-1951--ak--21
5,cdca04e0bc6ce855,r- s,rs,prot-1951--ak--21
6,cdca04e0bc6ce855,e- s,es,prot-1951--ak--21
7,cdca04e0bc6ce855,r- m,rm,prot-1951--ak--21
8,cdca04e0bc6ce855,r- s,rs,prot-1951--ak--21
9,cdca04e0bc6ce855,d- l,dl,prot-1951--ak--21
10,cdca04e0bc6ce855,r- s,rs,prot-1951--ak--21
11,cdca04e0bc6ce855,m- v,mv,prot-1951--ak--21
12,cdca04e0bc6ce855,m- v,mv,prot-1951--ak--21
13,cdca04e0bc6ce855,e- p,ep,prot-1951--ak--21
14,cdca04e0bc6ce855,r- s,rs,prot-1951--ak--21
15,cdca04e0bc6ce855,s- f,sf,prot-1951--ak--21
16,cdca04e0bc6ce855,d- g,dg,prot-1951--ak--21
17,cdca04e0bc6ce855,r- s,rs,prot-1951--ak--21
18,cdca04e0bc6ce855,å- g,åg,prot-1951--ak--21
19,cdca04e0bc6ce855,a- l,al,prot-1951--ak--21
20,cdca04e0bc6ce855,l- m,lm,prot-1951--ak--21
21,cdca04e0bc6ce855,t- l,tl,prot-1951--ak--21
22,cdca04e0bc6ce855,g- g,gg,prot-1951--ak--21
23,cdca04e0bc6ce855,r- b,rb,prot-1951--ak--21
24,cdca04e0bc6ce855,l- s,ls,prot-1951--ak--21
25,cdca04e0bc6ce855,n- s,ns,prot-1951--ak--21
26,cdca04e0bc6ce855,r- b,rb,prot-1951--ak--21
27,cdca04e0bc6ce855,l- g,lg,prot-1951--ak--21
28,cdca04e0bc6ce855,m- m,mm,prot-1951--ak--21
29,cdca04e0bc6ce855,k- t,kt,prot-1951--ak--21
30,cdca04e0bc6ce855,l- a,la,prot-1951--ak--21
31,cdca04e0bc6ce855,e- f,ef,prot-1951--ak--21
32,cdca04e0bc6ce855,r- s,rs,prot-1951--ak--21
33,cdca04e0bc6ce855,d- l,dl,prot-1951--ak--21
34,cdca04e0bc6ce855,k- s,ks,prot-1951--ak--21
35,cdca04e0bc6ce855,d- n,dn,prot-1951--ak--21
0,cdca04e0bc6ce855,r- s,rs,prot-1951--ak--21
1,cdca04e0bc6ce855,o- d,od,prot-1951--ak--21
2,cdca04e0bc6ce855,n- k,nk,prot-1951--ak--21
3,cdca04e0bc6ce855,n- s,ns,prot-1951--ak--21
4,cdca04e0bc6ce855,s- f,sf,prot-1951--ak--21
5,cdca04e0bc6ce855,n- s,ns,prot-1951--ak--21
6,cdca04e0bc6ce855,v- d,vd,prot-1951--ak--21
7,cdca04e0bc6ce855,l- r,lr,prot-1951--ak--21
8,cdca04e0bc6ce855,r- b,rb,prot-1951--ak--21
9,cdca04e0bc6ce855,r- s,rs,prot-1951--ak--21
10,cdca04e0bc6ce855,e- d,ed,prot-1951--ak--21
11,cdca04e0bc6ce855,d- r,dr,prot-1951--ak--21
12,cdca04e0bc6ce855,e- n,en,prot-1951--ak--21
13,cdca04e0bc6ce855,t- s,ts,prot-1951--ak--21
14,cdca04e0bc6ce855,a- r,ar,prot-1951--ak--21
15,cdca04e0bc6ce855,i- s,is,prot-1951--ak--21
16,cdca04e0bc6ce855,r- b,rb,prot-1951--ak--21
17,cdca04e0bc6ce855,r- b,rb,prot-1951--ak--21
18,cdca04e0bc6ce855,n- m,nm,prot-1951--ak--21
19,cdca04e0bc6ce855,s- f,sf,prot-1951--ak--21
20,cdca04e0bc6ce855,d- l,dl,prot-1951--ak--21
21,cdca04e0bc6ce855,d- l,dl,prot-1951--ak--21
22,cdca04e0bc6ce855,n- s,ns,prot-1951--ak--21
23,cdca04e0bc6ce855,t- f,tf,prot-1951--ak--21
24,cdca04e0bc6ce855,r- b,rb,prot-1951--ak--21
25,cdca04e0bc6ce855,t- f,tf,prot-1951--ak--21
26,cdca04e0bc6ce855,t- n,tn,prot-1951--ak--21
27,cdca04e0bc6ce855,o- t,ot,prot-1951--ak--21
28,cdca04e0bc6ce855,j- l,jl,prot-1951--ak--21
29,cdca04e0bc6ce855,e- d,ed,prot-1951--ak--21
0,7b16a01c980ae2ac,"l
a",l a,prot-1951--ak--21
1,cdca04e0bc6ce855,å- g,åg,prot-1951--ak--21
2,cdca04e0bc6ce855,m- p,mp,prot-1951--ak--21
3,cdca04e0bc6ce855,r- m,rm,prot-1951--ak--21
4,cdca04e0bc6ce855,s- l,sl,prot-1951--ak--21
5,cdca04e0bc6ce855,e- t,et,prot-1951--ak--21
6,cdca04e0bc6ce855,r- m,rm,prot-1951--ak--21
7,cdca04e0bc6ce855,d- n,dn,prot-1951--ak--21
8,cdca04e0bc6ce855,g- n,gn,prot-1951--ak--21
9,cdca04e0bc6ce855,n- d,nd,prot-1951--ak--21
10,cdca04e0bc6ce855,g- n,gn,prot-1951--ak--21
11,cdca04e0bc6ce855,k- n,kn,prot-1951--ak--21
12,cdca04e0bc6ce855,n- g,ng,prot-1951--ak--21
13,cdca04e0bc6ce855,r- m,rm,prot-1951--ak--21
14,cdca04e0bc6ce855,e- n,en,prot-1951--ak--21
15,cdca04e0bc6ce855,s- v,sv,prot-1951--ak--21
16,cdca04e0bc6ce855,t- s,ts,prot-1951--ak--21
17,cdca04e0bc6ce855,t- s,ts,prot-1951--ak--21
18,cdca04e0bc6ce855,e- t,et,prot-1951--ak--21
19,cdca04e0bc6ce855,a- r,ar,prot-1951--ak--21
20,cdca04e0bc6ce855,i- s,is,prot-1951--ak--21
21,cdca04e0bc6ce855,n- s,ns,prot-1951--ak--21
22,cdca04e0bc6ce855,k- n,kn,prot-1951--ak--21
23,cdca04e0bc6ce855,r- b,rb,prot-1951--ak--21
24,cdca04e0bc6ce855,n- n,nn,prot-1951--ak--21
25,cdca04e0bc6ce855,e- s,es,prot-1951--ak--21
26,cdca04e0bc6ce855,k- s,ks,prot-1951--ak--21
27,cdca04e0bc6ce855,r- m,rm,prot-1951--ak--21
28,cdca04e0bc6ce855,r- b,rb,prot-1951--ak--21
29,cdca04e0bc6ce855,n- s,ns,prot-1951--ak--21
30,cdca04e0bc6ce855,a- r,ar,prot-1951--ak--21
0,7b16a01c980ae2ac,"r
e",r e,prot-1951--ak--21
1,7b16a01c980ae2ac,"a
m",a m,prot-1951--ak--21
2,7b16a01c980ae2ac,"t
b",t b,prot-1951--ak--21
3,cdca04e0bc6ce855,r- k,rk,prot-1951--ak--21
4,cdca04e0bc6ce855,m- m,mm,prot-1951--ak--21
5,cdca04e0bc6ce855,d- l,dl,prot-1951--ak--21
6,cdca04e0bc6ce855,m- h,mh,prot-1951--ak--21
7,cdca04e0bc6ce855,e- s,es,prot-1951--ak--21
8,cdca04e0bc6ce855,u- n,un,prot-1951--ak--21
9,cdca04e0bc6ce855,n- o,no,prot-1951--ak--21
10,cdca04e0bc6ce855,s- f,sf,prot-1951--ak--21
11,cdca04e0bc6ce855,k- s,ks,prot-1951--ak--21
12,cdca04e0bc6ce855,e- m,em,prot-1951--ak--21
13,cdca04e0bc6ce855,t- t,tt,prot-1951--ak--21
14,cdca04e0bc6ce855,m- m,mm,prot-1951--ak--21
15,cdca04e0bc6ce855,r- v,rv,prot-1951--ak--21
16,cdca04e0bc6ce855,n- s,ns,prot-1951--ak--21
17,cdca04e0bc6ce855,n- t,nt,prot-1951--ak--21
18,cdca04e0bc6ce855,å- t,åt,prot-1951--ak--21
19,cdca04e0bc6ce855,e- l,el,prot-1951--ak--21
20,cdca04e0bc6ce855,d- n,dn,prot-1951--ak--21
21,cdca04e0bc6ce855,m- s,ms,prot-1951--ak--21
22,cdca04e0bc6ce855,r- b,rb,prot-1951--ak--21
23,cdca04e0bc6ce855,n- d,nd,prot-1951--ak--21
24,cdca04e0bc6ce855,r- b,rb,prot-1951--ak--21
25,cdca04e0bc6ce855,k- t,kt,prot-1951--ak--21
26,cdca04e0bc6ce855,k- s,ks,prot-1951--ak--21
27,cdca04e0bc6ce855,r- d,rd,prot-1951--ak--21
28,cdca04e0bc6ce855,å- g,åg,prot-1951--ak--21
29,cdca04e0bc6ce855,j- l,jl,prot-1951--ak--21
30,cdca04e0bc6ce855,n- l,nl,prot-1951--ak--21
31,cdca04e0bc6ce855,t- r,tr,prot-1951--ak--21
32,cdca04e0bc6ce855,n- s,ns,prot-1951--ak--21
33,cdca04e0bc6ce855,n- s,ns,prot-1951--ak--21
0,cdca04e0bc6ce855,u- v,uv,prot-1951--ak--21
1,cdca04e0bc6ce855,r- h,rh,prot-1951--ak--21
2,cdca04e0bc6ce855,m- f,mf,prot-1951--ak--21
3,cdca04e0bc6ce855,e- s,es,prot-1951--ak--21
4,cdca04e0bc6ce855,r- b,rb,prot-1951--ak--21
5,cdca04e0bc6ce855,c- k,ck,prot-1951--ak--21
6,cdca04e0bc6ce855,m- m,mm,prot-1951--ak--21
7,cdca04e0bc6ce855,k- n,kn,prot-1951--ak--21
8,cdca04e0bc6ce855,t- s,ts,prot-1951--ak--21
9,cdca04e0bc6ce855,e- f,ef,prot-1951--ak--21
10,cdca04e0bc6ce855,r- s,rs,prot-1951--ak--21
11,cdca04e0bc6ce855,m- h,mh,prot-1951--ak--21
12,cdca04e0bc6ce855,k- n,kn,prot-1951--ak--21
13,cdca04e0bc6ce855,s- f,sf,prot-1951--ak--21
14,cdca04e0bc6ce855,g- g,gg,prot-1951--ak--21
15,cdca04e0bc6ce855,a- t,at,prot-1951--ak--21
16,cdca04e0bc6ce855,d- l,dl,prot-1951--ak--21
17,cdca04e0bc6ce855,i- g,ig,prot-1951--ak--21
18,cdca04e0bc6ce855,t- n,tn,prot-1951--ak--21
19,cdca04e0bc6ce855,a- r,ar,prot-1951--ak--21
20,cdca04e0bc6ce855,s- s,ss,prot-1951--ak--21
21,cdca04e0bc6ce855,s- h,sh,prot-1951--ak--21
22,cdca04e0bc6ce855,r- m,rm,prot-1951--ak--21
23,cdca04e0bc6ce855,d- r,dr,prot-1951--ak--21
24,cdca04e0bc6ce855,a- r,ar,prot-1951--ak--21
25,cdca04e0bc6ce855,d- l,dl,prot-1951--ak--21
26,cdca04e0bc6ce855,d- r,dr,prot-1951--ak--21
27,cdca04e0bc6ce855,v- s,vs,prot-1951--ak--21
28,cdca04e0bc6ce855,d- l,dl,prot-1951--ak--21
0,cdca04e0bc6ce855,m- r,mr,prot-1951--ak--21
1,cdca04e0bc6ce855,r- p,rp,prot-1951--ak--21
2,cdca04e0bc6ce855,s- a,sa,prot-1951--ak--21
3,cdca04e0bc6ce855,s- o,so,prot-1951--ak--21
4,cdca04e0bc6ce855,o- n,on,prot-1951--ak--21
5,cdca04e0bc6ce855,e- m,em,prot-1951--ak--21
6,cdca04e0bc6ce855,s- f,sf,prot-1951--ak--21
7,cdca04e0bc6ce855,e- m,em,prot-1951--ak--21
8,cdca04e0bc6ce855,t- n,tn,prot-1951--ak--21
9,cdca04e0bc6ce855,a- n,an,prot-1951--ak--21
10,cdca04e0bc6ce855,o- s,os,prot-1951--ak--21
11,cdca04e0bc6ce855,t- v,tv,prot-1951--ak--21
12,cdca04e0bc6ce855,t- n,tn,prot-1951--ak--21
13,cdca04e0bc6ce855,s- o,so,prot-1951--ak--21
14,cdca04e0bc6ce855,s- p,sp,prot-1951--ak--21
15,cdca04e0bc6ce855,m- m,mm,prot-1951--ak--21
16,cdca04e0bc6ce855,l- m,lm,prot-1951--ak--21
17,cdca04e0bc6ce855,n- t,nt,prot-1951--ak--21
18,cdca04e0bc6ce855,r- g,rg,prot-1951--ak--21
19,cdca04e0bc6ce855,r- b,rb,prot-1951--ak--21
20,cdca04e0bc6ce855,e- a,ea,prot-1951--ak--21
21,cdca04e0bc6ce855,o- r,or,prot-1951--ak--21
22,cdca04e0bc6ce855,m- m,mm,prot-1951--ak--21
23,cdca04e0bc6ce855,s- f,sf,prot-1951--ak--21
24,cdca04e0bc6ce855,r- b,rb,prot-1951--ak--21
25,cdca04e0bc6ce855,t- v,tv,prot-1951--ak--21
26,cdca04e0bc6ce855,s- r,sr,prot-1951--ak--21
27,cdca04e0bc6ce855,m- m,mm,prot-1951--ak--21
28,cdca04e0bc6ce855,r- b,rb,prot-1951--ak--21
29,cdca04e0bc6ce855,f- t,ft,prot-1951--ak--21
30,cdca04e0bc6ce855,k- t,kt,prot-1951--ak--21
31,cdca04e0bc6ce855,d- l,dl,prot-1951--ak--21
32,cdca04e0bc6ce855,t- e,te,prot-1951--ak--21
33,cdca04e0bc6ce855,t- s,ts,prot-1951--ak--21
34,cdca04e0bc6ce855,d- n,dn,prot-1951--ak--21
35,cdca04e0bc6ce855,s- h,sh,prot-1951--ak--21
36,cdca04e0bc6ce855,s- m,sm,prot-1951--ak--21
37,cdca04e0bc6ce855,d- l,dl,prot-1951--ak--21
0,7b16a01c980ae2ac,"l
a",l a,prot-1951--ak--21
1,cdca04e0bc6ce855,n- k,nk,prot-1951--ak--21
2,cdca04e0bc6ce855,t- o,to,prot-1951--ak--21
3,cdca04e0bc6ce855,s- t,st,prot-1951--ak--21
4,cdca04e0bc6ce855,s- t,st,prot-1951--ak--21
5,cdca04e0bc6ce855,k- n,kn,prot-1951--ak--21
6,cdca04e0bc6ce855,r- v,rv,prot-1951--ak--21
7,cdca04e0bc6ce855,e- m,em,prot-1951--ak--21
8,cdca04e0bc6ce855,e- f,ef,prot-1951--ak--21
9,cdca04e0bc6ce855,g- g,gg,prot-1951--ak--21
10,cdca04e0bc6ce855,t- s,ts,prot-1951--ak--21
11,cdca04e0bc6ce855,m- s,ms,prot-1951--ak--21
12,cdca04e0bc6ce855,m- r,mr,prot-1951--ak--21
13,cdca04e0bc6ce855,i- g,ig,prot-1951--ak--21
14,cdca04e0bc6ce855,r- b,rb,prot-1951--ak--21
15,cdca04e0bc6ce855,n- h,nh,prot-1951--ak--21
16,cdca04e0bc6ce855,s- f,sf,prot-1951--ak--21
17,cdca04e0bc6ce855,ö- r,ör,prot-1951--ak--21
18,cdca04e0bc6ce855,e- h,eh,prot-1951--ak--21
19,cdca04e0bc6ce855,m- l,ml,prot-1951--ak--21
20,cdca04e0bc6ce855,k- s,ks,prot-1951--ak--21
21,cdca04e0bc6ce855,e- n,en,prot-1951--ak--21
22,cdca04e0bc6ce855,s- s,ss,prot-1951--ak--21
23,cdca04e0bc6ce855,s- o,so,prot-1951--ak--21
24,cdca04e0bc6ce855,s- a,sa,prot-1951--ak--21
25,cdca04e0bc6ce855,m- v,mv,prot-1951--ak--21
26,cdca04e0bc6ce855,e- r,er,prot-1951--ak--21
27,cdca04e0bc6ce855,e- n,en,prot-1951--ak--21
28,cdca04e0bc6ce855,r- n,rn,prot-1951--ak--21
29,cdca04e0bc6ce855,n- n,nn,prot-1951--ak--21
30,cdca04e0bc6ce855,d- l,dl,prot-1951--ak--21
31,cdca04e0bc6ce855,t- f,tf,prot-1951--ak--21
32,cdca04e0bc6ce855,d- l,dl,prot-1951--ak--21
33,cdca04e0bc6ce855,r- d,rd,prot-1951--ak--21
0,cdca04e0bc6ce855,ö- t,öt,prot-1951--ak--21
1,cdca04e0bc6ce855,s- s,ss,prot-1951--ak--21
2,cdca04e0bc6ce855,r- g,rg,prot-1951--ak--21
3,cdca04e0bc6ce855,r- g,rg,prot-1951--ak--21
4,cdca04e0bc6ce855,r- m,rm,prot-1951--ak--21
5,cdca04e0bc6ce855,a- v,av,prot-1951--ak--21
6,cdca04e0bc6ce855,n- d,nd,prot-1951--ak--21
7,cdca04e0bc6ce855,a- r,ar,prot-1951--ak--21
8,cdca04e0bc6ce855,m- m,mm,prot-1951--ak--21
9,cdca04e0bc6ce855,m- v,mv,prot-1951--ak--21
10,cdca04e0bc6ce855,p- k,pk,prot-1951--ak--21
11,cdca04e0bc6ce855,s- a,sa,prot-1951--ak--21
12,cdca04e0bc6ce855,p- k,pk,prot-1951--ak--21
13,cdca04e0bc6ce855,e- p,ep,prot-1951--ak--21
14,cdca04e0bc6ce855,o- g,og,prot-1951--ak--21
15,cdca04e0bc6ce855,e- l,el,prot-1951--ak--21
16,cdca04e0bc6ce855,r- k,rk,prot-1951--ak--21
17,cdca04e0bc6ce855,c- k,ck,prot-1951--ak--21
18,cdca04e0bc6ce855,t- r,tr,prot-1951--ak--21
19,cdca04e0bc6ce855,s- s,ss,prot-1951--ak--21
20,cdca04e0bc6ce855,t- s,ts,prot-1951--ak--21
21,cdca04e0bc6ce855,ö- t,öt,prot-1951--ak--21
22,cdca04e0bc6ce855,s- a,sa,prot-1951--ak--21
23,cdca04e0bc6ce855,ö- r,ör,prot-1951--ak--21
24,cdca04e0bc6ce855,v- s,vs,prot-1951--ak--21
25,cdca04e0bc6ce855,n- l,nl,prot-1951--ak--21
26,cdca04e0bc6ce855,t- r,tr,prot-1951--ak--21
27,cdca04e0bc6ce855,l- l,ll,prot-1951--ak--21
28,cdca04e0bc6ce855,e- n,en,prot-1951--ak--21
29,cdca04e0bc6ce855,v- s,vs,prot-1951--ak--21
0,cdca04e0bc6ce855,t- l,tl,prot-1951--ak--21
1,cdca04e0bc6ce855,n- d,nd,prot-1951--ak--21
2,cdca04e0bc6ce855,v- k,vk,prot-1951--ak--21
3,cdca04e0bc6ce855,r- e,re,prot-1951--ak--21
4,cdca04e0bc6ce855,a- m,am,prot-1951--ak--21
5,cdca04e0bc6ce855,l- l,ll,prot-1951--ak--21
6,cdca04e0bc6ce855,e- r,er,prot-1951--ak--21
7,cdca04e0bc6ce855,r- n,rn,prot-1951--ak--21
8,cdca04e0bc6ce855,n- d,nd,prot-1951--ak--21
9,cdca04e0bc6ce855,r- t,rt,prot-1951--ak--21
10,cdca04e0bc6ce855,a- t,at,prot-1951--ak--21
11,cdca04e0bc6ce855,i- t,it,prot-1951--ak--21
12,cdca04e0bc6ce855,s- o,so,prot-1951--ak--21
13,cdca04e0bc6ce855,s- o,so,prot-1951--ak--21
14,cdca04e0bc6ce855,n- t,nt,prot-1951--ak--21
15,cdca04e0bc6ce855,r- n,rn,prot-1951--ak--21
16,cdca04e0bc6ce855,e- f,ef,prot-1951--ak--21
17,cdca04e0bc6ce855,n- t,nt,prot-1951--ak--21
18,cdca04e0bc6ce855,ö- r,ör,prot-1951--ak--21
19,cdca04e0bc6ce855,r- s,rs,prot-1951--ak--21
20,cdca04e0bc6ce855,g- h,gh,prot-1951--ak--21
21,cdca04e0bc6ce855,e- s,es,prot-1951--ak--21
22,cdca04e0bc6ce855,i- t,it,prot-1951--ak--21
23,cdca04e0bc6ce855,n- f,nf,prot-1951--ak--21
24,cdca04e0bc6ce855,r- m,rm,prot-1951--ak--21
25,cdca04e0bc6ce855,s- k,sk,prot-1951--ak--21
26,cdca04e0bc6ce855,m- m,mm,prot-1951--ak--21
27,cdca04e0bc6ce855,r- v,rv,prot-1951--ak--21
28,cdca04e0bc6ce855,a- r,ar,prot-1951--ak--21
29,cdca04e0bc6ce855,g- e,ge,prot-1951--ak--21
30,cdca04e0bc6ce855,l- p,lp,prot-1951--ak--21
31,cdca04e0bc6ce855,a- t,at,prot-1951--ak--21
32,cdca04e0bc6ce855,f- t,ft,prot-1951--ak--21
33,cdca04e0bc6ce855,t- n,tn,prot-1951--ak--21
34,cdca04e0bc6ce855,k- s,ks,prot-1951--ak--21
35,cdca04e0bc6ce855,a- r,ar,prot-1951--ak--21
36,cdca04e0bc6ce855,n- d,nd,prot-1951--ak--21
37,cdca04e0bc6ce855,ö- k,ök,prot-1951--ak--21
38,cdca04e0bc6ce855,j- l,jl,prot-1951--ak--21
39,cdca04e0bc6ce855,t- t,tt,prot-1951--ak--21
40,cdca04e0bc6ce855,n- h,nh,prot-1951--ak--21
41,cdca04e0bc6ce855,ö- v,öv,prot-1951--ak--21
42,cdca04e0bc6ce855,a- r,ar,prot-1951--ak--21
43,cdca04e0bc6ce855,r- d,rd,prot-1951--ak--21
44,cdca04e0bc6ce855,m- h,mh,prot-1951--ak--21
45,cdca04e0bc6ce855,d- l,dl,prot-1951--ak--21
46,cdca04e0bc6ce855,r- a,ra,prot-1951--ak--21
0,7b16a01c980ae2ac,"r
a",r a,prot-1951--ak--21
1,cdca04e0bc6ce855,ö- k,ök,prot-1951--ak--21
2,cdca04e0bc6ce855,g- e,ge,prot-1951--ak--21
3,cdca04e0bc6ce855,t- s,ts,prot-1951--ak--21
4,cdca04e0bc6ce855,k- k,kk,prot-1951--ak--21
5,cdca04e0bc6ce855,r- g,rg,prot-1951--ak--21
6,cdca04e0bc6ce855,t- s,ts,prot-1951--ak--21
7,cdca04e0bc6ce855,r- s,rs,prot-1951--ak--21
8,cdca04e0bc6ce855,r- s,rs,prot-1951--ak--21
9,cdca04e0bc6ce855,t- s,ts,prot-1951--ak--21
10,cdca04e0bc6ce855,r- g,rg,prot-1951--ak--21
11,cdca04e0bc6ce855,m- m,mm,prot-1951--ak--21
12,cdca04e0bc6ce855,k- t,kt,prot-1951--ak--21
13,cdca04e0bc6ce855,s- m,sm,prot-1951--ak--21
14,cdca04e0bc6ce855,m- h,mh,prot-1951--ak--21
15,cdca04e0bc6ce855,r- b,rb,prot-1951--ak--21
16,cdca04e0bc6ce855,n- n,nn,prot-1951--ak--21
17,cdca04e0bc6ce855,r- m,rm,prot-1951--ak--21
18,cdca04e0bc6ce855,m- b,mb,prot-1951--ak--21
19,cdca04e0bc6ce855,i- r,ir,prot-1951--ak--21
20,cdca04e0bc6ce855,t- l,tl,prot-1951--ak--21
21,cdca04e0bc6ce855,d- l,dl,prot-1951--ak--21
22,cdca04e0bc6ce855,r- m,rm,prot-1951--ak--21
23,cdca04e0bc6ce855,å- g,åg,prot-1951--ak--21
24,cdca04e0bc6ce855,r- e,re,prot-1951--ak--21
25,cdca04e0bc6ce855,ö- r,ör,prot-1951--ak--21
26,cdca04e0bc6ce855,t- t,tt,prot-1951--ak--21
27,cdca04e0bc6ce855,l- l,ll,prot-1951--ak--21
28,cdca04e0bc6ce855,l- s,ls,prot-1951--ak--21
29,cdca04e0bc6ce855,t- l,tl,prot-1951--ak--21
0,cdca04e0bc6ce855,l- s,ls,prot-1951--ak--21
1,cdca04e0bc6ce855,o- b,ob,prot-1951--ak--21
2,cdca04e0bc6ce855,l- s,ls,prot-1951--ak--21
3,cdca04e0bc6ce855,a- c,ac,prot-1951--ak--21
4,cdca04e0bc6ce855,d- r,dr,prot-1951--ak--21
5,cdca04e0bc6ce855,l- n,ln,prot-1951--ak--21
6,cdca04e0bc6ce855,k- s,ks,prot-1951--ak--21
7,cdca04e0bc6ce855,n- n,nn,prot-1951--ak--21
8,cdca04e0bc6ce855,e- m,em,prot-1951--ak--21
9,cdca04e0bc6ce855,s- k,sk,prot-1951--ak--21
10,cdca04e0bc6ce855,r- l,rl,prot-1951--ak--21
11,cdca04e0bc6ce855,n- v,nv,prot-1951--ak--21
12,cdca04e0bc6ce855,l- s,ls,prot-1951--ak--21
13,cdca04e0bc6ce855,s- u,su,prot-1951--ak--21
14,cdca04e0bc6ce855,n- t,nt,prot-1951--ak--21
15,cdca04e0bc6ce855,l- s,ls,prot-1951--ak--21
16,cdca04e0bc6ce855,s- u,su,prot-1951--ak--21
17,cdca04e0bc6ce855,d- v,dv,prot-1951--ak--21
18,cdca04e0bc6ce855,e- g,eg,prot-1951--ak--21
19,cdca04e0bc6ce855,n- d,nd,prot-1951--ak--21
20,cdca04e0bc6ce855,k- s,ks,prot-1951--ak--21
21,cdca04e0bc6ce855,t- t,tt,prot-1951--ak--21
22,cdca04e0bc6ce855,k- s,ks,prot-1951--ak--21
23,cdca04e0bc6ce855,y- r,yr,prot-1951--ak--21
24,cdca04e0bc6ce855,o- n,on,prot-1951--ak--21
25,cdca04e0bc6ce855,t- n,tn,prot-1951--ak--21
26,cdca04e0bc6ce855,r- f,rf,prot-1951--ak--21
27,cdca04e0bc6ce855,e- m,em,prot-1951--ak--21
28,cdca04e0bc6ce855,a- g,ag,prot-1951--ak--21
29,cdca04e0bc6ce855,n- g,ng,prot-1951--ak--21
30,cdca04e0bc6ce855,m- p,mp,prot-1951--ak--21
0,cdca04e0bc6ce855,r- v,rv,prot-1951--ak--21
1,cdca04e0bc6ce855,s- n,sn,prot-1951--ak--21
2,cdca04e0bc6ce855,s- f,sf,prot-1951--ak--21
3,cdca04e0bc6ce855,n- t,nt,prot-1951--ak--21
4,cdca04e0bc6ce855,t- p,tp,prot-1951--ak--21
5,cdca04e0bc6ce855,s- g,sg,prot-1951--ak--21
6,cdca04e0bc6ce855,a- t,at,prot-1951--ak--21
7,cdca04e0bc6ce855,l- d,ld,prot-1951--ak--21
8,cdca04e0bc6ce855,e- s,es,prot-1951--ak--21
9,cdca04e0bc6ce855,n- t,nt,prot-1951--ak--21
10,cdca04e0bc6ce855,r- t,rt,prot-1951--ak--21
11,cdca04e0bc6ce855,m- m,mm,prot-1951--ak--21
12,cdca04e0bc6ce855,r- b,rb,prot-1951--ak--21
13,cdca04e0bc6ce855,l- j,lj,prot-1951--ak--21
14,cdca04e0bc6ce855,y- d,yd,prot-1951--ak--21
15,cdca04e0bc6ce855,k- s,ks,prot-1951--ak--21
16,cdca04e0bc6ce855,r- f,rf,prot-1951--ak--21
17,cdca04e0bc6ce855,t- t,tt,prot-1951--ak--21
18,cdca04e0bc6ce855,e- s,es,prot-1951--ak--21
19,cdca04e0bc6ce855,k- r,kr,prot-1951--ak--21
20,cdca04e0bc6ce855,t- s,ts,prot-1951--ak--21
21,cdca04e0bc6ce855,l- l,ll,prot-1951--ak--21
22,cdca04e0bc6ce855,r- m,rm,prot-1951--ak--21
23,cdca04e0bc6ce855,t- t,tt,prot-1951--ak--21
24,cdca04e0bc6ce855,s- m,sm,prot-1951--ak--21
25,cdca04e0bc6ce855,a- g,ag,prot-1951--ak--21
26,cdca04e0bc6ce855,r- b,rb,prot-1951--ak--21
27,cdca04e0bc6ce855,n- d,nd,prot-1951--ak--21
28,cdca04e0bc6ce855,e- f,ef,prot-1951--ak--21
0,7b16a01c980ae2ac,"s
b",s b,prot-1951--ak--21
1,cdca04e0bc6ce855,r- b,rb,prot-1951--ak--21
2,cdca04e0bc6ce855,r- s,rs,prot-1951--ak--21
3,cdca04e0bc6ce855,m- h,mh,prot-1951--ak--21
4,cdca04e0bc6ce855,t- j,tj,prot-1951--ak--21
5,cdca04e0bc6ce855,r- f,rf,prot-1951--ak--21
6,cdca04e0bc6ce855,r- b,rb,prot-1951--ak--21
7,cdca04e0bc6ce855,a- t,at,prot-1951--ak--21
8,cdca04e0bc6ce855,d- l,dl,prot-1951--ak--21
9,cdca04e0bc6ce855,r- b,rb,prot-1951--ak--21
10,cdca04e0bc6ce855,s- t,st,prot-1951--ak--21
11,cdca04e0bc6ce855,v- d,vd,prot-1951--ak--21
12,cdca04e0bc6ce855,t- r,tr,prot-1951--ak--21
13,cdca04e0bc6ce855,s- f,sf,prot-1951--ak--21
14,cdca04e0bc6ce855,l- s,ls,prot-1951--ak--21
15,cdca04e0bc6ce855,a- o,ao,prot-1951--ak--21
16,cdca04e0bc6ce855,v- d,vd,prot-1951--ak--21
17,cdca04e0bc6ce855,i- t,it,prot-1951--ak--21
18,cdca04e0bc6ce855,d- l,dl,prot-1951--ak--21
19,cdca04e0bc6ce855,t- o,to,prot-1951--ak--21
20,cdca04e0bc6ce855,m- h,mh,prot-1951--ak--21
21,cdca04e0bc6ce855,r- b,rb,prot-1951--ak--21
22,cdca04e0bc6ce855,s- t,st,prot-1951--ak--21
23,cdca04e0bc6ce855,n- s,ns,prot-1951--ak--21
24,cdca04e0bc6ce855,r- s,rs,prot-1951--ak--21
25,cdca04e0bc6ce855,s- t,st,prot-1951--ak--21
26,cdca04e0bc6ce855,t- s,ts,prot-1951--ak--21
27,cdca04e0bc6ce855,n- b,nb,prot-1951--ak--21
28,cdca04e0bc6ce855,s- y,sy,prot-1951--ak--21
29,cdca04e0bc6ce855,k- l,kl,prot-1951--ak--21
30,cdca04e0bc6ce855,s- f,sf,prot-1951--ak--21
31,cdca04e0bc6ce855,l- m,lm,prot-1951--ak--21
32,cdca04e0bc6ce855,n- d,nd,prot-1951--ak--21
0,7b16a01c980ae2ac,"a
f",a f,prot-1951--ak--21
1,cdca04e0bc6ce855,j- l,jl,prot-1951--ak--21
2,cdca04e0bc6ce855,k- t,kt,prot-1951--ak--21
3,cdca04e0bc6ce855,m- m,mm,prot-1951--ak--21
4,cdca04e0bc6ce855,s- a,sa,prot-1951--ak--21
5,cdca04e0bc6ce855,n- n,nn,prot-1951--ak--21
6,cdca04e0bc6ce855,g- l,gl,prot-1951--ak--21
7,cdca04e0bc6ce855,l- s,ls,prot-1951--ak--21
8,cdca04e0bc6ce855,k- n,kn,prot-1951--ak--21
9,cdca04e0bc6ce855,n- d,nd,prot-1951--ak--21
10,cdca04e0bc6ce855,s- u,su,prot-1951--ak--21
11,cdca04e0bc6ce855,s- l,sl,prot-1951--ak--21
12,cdca04e0bc6ce855,e- r,er,prot-1951--ak--21
13,cdca04e0bc6ce855,g- e,ge,prot-1951--ak--21
14,cdca04e0bc6ce855,o- n,on,prot-1951--ak--21
15,cdca04e0bc6ce855,e- r,er,prot-1951--ak--21
16,cdca04e0bc6ce855,å- g,åg,prot-1951--ak--21
17,cdca04e0bc6ce855,r- s,rs,prot-1951--ak--21
18,cdca04e0bc6ce855,p- g,pg,prot-1951--ak--21
19,cdca04e0bc6ce855,d- n,dn,prot-1951--ak--21
20,cdca04e0bc6ce855,t- t,tt,prot-1951--ak--21
21,cdca04e0bc6ce855,r- h,rh,prot-1951--ak--21
22,cdca04e0bc6ce855,g- e,ge,prot-1951--ak--21
23,cdca04e0bc6ce855,s- t,st,prot-1951--ak--21
24,cdca04e0bc6ce855,o- n,on,prot-1951--ak--21
25,cdca04e0bc6ce855,o- n,on,prot-1951--ak--21
26,cdca04e0bc6ce855,s- s,ss,prot-1951--ak--21
27,cdca04e0bc6ce855,r- v,rv,prot-1951--ak--21
28,cdca04e0bc6ce855,ä- v,äv,prot-1951--ak--21
29,cdca04e0bc6ce855,e- f,ef,prot-1951--ak--21
30,cdca04e0bc6ce855,k- s,ks,prot-1951--ak--21
31,cdca04e0bc6ce855,o- t,ot,prot-1951--ak--21
32,cdca04e0bc6ce855,m- m,mm,prot-1951--ak--21
33,cdca04e0bc6ce855,e- f,ef,prot-1951--ak--21
34,cdca04e0bc6ce855,e- r,er,prot-1951--ak--21
35,cdca04e0bc6ce855,m- p,mp,prot-1951--ak--21
36,cdca04e0bc6ce855,n- d,nd,prot-1951--ak--21
37,cdca04e0bc6ce855,t- s,ts,prot-1951--ak--21
38,cdca04e0bc6ce855,e- l,el,prot-1951--ak--21
0,cdca04e0bc6ce855,f- t,ft,prot-1951--ak--21
1,cdca04e0bc6ce855,v- d,vd,prot-1951--ak--21
2,cdca04e0bc6ce855,o- r,or,prot-1951--ak--21
3,cdca04e0bc6ce855,s- f,sf,prot-1951--ak--21
4,cdca04e0bc6ce855,i- v,iv,prot-1951--ak--21
5,cdca04e0bc6ce855,n- n,nn,prot-1951--ak--21
6,cdca04e0bc6ce855,j- l,jl,prot-1951--ak--21
7,cdca04e0bc6ce855,a- g,ag,prot-1951--ak--21
8,cdca04e0bc6ce855,s- t,st,prot-1951--ak--21
9,cdca04e0bc6ce855,a- l,al,prot-1951--ak--21
10,cdca04e0bc6ce855,s- k,sk,prot-1951--ak--21
11,cdca04e0bc6ce855,s- k,sk,prot-1951--ak--21
12,cdca04e0bc6ce855,d- n,dn,prot-1951--ak--21
13,cdca04e0bc6ce855,t- r,tr,prot-1951--ak--21
14,cdca04e0bc6ce855,r- h,rh,prot-1951--ak--21
15,cdca04e0bc6ce855,r- h,rh,prot-1951--ak--21
16,cdca04e0bc6ce855,l- m,lm,prot-1951--ak--21
17,cdca04e0bc6ce855,i- f,if,prot-1951--ak--21
18,cdca04e0bc6ce855,a- r,ar,prot-1951--ak--21
19,cdca04e0bc6ce855,e- p,ep,prot-1951--ak--21
20,cdca04e0bc6ce855,r- f,rf,prot-1951--ak--21
21,cdca04e0bc6ce855,r- m,rm,prot-1951--ak--21
22,cdca04e0bc6ce855,r- b,rb,prot-1951--ak--21
23,cdca04e0bc6ce855,m- v,mv,prot-1951--ak--21
24,cdca04e0bc6ce855,a- r,ar,prot-1951--ak--21
25,cdca04e0bc6ce855,c- k,ck,prot-1951--ak--21
26,cdca04e0bc6ce855,s- k,sk,prot-1951--ak--21
0,7b16a01c980ae2ac,"u
s",u s,prot-1951--ak--21
1,cdca04e0bc6ce855,u- n,un,prot-1951--ak--21
2,cdca04e0bc6ce855,s- k,sk,prot-1951--ak--21
3,cdca04e0bc6ce855,s- f,sf,prot-1951--ak--21
4,cdca04e0bc6ce855,t- s,ts,prot-1951--ak--21
5,cdca04e0bc6ce855,k- s,ks,prot-1951--ak--21
6,cdca04e0bc6ce855,m- h,mh,prot-1951--ak--21
7,cdca04e0bc6ce855,a- t,at,prot-1951--ak--21
8,cdca04e0bc6ce855,n- r,nr,prot-1951--ak--21
9,cdca04e0bc6ce855,i- f,if,prot-1951--ak--21
10,cdca04e0bc6ce855,l- n,ln,prot-1951--ak--21
11,cdca04e0bc6ce855,c- k,ck,prot-1951--ak--21
12,cdca04e0bc6ce855,d- g,dg,prot-1951--ak--21
13,cdca04e0bc6ce855,n- n,nn,prot-1951--ak--21
14,cdca04e0bc6ce855,e- d,ed,prot-1951--ak--21
15,cdca04e0bc6ce855,v- s,vs,prot-1951--ak--21
16,cdca04e0bc6ce855,r- m,rm,prot-1951--ak--21
17,cdca04e0bc6ce855,s- u,su,prot-1951--ak--21
18,cdca04e0bc6ce855,m- s,ms,prot-1951--ak--21
19,cdca04e0bc6ce855,k- h,kh,prot-1951--ak--21
20,cdca04e0bc6ce855,m- r,mr,prot-1951--ak--21
21,cdca04e0bc6ce855,r- m,rm,prot-1951--ak--21
22,cdca04e0bc6ce855,e- s,es,prot-1951--ak--21
23,cdca04e0bc6ce855,s- u,su,prot-1951--ak--21
24,cdca04e0bc6ce855,m- v,mv,prot-1951--ak--21
25,cdca04e0bc6ce855,m- a,ma,prot-1951--ak--21
26,cdca04e0bc6ce855,e- p,ep,prot-1951--ak--21
27,cdca04e0bc6ce855,d- r,dr,prot-1951--ak--21
28,cdca04e0bc6ce855,u- t,ut,prot-1951--ak--21
29,cdca04e0bc6ce855,m- h,mh,prot-1951--ak--21
30,cdca04e0bc6ce855,r- b,rb,prot-1951--ak--21
31,cdca04e0bc6ce855,e- r,er,prot-1951--ak--21
32,cdca04e0bc6ce855,d- s,ds,prot-1951--ak--21
33,cdca04e0bc6ce855,m- m,mm,prot-1951--ak--21
0,cdca04e0bc6ce855,p- g,pg,prot-1951--ak--21
1,cdca04e0bc6ce855,m- f,mf,prot-1951--ak--21
2,cdca04e0bc6ce855,e- t,et,prot-1951--ak--21
3,cdca04e0bc6ce855,k- n,kn,prot-1951--ak--21
4,cdca04e0bc6ce855,n- s,ns,prot-1951--ak--21
5,cdca04e0bc6ce855,s- b,sb,prot-1951--ak--21
6,cdca04e0bc6ce855,m- m,mm,prot-1951--ak--21
7,cdca04e0bc6ce855,a- l,al,prot-1951--ak--21
8,cdca04e0bc6ce855,s- f,sf,prot-1951--ak--21
9,cdca04e0bc6ce855,a- m,am,prot-1951--ak--21
10,cdca04e0bc6ce855,s- s,ss,prot-1951--ak--21
11,cdca04e0bc6ce855,r- b,rb,prot-1951--ak--21
12,cdca04e0bc6ce855,r- s,rs,prot-1951--ak--21
13,cdca04e0bc6ce855,s- f,sf,prot-1951--ak--21
14,cdca04e0bc6ce855,k- n,kn,prot-1951--ak--21
15,cdca04e0bc6ce855,u- o,uo,prot-1951--ak--21
16,cdca04e0bc6ce855,r- m,rm,prot-1951--ak--21
17,cdca04e0bc6ce855,j- a,ja,prot-1951--ak--21
18,cdca04e0bc6ce855,k- s,ks,prot-1951--ak--21
19,cdca04e0bc6ce855,s- u,su,prot-1951--ak--21
20,cdca04e0bc6ce855,d- l,dl,prot-1951--ak--21
21,cdca04e0bc6ce855,m- h,mh,prot-1951--ak--21
22,cdca04e0bc6ce855,ö- k,ök,prot-1951--ak--21
23,cdca04e0bc6ce855,s- o,so,prot-1951--ak--21
24,cdca04e0bc6ce855,a- t,at,prot-1951--ak--21
0,cdca04e0bc6ce855,m- h,mh,prot-1951--ak--21
1,cdca04e0bc6ce855,m- b,mb,prot-1951--ak--21
2,cdca04e0bc6ce855,n- d,nd,prot-1951--ak--21
3,cdca04e0bc6ce855,s- k,sk,prot-1951--ak--21
4,cdca04e0bc6ce855,e- r,er,prot-1951--ak--21
5,cdca04e0bc6ce855,r- s,rs,prot-1951--ak--21
6,cdca04e0bc6ce855,g- d,gd,prot-1951--ak--21
7,cdca04e0bc6ce855,d- l,dl,prot-1951--ak--21
8,cdca04e0bc6ce855,e- n,en,prot-1951--ak--21
9,cdca04e0bc6ce855,e- d,ed,prot-1951--ak--21
10,cdca04e0bc6ce855,l- f,lf,prot-1951--ak--21
11,cdca04e0bc6ce855,k- s,ks,prot-1951--ak--21
12,cdca04e0bc6ce855,e- d,ed,prot-1951--ak--21
13,cdca04e0bc6ce855,r- s,rs,prot-1951--ak--21
14,cdca04e0bc6ce855,a- t,at,prot-1951--ak--21
15,cdca04e0bc6ce855,i- g,ig,prot-1951--ak--21
16,cdca04e0bc6ce855,å- g,åg,prot-1951--ak--21
17,cdca04e0bc6ce855,å- g,åg,prot-1951--ak--21
18,cdca04e0bc6ce855,s- a,sa,prot-1951--ak--21
19,cdca04e0bc6ce855,r- v,rv,prot-1951--ak--21
20,cdca04e0bc6ce855,n- d,nd,prot-1951--ak--21
21,cdca04e0bc6ce855,r- b,rb,prot-1951--ak--21
22,cdca04e0bc6ce855,ö- d,öd,prot-1951--ak--21
23,cdca04e0bc6ce855,j- l,jl,prot-1951--ak--21
24,cdca04e0bc6ce855,s- l,sl,prot-1951--ak--21
25,cdca04e0bc6ce855,a- t,at,prot-1951--ak--21
26,cdca04e0bc6ce855,n- n,nn,prot-1951--ak--21
27,cdca04e0bc6ce855,m- o,mo,prot-1951--ak--21
28,cdca04e0bc6ce855,s- s,ss,prot-1951--ak--21
29,cdca04e0bc6ce855,m- m,mm,prot-1951--ak--21
30,cdca04e0bc6ce855,e- m,em,prot-1951--ak--21
31,cdca04e0bc6ce855,d- n,dn,prot-1951--ak--21
32,cdca04e0bc6ce855,e- v,ev,prot-1951--ak--21
33,cdca04e0bc6ce855,e- b,eb,prot-1951--ak--21
34,cdca04e0bc6ce855,r- b,rb,prot-1951--ak--21
0,cdca04e0bc6ce855,m- h,mh,prot-1951--ak--21
1,cdca04e0bc6ce855,s- u,su,prot-1951--ak--21
2,cdca04e0bc6ce855,r- b,rb,prot-1951--ak--21
3,cdca04e0bc6ce855,r- b,rb,prot-1951--ak--21
4,cdca04e0bc6ce855,s- k,sk,prot-1951--ak--21
5,cdca04e0bc6ce855,n- n,nn,prot-1951--ak--21
6,cdca04e0bc6ce855,l- l,ll,prot-1951--ak--21
7,cdca04e0bc6ce855,k- s,ks,prot-1951--ak--21
8,cdca04e0bc6ce855,s- m,sm,prot-1951--ak--21
9,cdca04e0bc6ce855,r- b,rb,prot-1951--ak--21
10,cdca04e0bc6ce855,n- d,nd,prot-1951--ak--21
11,cdca04e0bc6ce855,v- s,vs,prot-1951--ak--21
12,cdca04e0bc6ce855,i- d,id,prot-1951--ak--21
13,cdca04e0bc6ce855,n- d,nd,prot-1951--ak--21
14,cdca04e0bc6ce855,m- m,mm,prot-1951--ak--21
15,cdca04e0bc6ce855,a- d,ad,prot-1951--ak--21
16,cdca04e0bc6ce855,i- d,id,prot-1951--ak--21
17,cdca04e0bc6ce855,k- t,kt,prot-1951--ak--21
18,cdca04e0bc6ce855,n- f,nf,prot-1951--ak--21
19,cdca04e0bc6ce855,t- r,tr,prot-1951--ak--21
20,cdca04e0bc6ce855,e- p,ep,prot-1951--ak--21
21,cdca04e0bc6ce855,g- l,gl,prot-1951--ak--21
22,cdca04e0bc6ce855,p- p,pp,prot-1951--ak--21
23,cdca04e0bc6ce855,g- a,ga,prot-1951--ak--21
24,cdca04e0bc6ce855,e- l,el,prot-1951--ak--21
25,cdca04e0bc6ce855,n- t,nt,prot-1951--ak--21
26,cdca04e0bc6ce855,g- h,gh,prot-1951--ak--21
27,cdca04e0bc6ce855,e- h,eh,prot-1951--ak--21
28,cdca04e0bc6ce855,r- s,rs,prot-1951--ak--21
29,cdca04e0bc6ce855,s- t,st,prot-1951--ak--21
30,cdca04e0bc6ce855,k- n,kn,prot-1951--ak--21
0,7b16a01c980ae2ac,"r
s",r s,prot-1951--ak--21
1,7b16a01c980ae2ac,"k
p",k p,prot-1951--ak--21
2,cdca04e0bc6ce855,a- r,ar,prot-1951--ak--21
3,cdca04e0bc6ce855,k- t,kt,prot-1951--ak--21
4,cdca04e0bc6ce855,d- r,dr,prot-1951--ak--21
5,cdca04e0bc6ce855,ä- g,äg,prot-1951--ak--21
6,cdca04e0bc6ce855,e- g,eg,prot-1951--ak--21
7,cdca04e0bc6ce855,e- r,er,prot-1951--ak--21
8,cdca04e0bc6ce855,d- k,dk,prot-1951--ak--21
9,cdca04e0bc6ce855,r- ä,rä,prot-1951--ak--21
10,cdca04e0bc6ce855,o- s,os,prot-1951--ak--21
11,cdca04e0bc6ce855,s- n,sn,prot-1951--ak--21
12,cdca04e0bc6ce855,l- k,lk,prot-1951--ak--21
13,cdca04e0bc6ce855,e- g,eg,prot-1951--ak--21
14,cdca04e0bc6ce855,e- r,er,prot-1951--ak--21
15,cdca04e0bc6ce855,k- s,ks,prot-1951--ak--21
16,cdca04e0bc6ce855,ö- t,öt,prot-1951--ak--21
17,cdca04e0bc6ce855,t- t,tt,prot-1951--ak--21
18,cdca04e0bc6ce855,r- e,re,prot-1951--ak--21
19,cdca04e0bc6ce855,a- r,ar,prot-1951--ak--21
20,cdca04e0bc6ce855,l- m,lm,prot-1951--ak--21
21,cdca04e0bc6ce855,n- d,nd,prot-1951--ak--21
22,cdca04e0bc6ce855,o- t,ot,prot-1951--ak--21
23,cdca04e0bc6ce855,o- s,os,prot-1951--ak--21
24,cdca04e0bc6ce855,s- n,sn,prot-1951--ak--21
25,cdca04e0bc6ce855,i- f,if,prot-1951--ak--21
26,cdca04e0bc6ce855,m- s,ms,prot-1951--ak--21
27,cdca04e0bc6ce855,n- n,nn,prot-1951--ak--21
28,cdca04e0bc6ce855,t- t,tt,prot-1951--ak--21
29,cdca04e0bc6ce855,o- s,os,prot-1951--ak--21
30,cdca04e0bc6ce855,e- s,es,prot-1951--ak--21
31,cdca04e0bc6ce855,r- d,rd,prot-1951--ak--21
32,cdca04e0bc6ce855,r- a,ra,prot-1951--ak--21
33,cdca04e0bc6ce855,s- p,sp,prot-1951--ak--21
0,cdca04e0bc6ce855,r- ä,rä,prot-1951--ak--21
1,cdca04e0bc6ce855,o- s,os,prot-1951--ak--21
2,cdca04e0bc6ce855,s- n,sn,prot-1951--ak--21
3,cdca04e0bc6ce855,i- f,if,prot-1951--ak--21
4,cdca04e0bc6ce855,o- n,on,prot-1951--ak--21
5,cdca04e0bc6ce855,k- t,kt,prot-1951--ak--21
6,cdca04e0bc6ce855,t- s,ts,prot-1951--ak--21
7,cdca04e0bc6ce855,a- r,ar,prot-1951--ak--21
8,cdca04e0bc6ce855,l- l,ll,prot-1951--ak--21
9,cdca04e0bc6ce855,i- t,it,prot-1951--ak--21
10,cdca04e0bc6ce855,e- s,es,prot-1951--ak--21
11,cdca04e0bc6ce855,o- s,os,prot-1951--ak--21
12,cdca04e0bc6ce855,s- n,sn,prot-1951--ak--21
13,cdca04e0bc6ce855,l- k,lk,prot-1951--ak--21
14,cdca04e0bc6ce855,s- a,sa,prot-1951--ak--21
15,cdca04e0bc6ce855,t- t,tt,prot-1951--ak--21
16,cdca04e0bc6ce855,m- m,mm,prot-1951--ak--21
17,cdca04e0bc6ce855,r- m,rm,prot-1951--ak--21
18,cdca04e0bc6ce855,k- t,kt,prot-1951--ak--21
19,cdca04e0bc6ce855,t- s,ts,prot-1951--ak--21
20,cdca04e0bc6ce855,s- s,ss,prot-1951--ak--21
21,cdca04e0bc6ce855,i- f,if,prot-1951--ak--21
22,cdca04e0bc6ce855,a- t,at,prot-1951--ak--21
23,cdca04e0bc6ce855,i- f,if,prot-1951--ak--21
24,cdca04e0bc6ce855,v- g,vg,prot-1951--ak--21
25,cdca04e0bc6ce855,t- l,tl,prot-1951--ak--21
26,cdca04e0bc6ce855,k- t,kt,prot-1951--ak--21
27,cdca04e0bc6ce855,t- s,ts,prot-1951--ak--21
28,cdca04e0bc6ce855,o- p,op,prot-1951--ak--21
29,cdca04e0bc6ce855,t- å,tå,prot-1951--ak--21
30,cdca04e0bc6ce855,s- m,sm,prot-1951--ak--21
31,cdca04e0bc6ce855,m- n,mn,prot-1951--ak--21
0,7b16a01c980ae2ac,"a
a",a a,prot-1951--ak--21
1,7b16a01c980ae2ac,",
b",", b",prot-1951--ak--21
2,7b16a01c980ae2ac,",
c",", c",prot-1951--ak--21
3,7b16a01c980ae2ac,",
d",", d",prot-1951--ak--21
4,7b16a01c980ae2ac,",
e",", e",prot-1951--ak--21
5,7b16a01c980ae2ac,",
f",", f",prot-1951--ak--21
6,7b16a01c980ae2ac,",
g",", g",prot-1951--ak--21
7,cdca04e0bc6ce855,n- d,nd,prot-1951--ak--21
8,cdca04e0bc6ce855,s- d,sd,prot-1951--ak--21
9,cdca04e0bc6ce855,s- p,sp,prot-1951--ak--21
10,cdca04e0bc6ce855,l- h,lh,prot-1951--ak--21
11,cdca04e0bc6ce855,d- t,dt,prot-1951--ak--21
12,cdca04e0bc6ce855,e- k,ek,prot-1951--ak--21
13,cdca04e0bc6ce855,s- k,sk,prot-1951--ak--21
14,cdca04e0bc6ce855,i- k,ik,prot-1951--ak--21
15,cdca04e0bc6ce855,i- d,id,prot-1951--ak--21
16,cdca04e0bc6ce855,s- v,sv,prot-1951--ak--21
17,cdca04e0bc6ce855,s- v,sv,prot-1951--ak--21
18,cdca04e0bc6ce855,t- n,tn,prot-1951--ak--21
19,cdca04e0bc6ce855,s- v,sv,prot-1951--ak--21
20,cdca04e0bc6ce855,r- r,rr,prot-1951--ak--21
21,cdca04e0bc6ce855,m- m,mm,prot-1951--ak--21
22,cdca04e0bc6ce855,m- p,mp,prot-1951--ak--21
23,cdca04e0bc6ce855,n- d,nd,prot-1951--ak--21
24,cdca04e0bc6ce855,e- l,el,prot-1951--ak--21
25,cdca04e0bc6ce855,d- g,dg,prot-1951--ak--21
26,cdca04e0bc6ce855,l- l,ll,prot-1951--ak--21
27,cdca04e0bc6ce855,r- s,rs,prot-1951--ak--21
28,cdca04e0bc6ce855,r- b,rb,prot-1951--ak--21
29,cdca04e0bc6ce855,e- s,es,prot-1951--ak--21
30,cdca04e0bc6ce855,r- s,rs,prot-1951--ak--21
31,cdca04e0bc6ce855,a- t,at,prot-1951--ak--21
32,cdca04e0bc6ce855,n- s,ns,prot-1951--ak--21
33,cdca04e0bc6ce855,r- v,rv,prot-1951--ak--21
34,cdca04e0bc6ce855,r- b,rb,prot-1951--ak--21
35,cdca04e0bc6ce855,s- a,sa,prot-1951--ak--21
36,cdca04e0bc6ce855,s- s,ss,prot-1951--ak--21
37,cdca04e0bc6ce855,r- v,rv,prot-1951--ak--21
38,cdca04e0bc6ce855,ö- r,ör,prot-1951--ak--21
39,cdca04e0bc6ce855,s- a,sa,prot-1951--ak--21
40,cdca04e0bc6ce855,r- a,ra,prot-1951--ak--21
41,cdca04e0bc6ce855,r- n,rn,prot-1951--ak--21
42,cdca04e0bc6ce855,r- v,rv,prot-1951--ak--21
0,7b16a01c980ae2ac,"n
f",n f,prot-1951--ak--21
1,cdca04e0bc6ce855,r- f,rf,prot-1951--ak--21
2,cdca04e0bc6ce855,d- n,dn,prot-1951--ak--21
3,cdca04e0bc6ce855,t- n,tn,prot-1951--ak--21
4,cdca04e0bc6ce855,d- n,dn,prot-1951--ak--21
5,cdca04e0bc6ce855,o- s,os,prot-1951--ak--21
6,cdca04e0bc6ce855,m- m,mm,prot-1951--ak--21
7,cdca04e0bc6ce855,u- t,ut,prot-1951--ak--21
8,cdca04e0bc6ce855,d- n,dn,prot-1951--ak--21
9,cdca04e0bc6ce855,e- t,et,prot-1951--ak--21
10,cdca04e0bc6ce855,n- n,nn,prot-1951--ak--21
11,cdca04e0bc6ce855,l- j,lj,prot-1951--ak--21
12,cdca04e0bc6ce855,m- s,ms,prot-1951--ak--21
13,cdca04e0bc6ce855,d- g,dg,prot-1951--ak--21
14,cdca04e0bc6ce855,f- t,ft,prot-1951--ak--21
15,cdca04e0bc6ce855,f- t,ft,prot-1951--ak--21
16,cdca04e0bc6ce855,o- n,on,prot-1951--ak--21
17,cdca04e0bc6ce855,k- s,ks,prot-1951--ak--21
18,cdca04e0bc6ce855,f- t,ft,prot-1951--ak--21
19,cdca04e0bc6ce855,m- h,mh,prot-1951--ak--21
20,cdca04e0bc6ce855,m- s,ms,prot-1951--ak--21
21,cdca04e0bc6ce855,m- s,ms,prot-1951--ak--21
22,cdca04e0bc6ce855,i- t,it,prot-1951--ak--21
23,cdca04e0bc6ce855,t- å,tå,prot-1951--ak--21
24,cdca04e0bc6ce855,m- s,ms,prot-1951--ak--21
25,cdca04e0bc6ce855,s- v,sv,prot-1951--ak--21
26,cdca04e0bc6ce855,a- t,at,prot-1951--ak--21
27,cdca04e0bc6ce855,d- g,dg,prot-1951--ak--21
28,cdca04e0bc6ce855,r- v,rv,prot-1951--ak--21
0,7b16a01c980ae2ac,"h
n",h n,prot-1951--ak--21
1,7b16a01c980ae2ac,"h
n",h n,prot-1951--ak--21
2,7b16a01c980ae2ac,"t
f",t f,prot-1951--ak--21
3,7b16a01c980ae2ac,"h
n",h n,prot-1951--ak--21
4,7b16a01c980ae2ac,"s
p",s p,prot-1951--ak--21
5,cdca04e0bc6ce855,ö- n,ön,prot-1951--ak--21
6,cdca04e0bc6ce855,i- v,iv,prot-1951--ak--21
7,cdca04e0bc6ce855,o- n,on,prot-1951--ak--21
8,cdca04e0bc6ce855,m- m,mm,prot-1951--ak--21
9,cdca04e0bc6ce855,i- v,iv,prot-1951--ak--21
10,cdca04e0bc6ce855,e- v,ev,prot-1951--ak--21
11,cdca04e0bc6ce855,o- n,on,prot-1951--ak--21
12,cdca04e0bc6ce855,i- g,ig,prot-1951--ak--21
13,cdca04e0bc6ce855,d- r,dr,prot-1951--ak--21
14,cdca04e0bc6ce855,p- t,pt,prot-1951--ak--21
15,cdca04e0bc6ce855,r- s,rs,prot-1951--ak--21
16,cdca04e0bc6ce855,o- m,om,prot-1951--ak--21
17,cdca04e0bc6ce855,g- e,ge,prot-1951--ak--21
18,cdca04e0bc6ce855,e- m,em,prot-1951--ak--21
19,cdca04e0bc6ce855,e- o,eo,prot-1951--ak--21
20,cdca04e0bc6ce855,e- p,ep,prot-1951--ak--21
21,cdca04e0bc6ce855,m- n,mn,prot-1951--ak--21
22,cdca04e0bc6ce855,r- o,ro,prot-1951--ak--21
23,cdca04e0bc6ce855,v- s,vs,prot-1951--ak--21
24,cdca04e0bc6ce855,l- s,ls,prot-1951--ak--21
25,cdca04e0bc6ce855,d- g,dg,prot-1951--ak--21
26,cdca04e0bc6ce855,t- å,tå,prot-1951--ak--21
27,cdca04e0bc6ce855,d- g,dg,prot-1951--ak--21
28,cdca04e0bc6ce855,m- n,mn,prot-1951--ak--21
29,cdca04e0bc6ce855,f- t,ft,prot-1951--ak--21
30,cdca04e0bc6ce855,o- n,on,prot-1951--ak--21
0,7b16a01c980ae2ac,"h
n",h n,prot-1951--ak--21
1,7b16a01c980ae2ac,"h
n",h n,prot-1951--ak--21
2,7b16a01c980ae2ac,"h
n",h n,prot-1951--ak--21
3,7b16a01c980ae2ac,"t
j",t j,prot-1951--ak--21
4,cdca04e0bc6ce855,s- d,sd,prot-1951--ak--21
5,cdca04e0bc6ce855,r- d,rd,prot-1951--ak--21
6,cdca04e0bc6ce855,n- d,nd,prot-1951--ak--21
7,cdca04e0bc6ce855,s- t,st,prot-1951--ak--21
8,cdca04e0bc6ce855,e- h,eh,prot-1951--ak--21
9,cdca04e0bc6ce855,n- v,nv,prot-1951--ak--21
10,cdca04e0bc6ce855,e- m,em,prot-1951--ak--21
11,cdca04e0bc6ce855,s- b,sb,prot-1951--ak--21
12,cdca04e0bc6ce855,i- g,ig,prot-1951--ak--21
13,cdca04e0bc6ce855,i- g,ig,prot-1951--ak--21
14,cdca04e0bc6ce855,n- k,nk,prot-1951--ak--21
15,cdca04e0bc6ce855,g- n,gn,prot-1951--ak--21
16,cdca04e0bc6ce855,s- l,sl,prot-1951--ak--21
17,cdca04e0bc6ce855,t- s,ts,prot-1951--ak--21
18,cdca04e0bc6ce855,o- t,ot,prot-1951--ak--21
19,cdca04e0bc6ce855,d- g,dg,prot-1951--ak--21
20,cdca04e0bc6ce855,u- v,uv,prot-1951--ak--21
21,cdca04e0bc6ce855,i- s,is,prot-1951--ak--21
22,cdca04e0bc6ce855,e- h,eh,prot-1951--ak--21
23,cdca04e0bc6ce855,s- g,sg,prot-1951--ak--21
24,cdca04e0bc6ce855,n- g,ng,prot-1951--ak--21
25,cdca04e0bc6ce855,s- o,so,prot-1951--ak--21
26,cdca04e0bc6ce855,l- k,lk,prot-1951--ak--21
27,cdca04e0bc6ce855,t- l,tl,prot-1951--ak--21
28,cdca04e0bc6ce855,t- r,tr,prot-1951--ak--21
29,cdca04e0bc6ce855,l- b,lb,prot-1951--ak--21
30,cdca04e0bc6ce855,n- d,nd,prot-1951--ak--21
31,cdca04e0bc6ce855,e- r,er,prot-1951--ak--21
32,cdca04e0bc6ce855,o- s,os,prot-1951--ak--21
33,cdca04e0bc6ce855,e- m,em,prot-1951--ak--21
34,cdca04e0bc6ce855,s- v,sv,prot-1951--ak--21
35,cdca04e0bc6ce855,ö- r,ör,prot-1951--ak--21
0,7b16a01c980ae2ac,"h
n",h n,prot-1951--ak--21
1,cdca04e0bc6ce855,e- h,eh,prot-1951--ak--21
2,cdca04e0bc6ce855,n- v,nv,prot-1951--ak--21
3,cdca04e0bc6ce855,r- e,re,prot-1951--ak--21
4,cdca04e0bc6ce855,n- n,nn,prot-1951--ak--21
5,cdca04e0bc6ce855,s- f,sf,prot-1951--ak--21
6,cdca04e0bc6ce855,l- m,lm,prot-1951--ak--21
7,cdca04e0bc6ce855,a- t,at,prot-1951--ak--21
8,cdca04e0bc6ce855,å- f,åf,prot-1951--ak--21
9,cdca04e0bc6ce855,l- v,lv,prot-1951--ak--21
10,cdca04e0bc6ce855,t- g,tg,prot-1951--ak--21
11,cdca04e0bc6ce855,l- m,lm,prot-1951--ak--21
12,cdca04e0bc6ce855,s- p,sp,prot-1951--ak--21
13,cdca04e0bc6ce855,t- n,tn,prot-1951--ak--21
14,cdca04e0bc6ce855,p- n,pn,prot-1951--ak--21
15,cdca04e0bc6ce855,l- s,ls,prot-1951--ak--21
16,cdca04e0bc6ce855,t- s,ts,prot-1951--ak--21
17,cdca04e0bc6ce855,n- d,nd,prot-1951--ak--21
18,cdca04e0bc6ce855,l- g,lg,prot-1951--ak--21
19,cdca04e0bc6ce855,s- t,st,prot-1951--ak--21
20,cdca04e0bc6ce855,l- k,lk,prot-1951--ak--21
21,cdca04e0bc6ce855,m- m,mm,prot-1951--ak--21
22,cdca04e0bc6ce855,l- t,lt,prot-1951--ak--21
23,cdca04e0bc6ce855,e- t,et,prot-1951--ak--21
24,cdca04e0bc6ce855,k- n,kn,prot-1951--ak--21
25,cdca04e0bc6ce855,y- l,yl,prot-1951--ak--21
26,cdca04e0bc6ce855,p- m,pm,prot-1951--ak--21
27,cdca04e0bc6ce855,n- t,nt,prot-1951--ak--21
28,cdca04e0bc6ce855,a- g,ag,prot-1951--ak--21
29,cdca04e0bc6ce855,l- l,ll,prot-1951--ak--21
0,7b16a01c980ae2ac,"m
g",m g,prot-1951--ak--21
1,cdca04e0bc6ce855,r- s,rs,prot-1951--ak--21
2,cdca04e0bc6ce855,t- n,tn,prot-1951--ak--21
3,cdca04e0bc6ce855,n- n,nn,prot-1951--ak--21
4,cdca04e0bc6ce855,n- d,nd,prot-1951--ak--21
5,cdca04e0bc6ce855,n- o,no,prot-1951--ak--21
6,cdca04e0bc6ce855,n- d,nd,prot-1951--ak--21
7,cdca04e0bc6ce855,t- n,tn,prot-1951--ak--21
8,cdca04e0bc6ce855,n- l,nl,prot-1951--ak--21
9,cdca04e0bc6ce855,e- b,eb,prot-1951--ak--21
10,cdca04e0bc6ce855,å- e,åe,prot-1951--ak--21
11,cdca04e0bc6ce855,t- v,tv,prot-1951--ak--21
12,cdca04e0bc6ce855,a- v,av,prot-1951--ak--21
13,cdca04e0bc6ce855,ö- r,ör,prot-1951--ak--21
14,cdca04e0bc6ce855,m- f,mf,prot-1951--ak--21
15,cdca04e0bc6ce855,e- f,ef,prot-1951--ak--21
16,cdca04e0bc6ce855,e- r,er,prot-1951--ak--21
17,cdca04e0bc6ce855,n- d,nd,prot-1951--ak--21
18,cdca04e0bc6ce855,s- e,se,prot-1951--ak--21
19,cdca04e0bc6ce855,t- v,tv,prot-1951--ak--21
20,cdca04e0bc6ce855,r- j,rj,prot-1951--ak--21
21,cdca04e0bc6ce855,e- n,en,prot-1951--ak--21
22,cdca04e0bc6ce855,g- n,gn,prot-1951--ak--21
23,cdca04e0bc6ce855,a- f,af,prot-1951--ak--21
24,cdca04e0bc6ce855,t- v,tv,prot-1951--ak--21
25,cdca04e0bc6ce855,s- p,sp,prot-1951--ak--21
26,cdca04e0bc6ce855,ö- r,ör,prot-1951--ak--21
27,cdca04e0bc6ce855,s- p,sp,prot-1951--ak--21
28,cdca04e0bc6ce855,l- k,lk,prot-1951--ak--21
29,cdca04e0bc6ce855,t- t,tt,prot-1951--ak--21
30,cdca04e0bc6ce855,d- v,dv,prot-1951--ak--21
31,cdca04e0bc6ce855,r- f,rf,prot-1951--ak--21
32,cdca04e0bc6ce855,e- n,en,prot-1951--ak--21
33,cdca04e0bc6ce855,r- b,rb,prot-1951--ak--21
34,cdca04e0bc6ce855,f- t,ft,prot-1951--ak--21
35,cdca04e0bc6ce855,f- t,ft,prot-1951--ak--21
36,cdca04e0bc6ce855,l- l,ll,prot-1951--ak--21
37,cdca04e0bc6ce855,i- n,in,prot-1951--ak--21
0,cdca04e0bc6ce855,ö- r,ör,prot-1951--ak--21
1,cdca04e0bc6ce855,l- j,lj,prot-1951--ak--21
2,cdca04e0bc6ce855,a- r,ar,prot-1951--ak--21
3,cdca04e0bc6ce855,s- f,sf,prot-1951--ak--21
4,cdca04e0bc6ce855,t- g,tg,prot-1951--ak--21
5,cdca04e0bc6ce855,e- m,em,prot-1951--ak--21
6,cdca04e0bc6ce855,a- l,al,prot-1951--ak--21
7,cdca04e0bc6ce855,e- r,er,prot-1951--ak--21
8,cdca04e0bc6ce855,m- m,mm,prot-1951--ak--21
9,cdca04e0bc6ce855,m- h,mh,prot-1951--ak--21
10,cdca04e0bc6ce855,a- m,am,prot-1951--ak--21
11,cdca04e0bc6ce855,r- t,rt,prot-1951--ak--21
12,cdca04e0bc6ce855,a- r,ar,prot-1951--ak--21
13,cdca04e0bc6ce855,g- d,gd,prot-1951--ak--21
14,cdca04e0bc6ce855,r- s,rs,prot-1951--ak--21
15,cdca04e0bc6ce855,i- v,iv,prot-1951--ak--21
16,cdca04e0bc6ce855,s- a,sa,prot-1951--ak--21
17,cdca04e0bc6ce855,å- n,ån,prot-1951--ak--21
18,cdca04e0bc6ce855,d- d,dd,prot-1951--ak--21
19,cdca04e0bc6ce855,m- m,mm,prot-1951--ak--21
20,cdca04e0bc6ce855,m- m,mm,prot-1951--ak--21
21,cdca04e0bc6ce855,e- l,el,prot-1951--ak--21
22,cdca04e0bc6ce855,e- t,et,prot-1951--ak--21
23,cdca04e0bc6ce855,å- l,ål,prot-1951--ak--21
24,cdca04e0bc6ce855,a- d,ad,prot-1951--ak--21
25,cdca04e0bc6ce855,m- a,ma,prot-1951--ak--21
26,cdca04e0bc6ce855,t- n,tn,prot-1951--ak--21
27,cdca04e0bc6ce855,n- d,nd,prot-1951--ak--21
28,cdca04e0bc6ce855,l- v,lv,prot-1951--ak--21
29,cdca04e0bc6ce855,k- l,kl,prot-1951--ak--21
30,cdca04e0bc6ce855,a- r,ar,prot-1951--ak--21
31,cdca04e0bc6ce855,ö- r,ör,prot-1951--ak--21
32,cdca04e0bc6ce855,l- l,ll,prot-1951--ak--21
33,cdca04e0bc6ce855,ö- r,ör,prot-1951--ak--21
34,cdca04e0bc6ce855,s- n,sn,prot-1951--ak--21
35,cdca04e0bc6ce855,n- s,ns,prot-1951--ak--21
36,cdca04e0bc6ce855,m- m,mm,prot-1951--ak--21
0,cdca04e0bc6ce855,s- u,su,prot-1951--ak--21
1,cdca04e0bc6ce855,n- d,nd,prot-1951--ak--21
2,cdca04e0bc6ce855,a- t,at,prot-1951--ak--21
3,cdca04e0bc6ce855,n- d,nd,prot-1951--ak--21
4,cdca04e0bc6ce855,c- k,ck,prot-1951--ak--21
5,cdca04e0bc6ce855,v- f,vf,prot-1951--ak--21
6,cdca04e0bc6ce855,u- v,uv,prot-1951--ak--21
7,cdca04e0bc6ce855,l- l,ll,prot-1951--ak--21
8,cdca04e0bc6ce855,å- f,åf,prot-1951--ak--21
9,cdca04e0bc6ce855,ö- r,ör,prot-1951--ak--21
10,cdca04e0bc6ce855,m- s,ms,prot-1951--ak--21
11,cdca04e0bc6ce855,e- k,ek,prot-1951--ak--21
12,cdca04e0bc6ce855,t- t,tt,prot-1951--ak--21
13,cdca04e0bc6ce855,m- t,mt,prot-1951--ak--21
14,cdca04e0bc6ce855,k- n,kn,prot-1951--ak--21
15,cdca04e0bc6ce855,m- p,mp,prot-1951--ak--21
16,cdca04e0bc6ce855,n- s,ns,prot-1951--ak--21
17,cdca04e0bc6ce855,e- s,es,prot-1951--ak--21
18,cdca04e0bc6ce855,r- s,rs,prot-1951--ak--21
19,cdca04e0bc6ce855,e- n,en,prot-1951--ak--21
20,cdca04e0bc6ce855,s- s,ss,prot-1951--ak--21
21,cdca04e0bc6ce855,s- p,sp,prot-1951--ak--21
22,cdca04e0bc6ce855,t- n,tn,prot-1951--ak--21
23,cdca04e0bc6ce855,t- t,tt,prot-1951--ak--21
24,cdca04e0bc6ce855,n- h,nh,prot-1951--ak--21
25,cdca04e0bc6ce855,l- s,ls,prot-1951--ak--21
26,cdca04e0bc6ce855,l- l,ll,prot-1951--ak--21
27,cdca04e0bc6ce855,o- n,on,prot-1951--ak--21
0,cdca04e0bc6ce855,a- l,al,prot-1951--ak--21
1,cdca04e0bc6ce855,t- t,tt,prot-1951--ak--21
2,cdca04e0bc6ce855,s- u,su,prot-1951--ak--21
3,cdca04e0bc6ce855,e- s,es,prot-1951--ak--21
4,cdca04e0bc6ce855,n- n,nn,prot-1951--ak--21
5,cdca04e0bc6ce855,a- r,ar,prot-1951--ak--21
6,cdca04e0bc6ce855,l- g,lg,prot-1951--ak--21
7,cdca04e0bc6ce855,r- s,rs,prot-1951--ak--21
8,cdca04e0bc6ce855,a- v,av,prot-1951--ak--21
9,cdca04e0bc6ce855,p- m,pm,prot-1951--ak--21
10,cdca04e0bc6ce855,r- n,rn,prot-1951--ak--21
11,cdca04e0bc6ce855,k- l,kl,prot-1951--ak--21
12,cdca04e0bc6ce855,d- p,dp,prot-1951--ak--21
13,cdca04e0bc6ce855,l- l,ll,prot-1951--ak--21
14,cdca04e0bc6ce855,g- h,gh,prot-1951--ak--21
15,cdca04e0bc6ce855,l- s,ls,prot-1951--ak--21
16,cdca04e0bc6ce855,p- t,pt,prot-1951--ak--21
17,cdca04e0bc6ce855,e- m,em,prot-1951--ak--21
18,cdca04e0bc6ce855,a- l,al,prot-1951--ak--21
19,cdca04e0bc6ce855,p- p,pp,prot-1951--ak--21
20,cdca04e0bc6ce855,ä- g,äg,prot-1951--ak--21
21,cdca04e0bc6ce855,n- c,nc,prot-1951--ak--21
22,cdca04e0bc6ce855,p- l,pl,prot-1951--ak--21
23,cdca04e0bc6ce855,s- e,se,prot-1951--ak--21
24,cdca04e0bc6ce855,k- t,kt,prot-1951--ak--21
25,cdca04e0bc6ce855,l- f,lf,prot-1951--ak--21
26,cdca04e0bc6ce855,å- m,åm,prot-1951--ak--21
27,cdca04e0bc6ce855,t- o,to,prot-1951--ak--21
28,cdca04e0bc6ce855,å- g,åg,prot-1951--ak--21
29,cdca04e0bc6ce855,o- v,ov,prot-1951--ak--21
0,7b16a01c980ae2ac,"a
l",a l,prot-1951--ak--21
1,cdca04e0bc6ce855,n- l,nl,prot-1951--ak--21
2,cdca04e0bc6ce855,r- s,rs,prot-1951--ak--21
3,cdca04e0bc6ce855,o- k,ok,prot-1951--ak--21
4,cdca04e0bc6ce855,m- n,mn,prot-1951--ak--21
5,cdca04e0bc6ce855,g- l,gl,prot-1951--ak--21
6,cdca04e0bc6ce855,m- m,mm,prot-1951--ak--21
7,cdca04e0bc6ce855,j- n,jn,prot-1951--ak--21
8,cdca04e0bc6ce855,n- s,ns,prot-1951--ak--21
9,cdca04e0bc6ce855,l- l,ll,prot-1951--ak--21
10,cdca04e0bc6ce855,i- d,id,prot-1951--ak--21
11,cdca04e0bc6ce855,a- t,at,prot-1951--ak--21
12,cdca04e0bc6ce855,r- h,rh,prot-1951--ak--21
13,cdca04e0bc6ce855,l- d,ld,prot-1951--ak--21
14,cdca04e0bc6ce855,k- t,kt,prot-1951--ak--21
15,cdca04e0bc6ce855,m- n,mn,prot-1951--ak--21
16,cdca04e0bc6ce855,d- n,dn,prot-1951--ak--21
17,cdca04e0bc6ce855,i- t,it,prot-1951--ak--21
18,cdca04e0bc6ce855,k- n,kn,prot-1951--ak--21
19,cdca04e0bc6ce855,s- g,sg,prot-1951--ak--21
0,7b16a01c980ae2ac,"n
f",n f,prot-1951--ak--21
1,cdca04e0bc6ce855,s- t,st,prot-1951--ak--21
2,cdca04e0bc6ce855,e- r,er,prot-1951--ak--21
3,cdca04e0bc6ce855,d- n,dn,prot-1951--ak--21
4,cdca04e0bc6ce855,t- v,tv,prot-1951--ak--21
5,cdca04e0bc6ce855,d- n,dn,prot-1951--ak--21
6,cdca04e0bc6ce855,t- t,tt,prot-1951--ak--21
7,cdca04e0bc6ce855,i- v,iv,prot-1951--ak--21
8,cdca04e0bc6ce855,r- b,rb,prot-1951--ak--21
9,cdca04e0bc6ce855,s- k,sk,prot-1951--ak--21
10,cdca04e0bc6ce855,å- l,ål,prot-1951--ak--21
11,cdca04e0bc6ce855,a- d,ad,prot-1951--ak--21
12,cdca04e0bc6ce855,l- r,lr,prot-1951--ak--21
13,cdca04e0bc6ce855,r- b,rb,prot-1951--ak--21
14,cdca04e0bc6ce855,f- f,ff,prot-1951--ak--21
15,cdca04e0bc6ce855,l- o,lo,prot-1951--ak--21
16,cdca04e0bc6ce855,x- p,xp,prot-1951--ak--21
17,cdca04e0bc6ce855,r- d,rd,prot-1951--ak--21
18,cdca04e0bc6ce855,v- o,vo,prot-1951--ak--21
19,cdca04e0bc6ce855,e- g,eg,prot-1951--ak--21
20,cdca04e0bc6ce855,s- t,st,prot-1951--ak--21
21,cdca04e0bc6ce855,l- l,ll,prot-1951--ak--21
22,cdca04e0bc6ce855,ö- n,ön,prot-1951--ak--21
23,cdca04e0bc6ce855,t- m,tm,prot-1951--ak--21
24,cdca04e0bc6ce855,n- f,nf,prot-1951--ak--21
25,cdca04e0bc6ce855,l- m,lm,prot-1951--ak--21
26,cdca04e0bc6ce855,i- d,id,prot-1951--ak--21
27,cdca04e0bc6ce855,s- l,sl,prot-1951--ak--21
28,cdca04e0bc6ce855,g- h,gh,prot-1951--ak--21
29,cdca04e0bc6ce855,t- n,tn,prot-1951--ak--21
30,cdca04e0bc6ce855,e- h,eh,prot-1951--ak--21
31,cdca04e0bc6ce855,d- r,dr,prot-1951--ak--21
32,cdca04e0bc6ce855,n- n,nn,prot-1951--ak--21
33,cdca04e0bc6ce855,r- s,rs,prot-1951--ak--21
34,cdca04e0bc6ce855,e- r,er,prot-1951--ak--21
35,cdca04e0bc6ce855,r- h,rh,prot-1951--ak--21
36,cdca04e0bc6ce855,r- s,rs,prot-1951--ak--21
37,cdca04e0bc6ce855,r- k,rk,prot-1951--ak--21
38,cdca04e0bc6ce855,i- n,in,prot-1951--ak--21
39,cdca04e0bc6ce855,k- n,kn,prot-1951--ak--21
40,cdca04e0bc6ce855,n- d,nd,prot-1951--ak--21
41,cdca04e0bc6ce855,l- l,ll,prot-1951--ak--21
42,cdca04e0bc6ce855,r- l,rl,prot-1951--ak--21
43,cdca04e0bc6ce855,n- d,nd,prot-1951--ak--21
0,7b16a01c980ae2ac,"n
s",n s,prot-1951--ak--21
1,cdca04e0bc6ce855,i- t,it,prot-1951--ak--21
2,cdca04e0bc6ce855,y- g,yg,prot-1951--ak--21
3,cdca04e0bc6ce855,a- r,ar,prot-1951--ak--21
4,cdca04e0bc6ce855,e- n,en,prot-1951--ak--21
5,cdca04e0bc6ce855,f- r,fr,prot-1951--ak--21
6,cdca04e0bc6ce855,x- t,xt,prot-1951--ak--21
7,cdca04e0bc6ce855,e- n,en,prot-1951--ak--21
8,cdca04e0bc6ce855,s- n,sn,prot-1951--ak--21
9,cdca04e0bc6ce855,ö- t,öt,prot-1951--ak--21
10,cdca04e0bc6ce855,l- n,ln,prot-1951--ak--21
11,cdca04e0bc6ce855,n- t,nt,prot-1951--ak--21
12,cdca04e0bc6ce855,t- s,ts,prot-1951--ak--21
13,cdca04e0bc6ce855,r- n,rn,prot-1951--ak--21
14,cdca04e0bc6ce855,n- d,nd,prot-1951--ak--21
15,cdca04e0bc6ce855,p- g,pg,prot-1951--ak--21
16,cdca04e0bc6ce855,e- b,eb,prot-1951--ak--21
17,cdca04e0bc6ce855,e- b,eb,prot-1951--ak--21
18,cdca04e0bc6ce855,i- s,is,prot-1951--ak--21
19,cdca04e0bc6ce855,e- t,et,prot-1951--ak--21
20,cdca04e0bc6ce855,r- s,rs,prot-1951--ak--21
21,cdca04e0bc6ce855,å- f,åf,prot-1951--ak--21
22,cdca04e0bc6ce855,a- d,ad,prot-1951--ak--21
23,cdca04e0bc6ce855,n- d,nd,prot-1951--ak--21
24,cdca04e0bc6ce855,t- d,td,prot-1951--ak--21
25,cdca04e0bc6ce855,a- t,at,prot-1951--ak--21
26,cdca04e0bc6ce855,e- s,es,prot-1951--ak--21
27,cdca04e0bc6ce855,r- s,rs,prot-1951--ak--21
28,cdca04e0bc6ce855,l- t,lt,prot-1951--ak--21
29,cdca04e0bc6ce855,ö- t,öt,prot-1951--ak--21
0,7b16a01c980ae2ac,"g
a",g a,prot-1951--ak--21
1,7b16a01c980ae2ac,"v
h",v h,prot-1951--ak--21
2,cdca04e0bc6ce855,m- s,ms,prot-1951--ak--21
3,cdca04e0bc6ce855,s- n,sn,prot-1951--ak--21
4,cdca04e0bc6ce855,b- b,bb,prot-1951--ak--21
5,cdca04e0bc6ce855,r- s,rs,prot-1951--ak--21
6,cdca04e0bc6ce855,i- s,is,prot-1951--ak--21
7,cdca04e0bc6ce855,l- f,lf,prot-1951--ak--21
8,cdca04e0bc6ce855,m- m,mm,prot-1951--ak--21
9,cdca04e0bc6ce855,l- s,ls,prot-1951--ak--21
10,cdca04e0bc6ce855,e- f,ef,prot-1951--ak--21
11,cdca04e0bc6ce855,i- r,ir,prot-1951--ak--21
12,cdca04e0bc6ce855,v- d,vd,prot-1951--ak--21
13,cdca04e0bc6ce855,n- d,nd,prot-1951--ak--21
14,cdca04e0bc6ce855,e- r,er,prot-1951--ak--21
15,cdca04e0bc6ce855,s- t,st,prot-1951--ak--21
16,cdca04e0bc6ce855,b- s,bs,prot-1951--ak--21
17,cdca04e0bc6ce855,ö- r,ör,prot-1951--ak--21
18,cdca04e0bc6ce855,n- l,nl,prot-1951--ak--21
19,cdca04e0bc6ce855,e- f,ef,prot-1951--ak--21
20,cdca04e0bc6ce855,a- r,ar,prot-1951--ak--21
21,cdca04e0bc6ce855,g- a,ga,prot-1951--ak--21
22,cdca04e0bc6ce855,d- r,dr,prot-1951--ak--21
23,cdca04e0bc6ce855,r- s,rs,prot-1951--ak--21
24,cdca04e0bc6ce855,m- n,mn,prot-1951--ak--21
25,cdca04e0bc6ce855,e- m,em,prot-1951--ak--21
0,7b16a01c980ae2ac,",
s",", s",prot-1951--ak--21
1,cdca04e0bc6ce855,n- d,nd,prot-1951--ak--21
2,cdca04e0bc6ce855,g- o,go,prot-1951--ak--21
3,cdca04e0bc6ce855,m- r,mr,prot-1951--ak--21
4,cdca04e0bc6ce855,t- r,tr,prot-1951--ak--21
5,cdca04e0bc6ce855,o- s,os,prot-1951--ak--21
6,cdca04e0bc6ce855,j- f,jf,prot-1951--ak--21
7,cdca04e0bc6ce855,g- o,go,prot-1951--ak--21
8,cdca04e0bc6ce855,r- e,re,prot-1951--ak--21
9,cdca04e0bc6ce855,r- t,rt,prot-1951--ak--21
10,cdca04e0bc6ce855,a- t,at,prot-1951--ak--21
11,cdca04e0bc6ce855,n- l,nl,prot-1951--ak--21
12,cdca04e0bc6ce855,n- d,nd,prot-1951--ak--21
13,cdca04e0bc6ce855,d- j,dj,prot-1951--ak--21
14,cdca04e0bc6ce855,e- n,en,prot-1951--ak--21
15,cdca04e0bc6ce855,e- s,es,prot-1951--ak--21
16,cdca04e0bc6ce855,p- f,pf,prot-1951--ak--21
17,cdca04e0bc6ce855,e- f,ef,prot-1951--ak--21
18,cdca04e0bc6ce855,e- j,ej,prot-1951--ak--21
19,cdca04e0bc6ce855,r- a,ra,prot-1951--ak--21
20,cdca04e0bc6ce855,e- r,er,prot-1951--ak--21
21,cdca04e0bc6ce855,l- j,lj,prot-1951--ak--21
22,cdca04e0bc6ce855,o- d,od,prot-1951--ak--21
0,cdca04e0bc6ce855,o- d,od,prot-1951--ak--21
1,cdca04e0bc6ce855,o- t,ot,prot-1951--ak--21
2,cdca04e0bc6ce855,a- l,al,prot-1951--ak--21
3,cdca04e0bc6ce855,i- s,is,prot-1951--ak--21
4,cdca04e0bc6ce855,s- s,ss,prot-1951--ak--21
5,cdca04e0bc6ce855,å- l,ål,prot-1951--ak--21
6,cdca04e0bc6ce855,s- t,st,prot-1951--ak--21
7,cdca04e0bc6ce855,a- l,al,prot-1951--ak--21
8,cdca04e0bc6ce855,g- o,go,prot-1951--ak--21
9,cdca04e0bc6ce855,l- l,ll,prot-1951--ak--21
10,cdca04e0bc6ce855,t- t,tt,prot-1951--ak--21
11,cdca04e0bc6ce855,v- n,vn,prot-1951--ak--21
12,cdca04e0bc6ce855,r- s,rs,prot-1951--ak--21
13,cdca04e0bc6ce855,i- k,ik,prot-1951--ak--21
14,cdca04e0bc6ce855,u- t,ut,prot-1951--ak--21
15,cdca04e0bc6ce855,t- s,ts,prot-1951--ak--21
16,cdca04e0bc6ce855,e- s,es,prot-1951--ak--21
17,cdca04e0bc6ce855,å- t,åt,prot-1951--ak--21
18,cdca04e0bc6ce855,d- b,db,prot-1951--ak--21
19,cdca04e0bc6ce855,g- n,gn,prot-1951--ak--21
20,cdca04e0bc6ce855,e- v,ev,prot-1951--ak--21
21,cdca04e0bc6ce855,r- e,re,prot-1951--ak--21
