protocol_id,page,cb_ix,tb_ix,pattern,segmentation,who
prot-198788--59,0,1,,,metadata,
prot-198788--59,0,2,,,metadata,
prot-198788--59,0,3,,,metadata,
prot-198788--59,0,4,,,metadata,
prot-198788--59,0,5,,,metadata,
prot-198788--59,0,9,,,metadata,
prot-198788--59,0,10,,,metadata,
prot-198788--59,0,14,,,metadata,
prot-198788--59,0,15,,,metadata,
prot-198788--59,0,16,,,metadata,
prot-198788--59,0,17,,,metadata,
prot-198788--59,0,18,,,metadata,
prot-198788--59,0,19,,,metadata,
prot-198788--59,0,20,,,metadata,
prot-198788--59,0,21,,,metadata,
prot-198788--59,0,22,,,metadata,
prot-198788--59,0,23,,,metadata,
prot-198788--59,0,24,,,metadata,
prot-198788--59,0,25,,,metadata,
prot-198788--59,1,2,,,metadata,
prot-198788--59,1,3,,,metadata,
prot-198788--59,1,5,,,metadata,
prot-198788--59,2,3,,,metadata,
prot-198788--59,2,4,,,metadata,
prot-198788--59,2,7,,,metadata,
prot-198788--59,2,16,,,metadata,
prot-198788--59,3,0,,,metadata,
prot-198788--59,3,2,,,metadata,
prot-198788--59,3,3,,,metadata,
prot-198788--59,3,8,,,metadata,
prot-198788--59,3,10,,,metadata,
prot-198788--59,3,11,,,metadata,
prot-198788--59,3,12,,,metadata,
prot-198788--59,3,13,,,metadata,
prot-198788--59,3,14,,,metadata,
prot-198788--59,3,15,,,metadata,
prot-198788--59,3,16,,,metadata,
prot-198788--59,3,17,,,metadata,
prot-198788--59,4,3,,,metadata,
prot-198788--59,4,4,,,metadata,
prot-198788--59,4,5,,,metadata,
prot-198788--59,4,6,,,metadata,
prot-198788--59,4,7,,,metadata,
prot-198788--59,4,8,,,metadata,
prot-198788--59,4,9,,,metadata,
prot-198788--59,4,10,,,metadata,
prot-198788--59,4,11,,,metadata,
prot-198788--59,4,12,,,metadata,
prot-198788--59,4,13,,,metadata,
prot-198788--59,4,14,,,metadata,
prot-198788--59,4,15,,,metadata,
prot-198788--59,4,16,,,metadata,
prot-198788--59,4,17,,,metadata,
prot-198788--59,4,18,,,metadata,
prot-198788--59,4,19,,,metadata,
prot-198788--59,4,20,,,metadata,
prot-198788--59,4,22,,,metadata,
prot-198788--59,5,2,,,metadata,
prot-198788--59,5,3,,,metadata,
prot-198788--59,5,4,,,metadata,
prot-198788--59,5,5,,,metadata,
prot-198788--59,5,7,,,metadata,
prot-198788--59,5,8,,,metadata,
prot-198788--59,5,9,,,metadata,
prot-198788--59,5,10,,,metadata,
prot-198788--59,5,11,,,metadata,
prot-198788--59,5,12,,,metadata,
prot-198788--59,5,13,,,metadata,
prot-198788--59,5,14,,,metadata,
prot-198788--59,5,15,,,metadata,
prot-198788--59,5,16,,,metadata,
prot-198788--59,5,17,,,metadata,
prot-198788--59,5,18,,,metadata,
prot-198788--59,5,19,,,metadata,
prot-198788--59,5,20,,,metadata,
prot-198788--59,5,21,,,metadata,
prot-198788--59,5,22,,,metadata,
prot-198788--59,6,1,,,metadata,
prot-198788--59,6,2,,,metadata,
prot-198788--59,6,3,,,metadata,
prot-198788--59,6,4,,,metadata,
prot-198788--59,6,5,,,metadata,
prot-198788--59,6,6,,,metadata,
prot-198788--59,6,7,,,metadata,
prot-198788--59,6,8,,,metadata,
prot-198788--59,6,9,,,metadata,
prot-198788--59,6,10,,,metadata,
prot-198788--59,6,11,,,metadata,
prot-198788--59,6,12,,,metadata,
prot-198788--59,6,14,,,metadata,
prot-198788--59,6,15,,,metadata,
prot-198788--59,6,16,,,metadata,
prot-198788--59,6,17,,,metadata,
prot-198788--59,6,18,,,metadata,
prot-198788--59,6,19,,,metadata,
prot-198788--59,7,2,,,metadata,
prot-198788--59,7,3,,,metadata,
prot-198788--59,7,4,,,metadata,
prot-198788--59,7,5,,,metadata,
prot-198788--59,7,6,,,metadata,
prot-198788--59,7,7,,,metadata,
prot-198788--59,7,8,,,metadata,
prot-198788--59,7,9,,,metadata,
prot-198788--59,7,10,,,metadata,
prot-198788--59,7,11,,,metadata,
prot-198788--59,7,12,,,metadata,
prot-198788--59,7,13,,,metadata,
prot-198788--59,7,14,,,metadata,
prot-198788--59,7,15,,,metadata,
prot-198788--59,7,18,,,metadata,
prot-198788--59,7,19,,,metadata,
prot-198788--59,7,21,,,metadata,
prot-198788--59,7,22,,,metadata,
prot-198788--59,8,2,,,metadata,
prot-198788--59,8,3,,,metadata,
prot-198788--59,8,4,,,metadata,
prot-198788--59,8,5,,,metadata,
prot-198788--59,8,8,,,metadata,
prot-198788--59,8,9,,,metadata,
prot-198788--59,8,10,,,metadata,
prot-198788--59,8,12,,,metadata,
prot-198788--59,8,13,,,metadata,
prot-198788--59,8,14,,,metadata,
prot-198788--59,8,15,,,metadata,
prot-198788--59,8,16,,,metadata,
prot-198788--59,8,18,,,metadata,
prot-198788--59,8,19,,,metadata,
prot-198788--59,9,1,,,metadata,
prot-198788--59,9,2,,,metadata,
prot-198788--59,9,3,,,metadata,
prot-198788--59,9,4,,,metadata,
prot-198788--59,9,6,,,metadata,
prot-198788--59,9,7,,,metadata,
prot-198788--59,9,9,,,metadata,
prot-198788--59,9,12,,,metadata,
prot-198788--59,9,13,,,metadata,
prot-198788--59,9,14,,,metadata,
prot-198788--59,9,15,,,metadata,
prot-198788--59,9,16,,,metadata,
prot-198788--59,9,17,,,metadata,
prot-198788--59,9,18,,,metadata,
prot-198788--59,9,19,,,metadata,
prot-198788--59,9,20,,,metadata,
prot-198788--59,9,21,,,metadata,
prot-198788--59,10,5,,,metadata,
prot-198788--59,10,6,,,metadata,
prot-198788--59,10,7,,,metadata,
prot-198788--59,10,8,,,metadata,
prot-198788--59,10,9,,,metadata,
prot-198788--59,10,11,,,metadata,
prot-198788--59,10,12,,,metadata,
prot-198788--59,10,13,,,metadata,
prot-198788--59,10,14,,,metadata,
prot-198788--59,10,15,,,metadata,
prot-198788--59,10,16,,,metadata,
prot-198788--59,10,17,,,metadata,
prot-198788--59,10,18,,,metadata,
prot-198788--59,10,19,,,metadata,
prot-198788--59,10,20,,,metadata,
prot-198788--59,10,21,,,metadata,
prot-198788--59,10,23,,,metadata,
prot-198788--59,10,24,,,metadata,
prot-198788--59,11,1,,,metadata,
prot-198788--59,11,2,,,metadata,
prot-198788--59,11,3,,,metadata,
prot-198788--59,11,4,,,metadata,
prot-198788--59,11,5,,,metadata,
prot-198788--59,11,6,,,metadata,
prot-198788--59,11,7,,,metadata,
prot-198788--59,11,8,,,metadata,
prot-198788--59,11,9,,,metadata,
prot-198788--59,11,10,,,metadata,
prot-198788--59,11,11,,,metadata,
prot-198788--59,11,12,,,metadata,
prot-198788--59,11,13,,,metadata,
prot-198788--59,11,14,,,metadata,
prot-198788--59,11,15,,,metadata,
prot-198788--59,11,16,,,metadata,
prot-198788--59,11,17,,,metadata,
prot-198788--59,11,19,,,metadata,
prot-198788--59,11,20,,,metadata,
prot-198788--59,11,21,,,metadata,
prot-198788--59,11,22,,,metadata,
prot-198788--59,12,2,,,metadata,
prot-198788--59,12,3,,,metadata,
prot-198788--59,12,4,,,metadata,
prot-198788--59,12,5,,,metadata,
prot-198788--59,12,6,,,metadata,
prot-198788--59,12,7,,,metadata,
prot-198788--59,12,8,,,metadata,
prot-198788--59,12,9,,,metadata,
prot-198788--59,12,10,,,metadata,
prot-198788--59,12,11,,,metadata,
prot-198788--59,12,12,,,metadata,
prot-198788--59,12,13,,,metadata,
prot-198788--59,12,14,,,metadata,
prot-198788--59,12,15,,,metadata,
prot-198788--59,12,16,,,metadata,
prot-198788--59,12,17,,,metadata,
prot-198788--59,12,18,,,metadata,
prot-198788--59,12,19,,,metadata,
prot-198788--59,12,20,,,metadata,
prot-198788--59,13,1,,,metadata,
prot-198788--59,13,2,,,metadata,
prot-198788--59,13,3,,,metadata,
prot-198788--59,13,4,,,metadata,
prot-198788--59,13,5,,,metadata,
prot-198788--59,13,7,,,metadata,
prot-198788--59,13,8,,,metadata,
prot-198788--59,13,10,,,metadata,
prot-198788--59,13,11,,,metadata,
prot-198788--59,13,12,,,metadata,
prot-198788--59,13,13,,,metadata,
prot-198788--59,13,15,,,metadata,
prot-198788--59,13,16,,,metadata,
prot-198788--59,13,17,,,metadata,
prot-198788--59,13,18,,,metadata,
prot-198788--59,13,19,,,metadata,
prot-198788--59,13,20,,,metadata,
prot-198788--59,14,2,,,metadata,
prot-198788--59,14,3,,,metadata,
prot-198788--59,14,4,,,metadata,
prot-198788--59,14,5,,,metadata,
prot-198788--59,14,6,,,metadata,
prot-198788--59,14,7,,,metadata,
prot-198788--59,14,8,,,metadata,
prot-198788--59,14,9,,,metadata,
prot-198788--59,14,10,,,metadata,
prot-198788--59,14,11,,,metadata,
prot-198788--59,14,13,,,metadata,
prot-198788--59,14,14,,,metadata,
prot-198788--59,14,16,,,metadata,
prot-198788--59,14,18,,,metadata,
prot-198788--59,14,19,,,metadata,
prot-198788--59,15,1,,,metadata,
prot-198788--59,15,2,,,metadata,
prot-198788--59,15,3,,,metadata,
prot-198788--59,15,4,,,metadata,
prot-198788--59,15,5,,,metadata,
prot-198788--59,15,6,,,metadata,
prot-198788--59,15,7,,,metadata,
prot-198788--59,15,8,,,metadata,
prot-198788--59,15,9,,,metadata,
prot-198788--59,15,10,,,metadata,
prot-198788--59,15,11,,,metadata,
prot-198788--59,15,12,,,metadata,
prot-198788--59,15,13,,,metadata,
prot-198788--59,15,14,,,metadata,
prot-198788--59,15,15,,,metadata,
prot-198788--59,15,16,,,metadata,
prot-198788--59,15,17,,,metadata,
prot-198788--59,15,18,,,metadata,
prot-198788--59,15,19,,,metadata,
prot-198788--59,15,20,,,metadata,
prot-198788--59,16,2,,,metadata,
prot-198788--59,16,3,,,metadata,
prot-198788--59,16,4,,,metadata,
prot-198788--59,16,5,,,metadata,
prot-198788--59,16,6,,,metadata,
prot-198788--59,16,7,,,metadata,
prot-198788--59,16,8,,,metadata,
prot-198788--59,16,9,,,metadata,
prot-198788--59,16,10,,,metadata,
prot-198788--59,16,11,,,metadata,
prot-198788--59,16,12,,,metadata,
prot-198788--59,16,13,,,metadata,
prot-198788--59,16,14,,,metadata,
prot-198788--59,16,15,,,metadata,
prot-198788--59,16,16,,,metadata,
prot-198788--59,16,17,,,metadata,
prot-198788--59,16,18,,,metadata,
prot-198788--59,16,19,,,metadata,
prot-198788--59,16,20,,,metadata,
prot-198788--59,16,21,,,metadata,
prot-198788--59,16,22,,,metadata,
prot-198788--59,17,1,,,metadata,
prot-198788--59,17,2,,,metadata,
prot-198788--59,17,3,,,metadata,
prot-198788--59,17,4,,,metadata,
prot-198788--59,17,5,,,metadata,
prot-198788--59,17,6,,,metadata,
prot-198788--59,17,7,,,metadata,
prot-198788--59,17,8,,,metadata,
prot-198788--59,17,10,,,metadata,
prot-198788--59,17,11,,,metadata,
prot-198788--59,17,12,,,metadata,
prot-198788--59,17,13,,,metadata,
prot-198788--59,17,14,,,metadata,
prot-198788--59,17,15,,,metadata,
prot-198788--59,17,18,,,metadata,
prot-198788--59,17,19,,,metadata,
prot-198788--59,17,20,,,metadata,
prot-198788--59,17,21,,,metadata,
prot-198788--59,18,2,,,metadata,
prot-198788--59,18,3,,,metadata,
prot-198788--59,18,4,,,metadata,
prot-198788--59,18,5,,,metadata,
prot-198788--59,18,6,,,metadata,
prot-198788--59,18,8,,,metadata,
prot-198788--59,18,9,,,metadata,
prot-198788--59,18,10,,,metadata,
prot-198788--59,18,11,,,metadata,
prot-198788--59,18,12,,,metadata,
prot-198788--59,18,13,,,metadata,
prot-198788--59,18,14,,,metadata,
prot-198788--59,18,16,,,metadata,
prot-198788--59,18,17,,,metadata,
prot-198788--59,18,18,,,metadata,
prot-198788--59,18,19,,,metadata,
prot-198788--59,18,20,,,metadata,
prot-198788--59,19,1,,,metadata,
prot-198788--59,19,2,,,metadata,
prot-198788--59,19,3,,,metadata,
prot-198788--59,19,4,,,metadata,
prot-198788--59,19,5,,,metadata,
prot-198788--59,19,6,,,metadata,
prot-198788--59,19,7,,,metadata,
prot-198788--59,19,9,,,metadata,
prot-198788--59,19,10,,,metadata,
prot-198788--59,19,11,,,metadata,
prot-198788--59,19,12,,,metadata,
prot-198788--59,19,13,,,metadata,
prot-198788--59,19,14,,,metadata,
prot-198788--59,19,15,,,metadata,
prot-198788--59,19,16,,,metadata,
prot-198788--59,19,18,,,metadata,
prot-198788--59,19,20,,,metadata,
prot-198788--59,19,21,,,metadata,
prot-198788--59,20,3,,,metadata,
prot-198788--59,20,7,,,metadata,
prot-198788--59,20,8,,,metadata,
prot-198788--59,20,13,,,metadata,
prot-198788--59,20,14,,,metadata,
prot-198788--59,20,15,,,metadata,
prot-198788--59,20,16,,,metadata,
prot-198788--59,20,17,,,metadata,
prot-198788--59,20,18,,,metadata,
prot-198788--59,20,19,,,metadata,
prot-198788--59,20,21,,,metadata,
prot-198788--59,21,1,,,metadata,
prot-198788--59,21,2,,,metadata,
prot-198788--59,21,3,,,metadata,
prot-198788--59,21,4,,,metadata,
prot-198788--59,21,6,,,metadata,
prot-198788--59,21,7,,,metadata,
prot-198788--59,21,8,,,metadata,
prot-198788--59,21,9,,,metadata,
prot-198788--59,21,10,,,metadata,
prot-198788--59,21,11,,,metadata,
prot-198788--59,21,13,,,metadata,
prot-198788--59,21,14,,,metadata,
prot-198788--59,21,15,,,metadata,
prot-198788--59,21,16,,,metadata,
prot-198788--59,21,17,,,metadata,
prot-198788--59,21,18,,,metadata,
prot-198788--59,21,19,,,metadata,
prot-198788--59,21,20,,,metadata,
prot-198788--59,21,21,,,metadata,
prot-198788--59,21,22,,,metadata,
prot-198788--59,22,2,,,metadata,
prot-198788--59,22,4,,,metadata,
prot-198788--59,22,5,,,metadata,
prot-198788--59,22,7,,,metadata,
prot-198788--59,22,8,,,metadata,
prot-198788--59,22,9,,,metadata,
prot-198788--59,22,11,,,metadata,
prot-198788--59,22,12,,,metadata,
prot-198788--59,22,13,,,metadata,
prot-198788--59,22,14,,,metadata,
prot-198788--59,22,15,,,metadata,
prot-198788--59,22,16,,,metadata,
prot-198788--59,22,17,,,metadata,
prot-198788--59,22,18,,,metadata,
prot-198788--59,22,20,,,metadata,
prot-198788--59,23,2,,,metadata,
prot-198788--59,23,3,,,metadata,
prot-198788--59,23,4,,,metadata,
prot-198788--59,23,5,,,metadata,
prot-198788--59,23,7,,,metadata,
prot-198788--59,23,8,,,metadata,
prot-198788--59,23,9,,,metadata,
prot-198788--59,23,10,,,metadata,
prot-198788--59,23,11,,,metadata,
prot-198788--59,23,12,,,metadata,
prot-198788--59,23,13,,,metadata,
prot-198788--59,23,14,,,metadata,
prot-198788--59,23,16,,,metadata,
prot-198788--59,23,17,,,metadata,
prot-198788--59,23,18,,,metadata,
prot-198788--59,23,19,,,metadata,
prot-198788--59,23,20,,,metadata,
prot-198788--59,23,21,,,metadata,
prot-198788--59,23,22,,,metadata,
prot-198788--59,23,23,,,metadata,
prot-198788--59,24,2,,,metadata,
prot-198788--59,24,3,,,metadata,
prot-198788--59,24,6,,,metadata,
prot-198788--59,24,8,,,metadata,
prot-198788--59,24,9,,,metadata,
prot-198788--59,24,10,,,metadata,
prot-198788--59,24,11,,,metadata,
prot-198788--59,24,12,,,metadata,
prot-198788--59,24,14,,,metadata,
prot-198788--59,24,15,,,metadata,
prot-198788--59,24,17,,,metadata,
prot-198788--59,24,18,,,metadata,
prot-198788--59,24,19,,,metadata,
prot-198788--59,24,20,,,metadata,
prot-198788--59,24,21,,,metadata,
prot-198788--59,25,1,,,metadata,
prot-198788--59,25,2,,,metadata,
prot-198788--59,25,3,,,metadata,
prot-198788--59,25,4,,,metadata,
prot-198788--59,25,6,,,metadata,
prot-198788--59,25,7,,,metadata,
prot-198788--59,25,8,,,metadata,
prot-198788--59,25,9,,,metadata,
prot-198788--59,25,10,,,metadata,
prot-198788--59,25,11,,,metadata,
prot-198788--59,25,12,,,metadata,
prot-198788--59,25,13,,,metadata,
prot-198788--59,25,15,,,metadata,
prot-198788--59,25,16,,,metadata,
prot-198788--59,25,17,,,metadata,
prot-198788--59,25,18,,,metadata,
prot-198788--59,25,19,,,metadata,
prot-198788--59,25,22,,,metadata,
prot-198788--59,26,2,,,metadata,
prot-198788--59,26,3,,,metadata,
prot-198788--59,26,5,,,metadata,
prot-198788--59,26,6,,,metadata,
prot-198788--59,26,7,,,metadata,
prot-198788--59,26,8,,,metadata,
prot-198788--59,26,9,,,metadata,
prot-198788--59,26,10,,,metadata,
prot-198788--59,26,12,,,metadata,
prot-198788--59,26,13,,,metadata,
prot-198788--59,26,14,,,metadata,
prot-198788--59,26,15,,,metadata,
prot-198788--59,26,16,,,metadata,
prot-198788--59,26,17,,,metadata,
prot-198788--59,26,18,,,metadata,
prot-198788--59,26,19,,,metadata,
prot-198788--59,26,20,,,metadata,
prot-198788--59,27,1,,,metadata,
prot-198788--59,27,2,,,metadata,
prot-198788--59,27,3,,,metadata,
prot-198788--59,27,4,,,metadata,
prot-198788--59,27,5,,,metadata,
prot-198788--59,27,6,,,metadata,
prot-198788--59,27,7,,,metadata,
prot-198788--59,27,8,,,metadata,
prot-198788--59,27,9,,,metadata,
prot-198788--59,27,10,,,metadata,
prot-198788--59,27,11,,,metadata,
prot-198788--59,27,12,,,metadata,
prot-198788--59,27,14,,,metadata,
prot-198788--59,27,15,,,metadata,
prot-198788--59,27,16,,,metadata,
prot-198788--59,27,17,,,metadata,
prot-198788--59,27,18,,,metadata,
prot-198788--59,27,21,,,metadata,
prot-198788--59,27,22,,,metadata,
prot-198788--59,28,2,,,metadata,
prot-198788--59,28,3,,,metadata,
prot-198788--59,28,5,,,metadata,
prot-198788--59,28,6,,,metadata,
prot-198788--59,28,7,,,metadata,
prot-198788--59,28,8,,,metadata,
prot-198788--59,28,9,,,metadata,
prot-198788--59,28,10,,,metadata,
prot-198788--59,28,11,,,metadata,
prot-198788--59,28,13,,,metadata,
prot-198788--59,28,14,,,metadata,
prot-198788--59,28,16,,,metadata,
prot-198788--59,28,17,,,metadata,
prot-198788--59,28,19,,,metadata,
prot-198788--59,28,20,,,metadata,
prot-198788--59,28,21,,,metadata,
prot-198788--59,29,2,,,metadata,
prot-198788--59,29,3,,,metadata,
prot-198788--59,29,4,,,metadata,
prot-198788--59,29,5,,,metadata,
prot-198788--59,29,6,,,metadata,
prot-198788--59,29,7,,,metadata,
prot-198788--59,29,9,,,metadata,
prot-198788--59,29,10,,,metadata,
prot-198788--59,29,11,,,metadata,
prot-198788--59,29,12,,,metadata,
prot-198788--59,29,13,,,metadata,
prot-198788--59,29,14,,,metadata,
prot-198788--59,29,15,,,metadata,
prot-198788--59,29,17,,,metadata,
prot-198788--59,29,18,,,metadata,
prot-198788--59,29,19,,,metadata,
prot-198788--59,29,20,,,metadata,
prot-198788--59,29,21,,,metadata,
prot-198788--59,29,22,,,metadata,
prot-198788--59,30,2,,,metadata,
prot-198788--59,30,3,,,metadata,
prot-198788--59,30,4,,,metadata,
prot-198788--59,30,5,,,metadata,
prot-198788--59,30,6,,,metadata,
prot-198788--59,30,7,,,metadata,
prot-198788--59,30,10,,,metadata,
prot-198788--59,30,11,,,metadata,
prot-198788--59,30,12,,,metadata,
prot-198788--59,30,13,,,metadata,
prot-198788--59,30,14,,,metadata,
prot-198788--59,30,15,,,metadata,
prot-198788--59,30,17,,,metadata,
prot-198788--59,30,18,,,metadata,
prot-198788--59,30,19,,,metadata,
prot-198788--59,31,1,,,metadata,
prot-198788--59,31,2,,,metadata,
prot-198788--59,31,3,,,metadata,
prot-198788--59,31,4,,,metadata,
prot-198788--59,31,5,,,metadata,
prot-198788--59,31,6,,,metadata,
prot-198788--59,31,7,,,metadata,
prot-198788--59,31,8,,,metadata,
prot-198788--59,31,9,,,metadata,
prot-198788--59,31,10,,,metadata,
prot-198788--59,31,11,,,metadata,
prot-198788--59,31,12,,,metadata,
prot-198788--59,31,13,,,metadata,
prot-198788--59,31,14,,,metadata,
prot-198788--59,31,15,,,metadata,
prot-198788--59,31,16,,,metadata,
prot-198788--59,31,17,,,metadata,
prot-198788--59,31,18,,,metadata,
prot-198788--59,31,19,,,metadata,
prot-198788--59,31,20,,,metadata,
prot-198788--59,31,21,,,metadata,
prot-198788--59,31,22,,,metadata,
prot-198788--59,32,2,,,metadata,
prot-198788--59,32,3,,,metadata,
prot-198788--59,32,5,,,metadata,
prot-198788--59,32,6,,,metadata,
prot-198788--59,32,7,,,metadata,
prot-198788--59,32,8,,,metadata,
prot-198788--59,32,9,,,metadata,
prot-198788--59,32,10,,,metadata,
prot-198788--59,32,11,,,metadata,
prot-198788--59,32,12,,,metadata,
prot-198788--59,32,13,,,metadata,
prot-198788--59,32,14,,,metadata,
prot-198788--59,32,15,,,metadata,
prot-198788--59,32,16,,,metadata,
prot-198788--59,32,17,,,metadata,
prot-198788--59,32,18,,,metadata,
prot-198788--59,32,19,,,metadata,
prot-198788--59,32,20,,,metadata,
prot-198788--59,32,21,,,metadata,
prot-198788--59,32,22,,,metadata,
prot-198788--59,32,23,,,metadata,
prot-198788--59,33,1,,,metadata,
prot-198788--59,33,2,,,metadata,
prot-198788--59,33,3,,,metadata,
prot-198788--59,33,4,,,metadata,
prot-198788--59,33,5,,,metadata,
prot-198788--59,33,6,,,metadata,
prot-198788--59,33,7,,,metadata,
prot-198788--59,33,8,,,metadata,
prot-198788--59,33,12,,,metadata,
prot-198788--59,33,13,,,metadata,
prot-198788--59,33,14,,,metadata,
prot-198788--59,33,16,,,metadata,
prot-198788--59,33,17,,,metadata,
prot-198788--59,33,18,,,metadata,
prot-198788--59,33,19,,,metadata,
prot-198788--59,33,20,,,metadata,
prot-198788--59,33,21,,,metadata,
prot-198788--59,34,1,,,metadata,
prot-198788--59,34,2,,,metadata,
prot-198788--59,34,3,,,metadata,
prot-198788--59,34,4,,,metadata,
prot-198788--59,34,5,,,metadata,
prot-198788--59,34,6,,,metadata,
prot-198788--59,34,7,,,metadata,
prot-198788--59,34,8,,,metadata,
prot-198788--59,34,11,,,metadata,
prot-198788--59,34,12,,,metadata,
prot-198788--59,34,13,,,metadata,
prot-198788--59,34,14,,,metadata,
prot-198788--59,34,15,,,metadata,
prot-198788--59,34,16,,,metadata,
prot-198788--59,34,17,,,metadata,
prot-198788--59,34,18,,,metadata,
prot-198788--59,34,19,,,metadata,
prot-198788--59,34,20,,,metadata,
prot-198788--59,35,2,,,metadata,
prot-198788--59,35,3,,,metadata,
prot-198788--59,35,4,,,metadata,
prot-198788--59,35,5,,,metadata,
prot-198788--59,35,7,,,metadata,
prot-198788--59,35,8,,,metadata,
prot-198788--59,35,9,,,metadata,
prot-198788--59,35,10,,,metadata,
prot-198788--59,35,11,,,metadata,
prot-198788--59,35,13,,,metadata,
prot-198788--59,35,14,,,metadata,
prot-198788--59,35,15,,,metadata,
prot-198788--59,35,16,,,metadata,
prot-198788--59,35,17,,,metadata,
prot-198788--59,35,18,,,metadata,
prot-198788--59,35,19,,,metadata,
prot-198788--59,35,20,,,metadata,
prot-198788--59,35,21,,,metadata,
prot-198788--59,36,1,,,metadata,
prot-198788--59,36,2,,,metadata,
prot-198788--59,36,3,,,metadata,
prot-198788--59,36,4,,,metadata,
prot-198788--59,36,5,,,metadata,
prot-198788--59,36,6,,,metadata,
prot-198788--59,36,7,,,metadata,
prot-198788--59,36,8,,,metadata,
prot-198788--59,36,9,,,metadata,
prot-198788--59,36,10,,,metadata,
prot-198788--59,36,11,,,metadata,
prot-198788--59,36,12,,,metadata,
prot-198788--59,36,13,,,metadata,
prot-198788--59,36,14,,,metadata,
prot-198788--59,36,15,,,metadata,
prot-198788--59,36,16,,,metadata,
prot-198788--59,36,17,,,metadata,
prot-198788--59,36,19,,,metadata,
prot-198788--59,37,2,,,metadata,
prot-198788--59,37,3,,,metadata,
prot-198788--59,37,4,,,metadata,
prot-198788--59,37,5,,,metadata,
prot-198788--59,37,6,,,metadata,
prot-198788--59,37,7,,,metadata,
prot-198788--59,37,8,,,metadata,
prot-198788--59,37,9,,,metadata,
prot-198788--59,37,10,,,metadata,
prot-198788--59,37,11,,,metadata,
prot-198788--59,37,12,,,metadata,
prot-198788--59,37,13,,,metadata,
prot-198788--59,37,14,,,metadata,
prot-198788--59,37,15,,,metadata,
prot-198788--59,37,16,,,metadata,
prot-198788--59,37,17,,,metadata,
prot-198788--59,37,18,,,metadata,
prot-198788--59,37,19,,,metadata,
prot-198788--59,37,20,,,metadata,
prot-198788--59,37,21,,,metadata,
prot-198788--59,37,22,,,metadata,
prot-198788--59,37,23,,,metadata,
prot-198788--59,38,2,,,metadata,
prot-198788--59,38,3,,,metadata,
prot-198788--59,38,4,,,metadata,
prot-198788--59,38,5,,,metadata,
prot-198788--59,38,6,,,metadata,
prot-198788--59,38,7,,,metadata,
prot-198788--59,38,8,,,metadata,
prot-198788--59,38,9,,,metadata,
prot-198788--59,38,11,,,metadata,
prot-198788--59,38,12,,,metadata,
prot-198788--59,38,13,,,metadata,
prot-198788--59,38,14,,,metadata,
prot-198788--59,38,15,,,metadata,
prot-198788--59,38,16,,,metadata,
prot-198788--59,38,17,,,metadata,
prot-198788--59,38,18,,,metadata,
prot-198788--59,38,19,,,metadata,
prot-198788--59,38,20,,,metadata,
prot-198788--59,39,1,,,metadata,
prot-198788--59,39,2,,,metadata,
prot-198788--59,39,3,,,metadata,
prot-198788--59,39,4,,,metadata,
prot-198788--59,39,5,,,metadata,
prot-198788--59,39,6,,,metadata,
prot-198788--59,39,7,,,metadata,
prot-198788--59,39,8,,,metadata,
prot-198788--59,39,9,,,metadata,
prot-198788--59,39,10,,,metadata,
prot-198788--59,39,11,,,metadata,
prot-198788--59,39,12,,,metadata,
prot-198788--59,39,13,,,metadata,
prot-198788--59,39,14,,,metadata,
prot-198788--59,39,15,,,metadata,
prot-198788--59,39,16,,,metadata,
prot-198788--59,39,17,,,metadata,
prot-198788--59,39,18,,,metadata,
prot-198788--59,39,19,,,metadata,
prot-198788--59,39,20,,,metadata,
prot-198788--59,39,21,,,metadata,
prot-198788--59,40,2,,,metadata,
prot-198788--59,40,3,,,metadata,
prot-198788--59,40,4,,,metadata,
prot-198788--59,40,5,,,metadata,
prot-198788--59,40,6,,,metadata,
prot-198788--59,40,8,,,metadata,
prot-198788--59,40,9,,,metadata,
prot-198788--59,40,10,,,metadata,
prot-198788--59,40,11,,,metadata,
prot-198788--59,40,12,,,metadata,
prot-198788--59,40,13,,,metadata,
prot-198788--59,40,15,,,metadata,
prot-198788--59,40,17,,,metadata,
prot-198788--59,41,2,,,metadata,
prot-198788--59,41,3,,,metadata,
prot-198788--59,41,4,,,metadata,
prot-198788--59,41,5,,,metadata,
prot-198788--59,41,6,,,metadata,
prot-198788--59,41,8,,,metadata,
prot-198788--59,41,9,,,metadata,
prot-198788--59,41,10,,,metadata,
prot-198788--59,41,11,,,metadata,
prot-198788--59,41,12,,,metadata,
prot-198788--59,41,13,,,metadata,
prot-198788--59,41,14,,,metadata,
prot-198788--59,41,15,,,metadata,
prot-198788--59,41,16,,,metadata,
prot-198788--59,41,17,,,metadata,
prot-198788--59,41,18,,,metadata,
prot-198788--59,42,1,,,metadata,
prot-198788--59,42,2,,,metadata,
prot-198788--59,42,3,,,metadata,
prot-198788--59,42,5,,,metadata,
prot-198788--59,42,6,,,metadata,
prot-198788--59,42,7,,,metadata,
prot-198788--59,42,8,,,metadata,
prot-198788--59,42,9,,,metadata,
prot-198788--59,42,10,,,metadata,
prot-198788--59,42,11,,,metadata,
prot-198788--59,42,12,,,metadata,
prot-198788--59,42,13,,,metadata,
prot-198788--59,42,14,,,metadata,
prot-198788--59,42,15,,,metadata,
prot-198788--59,42,16,,,metadata,
prot-198788--59,42,18,,,metadata,
prot-198788--59,42,19,,,metadata,
prot-198788--59,42,21,,,metadata,
prot-198788--59,43,2,,,metadata,
prot-198788--59,43,4,,,metadata,
prot-198788--59,43,5,,,metadata,
prot-198788--59,43,6,,,metadata,
prot-198788--59,43,7,,,metadata,
prot-198788--59,43,9,,,metadata,
prot-198788--59,43,11,,,metadata,
prot-198788--59,43,12,,,metadata,
prot-198788--59,43,13,,,metadata,
prot-198788--59,43,14,,,metadata,
prot-198788--59,43,15,,,metadata,
prot-198788--59,43,17,,,metadata,
prot-198788--59,43,18,,,metadata,
prot-198788--59,43,19,,,metadata,
prot-198788--59,44,1,,,metadata,
prot-198788--59,44,2,,,metadata,
prot-198788--59,44,3,,,metadata,
prot-198788--59,44,4,,,metadata,
prot-198788--59,44,5,,,metadata,
prot-198788--59,44,6,,,metadata,
prot-198788--59,44,7,,,metadata,
prot-198788--59,44,9,,,metadata,
prot-198788--59,44,10,,,metadata,
prot-198788--59,44,11,,,metadata,
prot-198788--59,44,12,,,metadata,
prot-198788--59,44,13,,,metadata,
prot-198788--59,44,15,,,metadata,
prot-198788--59,44,16,,,metadata,
prot-198788--59,44,17,,,metadata,
prot-198788--59,44,18,,,metadata,
prot-198788--59,44,19,,,metadata,
prot-198788--59,45,1,,,metadata,
prot-198788--59,45,2,,,metadata,
prot-198788--59,45,3,,,metadata,
prot-198788--59,45,4,,,metadata,
prot-198788--59,45,5,,,metadata,
prot-198788--59,45,6,,,metadata,
prot-198788--59,45,7,,,metadata,
prot-198788--59,45,9,,,metadata,
prot-198788--59,45,10,,,metadata,
prot-198788--59,45,11,,,metadata,
prot-198788--59,45,12,,,metadata,
prot-198788--59,45,13,,,metadata,
prot-198788--59,45,14,,,metadata,
prot-198788--59,45,15,,,metadata,
prot-198788--59,45,16,,,metadata,
prot-198788--59,45,17,,,metadata,
prot-198788--59,45,18,,,metadata,
prot-198788--59,45,19,,,metadata,
prot-198788--59,45,20,,,metadata,
prot-198788--59,45,21,,,metadata,
prot-198788--59,46,1,,,metadata,
prot-198788--59,46,3,,,metadata,
prot-198788--59,46,4,,,metadata,
prot-198788--59,46,5,,,metadata,
prot-198788--59,46,6,,,metadata,
prot-198788--59,46,7,,,metadata,
prot-198788--59,46,8,,,metadata,
prot-198788--59,46,9,,,metadata,
prot-198788--59,46,10,,,metadata,
prot-198788--59,46,11,,,metadata,
prot-198788--59,46,13,,,metadata,
prot-198788--59,46,14,,,metadata,
prot-198788--59,46,16,,,metadata,
prot-198788--59,46,17,,,metadata,
prot-198788--59,46,18,,,metadata,
prot-198788--59,46,19,,,metadata,
prot-198788--59,47,1,,,metadata,
prot-198788--59,47,2,,,metadata,
prot-198788--59,47,3,,,metadata,
prot-198788--59,47,4,,,metadata,
prot-198788--59,47,5,,,metadata,
prot-198788--59,47,6,,,metadata,
prot-198788--59,47,7,,,metadata,
prot-198788--59,47,9,,,metadata,
prot-198788--59,47,10,,,metadata,
prot-198788--59,47,12,,,metadata,
prot-198788--59,47,13,,,metadata,
prot-198788--59,47,14,,,metadata,
prot-198788--59,47,15,,,metadata,
prot-198788--59,47,16,,,metadata,
prot-198788--59,47,17,,,metadata,
prot-198788--59,47,18,,,metadata,
prot-198788--59,47,19,,,metadata,
prot-198788--59,47,20,,,metadata,
prot-198788--59,48,2,,,metadata,
prot-198788--59,48,3,,,metadata,
prot-198788--59,48,6,,,metadata,
prot-198788--59,48,7,,,metadata,
prot-198788--59,48,8,,,metadata,
prot-198788--59,48,9,,,metadata,
prot-198788--59,48,10,,,metadata,
prot-198788--59,48,11,,,metadata,
prot-198788--59,48,12,,,metadata,
prot-198788--59,48,14,,,metadata,
prot-198788--59,48,15,,,metadata,
prot-198788--59,48,16,,,metadata,
prot-198788--59,48,17,,,metadata,
prot-198788--59,48,18,,,metadata,
prot-198788--59,48,19,,,metadata,
prot-198788--59,48,20,,,metadata,
prot-198788--59,48,21,,,metadata,
prot-198788--59,48,22,,,metadata,
prot-198788--59,48,24,,,metadata,
prot-198788--59,48,25,,,metadata,
prot-198788--59,49,2,,,metadata,
prot-198788--59,49,3,,,metadata,
prot-198788--59,49,4,,,metadata,
prot-198788--59,49,5,,,metadata,
prot-198788--59,49,6,,,metadata,
prot-198788--59,49,7,,,metadata,
prot-198788--59,49,9,,,metadata,
prot-198788--59,49,10,,,metadata,
prot-198788--59,49,11,,,metadata,
prot-198788--59,49,12,,,metadata,
prot-198788--59,49,13,,,metadata,
prot-198788--59,49,15,,,metadata,
prot-198788--59,49,16,,,metadata,
prot-198788--59,49,17,,,metadata,
prot-198788--59,49,18,,,metadata,
prot-198788--59,49,19,,,metadata,
prot-198788--59,49,20,,,metadata,
prot-198788--59,49,21,,,metadata,
prot-198788--59,49,22,,,metadata,
prot-198788--59,49,23,,,metadata,
prot-198788--59,50,1,,,metadata,
prot-198788--59,50,2,,,metadata,
prot-198788--59,50,3,,,metadata,
prot-198788--59,50,4,,,metadata,
prot-198788--59,50,5,,,metadata,
prot-198788--59,50,6,,,metadata,
prot-198788--59,50,7,,,metadata,
prot-198788--59,50,8,,,metadata,
prot-198788--59,50,9,,,metadata,
prot-198788--59,50,10,,,metadata,
prot-198788--59,50,11,,,metadata,
prot-198788--59,50,12,,,metadata,
prot-198788--59,50,13,,,metadata,
prot-198788--59,50,14,,,metadata,
prot-198788--59,50,15,,,metadata,
prot-198788--59,50,16,,,metadata,
prot-198788--59,50,17,,,metadata,
prot-198788--59,50,18,,,metadata,
prot-198788--59,50,19,,,metadata,
prot-198788--59,50,20,,,metadata,
prot-198788--59,51,1,,,metadata,
prot-198788--59,51,3,,,metadata,
prot-198788--59,51,4,,,metadata,
prot-198788--59,51,5,,,metadata,
prot-198788--59,51,7,,,metadata,
prot-198788--59,51,8,,,metadata,
prot-198788--59,51,9,,,metadata,
prot-198788--59,51,10,,,metadata,
prot-198788--59,51,11,,,metadata,
prot-198788--59,51,12,,,metadata,
prot-198788--59,51,13,,,metadata,
prot-198788--59,51,14,,,metadata,
prot-198788--59,51,15,,,metadata,
prot-198788--59,51,16,,,metadata,
prot-198788--59,51,17,,,metadata,
prot-198788--59,51,18,,,metadata,
prot-198788--59,51,19,,,metadata,
prot-198788--59,51,20,,,metadata,
prot-198788--59,51,21,,,metadata,
prot-198788--59,51,22,,,metadata,
prot-198788--59,51,23,,,metadata,
prot-198788--59,52,2,,,metadata,
prot-198788--59,52,3,,,metadata,
prot-198788--59,52,4,,,metadata,
prot-198788--59,52,5,,,metadata,
prot-198788--59,52,6,,,metadata,
prot-198788--59,52,7,,,metadata,
prot-198788--59,52,8,,,metadata,
prot-198788--59,52,9,,,metadata,
prot-198788--59,52,10,,,metadata,
prot-198788--59,52,11,,,metadata,
prot-198788--59,52,13,,,metadata,
prot-198788--59,52,14,,,metadata,
prot-198788--59,52,15,,,metadata,
prot-198788--59,52,16,,,metadata,
prot-198788--59,52,17,,,metadata,
prot-198788--59,52,20,,,metadata,
prot-198788--59,53,3,,,metadata,
prot-198788--59,53,4,,,metadata,
prot-198788--59,53,5,,,metadata,
prot-198788--59,53,8,,,metadata,
prot-198788--59,53,9,,,metadata,
prot-198788--59,53,10,,,metadata,
prot-198788--59,53,11,,,metadata,
prot-198788--59,53,13,,,metadata,
prot-198788--59,53,14,,,metadata,
prot-198788--59,53,15,,,metadata,
prot-198788--59,53,16,,,metadata,
prot-198788--59,53,17,,,metadata,
prot-198788--59,53,18,,,metadata,
prot-198788--59,53,19,,,metadata,
prot-198788--59,53,20,,,metadata,
prot-198788--59,53,21,,,metadata,
prot-198788--59,53,22,,,metadata,
prot-198788--59,54,2,,,metadata,
prot-198788--59,54,3,,,metadata,
prot-198788--59,54,4,,,metadata,
prot-198788--59,54,5,,,metadata,
prot-198788--59,54,6,,,metadata,
prot-198788--59,54,8,,,metadata,
prot-198788--59,54,9,,,metadata,
prot-198788--59,54,10,,,metadata,
prot-198788--59,54,11,,,metadata,
prot-198788--59,54,12,,,metadata,
prot-198788--59,54,13,,,metadata,
prot-198788--59,54,14,,,metadata,
prot-198788--59,54,15,,,metadata,
prot-198788--59,54,16,,,metadata,
prot-198788--59,54,18,,,metadata,
prot-198788--59,54,20,,,metadata,
prot-198788--59,54,22,,,metadata,
prot-198788--59,55,1,,,metadata,
prot-198788--59,55,2,,,metadata,
prot-198788--59,55,3,,,metadata,
prot-198788--59,55,5,,,metadata,
prot-198788--59,55,6,,,metadata,
prot-198788--59,55,7,,,metadata,
prot-198788--59,55,9,,,metadata,
prot-198788--59,55,10,,,metadata,
prot-198788--59,55,11,,,metadata,
prot-198788--59,55,12,,,metadata,
prot-198788--59,55,13,,,metadata,
prot-198788--59,55,14,,,metadata,
prot-198788--59,55,15,,,metadata,
prot-198788--59,55,16,,,metadata,
prot-198788--59,55,17,,,metadata,
prot-198788--59,55,18,,,metadata,
prot-198788--59,55,19,,,metadata,
prot-198788--59,55,20,,,metadata,
prot-198788--59,55,21,,,metadata,
prot-198788--59,55,22,,,metadata,
prot-198788--59,55,23,,,metadata,
prot-198788--59,55,24,,,metadata,
prot-198788--59,56,3,,,metadata,
prot-198788--59,56,4,,,metadata,
prot-198788--59,56,6,,,metadata,
prot-198788--59,56,8,,,metadata,
prot-198788--59,56,10,,,metadata,
prot-198788--59,56,11,,,metadata,
prot-198788--59,56,12,,,metadata,
prot-198788--59,56,13,,,metadata,
prot-198788--59,56,14,,,metadata,
prot-198788--59,56,15,,,metadata,
prot-198788--59,56,16,,,metadata,
prot-198788--59,56,17,,,metadata,
prot-198788--59,56,18,,,metadata,
prot-198788--59,56,19,,,metadata,
prot-198788--59,56,20,,,metadata,
prot-198788--59,57,1,,,metadata,
prot-198788--59,57,2,,,metadata,
prot-198788--59,57,3,,,metadata,
prot-198788--59,57,5,,,metadata,
prot-198788--59,57,6,,,metadata,
prot-198788--59,57,7,,,metadata,
prot-198788--59,57,8,,,metadata,
prot-198788--59,57,9,,,metadata,
prot-198788--59,57,11,,,metadata,
prot-198788--59,57,12,,,metadata,
prot-198788--59,57,13,,,metadata,
prot-198788--59,57,14,,,metadata,
prot-198788--59,57,16,,,metadata,
prot-198788--59,57,17,,,metadata,
prot-198788--59,57,18,,,metadata,
prot-198788--59,57,19,,,metadata,
prot-198788--59,57,20,,,metadata,
prot-198788--59,57,22,,,metadata,
prot-198788--59,58,2,,,metadata,
prot-198788--59,58,3,,,metadata,
prot-198788--59,58,4,,,metadata,
prot-198788--59,58,5,,,metadata,
prot-198788--59,58,6,,,metadata,
prot-198788--59,58,7,,,metadata,
prot-198788--59,58,8,,,metadata,
prot-198788--59,58,9,,,metadata,
prot-198788--59,58,10,,,metadata,
prot-198788--59,58,12,,,metadata,
prot-198788--59,58,13,,,metadata,
prot-198788--59,58,14,,,metadata,
prot-198788--59,58,15,,,metadata,
prot-198788--59,58,17,,,metadata,
prot-198788--59,58,19,,,metadata,
prot-198788--59,58,20,,,metadata,
prot-198788--59,59,1,,,metadata,
prot-198788--59,59,2,,,metadata,
prot-198788--59,59,3,,,metadata,
prot-198788--59,59,4,,,metadata,
prot-198788--59,59,6,,,metadata,
prot-198788--59,59,7,,,metadata,
prot-198788--59,59,8,,,metadata,
prot-198788--59,59,9,,,metadata,
prot-198788--59,59,10,,,metadata,
prot-198788--59,59,14,,,metadata,
prot-198788--59,59,15,,,metadata,
prot-198788--59,59,16,,,metadata,
prot-198788--59,59,17,,,metadata,
prot-198788--59,59,18,,,metadata,
prot-198788--59,59,20,,,metadata,
prot-198788--59,59,21,,,metadata,
prot-198788--59,59,22,,,metadata,
prot-198788--59,60,1,,,metadata,
prot-198788--59,60,2,,,metadata,
prot-198788--59,60,3,,,metadata,
prot-198788--59,60,4,,,metadata,
prot-198788--59,60,5,,,metadata,
prot-198788--59,60,6,,,metadata,
prot-198788--59,60,7,,,metadata,
prot-198788--59,60,8,,,metadata,
prot-198788--59,60,9,,,metadata,
prot-198788--59,60,10,,,metadata,
prot-198788--59,60,11,,,metadata,
prot-198788--59,60,12,,,metadata,
prot-198788--59,60,13,,,metadata,
prot-198788--59,60,15,,,metadata,
prot-198788--59,60,17,,,metadata,
prot-198788--59,60,18,,,metadata,
prot-198788--59,60,19,,,metadata,
prot-198788--59,61,1,,,metadata,
prot-198788--59,61,2,,,metadata,
prot-198788--59,61,3,,,metadata,
prot-198788--59,61,4,,,metadata,
prot-198788--59,61,5,,,metadata,
prot-198788--59,61,6,,,metadata,
prot-198788--59,61,8,,,metadata,
prot-198788--59,61,9,,,metadata,
prot-198788--59,61,10,,,metadata,
prot-198788--59,61,11,,,metadata,
prot-198788--59,61,13,,,metadata,
prot-198788--59,61,14,,,metadata,
prot-198788--59,61,15,,,metadata,
prot-198788--59,61,16,,,metadata,
prot-198788--59,61,17,,,metadata,
prot-198788--59,61,18,,,metadata,
prot-198788--59,61,19,,,metadata,
prot-198788--59,61,20,,,metadata,
prot-198788--59,61,21,,,metadata,
prot-198788--59,61,22,,,metadata,
prot-198788--59,62,2,,,metadata,
prot-198788--59,62,3,,,metadata,
prot-198788--59,62,6,,,metadata,
prot-198788--59,62,7,,,metadata,
prot-198788--59,62,8,,,metadata,
prot-198788--59,62,10,,,metadata,
prot-198788--59,62,11,,,metadata,
prot-198788--59,62,12,,,metadata,
prot-198788--59,62,13,,,metadata,
prot-198788--59,62,14,,,metadata,
prot-198788--59,62,15,,,metadata,
prot-198788--59,62,16,,,metadata,
prot-198788--59,63,1,,,metadata,
prot-198788--59,63,2,,,metadata,
prot-198788--59,63,3,,,metadata,
prot-198788--59,63,4,,,metadata,
prot-198788--59,63,5,,,metadata,
prot-198788--59,63,6,,,metadata,
prot-198788--59,63,7,,,metadata,
prot-198788--59,63,8,,,metadata,
prot-198788--59,63,10,,,metadata,
prot-198788--59,63,12,,,metadata,
prot-198788--59,63,13,,,metadata,
prot-198788--59,63,14,,,metadata,
prot-198788--59,63,15,,,metadata,
prot-198788--59,63,19,,,metadata,
prot-198788--59,63,20,,,metadata,
prot-198788--59,64,2,,,metadata,
prot-198788--59,64,3,,,metadata,
prot-198788--59,64,4,,,metadata,
prot-198788--59,64,5,,,metadata,
prot-198788--59,64,6,,,metadata,
prot-198788--59,64,7,,,metadata,
prot-198788--59,64,8,,,metadata,
prot-198788--59,64,9,,,metadata,
prot-198788--59,64,10,,,metadata,
prot-198788--59,64,11,,,metadata,
prot-198788--59,64,12,,,metadata,
prot-198788--59,64,13,,,metadata,
prot-198788--59,64,14,,,metadata,
prot-198788--59,64,15,,,metadata,
prot-198788--59,64,16,,,metadata,
prot-198788--59,64,19,,,metadata,
prot-198788--59,64,20,,,metadata,
prot-198788--59,64,22,,,metadata,
prot-198788--59,64,23,,,metadata,
prot-198788--59,65,1,,,metadata,
prot-198788--59,65,2,,,metadata,
prot-198788--59,65,4,,,metadata,
prot-198788--59,65,5,,,metadata,
prot-198788--59,65,6,,,metadata,
prot-198788--59,65,7,,,metadata,
prot-198788--59,65,8,,,metadata,
prot-198788--59,65,9,,,metadata,
prot-198788--59,65,10,,,metadata,
prot-198788--59,65,13,,,metadata,
prot-198788--59,65,14,,,metadata,
prot-198788--59,65,15,,,metadata,
prot-198788--59,65,16,,,metadata,
prot-198788--59,65,17,,,metadata,
prot-198788--59,66,1,,,metadata,
prot-198788--59,66,2,,,metadata,
prot-198788--59,66,3,,,metadata,
prot-198788--59,66,4,,,metadata,
prot-198788--59,66,5,,,metadata,
prot-198788--59,66,6,,,metadata,
prot-198788--59,66,7,,,metadata,
prot-198788--59,66,8,,,metadata,
prot-198788--59,66,9,,,metadata,
prot-198788--59,66,10,,,metadata,
prot-198788--59,66,14,,,metadata,
prot-198788--59,66,15,,,metadata,
prot-198788--59,66,16,,,metadata,
prot-198788--59,66,17,,,metadata,
prot-198788--59,66,18,,,metadata,
prot-198788--59,66,19,,,metadata,
prot-198788--59,67,1,,,metadata,
prot-198788--59,67,2,,,metadata,
prot-198788--59,67,3,,,metadata,
prot-198788--59,67,4,,,metadata,
prot-198788--59,67,6,,,metadata,
prot-198788--59,67,7,,,metadata,
prot-198788--59,67,8,,,metadata,
prot-198788--59,67,9,,,metadata,
prot-198788--59,67,10,,,metadata,
prot-198788--59,67,11,,,metadata,
prot-198788--59,67,12,,,metadata,
prot-198788--59,67,13,,,metadata,
prot-198788--59,67,14,,,metadata,
prot-198788--59,67,16,,,metadata,
prot-198788--59,67,17,,,metadata,
prot-198788--59,67,18,,,metadata,
prot-198788--59,67,19,,,metadata,
prot-198788--59,67,20,,,metadata,
prot-198788--59,68,3,,,metadata,
prot-198788--59,68,4,,,metadata,
prot-198788--59,68,5,,,metadata,
prot-198788--59,68,7,,,metadata,
prot-198788--59,68,9,,,metadata,
prot-198788--59,68,10,,,metadata,
prot-198788--59,68,11,,,metadata,
prot-198788--59,68,12,,,metadata,
prot-198788--59,68,13,,,metadata,
prot-198788--59,68,14,,,metadata,
prot-198788--59,68,15,,,metadata,
prot-198788--59,68,16,,,metadata,
prot-198788--59,68,17,,,metadata,
prot-198788--59,68,18,,,metadata,
prot-198788--59,68,19,,,metadata,
prot-198788--59,68,20,,,metadata,
prot-198788--59,69,1,,,metadata,
prot-198788--59,69,2,,,metadata,
prot-198788--59,69,3,,,metadata,
prot-198788--59,69,4,,,metadata,
prot-198788--59,69,5,,,metadata,
prot-198788--59,69,6,,,metadata,
prot-198788--59,69,7,,,metadata,
prot-198788--59,69,9,,,metadata,
prot-198788--59,69,10,,,metadata,
prot-198788--59,69,11,,,metadata,
prot-198788--59,69,12,,,metadata,
prot-198788--59,69,13,,,metadata,
prot-198788--59,69,14,,,metadata,
prot-198788--59,69,15,,,metadata,
prot-198788--59,69,16,,,metadata,
prot-198788--59,69,17,,,metadata,
prot-198788--59,69,18,,,metadata,
prot-198788--59,69,19,,,metadata,
prot-198788--59,69,21,,,metadata,
prot-198788--59,69,22,,,metadata,
prot-198788--59,70,1,,,metadata,
prot-198788--59,70,2,,,metadata,
prot-198788--59,70,3,,,metadata,
prot-198788--59,70,4,,,metadata,
prot-198788--59,70,5,,,metadata,
prot-198788--59,70,7,,,metadata,
prot-198788--59,70,8,,,metadata,
prot-198788--59,70,9,,,metadata,
prot-198788--59,70,10,,,metadata,
prot-198788--59,70,11,,,metadata,
prot-198788--59,70,12,,,metadata,
prot-198788--59,70,13,,,metadata,
prot-198788--59,70,14,,,metadata,
prot-198788--59,70,15,,,metadata,
prot-198788--59,70,16,,,metadata,
prot-198788--59,70,17,,,metadata,
prot-198788--59,70,20,,,metadata,
prot-198788--59,70,21,,,metadata,
prot-198788--59,70,22,,,metadata,
prot-198788--59,71,1,,,metadata,
prot-198788--59,71,2,,,metadata,
prot-198788--59,71,3,,,metadata,
prot-198788--59,71,4,,,metadata,
prot-198788--59,71,5,,,metadata,
prot-198788--59,71,6,,,metadata,
prot-198788--59,71,7,,,metadata,
prot-198788--59,71,8,,,metadata,
prot-198788--59,71,9,,,metadata,
prot-198788--59,71,10,,,metadata,
prot-198788--59,71,11,,,metadata,
prot-198788--59,71,12,,,metadata,
prot-198788--59,71,13,,,metadata,
prot-198788--59,71,14,,,metadata,
prot-198788--59,71,15,,,metadata,
prot-198788--59,71,16,,,metadata,
prot-198788--59,71,17,,,metadata,
prot-198788--59,71,18,,,metadata,
prot-198788--59,71,19,,,metadata,
prot-198788--59,71,20,,,metadata,
prot-198788--59,71,21,,,metadata,
prot-198788--59,71,23,,,metadata,
prot-198788--59,72,1,,,metadata,
prot-198788--59,72,2,,,metadata,
prot-198788--59,72,3,,,metadata,
prot-198788--59,72,4,,,metadata,
prot-198788--59,72,5,,,metadata,
prot-198788--59,72,6,,,metadata,
prot-198788--59,72,7,,,metadata,
prot-198788--59,72,8,,,metadata,
prot-198788--59,72,9,,,metadata,
prot-198788--59,72,10,,,metadata,
prot-198788--59,72,11,,,metadata,
prot-198788--59,72,12,,,metadata,
prot-198788--59,72,13,,,metadata,
prot-198788--59,72,14,,,metadata,
prot-198788--59,72,15,,,metadata,
prot-198788--59,72,16,,,metadata,
prot-198788--59,72,17,,,metadata,
prot-198788--59,72,18,,,metadata,
prot-198788--59,72,20,,,metadata,
prot-198788--59,72,21,,,metadata,
prot-198788--59,73,1,,,metadata,
prot-198788--59,73,2,,,metadata,
prot-198788--59,73,3,,,metadata,
prot-198788--59,73,4,,,metadata,
prot-198788--59,73,5,,,metadata,
prot-198788--59,73,7,,,metadata,
prot-198788--59,73,8,,,metadata,
prot-198788--59,73,9,,,metadata,
prot-198788--59,73,10,,,metadata,
prot-198788--59,73,11,,,metadata,
prot-198788--59,73,12,,,metadata,
prot-198788--59,73,13,,,metadata,
prot-198788--59,73,14,,,metadata,
prot-198788--59,73,16,,,metadata,
prot-198788--59,73,17,,,metadata,
prot-198788--59,73,18,,,metadata,
prot-198788--59,73,19,,,metadata,
prot-198788--59,73,20,,,metadata,
prot-198788--59,73,21,,,metadata,
prot-198788--59,74,4,,,metadata,
prot-198788--59,74,5,,,metadata,
prot-198788--59,74,6,,,metadata,
prot-198788--59,74,7,,,metadata,
prot-198788--59,74,9,,,metadata,
prot-198788--59,74,10,,,metadata,
prot-198788--59,74,12,,,metadata,
prot-198788--59,74,13,,,metadata,
prot-198788--59,74,14,,,metadata,
prot-198788--59,74,15,,,metadata,
prot-198788--59,74,16,,,metadata,
prot-198788--59,74,17,,,metadata,
prot-198788--59,74,18,,,metadata,
prot-198788--59,74,20,,,metadata,
prot-198788--59,74,21,,,metadata,
prot-198788--59,74,22,,,metadata,
prot-198788--59,75,1,,,metadata,
prot-198788--59,75,3,,,metadata,
prot-198788--59,75,6,,,metadata,
prot-198788--59,75,7,,,metadata,
prot-198788--59,75,8,,,metadata,
prot-198788--59,75,9,,,metadata,
prot-198788--59,75,10,,,metadata,
prot-198788--59,75,11,,,metadata,
prot-198788--59,75,12,,,metadata,
prot-198788--59,75,13,,,metadata,
prot-198788--59,75,14,,,metadata,
prot-198788--59,75,15,,,metadata,
prot-198788--59,75,16,,,metadata,
prot-198788--59,75,17,,,metadata,
prot-198788--59,75,18,,,metadata,
prot-198788--59,75,20,,,metadata,
prot-198788--59,75,21,,,metadata,
prot-198788--59,76,1,,,metadata,
prot-198788--59,76,2,,,metadata,
prot-198788--59,76,3,,,metadata,
prot-198788--59,76,4,,,metadata,
prot-198788--59,76,7,,,metadata,
prot-198788--59,76,8,,,metadata,
prot-198788--59,76,9,,,metadata,
prot-198788--59,76,10,,,metadata,
prot-198788--59,76,11,,,metadata,
prot-198788--59,76,12,,,metadata,
prot-198788--59,76,13,,,metadata,
prot-198788--59,76,15,,,metadata,
prot-198788--59,76,16,,,metadata,
prot-198788--59,76,17,,,metadata,
prot-198788--59,76,18,,,metadata,
prot-198788--59,77,1,,,metadata,
prot-198788--59,77,2,,,metadata,
prot-198788--59,77,3,,,metadata,
prot-198788--59,77,4,,,metadata,
prot-198788--59,77,5,,,metadata,
prot-198788--59,77,6,,,metadata,
prot-198788--59,77,7,,,metadata,
prot-198788--59,77,8,,,metadata,
prot-198788--59,77,11,,,metadata,
prot-198788--59,77,13,,,metadata,
prot-198788--59,77,14,,,metadata,
prot-198788--59,77,15,,,metadata,
prot-198788--59,77,16,,,metadata,
prot-198788--59,77,17,,,metadata,
prot-198788--59,77,18,,,metadata,
prot-198788--59,77,19,,,metadata,
prot-198788--59,77,20,,,metadata,
prot-198788--59,78,2,,,metadata,
prot-198788--59,78,3,,,metadata,
prot-198788--59,78,4,,,metadata,
prot-198788--59,78,5,,,metadata,
prot-198788--59,78,6,,,metadata,
prot-198788--59,78,7,,,metadata,
prot-198788--59,78,8,,,metadata,
prot-198788--59,78,9,,,metadata,
prot-198788--59,78,10,,,metadata,
prot-198788--59,78,12,,,metadata,
prot-198788--59,78,13,,,metadata,
prot-198788--59,78,14,,,metadata,
prot-198788--59,78,15,,,metadata,
prot-198788--59,78,16,,,metadata,
prot-198788--59,78,17,,,metadata,
prot-198788--59,78,18,,,metadata,
prot-198788--59,78,19,,,metadata,
prot-198788--59,78,20,,,metadata,
prot-198788--59,79,1,,,metadata,
prot-198788--59,79,2,,,metadata,
prot-198788--59,79,3,,,metadata,
prot-198788--59,79,4,,,metadata,
prot-198788--59,79,5,,,metadata,
prot-198788--59,79,6,,,metadata,
prot-198788--59,79,7,,,metadata,
prot-198788--59,79,8,,,metadata,
prot-198788--59,79,9,,,metadata,
prot-198788--59,79,10,,,metadata,
prot-198788--59,79,11,,,metadata,
prot-198788--59,79,12,,,metadata,
prot-198788--59,79,13,,,metadata,
prot-198788--59,79,14,,,metadata,
prot-198788--59,79,15,,,metadata,
prot-198788--59,79,16,,,metadata,
prot-198788--59,79,17,,,metadata,
prot-198788--59,79,18,,,metadata,
prot-198788--59,79,19,,,metadata,
prot-198788--59,79,20,,,metadata,
prot-198788--59,79,21,,,metadata,
prot-198788--59,79,22,,,metadata,
prot-198788--59,80,2,,,metadata,
prot-198788--59,80,4,,,metadata,
prot-198788--59,80,5,,,metadata,
prot-198788--59,80,6,,,metadata,
prot-198788--59,80,7,,,metadata,
prot-198788--59,80,9,,,metadata,
prot-198788--59,80,10,,,metadata,
prot-198788--59,80,11,,,metadata,
prot-198788--59,80,12,,,metadata,
prot-198788--59,80,13,,,metadata,
prot-198788--59,80,14,,,metadata,
prot-198788--59,80,15,,,metadata,
prot-198788--59,80,16,,,metadata,
prot-198788--59,80,17,,,metadata,
prot-198788--59,80,18,,,metadata,
prot-198788--59,80,19,,,metadata,
prot-198788--59,80,20,,,metadata,
prot-198788--59,80,21,,,metadata,
prot-198788--59,81,1,,,metadata,
prot-198788--59,81,2,,,metadata,
prot-198788--59,81,3,,,metadata,
prot-198788--59,81,4,,,metadata,
prot-198788--59,81,5,,,metadata,
prot-198788--59,81,6,,,metadata,
prot-198788--59,81,7,,,metadata,
prot-198788--59,81,8,,,metadata,
prot-198788--59,81,9,,,metadata,
prot-198788--59,81,10,,,metadata,
prot-198788--59,81,11,,,metadata,
prot-198788--59,81,12,,,metadata,
prot-198788--59,81,13,,,metadata,
prot-198788--59,81,14,,,metadata,
prot-198788--59,81,15,,,metadata,
prot-198788--59,81,16,,,metadata,
prot-198788--59,81,17,,,metadata,
prot-198788--59,81,18,,,metadata,
prot-198788--59,81,19,,,metadata,
prot-198788--59,81,21,,,metadata,
prot-198788--59,82,2,,,metadata,
prot-198788--59,82,3,,,metadata,
prot-198788--59,82,4,,,metadata,
prot-198788--59,82,5,,,metadata,
prot-198788--59,82,6,,,metadata,
prot-198788--59,82,7,,,metadata,
prot-198788--59,82,8,,,metadata,
prot-198788--59,82,9,,,metadata,
prot-198788--59,82,11,,,metadata,
prot-198788--59,82,12,,,metadata,
prot-198788--59,82,13,,,metadata,
prot-198788--59,82,14,,,metadata,
prot-198788--59,82,15,,,metadata,
prot-198788--59,82,16,,,metadata,
prot-198788--59,82,17,,,metadata,
prot-198788--59,82,18,,,metadata,
prot-198788--59,82,19,,,metadata,
prot-198788--59,82,21,,,metadata,
prot-198788--59,83,1,,,metadata,
prot-198788--59,83,2,,,metadata,
prot-198788--59,83,3,,,metadata,
prot-198788--59,83,4,,,metadata,
prot-198788--59,83,5,,,metadata,
prot-198788--59,83,6,,,metadata,
prot-198788--59,83,8,,,metadata,
prot-198788--59,83,10,,,metadata,
prot-198788--59,83,11,,,metadata,
prot-198788--59,83,12,,,metadata,
prot-198788--59,83,13,,,metadata,
prot-198788--59,83,14,,,metadata,
prot-198788--59,83,15,,,metadata,
prot-198788--59,83,16,,,metadata,
prot-198788--59,83,17,,,metadata,
prot-198788--59,83,18,,,metadata,
prot-198788--59,83,19,,,metadata,
prot-198788--59,83,20,,,metadata,
prot-198788--59,83,21,,,metadata,
prot-198788--59,84,2,,,metadata,
prot-198788--59,84,3,,,metadata,
prot-198788--59,84,4,,,metadata,
prot-198788--59,84,5,,,metadata,
prot-198788--59,84,6,,,metadata,
prot-198788--59,84,7,,,metadata,
prot-198788--59,84,8,,,metadata,
prot-198788--59,84,10,,,metadata,
prot-198788--59,84,11,,,metadata,
prot-198788--59,84,12,,,metadata,
prot-198788--59,84,13,,,metadata,
prot-198788--59,84,14,,,metadata,
prot-198788--59,84,15,,,metadata,
prot-198788--59,84,16,,,metadata,
prot-198788--59,84,18,,,metadata,
prot-198788--59,84,19,,,metadata,
prot-198788--59,84,20,,,metadata,
prot-198788--59,85,1,,,metadata,
prot-198788--59,85,2,,,metadata,
prot-198788--59,85,3,,,metadata,
prot-198788--59,85,4,,,metadata,
prot-198788--59,85,5,,,metadata,
prot-198788--59,85,6,,,metadata,
prot-198788--59,85,7,,,metadata,
prot-198788--59,85,8,,,metadata,
prot-198788--59,85,9,,,metadata,
prot-198788--59,85,10,,,metadata,
prot-198788--59,85,11,,,metadata,
prot-198788--59,85,12,,,metadata,
prot-198788--59,85,13,,,metadata,
prot-198788--59,85,14,,,metadata,
prot-198788--59,85,15,,,metadata,
prot-198788--59,85,16,,,metadata,
prot-198788--59,85,17,,,metadata,
prot-198788--59,85,18,,,metadata,
prot-198788--59,85,19,,,metadata,
prot-198788--59,85,20,,,metadata,
prot-198788--59,85,21,,,metadata,
prot-198788--59,86,1,,,metadata,
prot-198788--59,86,2,,,metadata,
prot-198788--59,86,3,,,metadata,
prot-198788--59,86,4,,,metadata,
prot-198788--59,86,5,,,metadata,
prot-198788--59,86,6,,,metadata,
prot-198788--59,86,7,,,metadata,
prot-198788--59,86,8,,,metadata,
prot-198788--59,86,9,,,metadata,
prot-198788--59,86,10,,,metadata,
prot-198788--59,86,11,,,metadata,
prot-198788--59,86,12,,,metadata,
prot-198788--59,86,13,,,metadata,
prot-198788--59,86,14,,,metadata,
prot-198788--59,86,15,,,metadata,
prot-198788--59,86,16,,,metadata,
prot-198788--59,86,17,,,metadata,
prot-198788--59,86,18,,,metadata,
prot-198788--59,86,19,,,metadata,
prot-198788--59,86,20,,,metadata,
prot-198788--59,86,22,,,metadata,
prot-198788--59,86,23,,,metadata,
prot-198788--59,87,1,,,metadata,
prot-198788--59,87,2,,,metadata,
prot-198788--59,87,3,,,metadata,
prot-198788--59,87,4,,,metadata,
prot-198788--59,87,5,,,metadata,
prot-198788--59,87,6,,,metadata,
prot-198788--59,87,8,,,metadata,
prot-198788--59,87,9,,,metadata,
prot-198788--59,87,11,,,metadata,
prot-198788--59,87,12,,,metadata,
prot-198788--59,87,13,,,metadata,
prot-198788--59,87,15,,,metadata,
prot-198788--59,87,16,,,metadata,
prot-198788--59,87,17,,,metadata,
prot-198788--59,87,18,,,metadata,
prot-198788--59,88,3,,,metadata,
prot-198788--59,88,4,,,metadata,
prot-198788--59,88,5,,,metadata,
prot-198788--59,88,6,,,metadata,
prot-198788--59,88,7,,,metadata,
prot-198788--59,88,8,,,metadata,
prot-198788--59,88,9,,,metadata,
prot-198788--59,88,10,,,metadata,
prot-198788--59,88,11,,,metadata,
prot-198788--59,88,12,,,metadata,
prot-198788--59,88,13,,,metadata,
prot-198788--59,88,15,,,metadata,
prot-198788--59,88,16,,,metadata,
prot-198788--59,88,17,,,metadata,
prot-198788--59,88,18,,,metadata,
prot-198788--59,88,19,,,metadata,
prot-198788--59,88,20,,,metadata,
prot-198788--59,88,21,,,metadata,
prot-198788--59,89,1,,,metadata,
prot-198788--59,89,2,,,metadata,
prot-198788--59,89,3,,,metadata,
prot-198788--59,89,4,,,metadata,
prot-198788--59,89,5,,,metadata,
prot-198788--59,89,6,,,metadata,
prot-198788--59,89,7,,,metadata,
prot-198788--59,89,8,,,metadata,
prot-198788--59,89,9,,,metadata,
prot-198788--59,89,10,,,metadata,
prot-198788--59,89,11,,,metadata,
prot-198788--59,89,12,,,metadata,
prot-198788--59,89,13,,,metadata,
prot-198788--59,89,14,,,metadata,
prot-198788--59,89,15,,,metadata,
prot-198788--59,89,16,,,metadata,
prot-198788--59,89,17,,,metadata,
prot-198788--59,89,18,,,metadata,
prot-198788--59,89,19,,,metadata,
prot-198788--59,89,20,,,metadata,
prot-198788--59,89,21,,,metadata,
prot-198788--59,90,1,,,metadata,
prot-198788--59,90,2,,,metadata,
prot-198788--59,90,3,,,metadata,
prot-198788--59,90,4,,,metadata,
prot-198788--59,90,5,,,metadata,
prot-198788--59,90,7,,,metadata,
prot-198788--59,90,8,,,metadata,
prot-198788--59,90,9,,,metadata,
prot-198788--59,90,10,,,metadata,
prot-198788--59,90,12,,,metadata,
prot-198788--59,90,14,,,metadata,
prot-198788--59,90,15,,,metadata,
prot-198788--59,90,16,,,metadata,
prot-198788--59,90,17,,,metadata,
prot-198788--59,90,18,,,metadata,
prot-198788--59,90,19,,,metadata,
prot-198788--59,91,1,,,metadata,
prot-198788--59,91,2,,,metadata,
prot-198788--59,91,3,,,metadata,
prot-198788--59,91,4,,,metadata,
prot-198788--59,91,5,,,metadata,
prot-198788--59,91,6,,,metadata,
prot-198788--59,91,7,,,metadata,
prot-198788--59,91,8,,,metadata,
prot-198788--59,91,9,,,metadata,
prot-198788--59,91,10,,,metadata,
prot-198788--59,91,11,,,metadata,
prot-198788--59,91,12,,,metadata,
prot-198788--59,91,13,,,metadata,
prot-198788--59,91,14,,,metadata,
prot-198788--59,91,15,,,metadata,
prot-198788--59,91,16,,,metadata,
prot-198788--59,91,17,,,metadata,
prot-198788--59,91,19,,,metadata,
prot-198788--59,91,20,,,metadata,
prot-198788--59,91,21,,,metadata,
prot-198788--59,91,22,,,metadata,
prot-198788--59,92,2,,,metadata,
prot-198788--59,92,3,,,metadata,
prot-198788--59,92,4,,,metadata,
prot-198788--59,92,5,,,metadata,
prot-198788--59,92,6,,,metadata,
prot-198788--59,92,7,,,metadata,
prot-198788--59,92,9,,,metadata,
prot-198788--59,92,10,,,metadata,
prot-198788--59,92,11,,,metadata,
prot-198788--59,92,12,,,metadata,
prot-198788--59,92,13,,,metadata,
prot-198788--59,92,14,,,metadata,
prot-198788--59,92,15,,,metadata,
prot-198788--59,92,16,,,metadata,
prot-198788--59,92,17,,,metadata,
prot-198788--59,92,19,,,metadata,
prot-198788--59,92,20,,,metadata,
prot-198788--59,93,1,,,metadata,
prot-198788--59,93,2,,,metadata,
prot-198788--59,93,3,,,metadata,
prot-198788--59,93,4,,,metadata,
prot-198788--59,93,5,,,metadata,
prot-198788--59,93,6,,,metadata,
prot-198788--59,93,8,,,metadata,
prot-198788--59,93,9,,,metadata,
prot-198788--59,93,10,,,metadata,
prot-198788--59,93,11,,,metadata,
prot-198788--59,93,12,,,metadata,
prot-198788--59,93,13,,,metadata,
prot-198788--59,93,14,,,metadata,
prot-198788--59,93,15,,,metadata,
prot-198788--59,93,17,,,metadata,
prot-198788--59,93,18,,,metadata,
prot-198788--59,93,20,,,metadata,
prot-198788--59,94,1,,,metadata,
prot-198788--59,94,2,,,metadata,
prot-198788--59,94,3,,,metadata,
prot-198788--59,94,5,,,metadata,
prot-198788--59,94,7,,,metadata,
prot-198788--59,94,8,,,metadata,
prot-198788--59,94,9,,,metadata,
prot-198788--59,94,10,,,metadata,
prot-198788--59,94,11,,,metadata,
prot-198788--59,94,12,,,metadata,
prot-198788--59,94,13,,,metadata,
prot-198788--59,94,14,,,metadata,
prot-198788--59,94,15,,,metadata,
prot-198788--59,94,16,,,metadata,
prot-198788--59,94,17,,,metadata,
prot-198788--59,94,18,,,metadata,
prot-198788--59,94,19,,,metadata,
prot-198788--59,94,20,,,metadata,
prot-198788--59,94,21,,,metadata,
prot-198788--59,94,23,,,metadata,
prot-198788--59,95,0,,,metadata,
prot-198788--59,95,2,,,metadata,
prot-198788--59,95,3,,,metadata,
prot-198788--59,95,4,,,metadata,
prot-198788--59,95,5,,,metadata,
prot-198788--59,95,6,,,metadata,
prot-198788--59,95,8,,,metadata,
prot-198788--59,95,9,,,metadata,
prot-198788--59,95,10,,,metadata,
prot-198788--59,95,12,,,metadata,
prot-198788--59,95,13,,,metadata,
prot-198788--59,95,14,,,metadata,
prot-198788--59,95,15,,,metadata,
prot-198788--59,95,16,,,metadata,
prot-198788--59,95,19,,,metadata,
prot-198788--59,95,20,,,metadata,
prot-198788--59,96,1,,,metadata,
prot-198788--59,96,2,,,metadata,
prot-198788--59,96,3,,,metadata,
prot-198788--59,96,5,,,metadata,
prot-198788--59,96,6,,,metadata,
prot-198788--59,96,7,,,metadata,
prot-198788--59,96,8,,,metadata,
prot-198788--59,96,9,,,metadata,
prot-198788--59,96,10,,,metadata,
prot-198788--59,96,12,,,metadata,
prot-198788--59,96,13,,,metadata,
prot-198788--59,96,14,,,metadata,
prot-198788--59,96,15,,,metadata,
prot-198788--59,96,17,,,metadata,
prot-198788--59,96,18,,,metadata,
prot-198788--59,96,19,,,metadata,
prot-198788--59,96,21,,,metadata,
prot-198788--59,97,2,,,metadata,
prot-198788--59,97,3,,,metadata,
prot-198788--59,97,4,,,metadata,
prot-198788--59,97,5,,,metadata,
prot-198788--59,97,6,,,metadata,
prot-198788--59,97,7,,,metadata,
prot-198788--59,97,8,,,metadata,
prot-198788--59,97,10,,,metadata,
prot-198788--59,97,11,,,metadata,
prot-198788--59,97,12,,,metadata,
prot-198788--59,97,13,,,metadata,
prot-198788--59,97,14,,,metadata,
prot-198788--59,97,15,,,metadata,
prot-198788--59,97,17,,,metadata,
prot-198788--59,97,18,,,metadata,
prot-198788--59,97,19,,,metadata,
prot-198788--59,97,20,,,metadata,
prot-198788--59,97,21,,,metadata,
prot-198788--59,97,22,,,metadata,
prot-198788--59,97,23,,,metadata,
prot-198788--59,98,2,,,metadata,
prot-198788--59,98,3,,,metadata,
prot-198788--59,98,4,,,metadata,
prot-198788--59,98,5,,,metadata,
prot-198788--59,98,6,,,metadata,
prot-198788--59,98,7,,,metadata,
prot-198788--59,98,8,,,metadata,
prot-198788--59,98,9,,,metadata,
prot-198788--59,98,10,,,metadata,
prot-198788--59,98,11,,,metadata,
prot-198788--59,98,12,,,metadata,
prot-198788--59,98,14,,,metadata,
prot-198788--59,98,15,,,metadata,
prot-198788--59,98,16,,,metadata,
prot-198788--59,98,17,,,metadata,
prot-198788--59,98,18,,,metadata,
prot-198788--59,98,19,,,metadata,
prot-198788--59,98,20,,,metadata,
prot-198788--59,99,0,,,metadata,
prot-198788--59,99,1,,,metadata,
prot-198788--59,99,2,,,metadata,
prot-198788--59,99,4,,,metadata,
prot-198788--59,99,5,,,metadata,
prot-198788--59,99,6,,,metadata,
prot-198788--59,99,7,,,metadata,
prot-198788--59,99,8,,,metadata,
prot-198788--59,99,9,,,metadata,
prot-198788--59,99,10,,,metadata,
prot-198788--59,99,11,,,metadata,
prot-198788--59,99,12,,,metadata,
prot-198788--59,99,13,,,metadata,
prot-198788--59,99,15,,,metadata,
prot-198788--59,99,16,,,metadata,
prot-198788--59,99,18,,,metadata,
prot-198788--59,99,19,,,metadata,
prot-198788--59,99,20,,,metadata,
prot-198788--59,99,21,,,metadata,
prot-198788--59,100,2,,,metadata,
prot-198788--59,100,3,,,metadata,
prot-198788--59,100,4,,,metadata,
prot-198788--59,100,5,,,metadata,
prot-198788--59,100,7,,,metadata,
prot-198788--59,100,8,,,metadata,
prot-198788--59,100,9,,,metadata,
prot-198788--59,100,10,,,metadata,
prot-198788--59,100,11,,,metadata,
prot-198788--59,100,12,,,metadata,
prot-198788--59,100,14,,,metadata,
prot-198788--59,100,15,,,metadata,
prot-198788--59,100,16,,,metadata,
prot-198788--59,100,17,,,metadata,
prot-198788--59,100,18,,,metadata,
prot-198788--59,100,19,,,metadata,
prot-198788--59,100,20,,,metadata,
prot-198788--59,101,1,,,metadata,
prot-198788--59,101,3,,,metadata,
prot-198788--59,101,4,,,metadata,
prot-198788--59,101,5,,,metadata,
prot-198788--59,101,6,,,metadata,
prot-198788--59,101,7,,,metadata,
prot-198788--59,101,8,,,metadata,
prot-198788--59,101,9,,,metadata,
prot-198788--59,101,10,,,metadata,
prot-198788--59,101,11,,,metadata,
prot-198788--59,101,12,,,metadata,
prot-198788--59,101,13,,,metadata,
prot-198788--59,101,15,,,metadata,
prot-198788--59,101,16,,,metadata,
prot-198788--59,101,18,,,metadata,
prot-198788--59,101,20,,,metadata,
prot-198788--59,101,21,,,metadata,
prot-198788--59,102,4,,,metadata,
prot-198788--59,102,5,,,metadata,
prot-198788--59,102,7,,,metadata,
prot-198788--59,102,8,,,metadata,
prot-198788--59,102,9,,,metadata,
prot-198788--59,102,10,,,metadata,
prot-198788--59,102,12,,,metadata,
prot-198788--59,102,14,,,metadata,
prot-198788--59,102,16,,,metadata,
prot-198788--59,102,17,,,metadata,
prot-198788--59,102,18,,,metadata,
prot-198788--59,102,19,,,metadata,
prot-198788--59,102,20,,,metadata,
prot-198788--59,103,2,,,metadata,
prot-198788--59,103,3,,,metadata,
prot-198788--59,103,4,,,metadata,
prot-198788--59,103,5,,,metadata,
prot-198788--59,103,6,,,metadata,
prot-198788--59,103,7,,,metadata,
prot-198788--59,103,8,,,metadata,
prot-198788--59,103,9,,,metadata,
prot-198788--59,103,11,,,metadata,
prot-198788--59,103,12,,,metadata,
prot-198788--59,103,13,,,metadata,
prot-198788--59,103,14,,,metadata,
prot-198788--59,103,15,,,metadata,
prot-198788--59,103,17,,,metadata,
prot-198788--59,103,18,,,metadata,
prot-198788--59,103,20,,,metadata,
prot-198788--59,103,21,,,metadata,
prot-198788--59,103,22,,,metadata,
prot-198788--59,103,23,,,metadata,
prot-198788--59,104,3,,,metadata,
prot-198788--59,104,4,,,metadata,
prot-198788--59,104,5,,,metadata,
prot-198788--59,104,6,,,metadata,
prot-198788--59,104,7,,,metadata,
prot-198788--59,104,8,,,metadata,
prot-198788--59,104,10,,,metadata,
prot-198788--59,104,11,,,metadata,
prot-198788--59,104,12,,,metadata,
prot-198788--59,104,13,,,metadata,
prot-198788--59,104,15,,,metadata,
prot-198788--59,104,16,,,metadata,
prot-198788--59,104,17,,,metadata,
prot-198788--59,104,18,,,metadata,
prot-198788--59,104,19,,,metadata,
prot-198788--59,104,20,,,metadata,
prot-198788--59,105,1,,,metadata,
prot-198788--59,105,3,,,metadata,
prot-198788--59,105,4,,,metadata,
prot-198788--59,105,6,,,metadata,
prot-198788--59,105,7,,,metadata,
prot-198788--59,105,9,,,metadata,
prot-198788--59,105,11,,,metadata,
prot-198788--59,105,12,,,metadata,
prot-198788--59,105,13,,,metadata,
prot-198788--59,105,14,,,metadata,
prot-198788--59,105,15,,,metadata,
prot-198788--59,105,16,,,metadata,
prot-198788--59,105,17,,,metadata,
prot-198788--59,105,18,,,metadata,
prot-198788--59,105,19,,,metadata,
prot-198788--59,106,2,,,metadata,
prot-198788--59,106,3,,,metadata,
prot-198788--59,106,4,,,metadata,
prot-198788--59,106,5,,,metadata,
prot-198788--59,106,6,,,metadata,
prot-198788--59,106,7,,,metadata,
prot-198788--59,106,8,,,metadata,
prot-198788--59,106,10,,,metadata,
prot-198788--59,106,11,,,metadata,
prot-198788--59,106,12,,,metadata,
prot-198788--59,106,13,,,metadata,
prot-198788--59,106,14,,,metadata,
prot-198788--59,106,15,,,metadata,
prot-198788--59,106,16,,,metadata,
prot-198788--59,106,17,,,metadata,
prot-198788--59,106,18,,,metadata,
prot-198788--59,106,19,,,metadata,
prot-198788--59,106,20,,,metadata,
prot-198788--59,107,1,,,metadata,
prot-198788--59,107,3,,,metadata,
prot-198788--59,107,4,,,metadata,
prot-198788--59,107,5,,,metadata,
prot-198788--59,107,6,,,metadata,
prot-198788--59,107,7,,,metadata,
prot-198788--59,107,8,,,metadata,
prot-198788--59,107,9,,,metadata,
prot-198788--59,107,11,,,metadata,
prot-198788--59,107,12,,,metadata,
prot-198788--59,107,13,,,metadata,
prot-198788--59,107,14,,,metadata,
prot-198788--59,107,16,,,metadata,
prot-198788--59,107,18,,,metadata,
prot-198788--59,107,19,,,metadata,
prot-198788--59,107,21,,,metadata,
prot-198788--59,108,2,,,metadata,
prot-198788--59,108,4,,,metadata,
prot-198788--59,108,5,,,metadata,
prot-198788--59,108,7,,,metadata,
prot-198788--59,108,8,,,metadata,
prot-198788--59,108,9,,,metadata,
prot-198788--59,108,10,,,metadata,
prot-198788--59,108,11,,,metadata,
prot-198788--59,108,13,,,metadata,
prot-198788--59,108,14,,,metadata,
prot-198788--59,108,15,,,metadata,
prot-198788--59,108,16,,,metadata,
prot-198788--59,108,17,,,metadata,
prot-198788--59,108,18,,,metadata,
prot-198788--59,109,0,,,metadata,
prot-198788--59,109,1,,,metadata,
prot-198788--59,109,2,,,metadata,
prot-198788--59,109,3,,,metadata,
prot-198788--59,109,4,,,metadata,
prot-198788--59,109,5,,,metadata,
prot-198788--59,109,6,,,metadata,
prot-198788--59,109,7,,,metadata,
prot-198788--59,109,8,,,metadata,
prot-198788--59,109,10,,,metadata,
prot-198788--59,109,13,,,metadata,
prot-198788--59,109,14,,,metadata,
prot-198788--59,109,15,,,metadata,
prot-198788--59,109,16,,,metadata,
prot-198788--59,109,19,,,metadata,
prot-198788--59,109,20,,,metadata,
prot-198788--59,110,1,,,metadata,
prot-198788--59,110,2,,,metadata,
prot-198788--59,110,3,,,metadata,
prot-198788--59,110,4,,,metadata,
prot-198788--59,110,5,,,metadata,
prot-198788--59,110,8,,,metadata,
prot-198788--59,110,10,,,metadata,
prot-198788--59,110,11,,,metadata,
prot-198788--59,110,13,,,metadata,
prot-198788--59,110,14,,,metadata,
prot-198788--59,110,15,,,metadata,
prot-198788--59,110,16,,,metadata,
prot-198788--59,110,17,,,metadata,
prot-198788--59,110,18,,,metadata,
prot-198788--59,110,19,,,metadata,
prot-198788--59,111,1,,,metadata,
prot-198788--59,111,2,,,metadata,
prot-198788--59,111,3,,,metadata,
prot-198788--59,111,4,,,metadata,
prot-198788--59,111,5,,,metadata,
prot-198788--59,111,6,,,metadata,
prot-198788--59,111,7,,,metadata,
prot-198788--59,111,8,,,metadata,
prot-198788--59,111,9,,,metadata,
prot-198788--59,111,10,,,metadata,
prot-198788--59,111,11,,,metadata,
prot-198788--59,111,12,,,metadata,
prot-198788--59,111,13,,,metadata,
prot-198788--59,111,15,,,metadata,
prot-198788--59,111,16,,,metadata,
prot-198788--59,111,17,,,metadata,
prot-198788--59,111,18,,,metadata,
prot-198788--59,111,20,,,metadata,
prot-198788--59,111,21,,,metadata,
prot-198788--59,111,22,,,metadata,
prot-198788--59,112,2,,,metadata,
prot-198788--59,112,3,,,metadata,
prot-198788--59,112,5,,,metadata,
prot-198788--59,112,6,,,metadata,
prot-198788--59,112,8,,,metadata,
prot-198788--59,112,9,,,metadata,
prot-198788--59,112,10,,,metadata,
prot-198788--59,112,11,,,metadata,
prot-198788--59,112,12,,,metadata,
prot-198788--59,112,13,,,metadata,
prot-198788--59,112,15,,,metadata,
prot-198788--59,112,17,,,metadata,
prot-198788--59,112,18,,,metadata,
prot-198788--59,112,20,,,metadata,
prot-198788--59,112,21,,,metadata,
prot-198788--59,113,1,,,metadata,
prot-198788--59,113,2,,,metadata,
prot-198788--59,113,3,,,metadata,
prot-198788--59,113,4,,,metadata,
prot-198788--59,113,6,,,metadata,
prot-198788--59,113,7,,,metadata,
prot-198788--59,113,8,,,metadata,
prot-198788--59,113,9,,,metadata,
prot-198788--59,113,10,,,metadata,
prot-198788--59,113,11,,,metadata,
prot-198788--59,113,12,,,metadata,
prot-198788--59,113,13,,,metadata,
prot-198788--59,113,14,,,metadata,
prot-198788--59,113,15,,,metadata,
prot-198788--59,113,18,,,metadata,
prot-198788--59,113,20,,,metadata,
prot-198788--59,113,21,,,metadata,
prot-198788--59,114,3,,,metadata,
prot-198788--59,114,4,,,metadata,
prot-198788--59,114,5,,,metadata,
prot-198788--59,114,6,,,metadata,
prot-198788--59,114,7,,,metadata,
prot-198788--59,114,8,,,metadata,
prot-198788--59,114,9,,,metadata,
prot-198788--59,114,10,,,metadata,
prot-198788--59,114,11,,,metadata,
prot-198788--59,114,12,,,metadata,
prot-198788--59,114,13,,,metadata,
prot-198788--59,114,14,,,metadata,
prot-198788--59,114,15,,,metadata,
prot-198788--59,114,16,,,metadata,
prot-198788--59,114,17,,,metadata,
prot-198788--59,114,18,,,metadata,
prot-198788--59,114,19,,,metadata,
prot-198788--59,115,1,,,metadata,
prot-198788--59,115,3,,,metadata,
prot-198788--59,115,4,,,metadata,
prot-198788--59,115,5,,,metadata,
prot-198788--59,115,6,,,metadata,
prot-198788--59,115,7,,,metadata,
prot-198788--59,115,8,,,metadata,
prot-198788--59,115,9,,,metadata,
prot-198788--59,115,10,,,metadata,
prot-198788--59,115,12,,,metadata,
prot-198788--59,115,13,,,metadata,
prot-198788--59,115,16,,,metadata,
prot-198788--59,115,17,,,metadata,
prot-198788--59,115,18,,,metadata,
prot-198788--59,115,19,,,metadata,
prot-198788--59,115,20,,,metadata,
prot-198788--59,115,21,,,metadata,
prot-198788--59,116,1,,,metadata,
prot-198788--59,116,2,,,metadata,
prot-198788--59,116,3,,,metadata,
prot-198788--59,116,4,,,metadata,
prot-198788--59,116,5,,,metadata,
prot-198788--59,116,6,,,metadata,
prot-198788--59,116,7,,,metadata,
prot-198788--59,116,8,,,metadata,
prot-198788--59,116,9,,,metadata,
prot-198788--59,116,10,,,metadata,
prot-198788--59,116,11,,,metadata,
prot-198788--59,116,12,,,metadata,
prot-198788--59,116,13,,,metadata,
prot-198788--59,116,14,,,metadata,
prot-198788--59,116,15,,,metadata,
prot-198788--59,116,16,,,metadata,
prot-198788--59,116,17,,,metadata,
prot-198788--59,116,18,,,metadata,
prot-198788--59,116,19,,,metadata,
prot-198788--59,117,1,,,metadata,
prot-198788--59,117,2,,,metadata,
prot-198788--59,117,3,,,metadata,
prot-198788--59,117,4,,,metadata,
prot-198788--59,117,6,,,metadata,
prot-198788--59,117,7,,,metadata,
prot-198788--59,117,8,,,metadata,
prot-198788--59,117,9,,,metadata,
prot-198788--59,117,10,,,metadata,
prot-198788--59,117,11,,,metadata,
prot-198788--59,117,12,,,metadata,
prot-198788--59,117,13,,,metadata,
prot-198788--59,117,14,,,metadata,
prot-198788--59,117,15,,,metadata,
prot-198788--59,117,16,,,metadata,
prot-198788--59,117,17,,,metadata,
prot-198788--59,117,18,,,metadata,
prot-198788--59,117,19,,,metadata,
prot-198788--59,117,20,,,metadata,
prot-198788--59,117,21,,,metadata,
prot-198788--59,118,2,,,metadata,
prot-198788--59,118,3,,,metadata,
prot-198788--59,118,5,,,metadata,
prot-198788--59,118,6,,,metadata,
prot-198788--59,118,7,,,metadata,
prot-198788--59,118,8,,,metadata,
prot-198788--59,118,9,,,metadata,
prot-198788--59,118,10,,,metadata,
prot-198788--59,118,11,,,metadata,
prot-198788--59,118,12,,,metadata,
prot-198788--59,118,13,,,metadata,
prot-198788--59,118,14,,,metadata,
prot-198788--59,118,15,,,metadata,
prot-198788--59,118,16,,,metadata,
prot-198788--59,118,17,,,metadata,
prot-198788--59,118,18,,,metadata,
prot-198788--59,118,19,,,metadata,
prot-198788--59,118,20,,,metadata,
prot-198788--59,118,21,,,metadata,
prot-198788--59,119,2,,,metadata,
prot-198788--59,119,3,,,metadata,
prot-198788--59,119,4,,,metadata,
prot-198788--59,119,5,,,metadata,
prot-198788--59,119,6,,,metadata,
prot-198788--59,119,7,,,metadata,
prot-198788--59,119,8,,,metadata,
prot-198788--59,119,9,,,metadata,
prot-198788--59,119,10,,,metadata,
prot-198788--59,119,11,,,metadata,
prot-198788--59,119,12,,,metadata,
prot-198788--59,119,13,,,metadata,
prot-198788--59,119,14,,,metadata,
prot-198788--59,119,16,,,metadata,
prot-198788--59,119,18,,,metadata,
prot-198788--59,119,19,,,metadata,
prot-198788--59,119,20,,,metadata,
prot-198788--59,119,21,,,metadata,
prot-198788--59,120,2,,,metadata,
prot-198788--59,120,3,,,metadata,
prot-198788--59,120,4,,,metadata,
prot-198788--59,120,5,,,metadata,
prot-198788--59,120,6,,,metadata,
prot-198788--59,120,7,,,metadata,
prot-198788--59,120,8,,,metadata,
prot-198788--59,120,9,,,metadata,
prot-198788--59,120,10,,,metadata,
prot-198788--59,120,11,,,metadata,
prot-198788--59,120,12,,,metadata,
prot-198788--59,120,13,,,metadata,
prot-198788--59,120,14,,,metadata,
prot-198788--59,120,16,,,metadata,
prot-198788--59,120,17,,,metadata,
prot-198788--59,120,20,,,metadata,
prot-198788--59,121,1,,,metadata,
prot-198788--59,121,2,,,metadata,
prot-198788--59,121,3,,,metadata,
prot-198788--59,121,4,,,metadata,
prot-198788--59,121,5,,,metadata,
prot-198788--59,121,7,,,metadata,
prot-198788--59,121,8,,,metadata,
prot-198788--59,121,11,,,metadata,
prot-198788--59,121,12,,,metadata,
prot-198788--59,121,14,,,metadata,
prot-198788--59,121,15,,,metadata,
prot-198788--59,121,16,,,metadata,
prot-198788--59,121,17,,,metadata,
prot-198788--59,121,18,,,metadata,
prot-198788--59,121,19,,,metadata,
prot-198788--59,121,20,,,metadata,
prot-198788--59,121,21,,,metadata,
prot-198788--59,121,22,,,metadata,
prot-198788--59,122,1,,,metadata,
prot-198788--59,122,2,,,metadata,
prot-198788--59,122,3,,,metadata,
prot-198788--59,122,4,,,metadata,
prot-198788--59,122,5,,,metadata,
prot-198788--59,122,8,,,metadata,
prot-198788--59,122,9,,,metadata,
prot-198788--59,122,10,,,metadata,
prot-198788--59,122,11,,,metadata,
prot-198788--59,122,12,,,metadata,
prot-198788--59,122,13,,,metadata,
prot-198788--59,122,14,,,metadata,
prot-198788--59,122,15,,,metadata,
prot-198788--59,122,16,,,metadata,
prot-198788--59,122,17,,,metadata,
prot-198788--59,122,18,,,metadata,
prot-198788--59,122,19,,,metadata,
prot-198788--59,122,20,,,metadata,
prot-198788--59,123,1,,,metadata,
prot-198788--59,123,2,,,metadata,
prot-198788--59,123,3,,,metadata,
prot-198788--59,123,4,,,metadata,
prot-198788--59,123,5,,,metadata,
prot-198788--59,123,6,,,metadata,
prot-198788--59,123,7,,,metadata,
prot-198788--59,123,8,,,metadata,
prot-198788--59,123,9,,,metadata,
prot-198788--59,123,10,,,metadata,
prot-198788--59,123,12,,,metadata,
prot-198788--59,123,13,,,metadata,
prot-198788--59,123,14,,,metadata,
prot-198788--59,123,15,,,metadata,
prot-198788--59,123,17,,,metadata,
prot-198788--59,123,18,,,metadata,
prot-198788--59,123,20,,,metadata,
prot-198788--59,124,2,,,metadata,
prot-198788--59,124,3,,,metadata,
prot-198788--59,124,4,,,metadata,
prot-198788--59,124,5,,,metadata,
prot-198788--59,124,6,,,metadata,
prot-198788--59,124,7,,,metadata,
prot-198788--59,124,8,,,metadata,
prot-198788--59,124,10,,,metadata,
prot-198788--59,124,12,,,metadata,
prot-198788--59,124,13,,,metadata,
prot-198788--59,124,14,,,metadata,
prot-198788--59,124,15,,,metadata,
prot-198788--59,124,16,,,metadata,
prot-198788--59,124,17,,,metadata,
prot-198788--59,124,19,,,metadata,
prot-198788--59,124,20,,,metadata,
prot-198788--59,124,21,,,metadata,
prot-198788--59,125,1,,,metadata,
prot-198788--59,125,2,,,metadata,
prot-198788--59,125,3,,,metadata,
prot-198788--59,125,4,,,metadata,
prot-198788--59,125,5,,,metadata,
prot-198788--59,125,6,,,metadata,
prot-198788--59,125,7,,,metadata,
prot-198788--59,125,8,,,metadata,
prot-198788--59,125,10,,,metadata,
prot-198788--59,125,11,,,metadata,
prot-198788--59,125,12,,,metadata,
prot-198788--59,125,15,,,metadata,
prot-198788--59,125,16,,,metadata,
prot-198788--59,125,17,,,metadata,
prot-198788--59,125,18,,,metadata,
prot-198788--59,125,19,,,metadata,
prot-198788--59,126,1,,,metadata,
prot-198788--59,126,2,,,metadata,
prot-198788--59,126,4,,,metadata,
prot-198788--59,126,5,,,metadata,
prot-198788--59,126,6,,,metadata,
prot-198788--59,126,7,,,metadata,
prot-198788--59,126,8,,,metadata,
prot-198788--59,126,10,,,metadata,
prot-198788--59,126,12,,,metadata,
prot-198788--59,126,13,,,metadata,
prot-198788--59,126,16,,,metadata,
prot-198788--59,126,17,,,metadata,
prot-198788--59,126,18,,,metadata,
prot-198788--59,127,1,,,metadata,
prot-198788--59,127,3,,,metadata,
prot-198788--59,127,4,,,metadata,
prot-198788--59,127,5,,,metadata,
prot-198788--59,127,6,,,metadata,
prot-198788--59,127,7,,,metadata,
prot-198788--59,127,8,,,metadata,
prot-198788--59,127,10,,,metadata,
prot-198788--59,127,11,,,metadata,
prot-198788--59,127,12,,,metadata,
prot-198788--59,127,13,,,metadata,
prot-198788--59,127,14,,,metadata,
prot-198788--59,127,15,,,metadata,
prot-198788--59,127,16,,,metadata,
prot-198788--59,127,17,,,metadata,
prot-198788--59,127,18,,,metadata,
prot-198788--59,127,20,,,metadata,
prot-198788--59,127,21,,,metadata,
prot-198788--59,128,2,,,metadata,
prot-198788--59,128,4,,,metadata,
prot-198788--59,128,5,,,metadata,
prot-198788--59,128,6,,,metadata,
prot-198788--59,128,7,,,metadata,
prot-198788--59,128,8,,,metadata,
prot-198788--59,128,9,,,metadata,
prot-198788--59,128,10,,,metadata,
prot-198788--59,128,12,,,metadata,
prot-198788--59,128,13,,,metadata,
prot-198788--59,128,14,,,metadata,
prot-198788--59,128,15,,,metadata,
prot-198788--59,128,17,,,metadata,
prot-198788--59,128,18,,,metadata,
prot-198788--59,128,19,,,metadata,
prot-198788--59,128,20,,,metadata,
prot-198788--59,129,1,,,metadata,
prot-198788--59,129,2,,,metadata,
prot-198788--59,129,3,,,metadata,
prot-198788--59,129,4,,,metadata,
prot-198788--59,129,6,,,metadata,
prot-198788--59,129,7,,,metadata,
prot-198788--59,129,8,,,metadata,
prot-198788--59,129,10,,,metadata,
prot-198788--59,129,11,,,metadata,
prot-198788--59,129,12,,,metadata,
prot-198788--59,129,13,,,metadata,
prot-198788--59,129,14,,,metadata,
prot-198788--59,129,16,,,metadata,
prot-198788--59,129,17,,,metadata,
prot-198788--59,129,18,,,metadata,
prot-198788--59,129,19,,,metadata,
prot-198788--59,129,20,,,metadata,
prot-198788--59,130,3,,,metadata,
prot-198788--59,130,4,,,metadata,
prot-198788--59,130,5,,,metadata,
prot-198788--59,130,6,,,metadata,
prot-198788--59,130,7,,,metadata,
prot-198788--59,130,8,,,metadata,
prot-198788--59,130,9,,,metadata,
prot-198788--59,130,10,,,metadata,
prot-198788--59,130,11,,,metadata,
prot-198788--59,130,12,,,metadata,
prot-198788--59,130,13,,,metadata,
prot-198788--59,130,14,,,metadata,
prot-198788--59,130,15,,,metadata,
prot-198788--59,130,16,,,metadata,
prot-198788--59,130,17,,,metadata,
prot-198788--59,130,19,,,metadata,
prot-198788--59,130,20,,,metadata,
prot-198788--59,130,21,,,metadata,
prot-198788--59,130,22,,,metadata,
prot-198788--59,130,23,,,metadata,
prot-198788--59,131,1,,,metadata,
prot-198788--59,131,2,,,metadata,
prot-198788--59,131,3,,,metadata,
prot-198788--59,131,4,,,metadata,
prot-198788--59,131,5,,,metadata,
prot-198788--59,131,6,,,metadata,
prot-198788--59,131,7,,,metadata,
prot-198788--59,131,8,,,metadata,
prot-198788--59,131,10,,,metadata,
prot-198788--59,131,11,,,metadata,
prot-198788--59,131,12,,,metadata,
prot-198788--59,131,13,,,metadata,
prot-198788--59,131,16,,,metadata,
prot-198788--59,131,17,,,metadata,
prot-198788--59,131,18,,,metadata,
prot-198788--59,131,19,,,metadata,
prot-198788--59,131,20,,,metadata,
prot-198788--59,132,2,,,metadata,
prot-198788--59,132,3,,,metadata,
prot-198788--59,132,5,,,metadata,
prot-198788--59,132,6,,,metadata,
prot-198788--59,132,7,,,metadata,
prot-198788--59,132,8,,,metadata,
prot-198788--59,132,10,,,metadata,
prot-198788--59,132,11,,,metadata,
prot-198788--59,132,12,,,metadata,
prot-198788--59,132,13,,,metadata,
prot-198788--59,132,14,,,metadata,
prot-198788--59,132,15,,,metadata,
prot-198788--59,132,16,,,metadata,
prot-198788--59,132,17,,,metadata,
prot-198788--59,132,18,,,metadata,
prot-198788--59,132,19,,,metadata,
prot-198788--59,132,20,,,metadata,
prot-198788--59,133,1,,,metadata,
prot-198788--59,133,2,,,metadata,
prot-198788--59,133,3,,,metadata,
prot-198788--59,133,5,,,metadata,
prot-198788--59,133,6,,,metadata,
prot-198788--59,133,7,,,metadata,
prot-198788--59,133,8,,,metadata,
prot-198788--59,133,9,,,metadata,
prot-198788--59,133,10,,,metadata,
prot-198788--59,133,11,,,metadata,
prot-198788--59,133,12,,,metadata,
prot-198788--59,133,13,,,metadata,
prot-198788--59,133,14,,,metadata,
prot-198788--59,133,15,,,metadata,
prot-198788--59,133,16,,,metadata,
prot-198788--59,133,17,,,metadata,
prot-198788--59,133,18,,,metadata,
prot-198788--59,133,19,,,metadata,
prot-198788--59,133,20,,,metadata,
prot-198788--59,133,21,,,metadata,
prot-198788--59,133,22,,,metadata,
prot-198788--59,134,1,,,metadata,
prot-198788--59,134,3,,,metadata,
prot-198788--59,134,4,,,metadata,
prot-198788--59,134,5,,,metadata,
prot-198788--59,134,6,,,metadata,
prot-198788--59,134,7,,,metadata,
prot-198788--59,134,8,,,metadata,
prot-198788--59,134,9,,,metadata,
prot-198788--59,134,10,,,metadata,
prot-198788--59,134,11,,,metadata,
prot-198788--59,134,12,,,metadata,
prot-198788--59,134,13,,,metadata,
prot-198788--59,134,14,,,metadata,
prot-198788--59,134,15,,,metadata,
prot-198788--59,134,16,,,metadata,
prot-198788--59,134,17,,,metadata,
prot-198788--59,134,18,,,metadata,
prot-198788--59,134,19,,,metadata,
prot-198788--59,135,1,,,metadata,
prot-198788--59,135,2,,,metadata,
prot-198788--59,135,3,,,metadata,
prot-198788--59,135,7,,,metadata,
prot-198788--59,135,8,,,metadata,
prot-198788--59,135,9,,,metadata,
prot-198788--59,135,10,,,metadata,
prot-198788--59,135,11,,,metadata,
prot-198788--59,135,12,,,metadata,
prot-198788--59,135,13,,,metadata,
prot-198788--59,135,14,,,metadata,
prot-198788--59,135,15,,,metadata,
prot-198788--59,135,16,,,metadata,
prot-198788--59,135,17,,,metadata,
prot-198788--59,135,18,,,metadata,
prot-198788--59,135,19,,,metadata,
prot-198788--59,135,21,,,metadata,
prot-198788--59,135,22,,,metadata,
prot-198788--59,136,2,,,metadata,
prot-198788--59,136,3,,,metadata,
prot-198788--59,136,4,,,metadata,
prot-198788--59,136,5,,,metadata,
prot-198788--59,136,6,,,metadata,
prot-198788--59,136,7,,,metadata,
prot-198788--59,136,8,,,metadata,
prot-198788--59,136,9,,,metadata,
prot-198788--59,136,10,,,metadata,
prot-198788--59,136,11,,,metadata,
prot-198788--59,136,12,,,metadata,
prot-198788--59,136,13,,,metadata,
prot-198788--59,136,16,,,metadata,
prot-198788--59,136,17,,,metadata,
prot-198788--59,136,20,,,metadata,
prot-198788--59,137,1,,,metadata,
prot-198788--59,137,2,,,metadata,
prot-198788--59,137,3,,,metadata,
prot-198788--59,137,5,,,metadata,
prot-198788--59,137,8,,,metadata,
prot-198788--59,137,9,,,metadata,
prot-198788--59,137,10,,,metadata,
prot-198788--59,137,11,,,metadata,
prot-198788--59,137,12,,,metadata,
prot-198788--59,137,13,,,metadata,
prot-198788--59,137,14,,,metadata,
prot-198788--59,137,15,,,metadata,
prot-198788--59,137,16,,,metadata,
prot-198788--59,137,17,,,metadata,
prot-198788--59,137,18,,,metadata,
prot-198788--59,137,21,,,metadata,
prot-198788--59,138,1,,,metadata,
prot-198788--59,138,3,,,metadata,
prot-198788--59,138,4,,,metadata,
prot-198788--59,138,5,,,metadata,
prot-198788--59,138,6,,,metadata,
prot-198788--59,138,7,,,metadata,
prot-198788--59,138,8,,,metadata,
prot-198788--59,138,9,,,metadata,
prot-198788--59,138,10,,,metadata,
prot-198788--59,138,11,,,metadata,
prot-198788--59,138,12,,,metadata,
prot-198788--59,138,13,,,metadata,
prot-198788--59,138,14,,,metadata,
prot-198788--59,138,16,,,metadata,
prot-198788--59,138,17,,,metadata,
prot-198788--59,138,19,,,metadata,
prot-198788--59,138,20,,,metadata,
prot-198788--59,138,22,,,metadata,
prot-198788--59,138,23,,,metadata,
prot-198788--59,138,24,,,metadata,
prot-198788--59,138,25,,,metadata,
prot-198788--59,139,1,,,metadata,
prot-198788--59,139,3,,,metadata,
prot-198788--59,139,4,,,metadata,
prot-198788--59,139,5,,,metadata,
prot-198788--59,139,6,,,metadata,
prot-198788--59,139,7,,,metadata,
prot-198788--59,139,8,,,metadata,
prot-198788--59,139,9,,,metadata,
prot-198788--59,139,10,,,metadata,
prot-198788--59,139,11,,,metadata,
prot-198788--59,139,12,,,metadata,
prot-198788--59,139,14,,,metadata,
prot-198788--59,139,15,,,metadata,
prot-198788--59,139,16,,,metadata,
prot-198788--59,139,17,,,metadata,
prot-198788--59,139,19,,,metadata,
prot-198788--59,139,20,,,metadata,
prot-198788--59,139,21,,,metadata,
prot-198788--59,140,2,,,metadata,
prot-198788--59,140,3,,,metadata,
prot-198788--59,140,4,,,metadata,
prot-198788--59,140,5,,,metadata,
prot-198788--59,140,6,,,metadata,
prot-198788--59,140,7,,,metadata,
prot-198788--59,140,8,,,metadata,
prot-198788--59,140,10,,,metadata,
prot-198788--59,140,11,,,metadata,
prot-198788--59,140,12,,,metadata,
prot-198788--59,140,13,,,metadata,
prot-198788--59,140,16,,,metadata,
prot-198788--59,140,18,,,metadata,
prot-198788--59,140,19,,,metadata,
prot-198788--59,140,20,,,metadata,
prot-198788--59,140,21,,,metadata,
prot-198788--59,141,1,,,metadata,
prot-198788--59,141,2,,,metadata,
prot-198788--59,141,3,,,metadata,
prot-198788--59,141,6,,,metadata,
prot-198788--59,141,7,,,metadata,
prot-198788--59,141,8,,,metadata,
prot-198788--59,141,9,,,metadata,
prot-198788--59,141,10,,,metadata,
prot-198788--59,141,12,,,metadata,
prot-198788--59,141,14,,,metadata,
prot-198788--59,141,15,,,metadata,
prot-198788--59,141,16,,,metadata,
prot-198788--59,141,17,,,metadata,
prot-198788--59,141,18,,,metadata,
prot-198788--59,141,19,,,metadata,
prot-198788--59,141,20,,,metadata,
prot-198788--59,141,21,,,metadata,
prot-198788--59,142,2,,,metadata,
prot-198788--59,142,3,,,metadata,
prot-198788--59,142,5,,,metadata,
prot-198788--59,142,6,,,metadata,
prot-198788--59,142,7,,,metadata,
prot-198788--59,142,8,,,metadata,
prot-198788--59,142,9,,,metadata,
prot-198788--59,142,10,,,metadata,
prot-198788--59,142,11,,,metadata,
prot-198788--59,142,12,,,metadata,
prot-198788--59,142,13,,,metadata,
prot-198788--59,142,14,,,metadata,
prot-198788--59,142,15,,,metadata,
prot-198788--59,142,16,,,metadata,
prot-198788--59,142,17,,,metadata,
prot-198788--59,142,18,,,metadata,
prot-198788--59,142,19,,,metadata,
prot-198788--59,142,20,,,metadata,
prot-198788--59,142,22,,,metadata,
prot-198788--59,142,23,,,metadata,
prot-198788--59,143,1,,,metadata,
prot-198788--59,143,2,,,metadata,
prot-198788--59,143,3,,,metadata,
prot-198788--59,143,4,,,metadata,
prot-198788--59,143,5,,,metadata,
prot-198788--59,143,6,,,metadata,
prot-198788--59,143,7,,,metadata,
prot-198788--59,143,8,,,metadata,
prot-198788--59,143,9,,,metadata,
prot-198788--59,143,11,,,metadata,
prot-198788--59,143,12,,,metadata,
prot-198788--59,143,13,,,metadata,
prot-198788--59,143,14,,,metadata,
prot-198788--59,143,15,,,metadata,
prot-198788--59,143,16,,,metadata,
prot-198788--59,143,17,,,metadata,
prot-198788--59,143,18,,,metadata,
prot-198788--59,143,19,,,metadata,
prot-198788--59,143,20,,,metadata,
prot-198788--59,143,21,,,metadata,
prot-198788--59,144,2,,,metadata,
prot-198788--59,144,3,,,metadata,
prot-198788--59,144,4,,,metadata,
prot-198788--59,144,5,,,metadata,
prot-198788--59,144,6,,,metadata,
prot-198788--59,144,8,,,metadata,
prot-198788--59,144,9,,,metadata,
prot-198788--59,144,10,,,metadata,
prot-198788--59,144,11,,,metadata,
prot-198788--59,144,12,,,metadata,
prot-198788--59,144,13,,,metadata,
prot-198788--59,144,14,,,metadata,
prot-198788--59,144,15,,,metadata,
prot-198788--59,144,16,,,metadata,
prot-198788--59,144,17,,,metadata,
prot-198788--59,144,18,,,metadata,
prot-198788--59,144,19,,,metadata,
prot-198788--59,144,20,,,metadata,
prot-198788--59,144,21,,,metadata,
prot-198788--59,145,1,,,metadata,
prot-198788--59,145,2,,,metadata,
prot-198788--59,145,3,,,metadata,
prot-198788--59,145,4,,,metadata,
prot-198788--59,145,5,,,metadata,
prot-198788--59,145,6,,,metadata,
prot-198788--59,145,7,,,metadata,
prot-198788--59,145,9,,,metadata,
prot-198788--59,145,10,,,metadata,
prot-198788--59,145,11,,,metadata,
prot-198788--59,145,12,,,metadata,
prot-198788--59,145,13,,,metadata,
prot-198788--59,145,14,,,metadata,
prot-198788--59,145,15,,,metadata,
prot-198788--59,145,16,,,metadata,
prot-198788--59,145,17,,,metadata,
prot-198788--59,145,18,,,metadata,
prot-198788--59,145,19,,,metadata,
prot-198788--59,145,20,,,metadata,
prot-198788--59,145,21,,,metadata,
prot-198788--59,145,22,,,metadata,
prot-198788--59,145,23,,,metadata,
prot-198788--59,146,2,,,metadata,
prot-198788--59,146,4,,,metadata,
prot-198788--59,146,5,,,metadata,
prot-198788--59,146,6,,,metadata,
prot-198788--59,146,8,,,metadata,
prot-198788--59,146,9,,,metadata,
prot-198788--59,146,10,,,metadata,
prot-198788--59,146,11,,,metadata,
prot-198788--59,146,12,,,metadata,
prot-198788--59,146,13,,,metadata,
prot-198788--59,146,14,,,metadata,
prot-198788--59,146,16,,,metadata,
prot-198788--59,146,18,,,metadata,
prot-198788--59,146,19,,,metadata,
prot-198788--59,147,1,,,metadata,
prot-198788--59,147,2,,,metadata,
prot-198788--59,147,3,,,metadata,
prot-198788--59,147,4,,,metadata,
prot-198788--59,147,5,,,metadata,
prot-198788--59,147,6,,,metadata,
prot-198788--59,147,7,,,metadata,
prot-198788--59,147,8,,,metadata,
prot-198788--59,147,9,,,metadata,
prot-198788--59,147,10,,,metadata,
prot-198788--59,147,11,,,metadata,
prot-198788--59,147,12,,,metadata,
prot-198788--59,147,13,,,metadata,
prot-198788--59,147,14,,,metadata,
prot-198788--59,147,16,,,metadata,
prot-198788--59,147,17,,,metadata,
prot-198788--59,147,18,,,metadata,
prot-198788--59,147,19,,,metadata,
prot-198788--59,147,20,,,metadata,
prot-198788--59,147,21,,,metadata,
prot-198788--59,147,22,,,metadata,
prot-198788--59,148,3,,,metadata,
prot-198788--59,148,4,,,metadata,
prot-198788--59,148,5,,,metadata,
prot-198788--59,148,6,,,metadata,
prot-198788--59,148,7,,,metadata,
prot-198788--59,148,9,,,metadata,
prot-198788--59,148,10,,,metadata,
prot-198788--59,148,11,,,metadata,
prot-198788--59,148,12,,,metadata,
prot-198788--59,148,13,,,metadata,
prot-198788--59,148,14,,,metadata,
prot-198788--59,148,15,,,metadata,
prot-198788--59,148,16,,,metadata,
prot-198788--59,148,17,,,metadata,
prot-198788--59,148,18,,,metadata,
prot-198788--59,148,19,,,metadata,
prot-198788--59,148,20,,,metadata,
prot-198788--59,148,21,,,metadata,
prot-198788--59,149,1,,,metadata,
prot-198788--59,149,2,,,metadata,
prot-198788--59,149,3,,,metadata,
prot-198788--59,149,4,,,metadata,
prot-198788--59,149,5,,,metadata,
prot-198788--59,149,6,,,metadata,
prot-198788--59,149,7,,,metadata,
prot-198788--59,149,8,,,metadata,
prot-198788--59,149,9,,,metadata,
prot-198788--59,149,10,,,metadata,
prot-198788--59,149,11,,,metadata,
prot-198788--59,149,13,,,metadata,
prot-198788--59,149,14,,,metadata,
prot-198788--59,149,15,,,metadata,
prot-198788--59,149,16,,,metadata,
prot-198788--59,149,17,,,metadata,
prot-198788--59,149,18,,,metadata,
prot-198788--59,149,19,,,metadata,
prot-198788--59,149,20,,,metadata,
prot-198788--59,150,3,,,metadata,
prot-198788--59,150,4,,,metadata,
prot-198788--59,150,6,,,metadata,
prot-198788--59,150,7,,,metadata,
prot-198788--59,150,8,,,metadata,
prot-198788--59,150,9,,,metadata,
prot-198788--59,150,10,,,metadata,
prot-198788--59,150,11,,,metadata,
prot-198788--59,150,13,,,metadata,
prot-198788--59,150,15,,,metadata,
prot-198788--59,150,16,,,metadata,
prot-198788--59,150,17,,,metadata,
prot-198788--59,150,18,,,metadata,
prot-198788--59,150,19,,,metadata,
prot-198788--59,150,20,,,metadata,
prot-198788--59,150,21,,,metadata,
prot-198788--59,150,22,,,metadata,
prot-198788--59,151,1,,,metadata,
prot-198788--59,151,2,,,metadata,
prot-198788--59,151,3,,,metadata,
prot-198788--59,151,4,,,metadata,
prot-198788--59,151,5,,,metadata,
prot-198788--59,151,8,,,metadata,
prot-198788--59,151,9,,,metadata,
prot-198788--59,151,10,,,metadata,
prot-198788--59,151,11,,,metadata,
prot-198788--59,151,13,,,metadata,
prot-198788--59,151,14,,,metadata,
prot-198788--59,151,15,,,metadata,
prot-198788--59,151,16,,,metadata,
prot-198788--59,151,17,,,metadata,
prot-198788--59,151,18,,,metadata,
prot-198788--59,151,19,,,metadata,
prot-198788--59,151,20,,,metadata,
prot-198788--59,152,1,,,metadata,
prot-198788--59,152,2,,,metadata,
prot-198788--59,152,3,,,metadata,
prot-198788--59,152,4,,,metadata,
prot-198788--59,152,6,,,metadata,
prot-198788--59,152,7,,,metadata,
prot-198788--59,152,8,,,metadata,
prot-198788--59,152,9,,,metadata,
prot-198788--59,152,11,,,metadata,
prot-198788--59,152,12,,,metadata,
prot-198788--59,152,13,,,metadata,
prot-198788--59,152,14,,,metadata,
prot-198788--59,152,15,,,metadata,
prot-198788--59,152,16,,,metadata,
prot-198788--59,152,17,,,metadata,
prot-198788--59,152,18,,,metadata,
prot-198788--59,153,1,,,metadata,
prot-198788--59,153,2,,,metadata,
prot-198788--59,153,3,,,metadata,
prot-198788--59,153,4,,,metadata,
prot-198788--59,153,5,,,metadata,
prot-198788--59,153,7,,,metadata,
prot-198788--59,153,8,,,metadata,
prot-198788--59,153,9,,,metadata,
prot-198788--59,153,10,,,metadata,
prot-198788--59,153,11,,,metadata,
prot-198788--59,153,12,,,metadata,
prot-198788--59,153,13,,,metadata,
prot-198788--59,153,14,,,metadata,
prot-198788--59,153,15,,,metadata,
prot-198788--59,153,17,,,metadata,
prot-198788--59,153,18,,,metadata,
prot-198788--59,153,19,,,metadata,
prot-198788--59,153,20,,,metadata,
prot-198788--59,154,1,,,metadata,
prot-198788--59,154,2,,,metadata,
prot-198788--59,154,3,,,metadata,
prot-198788--59,154,4,,,metadata,
prot-198788--59,154,7,,,metadata,
prot-198788--59,154,8,,,metadata,
prot-198788--59,154,9,,,metadata,
prot-198788--59,154,10,,,metadata,
prot-198788--59,154,11,,,metadata,
prot-198788--59,154,12,,,metadata,
prot-198788--59,154,13,,,metadata,
prot-198788--59,154,14,,,metadata,
prot-198788--59,154,15,,,metadata,
prot-198788--59,154,16,,,metadata,
prot-198788--59,154,17,,,metadata,
prot-198788--59,154,18,,,metadata,
prot-198788--59,154,20,,,metadata,
prot-198788--59,154,22,,,metadata,
prot-198788--59,155,0,,,metadata,
prot-198788--59,155,2,,,metadata,
prot-198788--59,155,4,,,metadata,
prot-198788--59,155,5,,,metadata,
prot-198788--59,155,7,,,metadata,
prot-198788--59,155,8,,,metadata,
prot-198788--59,155,9,,,metadata,
prot-198788--59,155,10,,,metadata,
prot-198788--59,155,12,,,metadata,
prot-198788--59,155,14,,,metadata,
prot-198788--59,155,15,,,metadata,
prot-198788--59,155,16,,,metadata,
prot-198788--59,155,17,,,metadata,
prot-198788--59,155,18,,,metadata,
prot-198788--59,155,19,,,metadata,
prot-198788--59,155,20,,,metadata,
prot-198788--59,155,21,,,metadata,
prot-198788--59,156,1,,,metadata,
prot-198788--59,156,2,,,metadata,
prot-198788--59,156,3,,,metadata,
prot-198788--59,156,4,,,metadata,
prot-198788--59,156,5,,,metadata,
prot-198788--59,156,6,,,metadata,
prot-198788--59,156,7,,,metadata,
prot-198788--59,156,8,,,metadata,
prot-198788--59,156,9,,,metadata,
prot-198788--59,156,10,,,metadata,
prot-198788--59,156,11,,,metadata,
prot-198788--59,156,12,,,metadata,
prot-198788--59,156,13,,,metadata,
prot-198788--59,156,14,,,metadata,
prot-198788--59,156,16,,,metadata,
prot-198788--59,156,17,,,metadata,
prot-198788--59,156,18,,,metadata,
prot-198788--59,156,19,,,metadata,
prot-198788--59,156,20,,,metadata,
prot-198788--59,157,1,,,metadata,
prot-198788--59,157,2,,,metadata,
prot-198788--59,157,3,,,metadata,
prot-198788--59,157,4,,,metadata,
prot-198788--59,157,5,,,metadata,
prot-198788--59,157,6,,,metadata,
prot-198788--59,157,7,,,metadata,
prot-198788--59,157,8,,,metadata,
prot-198788--59,157,9,,,metadata,
prot-198788--59,157,11,,,metadata,
prot-198788--59,157,12,,,metadata,
prot-198788--59,157,13,,,metadata,
prot-198788--59,157,14,,,metadata,
prot-198788--59,157,15,,,metadata,
prot-198788--59,157,16,,,metadata,
prot-198788--59,157,17,,,metadata,
prot-198788--59,157,18,,,metadata,
prot-198788--59,157,19,,,metadata,
prot-198788--59,157,21,,,metadata,
prot-198788--59,157,22,,,metadata,
prot-198788--59,158,1,,,metadata,
prot-198788--59,158,2,,,metadata,
prot-198788--59,158,3,,,metadata,
prot-198788--59,158,4,,,metadata,
prot-198788--59,158,5,,,metadata,
prot-198788--59,158,6,,,metadata,
prot-198788--59,158,7,,,metadata,
prot-198788--59,158,8,,,metadata,
prot-198788--59,158,9,,,metadata,
prot-198788--59,158,10,,,metadata,
prot-198788--59,158,11,,,metadata,
prot-198788--59,158,12,,,metadata,
prot-198788--59,158,13,,,metadata,
prot-198788--59,158,14,,,metadata,
prot-198788--59,158,15,,,metadata,
prot-198788--59,158,16,,,metadata,
prot-198788--59,158,17,,,metadata,
prot-198788--59,158,18,,,metadata,
prot-198788--59,158,19,,,metadata,
prot-198788--59,159,0,,,metadata,
prot-198788--59,159,1,,,metadata,
prot-198788--59,159,2,,,metadata,
prot-198788--59,159,3,,,metadata,
prot-198788--59,159,4,,,metadata,
prot-198788--59,159,5,,,metadata,
prot-198788--59,159,6,,,metadata,
prot-198788--59,159,7,,,metadata,
prot-198788--59,159,8,,,metadata,
prot-198788--59,159,9,,,metadata,
prot-198788--59,159,10,,,metadata,
prot-198788--59,159,11,,,metadata,
prot-198788--59,159,12,,,metadata,
prot-198788--59,159,13,,,metadata,
prot-198788--59,159,14,,,metadata,
prot-198788--59,159,15,,,metadata,
prot-198788--59,159,16,,,metadata,
prot-198788--59,159,17,,,metadata,
prot-198788--59,159,18,,,metadata,
prot-198788--59,159,19,,,metadata,
prot-198788--59,159,20,,,metadata,
prot-198788--59,159,21,,,metadata,
prot-198788--59,160,1,,,metadata,
prot-198788--59,160,2,,,metadata,
prot-198788--59,160,3,,,metadata,
prot-198788--59,160,4,,,metadata,
prot-198788--59,160,5,,,metadata,
prot-198788--59,160,6,,,metadata,
prot-198788--59,160,8,,,metadata,
prot-198788--59,160,9,,,metadata,
prot-198788--59,160,10,,,metadata,
prot-198788--59,160,11,,,metadata,
prot-198788--59,160,12,,,metadata,
prot-198788--59,160,13,,,metadata,
prot-198788--59,160,15,,,metadata,
prot-198788--59,160,16,,,metadata,
prot-198788--59,160,17,,,metadata,
prot-198788--59,160,18,,,metadata,
prot-198788--59,160,19,,,metadata,
prot-198788--59,160,20,,,metadata,
prot-198788--59,160,21,,,metadata,
prot-198788--59,160,22,,,metadata,
prot-198788--59,160,23,,,metadata,
prot-198788--59,161,1,,,metadata,
prot-198788--59,161,2,,,metadata,
prot-198788--59,161,3,,,metadata,
prot-198788--59,161,4,,,metadata,
prot-198788--59,161,5,,,metadata,
prot-198788--59,161,6,,,metadata,
prot-198788--59,161,7,,,metadata,
prot-198788--59,161,8,,,metadata,
prot-198788--59,161,9,,,metadata,
prot-198788--59,161,10,,,metadata,
prot-198788--59,161,11,,,metadata,
prot-198788--59,161,12,,,metadata,
prot-198788--59,161,13,,,metadata,
prot-198788--59,161,14,,,metadata,
prot-198788--59,161,15,,,metadata,
prot-198788--59,161,16,,,metadata,
prot-198788--59,161,17,,,metadata,
prot-198788--59,161,19,,,metadata,
prot-198788--59,162,2,,,metadata,
prot-198788--59,162,3,,,metadata,
prot-198788--59,162,5,,,metadata,
prot-198788--59,162,6,,,metadata,
prot-198788--59,162,7,,,metadata,
prot-198788--59,162,8,,,metadata,
prot-198788--59,162,9,,,metadata,
prot-198788--59,162,11,,,metadata,
prot-198788--59,162,12,,,metadata,
prot-198788--59,162,13,,,metadata,
prot-198788--59,162,14,,,metadata,
prot-198788--59,162,15,,,metadata,
prot-198788--59,162,16,,,metadata,
prot-198788--59,162,18,,,metadata,
prot-198788--59,162,19,,,metadata,
prot-198788--59,162,20,,,metadata,
prot-198788--59,163,0,,,metadata,
prot-198788--59,163,1,,,metadata,
prot-198788--59,163,2,,,metadata,
prot-198788--59,163,3,,,metadata,
prot-198788--59,163,6,,,metadata,
prot-198788--59,163,8,,,metadata,
prot-198788--59,163,9,,,metadata,
prot-198788--59,163,10,,,metadata,
prot-198788--59,163,11,,,metadata,
prot-198788--59,163,12,,,metadata,
prot-198788--59,163,13,,,metadata,
prot-198788--59,163,14,,,metadata,
prot-198788--59,163,18,,,metadata,
prot-198788--59,163,19,,,metadata,
prot-198788--59,163,20,,,metadata,
prot-198788--59,164,3,,,metadata,
prot-198788--59,164,4,,,metadata,
prot-198788--59,164,5,,,metadata,
prot-198788--59,164,6,,,metadata,
prot-198788--59,164,7,,,metadata,
prot-198788--59,164,8,,,metadata,
prot-198788--59,164,9,,,metadata,
prot-198788--59,164,10,,,metadata,
prot-198788--59,164,11,,,metadata,
prot-198788--59,164,13,,,metadata,
prot-198788--59,164,14,,,metadata,
prot-198788--59,164,16,,,metadata,
prot-198788--59,164,17,,,metadata,
prot-198788--59,164,18,,,metadata,
prot-198788--59,165,1,,,metadata,
prot-198788--59,165,2,,,metadata,
prot-198788--59,165,3,,,metadata,
prot-198788--59,165,5,,,metadata,
prot-198788--59,165,7,,,metadata,
prot-198788--59,165,8,,,metadata,
prot-198788--59,165,9,,,metadata,
prot-198788--59,165,10,,,metadata,
prot-198788--59,165,11,,,metadata,
prot-198788--59,165,12,,,metadata,
prot-198788--59,165,13,,,metadata,
prot-198788--59,165,14,,,metadata,
prot-198788--59,165,15,,,metadata,
prot-198788--59,165,16,,,metadata,
prot-198788--59,165,17,,,metadata,
prot-198788--59,165,19,,,metadata,
prot-198788--59,165,20,,,metadata,
prot-198788--59,165,21,,,metadata,
prot-198788--59,165,22,,,metadata,
prot-198788--59,165,23,,,metadata,
prot-198788--59,166,1,,,metadata,
prot-198788--59,166,2,,,metadata,
prot-198788--59,166,3,,,metadata,
prot-198788--59,166,4,,,metadata,
prot-198788--59,166,5,,,metadata,
prot-198788--59,166,6,,,metadata,
prot-198788--59,166,7,,,metadata,
prot-198788--59,166,8,,,metadata,
prot-198788--59,166,9,,,metadata,
prot-198788--59,166,11,,,metadata,
prot-198788--59,166,12,,,metadata,
prot-198788--59,166,13,,,metadata,
prot-198788--59,166,14,,,metadata,
prot-198788--59,166,15,,,metadata,
prot-198788--59,166,16,,,metadata,
prot-198788--59,166,17,,,metadata,
prot-198788--59,166,18,,,metadata,
prot-198788--59,166,19,,,metadata,
prot-198788--59,167,1,,,metadata,
prot-198788--59,167,2,,,metadata,
prot-198788--59,167,3,,,metadata,
prot-198788--59,167,4,,,metadata,
prot-198788--59,167,5,,,metadata,
prot-198788--59,167,6,,,metadata,
prot-198788--59,167,7,,,metadata,
prot-198788--59,167,8,,,metadata,
prot-198788--59,167,9,,,metadata,
prot-198788--59,167,10,,,metadata,
prot-198788--59,167,11,,,metadata,
prot-198788--59,167,12,,,metadata,
prot-198788--59,167,13,,,metadata,
prot-198788--59,167,14,,,metadata,
prot-198788--59,167,16,,,metadata,
prot-198788--59,167,18,,,metadata,
prot-198788--59,167,19,,,metadata,
prot-198788--59,167,20,,,metadata,
prot-198788--59,167,21,,,metadata,
prot-198788--59,168,2,,,metadata,
prot-198788--59,168,3,,,metadata,
prot-198788--59,168,4,,,metadata,
prot-198788--59,168,5,,,metadata,
prot-198788--59,168,6,,,metadata,
prot-198788--59,168,7,,,metadata,
prot-198788--59,168,8,,,metadata,
prot-198788--59,168,9,,,metadata,
prot-198788--59,168,10,,,metadata,
prot-198788--59,168,11,,,metadata,
prot-198788--59,168,12,,,metadata,
prot-198788--59,168,13,,,metadata,
prot-198788--59,168,14,,,metadata,
prot-198788--59,168,16,,,metadata,
prot-198788--59,168,17,,,metadata,
prot-198788--59,168,18,,,metadata,
prot-198788--59,168,19,,,metadata,
prot-198788--59,168,20,,,metadata,
prot-198788--59,168,21,,,metadata,
prot-198788--59,168,22,,,metadata,
prot-198788--59,169,1,,,metadata,
prot-198788--59,169,2,,,metadata,
prot-198788--59,169,3,,,metadata,
prot-198788--59,169,4,,,metadata,
prot-198788--59,169,5,,,metadata,
prot-198788--59,169,6,,,metadata,
prot-198788--59,169,7,,,metadata,
prot-198788--59,169,8,,,metadata,
prot-198788--59,169,9,,,metadata,
prot-198788--59,169,10,,,metadata,
prot-198788--59,169,13,,,metadata,
prot-198788--59,169,14,,,metadata,
prot-198788--59,169,15,,,metadata,
prot-198788--59,169,16,,,metadata,
prot-198788--59,169,17,,,metadata,
prot-198788--59,169,18,,,metadata,
prot-198788--59,169,20,,,metadata,
prot-198788--59,170,2,,,metadata,
prot-198788--59,170,3,,,metadata,
prot-198788--59,170,4,,,metadata,
prot-198788--59,170,5,,,metadata,
prot-198788--59,170,6,,,metadata,
prot-198788--59,170,7,,,metadata,
prot-198788--59,170,8,,,metadata,
prot-198788--59,170,10,,,metadata,
prot-198788--59,170,11,,,metadata,
prot-198788--59,170,12,,,metadata,
prot-198788--59,170,13,,,metadata,
prot-198788--59,170,14,,,metadata,
prot-198788--59,170,15,,,metadata,
prot-198788--59,170,16,,,metadata,
prot-198788--59,170,17,,,metadata,
prot-198788--59,170,19,,,metadata,
prot-198788--59,170,20,,,metadata,
prot-198788--59,170,21,,,metadata,
prot-198788--59,171,1,,,metadata,
prot-198788--59,171,3,,,metadata,
prot-198788--59,171,4,,,metadata,
prot-198788--59,171,5,,,metadata,
prot-198788--59,171,6,,,metadata,
prot-198788--59,171,7,,,metadata,
prot-198788--59,171,8,,,metadata,
prot-198788--59,171,9,,,metadata,
prot-198788--59,171,10,,,metadata,
prot-198788--59,171,11,,,metadata,
prot-198788--59,171,12,,,metadata,
prot-198788--59,171,13,,,metadata,
prot-198788--59,171,14,,,metadata,
prot-198788--59,171,15,,,metadata,
prot-198788--59,171,16,,,metadata,
prot-198788--59,171,17,,,metadata,
prot-198788--59,171,18,,,metadata,
prot-198788--59,171,19,,,metadata,
prot-198788--59,171,20,,,metadata,
prot-198788--59,171,21,,,metadata,
prot-198788--59,172,1,,,metadata,
prot-198788--59,172,2,,,metadata,
prot-198788--59,172,4,,,metadata,
prot-198788--59,172,5,,,metadata,
prot-198788--59,172,6,,,metadata,
prot-198788--59,172,7,,,metadata,
prot-198788--59,172,8,,,metadata,
prot-198788--59,172,9,,,metadata,
prot-198788--59,172,10,,,metadata,
prot-198788--59,172,11,,,metadata,
prot-198788--59,172,12,,,metadata,
prot-198788--59,172,13,,,metadata,
prot-198788--59,172,14,,,metadata,
prot-198788--59,172,15,,,metadata,
prot-198788--59,172,16,,,metadata,
prot-198788--59,172,17,,,metadata,
prot-198788--59,172,19,,,metadata,
prot-198788--59,173,1,,,metadata,
prot-198788--59,173,2,,,metadata,
prot-198788--59,173,3,,,metadata,
prot-198788--59,173,4,,,metadata,
prot-198788--59,173,5,,,metadata,
prot-198788--59,173,6,,,metadata,
prot-198788--59,173,7,,,metadata,
prot-198788--59,173,8,,,metadata,
prot-198788--59,173,10,,,metadata,
prot-198788--59,173,11,,,metadata,
prot-198788--59,173,13,,,metadata,
prot-198788--59,173,14,,,metadata,
prot-198788--59,173,15,,,metadata,
prot-198788--59,173,16,,,metadata,
prot-198788--59,173,17,,,metadata,
prot-198788--59,173,18,,,metadata,
prot-198788--59,173,19,,,metadata,
prot-198788--59,173,20,,,metadata,
prot-198788--59,173,21,,,metadata,
prot-198788--59,174,2,,,metadata,
prot-198788--59,174,3,,,metadata,
prot-198788--59,174,5,,,metadata,
prot-198788--59,174,6,,,metadata,
prot-198788--59,174,7,,,metadata,
prot-198788--59,174,8,,,metadata,
prot-198788--59,174,9,,,metadata,
prot-198788--59,174,11,,,metadata,
prot-198788--59,174,12,,,metadata,
prot-198788--59,174,13,,,metadata,
prot-198788--59,174,14,,,metadata,
prot-198788--59,174,15,,,metadata,
prot-198788--59,174,16,,,metadata,
prot-198788--59,174,17,,,metadata,
prot-198788--59,174,18,,,metadata,
prot-198788--59,174,19,,,metadata,
prot-198788--59,174,20,,,metadata,
prot-198788--59,175,1,,,metadata,
prot-198788--59,175,2,,,metadata,
prot-198788--59,175,3,,,metadata,
prot-198788--59,175,4,,,metadata,
prot-198788--59,175,5,,,metadata,
prot-198788--59,175,6,,,metadata,
prot-198788--59,175,7,,,metadata,
prot-198788--59,175,8,,,metadata,
prot-198788--59,175,10,,,metadata,
prot-198788--59,175,11,,,metadata,
prot-198788--59,175,12,,,metadata,
prot-198788--59,175,13,,,metadata,
prot-198788--59,175,14,,,metadata,
prot-198788--59,175,15,,,metadata,
prot-198788--59,175,16,,,metadata,
prot-198788--59,175,17,,,metadata,
prot-198788--59,175,18,,,metadata,
prot-198788--59,175,19,,,metadata,
prot-198788--59,175,20,,,metadata,
prot-198788--59,176,1,,,metadata,
prot-198788--59,176,2,,,metadata,
prot-198788--59,176,3,,,metadata,
prot-198788--59,176,4,,,metadata,
prot-198788--59,176,5,,,metadata,
prot-198788--59,176,6,,,metadata,
prot-198788--59,176,7,,,metadata,
prot-198788--59,176,8,,,metadata,
prot-198788--59,176,10,,,metadata,
prot-198788--59,176,11,,,metadata,
prot-198788--59,176,12,,,metadata,
prot-198788--59,176,13,,,metadata,
prot-198788--59,176,14,,,metadata,
prot-198788--59,176,15,,,metadata,
prot-198788--59,176,16,,,metadata,
prot-198788--59,176,17,,,metadata,
prot-198788--59,176,18,,,metadata,
prot-198788--59,176,19,,,metadata,
prot-198788--59,176,20,,,metadata,
prot-198788--59,177,1,,,metadata,
prot-198788--59,177,2,,,metadata,
prot-198788--59,177,3,,,metadata,
prot-198788--59,177,4,,,metadata,
prot-198788--59,177,5,,,metadata,
prot-198788--59,177,6,,,metadata,
prot-198788--59,177,7,,,metadata,
prot-198788--59,177,8,,,metadata,
prot-198788--59,177,9,,,metadata,
prot-198788--59,177,10,,,metadata,
prot-198788--59,177,11,,,metadata,
prot-198788--59,177,12,,,metadata,
prot-198788--59,177,13,,,metadata,
prot-198788--59,177,15,,,metadata,
prot-198788--59,177,16,,36cdc1fd812d7973,speech_start,Ulla Tillander
prot-198788--59,178,3,,36cdc1fd812d7973,speech_start,Ylva Annerstedt
prot-198788--59,178,6,,,metadata,
prot-198788--59,178,8,,,metadata,
prot-198788--59,178,10,,,metadata,
prot-198788--59,179,1,,,metadata,
prot-198788--59,179,3,,,metadata,
prot-198788--59,179,6,,,metadata,
prot-198788--59,179,7,,,metadata,
prot-198788--59,179,8,,,metadata,
prot-198788--59,179,9,,,metadata,
prot-198788--59,180,0,,,metadata,
prot-198788--59,180,2,,,metadata,
prot-198788--59,180,3,,,metadata,
prot-198788--59,180,4,,,metadata,
prot-198788--59,180,5,,,metadata,
